ISO-10303-21;
HEADER;
FILE_DESCRIPTION (( 'STEP AP203' ),
    '1' );
FILE_NAME ('CSWP_18_24.STEP',
    '2026-08-03T12:58:07',
    ( '' ),
    ( '' ),
    'SwSTEP 2.0',
    'SolidWorks 2026',
    '' );
FILE_SCHEMA (( 'CONFIG_CONTROL_DESIGN' ));
ENDSEC;

DATA;
#1 = CARTESIAN_POINT ( 'NONE',  ( 41.48203226178139857, -7.299257923868325726, 23.69441385320690685 ) ) ;
#2 = CIRCLE ( 'NONE', #1741, 0.9999999999999997780 ) ;
#3 = LINE ( 'NONE', #1047, #1935 ) ;
#4 = ORIENTED_EDGE ( 'NONE', *, *, #1418, .T. ) ;
#5 = CARTESIAN_POINT ( 'NONE',  ( 39.57009562896676869, -12.02347363082601639, -0.1332097662164508922 ) ) ;
#6 = CARTESIAN_POINT ( 'NONE',  ( -43.79835839135317599, 0.6603588525362298345, 17.03298111502879308 ) ) ;
#7 = FACE_OUTER_BOUND ( 'NONE', #2019, .T. ) ;
#8 = CIRCLE ( 'NONE', #857, 2.750000000000011102 ) ;
#9 = DIRECTION ( 'NONE',  ( -1.000000000000000000, -0.000000000000000000, -0.000000000000000000 ) ) ;
#10 = CIRCLE ( 'NONE', #859, 8.000000000000001776 ) ;
#11 = CARTESIAN_POINT ( 'NONE',  ( -41.29631775164672547, 5.324061611019275553, 27.97556878387783286 ) ) ;
#12 = CARTESIAN_POINT ( 'NONE',  ( 43.04543317673652325, 1.621592120446271323, 26.74105548300642710 ) ) ;
#13 = CARTESIAN_POINT ( 'NONE',  ( 42.33096224781968431, 4.657743534073906844, 27.55977357900822611 ) ) ;
#14 = CARTESIAN_POINT ( 'NONE',  ( 9.679135403237808077, -1.439089029520997043, 7.064902580807621568 ) ) ;
#15 = ORIENTED_EDGE ( 'NONE', *, *, #990, .T. ) ;
#16 = CARTESIAN_POINT ( 'NONE',  ( -39.71698288541473687, 11.99999999999998934, -8.451334184671913012E-31 ) ) ;
#17 = EDGE_CURVE ( 'NONE', #1717, #1179, #154, .T. ) ;
#18 = DIRECTION ( 'NONE',  ( -1.000000000000000000, -0.000000000000000000, -0.000000000000000000 ) ) ;
#19 = FACE_OUTER_BOUND ( 'NONE', #2235, .T. ) ;
#20 = EDGE_CURVE ( 'NONE', #1501, #223, #739, .T. ) ;
#21 = CARTESIAN_POINT ( 'NONE',  ( 15.00000000000000000, -2.749999999999997780, -4.830749565598116640E-15 ) ) ;
#22 = EDGE_CURVE ( 'NONE', #199, #890, #818, .T. ) ;
#23 = CARTESIAN_POINT ( 'NONE',  ( -42.83092958815327478, -2.166728138405664694, 28.77466758078616138 ) ) ;
#24 = FACE_OUTER_BOUND ( 'NONE', #906, .T. ) ;
#25 = CARTESIAN_POINT ( 'NONE',  ( 41.98442404058756239, 5.607026002972703260, 27.72632750069769259 ) ) ;
#26 = B_SPLINE_CURVE_WITH_KNOTS ( 'NONE', 3,
 ( #1847, #683, #1442, #2226, #2011, #2443, #694, #2387, #2237, #867, #290, #125, #1628, #315, #1263, #279, #1084, #653, #1429, #464, #1859, #2038 ),
 .UNSPECIFIED., .F., .F.,
 ( 4, 2, 2, 2, 2, 2, 2, 2, 2, 2, 4 ),
 ( 0.01734820870276144664, 0.01789009741666845732, 0.01843198613057546453, 0.01951576355838948243, 0.02059954098620350033, 0.02168331841401752169, 0.02276709584183153959, 0.02330898455573855374, 0.02385087326964556789, 0.02493465069745959620, 0.02601842812527362450 ),
 .UNSPECIFIED. ) ;
#27 = DIRECTION ( 'NONE',  ( 0.000000000000000000, 0.9848265156523381414, 0.1735417358103668040 ) ) ;
#28 = VECTOR ( 'NONE', #1657, 1000.000000000000114 ) ;
#29 = ORIENTED_EDGE ( 'NONE', *, *, #332, .F. ) ;
#30 = CARTESIAN_POINT ( 'NONE',  ( -30.00000000000000000, -9.390616391195656831, 9.045606004393425437 ) ) ;
#31 = VERTEX_POINT ( 'NONE', #2029 ) ;
#32 = CARTESIAN_POINT ( 'NONE',  ( -30.00000000000000000, -2.694222958124177204E-15, 7.999999999999992895 ) ) ;
#33 = CARTESIAN_POINT ( 'NONE',  ( -43.56483118690013612, 2.510467457309192518, 17.66374654273080225 ) ) ;
#34 = CARTESIAN_POINT ( 'NONE',  ( 16.25728544734322156, 5.357454751862428921, 7.989320469875212716 ) ) ;
#35 = CARTESIAN_POINT ( 'NONE',  ( 28.99999999999999645, 9.390616391195656831, 9.045606004393427213 ) ) ;
#36 = CARTESIAN_POINT ( 'NONE',  ( -42.70050223879032103, -2.642124246960703804, 29.55582467532100210 ) ) ;
#37 = CYLINDRICAL_SURFACE ( 'NONE', #1430, 15.00000000000000000 ) ;
#38 = CARTESIAN_POINT ( 'NONE',  ( 42.70983284727611107, 2.989970808548135128, 28.50266942549582438 ) ) ;
#39 = CARTESIAN_POINT ( 'NONE',  ( 15.00000000000000000, 2.750000000000000444, -3.842867814285918832E-15 ) ) ;
#40 = ORIENTED_EDGE ( 'NONE', *, *, #1633, .T. ) ;
#41 = DIRECTION ( 'NONE',  ( 0.000000000000000000, -0.1735417358103660268, -0.9848265156523383634 ) ) ;
#42 = DIRECTION ( 'NONE',  ( -0.000000000000000000, 0.1735417358103659990, 0.9848265156523382524 ) ) ;
#43 = DIRECTION ( 'NONE',  ( -0.000000000000000000, -1.796148638749451749E-16, 1.000000000000000000 ) ) ;
#44 = CARTESIAN_POINT ( 'NONE',  ( -15.73011818249615068, -5.463267775731408982, 8.030085116019133551 ) ) ;
#45 = CARTESIAN_POINT ( 'NONE',  ( -29.45509464711791381, -10.09607316970850555, 10.80453423827636783 ) ) ;
#46 = CARTESIAN_POINT ( 'NONE',  ( -42.94930138911236384, 0.8939753037248495682, 29.03192405823951106 ) ) ;
#47 = CARTESIAN_POINT ( 'NONE',  ( -29.38726478808702680, -8.815263942898457827, 9.956532811037313024 ) ) ;
#48 = CARTESIAN_POINT ( 'NONE',  ( 42.51030782333265279, 3.948875739061972201, 28.02464501916793083 ) ) ;
#49 = CARTESIAN_POINT ( 'NONE',  ( -13.22037181061007338, -5.207271550764210666, 7.932750467109795700 ) ) ;
#50 = ORIENTED_EDGE ( 'NONE', *, *, #1633, .F. ) ;
#51 = CARTESIAN_POINT ( 'NONE',  ( -40.10986826735657473, 10.71220821263089640, 7.308048942337793008 ) ) ;
#52 = ORIENTED_EDGE ( 'NONE', *, *, #2071, .F. ) ;
#53 = CARTESIAN_POINT ( 'NONE',  ( -29.68542882050016374, 10.35303606702832724, 9.346303607830328986 ) ) ;
#54 = CARTESIAN_POINT ( 'NONE',  ( -43.61984329834935892, 2.224954373089460979, 17.51041818139148631 ) ) ;
#55 = CARTESIAN_POINT ( 'NONE',  ( 20.31378275663507083, 1.430514950666724072, 7.067355997409822344 ) ) ;
#56 = CARTESIAN_POINT ( 'NONE',  ( -29.62902667802277890, -10.07790698603811919, 10.90762494025050522 ) ) ;
#57 = CARTESIAN_POINT ( 'NONE',  ( -41.81808097268704216, -2.533137127377348641, 29.59192517388999732 ) ) ;
#58 = CARTESIAN_POINT ( 'NONE',  ( -29.85442537811813324, -8.882386110487153985, 10.49416135924271209 ) ) ;
#59 = CARTESIAN_POINT ( 'NONE',  ( 42.90061838454725773, 1.523410664235422596, 28.92703067202559808 ) ) ;
#60 = CARTESIAN_POINT ( 'NONE',  ( -12.24071661152528634, -4.771424586065956319, 7.777556932499054554 ) ) ;
#61 = EDGE_CURVE ( 'NONE', #323, #343, #1888, .T. ) ;
#62 = ORIENTED_EDGE ( 'NONE', *, *, #1056, .T. ) ;
#63 = DIRECTION ( 'NONE',  ( 0.000000000000000000, 0.1735417358103664986, 0.9848265156523381414 ) ) ;
#64 = ORIENTED_EDGE ( 'NONE', *, *, #748, .F. ) ;
#65 = CARTESIAN_POINT ( 'NONE',  ( 40.59916497296244131, -7.878612125218710460, 23.38833388648292910 ) ) ;
#66 = CIRCLE ( 'NONE', #429, 1.000000000000000000 ) ;
#67 = APPROVAL ( #729, 'UNSPECIFIED' ) ;
#68 = LINE ( 'NONE', #2386, #216 ) ;
#69 = CARTESIAN_POINT ( 'NONE',  ( -15.00000000000000000, -5.499999999999994671, 8.044714263047128000 ) ) ;
#70 = CONICAL_SURFACE ( 'NONE', #115, 16.90000000000000568, 0.06981317007977333455 ) ;
#71 = CARTESIAN_POINT ( 'NONE',  ( -30.06000830626368625, -10.32090274418718323, 9.528655986767901709 ) ) ;
#72 = DATE_AND_TIME ( #269, #1361 ) ;
#73 = CARTESIAN_POINT ( 'NONE',  ( -41.96968055555699095, 2.350408089652989318E-11, 29.99999999999999289 ) ) ;
#74 = CARTESIAN_POINT ( 'NONE',  ( 30.28274235322625429, 10.28963406170093897, 9.706101645463036220 ) ) ;
#75 = CARTESIAN_POINT ( 'NONE',  ( 31.00000000000000000, 6.893785609566364769, 23.21479215067256519 ) ) ;
#76 = CARTESIAN_POINT ( 'NONE',  ( -40.59916497296238447, 7.878612125218703355, 23.38833388648293266 ) ) ;
#77 = ORIENTED_EDGE ( 'NONE', *, *, #1683, .F. ) ;
#78 = CARTESIAN_POINT ( 'NONE',  ( -40.86166016176242266, -10.25650984027179291, 7.754328332336397622 ) ) ;
#79 = AXIS2_PLACEMENT_3D ( 'NONE', #1780, #252, #1604 ) ;
#80 = CARTESIAN_POINT ( 'NONE',  ( 29.57926740718652425, 8.832502699247790190, 10.10197659222392019 ) ) ;
#81 = DIRECTION ( 'NONE',  ( 0.000000000000000000, 0.000000000000000000, 1.000000000000000000 ) ) ;
#82 = CARTESIAN_POINT ( 'NONE',  ( -28.99999999999999645, -10.37544290684799719, 9.219147740203792907 ) ) ;
#83 = EDGE_CURVE ( 'NONE', #1774, #1231, #2471, .T. ) ;
#84 = CARTESIAN_POINT ( 'NONE',  ( -41.23111175115093374, -7.684932789822570776, 24.26929110689507851 ) ) ;
#85 = CARTESIAN_POINT ( 'NONE',  ( -15.00000000000000000, 5.499999999999994671, 8.044714263047129776 ) ) ;
#86 = CARTESIAN_POINT ( 'NONE',  ( 42.59147854453154025, -4.754046392912945507, 23.58398705850063592 ) ) ;
#87 = CARTESIAN_POINT ( 'NONE',  ( -10.98820566538380028, -3.766578503520033205, 7.480020527028804267 ) ) ;
#88 = CIRCLE ( 'NONE', #657, 1.000000000000000000 ) ;
#89 = CARTESIAN_POINT ( 'NONE',  ( -40.61613539679479601, 10.97280110788782359, 3.875032693919967297 ) ) ;
#90 = VERTEX_POINT ( 'NONE', #1088 ) ;
#91 = VECTOR ( 'NONE', #18, 1000.000000000000000 ) ;
#92 = CARTESIAN_POINT ( 'NONE',  ( -15.00000000000000000, 2.750000000000011990, 3.299999999999990941 ) ) ;
#93 = ORIENTED_EDGE ( 'NONE', *, *, #1915, .T. ) ;
#94 = DIRECTION ( 'NONE',  ( -1.000000000000000000, 0.000000000000000000, 0.000000000000000000 ) ) ;
#95 = CARTESIAN_POINT ( 'NONE',  ( 31.00000000000000355, -7.878612125218710460, 23.38833388648292910 ) ) ;
#96 = CARTESIAN_POINT ( 'NONE',  ( 41.48241005833216377, -7.296176168767476433, 23.71096728108902596 ) ) ;
#97 = EDGE_CURVE ( 'NONE', #1179, #2106, #255, .T. ) ;
#98 = CARTESIAN_POINT ( 'NONE',  ( -40.72118604281256182, -7.346954935780210860, 25.20093334366832849 ) ) ;
#99 = CARTESIAN_POINT ( 'NONE',  ( 31.00000000000000000, -9.982693850819460479, 11.44794695422676689 ) ) ;
#100 = ADVANCED_FACE ( 'NONE', ( #101 ), #911, .T. ) ;
#101 = FACE_OUTER_BOUND ( 'NONE', #1145, .T. ) ;
#102 = CARTESIAN_POINT ( 'NONE',  ( 43.02571404473338390, -4.325001870556492101, 19.47027869959694968 ) ) ;
#103 = DIRECTION ( 'NONE',  ( -0.000000000000000000, -1.796148638749451749E-16, 1.000000000000000000 ) ) ;
#104 = VERTEX_POINT ( 'NONE', #2068 ) ;
#105 = CARTESIAN_POINT ( 'NONE',  ( 29.27959929983185816, 10.37258924790082304, 9.235341879237140006 ) ) ;
#106 = ORIENTED_EDGE ( 'NONE', *, *, #242, .T. ) ;
#107 = CARTESIAN_POINT ( 'NONE',  ( 40.72291776398554219, -7.345425872656238475, 25.17791445124404959 ) ) ;
#108 = ORIENTED_EDGE ( 'NONE', *, *, #483, .F. ) ;
#109 = CARTESIAN_POINT ( 'NONE',  ( 40.45859742205888665, 9.307732990816704799, 15.27826102164264377 ) ) ;
#110 = CARTESIAN_POINT ( 'NONE',  ( 41.47267793220208887, -7.375562678770764435, 23.28454862441667572 ) ) ;
#111 = CARTESIAN_POINT ( 'NONE',  ( 15.00000000000000000, 5.499999999999994671, 8.044714263047129776 ) ) ;
#112 = PERSON_AND_ORGANIZATION ( #1841, #771 ) ;
#113 = CARTESIAN_POINT ( 'NONE',  ( -13.04997503150812399, 5.145831081317913558, 7.910081656561724905 ) ) ;
#114 = EDGE_CURVE ( 'NONE', #1359, #360, #2219, .T. ) ;
#115 = AXIS2_PLACEMENT_3D ( 'NONE', #2438, #1897, #1489 ) ;
#116 = CARTESIAN_POINT ( 'NONE',  ( 15.00000000000000000, 1.257304047124615608E-15, -4.336808689942017736E-15 ) ) ;
#117 = CARTESIAN_POINT ( 'NONE',  ( 29.27954996526862175, 10.37259025366339671, 9.235336171666887140 ) ) ;
#118 = EDGE_CURVE ( 'NONE', #1231, #1638, #1147, .T. ) ;
#119 = VERTEX_POINT ( 'NONE', #1497 ) ;
#120 = CARTESIAN_POINT ( 'NONE',  ( 29.62902667802254442, 10.07790698603822932, 10.90762494025062779 ) ) ;
#121 = ORIENTED_EDGE ( 'NONE', *, *, #22, .F. ) ;
#122 = CARTESIAN_POINT ( 'NONE',  ( -30.55049328668440012, -10.23377986559090580, 10.02306685894755844 ) ) ;
#123 = ORIENTED_EDGE ( 'NONE', *, *, #918, .F. ) ;
#124 = DIRECTION ( 'NONE',  ( -0.000000000000000000, -1.796148638749451749E-16, 1.000000000000000000 ) ) ;
#125 = CARTESIAN_POINT ( 'NONE',  ( -18.63320387365772035, 4.144762000106210209, 7.581603318133044667 ) ) ;
#126 = CARTESIAN_POINT ( 'NONE',  ( 43.61984329834937313, 2.224954373089464532, 17.51041818139148631 ) ) ;
#127 = CIRCLE ( 'NONE', #2268, 0.9999999999999997780 ) ;
#128 = APPROVAL_DATE_TIME ( #1861, #150 ) ;
#129 = CARTESIAN_POINT ( 'NONE',  ( -11.63774192348284942, 4.367372790794492587, 7.648341697005217377 ) ) ;
#130 = VERTEX_POINT ( 'NONE', #1661 ) ;
#131 = CARTESIAN_POINT ( 'NONE',  ( 42.75396324727169173, -3.778674184922143464, 25.29087007272174148 ) ) ;
#132 = CARTESIAN_POINT ( 'NONE',  ( 30.00000000000000000, 8.968584414006643968, 11.09184695573704182 ) ) ;
#133 = ORIENTED_EDGE ( 'NONE', *, *, #824, .T. ) ;
#134 = CARTESIAN_POINT ( 'NONE',  ( 39.57973408740611632, 12.00000000000000178, 0.000000000000000000 ) ) ;
#135 = CIRCLE ( 'NONE', #700, 8.000000000000001776 ) ;
#136 = AXIS2_PLACEMENT_3D ( 'NONE', #1731, #1719, #1520 ) ;
#137 = VERTEX_POINT ( 'NONE', #2433 ) ;
#138 = CARTESIAN_POINT ( 'NONE',  ( -40.72062730090106442, -7.348909031037054618, 25.19629555403512811 ) ) ;
#139 = CARTESIAN_POINT ( 'NONE',  ( 41.47267793220208887, -7.375562678770764435, 23.28454862441667572 ) ) ;
#140 = CARTESIAN_POINT ( 'NONE',  ( -42.11629952679596300, 5.394332249654334888, 26.94870467952011595 ) ) ;
#141 = ORIENTED_EDGE ( 'NONE', *, *, #626, .T. ) ;
#142 = FACE_OUTER_BOUND ( 'NONE', #1995, .T. ) ;
#143 = CARTESIAN_POINT ( 'NONE',  ( -41.47267793220207466, 7.375562678770756442, 23.28454862441668993 ) ) ;
#144 = EDGE_LOOP ( 'NONE', ( #396, #484, #2263, #263 ) ) ;
#145 = CARTESIAN_POINT ( 'NONE',  ( 41.90808558331753630, 1.625581477728397672, 29.83660128614581808 ) ) ;
#146 = EDGE_CURVE ( 'NONE', #1314, #2327, #2153, .T. ) ;
#147 = VERTEX_POINT ( 'NONE', #320 ) ;
#148 = CARTESIAN_POINT ( 'NONE',  ( -41.96968055555751675, -0.4688499776815285847, 30.00000000000137490 ) ) ;
#149 = ADVANCED_FACE ( 'NONE', ( #1154 ), #2321, .F. ) ;
#150 = APPROVAL ( #2026, 'UNSPECIFIED' ) ;
#151 = CALENDAR_DATE ( 2026, 3, 8 ) ;
#152 = CARTESIAN_POINT ( 'NONE',  ( -42.96711433834698113, 0.4336986666623372511, 29.06947993907321504 ) ) ;
#153 = DIRECTION ( 'NONE',  ( 0.000000000000000000, -1.000000000000000000, -1.577021341797098793E-16 ) ) ;
#154 = LINE ( 'NONE', #494, #2035 ) ;
#155 = CC_DESIGN_APPROVAL ( #67, ( #1080 ) ) ;
#156 = CARTESIAN_POINT ( 'NONE',  ( -41.48203226178115699, 7.299257923868704090, 23.69441385320703475 ) ) ;
#157 = CARTESIAN_POINT ( 'NONE',  ( 29.55795432591912686, -10.36396709870588495, 9.284271441393686430 ) ) ;
#158 = CARTESIAN_POINT ( 'NONE',  ( 42.58684330945920493, -3.318965742046066758, 29.29589102006487877 ) ) ;
#159 = ORIENTED_EDGE ( 'NONE', *, *, #1784, .T. ) ;
#160 = CARTESIAN_POINT ( 'NONE',  ( 41.38266777999932344, 4.969162229595818658, 28.27377550032695908 ) ) ;
#161 = VERTEX_POINT ( 'NONE', #2310 ) ;
#162 = CARTESIAN_POINT ( 'NONE',  ( -42.78358897223429835, -4.821624859338786706, 20.66638497331455682 ) ) ;
#163 = APPROVAL_STATUS ( 'not_yet_approved' ) ;
#164 = CARTESIAN_POINT ( 'NONE',  ( -29.85532390085917243, 8.882702953268037049, 10.49649401440665919 ) ) ;
#165 = ADVANCED_FACE ( 'NONE', ( #947 ), #746, .T. ) ;
#166 = CARTESIAN_POINT ( 'NONE',  ( 40.45887284255744731, 9.304932848902954134, 15.29415145855324631 ) ) ;
#167 = CARTESIAN_POINT ( 'NONE',  ( 16.43345529971264440, -5.312999096517458497, 7.972340643414432826 ) ) ;
#168 = CARTESIAN_POINT ( 'NONE',  ( -40.81352263996218710, 7.037740004413286066, 25.81111065403818117 ) ) ;
#169 = CARTESIAN_POINT ( 'NONE',  ( 42.87260305134277871, 3.062968054769132475, 25.96552493811116236 ) ) ;
#170 = CARTESIAN_POINT ( 'NONE',  ( 41.47267793220209597, -7.375562678770762659, 23.28454862441668638 ) ) ;
#171 = VERTEX_POINT ( 'NONE', #400 ) ;
#172 = CARTESIAN_POINT ( 'NONE',  ( -31.00000000000000000, -9.982693850819460479, 11.44794695422676689 ) ) ;
#173 = ORIENTED_EDGE ( 'NONE', *, *, #2337, .F. ) ;
#174 = FACE_OUTER_BOUND ( 'NONE', #1439, .T. ) ;
#175 = AXIS2_PLACEMENT_3D ( 'NONE', #1378, #2150, #2202 ) ;
#176 = CARTESIAN_POINT ( 'NONE',  ( -43.81124419696029548, -2.081899558550501068E-15, 16.99999999999998934 ) ) ;
#177 = LINE ( 'NONE', #191, #970 ) ;
#178 = EDGE_CURVE ( 'NONE', #1060, #2504, #88, .T. ) ;
#179 = CARTESIAN_POINT ( 'NONE',  ( 31.00000000000000000, -2.694222958124177204E-15, 21.99999999999999289 ) ) ;
#180 = CARTESIAN_POINT ( 'NONE',  ( -42.04870815102389514, 5.602686877915031616, 26.72579464332441290 ) ) ;
#181 = ADVANCED_FACE ( 'NONE', ( #2091 ), #770, .F. ) ;
#182 = CARTESIAN_POINT ( 'NONE',  ( 29.28424179082821865, -10.37544290788000723, 9.219147734347263423 ) ) ;
#183 = EDGE_CURVE ( 'NONE', #1050, #666, #2330, .T. ) ;
#184 = EDGE_CURVE ( 'NONE', #104, #2063, #2463, .T. ) ;
#185 = CARTESIAN_POINT ( 'NONE',  ( 41.29631775164673968, -5.324061611019185847, 27.97556878387791812 ) ) ;
#186 = EDGE_LOOP ( 'NONE', ( #1909, #2343, #2210, #2283 ) ) ;
#187 = CARTESIAN_POINT ( 'NONE',  ( 10.05990067210278838, -2.444134317686507352, 7.196694839253259701 ) ) ;
#188 = ORIENTED_EDGE ( 'NONE', *, *, #1977, .T. ) ;
#189 = CARTESIAN_POINT ( 'NONE',  ( -42.58879366188283200, -4.971755792683969055, 22.62411718562132634 ) ) ;
#190 = CARTESIAN_POINT ( 'NONE',  ( -29.58778307363275673, 8.831621896781255643, 10.09539838610003315 ) ) ;
#191 = CARTESIAN_POINT ( 'NONE',  ( 45.00000000000000000, -7.878612125218710460, 23.38833388648292910 ) ) ;
#192 = CARTESIAN_POINT ( 'NONE',  ( 45.00000000000000000, -2.694222958124177204E-15, 21.99999999999999289 ) ) ;
#193 = CARTESIAN_POINT ( 'NONE',  ( 15.00000000000000000, 2.750000000000010658, 3.299999999999990941 ) ) ;
#194 = FACE_OUTER_BOUND ( 'NONE', #1665, .T. ) ;
#195 = VECTOR ( 'NONE', #2221, 1000.000000000000000 ) ;
#196 = CARTESIAN_POINT ( 'NONE',  ( 41.50814934304361969, -4.419883524256891683, 28.68410626637738403 ) ) ;
#197 = CARTESIAN_POINT ( 'NONE',  ( 15.00000000000000000, -5.499999999999994671, 8.044714263047128000 ) ) ;
#198 = AXIS2_PLACEMENT_3D ( 'NONE', #384, #2130, #1347 ) ;
#199 = VERTEX_POINT ( 'NONE', #1757 ) ;
#200 = DIRECTION ( 'NONE',  ( 0.000000000000000000, -1.000000000000000000, -1.577021341797090904E-16 ) ) ;
#201 =( GEOMETRIC_REPRESENTATION_CONTEXT ( 3 ) GLOBAL_UNCERTAINTY_ASSIGNED_CONTEXT ( ( #2358 ) ) GLOBAL_UNIT_ASSIGNED_CONTEXT ( ( #2042, #655, #492 ) ) REPRESENTATION_CONTEXT ( 'NONE', 'WORKASPACE' ) );
#202 = B_SPLINE_CURVE_WITH_KNOTS ( 'NONE', 3,
 ( #1767, #627, #6, #1376, #1791, #54, #33, #1556, #1161, #829, #991, #2372, #639, #790, #398, #1566, #2319, #588, #1936, #1578, #1362, #599, #2345, #1389, #2163, #423, #1440, #489, #1428, #1998, #1068, #314, #502, #1277, #1627, #1262, #1041, #1846, #2037, #2236 ),
 .UNSPECIFIED., .F., .F.,
 ( 4, 2, 2, 2, 2, 2, 2, 2, 2, 2, 2, 2, 2, 2, 2, 2, 2, 2, 2, 4 ),
 ( 3.351699554185254266E-18, 0.0009849630116795606884, 0.001969926023359118341, 0.002954889035038675126, 0.003939852046718231478, 0.004924815058397788263, 0.005909778070077345048, 0.006402259575917118237, 0.006894741081756891425, 0.007879704093436435200, 0.008864667105115979842, 0.009849630116795521015, 0.01083459312847506566, 0.01132707463431483798, 0.01181955614015460856, 0.01280451915183416188, 0.01378948216351371346, 0.01477444517519326504, 0.01526692668103304257, 0.01575940818687281836 ),
 .UNSPECIFIED. ) ;
#203 = CARTESIAN_POINT ( 'NONE',  ( 45.00000000000000000, 7.878612125218703355, 23.38833388648293266 ) ) ;
#204 = DIRECTION ( 'NONE',  ( 3.010469231720080170E-16, 0.1735417358103668040, 0.9848265156523382524 ) ) ;
#205 = DIRECTION ( 'NONE',  ( 1.000000000000000000, 0.000000000000000000, 0.000000000000000000 ) ) ;
#206 = CARTESIAN_POINT ( 'NONE',  ( -42.14319785940757868, -5.093510430423093815, 28.17532813955100934 ) ) ;
#207 = CARTESIAN_POINT ( 'NONE',  ( 29.53216828607815714, -8.825910214781456986, 10.04746950967850871 ) ) ;
#208 = CARTESIAN_POINT ( 'NONE',  ( 41.98138079464106909, -5.608485927693141804, 27.71158636452156543 ) ) ;
#209 = AXIS2_PLACEMENT_3D ( 'NONE', #1744, #2277, #543 ) ;
#210 = DIRECTION ( 'NONE',  ( -0.000000000000000000, -1.796148638749451749E-16, 1.000000000000000000 ) ) ;
#211 = ORIENTED_EDGE ( 'NONE', *, *, #1023, .F. ) ;
#212 = CARTESIAN_POINT ( 'NONE',  ( -15.00000000000000000, 6.645749963372974748E-16, 3.299999999999990496 ) ) ;
#213 = CARTESIAN_POINT ( 'NONE',  ( -29.16305741493459536, 8.805248044722073786, 9.869025931364747706 ) ) ;
#214 = CARTESIAN_POINT ( 'NONE',  ( 19.14129674428938799, 3.636878725671793156, 7.445230676026308281 ) ) ;
#215 = CARTESIAN_POINT ( 'NONE',  ( 18.63435502714953174, -4.143415639588247323, 7.581269927197090475 ) ) ;
#216 = VECTOR ( 'NONE', #1669, 1000.000000000000000 ) ;
#217 = CARTESIAN_POINT ( 'NONE',  ( -42.79728784147153675, 1.959574464632792168, 29.77202834795134834 ) ) ;
#218 = CARTESIAN_POINT ( 'NONE',  ( -30.00000000000000000, -2.694222958124177204E-15, 21.99999999999999289 ) ) ;
#219 = CARTESIAN_POINT ( 'NONE',  ( 41.84594667080820329, -2.321778603808494879, 29.66981691845560221 ) ) ;
#220 = FACE_OUTER_BOUND ( 'NONE', #955, .T. ) ;
#221 = ORIENTED_EDGE ( 'NONE', *, *, #2370, .T. ) ;
#222 = CARTESIAN_POINT ( 'NONE',  ( -15.00000000000000000, 6.645749963372974748E-16, 3.299999999999990496 ) ) ;
#223 = VERTEX_POINT ( 'NONE', #21 ) ;
#224 = DIRECTION ( 'NONE',  ( -0.000000000000000000, -1.796148638749451749E-16, 1.000000000000000000 ) ) ;
#225 = B_SPLINE_CURVE_WITH_KNOTS ( 'NONE', 3,
 ( #2402, #1805, #450, #667, #463, #1247 ),
 .UNSPECIFIED., .F., .F.,
 ( 4, 2, 4 ),
 ( 0.000000000000000000, 0.0004047641311979742538, 0.0008095282623959485077 ),
 .UNSPECIFIED. ) ;
#226 = CARTESIAN_POINT ( 'NONE',  ( -29.08146221000373899, 8.803702866745929612, 9.855255629118822469 ) ) ;
#227 = LINE ( 'NONE', #451, #728 ) ;
#228 = CARTESIAN_POINT ( 'NONE',  ( -29.09731957097513799, -10.10233204712014476, 10.76901593252427602 ) ) ;
#229 = CARTESIAN_POINT ( 'NONE',  ( -42.49960262209413031, -3.736146760069959161, 29.09151194880790570 ) ) ;
#230 = CARTESIAN_POINT ( 'NONE',  ( -29.62881842613040106, 10.08028513916629798, 10.89412923417017431 ) ) ;
#231 = CARTESIAN_POINT ( 'NONE',  ( 41.40846342154414117, 7.189982853888895242, 25.53707712912874683 ) ) ;
#232 = CARTESIAN_POINT ( 'NONE',  ( 10.85619862477752662, -3.634038478836015162, 7.444516543981884560 ) ) ;
#233 = ORIENTED_EDGE ( 'NONE', *, *, #626, .F. ) ;
#234 = FACE_OUTER_BOUND ( 'NONE', #1412, .T. ) ;
#235 = VERTEX_POINT ( 'NONE', #1329 ) ;
#236 = DIRECTION ( 'NONE',  ( 1.000000000000000000, 0.000000000000000000, 0.000000000000000000 ) ) ;
#237 = CIRCLE ( 'NONE', #1408, 5.499999999999994671 ) ;
#238 = DIRECTION ( 'NONE',  ( -1.000000000000000000, -0.000000000000000000, -0.000000000000000000 ) ) ;
#239 = CARTESIAN_POINT ( 'NONE',  ( 20.14650873861269886, 1.948364187335225983, 7.126120741297098604 ) ) ;
#240 = CARTESIAN_POINT ( 'NONE',  ( -29.28761033036256478, -10.10599795659880407, 10.74821237860244061 ) ) ;
#241 = CARTESIAN_POINT ( 'NONE',  ( -42.88000818922009927, 0.9992140390405268580, 29.95262619273013982 ) ) ;
#242 = EDGE_CURVE ( 'NONE', #498, #1655, #2439, .T. ) ;
#243 = CARTESIAN_POINT ( 'NONE',  ( -28.99999999999999645, -8.803702866745927835, 9.855255629118834904 ) ) ;
#244 =( BOUNDED_SURFACE ( )  B_SPLINE_SURFACE ( 3, 2, ( 
 ( #571, #1344, #1156 ),
 ( #1524, #1129, #2126 ),
 ( #1905, #1309, #1919 ),
 ( #1929, #2291, #1735 ),
 ( #1115, #2510, #392 ),
 ( #1165, #2103, #773 ),
 ( #207, #973, #1747 ),
 ( #1499, #1891, #157 ),
 ( #1143, #927, #182 ),
 ( #949, #2497, #1723 ) ),
 .UNSPECIFIED., .F., .F., .F. ) 
 B_SPLINE_SURFACE_WITH_KNOTS ( ( 4, 2, 2, 2, 4 ),
 ( 3, 3 ),
 ( 0.001921259831392410460, 0.002756039637177513935, 0.003590819442962616976, 0.004425599248747720017, 0.005260379054532823492 ),
 ( 0.000000000000000000, 1.000000000000000000 ),
 .UNSPECIFIED. ) 
 GEOMETRIC_REPRESENTATION_ITEM ( )  RATIONAL_B_SPLINE_SURFACE ( (
 ( 1.000000000000000000, 0.7071067811865471286, 1.000000000000000000),
 ( 1.000000000000000000, 0.6855201577668712520, 1.000000000000000000),
 ( 1.000000000000000000, 0.6644220988157514274, 1.000000000000000000),
 ( 1.000000000000000000, 0.6231547907675367703, 1.000000000000000000),
 ( 1.000000000000000000, 0.6041106285042483481, 1.000000000000000000),
 ( 1.000000000000000000, 0.5699807612020721947, 1.000000000000000000),
 ( 1.000000000000000000, 0.5558462508409717229, 1.000000000000000000),
 ( 1.000000000000000000, 0.5357169156049531589, 1.000000000000000000),
 ( 1.000000000000000000, 0.5303687790266244928, 1.000000000000000000),
 ( 1.000000000000000000, 0.5303300858899111514, 1.000000000000000000) ) ) 
 REPRESENTATION_ITEM ( '' )  SURFACE ( )  );
#245 = CARTESIAN_POINT ( 'NONE',  ( 41.87694548561850638, 5.922753599957673920, 27.39966416579314057 ) ) ;
#246 = CC_DESIGN_PERSON_AND_ORGANIZATION_ASSIGNMENT ( #112, #1444, ( #2203 ) ) ;
#247 = DIRECTION ( 'NONE',  ( 0.000000000000000000, 0.000000000000000000, 1.000000000000000000 ) ) ;
#248 = EDGE_LOOP ( 'NONE', ( #2212, #1324, #173, #976 ) ) ;
#249 = CARTESIAN_POINT ( 'NONE',  ( -40.59326595214824351, -10.69345278667241139, 7.414483516514332351 ) ) ;
#250 = LINE ( 'NONE', #1777, #2015 ) ;
#251 = CARTESIAN_POINT ( 'NONE',  ( 45.00000000000000000, -2.694222958124177204E-15, 26.99999999999999289 ) ) ;
#252 = DIRECTION ( 'NONE',  ( -0.000000000000000000, 0.9848265156523381414, 0.1735417358103663044 ) ) ;
#253 = CARTESIAN_POINT ( 'NONE',  ( -30.63033650488090132, -10.21333786783411668, 10.13907250640628099 ) ) ;
#254 = CARTESIAN_POINT ( 'NONE',  ( -42.96738290593168585, -0.4357382845716182285, 29.07005006075587872 ) ) ;
#255 = CIRCLE ( 'NONE', #1387, 8.000000000000001776 ) ;
#256 = CARTESIAN_POINT ( 'NONE',  ( -30.00000000000000000, -2.694222958124177204E-15, 21.99999999999999289 ) ) ;
#257 = VECTOR ( 'NONE', #2056, 1000.000000000000000 ) ;
#258 = EDGE_CURVE ( 'NONE', #171, #1179, #135, .T. ) ;
#259 = CARTESIAN_POINT ( 'NONE',  ( 41.95311943548462352, -0.9531338242622295898, 29.95676295419507795 ) ) ;
#260 = CARTESIAN_POINT ( 'NONE',  ( -10.06325582225068516, -2.451202397004929256, 7.197823558451685422 ) ) ;
#261 = EDGE_LOOP ( 'NONE', ( #1207, #2197, #123, #712 ) ) ;
#262 = CARTESIAN_POINT ( 'NONE',  ( -30.00000000000000000, -2.694222958124177204E-15, 6.999999999999992006 ) ) ;
#263 = ORIENTED_EDGE ( 'NONE', *, *, #2353, .F. ) ;
#264 = CARTESIAN_POINT ( 'NONE',  ( 12.55544038073660751, 4.930145798495088272, 7.833076719689505474 ) ) ;
#265 = CARTESIAN_POINT ( 'NONE',  ( -30.00000000000000000, 8.803702866745927835, 9.855255629118838456 ) ) ;
#266 = DIRECTION ( 'NONE',  ( 0.000000000000000000, 0.000000000000000000, -1.000000000000000000 ) ) ;
#267 = CARTESIAN_POINT ( 'NONE',  ( -28.99999999999999645, -10.09801726444474035, 10.79350175645702947 ) ) ;
#268 = B_SPLINE_CURVE_WITH_KNOTS ( 'NONE', 3,
 ( #905, #1119, #2086, #145, #915, #348, #1334, #1104, #1716, #1667, #548, #1690, #160, #1299, #1881, #524, #2464, #1323, #1133, #2246, #2488, #1680 ),
 .UNSPECIFIED., .F., .F.,
 ( 4, 2, 2, 2, 2, 2, 2, 2, 2, 2, 4 ),
 ( 0.01121541819415609008, 0.01261603517659980536, 0.01331634366782166040, 0.01401665215904351718, 0.01541726914148722899, 0.01611757763270908750, 0.01681788612393094948, 0.01821850310637465956, 0.01961912008881836963, 0.02101973707126207971, 0.02242035405370578979 ),
 .UNSPECIFIED. ) ;
#269 = CALENDAR_DATE ( 2026, 3, 8 ) ;
#270 = CARTESIAN_POINT ( 'NONE',  ( -30.06433657060509290, 10.32049253363397234, 9.530983877680798244 ) ) ;
#271 = CARTESIAN_POINT ( 'NONE',  ( 42.90202166457832789, -0.5001741630010491102, 29.99962593096650920 ) ) ;
#272 = CARTESIAN_POINT ( 'NONE',  ( -10.23266494032928797, -2.766069967782273764, 7.254104676490003456 ) ) ;
#273 = B_SPLINE_CURVE_WITH_KNOTS ( 'NONE', 3,
 ( #1223, #1985, #1999, #34, #2373, #1792, #1402, #980, #992, #1017, #2320, #1962, #1172, #214, #399, #2332, #2136, #239, #1210, #55, #804, #791, #1948, #830 ),
 .UNSPECIFIED., .F., .F.,
 ( 4, 2, 2, 2, 2, 2, 2, 2, 2, 2, 2, 4 ),
 ( 0.02601842812527363491, 0.02710270004844382574, 0.02764483601002892116, 0.02818697197161401657, 0.02872910793319911199, 0.02927124389478421088, 0.03035551581795439477, 0.03143978774112457519, 0.03252405966429475909, 0.03306619562587984756, 0.03360833158746494298, 0.03469260351063511993 ),
 .UNSPECIFIED. ) ;
#274 = ORIENTED_EDGE ( 'NONE', *, *, #146, .F. ) ;
#275 = LINE ( 'NONE', #407, #1284 ) ;
#276 = CARTESIAN_POINT ( 'NONE',  ( 9.508871518073700457, 0.3612229481424248934, 7.003259869170832985 ) ) ;
#277 = AXIS2_PLACEMENT_3D ( 'NONE', #1357, #1321, #750 ) ;
#278 = CARTESIAN_POINT ( 'NONE',  ( 29.08155040875082875, 8.803702866745924283, 9.855255629118838456 ) ) ;
#279 = CARTESIAN_POINT ( 'NONE',  ( -17.44455961926338716, 4.930145798495090048, 7.833076719689505474 ) ) ;
#280 = AXIS2_PLACEMENT_3D ( 'NONE', #75, #458, #823 ) ;
#281 = CARTESIAN_POINT ( 'NONE',  ( -29.03107865187191905, -10.09871200697001470, 10.78955918404126635 ) ) ;
#282 = CARTESIAN_POINT ( 'NONE',  ( -41.84694945889494733, 2.312736024688256009, 29.67255049003387057 ) ) ;
#283 = CARTESIAN_POINT ( 'NONE',  ( 43.04542403345375590, -1.621777116556764931, 26.74102584376574399 ) ) ;
#284 = DIRECTION ( 'NONE',  ( 1.000000000000000000, -0.000000000000000000, -0.000000000000000000 ) ) ;
#285 = CARTESIAN_POINT ( 'NONE',  ( 30.95621499674635047, 10.07960421911649895, 10.89799336585857326 ) ) ;
#286 = ORIENTED_EDGE ( 'NONE', *, *, #2353, .T. ) ;
#287 = CARTESIAN_POINT ( 'NONE',  ( -40.30780564949706246, -11.68672243291962332, -1.425461608238236151E-15 ) ) ;
#288 = ORIENTED_EDGE ( 'NONE', *, *, #1339, .F. ) ;
#289 = CARTESIAN_POINT ( 'NONE',  ( 29.91054115000747160, 8.902946530422706672, 10.64474720000697161 ) ) ;
#290 = CARTESIAN_POINT ( 'NONE',  ( -19.14178661323558117, 3.636595396178742057, 7.445124911642556853 ) ) ;
#291 = CARTESIAN_POINT ( 'NONE',  ( 41.59061413459671286, -6.942783783438457590, 24.71022956244258850 ) ) ;
#292 = CARTESIAN_POINT ( 'NONE',  ( -41.16725883659770346, -5.821193190244069449, 27.50726364700267723 ) ) ;
#293 = DIRECTION ( 'NONE',  ( 1.000000000000000000, 0.000000000000000000, 0.000000000000000000 ) ) ;
#294 = CARTESIAN_POINT ( 'NONE',  ( -31.00000000000000000, 11.63859919118310238, 2.050902035980580518 ) ) ;
#295 = CARTESIAN_POINT ( 'NONE',  ( 42.95840817467989581, -4.480023135405339474, 19.75638724671657442 ) ) ;
#296 = CARTESIAN_POINT ( 'NONE',  ( -10.86830439718496955, -3.634721043969635801, 7.446339534761953871 ) ) ;
#297 = CIRCLE ( 'NONE', #2350, 1.000000000000000888 ) ;
#298 = FACE_BOUND ( 'NONE', #1802, .T. ) ;
#299 = ORIENTED_EDGE ( 'NONE', *, *, #519, .T. ) ;
#300 = CARTESIAN_POINT ( 'NONE',  ( 10.63212876278512553, 3.361406940460098358, 7.378352623825524148 ) ) ;
#301 = ORIENTED_EDGE ( 'NONE', *, *, #242, .F. ) ;
#302 = EDGE_CURVE ( 'NONE', #2504, #373, #1626, .T. ) ;
#303 = CARTESIAN_POINT ( 'NONE',  ( -28.99999999999999645, -8.803702866745927835, 9.855255629118834904 ) ) ;
#304 = LINE ( 'NONE', #2052, #28 ) ;
#305 = CARTESIAN_POINT ( 'NONE',  ( -30.00000000000000000, -8.968584414006645744, 11.09184695573703117 ) ) ;
#306 = CARTESIAN_POINT ( 'NONE',  ( 0.000000000000000000, 0.000000000000000000, 0.000000000000000000 ) ) ;
#307 = CARTESIAN_POINT ( 'NONE',  ( -41.89201119013082319, 1.864442976010208142, 29.79370463424121240 ) ) ;
#308 = CARTESIAN_POINT ( 'NONE',  ( 40.10252055279557482, -11.86296012085677276, -2.910630735558885855E-15 ) ) ;
#309 = CARTESIAN_POINT ( 'NONE',  ( 30.82090791918703587, 10.14882704219128229, 10.50516295342768913 ) ) ;
#310 = CARTESIAN_POINT ( 'NONE',  ( 29.55090412577224868, 10.36146866058360061, 9.298449748986676866 ) ) ;
#311 = ORIENTED_EDGE ( 'NONE', *, *, #1337, .T. ) ;
#312 = CARTESIAN_POINT ( 'NONE',  ( 41.73234687786908381, -3.187182636439408689, 29.35245848570320959 ) ) ;
#313 = ORIENTED_EDGE ( 'NONE', *, *, #1140, .T. ) ;
#314 = CARTESIAN_POINT ( 'NONE',  ( -42.94896767748847566, 2.519783976046406693, 26.33103337015284851 ) ) ;
#315 = CARTESIAN_POINT ( 'NONE',  ( -17.91360680698198848, 4.668247931729221811, 7.744535511051864773 ) ) ;
#316 = TOROIDAL_SURFACE ( 'NONE', #1123, 7.000000000000001776, 1.000000000000000000 ) ;
#317 = CARTESIAN_POINT ( 'NONE',  ( 30.00000000000000000, 9.095783380900408943, 10.71874454292714063 ) ) ;
#318 = CARTESIAN_POINT ( 'NONE',  ( -40.69751730294022707, 7.434712568568762059, 24.96297163816715070 ) ) ;
#319 = CIRCLE ( 'NONE', #2329, 13.99999999999999822 ) ;
#320 = CARTESIAN_POINT ( 'NONE',  ( 30.00000000000000000, 8.997867335167121894, 11.27440521841640653 ) ) ;
#321 = CARTESIAN_POINT ( 'NONE',  ( 43.06981408702499436, -1.308371717178299143, 26.83712924311915060 ) ) ;
#322 = CARTESIAN_POINT ( 'NONE',  ( 29.45509464711791381, 10.09607316970850199, 10.80453423827625237 ) ) ;
#323 = VERTEX_POINT ( 'NONE', #569 ) ;
#324 = CARTESIAN_POINT ( 'NONE',  ( 40.30780564949709088, -11.68672243291962332, -1.425461608238236151E-15 ) ) ;
#325 = ORIENTED_EDGE ( 'NONE', *, *, #578, .F. ) ;
#326 = CARTESIAN_POINT ( 'NONE',  ( -41.25422491985219864, -5.497186881290464733, 27.83028863456568303 ) ) ;
#327 = CARTESIAN_POINT ( 'NONE',  ( 42.96737331439101126, 0.4233803625541061599, 29.07002969915714274 ) ) ;
#328 = CARTESIAN_POINT ( 'NONE',  ( -41.95346712817622858, 0.9451869377361323821, 29.95767561473322260 ) ) ;
#329 = DIRECTION ( 'NONE',  ( 0.000000000000000000, 0.000000000000000000, -1.000000000000000000 ) ) ;
#330 = CARTESIAN_POINT ( 'NONE',  ( -41.67030727944457169, 6.499520256129648565, 26.68768760212269342 ) ) ;
#331 = ADVANCED_FACE ( 'NONE', ( #2114 ), #380, .T. ) ;
#332 = EDGE_CURVE ( 'NONE', #323, #676, #1889, .T. ) ;
#333 = CARTESIAN_POINT ( 'NONE',  ( 30.99999999662561834, 10.03119571768190532, 11.17270524178377045 ) ) ;
#334 = ORIENTED_EDGE ( 'NONE', *, *, #886, .F. ) ;
#335 = CARTESIAN_POINT ( 'NONE',  ( -29.27954996526862885, -10.37259025366340026, 9.235336171666878258 ) ) ;
#336 = AXIS2_PLACEMENT_3D ( 'NONE', #552, #353, #2099 ) ;
#337 = EDGE_LOOP ( 'NONE', ( #1705, #2423, #1106, #141 ) ) ;
#338 = CARTESIAN_POINT ( 'NONE',  ( -42.98513490269161252, -2.226971794298449048, 26.48866168188704151 ) ) ;
#339 =( BOUNDED_SURFACE ( )  B_SPLINE_SURFACE ( 3, 2, ( 
 ( #2335, #807, #2377 ),
 ( #1176, #1582, #643 ),
 ( #603, #402, #1380 ),
 ( #455, #230, #417 ),
 ( #1976, #1406, #2180 ),
 ( #821, #1191, #2324 ),
 ( #1228, #2002, #270 ),
 ( #2363, #996, #1213 ),
 ( #1809, #427, #1989 ),
 ( #1560, #1393, #1771 ) ),
 .UNSPECIFIED., .F., .F., .F. ) 
 B_SPLINE_SURFACE_WITH_KNOTS ( ( 4, 2, 2, 2, 4 ),
 ( 3, 3 ),
 ( 0.001921259831392431059, 0.002756039637177529981, 0.003590819442962629119, 0.004425599248747727824, 0.005260379054532826962 ),
 ( 0.000000000000000000, 1.000000000000000000 ),
 .UNSPECIFIED. ) 
 GEOMETRIC_REPRESENTATION_ITEM ( )  RATIONAL_B_SPLINE_SURFACE ( (
 ( 1.000000000000000000, 0.7071067811865470176, 1.000000000000000000),
 ( 1.000000000000000000, 0.6855201577669859381, 1.000000000000000000),
 ( 1.000000000000000000, 0.6644220988155941088, 1.000000000000000000),
 ( 1.000000000000000000, 0.6231547907676927567, 1.000000000000000000),
 ( 1.000000000000000000, 0.6041106285042474600, 1.000000000000000000),
 ( 1.000000000000000000, 0.5699807612020715286, 1.000000000000000000),
 ( 1.000000000000000000, 0.5558462508407991942, 1.000000000000000000),
 ( 1.000000000000000000, 0.5357169156051256875, 1.000000000000000000),
 ( 1.000000000000000000, 0.5303687790264948188, 1.000000000000000000),
 ( 1.000000000000000000, 0.5303300858899111514, 1.000000000000000000) ) ) 
 REPRESENTATION_ITEM ( '' )  SURFACE ( )  );
#340 = CARTESIAN_POINT ( 'NONE',  ( -30.95621499674635047, -10.07960421911650073, 10.89799336585856970 ) ) ;
#341 = CARTESIAN_POINT ( 'NONE',  ( -41.84354941304124509, -6.214834974517868815, 26.00495439852502955 ) ) ;
#342 = DIRECTION ( 'NONE',  ( -0.000000000000000000, -1.796148638749451749E-16, 1.000000000000000000 ) ) ;
#343 = VERTEX_POINT ( 'NONE', #82 ) ;
#344 = DIRECTION ( 'NONE',  ( 0.000000000000000000, -1.000000000000000000, -3.154042683594190190E-16 ) ) ;
#345 = CARTESIAN_POINT ( 'NONE',  ( 42.95818218734465432, 4.480508004292675928, 19.75744257974046647 ) ) ;
#346 = CARTESIAN_POINT ( 'NONE',  ( 41.33926667597253157, -7.375938475238336345, 25.10684744784100531 ) ) ;
#347 = ORIENTED_EDGE ( 'NONE', *, *, #1726, .F. ) ;
#348 = CARTESIAN_POINT ( 'NONE',  ( 41.84389506764226496, 2.310176173993488291, 29.66278928398037706 ) ) ;
#349 = ORIENTED_EDGE ( 'NONE', *, *, #578, .T. ) ;
#350 = EDGE_CURVE ( 'NONE', #2222, #1386, #297, .T. ) ;
#351 = EDGE_CURVE ( 'NONE', #986, #680, #898, .T. ) ;
#352 = CARTESIAN_POINT ( 'NONE',  ( -40.99736735353786798, -6.422894181215891507, 26.79201744111174222 ) ) ;
#353 = DIRECTION ( 'NONE',  ( -0.01706698452501669017, 0.1735164591810344492, -0.9846830741068415271 ) ) ;
#354 = CARTESIAN_POINT ( 'NONE',  ( 40.59916497296244842, 7.878612125218703355, 23.38833388648293266 ) ) ;
#355 = CARTESIAN_POINT ( 'NONE',  ( 28.99999999999999645, -2.694222958124177204E-15, 7.999999999999992895 ) ) ;
#356 = CIRCLE ( 'NONE', #2369, 0.9999999999999997780 ) ;
#357 = CYLINDRICAL_SURFACE ( 'NONE', #1239, 2.750000000000003997 ) ;
#358 = CARTESIAN_POINT ( 'NONE',  ( 42.98524876153825858, 2.225921879488780064, 26.48914689940661304 ) ) ;
#359 = CARTESIAN_POINT ( 'NONE',  ( 41.18676696612828181, -7.880352758376746536, 23.37845602234808240 ) ) ;
#360 = VERTEX_POINT ( 'NONE', #1211 ) ;
#361 = CYLINDRICAL_SURFACE ( 'NONE', #558, 8.000000000000000000 ) ;
#362 = B_SPLINE_CURVE_WITH_KNOTS ( 'NONE', 3,
 ( #1486, #860, #1677, #309, #2206, #1864, #1810, #74, #847, #2447, #1254, #117, #672, #2014 ),
 .UNSPECIFIED., .F., .F.,
 ( 4, 2, 2, 2, 2, 2, 4 ),
 ( 0.000000000000000000, 0.0008356131650504573750, 0.001253419747575682322, 0.001671226330100907377, 0.002506839495151357271, 0.002924646077676587314, 0.003342452660201816923 ),
 .UNSPECIFIED. ) ;
#363 = ORIENTED_EDGE ( 'NONE', *, *, #810, .T. ) ;
#364 = CARTESIAN_POINT ( 'NONE',  ( -42.65286041322672617, -4.348329438534734415, 24.48972297282286803 ) ) ;
#365 = EDGE_CURVE ( 'NONE', #1479, #1169, #1221, .T. ) ;
#366 = PRODUCT_RELATED_PRODUCT_CATEGORY ( 'detail', '', ( #2203 ) ) ;
#367 = DATE_TIME_ROLE ( 'classification_date' ) ;
#368 = CARTESIAN_POINT ( 'NONE',  ( -42.11908827524158738, -5.385534272373249109, 26.95747122308515387 ) ) ;
#369 = LINE ( 'NONE', #2090, #2430 ) ;
#370 = DIRECTION ( 'NONE',  ( -1.000000000000000000, -0.000000000000000000, -0.000000000000000000 ) ) ;
#371 = CARTESIAN_POINT ( 'NONE',  ( 42.86695337773547010, 4.668739584893272898, 20.20309303847595572 ) ) ;
#372 = CARTESIAN_POINT ( 'NONE',  ( 41.16584097449415935, -5.822513853015603758, 27.49107175785196233 ) ) ;
#373 = VERTEX_POINT ( 'NONE', #465 ) ;
#374 = CARTESIAN_POINT ( 'NONE',  ( -41.47267793220206045, -7.375562678770766212, 23.28454862441668638 ) ) ;
#375 = ORIENTED_EDGE ( 'NONE', *, *, #1074, .T. ) ;
#376 = CARTESIAN_POINT ( 'NONE',  ( -42.59147854453150472, -4.754046392912946395, 23.58398705850063592 ) ) ;
#377 = DATE_TIME_ROLE ( 'creation_date' ) ;
#378 = CARTESIAN_POINT ( 'NONE',  ( -29.69420969390922593, 8.846916760533604318, 10.22108328301242786 ) ) ;
#379 = CARTESIAN_POINT ( 'NONE',  ( 30.00000000000000000, -2.081899558550500674E-15, 16.99999999999998934 ) ) ;
#380 = CYLINDRICAL_SURFACE ( 'NONE', #538, 0.9999999999999996669 ) ;
#381 = CARTESIAN_POINT ( 'NONE',  ( 15.00000000000000000, 0.000000000000000000, 6.999999999999992006 ) ) ;
#382 = CARTESIAN_POINT ( 'NONE',  ( 42.71780568298915881, 3.980534219119804540, 25.03024384563316929 ) ) ;
#383 = CARTESIAN_POINT ( 'NONE',  ( 41.30863687278295515, -7.460240106617591849, 24.89837835351641004 ) ) ;
#384 = CARTESIAN_POINT ( 'NONE',  ( -12.24999999999998757, 6.645749963372974748E-16, 3.299999999999990496 ) ) ;
#385 = ORIENTED_EDGE ( 'NONE', *, *, #1709, .T. ) ;
#386 = CARTESIAN_POINT ( 'NONE',  ( -29.55434751420666828, 10.36127835556539978, 9.299529704924150764 ) ) ;
#387 = LOCAL_TIME ( 18, 28, 7.000000000000000000, #1086 ) ;
#388 = CARTESIAN_POINT ( 'NONE',  ( -42.39781877790020559, 4.415245568349131844, 27.74250814675182397 ) ) ;
#389 = CARTESIAN_POINT ( 'NONE',  ( 29.69420969390923304, -8.846916760533609647, 10.22108328301243141 ) ) ;
#390 = DIRECTION ( 'NONE',  ( 0.000000000000000000, -1.000000000000000000, -3.154042683594189204E-16 ) ) ;
#391 = CARTESIAN_POINT ( 'NONE',  ( -41.38282748800266120, -4.968474486895645192, 28.27430526315801984 ) ) ;
#392 = CARTESIAN_POINT ( 'NONE',  ( 30.64262818162214685, -10.21448519972281233, 10.13256154890683902 ) ) ;
#393 = FACE_OUTER_BOUND ( 'NONE', #1923, .T. ) ;
#394 = CARTESIAN_POINT ( 'NONE',  ( 45.00000000000000000, -12.00000000000000000, -2.927345865710861972E-15 ) ) ;
#395 = AXIS2_PLACEMENT_3D ( 'NONE', #212, #2317, #200 ) ;
#396 = ORIENTED_EDGE ( 'NONE', *, *, #1246, .T. ) ;
#397 = CARTESIAN_POINT ( 'NONE',  ( -28.99999999999999645, 10.37544290684799542, 9.219147740203794683 ) ) ;
#398 = CARTESIAN_POINT ( 'NONE',  ( -42.83797993927855430, 4.724512411173766857, 20.35513355611972841 ) ) ;
#399 = CARTESIAN_POINT ( 'NONE',  ( 19.37178835157919821, 3.356295992308977905, 7.377176709196020532 ) ) ;
#400 = CARTESIAN_POINT ( 'NONE',  ( 31.00000000000000355, 7.878612125218703355, 23.38833388648293266 ) ) ;
#401 = CARTESIAN_POINT ( 'NONE',  ( -42.30116932475739588, 4.549790502442491835, 28.59840825842236001 ) ) ;
#402 = CARTESIAN_POINT ( 'NONE',  ( -29.84523327740294363, 10.03992561324757382, 11.12316423315368574 ) ) ;
#403 = CARTESIAN_POINT ( 'NONE',  ( 41.50767464747607249, 4.408298213887173134, 28.67983715400442080 ) ) ;
#404 = DIRECTION ( 'NONE',  ( -0.000000000000000000, -1.796148638749451749E-16, 1.000000000000000000 ) ) ;
#405 = EDGE_CURVE ( 'NONE', #1257, #90, #8, .T. ) ;
#406 = ORIENTED_EDGE ( 'NONE', *, *, #22, .T. ) ;
#407 = CARTESIAN_POINT ( 'NONE',  ( -30.00000000000000000, -2.694222958124177204E-15, 6.999999999999992006 ) ) ;
#408 = ORIENTED_EDGE ( 'NONE', *, *, #351, .T. ) ;
#409 = CC_DESIGN_PERSON_AND_ORGANIZATION_ASSIGNMENT ( #1673, #453, ( #2128 ) ) ;
#410 = CARTESIAN_POINT ( 'NONE',  ( 40.10986826734857402, -10.71220821263252887, 7.308048942328529307 ) ) ;
#411 = FACE_OUTER_BOUND ( 'NONE', #144, .T. ) ;
#412 = CARTESIAN_POINT ( 'NONE',  ( -31.00000000000000000, -2.694222958124177204E-15, 21.99999999999999289 ) ) ;
#413 = AXIS2_PLACEMENT_3D ( 'NONE', #2444, #709, #2249 ) ;
#414 = CARTESIAN_POINT ( 'NONE',  ( -29.13979964986479487, -8.804818888144415823, 9.865193521811260524 ) ) ;
#415 = VECTOR ( 'NONE', #94, 1000.000000000000000 ) ;
#416 = CARTESIAN_POINT ( 'NONE',  ( -41.84594667080675379, 2.321778603808002828, 29.66981691845577629 ) ) ;
#417 = CARTESIAN_POINT ( 'NONE',  ( -30.77553373866264153, 10.17205847751861825, 10.37332761479753174 ) ) ;
#418 = CARTESIAN_POINT ( 'NONE',  ( 41.61012417457963863, 6.881387314789641607, 24.87057314986049050 ) ) ;
#419 = CARTESIAN_POINT ( 'NONE',  ( -30.99999999999997158, -7.878612125218710460, 23.38833388648292910 ) ) ;
#420 = ORIENTED_EDGE ( 'NONE', *, *, #2006, .T. ) ;
#421 = EDGE_LOOP ( 'NONE', ( #2398, #574, #1194, #1982 ) ) ;
#422 = FACE_OUTER_BOUND ( 'NONE', #1880, .T. ) ;
#423 = CARTESIAN_POINT ( 'NONE',  ( -42.70051966556442835, 4.077581661964923221, 24.89829264281161514 ) ) ;
#424 = CARTESIAN_POINT ( 'NONE',  ( -19.76762917444089851, -2.765433835539021334, 7.254001635167073303 ) ) ;
#425 = CARTESIAN_POINT ( 'NONE',  ( -29.64146502239241698, -8.838869525244204439, 10.15606972658372165 ) ) ;
#426 = CARTESIAN_POINT ( 'NONE',  ( -42.88141102162581575, -0.9758792711250834362, 29.95564845443536584 ) ) ;
#427 = CARTESIAN_POINT ( 'NONE',  ( -29.03058837355079902, 10.09801726422338497, 10.79350175771014975 ) ) ;
#428 = CARTESIAN_POINT ( 'NONE',  ( 42.73449444039422929, 2.412591261213491656, 29.63219278850811023 ) ) ;
#429 = AXIS2_PLACEMENT_3D ( 'NONE', #1089, #1295, #1851 ) ;
#430 = CARTESIAN_POINT ( 'NONE',  ( -40.59916497296238447, 7.878612125218703355, 23.38833388648293266 ) ) ;
#431 =( BOUNDED_SURFACE ( )  B_SPLINE_SURFACE ( 3, 2, ( 
 ( #1375, #1983, #5 ),
 ( #989, #1740, #410 ),
 ( #1351, #789, #1554 ),
 ( #1184, #1170, #2121 ) ),
 .UNSPECIFIED., .F., .F., .T. ) 
 B_SPLINE_SURFACE_WITH_KNOTS ( ( 4, 4 ),
 ( 3, 3 ),
 ( 1.149220388186275699, 1.464045940309287586 ),
 ( 0.000000000000000000, 1.000000000000000000 ),
 .UNSPECIFIED. ) 
 GEOMETRIC_REPRESENTATION_ITEM ( )  RATIONAL_B_SPLINE_SURFACE ( (
 ( 1.000000000000000000, 0.9201483608572380568, 1.000000000000000000),
 ( 1.000000000000000000, 0.9042055041249732472, 1.000000000000000000),
 ( 1.000000000000000000, 0.8851895644209722969, 1.000000000000000000),
 ( 1.000000000000000000, 0.8621405024482152735, 1.000000000000000000) ) ) 
 REPRESENTATION_ITEM ( '' )  SURFACE ( )  );
#432 = ORIENTED_EDGE ( 'NONE', *, *, #1005, .T. ) ;
#433 = CARTESIAN_POINT ( 'NONE',  ( -40.59916497296235605, 7.878612125218694473, 23.38833388648298595 ) ) ;
#434 = ORIENTED_EDGE ( 'NONE', *, *, #1368, .F. ) ;
#435 = LINE ( 'NONE', #1945, #2177 ) ;
#436 = AXIS2_PLACEMENT_3D ( 'NONE', #1761, #2352, #27 ) ;
#437 = DIRECTION ( 'NONE',  ( -1.000000000000000000, -0.000000000000000000, -0.000000000000000000 ) ) ;
#438 = CARTESIAN_POINT ( 'NONE',  ( 15.00000000000000000, 5.499999999999994671, 6.999999999999992895 ) ) ;
#439 = ADVANCED_FACE ( 'NONE', ( #1963 ), #1293, .T. ) ;
#440 = DIRECTION ( 'NONE',  ( 0.000000000000000000, -0.9848265156523382524, 0.1735417358103659713 ) ) ;
#441 = CARTESIAN_POINT ( 'NONE',  ( -42.63256446117944165, 3.396920010723535999, 28.32398619853996991 ) ) ;
#442 = CARTESIAN_POINT ( 'NONE',  ( -30.00000000000000355, -8.972255193261112538, 11.11473166458953621 ) ) ;
#443 = CARTESIAN_POINT ( 'NONE',  ( 42.81982166346170970, 1.701240574220594493, 29.82124374595223060 ) ) ;
#444 = CARTESIAN_POINT ( 'NONE',  ( -14.27830428732653800, -5.464508720847631729, 8.030570863609174381 ) ) ;
#445 = CIRCLE ( 'NONE', #1093, 2.750000000000009326 ) ;
#446 = EDGE_LOOP ( 'NONE', ( #1509, #1907, #2171, #1857 ) ) ;
#447 = DIRECTION ( 'NONE',  ( 0.000000000000000000, 0.000000000000000000, -1.000000000000000000 ) ) ;
#448 = ORIENTED_EDGE ( 'NONE', *, *, #20, .T. ) ;
#449 = CARTESIAN_POINT ( 'NONE',  ( 9.679197293345085384, 1.439194542367326690, 7.064924393738474251 ) ) ;
#450 = CARTESIAN_POINT ( 'NONE',  ( 39.85101657536151265, 11.97169416480346094, -3.452540401586623999E-18 ) ) ;
#451 = CARTESIAN_POINT ( 'NONE',  ( 45.00000000000000000, -2.081899558550500674E-15, 16.99999999999998934 ) ) ;
#452 = CARTESIAN_POINT ( 'NONE',  ( -29.97810749849161027, -8.941529976052251527, 10.91290167675567169 ) ) ;
#453 = PERSON_AND_ORGANIZATION_ROLE ( 'creator' ) ;
#454 = AXIS2_PLACEMENT_3D ( 'NONE', #2414, #2227, #2040 ) ;
#455 = CARTESIAN_POINT ( 'NONE',  ( -29.88776687229893270, 8.893319754228208751, 10.57574631632233597 ) ) ;
#456 = AXIS2_PLACEMENT_3D ( 'NONE', #2089, #767, #2110 ) ;
#457 = CARTESIAN_POINT ( 'NONE',  ( 42.19177761528580106, 5.151290604576472809, 27.17248352926682031 ) ) ;
#458 = DIRECTION ( 'NONE',  ( 0.000000000000000000, 0.1735417358103669427, -0.9848265156523382524 ) ) ;
#459 = ORIENTED_EDGE ( 'NONE', *, *, #1799, .T. ) ;
#460 = CYLINDRICAL_SURFACE ( 'NONE', #1932, 0.9999999999999997780 ) ;
#461 = APPROVAL_PERSON_ORGANIZATION ( #1137, #1602, #1912 ) ;
#462 = CARTESIAN_POINT ( 'NONE',  ( -40.30780564949706246, -11.68672243291962332, -1.425461608238236151E-15 ) ) ;
#463 = CARTESIAN_POINT ( 'NONE',  ( 40.21317984051542282, 11.78556738214339283, -2.615493488983725017E-17 ) ) ;
#464 = CARTESIAN_POINT ( 'NONE',  ( -15.73042225145365691, 5.463196369507309136, 8.030057785191846875 ) ) ;
#465 = CARTESIAN_POINT ( 'NONE',  ( 30.00000000000000000, -8.997867335167121894, 11.27440521841640120 ) ) ;
#466 = CARTESIAN_POINT ( 'NONE',  ( 30.00000000000000000, -2.694222958124177204E-15, 7.999999999999992895 ) ) ;
#467 = CARTESIAN_POINT ( 'NONE',  ( -41.25317767203358699, 5.492955847532832614, 27.82076390204600713 ) ) ;
#468 = CARTESIAN_POINT ( 'NONE',  ( 40.72118604281258314, 7.346954935780182439, 25.20093334366838889 ) ) ;
#469 = CYLINDRICAL_SURFACE ( 'NONE', #1651, 5.499999999999994671 ) ;
#470 = CYLINDRICAL_SURFACE ( 'NONE', #1160, 0.9999999999999997780 ) ;
#471 = ORIENTED_EDGE ( 'NONE', *, *, #888, .T. ) ;
#472 = CARTESIAN_POINT ( 'NONE',  ( -15.00000000000000000, 2.232015991190242520E-78, 6.999999999999992006 ) ) ;
#473 = EDGE_CURVE ( 'NONE', #1285, #2061, #777, .T. ) ;
#474 = ORIENTED_EDGE ( 'NONE', *, *, #993, .F. ) ;
#475 = CARTESIAN_POINT ( 'NONE',  ( 29.73234018746020624, 8.855446716226690995, 10.28667527275261051 ) ) ;
#476 = CARTESIAN_POINT ( 'NONE',  ( 40.61613539679482443, -10.97280110788782714, 3.875032693919963300 ) ) ;
#477 = CARTESIAN_POINT ( 'NONE',  ( 42.21422092204354470, 5.076200258030773682, 27.23764925453349051 ) ) ;
#478 = MECHANICAL_CONTEXT ( 'NONE', #1900, 'mechanical' ) ;
#479 = FACE_OUTER_BOUND ( 'NONE', #1586, .T. ) ;
#480 = ORIENTED_EDGE ( 'NONE', *, *, #146, .T. ) ;
#481 = CARTESIAN_POINT ( 'NONE',  ( 42.86699800859248199, -4.668656770052447946, 20.20285077593448975 ) ) ;
#482 = CARTESIAN_POINT ( 'NONE',  ( -15.00000000000000000, -5.499999999999994671, 8.044714263047128000 ) ) ;
#483 = EDGE_CURVE ( 'NONE', #2063, #2132, #1798, .T. ) ;
#484 = ORIENTED_EDGE ( 'NONE', *, *, #17, .T. ) ;
#485 = CARTESIAN_POINT ( 'NONE',  ( 29.07060949525502025, 8.803702869263732467, 9.855255630943993594 ) ) ;
#486 = EDGE_LOOP ( 'NONE', ( #1306, #77 ) ) ;
#487 = CARTESIAN_POINT ( 'NONE',  ( 9.544655933545648452, 0.7226307078226225089, 7.016325503068394198 ) ) ;
#488 = ORIENTED_EDGE ( 'NONE', *, *, #483, .T. ) ;
#489 = CARTESIAN_POINT ( 'NONE',  ( -42.75436769255640712, 3.772870937491612509, 25.28519030234361509 ) ) ;
#490 = CARTESIAN_POINT ( 'NONE',  ( -20.49999999999999645, -0.1805996599746511611, 6.999999999999997335 ) ) ;
#491 = CARTESIAN_POINT ( 'NONE',  ( 41.62017108159577816, -6.855553099048634635, 24.90306467687836900 ) ) ;
#492 =( NAMED_UNIT ( * ) SI_UNIT ( $, .STERADIAN. ) SOLID_ANGLE_UNIT ( ) );
#493 = CARTESIAN_POINT ( 'NONE',  ( -14.27781595719200247, 5.464503881024441512, 8.030567420588900163 ) ) ;
#494 = CARTESIAN_POINT ( 'NONE',  ( 45.00000000000000000, -2.694222958124177204E-15, 29.99999999999999289 ) ) ;
#495 = CARTESIAN_POINT ( 'NONE',  ( 41.33714874774138792, 7.377796559008798383, 25.12800240891002090 ) ) ;
#496 = CARTESIAN_POINT ( 'NONE',  ( 28.99999999999999645, -2.694222958124177204E-15, 21.99999999999999289 ) ) ;
#497 = CARTESIAN_POINT ( 'NONE',  ( 29.77534289936155787, 8.864230172573678956, 10.35490106376025921 ) ) ;
#498 = VERTEX_POINT ( 'NONE', #1109 ) ;
#499 = CARTESIAN_POINT ( 'NONE',  ( 14.26957774854633954, 5.463196369507309136, 8.030057785191848652 ) ) ;
#500 =( BOUNDED_CURVE ( )  B_SPLINE_CURVE ( 3, ( #2482, #2288, #1926, #2309 ),
 .UNSPECIFIED., .F., .T. ) 
 B_SPLINE_CURVE_WITH_KNOTS ( ( 4, 4 ),
 ( 1.151098075375876828, 1.464045940309287586 ),
 .UNSPECIFIED. ) 
 CURVE ( )  GEOMETRIC_REPRESENTATION_ITEM ( )  RATIONAL_B_SPLINE_CURVE ( ( 1.000000000000000000, 0.9918552745334290321, 0.9918552745334290321, 1.000000000000000000 ) ) 
 REPRESENTATION_ITEM ( '' )  );
#501 = VERTEX_POINT ( 'NONE', #1645 ) ;
#502 = CARTESIAN_POINT ( 'NONE',  ( -42.98524876153823726, 2.225921879488780952, 26.48914689940660949 ) ) ;
#503 = DIRECTION ( 'NONE',  ( 0.000000000000000000, 0.000000000000000000, -1.000000000000000000 ) ) ;
#504 = EDGE_CURVE ( 'NONE', #890, #343, #1549, .T. ) ;
#505 = CARTESIAN_POINT ( 'NONE',  ( 43.79835839135321862, 0.6603588525362360517, 17.03298111502880019 ) ) ;
#506 = CARTESIAN_POINT ( 'NONE',  ( -9.642285478012203370, 1.255885890509041536, 7.051621477721281117 ) ) ;
#507 = CARTESIAN_POINT ( 'NONE',  ( 31.00000000000000000, -2.694222958124177204E-15, 21.99999999999999289 ) ) ;
#508 = CARTESIAN_POINT ( 'NONE',  ( 40.60626894147637245, 7.796069786530010148, 23.85675079740634530 ) ) ;
#509 = CARTESIAN_POINT ( 'NONE',  ( 30.06000830626416942, 10.32090274418717613, 9.528655986767946118 ) ) ;
#510 = ORIENTED_EDGE ( 'NONE', *, *, #302, .T. ) ;
#511 = CARTESIAN_POINT ( 'NONE',  ( 45.00000000000000000, -2.694222958124177204E-15, 21.99999999999999289 ) ) ;
#512 = ORIENTED_EDGE ( 'NONE', *, *, #1261, .T. ) ;
#513 = CARTESIAN_POINT ( 'NONE',  ( -41.50770645712692897, -4.408157694318941999, 28.67994131353669829 ) ) ;
#514 = CIRCLE ( 'NONE', #1727, 5.499999999999994671 ) ;
#515 = CARTESIAN_POINT ( 'NONE',  ( 42.88847013465569802, 1.693078032860003690, 28.90091537934762300 ) ) ;
#516 = PERSON_AND_ORGANIZATION_ROLE ( 'classification_officer' ) ;
#517 = CARTESIAN_POINT ( 'NONE',  ( -9.500000000000005329, 3.635388030900873423E-31, 6.999999999999992006 ) ) ;
#518 = CIRCLE ( 'NONE', #395, 2.750000000000011102 ) ;
#519 = EDGE_CURVE ( 'NONE', #1655, #147, #1848, .T. ) ;
#520 = ORIENTED_EDGE ( 'NONE', *, *, #1754, .T. ) ;
#521 = CARTESIAN_POINT ( 'NONE',  ( 41.18676696612830312, 7.880352758376743871, 23.37845602234807885 ) ) ;
#522 = DIRECTION ( 'NONE',  ( 0.000000000000000000, 0.9848265156523381414, 0.1735417358103663599 ) ) ;
#523 = VERTEX_POINT ( 'NONE', #111 ) ;
#524 = CARTESIAN_POINT ( 'NONE',  ( 40.99736735353791772, 6.422894181215882625, 26.79201744111174932 ) ) ;
#525 = B_SPLINE_CURVE_WITH_KNOTS ( 'NONE', 3,
 ( #707, #278, #1222, #652, #2010, #1819, #80, #2213, #475, #2023, #289, #1643, #1053, #682 ),
 .UNSPECIFIED., .F., .F.,
 ( 4, 2, 2, 2, 2, 2, 4 ),
 ( 0.000000000000000000, 0.0002406093964442701527, 0.0004812187928885403054, 0.0007218281893328103768, 0.0009624375857770806108, 0.001443656378665615116, 0.001924875171554149729 ),
 .UNSPECIFIED. ) ;
#526 = ORIENTED_EDGE ( 'NONE', *, *, #61, .T. ) ;
#527 = CARTESIAN_POINT ( 'NONE',  ( -42.68926236739430635, -4.962673718296367831, 21.30771613664744280 ) ) ;
#528 = CARTESIAN_POINT ( 'NONE',  ( 42.84015281338290748, -2.120692279309370765, 28.79613014881154243 ) ) ;
#529 = CARTESIAN_POINT ( 'NONE',  ( -42.88847013465565539, -1.693078032860019011, 28.90091537934760879 ) ) ;
#530 = B_SPLINE_CURVE_WITH_KNOTS ( 'NONE', 3,
 ( #1366, #442, #1759, #833, #58, #1201, #1965, #1783, #2139, #47, #983, #1951, #1420, #243 ),
 .UNSPECIFIED., .F., .F.,
 ( 4, 2, 2, 2, 2, 2, 4 ),
 ( 0.000000000000000000, 0.0004820861782482926505, 0.0009641723564965853010, 0.001205215445620731220, 0.001446258534744877030, 0.001687301623869023057, 0.001928344712993168867 ),
 .UNSPECIFIED. ) ;
#531 = ORIENTED_EDGE ( 'NONE', *, *, #765, .F. ) ;
#532 = CARTESIAN_POINT ( 'NONE',  ( -41.25253849697724462, 5.495415504912730675, 27.81841430690552031 ) ) ;
#533 = CARTESIAN_POINT ( 'NONE',  ( 42.70051966556444967, 4.077581661964923221, 24.89829264281161514 ) ) ;
#534 = EDGE_CURVE ( 'NONE', #1134, #235, #1136, .T. ) ;
#535 = CARTESIAN_POINT ( 'NONE',  ( 41.67568578817757441, -6.694613023454163425, 25.22200584736973639 ) ) ;
#536 = ORIENTED_EDGE ( 'NONE', *, *, #907, .T. ) ;
#537 = CARTESIAN_POINT ( 'NONE',  ( -15.00000000000000000, 6.645749963372974748E-16, 3.299999999999990496 ) ) ;
#538 = AXIS2_PLACEMENT_3D ( 'NONE', #783, #1225, #440 ) ;
#539 = AXIS2_PLACEMENT_3D ( 'NONE', #2166, #1008, #1675 ) ;
#540 = ORIENTED_EDGE ( 'NONE', *, *, #2498, .T. ) ;
#541 = PLANE ( 'NONE',  #2156 ) ;
#542 = CARTESIAN_POINT ( 'NONE',  ( -30.00000000000000000, 8.972282881828192558, 11.11490428318288437 ) ) ;
#543 = DIRECTION ( 'NONE',  ( 0.000000000000000000, -0.9848265156523381414, 0.1735417358103668040 ) ) ;
#544 = DIRECTION ( 'NONE',  ( -1.000000000000000000, -0.000000000000000000, -0.000000000000000000 ) ) ;
#545 = CARTESIAN_POINT ( 'NONE',  ( -40.63335632451090618, 7.673671721556669212, 24.30903291207835437 ) ) ;
#546 = CARTESIAN_POINT ( 'NONE',  ( 42.75804947855480265, 4.863110202044387265, 20.82657539333392904 ) ) ;
#547 = ORIENTED_EDGE ( 'NONE', *, *, #2161, .T. ) ;
#548 = CARTESIAN_POINT ( 'NONE',  ( 41.50770645712697160, 4.408157694318932229, 28.67994131353670539 ) ) ;
#549 = ORIENTED_EDGE ( 'NONE', *, *, #950, .F. ) ;
#550 = ADVANCED_FACE ( 'NONE', ( #194 ), #244, .T. ) ;
#551 = CARTESIAN_POINT ( 'NONE',  ( 31.00000000000000000, -10.08060989655274753, 10.89228627873750277 ) ) ;
#552 = CARTESIAN_POINT ( 'NONE',  ( 40.59916497296244842, 6.893785609566363881, 23.21479215067256519 ) ) ;
#553 = CARTESIAN_POINT ( 'NONE',  ( -31.00000000000000000, -8.997867335167123670, 11.27440521841640120 ) ) ;
#554 = B_SPLINE_CURVE_WITH_KNOTS ( 'NONE', 3,
 ( #397, #2145, #977, #386, #53, #1753, #778, #2328, #1589, #2344, #1360, #2357 ),
 .UNSPECIFIED., .F., .F.,
 ( 4, 2, 2, 2, 2, 4 ),
 ( 0.000000000000000000, 0.0004243296783826773803, 0.0008486593567653547606, 0.001697318713530697812, 0.002545978070296040646, 0.003394637427061383481 ),
 .UNSPECIFIED. ) ;
#555 = CARTESIAN_POINT ( 'NONE',  ( 40.86166016176246529, 10.25650984027178758, 7.754328332336402951 ) ) ;
#556 = CARTESIAN_POINT ( 'NONE',  ( -41.44780898344626507, 7.086258343434987061, 25.72107429424588076 ) ) ;
#557 = CARTESIAN_POINT ( 'NONE',  ( 42.58885521499342985, 4.972096638730788776, 22.62170109335368906 ) ) ;
#558 = AXIS2_PLACEMENT_3D ( 'NONE', #511, #752, #1527 ) ;
#559 = CARTESIAN_POINT ( 'NONE',  ( 41.67030727944459301, -6.499520256129456719, 26.68768760212272895 ) ) ;
#560 = ORIENTED_EDGE ( 'NONE', *, *, #1259, .T. ) ;
#561 = CARTESIAN_POINT ( 'NONE',  ( -30.82090791918703232, -10.14882704219128406, 10.50516295342768558 ) ) ;
#562 = ORIENTED_EDGE ( 'NONE', *, *, #350, .F. ) ;
#563 = AXIS2_PLACEMENT_3D ( 'NONE', #1142, #2301, #926 ) ;
#564 = CARTESIAN_POINT ( 'NONE',  ( -43.10330523092279975, -0.6590291184954794046, 26.96742755215671394 ) ) ;
#565 = EDGE_CURVE ( 'NONE', #1553, #2247, #2077, .T. ) ;
#566 = DATE_AND_TIME ( #1290, #1272 ) ;
#567 = CARTESIAN_POINT ( 'NONE',  ( -41.62017108159574974, 6.855553099048620425, 24.90306467687837966 ) ) ;
#568 = CARTESIAN_POINT ( 'NONE',  ( 29.16305741493459536, -8.805248044722075562, 9.869025931364744153 ) ) ;
#569 = CARTESIAN_POINT ( 'NONE',  ( 28.99999999999999645, -10.37544290684799719, 9.219147740203792907 ) ) ;
#570 = CARTESIAN_POINT ( 'NONE',  ( 43.61983176421374964, -2.224966597124992784, 17.51045267283628704 ) ) ;
#571 = CARTESIAN_POINT ( 'NONE',  ( 30.00000000000000000, -8.997867335167120117, 11.27440521841642074 ) ) ;
#572 = CARTESIAN_POINT ( 'NONE',  ( 42.09529953817298775, -5.457127004560463845, 26.87444426199261471 ) ) ;
#573 = CARTESIAN_POINT ( 'NONE',  ( -30.00000000000000000, -2.694222958124177204E-15, 21.99999999999999289 ) ) ;
#574 = ORIENTED_EDGE ( 'NONE', *, *, #748, .T. ) ;
#575 = CARTESIAN_POINT ( 'NONE',  ( -40.10002371828565515, -11.86422302206381119, -2.910784775085020141E-15 ) ) ;
#576 = AXIS2_PLACEMENT_3D ( 'NONE', #2205, #846, #870 ) ;
#577 = CARTESIAN_POINT ( 'NONE',  ( -42.84015281338290038, 2.120692279309355666, 28.79613014881156019 ) ) ;
#578 = EDGE_CURVE ( 'NONE', #501, #890, #530, .T. ) ;
#579 = CARTESIAN_POINT ( 'NONE',  ( 29.85532390085918664, -8.882702953268042378, 10.49649401440666452 ) ) ;
#580 = EDGE_CURVE ( 'NONE', #1333, #717, #1031, .T. ) ;
#581 = CARTESIAN_POINT ( 'NONE',  ( 16.77962818938992839, -5.207271550764210666, 7.932750467109797476 ) ) ;
#582 = CYLINDRICAL_SURFACE ( 'NONE', #563, 0.9999999999999997780 ) ;
#583 = CARTESIAN_POINT ( 'NONE',  ( 43.10134835960403876, 0.6565669345219289355, 26.95944843380278044 ) ) ;
#584 = CARTESIAN_POINT ( 'NONE',  ( 40.72318684137664491, -7.344489656546141276, 25.18007448435838569 ) ) ;
#585 = CARTESIAN_POINT ( 'NONE',  ( -15.00000000000000000, 2.750000000000000444, -3.842867814285918832E-15 ) ) ;
#586 = ORIENTED_EDGE ( 'NONE', *, *, #1803, .T. ) ;
#587 = CARTESIAN_POINT ( 'NONE',  ( 28.99999999999999645, -2.694222958124177204E-15, 6.999999999999992006 ) ) ;
#588 = CARTESIAN_POINT ( 'NONE',  ( -42.68933505149005470, 4.962569619513153896, 21.30720324010887978 ) ) ;
#589 = CARTESIAN_POINT ( 'NONE',  ( -15.36226287598439022, -5.499999999999993783, 8.044714263047126224 ) ) ;
#590 = ADVANCED_FACE ( 'NONE', ( #24 ), #1607, .F. ) ;
#591 = DIRECTION ( 'NONE',  ( 0.000000000000000000, 0.000000000000000000, 1.000000000000000000 ) ) ;
#592 = CARTESIAN_POINT ( 'NONE',  ( -42.58684330946198315, 3.318965742047434553, 29.29589102006407941 ) ) ;
#593 = FACE_OUTER_BOUND ( 'NONE', #863, .T. ) ;
#594 =( BOUNDED_SURFACE ( )  B_SPLINE_SURFACE ( 3, 2, ( 
 ( #1789, #826, #1801 ),
 ( #1232, #1218, #51 ),
 ( #1599, #800, #2397 ),
 ( #2143, #2198, #433 ) ),
 .UNSPECIFIED., .F., .F., .F. ) 
 B_SPLINE_SURFACE_WITH_KNOTS ( ( 4, 4 ),
 ( 3, 3 ),
 ( 1.149220388186276365, 1.464045940309290472 ),
 ( 0.000000000000000000, 1.000000000000000000 ),
 .UNSPECIFIED. ) 
 GEOMETRIC_REPRESENTATION_ITEM ( )  RATIONAL_B_SPLINE_SURFACE ( (
 ( 1.000000000000000000, 0.9201483608572381678, 1.000000000000000000),
 ( 1.000000000000000000, 0.9042055041249755787, 1.000000000000000000),
 ( 1.000000000000000000, 0.8851895644209709646, 1.000000000000000000),
 ( 1.000000000000000000, 0.8621405024482150514, 1.000000000000000000) ) ) 
 REPRESENTATION_ITEM ( '' )  SURFACE ( )  );
#595 = CARTESIAN_POINT ( 'NONE',  ( 42.30020771598778850, 4.539916820070625469, 28.59307774823726334 ) ) ;
#596 = CARTESIAN_POINT ( 'NONE',  ( 9.500000000000003553, -0.1805996599746501341, 6.999999999999994671 ) ) ;
#597 = ORIENTED_EDGE ( 'NONE', *, *, #1990, .F. ) ;
#598 = CARTESIAN_POINT ( 'NONE',  ( -40.10252055279553218, 11.86296012085676033, -1.671513015197823086E-17 ) ) ;
#599 = CARTESIAN_POINT ( 'NONE',  ( -42.58328946560432371, 4.847751853979684888, 23.26789557795258290 ) ) ;
#600 = CARTESIAN_POINT ( 'NONE',  ( 28.99999999999999645, -2.694222958124177204E-15, 21.99999999999999289 ) ) ;
#601 = DIRECTION ( 'NONE',  ( 1.000000000000000000, 0.000000000000000000, -0.000000000000000000 ) ) ;
#602 = CARTESIAN_POINT ( 'NONE',  ( -42.90236751387371328, -0.4881257284635618920, 30.00036954319536520 ) ) ;
#603 = CARTESIAN_POINT ( 'NONE',  ( -29.97834713085577718, 8.941657515475196050, 10.91379384282170584 ) ) ;
#604 = CARTESIAN_POINT ( 'NONE',  ( 41.67516331113798600, 6.696300228561024248, 25.23814874422361854 ) ) ;
#605 = AXIS2_PLACEMENT_3D ( 'NONE', #496, #1271, #923 ) ;
#606 = DIRECTION ( 'NONE',  ( 0.000000000000000000, -1.000000000000000000, -1.577021341797098793E-16 ) ) ;
#607 = ADVANCED_FACE ( 'NONE', ( #2192 ), #339, .T. ) ;
#608 = ORIENTED_EDGE ( 'NONE', *, *, #656, .F. ) ;
#609 = CARTESIAN_POINT ( 'NONE',  ( -30.00000000000000000, -2.694222958124177204E-15, 26.99999999999999289 ) ) ;
#610 = ORIENTED_EDGE ( 'NONE', *, *, #1185, .T. ) ;
#611 = LINE ( 'NONE', #624, #2254 ) ;
#612 = DIRECTION ( 'NONE',  ( -1.000000000000000000, -0.000000000000000000, -0.000000000000000000 ) ) ;
#613 = CARTESIAN_POINT ( 'NONE',  ( -18.63950495717049449, -4.139000986915539748, 7.579979017546819797 ) ) ;
#614 = DIRECTION ( 'NONE',  ( -0.000000000000000000, -1.796148638749451749E-16, 1.000000000000000000 ) ) ;
#615 = CARTESIAN_POINT ( 'NONE',  ( -42.73449444039491851, -2.412591261213494764, 29.63219278850772298 ) ) ;
#616 = CYLINDRICAL_SURFACE ( 'NONE', #539, 5.000000000000000888 ) ;
#617 = CARTESIAN_POINT ( 'NONE',  ( 42.96738290593171428, 0.4357382845715507269, 29.07005006075587872 ) ) ;
#618 = FACE_BOUND ( 'NONE', #1000, .T. ) ;
#619 = ADVANCED_FACE ( 'NONE', ( #593 ), #37, .F. ) ;
#620 = ORIENTED_EDGE ( 'NONE', *, *, #1181, .T. ) ;
#621 = CARTESIAN_POINT ( 'NONE',  ( -40.59916497296239868, -7.878612125218703355, 23.38833388648297174 ) ) ;
#622 = ORIENTED_EDGE ( 'NONE', *, *, #565, .F. ) ;
#623 = ADVANCED_FACE ( 'NONE', ( #2349 ), #616, .F. ) ;
#624 = CARTESIAN_POINT ( 'NONE',  ( -31.00000000000000000, -11.63859919118310238, 2.050902035980576521 ) ) ;
#625 = EDGE_CURVE ( 'NONE', #2085, #986, #1590, .T. ) ;
#626 = EDGE_CURVE ( 'NONE', #2297, #2144, #1349, .T. ) ;
#627 = CARTESIAN_POINT ( 'NONE',  ( -43.81124419696030259, 0.3332625790354419859, 16.99999999999999289 ) ) ;
#628 = FACE_OUTER_BOUND ( 'NONE', #741, .T. ) ;
#629 = CARTESIAN_POINT ( 'NONE',  ( -29.34244443732701413, -8.812595359476897983, 9.933398323740993519 ) ) ;
#630 = CARTESIAN_POINT ( 'NONE',  ( -42.19613610986197472, -4.914111716965551935, 28.31906170307092196 ) ) ;
#631 = DIRECTION ( 'NONE',  ( 0.000000000000000000, 0.000000000000000000, -1.000000000000000000 ) ) ;
#632 = CARTESIAN_POINT ( 'NONE',  ( 41.54813457834724488, 4.211661425039253004, 28.80558690927002630 ) ) ;
#633 = CARTESIAN_POINT ( 'NONE',  ( -30.00000000000000000, -2.694222958124177204E-15, 21.99999999999999289 ) ) ;
#634 = ORIENTED_EDGE ( 'NONE', *, *, #1011, .T. ) ;
#635 = CARTESIAN_POINT ( 'NONE',  ( -39.99456475910937314, -12.02873591435074552, -0.1630725327943875202 ) ) ;
#636 = ORIENTED_EDGE ( 'NONE', *, *, #1294, .F. ) ;
#637 = CARTESIAN_POINT ( 'NONE',  ( -40.21317984051540861, -11.78556738214341060, -2.901190930821027048E-15 ) ) ;
#638 = CIRCLE ( 'NONE', #2296, 5.000000000000000888 ) ;
#639 = CARTESIAN_POINT ( 'NONE',  ( -42.95818218734463301, 4.480508004292673263, 19.75744257974046647 ) ) ;
#640 = DIRECTION ( 'NONE',  ( -1.000000000000000000, -0.000000000000000000, -0.000000000000000000 ) ) ;
#641 = CARTESIAN_POINT ( 'NONE',  ( -30.82106796208766397, -10.14875913587915690, 10.50554831281371548 ) ) ;
#642 = CARTESIAN_POINT ( 'NONE',  ( -41.50767464747604407, -4.408298213887367645, 28.67983715400428935 ) ) ;
#643 = CARTESIAN_POINT ( 'NONE',  ( -30.99999999562211883, 10.03163369251875459, 11.17021979221451566 ) ) ;
#644 = B_SPLINE_CURVE_WITH_KNOTS ( 'NONE', 3,
 ( #2109, #2298, #564, #1692, #2286, #338, #1135, #1325, #1531, #1899, #2098, #364, #2505, #376, #2466, #189, #1924, #956, #527, #742, #162, #727, #908, #2076, #1336, #766, #1910, #1718, #1108, #1505, #1706, #1884, #1149, #932, #2273, #2480 ),
 .UNSPECIFIED., .F., .F.,
 ( 4, 2, 2, 2, 2, 2, 2, 2, 2, 2, 2, 2, 2, 2, 2, 2, 2, 4 ),
 ( 0.01575940818687281836, 0.01674420197008705605, 0.01772899575330129027, 0.01871378953651552796, 0.01969858331972976564, 0.02068337710294400333, 0.02166817088615823755, 0.02265296466937247871, 0.02363775845258671293, 0.02462255223580095409, 0.02511494912740806773, 0.02560734601901518831, 0.02659213980222942600, 0.02757693358544366022, 0.02856172736865789791, 0.02954652115187213213, 0.03053131493508636982, 0.03151610871830060751 ),
 .UNSPECIFIED. ) ;
#645 = CARTESIAN_POINT ( 'NONE',  ( 42.58829581065279513, 3.311473986411364478, 29.29927236057761064 ) ) ;
#646 = CARTESIAN_POINT ( 'NONE',  ( -13.05132656060871810, -5.146327594985796949, 7.910264247697180728 ) ) ;
#647 = AXIS2_PLACEMENT_3D ( 'NONE', #2182, #342, #2100 ) ;
#648 = ORIENTED_EDGE ( 'NONE', *, *, #580, .T. ) ;
#649 = CARTESIAN_POINT ( 'NONE',  ( -40.45859742217318455, -9.307732990816832697, 15.27826102164195099 ) ) ;
#650 = ORIENTED_EDGE ( 'NONE', *, *, #2425, .T. ) ;
#651 = CARTESIAN_POINT ( 'NONE',  ( 12.71976659905655360, 5.008300328924456757, 7.860609801215463044 ) ) ;
#652 = CARTESIAN_POINT ( 'NONE',  ( 29.31436744326039801, 8.810965830104684926, 9.919138708516754832 ) ) ;
#653 = CARTESIAN_POINT ( 'NONE',  ( -16.78065385470129200, 5.216264759353131275, 7.935424234158840129 ) ) ;
#654 = CARTESIAN_POINT ( 'NONE',  ( -29.19378255692226531, -10.10550714737858335, 10.75099765634597482 ) ) ;
#655 =( NAMED_UNIT ( * ) PLANE_ANGLE_UNIT ( ) SI_UNIT ( $, .RADIAN. ) );
#656 = EDGE_CURVE ( 'NONE', #1464, #199, #902, .T. ) ;
#657 = AXIS2_PLACEMENT_3D ( 'NONE', #355, #792, #2137 ) ;
#658 = CARTESIAN_POINT ( 'NONE',  ( -40.78067399603037302, 7.147762497217034827, 25.60054340252844796 ) ) ;
#659 = ADVANCED_FACE ( 'NONE', ( #1237 ), #1996, .T. ) ;
#660 = CIRCLE ( 'NONE', #978, 13.99999999999999822 ) ;
#661 = DIRECTION ( 'NONE',  ( 1.000000000000000000, -0.000000000000000000, -0.000000000000000000 ) ) ;
#662 = DIRECTION ( 'NONE',  ( -1.000000000000000000, -0.000000000000000000, -0.000000000000000000 ) ) ;
#663 = CARTESIAN_POINT ( 'NONE',  ( -41.24566745588674621, 8.819581991598001380, 15.51628191530301848 ) ) ;
#664 = ORIENTED_EDGE ( 'NONE', *, *, #1683, .T. ) ;
#665 = CARTESIAN_POINT ( 'NONE',  ( 41.42615070767414664, -4.790338148980878508, 28.42386649455407266 ) ) ;
#666 = VERTEX_POINT ( 'NONE', #2217 ) ;
#667 = CARTESIAN_POINT ( 'NONE',  ( 40.10002371828566226, 11.86422302206379520, -1.656109062584387373E-17 ) ) ;
#668 = CARTESIAN_POINT ( 'NONE',  ( -20.32086459676218482, -1.439089029520997265, 7.064902580807623345 ) ) ;
#669 = CARTESIAN_POINT ( 'NONE',  ( -29.99999999999999645, -9.982693850819458703, 11.44794695422677755 ) ) ;
#670 = CARTESIAN_POINT ( 'NONE',  ( -40.78043061097025657, -7.148483618107157156, 25.62101973787847697 ) ) ;
#671 = CARTESIAN_POINT ( 'NONE',  ( -10.23128553911877248, 2.763443245224176170, 7.253642306912071014 ) ) ;
#672 = CARTESIAN_POINT ( 'NONE',  ( 29.14120606176685158, 10.37544290684799186, 9.219147740203791130 ) ) ;
#673 = ADVANCED_FACE ( 'NONE', ( #479, #1073 ), #2027, .T. ) ;
#674 = DIRECTION ( 'NONE',  ( 0.000000000000000000, 0.000000000000000000, -1.000000000000000000 ) ) ;
#675 = CARTESIAN_POINT ( 'NONE',  ( 28.99999999999999645, 8.803702866745926059, 9.855255629118840233 ) ) ;
#676 = VERTEX_POINT ( 'NONE', #99 ) ;
#677 = CARTESIAN_POINT ( 'NONE',  ( 41.12323539210235168, -5.977217736897404876, 27.32221940244950531 ) ) ;
#678 = B_SPLINE_CURVE_WITH_KNOTS ( 'NONE', 3,
 ( #2133, #967, #598, #2172, #16, #1934 ),
 .UNSPECIFIED., .F., .F.,
 ( 4, 2, 4 ),
 ( 7.757919228897728493E-18, 0.0004036057813128183396, 0.0008072115626256289814 ),
 .UNSPECIFIED. ) ;
#679 = CONICAL_SURFACE ( 'NONE', #1894, 16.90000000000000568, 0.06981317007977333455 ) ;
#680 = VERTEX_POINT ( 'NONE', #1646 ) ;
#681 = AXIS2_PLACEMENT_3D ( 'NONE', #537, #942, #1703 ) ;
#682 = CARTESIAN_POINT ( 'NONE',  ( 30.00000000000000000, 8.997867335167121894, 11.27440521841640653 ) ) ;
#683 = CARTESIAN_POINT ( 'NONE',  ( -20.50000000000000000, 0.1805809833629564709, 6.999999999999993783 ) ) ;
#684 = CARTESIAN_POINT ( 'NONE',  ( 41.48240847406490417, 7.296189091889164757, 23.71089786551462097 ) ) ;
#685 = DIRECTION ( 'NONE',  ( 0.000000000000000000, 0.000000000000000000, -1.000000000000000000 ) ) ;
#686 = ORIENTED_EDGE ( 'NONE', *, *, #2161, .F. ) ;
#687 = CARTESIAN_POINT ( 'NONE',  ( 43.11197607752521321, -2.696921906999044632E-15, 26.99999999999999289 ) ) ;
#688 = FACE_OUTER_BOUND ( 'NONE', #261, .T. ) ;
#689 = DIRECTION ( 'NONE',  ( 0.000000000000000000, 0.000000000000000000, -1.000000000000000000 ) ) ;
#690 = ORIENTED_EDGE ( 'NONE', *, *, #1726, .T. ) ;
#691 = CARTESIAN_POINT ( 'NONE',  ( 12.08639319301802217, 4.668247931729226252, 7.744535511051864773 ) ) ;
#692 = ORIENTED_EDGE ( 'NONE', *, *, #2173, .T. ) ;
#693 = CARTESIAN_POINT ( 'NONE',  ( 40.88596038648784514, 10.35955914768175035, 7.204259849755665357 ) ) ;
#694 = CARTESIAN_POINT ( 'NONE',  ( -20.21531472852246480, 1.783255016719464736, 7.102597936200529816 ) ) ;
#695 = CARTESIAN_POINT ( 'NONE',  ( -29.84469725319893030, -10.04002538228584740, 11.12259805698890425 ) ) ;
#696 = CARTESIAN_POINT ( 'NONE',  ( -40.99818721839426416, -6.420078512203721388, 26.79571005513065174 ) ) ;
#697 = CARTESIAN_POINT ( 'NONE',  ( -13.56498718316734298, 5.312573094224263492, 7.972179312314192856 ) ) ;
#698 = ORIENTED_EDGE ( 'NONE', *, *, #1400, .F. ) ;
#699 = CARTESIAN_POINT ( 'NONE',  ( 43.23579325466504031, -3.757350349448334903, 18.68552941592477623 ) ) ;
#700 = AXIS2_PLACEMENT_3D ( 'NONE', #179, #205, #971 ) ;
#701 = FACE_OUTER_BOUND ( 'NONE', #2489, .T. ) ;
#702 = ORIENTED_EDGE ( 'NONE', *, *, #2176, .T. ) ;
#703 = CARTESIAN_POINT ( 'NONE',  ( -30.76494753461140164, -10.17097559405932827, 10.37947283594041537 ) ) ;
#704 = ADVANCED_FACE ( 'NONE', ( #2506, #2122 ), #1876, .F. ) ;
#705 = ORIENTED_EDGE ( 'NONE', *, *, #731, .T. ) ;
#706 = ADVANCED_FACE ( 'NONE', ( #1694 ), #1685, .F. ) ;
#707 = CARTESIAN_POINT ( 'NONE',  ( 28.99999999999999645, 8.803702866745926059, 9.855255629118838456 ) ) ;
#708 = EDGE_CURVE ( 'NONE', #1869, #171, #1707, .T. ) ;
#709 = DIRECTION ( 'NONE',  ( -0.000000000000000000, -1.219727444046192735E-16, 1.000000000000000000 ) ) ;
#710 = DATE_AND_TIME ( #2275, #1477 ) ;
#711 = CARTESIAN_POINT ( 'NONE',  ( -40.72291776398553509, 7.345425872656233146, 25.17791445124406380 ) ) ;
#712 = ORIENTED_EDGE ( 'NONE', *, *, #1754, .F. ) ;
#713 = CARTESIAN_POINT ( 'NONE',  ( 42.68926236739432767, -4.962673718296366054, 21.30771613664743924 ) ) ;
#714 = CARTESIAN_POINT ( 'NONE',  ( 28.99999999999999645, 10.37544290684799364, 9.219147740203796459 ) ) ;
#715 = ORIENTED_EDGE ( 'NONE', *, *, #183, .T. ) ;
#716 = FACE_OUTER_BOUND ( 'NONE', #1850, .T. ) ;
#717 = VERTEX_POINT ( 'NONE', #2287 ) ;
#718 = CARTESIAN_POINT ( 'NONE',  ( -41.16668847865748404, -5.823301243458693932, 27.50510340020498390 ) ) ;
#719 = CARTESIAN_POINT ( 'NONE',  ( 42.35243113878484422, 4.578473684691337198, 27.61760362179657591 ) ) ;
#720 = CARTESIAN_POINT ( 'NONE',  ( -42.39777191342304263, -4.406905078237815410, 27.73748150140810509 ) ) ;
#721 = CARTESIAN_POINT ( 'NONE',  ( 39.71698288541474398, -11.99999999999999822, -2.927345865710861972E-15 ) ) ;
#722 = CARTESIAN_POINT ( 'NONE',  ( -42.18950266906104218, 5.151045090472720744, 27.16086899215827799 ) ) ;
#723 = CARTESIAN_POINT ( 'NONE',  ( 42.37679389545100150, -4.495439290480093497, 27.68743941172861511 ) ) ;
#724 = VERTEX_POINT ( 'NONE', #176 ) ;
#725 = DIRECTION ( 'NONE',  ( -0.000000000000000000, -1.796148638749451749E-16, 1.000000000000000000 ) ) ;
#726 = ORIENTED_EDGE ( 'NONE', *, *, #1181, .F. ) ;
#727 = CARTESIAN_POINT ( 'NONE',  ( -42.83799972367763331, -4.724474831564321242, 20.35502799734758739 ) ) ;
#728 = VECTOR ( 'NONE', #844, 1000.000000000000000 ) ;
#729 = APPROVAL_STATUS ( 'not_yet_approved' ) ;
#730 = CARTESIAN_POINT ( 'NONE',  ( -41.68681754599334255, 6.662683207254791462, 25.28107397535979928 ) ) ;
#731 = EDGE_CURVE ( 'NONE', #1869, #2063, #1061, .T. ) ;
#732 = CARTESIAN_POINT ( 'NONE',  ( 40.21293524605599856, -11.78582288248929366, -5.639082008707615835E-16 ) ) ;
#733 = CARTESIAN_POINT ( 'NONE',  ( 43.81124419696031680, -0.3332053205250865013, 16.99999999999998224 ) ) ;
#734 = CARTESIAN_POINT ( 'NONE',  ( 42.65279053988010105, 4.348727496776996659, 24.48910806761177383 ) ) ;
#735 = EDGE_CURVE ( 'NONE', #1314, #1588, #1892, .T. ) ;
#736 = CARTESIAN_POINT ( 'NONE',  ( 41.25253849697725883, -5.495415504912927851, 27.81841430690532846 ) ) ;
#737 = EDGE_LOOP ( 'NONE', ( #1882, #814, #648, #953, #531, #1853, #211, #892, #2487, #2448 ) ) ;
#738 = CARTESIAN_POINT ( 'NONE',  ( -30.99999999999998579, -10.03154801471164603, 11.17070600249612511 ) ) ;
#739 = CIRCLE ( 'NONE', #2395, 2.749999999999999112 ) ;
#740 = VECTOR ( 'NONE', #917, 1000.000000000000114 ) ;
#741 = EDGE_LOOP ( 'NONE', ( #1828, #2396, #690, #2095 ) ) ;
#742 = CARTESIAN_POINT ( 'NONE',  ( -42.75807942564660635, -4.863067408835635597, 20.82636367534374244 ) ) ;
#743 = COORDINATED_UNIVERSAL_TIME_OFFSET ( 5, 30, .AHEAD. ) ;
#744 = CARTESIAN_POINT ( 'NONE',  ( -42.95038010277716012, 0.8678432214666603750, 29.03418851095930364 ) ) ;
#745 = DIRECTION ( 'NONE',  ( 0.000000000000000000, 0.000000000000000000, -1.000000000000000000 ) ) ;
#746 = CYLINDRICAL_SURFACE ( 'NONE', #2115, 8.000000000000000000 ) ;
#747 = CARTESIAN_POINT ( 'NONE',  ( -41.51272043562248371, 7.185583823873566089, 24.09016027171920626 ) ) ;
#748 = EDGE_CURVE ( 'NONE', #1638, #1464, #2336, .T. ) ;
#749 = CARTESIAN_POINT ( 'NONE',  ( 43.11197607752522032, 0.1641290933035890465, 26.99999999999999289 ) ) ;
#750 = DIRECTION ( 'NONE',  ( 0.000000000000000000, 0.000000000000000000, -1.000000000000000000 ) ) ;
#751 = ORIENTED_EDGE ( 'NONE', *, *, #405, .T. ) ;
#752 = DIRECTION ( 'NONE',  ( -1.000000000000000000, -0.000000000000000000, -0.000000000000000000 ) ) ;
#753 = ORIENTED_EDGE ( 'NONE', *, *, #2498, .F. ) ;
#754 = CARTESIAN_POINT ( 'NONE',  ( -41.66364756225724619, -3.606949130420595839, 29.15588532832479984 ) ) ;
#755 = COORDINATED_UNIVERSAL_TIME_OFFSET ( 5, 30, .AHEAD. ) ;
#756 = CARTESIAN_POINT ( 'NONE',  ( -42.84103861319017881, -2.113631368842602054, 28.79807736875049429 ) ) ;
#757 = DIRECTION ( 'NONE',  ( -0.000000000000000000, -1.796148638749451749E-16, 1.000000000000000000 ) ) ;
#758 = CARTESIAN_POINT ( 'NONE',  ( 19.76733505967071380, -2.766069967782273764, 7.254104676490004344 ) ) ;
#759 =( BOUNDED_SURFACE ( )  B_SPLINE_SURFACE ( 3, 2, ( 
 ( #675, #1465, #714 ),
 ( #485, #1487, #2060 ),
 ( #1077, #1090, #105 ),
 ( #1451, #1664, #310 ),
 ( #2232, #1854, #1102 ),
 ( #2449, #2209, #509 ),
 ( #1478, #875, #1652 ),
 ( #497, #322, #1678 ),
 ( #2255, #2243, #1273 ),
 ( #1639, #120, #889 ),
 ( #1297, #1242, #2018 ),
 ( #2072, #1868, #285 ),
 ( #132, #1436, #333 ),
 ( #2047, #1879, #1256 ) ),
 .UNSPECIFIED., .F., .F., .F. ) 
 B_SPLINE_SURFACE_WITH_KNOTS ( ( 4, 2, 2, 2, 2, 2, 4 ),
 ( 3, 3 ),
 ( 0.001239316975718587812, 0.001656968608544984135, 0.002074620241371380458, 0.002909923507024172670, 0.003327575139850568776, 0.003745226772676964883, 0.004580530038329757095 ),
 ( 0.000000000000000000, 1.000000000000000000 ),
 .UNSPECIFIED. ) 
 GEOMETRIC_REPRESENTATION_ITEM ( )  RATIONAL_B_SPLINE_SURFACE ( (
 ( 1.000000000000000000, 0.5303300858899111514, 1.000000000000000000),
 ( 1.000000000000000000, 0.5303352049629871390, 1.000000000000000000),
 ( 1.000000000000000000, 0.5316658600794507139, 1.000000000000000000),
 ( 1.000000000000000000, 0.5368517259783714968, 1.000000000000000000),
 ( 1.000000000000000000, 0.5407715866343623112, 1.000000000000000000),
 ( 1.000000000000000000, 0.5556566014631303396, 1.000000000000000000),
 ( 1.000000000000000000, 0.5700471142284679882, 1.000000000000000000),
 ( 1.000000000000000000, 0.5953825967051598056, 1.000000000000000000),
 ( 1.000000000000000000, 0.6045843474117850169, 1.000000000000000000),
 ( 1.000000000000000000, 0.6236274898383461496, 1.000000000000000000),
 ( 1.000000000000000000, 0.6335270933509018487, 1.000000000000000000),
 ( 1.000000000000000000, 0.6643131776636234109, 1.000000000000000000),
 ( 1.000000000000000000, 0.6857143969032976072, 1.000000000000000000),
 ( 1.000000000000000000, 0.7071067811865456854, 1.000000000000000000) ) ) 
 REPRESENTATION_ITEM ( '' )  SURFACE ( )  );
#760 = CARTESIAN_POINT ( 'NONE',  ( -41.23096880178818679, 7.685637399609175802, 24.26551545643887309 ) ) ;
#761 = CARTESIAN_POINT ( 'NONE',  ( -30.00000000000000000, -2.694222958124177204E-15, 21.99999999999999289 ) ) ;
#762 = AXIS2_PLACEMENT_3D ( 'NONE', #1650, #2420, #1610 ) ;
#763 = CARTESIAN_POINT ( 'NONE',  ( -28.99999999999999645, 8.803702866745926059, 9.855255629118838456 ) ) ;
#764 = EDGE_LOOP ( 'NONE', ( #586, #1276, #1241, #1831, #1274 ) ) ;
#765 = EDGE_CURVE ( 'NONE', #1774, #2297, #1971, .T. ) ;
#766 = CARTESIAN_POINT ( 'NONE',  ( -43.16498956740912973, -3.962058886740569275, 18.93288076266505016 ) ) ;
#767 = DIRECTION ( 'NONE',  ( -0.000000000000000000, -1.796148638749451749E-16, 1.000000000000000000 ) ) ;
#768 = CARTESIAN_POINT ( 'NONE',  ( -30.99999999999997158, 7.878612125218703355, 23.38833388648293266 ) ) ;
#769 = VECTOR ( 'NONE', #1363, 1000.000000000000000 ) ;
#770 = CYLINDRICAL_SURFACE ( 'NONE', #1830, 5.000000000000000888 ) ;
#771 = ORGANIZATION ( 'UNSPECIFIED', 'UNSPECIFIED', '' ) ;
#772 = CARTESIAN_POINT ( 'NONE',  ( -40.78097741868247539, 7.146739557370063167, 25.60257071274144636 ) ) ;
#773 = CARTESIAN_POINT ( 'NONE',  ( 30.28252593835433615, -10.28975351633156876, 9.705423756152370629 ) ) ;
#774 = PLANE ( 'NONE',  #277 ) ;
#775 = DIRECTION ( 'NONE',  ( 0.01706698452501659996, 0.1735164591810346157, -0.9846830741068415271 ) ) ;
#776 = ORIENTED_EDGE ( 'NONE', *, *, #950, .T. ) ;
#777 = CIRCLE ( 'NONE', #413, 16.90000000000000568 ) ;
#778 = CARTESIAN_POINT ( 'NONE',  ( -30.28304626940813549, 10.28966633729179669, 9.705918485731825029 ) ) ;
#779 = AXIS2_PLACEMENT_3D ( 'NONE', #1849, #293, #1837 ) ;
#780 = LINE ( 'NONE', #1187, #1224 ) ;
#781 = CARTESIAN_POINT ( 'NONE',  ( -15.00000000000000000, 2.232015991190242520E-78, 6.999999999999992006 ) ) ;
#782 = CC_DESIGN_PERSON_AND_ORGANIZATION_ASSIGNMENT ( #1304, #1506, ( #1080 ) ) ;
#783 = CARTESIAN_POINT ( 'NONE',  ( -31.00000000000000000, -10.65377267553076379, 1.877360300170210605 ) ) ;
#784 = CARTESIAN_POINT ( 'NONE',  ( -41.50814934304218440, 4.419883524257982366, 28.68410626637675165 ) ) ;
#785 = DIRECTION ( 'NONE',  ( 0.000000000000000000, 0.000000000000000000, -1.000000000000000000 ) ) ;
#786 = CARTESIAN_POINT ( 'NONE',  ( 41.16725883659773189, 5.821193190243552529, 27.50726364700328475 ) ) ;
#787 = CARTESIAN_POINT ( 'NONE',  ( 14.63773712401560623, -5.499999999999994671, 8.044714263047126224 ) ) ;
#788 = ORIENTED_EDGE ( 'NONE', *, *, #1543, .T. ) ;
#789 = CARTESIAN_POINT ( 'NONE',  ( 40.99007694110720479, -9.273760422709006690, 15.47105087539459056 ) ) ;
#790 = CARTESIAN_POINT ( 'NONE',  ( -42.86695337773544878, 4.668739584893272010, 20.20309303847595217 ) ) ;
#791 = CARTESIAN_POINT ( 'NONE',  ( 20.46362811735193077, 0.7267632844854430285, 7.013442877380504648 ) ) ;
#792 = DIRECTION ( 'NONE',  ( 0.000000000000000000, -1.000000000000000000, 0.000000000000000000 ) ) ;
#793 = CARTESIAN_POINT ( 'NONE',  ( -42.46694572626254427, 4.143976858530137974, 27.91834945710752081 ) ) ;
#794 = EDGE_CURVE ( 'NONE', #137, #812, #2311, .T. ) ;
#795 = B_SPLINE_CURVE_WITH_KNOTS ( 'NONE', 3,
 ( #462, #2368, #78, #852, #1438, #1625 ),
 .UNSPECIFIED., .F., .F.,
 ( 4, 2, 4 ),
 ( 3.943020890526445221E-19, 0.01185665962009513873, 0.02371331924019027745 ),
 .UNSPECIFIED. ) ;
#796 = CIRCLE ( 'NONE', #1766, 1.000000000000000888 ) ;
#797 = CARTESIAN_POINT ( 'NONE',  ( 41.67097033139233275, 6.497848723801209481, 26.69048299525361401 ) ) ;
#798 = CARTESIAN_POINT ( 'NONE',  ( 45.00000000000000000, 1.785282045311349153E-31, -1.463672932855430986E-15 ) ) ;
#799 = ORIENTED_EDGE ( 'NONE', *, *, #1214, .F. ) ;
#800 = CARTESIAN_POINT ( 'NONE',  ( -40.99007694099775989, 9.273760422702171269, 15.47105087538933610 ) ) ;
#801 = ORIENTED_EDGE ( 'NONE', *, *, #2425, .F. ) ;
#802 = CYLINDRICAL_SURFACE ( 'NONE', #2134, 2.750000000000004885 ) ;
#803 = DIRECTION ( 'NONE',  ( 0.000000000000000000, -1.000000000000000000, -1.577021341797098793E-16 ) ) ;
#804 = CARTESIAN_POINT ( 'NONE',  ( 20.35771452198779841, 1.255885890509040870, 7.051621477721280229 ) ) ;
#805 = CARTESIAN_POINT ( 'NONE',  ( -30.00000000000000000, -2.694222958124177204E-15, 6.999999999999992006 ) ) ;
#806 = CARTESIAN_POINT ( 'NONE',  ( -42.30020771598700691, -4.539916820070837744, 28.59307774823722426 ) ) ;
#807 = CARTESIAN_POINT ( 'NONE',  ( -29.99999999999999289, 9.982693850819455150, 11.44794695422679354 ) ) ;
#808 = ADVANCED_FACE ( 'NONE', ( #411 ), #2175, .T. ) ;
#809 = CARTESIAN_POINT ( 'NONE',  ( 42.83316987433271095, -2.177480896190584492, 28.78084627768261683 ) ) ;
#810 = EDGE_CURVE ( 'NONE', #119, #2144, #979, .T. ) ;
#811 = CARTESIAN_POINT ( 'NONE',  ( -40.59916497296241999, 6.893785609566364769, 23.21479215067256519 ) ) ;
#812 = VERTEX_POINT ( 'NONE', #2135 ) ;
#813 = DIRECTION ( 'NONE',  ( 0.000000000000000000, 0.000000000000000000, 1.000000000000000000 ) ) ;
#814 = ORIENTED_EDGE ( 'NONE', *, *, #1911, .T. ) ;
#815 = CARTESIAN_POINT ( 'NONE',  ( -39.57973408740604526, -12.00000000000000000, -2.927345865710861972E-15 ) ) ;
#816 = DIRECTION ( 'NONE',  ( 1.000000000000000000, 0.000000000000000000, 0.000000000000000000 ) ) ;
#817 = CARTESIAN_POINT ( 'NONE',  ( -19.94009932789721873, -2.444134317686506463, 7.196694839253261478 ) ) ;
#818 = CIRCLE ( 'NONE', #2274, 15.00000000000000000 ) ;
#819 = CARTESIAN_POINT ( 'NONE',  ( 31.00000000000001066, -10.03163227789527667, 11.17022782001663295 ) ) ;
#820 = CARTESIAN_POINT ( 'NONE',  ( -42.70983284727606133, -2.989970808548596981, 28.50266942549510318 ) ) ;
#821 = CARTESIAN_POINT ( 'NONE',  ( -29.64126297221269724, 8.838797725299206931, 10.15553708915090780 ) ) ;
#822 = CARTESIAN_POINT ( 'NONE',  ( 42.88141102162444440, 0.9758792711250727780, 29.95564845443763247 ) ) ;
#823 = DIRECTION ( 'NONE',  ( 0.000000000000000000, 0.9848265156523381414, 0.1735417358103666652 ) ) ;
#824 = EDGE_CURVE ( 'NONE', #1738, #501, #780, .T. ) ;
#825 = EDGE_LOOP ( 'NONE', ( #941, #620 ) ) ;
#826 = CARTESIAN_POINT ( 'NONE',  ( -39.99456475910932340, 12.02873591435076150, -0.1630725327944569092 ) ) ;
#827 = ORIENTED_EDGE ( 'NONE', *, *, #1447, .T. ) ;
#828 = DIRECTION ( 'NONE',  ( -0.000000000000000000, -0.1735417358103663044, 0.9848265156523381414 ) ) ;
#829 = CARTESIAN_POINT ( 'NONE',  ( -43.23547689590270693, 3.758294674020310477, 18.68661940966212143 ) ) ;
#830 = CARTESIAN_POINT ( 'NONE',  ( 20.49999999999999289, 3.635388030900873423E-31, 6.999999999999992006 ) ) ;
#831 = CARTESIAN_POINT ( 'NONE',  ( -30.76511917625841974, -10.17091341220873524, 10.37982570976047114 ) ) ;
#832 = CARTESIAN_POINT ( 'NONE',  ( -41.66348421990011985, -3.607859981668420257, 29.15540124017096701 ) ) ;
#833 = CARTESIAN_POINT ( 'NONE',  ( -29.91054115000747160, -8.902946530422708449, 10.64474720000697339 ) ) ;
#834 = CARTESIAN_POINT ( 'NONE',  ( 42.49960262209270923, 3.736146760069801953, 29.09151194880935165 ) ) ;
#835 = CARTESIAN_POINT ( 'NONE',  ( -41.47267793220207466, 7.375562678770756442, 23.28454862441668993 ) ) ;
#836 = ORIENTED_EDGE ( 'NONE', *, *, #473, .F. ) ;
#837 = FACE_OUTER_BOUND ( 'NONE', #186, .T. ) ;
#838 = ORIENTED_EDGE ( 'NONE', *, *, #2113, .T. ) ;
#839 = CARTESIAN_POINT ( 'NONE',  ( 40.91811169949463078, -6.687721326175999792, 26.41500361358750837 ) ) ;
#840 = CIRCLE ( 'NONE', #1367, 2.749999999999999112 ) ;
#841 = EDGE_CURVE ( 'NONE', #223, #1501, #1834, .T. ) ;
#842 = EDGE_CURVE ( 'NONE', #119, #1774, #10, .T. ) ;
#843 = CARTESIAN_POINT ( 'NONE',  ( 40.59326595224713685, 10.69345278672384403, 7.414483516519455364 ) ) ;
#844 = DIRECTION ( 'NONE',  ( -1.000000000000000000, -0.000000000000000000, -0.000000000000000000 ) ) ;
#845 = CARTESIAN_POINT ( 'NONE',  ( 30.06502065019911996, -10.32040753889954843, 9.531466211614842976 ) ) ;
#846 = DIRECTION ( 'NONE',  ( -1.000000000000000000, -0.000000000000000000, -0.000000000000000000 ) ) ;
#847 = CARTESIAN_POINT ( 'NONE',  ( 30.05984069743770348, 10.32092135708992053, 9.528550360993987667 ) ) ;
#848 = CARTESIAN_POINT ( 'NONE',  ( 15.00000000000000000, 2.232015991190242520E-78, 6.999999999999992006 ) ) ;
#849 = CIRCLE ( 'NONE', #1619, 0.9999999999999997780 ) ;
#850 = ORIENTED_EDGE ( 'NONE', *, *, #1368, .T. ) ;
#851 = DIRECTION ( 'NONE',  ( 1.000000000000000000, -0.000000000000000000, -0.000000000000000000 ) ) ;
#852 = CARTESIAN_POINT ( 'NONE',  ( -41.24569945411455052, -8.819434445526194821, 15.51707755442913950 ) ) ;
#853 = DIRECTION ( 'NONE',  ( 1.000000000000000000, 0.000000000000000000, 0.000000000000000000 ) ) ;
#854 = CARTESIAN_POINT ( 'NONE',  ( -41.96968055555699095, 2.350408089652989318E-11, 29.99999999999999289 ) ) ;
#855 = CARTESIAN_POINT ( 'NONE',  ( 42.72205648466492534, 2.918607400132074314, 28.53062953812618119 ) ) ;
#856 = EDGE_CURVE ( 'NONE', #2247, #2479, #1401, .T. ) ;
#857 = AXIS2_PLACEMENT_3D ( 'NONE', #1580, #614, #1391 ) ;
#858 = CARTESIAN_POINT ( 'NONE',  ( -40.91811169949458815, 6.687721326175991798, 26.41500361358750482 ) ) ;
#859 = AXIS2_PLACEMENT_3D ( 'NONE', #1961, #238, #2331 ) ;
#860 = CARTESIAN_POINT ( 'NONE',  ( 30.99999999999999645, 10.03154801471164781, 11.17070600249613577 ) ) ;
#861 = DIRECTION ( 'NONE',  ( -0.000000000000000000, -1.796148638749451749E-16, 1.000000000000000000 ) ) ;
#862 = CARTESIAN_POINT ( 'NONE',  ( -40.30780564949706957, 11.68672243291962154, 1.425461608238234574E-15 ) ) ;
#863 = EDGE_LOOP ( 'NONE', ( #2437, #692, #1103, #1468, #408, #560, #420, #1715, #1653, #536 ) ) ;
#864 = CARTESIAN_POINT ( 'NONE',  ( 10.06151544736550107, 2.447626706748589953, 7.197239777340079137 ) ) ;
#865 = ORIENTED_EDGE ( 'NONE', *, *, #2173, .F. ) ;
#866 = CARTESIAN_POINT ( 'NONE',  ( -9.500000000000005329, 3.635388030900873423E-31, 6.999999999999992006 ) ) ;
#867 = CARTESIAN_POINT ( 'NONE',  ( -19.36787123721487802, 3.361406940460094805, 7.378352623825523260 ) ) ;
#868 = CARTESIAN_POINT ( 'NONE',  ( -30.00000000000000000, -8.997867335167118341, 11.27440521841641186 ) ) ;
#869 = CARTESIAN_POINT ( 'NONE',  ( -40.63345754952123912, -7.672954391587554213, 24.31289688564150708 ) ) ;
#870 = DIRECTION ( 'NONE',  ( 0.000000000000000000, -1.776356839400250465E-15, -1.000000000000000000 ) ) ;
#871 = ORIENTED_EDGE ( 'NONE', *, *, #886, .T. ) ;
#872 = CARTESIAN_POINT ( 'NONE',  ( 42.62643406211141439, -4.503211799452478736, 24.19796624103694427 ) ) ;
#873 = EDGE_CURVE ( 'NONE', #1774, #2426, #1751, .T. ) ;
#874 = CARTESIAN_POINT ( 'NONE',  ( -9.500000000000005329, 3.635388030900873423E-31, 6.999999999999992006 ) ) ;
#875 = CARTESIAN_POINT ( 'NONE',  ( 29.28761033036256478, 10.10599795659879696, 10.74821237860269463 ) ) ;
#876 = ORIENTED_EDGE ( 'NONE', *, *, #1803, .F. ) ;
#877 = CARTESIAN_POINT ( 'NONE',  ( 41.95346712817624990, -0.9451869377361428182, 29.95767561473319773 ) ) ;
#878 = ORIENTED_EDGE ( 'NONE', *, *, #1005, .F. ) ;
#879 = CARTESIAN_POINT ( 'NONE',  ( 41.18676696612822496, 7.880352758376739430, 23.37845602234810727 ) ) ;
#880 = CARTESIAN_POINT ( 'NONE',  ( 45.00000000000000000, -2.694222958124177204E-15, 21.99999999999999289 ) ) ;
#881 = CARTESIAN_POINT ( 'NONE',  ( 43.81124419696032390, 0.3332625790354452611, 16.99999999999999645 ) ) ;
#882 = CARTESIAN_POINT ( 'NONE',  ( -41.82652193782236338, -6.263685009151469529, 25.93579824257932387 ) ) ;
#883 = CARTESIAN_POINT ( 'NONE',  ( -10.62821164842080712, 3.356295992308979681, 7.377176709196020532 ) ) ;
#884 = DIRECTION ( 'NONE',  ( 0.000000000000000000, 0.1735417358103668040, -0.9848265156523382524 ) ) ;
#885 = CARTESIAN_POINT ( 'NONE',  ( 41.51284307779226879, 7.184920553426866086, 24.09354124827386912 ) ) ;
#886 = EDGE_CURVE ( 'NONE', #501, #1159, #660, .T. ) ;
#887 = B_SPLINE_CURVE_WITH_KNOTS ( 'NONE', 3,
 ( #172, #738, #930, #561, #703, #2478, #122, #1517, #1908, #1313, #1870, #335, #1286, #2451 ),
 .UNSPECIFIED., .F., .F.,
 ( 4, 2, 2, 2, 2, 2, 4 ),
 ( 0.000000000000000000, 0.0008356131650504496772, 0.001253419747575675600, 0.001671226330100901523, 0.002506839495151354236, 0.002924646077676585146, 0.003342452660201816490 ),
 .UNSPECIFIED. ) ;
#888 = EDGE_CURVE ( 'NONE', #724, #2479, #202, .T. ) ;
#889 = CARTESIAN_POINT ( 'NONE',  ( 30.76511917625841619, 10.17091341220873524, 10.37982570976045515 ) ) ;
#890 = VERTEX_POINT ( 'NONE', #303 ) ;
#891 = LINE ( 'NONE', #2062, #1326 ) ;
#892 = ORIENTED_EDGE ( 'NONE', *, *, #1571, .T. ) ;
#893 = CARTESIAN_POINT ( 'NONE',  ( 40.10986826735492627, 10.71220821263085554, 7.308048942338015941 ) ) ;
#894 = CARTESIAN_POINT ( 'NONE',  ( 41.47267793220208887, -7.375562678770764435, 23.28454862441667572 ) ) ;
#895 = CARTESIAN_POINT ( 'NONE',  ( 42.11629952679598432, -5.394332249654345546, 26.94870467952010884 ) ) ;
#896 = CARTESIAN_POINT ( 'NONE',  ( -41.51284307779231142, -7.184920553426731082, 24.09354124827386912 ) ) ;
#897 = CARTESIAN_POINT ( 'NONE',  ( -11.36313567309212047, 4.141309389211452086, 7.580646565044652618 ) ) ;
#898 = LINE ( 'NONE', #805, #1952 ) ;
#899 = CARTESIAN_POINT ( 'NONE',  ( 43.23547689590273535, 3.758294674020310033, 18.68661940966212143 ) ) ;
#900 = VECTOR ( 'NONE', #2044, 1000.000000000000114 ) ;
#901 = CARTESIAN_POINT ( 'NONE',  ( -30.00000000000000000, 6.893785609566364769, 23.21479215067256519 ) ) ;
#902 = CIRCLE ( 'NONE', #576, 15.00000000000000000 ) ;
#903 = CARTESIAN_POINT ( 'NONE',  ( 45.00000000000000000, -7.878612125218710460, 23.38833388648292910 ) ) ;
#904 = ORIENTED_EDGE ( 'NONE', *, *, #1514, .T. ) ;
#905 = CARTESIAN_POINT ( 'NONE',  ( 41.96968055555701937, -2.351498509926854308E-11, 29.99999999999999289 ) ) ;
#906 = EDGE_LOOP ( 'NONE', ( #865, #406, #702, #385, #1994, #715, #827, #2007, #2120, #1776 ) ) ;
#907 = EDGE_CURVE ( 'NONE', #1386, #1464, #1083, .T. ) ;
#908 = CARTESIAN_POINT ( 'NONE',  ( -42.86699800859245357, -4.668656770052447946, 20.20285077593448975 ) ) ;
#909 = CARTESIAN_POINT ( 'NONE',  ( 42.95038010277718143, -0.8678432214666751410, 29.03418851095930364 ) ) ;
#910 = CARTESIAN_POINT ( 'NONE',  ( -41.93165575405374312, 5.961004681697109397, 26.33395767788641706 ) ) ;
#911 = CYLINDRICAL_SURFACE ( 'NONE', #1265, 8.000000000000000000 ) ;
#912 = CARTESIAN_POINT ( 'NONE',  ( -41.16584097449414514, 5.822513853015766294, 27.49107175785179535 ) ) ;
#913 = CARTESIAN_POINT ( 'NONE',  ( -41.38402260301305802, 8.098738384000814250, 19.40006481539785455 ) ) ;
#914 = ORIENTED_EDGE ( 'NONE', *, *, #20, .F. ) ;
#915 = CARTESIAN_POINT ( 'NONE',  ( 41.88892811963928864, 1.856273836426046486, 29.78521040240863726 ) ) ;
#916 = ORIENTED_EDGE ( 'NONE', *, *, #332, .T. ) ;
#917 = DIRECTION ( 'NONE',  ( -0.000000000000000000, -0.1735417358103659990, -0.9848265156523382524 ) ) ;
#918 = EDGE_CURVE ( 'NONE', #1611, #1788, #2399, .T. ) ;
#919 = AXIS2_PLACEMENT_3D ( 'NONE', #1270, #661, #1062 ) ;
#920 = ADVANCED_FACE ( 'NONE', ( #2427 ), #1113, .T. ) ;
#921 = PERSON_AND_ORGANIZATION ( #1841, #771 ) ;
#922 = CARTESIAN_POINT ( 'NONE',  ( -41.48241005833216377, 7.296176168767471992, 23.71096728108904372 ) ) ;
#923 = DIRECTION ( 'NONE',  ( 0.000000000000000000, 0.000000000000000000, -1.000000000000000000 ) ) ;
#924 = VECTOR ( 'NONE', #828, 1000.000000000000114 ) ;
#925 = DIRECTION ( 'NONE',  ( 1.000000000000000000, 0.000000000000000000, 0.000000000000000000 ) ) ;
#926 = DIRECTION ( 'NONE',  ( 0.000000000000000000, -0.9848265156523381414, -0.1735417358103668040 ) ) ;
#927 = CARTESIAN_POINT ( 'NONE',  ( 29.03058837355121469, -10.09801726422315049, 10.79350175771205933 ) ) ;
#928 = CARTESIAN_POINT ( 'NONE',  ( 40.63335632451234147, -7.673671721556657666, 24.30903291207840411 ) ) ;
#929 = VERTEX_POINT ( 'NONE', #2225 ) ;
#930 = CARTESIAN_POINT ( 'NONE',  ( -30.95610139541335215, -10.07969025755642711, 10.89750510903314051 ) ) ;
#931 = EDGE_LOOP ( 'NONE', ( #914, #776, #664, #50 ) ) ;
#932 = CARTESIAN_POINT ( 'NONE',  ( -43.79835300219866667, -0.6605372176101088622, 17.03299458969653912 ) ) ;
#933 = CIRCLE ( 'NONE', #1503, 8.000000000000001776 ) ;
#934 = CARTESIAN_POINT ( 'NONE',  ( -41.61826192374923750, -6.857376999895806513, 24.92361778908925984 ) ) ;
#935 = DIRECTION ( 'NONE',  ( 0.000000000000000000, 0.9848265156523381414, -0.1735417358103668040 ) ) ;
#936 = CARTESIAN_POINT ( 'NONE',  ( -15.00000000000000000, 0.000000000000000000, 6.999999999999992006 ) ) ;
#937 =( BOUNDED_SURFACE ( )  B_SPLINE_SURFACE ( 3, 2, ( 
 ( #1025, #2355, #621 ),
 ( #1206, #2381, #649 ),
 ( #1374, #249, #1195 ),
 ( #1036, #635, #1813 ) ),
 .UNSPECIFIED., .F., .F., .T. ) 
 B_SPLINE_SURFACE_WITH_KNOTS ( ( 4, 4 ),
 ( 3, 3 ),
 ( 4.819139366870298424, 5.133964918993310533 ),
 ( 0.000000000000000000, 1.000000000000000000 ),
 .UNSPECIFIED. ) 
 GEOMETRIC_REPRESENTATION_ITEM ( )  RATIONAL_B_SPLINE_SURFACE ( (
 ( 1.000000000000000000, 0.8621405024482150514, 1.000000000000000000),
 ( 1.000000000000000000, 0.8851895644209734071, 1.000000000000000000),
 ( 1.000000000000000000, 0.9042055041249713598, 1.000000000000000000),
 ( 1.000000000000000000, 0.9201483608572382789, 1.000000000000000000) ) ) 
 REPRESENTATION_ITEM ( '' )  SURFACE ( )  );
#938 = CARTESIAN_POINT ( 'NONE',  ( -41.57434028722206421, 6.752697295714389369, 26.31557738464036333 ) ) ;
#939 = CARTESIAN_POINT ( 'NONE',  ( 42.83797993927857561, 4.724512411173767745, 20.35513355611972841 ) ) ;
#940 = CARTESIAN_POINT ( 'NONE',  ( 40.81352263996220131, -7.037740004413278072, 25.81111065403820604 ) ) ;
#941 = ORIENTED_EDGE ( 'NONE', *, *, #918, .T. ) ;
#942 = DIRECTION ( 'NONE',  ( -0.000000000000000000, -1.796148638749451749E-16, 1.000000000000000000 ) ) ;
#943 = ORIENTED_EDGE ( 'NONE', *, *, #856, .F. ) ;
#944 = DIRECTION ( 'NONE',  ( 0.000000000000000000, -0.1735417358103659990, -0.9848265156523382524 ) ) ;
#945 = CARTESIAN_POINT ( 'NONE',  ( -42.65033406690809414, -3.306876361526969177, 28.36573312150063586 ) ) ;
#946 = CARTESIAN_POINT ( 'NONE',  ( 39.57973408740611632, 12.00000000000000178, 0.000000000000000000 ) ) ;
#947 = FACE_OUTER_BOUND ( 'NONE', #337, .T. ) ;
#948 = CARTESIAN_POINT ( 'NONE',  ( -40.60626890365493580, 7.796070230874648566, 23.85674827580899660 ) ) ;
#949 = CARTESIAN_POINT ( 'NONE',  ( 28.99999999999999289, -8.803702866745929612, 9.855255629118834904 ) ) ;
#950 = EDGE_CURVE ( 'NONE', #1501, #2500, #1470, .T. ) ;
#951 = EDGE_CURVE ( 'NONE', #1333, #104, #225, .T. ) ;
#952 = CARTESIAN_POINT ( 'NONE',  ( 42.19655260698513644, -4.921167750093691673, 28.32637307522514192 ) ) ;
#953 = ORIENTED_EDGE ( 'NONE', *, *, #1494, .T. ) ;
#954 = DIRECTION ( 'NONE',  ( -0.000000000000000000, -1.796148638749451749E-16, 1.000000000000000000 ) ) ;
#955 = EDGE_LOOP ( 'NONE', ( #1219, #1867 ) ) ;
#956 = CARTESIAN_POINT ( 'NONE',  ( -42.65322656864342576, -4.997300470896939295, 21.63247762851324296 ) ) ;
#957 = DATE_AND_TIME ( #151, #1120 ) ;
#958 = CARTESIAN_POINT ( 'NONE',  ( -42.64772885474932451, 3.319955141085822792, 28.35958198203706715 ) ) ;
#959 = CARTESIAN_POINT ( 'NONE',  ( 29.08146221000374609, -8.803702866745931388, 9.855255629118822469 ) ) ;
#960 = CARTESIAN_POINT ( 'NONE',  ( 20.49999999999999289, -0.3669764956417103652, 6.999999999999989342 ) ) ;
#961 = CARTESIAN_POINT ( 'NONE',  ( -40.59916497296242710, 7.878612125218703355, 23.38833388648293266 ) ) ;
#962 = CARTESIAN_POINT ( 'NONE',  ( 43.06980336820828370, 1.308493672789849072, 26.83708670542977970 ) ) ;
#963 = VECTOR ( 'NONE', #861, 1000.000000000000000 ) ;
#964 = CARTESIAN_POINT ( 'NONE',  ( -15.00000000000000000, -5.499999999999994671, 6.999999999999991118 ) ) ;
#965 = EDGE_CURVE ( 'NONE', #1035, #2085, #68, .T. ) ;
#966 = ORIENTED_EDGE ( 'NONE', *, *, #258, .F. ) ;
#967 = CARTESIAN_POINT ( 'NONE',  ( -40.21293524605595593, 11.78582288248930787, 7.982071862179176396E-16 ) ) ;
#968 = CARTESIAN_POINT ( 'NONE',  ( 45.00000000000000000, -2.694222958124177204E-15, 21.99999999999999289 ) ) ;
#969 = DIRECTION ( 'NONE',  ( -1.000000000000000000, -0.000000000000000000, -0.000000000000000000 ) ) ;
#970 = VECTOR ( 'NONE', #1732, 1000.000000000000000 ) ;
#971 = DIRECTION ( 'NONE',  ( 0.000000000000000000, 0.000000000000000000, -1.000000000000000000 ) ) ;
#972 = CARTESIAN_POINT ( 'NONE',  ( -42.03553483932446255, 5.441610299207272128, 27.87078425360049749 ) ) ;
#973 = CARTESIAN_POINT ( 'NONE',  ( 29.19498615683612641, -10.10553881218427641, 10.75081796274082180 ) ) ;
#974 = CARTESIAN_POINT ( 'NONE',  ( 41.40869416306391315, -7.189354969869907741, 25.51759563929236307 ) ) ;
#975 = DIRECTION ( 'NONE',  ( 0.000000000000000000, 0.9848265156523381414, 0.1735417358103666652 ) ) ;
#976 = ORIENTED_EDGE ( 'NONE', *, *, #2176, .F. ) ;
#977 = CARTESIAN_POINT ( 'NONE',  ( -29.28308221624309482, 10.37249440949315904, 9.235880074721562139 ) ) ;
#978 = AXIS2_PLACEMENT_3D ( 'NONE', #1415, #816, #1984 ) ;
#979 = LINE ( 'NONE', #1743, #91 ) ;
#980 = CARTESIAN_POINT ( 'NONE',  ( 17.28117047305626741, 5.007837474205353523, 7.860447663587066813 ) ) ;
#981 = CARTESIAN_POINT ( 'NONE',  ( 40.30780564949709799, 11.68672243291962509, 1.425461608238235363E-15 ) ) ;
#982 = CARTESIAN_POINT ( 'NONE',  ( -41.89122566261169567, 1.873395865596981569, 29.79159346520133056 ) ) ;
#983 = CARTESIAN_POINT ( 'NONE',  ( -29.31436744326040511, -8.810965830104692031, 9.919138708516756608 ) ) ;
#984 = CARTESIAN_POINT ( 'NONE',  ( 41.81808097268706348, 2.533137127377677267, 29.59192517388987298 ) ) ;
#985 = CARTESIAN_POINT ( 'NONE',  ( 12.23234418953458658, -4.766254205396970534, 7.775855405049785674 ) ) ;
#986 = VERTEX_POINT ( 'NONE', #866 ) ;
#987 = CYLINDRICAL_SURFACE ( 'NONE', #2252, 0.9999999999999991118 ) ;
#988 = EDGE_LOOP ( 'NONE', ( #1384, #1078 ) ) ;
#989 = CARTESIAN_POINT ( 'NONE',  ( 40.88596038643411390, -10.35955914773610331, 7.204259849770857649 ) ) ;
#990 = EDGE_CURVE ( 'NONE', #1386, #147, #525, .T. ) ;
#991 = CARTESIAN_POINT ( 'NONE',  ( -43.16433420604877114, 3.963924331773253762, 18.93520737369595253 ) ) ;
#992 = CARTESIAN_POINT ( 'NONE',  ( 17.44313747712893914, 4.930861642157265301, 7.833325144787679051 ) ) ;
#993 = EDGE_CURVE ( 'NONE', #2106, #676, #1455, .T. ) ;
#994 = CARTESIAN_POINT ( 'NONE',  ( 30.28304626940813549, -10.28966633729179492, 9.705918485731821477 ) ) ;
#995 = CARTESIAN_POINT ( 'NONE',  ( -42.51030782333254621, -3.948875739062246204, 28.02464501916796991 ) ) ;
#996 = CARTESIAN_POINT ( 'NONE',  ( -29.06333516275954310, 10.10122165415122808, 10.77531726651383792 ) ) ;
#997 = CARTESIAN_POINT ( 'NONE',  ( 42.87981953541216029, 1.740273589878516880, 28.88197915974599184 ) ) ;
#998 = TOROIDAL_SURFACE ( 'NONE', #762, 13.99999999999999822, 1.000000000000000000 ) ;
#999 = CARTESIAN_POINT ( 'NONE',  ( -39.57973408740601684, 12.00000000000000178, 0.000000000000000000 ) ) ;
#1000 = EDGE_LOOP ( 'NONE', ( #788, #1243 ) ) ;
#1001 = DIRECTION ( 'NONE',  ( 1.000000000000000000, -0.000000000000000000, -0.000000000000000000 ) ) ;
#1002 = DIRECTION ( 'NONE',  ( 0.000000000000000000, 0.000000000000000000, -1.000000000000000000 ) ) ;
#1003 = DIRECTION ( 'NONE',  ( -0.000000000000000000, -1.796148638749451749E-16, 1.000000000000000000 ) ) ;
#1004 = FACE_OUTER_BOUND ( 'NONE', #737, .T. ) ;
#1005 = EDGE_CURVE ( 'NONE', #2479, #724, #644, .T. ) ;
#1006 = CARTESIAN_POINT ( 'NONE',  ( -29.77534289936160405, -8.864230172573707378, 10.35490106376034092 ) ) ;
#1007 = CARTESIAN_POINT ( 'NONE',  ( -42.19655260698660015, 4.921167750093370152, 28.32637307522524850 ) ) ;
#1008 = DIRECTION ( 'NONE',  ( -1.000000000000000000, -0.000000000000000000, -0.000000000000000000 ) ) ;
#1009 = ADVANCED_FACE ( 'NONE', ( #174 ), #541, .T. ) ;
#1010 = AXIS2_PLACEMENT_3D ( 'NONE', #600, #1198, #1806 ) ;
#1011 = EDGE_CURVE ( 'NONE', #2144, #2327, #1130, .T. ) ;
#1012 = CARTESIAN_POINT ( 'NONE',  ( 40.91888761419652099, 6.685127635719488204, 26.41833344990974908 ) ) ;
#1013 = DIRECTION ( 'NONE',  ( 1.000000000000000000, 0.000000000000000000, 0.000000000000000000 ) ) ;
#1014 = ORIENTED_EDGE ( 'NONE', *, *, #258, .T. ) ;
#1015 = CARTESIAN_POINT ( 'NONE',  ( 30.00000000000000000, -2.694222958124177204E-15, 21.99999999999999289 ) ) ;
#1016 = CARTESIAN_POINT ( 'NONE',  ( 15.00000000000000000, 6.645749963372974748E-16, 3.299999999999990496 ) ) ;
#1017 = CARTESIAN_POINT ( 'NONE',  ( 17.75991382724935974, 4.760797510124505472, 7.775272232657838067 ) ) ;
#1018 = CARTESIAN_POINT ( 'NONE',  ( 29.68542882050016374, -10.35303606702833079, 9.346303607830327209 ) ) ;
#1019 = CARTESIAN_POINT ( 'NONE',  ( -42.87981953541212476, -1.740273589878600147, 28.88197915974598473 ) ) ;
#1020 = DIRECTION ( 'NONE',  ( 1.000000000000000000, -0.000000000000000000, -0.000000000000000000 ) ) ;
#1021 = CARTESIAN_POINT ( 'NONE',  ( 42.95043439928281259, 0.8730784518746513845, 29.03433396493029761 ) ) ;
#1022 = CARTESIAN_POINT ( 'NONE',  ( -11.36564497285047537, -4.143415639588248212, 7.581269927197086922 ) ) ;
#1023 = EDGE_CURVE ( 'NONE', #1398, #1231, #554, .T. ) ;
#1024 = ORIENTED_EDGE ( 'NONE', *, *, #365, .F. ) ;
#1025 = CARTESIAN_POINT ( 'NONE',  ( -41.47267793220205334, -7.375562678770757330, 23.28454862441672901 ) ) ;
#1026 = CARTESIAN_POINT ( 'NONE',  ( 41.84694945889496154, -2.312736024688267999, 29.67255049003387768 ) ) ;
#1027 = CARTESIAN_POINT ( 'NONE',  ( 41.28758230051990807, 8.885417361878197084, 15.17447796267130755 ) ) ;
#1028 = CARTESIAN_POINT ( 'NONE',  ( 41.47267793220210308, 7.375562678770756442, 23.28454862441668993 ) ) ;
#1029 = CARTESIAN_POINT ( 'NONE',  ( -29.01564943659381157, -10.09801726474990602, 10.79350175472523787 ) ) ;
#1030 = CARTESIAN_POINT ( 'NONE',  ( -41.57498006967630033, -6.751008662466068344, 26.31768857589498012 ) ) ;
#1031 = LINE ( 'NONE', #1595, #1183 ) ;
#1032 = CARTESIAN_POINT ( 'NONE',  ( 28.99999999999999645, -8.803702866745927835, 9.855255629118834904 ) ) ;
#1033 = CIRCLE ( 'NONE', #1565, 1.000000000000000888 ) ;
#1034 = CARTESIAN_POINT ( 'NONE',  ( -14.63748744043653360, -5.499999999999994671, 8.044714263047126224 ) ) ;
#1035 = VERTEX_POINT ( 'NONE', #1399 ) ;
#1036 = CARTESIAN_POINT ( 'NONE',  ( -40.28886873770090915, -11.73038351911046462, -0.2369950282826082388 ) ) ;
#1037 = ORIENTED_EDGE ( 'NONE', *, *, #178, .T. ) ;
#1038 = CARTESIAN_POINT ( 'NONE',  ( 9.500000000000005329, -2.694487641683787866E-15, 6.999999999999992006 ) ) ;
#1039 = AXIS2_PLACEMENT_3D ( 'NONE', #2074, #1480, #1146 ) ;
#1040 = CC_DESIGN_DATE_AND_TIME_ASSIGNMENT ( #72, #377, ( #2128 ) ) ;
#1041 = CARTESIAN_POINT ( 'NONE',  ( -43.10134835960400324, 0.6565669345219302677, 26.95944843380277334 ) ) ;
#1042 = FACE_OUTER_BOUND ( 'NONE', #1689, .T. ) ;
#1043 = CARTESIAN_POINT ( 'NONE',  ( -29.27545206293725144, -8.809233922484763113, 9.903998801536554097 ) ) ;
#1044 = PERSON_AND_ORGANIZATION ( #1841, #771 ) ;
#1045 = CARTESIAN_POINT ( 'NONE',  ( -12.71882952694372548, 5.007837474205353523, 7.860447663587068590 ) ) ;
#1046 = CARTESIAN_POINT ( 'NONE',  ( 42.98513490269164805, -2.226971794298446827, 26.48866168188705217 ) ) ;
#1047 = CARTESIAN_POINT ( 'NONE',  ( 30.00000000000000000, 10.37544290684799542, 9.219147740203794683 ) ) ;
#1048 = AXIS2_PLACEMENT_3D ( 'NONE', #1579, #2187, #266 ) ;
#1049 = DIRECTION ( 'NONE',  ( 1.000000000000000000, 0.000000000000000000, -0.000000000000000000 ) ) ;
#1050 = VERTEX_POINT ( 'NONE', #1564 ) ;
#1051 = DIRECTION ( 'NONE',  ( -0.000000000000000000, -1.796148638749451749E-16, 1.000000000000000000 ) ) ;
#1052 = EDGE_LOOP ( 'NONE', ( #1898, #2316, #966, #2380, #301 ) ) ;
#1053 = CARTESIAN_POINT ( 'NONE',  ( 29.99999999999998579, 8.972255193261103656, 11.11473166458953976 ) ) ;
#1054 = DIRECTION ( 'NONE',  ( 1.000000000000000000, 0.000000000000000000, 0.000000000000000000 ) ) ;
#1055 = CARTESIAN_POINT ( 'NONE',  ( 41.51515110035242628, -7.176791425530613111, 24.11999100329141044 ) ) ;
#1056 = EDGE_CURVE ( 'NONE', #90, #1257, #518, .T. ) ;
#1057 = CARTESIAN_POINT ( 'NONE',  ( -41.67097033139371831, -6.497848723800721871, 26.69048299525498535 ) ) ;
#1058 = AXIS2_PLACEMENT_3D ( 'NONE', #761, #1700, #631 ) ;
#1059 = CARTESIAN_POINT ( 'NONE',  ( -13.21915320878251698, 5.206849274960813290, 7.932594171092469892 ) ) ;
#1060 = VERTEX_POINT ( 'NONE', #587 ) ;
#1061 = CIRCLE ( 'NONE', #336, 0.9999999999999997780 ) ;
#1062 = DIRECTION ( 'NONE',  ( 0.000000000000000000, 0.000000000000000000, -1.000000000000000000 ) ) ;
#1063 = CARTESIAN_POINT ( 'NONE',  ( 15.00000000000000000, -2.750000000000003997, 6.999999999999991118 ) ) ;
#1064 = CARTESIAN_POINT ( 'NONE',  ( 28.09999999999999432, 6.011456762853118849E-15, 0.000000000000000000 ) ) ;
#1065 = EDGE_LOOP ( 'NONE', ( #1526, #1516, #488, #547 ) ) ;
#1066 = CARTESIAN_POINT ( 'NONE',  ( 11.36679612634228320, 4.144762000106213762, 7.581603318133041114 ) ) ;
#1067 = EDGE_LOOP ( 'NONE', ( #1488, #1642, #1426, #2465, #904, #2435, #836, #375 ) ) ;
#1068 = CARTESIAN_POINT ( 'NONE',  ( -42.87260305134276450, 3.062968054769135140, 25.96552493811116946 ) ) ;
#1069 = CARTESIAN_POINT ( 'NONE',  ( -15.00000000000000000, 5.499999999999994671, 8.044714263047129776 ) ) ;
#1070 = CARTESIAN_POINT ( 'NONE',  ( 42.48636287807460121, -4.063313359380900991, 27.96715129125643173 ) ) ;
#1071 = EDGE_CURVE ( 'NONE', #2409, #1563, #611, .T. ) ;
#1072 = DIRECTION ( 'NONE',  ( 1.000000000000000000, 0.000000000000000000, 0.000000000000000000 ) ) ;
#1073 = FACE_BOUND ( 'NONE', #2033, .T. ) ;
#1074 = EDGE_CURVE ( 'NONE', #1285, #717, #678, .T. ) ;
#1075 = CARTESIAN_POINT ( 'NONE',  ( 39.57973408740610211, -12.00000000000000000, -2.927345865710861972E-15 ) ) ;
#1076 = CARTESIAN_POINT ( 'NONE',  ( 42.65322656864344708, -4.997300470896938407, 21.63247762851323941 ) ) ;
#1077 = CARTESIAN_POINT ( 'NONE',  ( 29.13979964986461368, 8.804818888144334110, 9.865193521811157495 ) ) ;
#1078 = ORIENTED_EDGE ( 'NONE', *, *, #405, .F. ) ;
#1079 = CARTESIAN_POINT ( 'NONE',  ( -30.00000000000000000, 6.893785609566369210, 23.21479215067255453 ) ) ;
#1080 = PRODUCT_DEFINITION_FORMATION_WITH_SPECIFIED_SOURCE ( 'ANY', '', #2203, .NOT_KNOWN. ) ;
#1081 = EDGE_LOOP ( 'NONE', ( #1728, #2294, #562, #1574 ) ) ;
#1082 = CIRCLE ( 'NONE', #1203, 13.99999999999999822 ) ;
#1083 = LINE ( 'NONE', #265, #415 ) ;
#1084 = CARTESIAN_POINT ( 'NONE',  ( -17.28023340094345173, 5.008300328924454980, 7.860609801215459491 ) ) ;
#1085 = CARTESIAN_POINT ( 'NONE',  ( 41.84354941304126640, 6.214834974517858157, 26.00495439852503665 ) ) ;
#1086 = COORDINATED_UNIVERSAL_TIME_OFFSET ( 5, 30, .AHEAD. ) ;
#1087 = CARTESIAN_POINT ( 'NONE',  ( -40.99757130438132435, 6.422086465867357319, 26.79264127525589601 ) ) ;
#1088 = CARTESIAN_POINT ( 'NONE',  ( -15.00000000000000000, -2.750000000000010214, 3.299999999999990052 ) ) ;
#1089 = CARTESIAN_POINT ( 'NONE',  ( -28.99999999999999645, -2.694222958124177204E-15, 7.999999999999992895 ) ) ;
#1090 = CARTESIAN_POINT ( 'NONE',  ( 29.03107865187168457, 10.09871200697001115, 10.78955918404188274 ) ) ;
#1091 = EDGE_LOOP ( 'NONE', ( #2244, #1691, #2477, #1121, #1724 ) ) ;
#1092 = DIRECTION ( 'NONE',  ( -1.000000000000000000, -0.000000000000000000, -0.000000000000000000 ) ) ;
#1093 = AXIS2_PLACEMENT_3D ( 'NONE', #1840, #1621, #2394 ) ;
#1094 = ORIENTED_EDGE ( 'NONE', *, *, #735, .F. ) ;
#1095 = CARTESIAN_POINT ( 'NONE',  ( -40.77971384512743214, -7.150883678775458385, 25.61629138545704976 ) ) ;
#1096 = CARTESIAN_POINT ( 'NONE',  ( 42.21303704603710116, -5.080238256176717648, 27.23426419530245113 ) ) ;
#1097 = CARTESIAN_POINT ( 'NONE',  ( -41.96968055555647936, 0.4692885917829219822, 29.99999999999861444 ) ) ;
#1098 = CARTESIAN_POINT ( 'NONE',  ( 45.00000000000000000, -2.694222958124177204E-15, 21.99999999999999289 ) ) ;
#1099 = VECTOR ( 'NONE', #2238, 1000.000000000000114 ) ;
#1100 = CARTESIAN_POINT ( 'NONE',  ( -42.09529953817287407, 5.457127004560683226, 26.87444426199261827 ) ) ;
#1101 = AXIS2_PLACEMENT_3D ( 'NONE', #968, #612, #1603 ) ;
#1102 = CARTESIAN_POINT ( 'NONE',  ( 29.68488887383955444, 10.35304990556530846, 9.346225075953878303 ) ) ;
#1103 = ORIENTED_EDGE ( 'NONE', *, *, #2127, .T. ) ;
#1104 = CARTESIAN_POINT ( 'NONE',  ( 41.73229639645641242, 3.187413928602808255, 29.35231008235299655 ) ) ;
#1105 = ADVANCED_FACE ( 'NONE', ( #1577 ), #431, .T. ) ;
#1106 = ORIENTED_EDGE ( 'NONE', *, *, #765, .T. ) ;
#1107 = CC_DESIGN_SECURITY_CLASSIFICATION ( #1793, ( #1080 ) ) ;
#1108 = CARTESIAN_POINT ( 'NONE',  ( -43.44229785001483179, -3.047940018936942774, 18.02321371802363359 ) ) ;
#1109 = CARTESIAN_POINT ( 'NONE',  ( 30.00000000000000000, -6.893785609566370098, 23.21479215067256163 ) ) ;
#1110 = CARTESIAN_POINT ( 'NONE',  ( -42.52881905864945367, -3.868248511194198436, 28.07049016825783383 ) ) ;
#1111 = LINE ( 'NONE', #1317, #2385 ) ;
#1112 = DIRECTION ( 'NONE',  ( -0.000000000000000000, -1.796148638749451749E-16, 1.000000000000000000 ) ) ;
#1113 =( BOUNDED_SURFACE ( )  B_SPLINE_SURFACE ( 3, 2, ( 
 ( #2412, #879, #2051 ),
 ( #1027, #2200, #109 ),
 ( #693, #843, #893 ),
 ( #1234, #1832, #2442 ) ),
 .UNSPECIFIED., .F., .F., .T. ) 
 B_SPLINE_SURFACE_WITH_KNOTS ( ( 4, 4 ),
 ( 3, 3 ),
 ( 4.819139366870295760, 5.133964918993309645 ),
 ( 0.000000000000000000, 1.000000000000000000 ),
 .UNSPECIFIED. ) 
 GEOMETRIC_REPRESENTATION_ITEM ( )  RATIONAL_B_SPLINE_SURFACE ( (
 ( 1.000000000000000000, 0.8621405024482152735, 1.000000000000000000),
 ( 1.000000000000000000, 0.8851895644209729630, 1.000000000000000000),
 ( 1.000000000000000000, 0.9042055041249716929, 1.000000000000000000),
 ( 1.000000000000000000, 0.9201483608572380568, 1.000000000000000000) ) ) 
 REPRESENTATION_ITEM ( '' )  SURFACE ( )  );
#1114 = CARTESIAN_POINT ( 'NONE',  ( -42.23704697225287674, 4.990657250269864065, 27.29837915946682969 ) ) ;
#1115 = CARTESIAN_POINT ( 'NONE',  ( 29.82131408777554071, -8.872972288886293413, 10.42341010909095544 ) ) ;
#1116 = CC_DESIGN_APPROVAL ( #150, ( #2128 ) ) ;
#1117 = CARTESIAN_POINT ( 'NONE',  ( 41.66087134285006499, -3.622590051564345881, 29.14769111437602334 ) ) ;
#1118 = EDGE_LOOP ( 'NONE', ( #2233, #448 ) ) ;
#1119 = CARTESIAN_POINT ( 'NONE',  ( 41.96968055555752386, 0.4688499776815177600, 30.00000000000136424 ) ) ;
#1120 = LOCAL_TIME ( 18, 28, 7.000000000000000000, #1150 ) ;
#1121 = ORIENTED_EDGE ( 'NONE', *, *, #1447, .F. ) ;
#1122 = CARTESIAN_POINT ( 'NONE',  ( -41.95400780032399268, -0.9338390256540194390, 29.95910070982831641 ) ) ;
#1123 = AXIS2_PLACEMENT_3D ( 'NONE', #1180, #2342, #447 ) ;
#1124 = APPROVAL_ROLE ( '' ) ;
#1125 = CARTESIAN_POINT ( 'NONE',  ( -42.88681189669185301, 1.709344520169249204, 28.89731890378534729 ) ) ;
#1126 = CARTESIAN_POINT ( 'NONE',  ( 30.00000000000000000, -8.997867335167121894, 11.27440521841640120 ) ) ;
#1127 = CARTESIAN_POINT ( 'NONE',  ( 17.44423343233621893, -4.940018874605185850, 7.836046503286103082 ) ) ;
#1128 = CARTESIAN_POINT ( 'NONE',  ( -41.18676696612826760, 7.880352758376738542, 23.37845602234808240 ) ) ;
#1129 = CARTESIAN_POINT ( 'NONE',  ( 29.93704294625810292, -10.01423355674896420, 11.26896327315537150 ) ) ;
#1130 = B_SPLINE_CURVE_WITH_KNOTS ( 'NONE', 3,
 ( #2088, #148, #1122, #1729, #2453, #1519, #2248, #2490, #754, #1872, #513, #1288, #2064, #326, #718, #352, #1682, #1095, #138, #1492, #2259, #1388 ),
 .UNSPECIFIED., .F., .F.,
 ( 4, 2, 2, 2, 2, 2, 2, 2, 2, 2, 4 ),
 ( 0.01121541819415608141, 0.01261603517659980016, 0.01331634366782166040, 0.01401665215904352238, 0.01541726914148724287, 0.01611757763270910138, 0.01681788612393095989, 0.01821850310637466649, 0.01961912008881837310, 0.02101973707126207624, 0.02242035405370578285 ),
 .UNSPECIFIED. ) ;
#1131 = CARTESIAN_POINT ( 'NONE',  ( 42.49622719528365877, -3.751059916222269308, 29.08335483328471227 ) ) ;
#1132 = ORIENTED_EDGE ( 'NONE', *, *, #519, .F. ) ;
#1133 = CARTESIAN_POINT ( 'NONE',  ( 40.72062730090109994, 7.348909031037048400, 25.19629555403513166 ) ) ;
#1134 = VERTEX_POINT ( 'NONE', #1960 ) ;
#1135 = CARTESIAN_POINT ( 'NONE',  ( -42.94883489459273562, -2.520787473781507693, 26.33042449213675340 ) ) ;
#1136 = B_SPLINE_CURVE_WITH_KNOTS ( 'NONE', 3,
 ( #1672, #881, #505, #2053, #1860, #126, #2057, #1461, #1269, #899, #2474, #1511, #345, #371, #939, #1713, #546, #2281, #1320, #2093, #557, #2117, #2485, #1537, #734, #533, #382, #1356, #1548, #2313, #169, #2302, #358, #12, #962, #2267, #583, #1331, #749, #1940 ),
 .UNSPECIFIED., .F., .F.,
 ( 4, 2, 2, 2, 2, 2, 2, 2, 2, 2, 2, 2, 2, 2, 2, 2, 2, 2, 2, 4 ),
 ( 6.843953335390154741E-18, 0.0009849630116795541832, 0.001969926023359101427, 0.002954889035038649105, 0.003939852046718197651, 0.004924815058397745762, 0.005909778070077293007, 0.006402259575917067062, 0.006894741081756841118, 0.007879704093436386628, 0.008864667105115931270, 0.009849630116795477647, 0.01083459312847502229, 0.01132707463431479634, 0.01181955614015457040, 0.01280451915183412892, 0.01378948216351368918, 0.01477444517519324943, 0.01526692668103302869, 0.01575940818687280795 ),
 .UNSPECIFIED. ) ;
#1137 = PERSON_AND_ORGANIZATION ( #1841, #771 ) ;
#1138 = CARTESIAN_POINT ( 'NONE',  ( -42.21303704603707274, 5.080238256176705214, 27.23426419530246179 ) ) ;
#1139 = CARTESIAN_POINT ( 'NONE',  ( 15.00000000000000000, -5.499999999999994671, 6.999999999999991118 ) ) ;
#1140 = EDGE_CURVE ( 'NONE', #1479, #1257, #435, .T. ) ;
#1141 = DIRECTION ( 'NONE',  ( 0.000000000000000000, 0.000000000000000000, -1.000000000000000000 ) ) ;
#1142 = CARTESIAN_POINT ( 'NONE',  ( 31.00000000000000000, 6.893785609566370987, 23.21479215067255453 ) ) ;
#1143 = CARTESIAN_POINT ( 'NONE',  ( 29.14212089599759636, -8.803702864769627823, 9.855255627686217323 ) ) ;
#1144 = CARTESIAN_POINT ( 'NONE',  ( 42.03553483932518020, -5.441610299207233048, 27.87078425360045841 ) ) ;
#1145 = EDGE_LOOP ( 'NONE', ( #1518, #363, #634, #1396 ) ) ;
#1146 = DIRECTION ( 'NONE',  ( 0.000000000000000000, -1.000000000000000000, -1.577021341797091890E-16 ) ) ;
#1147 = CIRCLE ( 'NONE', #1873, 0.9999999999999997780 ) ;
#1148 = ORIENTED_EDGE ( 'NONE', *, *, #794, .T. ) ;
#1149 = CARTESIAN_POINT ( 'NONE',  ( -43.74905891853998696, -1.303367877885039494, 17.16174780145459522 ) ) ;
#1150 = COORDINATED_UNIVERSAL_TIME_OFFSET ( 5, 30, .AHEAD. ) ;
#1151 = CARTESIAN_POINT ( 'NONE',  ( -41.48240847406486154, -7.296189091889173639, 23.71089786551461742 ) ) ;
#1152 = CARTESIAN_POINT ( 'NONE',  ( 29.58778307363276383, -8.831621896781260972, 10.09539838610003670 ) ) ;
#1153 = ADVANCED_FACE ( 'NONE', ( #422 ), #802, .F. ) ;
#1154 = FACE_OUTER_BOUND ( 'NONE', #1182, .T. ) ;
#1155 = CARTESIAN_POINT ( 'NONE',  ( 43.71198397539163238, -1.622489232058297315, 17.25932069709205052 ) ) ;
#1156 = CARTESIAN_POINT ( 'NONE',  ( 31.00000000000000000, -9.982693850819458703, 11.44794695422678288 ) ) ;
#1157 = CARTESIAN_POINT ( 'NONE',  ( 42.46694572626282849, -4.143976858528963803, 27.91834945710814253 ) ) ;
#1158 = PLANE ( 'NONE',  #1609 ) ;
#1159 = VERTEX_POINT ( 'NONE', #32 ) ;
#1160 = AXIS2_PLACEMENT_3D ( 'NONE', #2422, #2408, #522 ) ;
#1161 = CARTESIAN_POINT ( 'NONE',  ( -43.37373462580087846, 3.303214919376895597, 18.23276746276485838 ) ) ;
#1162 = DIRECTION ( 'NONE',  ( 1.000000000000000000, 0.000000000000000000, 0.000000000000000000 ) ) ;
#1163 = CARTESIAN_POINT ( 'NONE',  ( 41.47267793220210308, 7.375562678770756442, 23.28454862441668993 ) ) ;
#1164 = CARTESIAN_POINT ( 'NONE',  ( -42.19177761528571580, -5.151290604576648668, 27.17248352926680965 ) ) ;
#1165 = CARTESIAN_POINT ( 'NONE',  ( 29.64126297221269724, -8.838797725299208707, 10.15553708915090780 ) ) ;
#1166 = AXIS2_PLACEMENT_3D ( 'NONE', #472, #1051, #1258 ) ;
#1167 = CARTESIAN_POINT ( 'NONE',  ( 41.57434028722350661, -6.752697295714607861, 26.31557738464031004 ) ) ;
#1168 = CARTESIAN_POINT ( 'NONE',  ( 9.784556091496117602, -1.782559611803507860, 7.102546611066344440 ) ) ;
#1169 = VERTEX_POINT ( 'NONE', #1970 ) ;
#1170 = CARTESIAN_POINT ( 'NONE',  ( 41.18676696612826760, -7.880352758376758970, 23.37845602234803621 ) ) ;
#1171 = CARTESIAN_POINT ( 'NONE',  ( -29.38800716476949404, 8.815298373415611621, 9.956839780290257735 ) ) ;
#1172 = CARTESIAN_POINT ( 'NONE',  ( 18.63686432690789374, 4.141309389211450309, 7.580646565044648177 ) ) ;
#1173 = TOROIDAL_SURFACE ( 'NONE', #1010, 13.99999999999999822, 1.000000000000000000 ) ;
#1174 = CARTESIAN_POINT ( 'NONE',  ( 17.75928338847471721, -4.771424586065956319, 7.777556932499055442 ) ) ;
#1175 = CARTESIAN_POINT ( 'NONE',  ( -41.73103343344229899, 3.195785125816132943, 29.34872130899951159 ) ) ;
#1176 = CARTESIAN_POINT ( 'NONE',  ( -29.99999999999999645, 8.968325984265101525, 11.09023582921167872 ) ) ;
#1177 = CARTESIAN_POINT ( 'NONE',  ( 40.99818721839429259, 6.420078512204214327, 26.79571005513005844 ) ) ;
#1178 = DIRECTION ( 'NONE',  ( -1.000000000000000000, -0.000000000000000000, -0.000000000000000000 ) ) ;
#1179 = VERTEX_POINT ( 'NONE', #2160 ) ;
#1180 = CARTESIAN_POINT ( 'NONE',  ( -31.00000000000000000, -2.694222958124177204E-15, 21.99999999999999289 ) ) ;
#1181 = EDGE_CURVE ( 'NONE', #1788, #1611, #638, .T. ) ;
#1182 = EDGE_LOOP ( 'NONE', ( #1024, #313, #751, #698 ) ) ;
#1183 = VECTOR ( 'NONE', #2152, 1000.000000000000000 ) ;
#1184 = CARTESIAN_POINT ( 'NONE',  ( 41.47267793220208176, -7.375562678770773317, 23.28454862441664019 ) ) ;
#1185 = EDGE_CURVE ( 'NONE', #373, #498, #250, .T. ) ;
#1186 = VECTOR ( 'NONE', #1755, 1000.000000000000000 ) ;
#1187 = CARTESIAN_POINT ( 'NONE',  ( -30.00000000000000000, -6.893785609566375427, 23.21479215067255453 ) ) ;
#1188 = CARTESIAN_POINT ( 'NONE',  ( -18.35980422969713999, -4.369074658755148555, 7.648879652280126784 ) ) ;
#1189 = CARTESIAN_POINT ( 'NONE',  ( -29.55090412577224512, -10.36146866058358285, 9.298449748986790553 ) ) ;
#1190 = CARTESIAN_POINT ( 'NONE',  ( -42.90202166457829236, 0.5001741630017007001, 29.99962593096937269 ) ) ;
#1191 = CARTESIAN_POINT ( 'NONE',  ( -29.28713005932942792, 10.10605142311254667, 10.74790896317165689 ) ) ;
#1192 = CARTESIAN_POINT ( 'NONE',  ( 42.35152671342357422, 4.344101390742407531, 28.72371622418254233 ) ) ;
#1193 = CARTESIAN_POINT ( 'NONE',  ( 12.54788167636268525, -4.936470036703703101, 7.834785857073126358 ) ) ;
#1194 = ORIENTED_EDGE ( 'NONE', *, *, #2262, .F. ) ;
#1195 = CARTESIAN_POINT ( 'NONE',  ( -40.10986826728321120, -10.71220821263096390, 7.308048942337408427 ) ) ;
#1196 = DIRECTION ( 'NONE',  ( 0.000000000000000000, -1.000000000000000000, -3.154042683594189204E-16 ) ) ;
#1197 = DIRECTION ( 'NONE',  ( 0.000000000000000000, -0.1735417358103659990, -0.9848265156523382524 ) ) ;
#1198 = DIRECTION ( 'NONE',  ( 1.000000000000000000, 0.000000000000000000, 0.000000000000000000 ) ) ;
#1199 = CARTESIAN_POINT ( 'NONE',  ( -30.28293004370454966, -10.28960546964341738, 9.706263901627259827 ) ) ;
#1200 = CARTESIAN_POINT ( 'NONE',  ( -42.90061838454722931, -1.523410664235427259, 28.92703067202559808 ) ) ;
#1201 = CARTESIAN_POINT ( 'NONE',  ( -29.73234018746020979, -8.855446716226694548, 10.28667527275261229 ) ) ;
#1202 = CARTESIAN_POINT ( 'NONE',  ( 42.80296750413280193, 2.375632692373677912, 28.71269100074572478 ) ) ;
#1203 = AXIS2_PLACEMENT_3D ( 'NONE', #573, #1942, #1967 ) ;
#1204 = DIRECTION ( 'NONE',  ( 1.000000000000000000, 0.000000000000000000, 0.000000000000000000 ) ) ;
#1205 = EDGE_LOOP ( 'NONE', ( #1968, #1504, #520, #726 ) ) ;
#1206 = CARTESIAN_POINT ( 'NONE',  ( -41.28758230055441913, -8.885417361817278703, 15.17447796266015203 ) ) ;
#1207 = ORIENTED_EDGE ( 'NONE', *, *, #2455, .T. ) ;
#1208 = DIRECTION ( 'NONE',  ( -0.000000000000000000, -1.796148638749451749E-16, 1.000000000000000000 ) ) ;
#1209 = CARTESIAN_POINT ( 'NONE',  ( -31.00000000000000000, 6.893785609566363881, 23.21479215067256519 ) ) ;
#1210 = CARTESIAN_POINT ( 'NONE',  ( 20.20841324427861352, 1.776257775666686634, 7.104526249677149075 ) ) ;
#1211 = CARTESIAN_POINT ( 'NONE',  ( 39.57973408740610211, -12.00000000000000000, -2.927345865710861972E-15 ) ) ;
#1212 = CARTESIAN_POINT ( 'NONE',  ( -42.70862087974624899, 2.996877262895892624, 28.49988761882890032 ) ) ;
#1213 = CARTESIAN_POINT ( 'NONE',  ( -29.55795432591961713, 10.36396709870596666, 9.284271441393215696 ) ) ;
#1214 = EDGE_CURVE ( 'NONE', #2157, #2061, #1250, .T. ) ;
#1215 = CARTESIAN_POINT ( 'NONE',  ( 41.96955134437190793, -0.4760573234892694350, 29.99966035063772551 ) ) ;
#1216 = CARTESIAN_POINT ( 'NONE',  ( -9.678229921290560256, -1.434925280817070048, 7.064577057637318802 ) ) ;
#1217 = VERTEX_POINT ( 'NONE', #1815 ) ;
#1218 = CARTESIAN_POINT ( 'NONE',  ( -40.59326595214275102, 10.69345278670464694, 7.414483516531753970 ) ) ;
#1219 = ORIENTED_EDGE ( 'NONE', *, *, #1369, .T. ) ;
#1220 = CARTESIAN_POINT ( 'NONE',  ( 41.25317767203358699, -5.492955847532839719, 27.82076390204598582 ) ) ;
#1221 = CIRCLE ( 'NONE', #175, 2.749999999999999112 ) ;
#1222 = CARTESIAN_POINT ( 'NONE',  ( 29.16065647678407302, 8.805183219559218344, 9.868452866586867600 ) ) ;
#1223 = CARTESIAN_POINT ( 'NONE',  ( 15.00000000000000000, 5.499999999999994671, 8.044714263047129776 ) ) ;
#1224 = VECTOR ( 'NONE', #1197, 1000.000000000000114 ) ;
#1225 = DIRECTION ( 'NONE',  ( -0.000000000000000000, 0.1735417358103660268, 0.9848265156523383634 ) ) ;
#1226 = MANIFOLD_SOLID_BREP ( 'CBORE for M5 Pan Head Machine Screw2', #1671 ) ;
#1227 = CARTESIAN_POINT ( 'NONE',  ( -41.19734085864009643, -7.801567957644936158, 23.82899130184279102 ) ) ;
#1228 = CARTESIAN_POINT ( 'NONE',  ( -29.53216828607828859, 8.825910214781377050, 10.04746950967852648 ) ) ;
#1229 = CARTESIAN_POINT ( 'NONE',  ( 42.90236751387373459, 0.4881257284641024041, 30.00036954319821803 ) ) ;
#1230 = CARTESIAN_POINT ( 'NONE',  ( 30.00000000000000000, 6.893785609566364769, 23.21479215067256519 ) ) ;
#1231 = VERTEX_POINT ( 'NONE', #1641 ) ;
#1232 = CARTESIAN_POINT ( 'NONE',  ( -40.88596038644434572, 10.35955914772553932, 7.204259849769434787 ) ) ;
#1233 = CARTESIAN_POINT ( 'NONE',  ( 9.500000000000005329, 0.1805809833629571926, 6.999999999999993783 ) ) ;
#1234 = CARTESIAN_POINT ( 'NONE',  ( 40.28886873770090205, 11.73038351911043975, -0.2369950282824554166 ) ) ;
#1235 = CARTESIAN_POINT ( 'NONE',  ( -30.00000000000000000, -2.694222958124177204E-15, 21.99999999999999289 ) ) ;
#1236 = CARTESIAN_POINT ( 'NONE',  ( -28.99999999999999645, -8.803702866745929612, 9.855255629118836680 ) ) ;
#1237 = FACE_OUTER_BOUND ( 'NONE', #1052, .T. ) ;
#1238 = CARTESIAN_POINT ( 'NONE',  ( 40.59916497296244842, 7.878612125218703355, 23.38833388648292200 ) ) ;
#1239 = AXIS2_PLACEMENT_3D ( 'NONE', #381, #1308, #344 ) ;
#1240 = CARTESIAN_POINT ( 'NONE',  ( -11.64112078749000823, -4.370133617430417949, 7.649170353090209318 ) ) ;
#1241 = ORIENTED_EDGE ( 'NONE', *, *, #873, .F. ) ;
#1242 = CARTESIAN_POINT ( 'NONE',  ( 29.68586581916866507, 10.06964638859057715, 10.95450274381374633 ) ) ;
#1243 = ORIENTED_EDGE ( 'NONE', *, *, #365, .T. ) ;
#1244 = ADVANCED_FACE ( 'NONE', ( #2009 ), #1804, .F. ) ;
#1245 = CARTESIAN_POINT ( 'NONE',  ( 40.60625102916973361, -7.796277896422746601, 23.85556980114873582 ) ) ;
#1246 = EDGE_CURVE ( 'NONE', #130, #1717, #2491, .T. ) ;
#1247 = CARTESIAN_POINT ( 'NONE',  ( 40.30780564949709799, 11.68672243291962509, 1.425461608238235363E-15 ) ) ;
#1248 = CARTESIAN_POINT ( 'NONE',  ( 40.30780564949709088, -11.68672243291962332, -1.425461608238236151E-15 ) ) ;
#1249 = CARTESIAN_POINT ( 'NONE',  ( 41.68681754599335676, -6.662683207254804785, 25.28107397535979572 ) ) ;
#1250 = B_SPLINE_CURVE_WITH_KNOTS ( 'NONE', 3,
 ( #815, #1542, #2306, #575, #637, #287 ),
 .UNSPECIFIED., .F., .F.,
 ( 4, 2, 4 ),
 ( 2.823925224926892107E-17, 0.0004047641311979994073, 0.0008095282623959705170 ),
 .UNSPECIFIED. ) ;
#1251 = CARTESIAN_POINT ( 'NONE',  ( -42.09687507953009344, -5.455935703806850334, 26.88861216539506671 ) ) ;
#1252 = CARTESIAN_POINT ( 'NONE',  ( -10.85870325571060491, 3.636878725671795376, 7.445230676026313610 ) ) ;
#1253 = DIRECTION ( 'NONE',  ( 0.000000000000000000, 0.000000000000000000, -1.000000000000000000 ) ) ;
#1254 = CARTESIAN_POINT ( 'NONE',  ( 29.55080839470620546, 10.36147360041210241, 9.298421716109942281 ) ) ;
#1255 = DIRECTION ( 'NONE',  ( 0.000000000000000000, -1.000000000000000000, -1.577021341797098793E-16 ) ) ;
#1256 = CARTESIAN_POINT ( 'NONE',  ( 31.00000000000000000, 9.982693850819458703, 11.44794695422677222 ) ) ;
#1257 = VERTEX_POINT ( 'NONE', #92 ) ;
#1258 = DIRECTION ( 'NONE',  ( 0.000000000000000000, -1.000000000000000000, -1.577021341797098793E-16 ) ) ;
#1259 = EDGE_CURVE ( 'NONE', #680, #523, #2278, .T. ) ;
#1260 = ORIENTED_EDGE ( 'NONE', *, *, #625, .F. ) ;
#1261 = EDGE_CURVE ( 'NONE', #1638, #2426, #2199, .T. ) ;
#1262 = CARTESIAN_POINT ( 'NONE',  ( -43.09491751452924291, 0.8216971273954670751, 26.93479530504803776 ) ) ;
#1263 = CARTESIAN_POINT ( 'NONE',  ( -17.76076664595229460, 4.760291677318657655, 7.775103656916408923 ) ) ;
#1264 = CARTESIAN_POINT ( 'NONE',  ( 41.84293681945342058, -6.216607401826584223, 26.00296611584149886 ) ) ;
#1265 = AXIS2_PLACEMENT_3D ( 'NONE', #1098, #1698, #1877 ) ;
#1266 = CARTESIAN_POINT ( 'NONE',  ( -40.60625102916973361, 7.796277896422738607, 23.85556980114875714 ) ) ;
#1267 = B_SPLINE_CURVE_WITH_KNOTS ( 'NONE', 3,
 ( #894, #2403, #1615, #2214, #476, #1248 ),
 .UNSPECIFIED., .F., .F.,
 ( 4, 2, 4 ),
 ( 0.000000000000000000, 0.01185663823282559308, 0.02371327646565118616 ),
 .UNSPECIFIED. ) ;
#1268 = DIRECTION ( 'NONE',  ( -1.000000000000000000, -0.000000000000000000, -0.000000000000000000 ) ) ;
#1269 = CARTESIAN_POINT ( 'NONE',  ( 43.37373462580089267, 3.303214919376895597, 18.23276746276485483 ) ) ;
#1270 = CARTESIAN_POINT ( 'NONE',  ( -30.00000000000000000, 9.390616391195656831, 9.045606004393427213 ) ) ;
#1271 = DIRECTION ( 'NONE',  ( 1.000000000000000000, 0.000000000000000000, 0.000000000000000000 ) ) ;
#1272 = LOCAL_TIME ( 18, 28, 7.000000000000000000, #755 ) ;
#1273 = CARTESIAN_POINT ( 'NONE',  ( 30.63033650488089776, 10.21333786783410957, 10.13907250640630586 ) ) ;
#1274 = ORIENTED_EDGE ( 'NONE', *, *, #2039, .F. ) ;
#1275 = CARTESIAN_POINT ( 'NONE',  ( 41.29708594213040840, -5.321019937721982451, 27.97830217559500809 ) ) ;
#1276 = ORIENTED_EDGE ( 'NONE', *, *, #2113, .F. ) ;
#1277 = CARTESIAN_POINT ( 'NONE',  ( -43.04543317673651615, 1.621592120446270879, 26.74105548300643420 ) ) ;
#1278 = CARTESIAN_POINT ( 'NONE',  ( -20.42831996931718663, -0.9035964993865651662, 7.026171451321793882 ) ) ;
#1279 = CARTESIAN_POINT ( 'NONE',  ( -31.00000000000000000, -9.982693850819460479, 11.44794695422677044 ) ) ;
#1280 = CARTESIAN_POINT ( 'NONE',  ( -9.536371882648067455, 0.7267632844854443608, 7.013442877380507312 ) ) ;
#1281 = DIRECTION ( 'NONE',  ( 0.000000000000000000, -0.9848265156523381414, 0.1735417358103668040 ) ) ;
#1282 = CARTESIAN_POINT ( 'NONE',  ( 42.78358897223431967, -4.821624859338787594, 20.66638497331455326 ) ) ;
#1283 = CARTESIAN_POINT ( 'NONE',  ( -40.59916497296238447, -7.878612125218710460, 23.38833388648292910 ) ) ;
#1284 = VECTOR ( 'NONE', #1775, 1000.000000000000000 ) ;
#1285 = VERTEX_POINT ( 'NONE', #1601 ) ;
#1286 = CARTESIAN_POINT ( 'NONE',  ( -29.14120606176685868, -10.37544290684799719, 9.219147740203792907 ) ) ;
#1287 = AXIS2_PLACEMENT_3D ( 'NONE', #811, #775, #975 ) ;
#1288 = CARTESIAN_POINT ( 'NONE',  ( -41.42502015668770099, -4.786636870623056872, 28.41417006939086320 ) ) ;
#1289 = CARTESIAN_POINT ( 'NONE',  ( 42.72095612578677049, -2.924965917150929684, 28.52811153672291411 ) ) ;
#1290 = CALENDAR_DATE ( 2026, 3, 8 ) ;
#1291 = CARTESIAN_POINT ( 'NONE',  ( -41.29708594213039419, 5.321019937721971793, 27.97830217559501875 ) ) ;
#1292 = DIRECTION ( 'NONE',  ( -1.000000000000000000, -0.000000000000000000, -0.000000000000000000 ) ) ;
#1293 =( BOUNDED_SURFACE ( )  B_SPLINE_SURFACE ( 3, 2, ( 
 ( #1236, #267, #2012 ),
 ( #1616, #1029, #1769 ),
 ( #414, #281, #2361 ),
 ( #1043, #1417, #1189 ),
 ( #629, #228, #1807 ),
 ( #1781, #654, #71 ),
 ( #425, #240, #1199 ),
 ( #1006, #45, #1403 ),
 ( #2178, #1986, #253 ),
 ( #1794, #56, #831 ),
 ( #1605, #2374, #641 ),
 ( #452, #695, #340 ),
 ( #305, #2215, #2429 ),
 ( #868, #669, #1279 ) ),
 .UNSPECIFIED., .F., .F., .F. ) 
 B_SPLINE_SURFACE_WITH_KNOTS ( ( 4, 2, 2, 2, 2, 2, 4 ),
 ( 3, 3 ),
 ( 0.001239316975718588029, 0.001656968608544984352, 0.002074620241371380458, 0.002909923507024173104, 0.003327575139850569644, 0.003745226772676965750, 0.004580530038329757962 ),
 ( 0.000000000000000000, 1.000000000000000000 ),
 .UNSPECIFIED. ) 
 GEOMETRIC_REPRESENTATION_ITEM ( )  RATIONAL_B_SPLINE_SURFACE ( (
 ( 1.000000000000000000, 0.5303300858899105963, 1.000000000000000000),
 ( 1.000000000000000000, 0.5303352049629236342, 1.000000000000000000),
 ( 1.000000000000000000, 0.5316658600795363121, 1.000000000000000000),
 ( 1.000000000000000000, 0.5368517259782870088, 1.000000000000000000),
 ( 1.000000000000000000, 0.5407715866344016131, 1.000000000000000000),
 ( 1.000000000000000000, 0.5556566014630535122, 1.000000000000000000),
 ( 1.000000000000000000, 0.5700471142284679882, 1.000000000000000000),
 ( 1.000000000000000000, 0.5953825967051598056, 1.000000000000000000),
 ( 1.000000000000000000, 0.6045843474117293948, 1.000000000000000000),
 ( 1.000000000000000000, 0.6236274898383988852, 1.000000000000000000),
 ( 1.000000000000000000, 0.6335270933508551083, 1.000000000000000000),
 ( 1.000000000000000000, 0.6643131776637167807, 1.000000000000000000),
 ( 1.000000000000000000, 0.6857143969032278852, 1.000000000000000000),
 ( 1.000000000000000000, 0.7071067811865461294, 1.000000000000000000) ) ) 
 REPRESENTATION_ITEM ( '' )  SURFACE ( )  );
#1294 = EDGE_CURVE ( 'NONE', #2061, #1314, #795, .T. ) ;
#1295 = DIRECTION ( 'NONE',  ( 0.000000000000000000, -1.000000000000000000, 0.000000000000000000 ) ) ;
#1296 = EDGE_LOOP ( 'NONE', ( #2341, #1855, #1322, #1764, #1260 ) ) ;
#1297 = CARTESIAN_POINT ( 'NONE',  ( 29.91053398098461003, 8.905469153149976336, 10.66071259547241645 ) ) ;
#1298 = ORIENTED_EDGE ( 'NONE', *, *, #184, .F. ) ;
#1299 = CARTESIAN_POINT ( 'NONE',  ( 41.25422491985221285, 5.497186881290454963, 27.83028863456567592 ) ) ;
#1300 = CIRCLE ( 'NONE', #209, 0.9999999999999997780 ) ;
#1301 = ORIENTED_EDGE ( 'NONE', *, *, #1911, .F. ) ;
#1302 = CARTESIAN_POINT ( 'NONE',  ( 45.00000000000000000, -11.63859919118310238, 2.050902035980576521 ) ) ;
#1303 = CARTESIAN_POINT ( 'NONE',  ( 41.47267793220210308, 7.375562678770756442, 23.28454862441668993 ) ) ;
#1304 = PERSON_AND_ORGANIZATION ( #1841, #771 ) ;
#1305 = CARTESIAN_POINT ( 'NONE',  ( -42.48636287807456569, 4.063313359380885004, 27.96715129125643884 ) ) ;
#1306 = ORIENTED_EDGE ( 'NONE', *, *, #1337, .F. ) ;
#1307 = AXIS2_PLACEMENT_3D ( 'NONE', #1475, #2241, #1281 ) ;
#1308 = DIRECTION ( 'NONE',  ( -0.000000000000000000, -1.796148638749451749E-16, 1.000000000000000000 ) ) ;
#1309 = CARTESIAN_POINT ( 'NONE',  ( 29.84523327740244625, -10.03992561324734645, 11.12316423315342462 ) ) ;
#1310 = VECTOR ( 'NONE', #124, 1000.000000000000000 ) ;
#1311 = CARTESIAN_POINT ( 'NONE',  ( 42.63256446117920007, -3.396920010724747474, 28.32398619853933752 ) ) ;
#1312 = ORIENTED_EDGE ( 'NONE', *, *, #1784, .F. ) ;
#1313 = CARTESIAN_POINT ( 'NONE',  ( -29.68477209980003551, -10.35305778667606980, 9.346180351687317867 ) ) ;
#1314 = VERTEX_POINT ( 'NONE', #374 ) ;
#1315 = DIRECTION ( 'NONE',  ( 0.000000000000000000, -0.9848265156523382524, 0.1735417358103659990 ) ) ;
#1316 = CARTESIAN_POINT ( 'NONE',  ( -29.98368307138049005, 8.948227533338700468, 10.95727700145658190 ) ) ;
#1317 = CARTESIAN_POINT ( 'NONE',  ( 45.00000000000000000, -2.694222958124177204E-15, 26.99999999999999289 ) ) ;
#1318 = CARTESIAN_POINT ( 'NONE',  ( 16.94867343939128546, -5.146327594985796949, 7.910264247697178952 ) ) ;
#1319 = CARTESIAN_POINT ( 'NONE',  ( -41.61219234463096939, 6.879025135212605946, 24.85232164758087237 ) ) ;
#1320 = CARTESIAN_POINT ( 'NONE',  ( 42.65336142913425732, 4.997159292398303698, 21.63131035934780755 ) ) ;
#1321 = DIRECTION ( 'NONE',  ( 1.000000000000000000, 0.000000000000000000, 0.000000000000000000 ) ) ;
#1322 = ORIENTED_EDGE ( 'NONE', *, *, #1496, .T. ) ;
#1323 = CARTESIAN_POINT ( 'NONE',  ( 40.77971384512746056, 7.150883678775448615, 25.61629138545704265 ) ) ;
#1324 = ORIENTED_EDGE ( 'NONE', *, *, #61, .F. ) ;
#1325 = CARTESIAN_POINT ( 'NONE',  ( -42.87253915929407100, -3.063363360004378588, 25.96519239062297757 ) ) ;
#1326 = VECTOR ( 'NONE', #725, 1000.000000000000000 ) ;
#1327 = CARTESIAN_POINT ( 'NONE',  ( -41.93276458417719965, -5.957836026191015044, 26.33815686858208593 ) ) ;
#1328 = DIRECTION ( 'NONE',  ( 0.000000000000000000, -0.1735417358103668040, -0.9848265156523382524 ) ) ;
#1329 = CARTESIAN_POINT ( 'NONE',  ( 43.11197607752521321, -2.696921906999044632E-15, 26.99999999999999289 ) ) ;
#1330 = CARTESIAN_POINT ( 'NONE',  ( -40.91834852482997320, 6.686929467808918837, 26.41614871134553511 ) ) ;
#1331 = CARTESIAN_POINT ( 'NONE',  ( 43.10984853351262558, 0.3282682426078381011, 26.99193838783609323 ) ) ;
#1332 = CARTESIAN_POINT ( 'NONE',  ( 42.18950266906097113, -5.151045090472972987, 27.16086899215826023 ) ) ;
#1333 = VERTEX_POINT ( 'NONE', #134 ) ;
#1334 = CARTESIAN_POINT ( 'NONE',  ( 41.81813406812207035, 2.532681419139937162, 29.59207103522967230 ) ) ;
#1335 = EDGE_LOOP ( 'NONE', ( #459, #474, #1871, #2305 ) ) ;
#1336 = CARTESIAN_POINT ( 'NONE',  ( -43.02571404473334837, -4.325001870556493877, 19.47027869959694968 ) ) ;
#1337 = EDGE_CURVE ( 'NONE', #1933, #2500, #2059, .T. ) ;
#1338 = AXIS2_PLACEMENT_3D ( 'NONE', #1644, #1456, #1670 ) ;
#1339 = EDGE_CURVE ( 'NONE', #147, #2504, #319, .T. ) ;
#1340 = CARTESIAN_POINT ( 'NONE',  ( -41.59061413459669154, 6.942783783438446932, 24.71022956244260627 ) ) ;
#1341 = CARTESIAN_POINT ( 'NONE',  ( 29.99999999999998934, -8.972282881828194334, 11.11490428318287726 ) ) ;
#1342 = CARTESIAN_POINT ( 'NONE',  ( 19.13169560281503578, -3.634721043969635801, 7.446339534761958312 ) ) ;
#1343 = CARTESIAN_POINT ( 'NONE',  ( 43.74905891854001538, -1.303367877885036830, 17.16174780145459522 ) ) ;
#1344 = CARTESIAN_POINT ( 'NONE',  ( 29.99999999999999645, -9.982693850819456927, 11.44794695422678643 ) ) ;
#1345 = AXIS2_PLACEMENT_3D ( 'NONE', #1938, #370, #1141 ) ;
#1346 = CARTESIAN_POINT ( 'NONE',  ( 41.87472762076545507, -5.925393266302463324, 27.38185073192816432 ) ) ;
#1347 = DIRECTION ( 'NONE',  ( 0.000000000000000000, 1.000000000000000000, 1.796148638749451749E-16 ) ) ;
#1348 = AXIS2_PLACEMENT_3D ( 'NONE', #1745, #2495, #2300 ) ;
#1349 = B_SPLINE_CURVE_WITH_KNOTS ( 'NONE', 3,
 ( #1823, #1266, #2043, #318, #711, #658, #1433, #858, #1087, #1484, #2250, #467, #1291, #2415, #1634, #1459, #2067, #282, #307, #328, #1097, #73 ),
 .UNSPECIFIED., .F., .F.,
 ( 4, 2, 2, 2, 2, 2, 2, 2, 2, 2, 4 ),
 ( 3.878959614448864246E-18, 0.001401927274269527306, 0.002102890911404283261, 0.002803854548539039000, 0.004205781822808551777, 0.004906745459943303612, 0.005607709097078056315, 0.007009636371347563455, 0.008411563645617068860, 0.009813490919886576000, 0.01121541819415608141 ),
 .UNSPECIFIED. ) ;
#1350 = EDGE_LOOP ( 'NONE', ( #876, #2229, #1944, #2462 ) ) ;
#1351 = CARTESIAN_POINT ( 'NONE',  ( 41.28758230054966560, -8.885417361826286609, 15.17447796265779658 ) ) ;
#1352 = CARTESIAN_POINT ( 'NONE',  ( -41.51515110035240497, 7.176791425530602453, 24.11999100329142820 ) ) ;
#1353 = CARTESIAN_POINT ( 'NONE',  ( 29.91111456626508414, -8.903223493511870146, 10.64670446227298051 ) ) ;
#1354 = CARTESIAN_POINT ( 'NONE',  ( 40.61613071040095235, 10.97281195898651518, 3.874973796166492956 ) ) ;
#1355 = CARTESIAN_POINT ( 'NONE',  ( -41.67568578817751046, 6.694613023454222045, 25.22200584736974704 ) ) ;
#1356 = CARTESIAN_POINT ( 'NONE',  ( 42.75436769255644265, 3.772870937491614285, 25.28519030234361509 ) ) ;
#1357 = CARTESIAN_POINT ( 'NONE',  ( 30.00000000000000000, -2.694222958124177204E-15, 21.99999999999999289 ) ) ;
#1358 = CARTESIAN_POINT ( 'NONE',  ( -30.00000000000000000, -2.081899558550500674E-15, 16.99999999999998934 ) ) ;
#1359 = VERTEX_POINT ( 'NONE', #324 ) ;
#1360 = CARTESIAN_POINT ( 'NONE',  ( -31.00000000000001066, 10.03163227789527312, 11.17022782001663650 ) ) ;
#1361 = LOCAL_TIME ( 18, 28, 7.000000000000000000, #2001 ) ;
#1362 = CARTESIAN_POINT ( 'NONE',  ( -42.58885521499338012, 4.972096638730787888, 22.62170109335367485 ) ) ;
#1363 = DIRECTION ( 'NONE',  ( -0.000000000000000000, -1.796148638749451749E-16, 1.000000000000000000 ) ) ;
#1364 = CARTESIAN_POINT ( 'NONE',  ( 20.49999999999999289, 3.635388030900873423E-31, 6.999999999999992006 ) ) ;
#1365 = CARTESIAN_POINT ( 'NONE',  ( -41.98442404058613420, -5.607026002972479439, 27.72632750069843510 ) ) ;
#1366 = CARTESIAN_POINT ( 'NONE',  ( -30.00000000000000000, -8.997867335167123670, 11.27440521841640120 ) ) ;
#1367 = AXIS2_PLACEMENT_3D ( 'NONE', #2340, #954, #2501 ) ;
#1368 = EDGE_CURVE ( 'NONE', #2409, #343, #887, .T. ) ;
#1369 = EDGE_CURVE ( 'NONE', #929, #1035, #1973, .T. ) ;
#1370 = EDGE_CURVE ( 'NONE', #1717, #1869, #268, .T. ) ;
#1371 = CARTESIAN_POINT ( 'NONE',  ( 42.09687507953032082, 5.455935703806376047, 26.88861216539508803 ) ) ;
#1372 = PLANE ( 'NONE',  #198 ) ;
#1373 = ORIENTED_EDGE ( 'NONE', *, *, #735, .T. ) ;
#1374 = CARTESIAN_POINT ( 'NONE',  ( -40.88596038647296638, -10.35955914769705544, 7.204259849757399969 ) ) ;
#1375 = CARTESIAN_POINT ( 'NONE',  ( 40.28886873770092336, -11.73038351911048061, -0.2369950282826915056 ) ) ;
#1376 = CARTESIAN_POINT ( 'NONE',  ( -43.74910356263957567, 1.302893663258239298, 17.16163059285205605 ) ) ;
#1377 = CARTESIAN_POINT ( 'NONE',  ( -17.45211832363731830, -4.936470036703703101, 7.834785857073128135 ) ) ;
#1378 = CARTESIAN_POINT ( 'NONE',  ( -15.00000000000000000, 1.257304047124615608E-15, -4.336808689942017736E-15 ) ) ;
#1379 = CARTESIAN_POINT ( 'NONE',  ( -41.73215152016291540, -3.188417320849337155, 29.35190051593988159 ) ) ;
#1380 = CARTESIAN_POINT ( 'NONE',  ( -30.95669426764678178, 10.07935955638207659, 10.89938179468304291 ) ) ;
#1381 = ADVANCED_FACE ( 'NONE', ( #2096 ), #361, .T. ) ;
#1382 = CARTESIAN_POINT ( 'NONE',  ( 42.46642365044402112, 4.133091306419825806, 27.91461398333760258 ) ) ;
#1383 = CARTESIAN_POINT ( 'NONE',  ( 11.64019577030285291, -4.369074658755148555, 7.648879652280129449 ) ) ;
#1384 = ORIENTED_EDGE ( 'NONE', *, *, #1056, .F. ) ;
#1385 = FACE_OUTER_BOUND ( 'NONE', #1335, .T. ) ;
#1386 = VERTEX_POINT ( 'NONE', #2295 ) ;
#1387 = AXIS2_PLACEMENT_3D ( 'NONE', #507, #925, #329 ) ;
#1388 = CARTESIAN_POINT ( 'NONE',  ( -40.59916497296238447, -7.878612125218710460, 23.38833388648292910 ) ) ;
#1389 = CARTESIAN_POINT ( 'NONE',  ( -42.62632649449997047, 4.503890977886878311, 24.19653885206707500 ) ) ;
#1390 = CARTESIAN_POINT ( 'NONE',  ( -19.14380137522247693, -3.634038478836014718, 7.444516543981886336 ) ) ;
#1391 = DIRECTION ( 'NONE',  ( 0.000000000000000000, -1.000000000000000000, -1.577021341797090904E-16 ) ) ;
#1392 = CARTESIAN_POINT ( 'NONE',  ( -42.35152671342282105, -4.344101390742322266, 28.72371622418325288 ) ) ;
#1393 = CARTESIAN_POINT ( 'NONE',  ( -28.99999999999999645, 10.09801726444474035, 10.79350175645702947 ) ) ;
#1394 = CARTESIAN_POINT ( 'NONE',  ( 42.83092958815329609, 2.166728138405713988, 28.77466758078616138 ) ) ;
#1395 = CARTESIAN_POINT ( 'NONE',  ( 14.26988181750385110, -5.463267775731409870, 8.030085116019135327 ) ) ;
#1396 = ORIENTED_EDGE ( 'NONE', *, *, #1739, .F. ) ;
#1397 = FACE_OUTER_BOUND ( 'NONE', #764, .T. ) ;
#1398 = VERTEX_POINT ( 'NONE', #2107 ) ;
#1399 = CARTESIAN_POINT ( 'NONE',  ( -15.00000000000000000, 5.499999999999995559, 3.299999999999991385 ) ) ;
#1400 = EDGE_CURVE ( 'NONE', #1169, #90, #891, .T. ) ;
#1401 = LINE ( 'NONE', #251, #2080 ) ;
#1402 = CARTESIAN_POINT ( 'NONE',  ( 16.95002496849187779, 5.145831081317917111, 7.910081656561727570 ) ) ;
#1403 = CARTESIAN_POINT ( 'NONE',  ( -30.55068579926335559, -10.23373441745806645, 10.02332477112125275 ) ) ;
#1404 = AXIS2_PLACEMENT_3D ( 'NONE', #880, #2428, #81 ) ;
#1405 = CARTESIAN_POINT ( 'NONE',  ( -41.95416512900937533, -0.9308531688533420168, 29.95951713240543413 ) ) ;
#1406 = CARTESIAN_POINT ( 'NONE',  ( -29.50956031145504710, 10.09282189899995608, 10.82298477173747564 ) ) ;
#1407 = CARTESIAN_POINT ( 'NONE',  ( 42.73746293362943760, -2.422812819469918111, 29.64039301187392539 ) ) ;
#1408 = AXIS2_PLACEMENT_3D ( 'NONE', #2257, #210, #606 ) ;
#1409 = CYLINDRICAL_SURFACE ( 'NONE', #647, 2.750000000000003997 ) ;
#1410 = ORIENTED_EDGE ( 'NONE', *, *, #965, .T. ) ;
#1411 = DIRECTION ( 'NONE',  ( 0.000000000000000000, 0.9848265156523381414, -0.1735417358103668040 ) ) ;
#1412 = EDGE_LOOP ( 'NONE', ( #1640, #2048, #1485, #2208 ) ) ;
#1413 = CARTESIAN_POINT ( 'NONE',  ( 40.78067399603040144, -7.147762497217042821, 25.60054340252843730 ) ) ;
#1414 = ADVANCED_FACE ( 'NONE', ( #1502, #716 ), #70, .T. ) ;
#1415 = CARTESIAN_POINT ( 'NONE',  ( -30.00000000000000000, -2.694222958124177204E-15, 21.99999999999999289 ) ) ;
#1416 = DIRECTION ( 'NONE',  ( 0.000000000000000000, 8.881784197001252323E-16, -1.000000000000000000 ) ) ;
#1417 = CARTESIAN_POINT ( 'NONE',  ( -29.07181903663349587, -10.10087473191132901, 10.77728600457796482 ) ) ;
#1418 = EDGE_CURVE ( 'NONE', #812, #137, #237, .T. ) ;
#1419 = APPLICATION_PROTOCOL_DEFINITION ( 'international standard', 'config_control_design', 1994, #2376 ) ;
#1420 = CARTESIAN_POINT ( 'NONE',  ( -29.08155040875083230, -8.803702866745926059, 9.855255629118836680 ) ) ;
#1421 = CIRCLE ( 'NONE', #1704, 15.00000000000000000 ) ;
#1422 = CARTESIAN_POINT ( 'NONE',  ( 41.42510756405789607, 4.786241860750577004, 28.41445293045147835 ) ) ;
#1423 = CARTESIAN_POINT ( 'NONE',  ( -13.74449620167703578, -5.357857340194337681, 7.989474806013087793 ) ) ;
#1424 = ORIENTED_EDGE ( 'NONE', *, *, #350, .T. ) ;
#1425 = DIRECTION ( 'NONE',  ( 1.000000000000000000, -0.000000000000000000, -0.000000000000000000 ) ) ;
#1426 = ORIENTED_EDGE ( 'NONE', *, *, #2111, .T. ) ;
#1427 = CARTESIAN_POINT ( 'NONE',  ( 13.21934614529870800, 5.216264759353132163, 7.935424234158843682 ) ) ;
#1428 = CARTESIAN_POINT ( 'NONE',  ( -42.77372553010280143, 3.661751023721324216, 25.40859783151338291 ) ) ;
#1429 = CARTESIAN_POINT ( 'NONE',  ( -16.43747437972546876, 5.321061796751597406, 7.975303874520941250 ) ) ;
#1430 = AXIS2_PLACEMENT_3D ( 'NONE', #256, #1020, #1796 ) ;
#1431 = CARTESIAN_POINT ( 'NONE',  ( 30.95672407086493649, -10.07932543613813081, 10.89957542257782031 ) ) ;
#1432 = APPLICATION_PROTOCOL_DEFINITION ( 'international standard', 'config_control_design', 1994, #1900 ) ;
#1433 = CARTESIAN_POINT ( 'NONE',  ( -40.81321387624826258, 7.038773666749786884, 25.80921693126221683 ) ) ;
#1434 = CARTESIAN_POINT ( 'NONE',  ( 41.23111175115094795, 7.684932789822918942, 24.26929110689509628 ) ) ;
#1435 = CARTESIAN_POINT ( 'NONE',  ( 28.99999999999999645, -2.694222958124177204E-15, 21.99999999999999289 ) ) ;
#1436 = CARTESIAN_POINT ( 'NONE',  ( 29.93756283688923858, 10.01397310665604579, 11.27044129315687115 ) ) ;
#1437 = ORIENTED_EDGE ( 'NONE', *, *, #1011, .F. ) ;
#1438 = CARTESIAN_POINT ( 'NONE',  ( -41.38402331555267466, -8.098732571701189542, 19.40009603572737973 ) ) ;
#1439 = EDGE_LOOP ( 'NONE', ( #1814, #159, #286, #1702, #29, #526, #434, #1681, #1752, #540 ) ) ;
#1440 = CARTESIAN_POINT ( 'NONE',  ( -42.71780568298910907, 3.980534219119802319, 25.03024384563316218 ) ) ;
#1441 =( BOUNDED_CURVE ( )  B_SPLINE_CURVE ( 3, ( #999, #1773, #2155, #430 ),
 .UNSPECIFIED., .F., .T. ) 
 B_SPLINE_CURVE_WITH_KNOTS ( ( 4, 4 ),
 ( 1.151098075375877050, 1.464045940309290694 ),
 .UNSPECIFIED. ) 
 CURVE ( )  GEOMETRIC_REPRESENTATION_ITEM ( )  RATIONAL_B_SPLINE_CURVE ( ( 1.000000000000000000, 0.9918552745334288101, 0.9918552745334288101, 1.000000000000000000 ) ) 
 REPRESENTATION_ITEM ( '' )  );
#1442 = CARTESIAN_POINT ( 'NONE',  ( -20.49112848192629599, 0.3612229481424247268, 7.003259869170832985 ) ) ;
#1443 = CARTESIAN_POINT ( 'NONE',  ( 41.61826192374925881, 6.857376999895797631, 24.92361778908926695 ) ) ;
#1444 = PERSON_AND_ORGANIZATION_ROLE ( 'design_owner' ) ;
#1445 = DIRECTION ( 'NONE',  ( 1.000000000000000000, 0.000000000000000000, 0.000000000000000000 ) ) ;
#1446 = CARTESIAN_POINT ( 'NONE',  ( 42.60284810125695998, -5.002398903648415995, 22.28998258352376638 ) ) ;
#1447 = EDGE_CURVE ( 'NONE', #666, #680, #1742, .T. ) ;
#1448 = CARTESIAN_POINT ( 'NONE',  ( -30.00000000000000000, 8.997867335167121894, 11.27440521841640475 ) ) ;
#1449 = EDGE_CURVE ( 'NONE', #1159, #1638, #1082, .T. ) ;
#1450 = EDGE_CURVE ( 'NONE', #1588, #2297, #2460, .T. ) ;
#1451 = CARTESIAN_POINT ( 'NONE',  ( 29.27545206293743973, 8.809233922484837720, 9.903998801536664232 ) ) ;
#1452 = ORIENTED_EDGE ( 'NONE', *, *, #1600, .T. ) ;
#1453 = CARTESIAN_POINT ( 'NONE',  ( 41.96968055555648647, -0.4692885917829343612, 29.99999999999860378 ) ) ;
#1454 = ORIENTED_EDGE ( 'NONE', *, *, #1528, .F. ) ;
#1455 = LINE ( 'NONE', #551, #740 ) ;
#1456 = DIRECTION ( 'NONE',  ( 0.000000000000000000, 1.219727444046192735E-16, -1.000000000000000000 ) ) ;
#1457 = CARTESIAN_POINT ( 'NONE',  ( 42.39777191342305684, 4.406905078237802975, 27.73748150140811219 ) ) ;
#1458 = CARTESIAN_POINT ( 'NONE',  ( -41.33714874774134529, -7.377796559009172306, 25.12800240890999603 ) ) ;
#1459 = CARTESIAN_POINT ( 'NONE',  ( -41.66225614578934255, 3.614671764137057597, 29.15175448804356151 ) ) ;
#1460 = ORIENTED_EDGE ( 'NONE', *, *, #2337, .T. ) ;
#1461 = CARTESIAN_POINT ( 'NONE',  ( 43.44167833452338101, 3.050479649495494439, 18.02506417562479157 ) ) ;
#1462 = CARTESIAN_POINT ( 'NONE',  ( 42.87253915929408521, -3.063363360004378144, 25.96519239062297757 ) ) ;
#1463 = CYLINDRICAL_SURFACE ( 'NONE', #2070, 5.000000000000000888 ) ;
#1464 = VERTEX_POINT ( 'NONE', #763 ) ;
#1465 = CARTESIAN_POINT ( 'NONE',  ( 28.99999999999999645, 10.09801726444473857, 10.79350175645703125 ) ) ;
#1466 = ORIENTED_EDGE ( 'NONE', *, *, #473, .T. ) ;
#1467 = CARTESIAN_POINT ( 'NONE',  ( 12.23923335404770540, 4.760291677318656767, 7.775103656916409811 ) ) ;
#1468 = ORIENTED_EDGE ( 'NONE', *, *, #625, .T. ) ;
#1469 = ADVANCED_FACE ( 'NONE', ( #1750, #220 ), #1372, .F. ) ;
#1470 = LINE ( 'NONE', #1858, #1310 ) ;
#1471 = CARTESIAN_POINT ( 'NONE',  ( -39.57973408740604526, -12.00000000000000000, -2.927345865710861972E-15 ) ) ;
#1472 = CARTESIAN_POINT ( 'NONE',  ( 42.48588818803671785, 4.052180144979508292, 27.96374396741176582 ) ) ;
#1473 = CARTESIAN_POINT ( 'NONE',  ( -40.59916497296241999, -7.878612125218706908, 23.38833388648292910 ) ) ;
#1474 = CARTESIAN_POINT ( 'NONE',  ( -12.24008617275064381, 4.760797510124504583, 7.775272232657833626 ) ) ;
#1475 = CARTESIAN_POINT ( 'NONE',  ( -40.59916497296240578, -6.893785609566374539, 23.21479215067256163 ) ) ;
#1476 = CARTESIAN_POINT ( 'NONE',  ( 43.10330523092279975, -0.6590291184954784054, 26.96742755215671039 ) ) ;
#1477 = LOCAL_TIME ( 18, 28, 7.000000000000000000, #743 ) ;
#1478 = CARTESIAN_POINT ( 'NONE',  ( 29.64146502239251291, 8.838869525244255954, 10.15606972658389573 ) ) ;
#1479 = VERTEX_POINT ( 'NONE', #585 ) ;
#1480 = DIRECTION ( 'NONE',  ( -0.000000000000000000, -1.796148638749451749E-16, 1.000000000000000000 ) ) ;
#1481 = EDGE_LOOP ( 'NONE', ( #2285, #1959, #2356, #1132 ) ) ;
#1482 = CARTESIAN_POINT ( 'NONE',  ( 42.52881905864948209, 3.868248511194184669, 28.07049016825782672 ) ) ;
#1483 = SHAPE_DEFINITION_REPRESENTATION ( #1816, #1512 ) ;
#1484 = CARTESIAN_POINT ( 'NONE',  ( -41.12323539210233747, 5.977217736897395106, 27.32221940244949820 ) ) ;
#1485 = ORIENTED_EDGE ( 'NONE', *, *, #118, .F. ) ;
#1486 = CARTESIAN_POINT ( 'NONE',  ( 31.00000000000000000, 9.982693850819456927, 11.44794695422677222 ) ) ;
#1487 = CARTESIAN_POINT ( 'NONE',  ( 29.01564943659396789, 10.09801726475014583, 10.79350175472695028 ) ) ;
#1488 = ORIENTED_EDGE ( 'NONE', *, *, #580, .F. ) ;
#1489 = DIRECTION ( 'NONE',  ( 0.000000000000000000, 1.000000000000000000, 1.219727444046192735E-16 ) ) ;
#1490 = ORIENTED_EDGE ( 'NONE', *, *, #1370, .T. ) ;
#1491 = CIRCLE ( 'NONE', #1811, 5.000000000000000888 ) ;
#1492 = CARTESIAN_POINT ( 'NONE',  ( -40.63327151870601028, -7.673768919700163060, 24.30998696581744767 ) ) ;
#1493 = CARTESIAN_POINT ( 'NONE',  ( 42.65033406690810835, 3.306876361526954078, 28.36573312150062165 ) ) ;
#1494 = EDGE_CURVE ( 'NONE', #717, #2297, #1441, .T. ) ;
#1495 = CARTESIAN_POINT ( 'NONE',  ( -41.47267793220206045, -7.375562678770766212, 23.28454862441668638 ) ) ;
#1496 = EDGE_CURVE ( 'NONE', #929, #1217, #1931, .T. ) ;
#1497 = CARTESIAN_POINT ( 'NONE',  ( -31.00000000000000000, -2.694222958124177204E-15, 29.99999999999999289 ) ) ;
#1498 = CARTESIAN_POINT ( 'NONE',  ( -41.33926667597323501, 7.375938475238412728, 25.10684744784066069 ) ) ;
#1499 = CARTESIAN_POINT ( 'NONE',  ( 29.27897716218419433, -8.808129868388169470, 9.895146909681024283 ) ) ;
#1500 = DIRECTION ( 'NONE',  ( 0.000000000000000000, 1.000000000000000000, 1.219727444046192735E-16 ) ) ;
#1501 = VERTEX_POINT ( 'NONE', #39 ) ;
#1502 = FACE_BOUND ( 'NONE', #2108, .T. ) ;
#1503 = AXIS2_PLACEMENT_3D ( 'NONE', #412, #640, #1416 ) ;
#1504 = ORIENTED_EDGE ( 'NONE', *, *, #534, .T. ) ;
#1505 = CARTESIAN_POINT ( 'NONE',  ( -43.56494968123147515, -2.509769925881777386, 17.66343195479510797 ) ) ;
#1506 = PERSON_AND_ORGANIZATION_ROLE ( 'creator' ) ;
#1507 = CARTESIAN_POINT ( 'NONE',  ( -41.47267793220207466, 7.375562678770756442, 23.28454862441668993 ) ) ;
#1508 = CARTESIAN_POINT ( 'NONE',  ( 29.31588326132325406, -8.811049015145488994, 9.919862859869807536 ) ) ;
#1509 = ORIENTED_EDGE ( 'NONE', *, *, #1977, .F. ) ;
#1510 = CARTESIAN_POINT ( 'NONE',  ( -39.57973408740604526, -12.00000000000000000, -2.927345865710861972E-15 ) ) ;
#1511 = CARTESIAN_POINT ( 'NONE',  ( 43.02474967679335549, 4.327355495224575854, 19.47420421090275511 ) ) ;
#1512 = ADVANCED_BREP_SHAPE_REPRESENTATION ( 'CSWP_18_24', ( #1226, #2020 ), #201 ) ;
#1513 = AXIS2_PLACEMENT_3D ( 'NONE', #1779, #43, #2147 ) ;
#1514 = EDGE_CURVE ( 'NONE', #360, #2157, #1551, .T. ) ;
#1515 = CARTESIAN_POINT ( 'NONE',  ( 41.73103343344088501, -3.195785125815680860, 29.34872130899967857 ) ) ;
#1516 = ORIENTED_EDGE ( 'NONE', *, *, #184, .T. ) ;
#1517 = CARTESIAN_POINT ( 'NONE',  ( -30.28274235322624719, -10.28963406170094075, 9.706101645463030891 ) ) ;
#1518 = ORIENTED_EDGE ( 'NONE', *, *, #2039, .T. ) ;
#1519 = CARTESIAN_POINT ( 'NONE',  ( -41.84389506764222944, -2.310176173993494952, 29.66278928398036641 ) ) ;
#1520 = DIRECTION ( 'NONE',  ( 0.000000000000000000, 1.000000000000000000, 1.796148638749451749E-16 ) ) ;
#1521 = CYLINDRICAL_SURFACE ( 'NONE', #1946, 5.499999999999994671 ) ;
#1522 = CARTESIAN_POINT ( 'NONE',  ( 16.25550379832296954, -5.357857340194337681, 7.989474806013087793 ) ) ;
#1523 = CARTESIAN_POINT ( 'NONE',  ( -40.69775490293489639, 7.433860623696960879, 24.96511954181744386 ) ) ;
#1524 = CARTESIAN_POINT ( 'NONE',  ( 30.00000000000000000, -8.968325984265071327, 11.09023582921178530 ) ) ;
#1525 = CARTESIAN_POINT ( 'NONE',  ( 41.51272043562281766, -7.185583823872994991, 24.09016027171910679 ) ) ;
#1526 = ORIENTED_EDGE ( 'NONE', *, *, #2111, .F. ) ;
#1527 = DIRECTION ( 'NONE',  ( 0.000000000000000000, 0.000000000000000000, 1.000000000000000000 ) ) ;
#1528 = EDGE_CURVE ( 'NONE', #31, #147, #2416, .T. ) ;
#1529 = ORIENTED_EDGE ( 'NONE', *, *, #1140, .F. ) ;
#1530 = ADVANCED_FACE ( 'NONE', ( #618, #1584, #2168 ), #1158, .T. ) ;
#1531 = CARTESIAN_POINT ( 'NONE',  ( -42.83232804972742258, -3.314966312763325540, 25.75755276431042518 ) ) ;
#1532 = VECTOR ( 'NONE', #404, 1000.000000000000000 ) ;
#1533 = CARTESIAN_POINT ( 'NONE',  ( -41.68653516551802340, -6.663951764417614498, 25.29832731929456457 ) ) ;
#1534 = CARTESIAN_POINT ( 'NONE',  ( 15.00000000000000000, -2.750000000000008438, 3.299999999999990052 ) ) ;
#1535 = CARTESIAN_POINT ( 'NONE',  ( 19.01179433461620150, -3.766578503520032761, 7.480020527028806931 ) ) ;
#1536 = CARTESIAN_POINT ( 'NONE',  ( -41.12298457969003351, 5.978114371827331297, 27.32118647950714063 ) ) ;
#1537 = CARTESIAN_POINT ( 'NONE',  ( 42.62632649450000599, 4.503890977886878311, 24.19653885206707145 ) ) ;
#1538 = APPROVAL_PERSON_ORGANIZATION ( #921, #67, #1124 ) ;
#1539 = CARTESIAN_POINT ( 'NONE',  ( 41.82227265477706624, -6.075492122999518685, 27.21167609290539602 ) ) ;
#1540 = CARTESIAN_POINT ( 'NONE',  ( 11.36049504282950373, -4.139000986915541525, 7.579979017546819797 ) ) ;
#1541 = ORIENTED_EDGE ( 'NONE', *, *, #951, .F. ) ;
#1542 = CARTESIAN_POINT ( 'NONE',  ( -39.71661500883873686, -12.00000000000000000, -2.927345865710861577E-15 ) ) ;
#1543 = EDGE_CURVE ( 'NONE', #1169, #1479, #840, .T. ) ;
#1544 = CARTESIAN_POINT ( 'NONE',  ( -41.72411438548467544, 6.556451430474870001, 25.46705488307798149 ) ) ;
#1545 = DIRECTION ( 'NONE',  ( 0.000000000000000000, 0.9848265156523381414, -0.1735417358103668040 ) ) ;
#1546 = CARTESIAN_POINT ( 'NONE',  ( 19.46764643609872181, -3.212832392371638424, 7.347326148167598880 ) ) ;
#1547 = CARTESIAN_POINT ( 'NONE',  ( 43.79835300219869509, -0.6605372176101064197, 17.03299458969653557 ) ) ;
#1548 = CARTESIAN_POINT ( 'NONE',  ( 42.77372553010283696, 3.661751023721323772, 25.40859783151338291 ) ) ;
#1549 = CIRCLE ( 'NONE', #454, 0.9999999999999991118 ) ;
#1550 = CARTESIAN_POINT ( 'NONE',  ( 40.60626890365506370, -7.796070230874669882, 23.85674827580889712 ) ) ;
#1551 = LINE ( 'NONE', #394, #2502 ) ;
#1552 = VECTOR ( 'NONE', #2456, 1000.000000000000000 ) ;
#1553 = VERTEX_POINT ( 'NONE', #1358 ) ;
#1554 = CARTESIAN_POINT ( 'NONE',  ( 40.45859742216986632, -9.307732990815820173, 15.27826102164769217 ) ) ;
#1555 = CC_DESIGN_APPROVAL ( #1602, ( #1793 ) ) ;
#1556 = CARTESIAN_POINT ( 'NONE',  ( -43.44167833452337391, 3.050479649495494439, 18.02506417562480223 ) ) ;
#1557 = DIRECTION ( 'NONE',  ( -0.000000000000000000, -1.796148638749451749E-16, 1.000000000000000000 ) ) ;
#1558 = CARTESIAN_POINT ( 'NONE',  ( 15.00000000000000000, -5.499999999999994671, 8.044714263047128000 ) ) ;
#1559 = CARTESIAN_POINT ( 'NONE',  ( -41.66087134285147187, 3.622590051563218783, 29.14769111437667348 ) ) ;
#1560 = CARTESIAN_POINT ( 'NONE',  ( -28.99999999999999645, 8.803702866745927835, 9.855255629118838456 ) ) ;
#1561 = CARTESIAN_POINT ( 'NONE',  ( 41.38282748800268962, 4.968474486895680720, 28.27430526315799142 ) ) ;
#1562 = CARTESIAN_POINT ( 'NONE',  ( 13.21755393023444825, -5.215793966863404130, 7.935238308685058861 ) ) ;
#1563 = VERTEX_POINT ( 'NONE', #419 ) ;
#1564 = CARTESIAN_POINT ( 'NONE',  ( 20.49999999999999289, 3.635388030900873423E-31, 6.999999999999992006 ) ) ;
#1565 = AXIS2_PLACEMENT_3D ( 'NONE', #2367, #851, #813 ) ;
#1566 = CARTESIAN_POINT ( 'NONE',  ( -42.78356340592385720, 4.821668251233859337, 20.66653893323363533 ) ) ;
#1567 = CARTESIAN_POINT ( 'NONE',  ( -16.43807956234453016, -5.320929855027568323, 7.975253223929793300 ) ) ;
#1568 = CARTESIAN_POINT ( 'NONE',  ( 30.77569805034087125, -10.17199324993364584, 10.37369777275945282 ) ) ;
#1569 = CARTESIAN_POINT ( 'NONE',  ( -42.49622719528359482, 3.751059916221024970, 29.08335483328459503 ) ) ;
#1570 = DIRECTION ( 'NONE',  ( 1.000000000000000000, -0.000000000000000000, -0.000000000000000000 ) ) ;
#1571 = EDGE_CURVE ( 'NONE', #1398, #2222, #3, .T. ) ;
#1572 = CARTESIAN_POINT ( 'NONE',  ( 41.82652193782239891, 6.263685009151459759, 25.93579824257933097 ) ) ;
#1573 = CARTESIAN_POINT ( 'NONE',  ( 10.63066196992388868, -3.359582923914009811, 7.377917567878890637 ) ) ;
#1574 = ORIENTED_EDGE ( 'NONE', *, *, #1571, .F. ) ;
#1575 = DIRECTION ( 'NONE',  ( 1.000000000000000000, -0.000000000000000000, -0.000000000000000000 ) ) ;
#1576 = EDGE_LOOP ( 'NONE', ( #299, #2075, #510, #610, #106 ) ) ;
#1577 = FACE_OUTER_BOUND ( 'NONE', #2169, .T. ) ;
#1578 = CARTESIAN_POINT ( 'NONE',  ( -42.60302127844548181, 5.002508129237445367, 22.28713317753302903 ) ) ;
#1579 = CARTESIAN_POINT ( 'NONE',  ( 28.99999999999999645, -2.694222958124177204E-15, 21.99999999999999289 ) ) ;
#1580 = CARTESIAN_POINT ( 'NONE',  ( -15.00000000000000000, 6.645749963372974748E-16, 3.299999999999990496 ) ) ;
#1581 = CARTESIAN_POINT ( 'NONE',  ( -42.96710460674703569, 0.4465101452169104035, 29.06945928015360181 ) ) ;
#1582 = CARTESIAN_POINT ( 'NONE',  ( -29.93704294625961637, 10.01423355674819859, 11.26896327315441226 ) ) ;
#1583 = CARTESIAN_POINT ( 'NONE',  ( 42.88223485643261768, -1.757023103900825500, 28.88740075622068559 ) ) ;
#1584 = FACE_BOUND ( 'NONE', #1118, .T. ) ;
#1585 = EDGE_CURVE ( 'NONE', #986, #1217, #1956, .T. ) ;
#1586 = EDGE_LOOP ( 'NONE', ( #133, #871, #2272, #512, #838 ) ) ;
#1587 = LINE ( 'NONE', #1981, #2131 ) ;
#1588 = VERTEX_POINT ( 'NONE', #835 ) ;
#1589 = CARTESIAN_POINT ( 'NONE',  ( -30.77569805034087125, 10.17199324993364229, 10.37369777275945104 ) ) ;
#1590 = B_SPLINE_CURVE_WITH_KNOTS ( 'NONE', 3,
 ( #85, #2391, #493, #2432, #697, #1059, #113, #1045, #1618, #1474, #2445, #129, #897, #1252, #883, #671, #2240, #1660, #1862, #2228, #506, #1280, #2055, #517 ),
 .UNSPECIFIED., .F., .F.,
 ( 4, 2, 2, 2, 2, 2, 2, 2, 2, 2, 2, 4 ),
 ( 0.02601842812527362450, 0.02710270004844381186, 0.02764483601002890728, 0.02818697197161400270, 0.02872910793319909811, 0.02927124389478419353, 0.03035551581795437395, 0.03143978774112456132, 0.03252405966429473827, 0.03306619562587983369, 0.03360833158746492216, 0.03469260351063510606 ),
 .UNSPECIFIED. ) ;
#1591 = CARTESIAN_POINT ( 'NONE',  ( -28.99999999999999645, 8.803702866745926059, 9.855255629118838456 ) ) ;
#1592 = CARTESIAN_POINT ( 'NONE',  ( -20.21544390850388240, -1.782559611803508526, 7.102546611066344440 ) ) ;
#1593 = CARTESIAN_POINT ( 'NONE',  ( 31.00000000000000000, -9.982693850819460479, 11.44794695422676689 ) ) ;
#1594 = CARTESIAN_POINT ( 'NONE',  ( -42.58829581065273828, -3.311473986412597270, 29.29927236057820750 ) ) ;
#1595 = CARTESIAN_POINT ( 'NONE',  ( 45.00000000000000000, 12.00000000000000178, 0.000000000000000000 ) ) ;
#1596 = CARTESIAN_POINT ( 'NONE',  ( 42.94930138911241357, -0.8939753037247443190, 29.03192405823941158 ) ) ;
#1597 = LINE ( 'NONE', #1063, #963 ) ;
#1598 = ORIENTED_EDGE ( 'NONE', *, *, #114, .F. ) ;
#1599 = CARTESIAN_POINT ( 'NONE',  ( -41.28758230052757483, 8.885417361865158625, 15.17447796266504767 ) ) ;
#1600 = EDGE_CURVE ( 'NONE', #2247, #1553, #1491, .T. ) ;
#1601 = CARTESIAN_POINT ( 'NONE',  ( -40.30780564949706957, 11.68672243291962154, 1.425461608238234574E-15 ) ) ;
#1602 = APPROVAL ( #163, 'UNSPECIFIED' ) ;
#1603 = DIRECTION ( 'NONE',  ( 0.000000000000000000, 0.000000000000000000, 1.000000000000000000 ) ) ;
#1604 = DIRECTION ( 'NONE',  ( 0.000000000000000000, -0.1735417358103663044, 0.9848265156523381414 ) ) ;
#1605 = CARTESIAN_POINT ( 'NONE',  ( -29.91053398098461003, -8.905469153149978112, 10.66071259547241290 ) ) ;
#1606 = CARTESIAN_POINT ( 'NONE',  ( -42.46642365044390743, -4.133091306420086930, 27.91461398333758837 ) ) ;
#1607 = CYLINDRICAL_SURFACE ( 'NONE', #1917, 15.00000000000000000 ) ;
#1608 = CARTESIAN_POINT ( 'NONE',  ( 41.66348421990014828, 3.607859981668403826, 29.15540124017097412 ) ) ;
#1609 = AXIS2_PLACEMENT_3D ( 'NONE', #798, #1922, #1737 ) ;
#1610 = DIRECTION ( 'NONE',  ( 0.000000000000000000, 0.000000000000000000, -1.000000000000000000 ) ) ;
#1611 = VERTEX_POINT ( 'NONE', #2196 ) ;
#1612 = FACE_OUTER_BOUND ( 'NONE', #2159, .T. ) ;
#1613 = CARTESIAN_POINT ( 'NONE',  ( 41.50942058333445317, -4.413923936617044852, 28.68810284770353292 ) ) ;
#1614 = CARTESIAN_POINT ( 'NONE',  ( 30.00000000000000000, -2.694222958124177204E-15, 21.99999999999999289 ) ) ;
#1615 = CARTESIAN_POINT ( 'NONE',  ( 41.24566745588677463, -8.819581991598012038, 15.51628191530300782 ) ) ;
#1616 = CARTESIAN_POINT ( 'NONE',  ( -29.07060949525488169, -8.803702869263874575, 9.855255630944091294 ) ) ;
#1617 = CARTESIAN_POINT ( 'NONE',  ( -41.91293523495487250, -6.016003307586903937, 26.26600277145984563 ) ) ;
#1618 = CARTESIAN_POINT ( 'NONE',  ( -12.55686252287105553, 4.930861642157267966, 7.833325144787682603 ) ) ;
#1619 = AXIS2_PLACEMENT_3D ( 'NONE', #553, #1328, #935 ) ;
#1620 = CARTESIAN_POINT ( 'NONE',  ( 41.48203230281998088, 7.299257586189697555, 23.69441567150537153 ) ) ;
#1621 = DIRECTION ( 'NONE',  ( -0.000000000000000000, -1.796148638749451749E-16, 1.000000000000000000 ) ) ;
#1622 = ORIENTED_EDGE ( 'NONE', *, *, #1450, .F. ) ;
#1623 = FACE_OUTER_BOUND ( 'NONE', #248, .T. ) ;
#1624 = ORIENTED_EDGE ( 'NONE', *, *, #534, .F. ) ;
#1625 = CARTESIAN_POINT ( 'NONE',  ( -41.47267793220206045, -7.375562678770766212, 23.28454862441668638 ) ) ;
#1626 = CIRCLE ( 'NONE', #1348, 13.99999999999999822 ) ;
#1627 = CARTESIAN_POINT ( 'NONE',  ( -43.06980336820826238, 1.308493672789850404, 26.83708670542977259 ) ) ;
#1628 = CARTESIAN_POINT ( 'NONE',  ( -18.35695338707743574, 4.371205493697740252, 7.649536985766340891 ) ) ;
#1629 = AXIS2_PLACEMENT_3D ( 'NONE', #1614, #853, #1656 ) ;
#1630 = CARTESIAN_POINT ( 'NONE',  ( 41.93276458417723518, 5.957836026191002610, 26.33815686858208593 ) ) ;
#1631 =( BOUNDED_CURVE ( )  B_SPLINE_CURVE ( 3, ( #1928, #2116, #2312, #1510 ),
 .UNSPECIFIED., .F., .F. ) 
 B_SPLINE_CURVE_WITH_KNOTS ( ( 4, 4 ),
 ( 4.819139366870299312, 5.132087231803710736 ),
 .UNSPECIFIED. ) 
 CURVE ( )  GEOMETRIC_REPRESENTATION_ITEM ( )  RATIONAL_B_SPLINE_CURVE ( ( 1.000000000000000000, 0.9918552745334290321, 0.9918552745334290321, 1.000000000000000000 ) ) 
 REPRESENTATION_ITEM ( '' )  );
#1632 = CARTESIAN_POINT ( 'NONE',  ( -41.18676696612825339, -7.880352758376742095, 23.37845602234808240 ) ) ;
#1633 = EDGE_CURVE ( 'NONE', #223, #1933, #1597, .T. ) ;
#1634 = CARTESIAN_POINT ( 'NONE',  ( -41.50942058333441764, 4.413923936617032417, 28.68810284770351871 ) ) ;
#1635 = EDGE_CURVE ( 'NONE', #1655, #171, #1852, .T. ) ;
#1636 = CARTESIAN_POINT ( 'NONE',  ( 42.58879366188287463, -4.971755792683968167, 22.62411718562133700 ) ) ;
#1637 = CARTESIAN_POINT ( 'NONE',  ( -10.53235356390127464, -3.212832392371638424, 7.347326148167599769 ) ) ;
#1638 = VERTEX_POINT ( 'NONE', #1448 ) ;
#1639 = CARTESIAN_POINT ( 'NONE',  ( 29.88255958718002603, 8.894356698177457332, 10.58051560173828776 ) ) ;
#1640 = ORIENTED_EDGE ( 'NONE', *, *, #873, .T. ) ;
#1641 = CARTESIAN_POINT ( 'NONE',  ( -31.00000000000000000, 9.982693850819458703, 11.44794695422677044 ) ) ;
#1642 = ORIENTED_EDGE ( 'NONE', *, *, #951, .T. ) ;
#1643 = CARTESIAN_POINT ( 'NONE',  ( 29.98366116498469935, 8.948135940102503127, 10.95669048618940167 ) ) ;
#1644 = CARTESIAN_POINT ( 'NONE',  ( 28.09999999999999432, 6.011456762853118849E-15, 0.000000000000000000 ) ) ;
#1645 = CARTESIAN_POINT ( 'NONE',  ( -30.00000000000000000, -8.997867335167123670, 11.27440521841640120 ) ) ;
#1646 = CARTESIAN_POINT ( 'NONE',  ( 9.500000000000005329, -2.694487641683787866E-15, 6.999999999999992006 ) ) ;
#1647 = EDGE_LOOP ( 'NONE', ( #4, #1148 ) ) ;
#1648 = CARTESIAN_POINT ( 'NONE',  ( 43.16498956740915816, -3.962058886740569275, 18.93288076266505016 ) ) ;
#1649 = ADVANCED_FACE ( 'NONE', ( #2220 ), #469, .F. ) ;
#1650 = CARTESIAN_POINT ( 'NONE',  ( -28.99999999999999645, -2.694222958124177204E-15, 21.99999999999999289 ) ) ;
#1651 = AXIS2_PLACEMENT_3D ( 'NONE', #848, #103, #1255 ) ;
#1652 = CARTESIAN_POINT ( 'NONE',  ( 30.28293004370454966, 10.28960546964337297, 9.706263901627497859 ) ) ;
#1653 = ORIENTED_EDGE ( 'NONE', *, *, #1818, .T. ) ;
#1654 = CARTESIAN_POINT ( 'NONE',  ( 9.784685271477535196, 1.783255016719464292, 7.102597936200532480 ) ) ;
#1655 = VERTEX_POINT ( 'NONE', #1230 ) ;
#1656 = DIRECTION ( 'NONE',  ( 0.000000000000000000, 0.000000000000000000, -1.000000000000000000 ) ) ;
#1657 = DIRECTION ( 'NONE',  ( -0.000000000000000000, -0.1735417358103663044, 0.9848265156523381414 ) ) ;
#1658 = CARTESIAN_POINT ( 'NONE',  ( 42.88681189669188143, -1.709344520169262083, 28.89731890378532597 ) ) ;
#1659 = APPROVAL_ROLE ( '' ) ;
#1660 = CARTESIAN_POINT ( 'NONE',  ( -9.853491261387301137, 1.948364187335233089, 7.126120741297098604 ) ) ;
#1661 = CARTESIAN_POINT ( 'NONE',  ( 40.59916497296244131, -7.878612125218710460, 23.38833388648292910 ) ) ;
#1662 = CARTESIAN_POINT ( 'NONE',  ( 42.83232804972743679, -3.314966312763323764, 25.75755276431041807 ) ) ;
#1663 = AXIS2_PLACEMENT_3D ( 'NONE', #1235, #1054, #503 ) ;
#1664 = CARTESIAN_POINT ( 'NONE',  ( 29.07181903663375522, 10.10087473191132368, 10.77728600457737151 ) ) ;
#1665 = EDGE_LOOP ( 'NONE', ( #1460, #916, #2440, #347 ) ) ;
#1666 = ADVANCED_FACE ( 'NONE', ( #2031 ), #998, .F. ) ;
#1667 = CARTESIAN_POINT ( 'NONE',  ( 41.54821357642042301, 4.211275764016241929, 28.80583210598112132 ) ) ;
#1668 = ORIENTED_EDGE ( 'NONE', *, *, #2455, .F. ) ;
#1669 = DIRECTION ( 'NONE',  ( -0.000000000000000000, -1.796148638749451749E-16, 1.000000000000000000 ) ) ;
#1670 = DIRECTION ( 'NONE',  ( 0.000000000000000000, 1.000000000000000000, 1.219727444046192735E-16 ) ) ;
#1671 = CLOSED_SHELL ( 'NONE', ( #149, #1817, #2457, #1649, #2041, #1666, #619, #2141, #100, #1695, #808, #1381, #1530, #181, #2005, #1009, #165, #623, #590, #673, #2384, #2371, #1414, #1105, #2389, #920, #2280, #2503, #2191, #331, #439, #2174, #2307, #1786, #2323, #550, #607, #2195, #1943, #2419, #659, #2339, #2470, #706, #1712, #704, #1244, #1153, #1469 ) ) ;
#1672 = CARTESIAN_POINT ( 'NONE',  ( 43.81124419696032390, -2.081899558550500280E-15, 16.99999999999998934 ) ) ;
#1673 = PERSON_AND_ORGANIZATION ( #1841, #771 ) ;
#1674 = AXIS2_PLACEMENT_3D ( 'NONE', #2405, #1445, #685 ) ;
#1675 = DIRECTION ( 'NONE',  ( 0.000000000000000000, 0.000000000000000000, 1.000000000000000000 ) ) ;
#1676 = DIRECTION ( 'NONE',  ( 0.000000000000000000, -1.000000000000000000, -1.796148638749451255E-16 ) ) ;
#1677 = CARTESIAN_POINT ( 'NONE',  ( 30.95610139541334860, 10.07969025755642534, 10.89750510903315117 ) ) ;
#1678 = CARTESIAN_POINT ( 'NONE',  ( 30.55068579926335559, 10.23373441745808066, 10.02332477112113729 ) ) ;
#1679 = ORIENTED_EDGE ( 'NONE', *, *, #1600, .F. ) ;
#1680 = CARTESIAN_POINT ( 'NONE',  ( 40.59916497296244842, 7.878612125218703355, 23.38833388648293266 ) ) ;
#1681 = ORIENTED_EDGE ( 'NONE', *, *, #1071, .T. ) ;
#1682 = CARTESIAN_POINT ( 'NONE',  ( -40.91804766806104965, -6.687937234110457041, 26.41409065658002575 ) ) ;
#1683 = EDGE_CURVE ( 'NONE', #2500, #1933, #445, .T. ) ;
#1684 = CARTESIAN_POINT ( 'NONE',  ( 42.39781877790022691, -4.415245568349146943, 27.74250814675183108 ) ) ;
#1685 = CYLINDRICAL_SURFACE ( 'NONE', #456, 5.499999999999994671 ) ;
#1686 = CARTESIAN_POINT ( 'NONE',  ( -31.00000000000000000, 8.997867335167121894, 11.27440521841640475 ) ) ;
#1687 = CARTESIAN_POINT ( 'NONE',  ( 43.56494968123151068, -2.509769925881778274, 17.66343195479511152 ) ) ;
#1688 = VECTOR ( 'NONE', #1425, 1000.000000000000000 ) ;
#1689 = EDGE_LOOP ( 'NONE', ( #1452, #188, #878, #943 ) ) ;
#1690 = CARTESIAN_POINT ( 'NONE',  ( 41.42502015668771520, 4.786636870623045326, 28.41417006939086676 ) ) ;
#1691 = ORIENTED_EDGE ( 'NONE', *, *, #1990, .T. ) ;
#1692 = CARTESIAN_POINT ( 'NONE',  ( -43.06981408702495884, -1.308371717178299587, 26.83712924311915060 ) ) ;
#1693 = PERSON_AND_ORGANIZATION_ROLE ( 'design_supplier' ) ;
#1694 = FACE_OUTER_BOUND ( 'NONE', #1895, .T. ) ;
#1695 = ADVANCED_FACE ( 'NONE', ( #688 ), #1463, .F. ) ;
#1696 = DIRECTION ( 'NONE',  ( -1.000000000000000000, -0.000000000000000000, -0.000000000000000000 ) ) ;
#1697 = EDGE_CURVE ( 'NONE', #130, #2132, #2, .T. ) ;
#1698 = DIRECTION ( 'NONE',  ( -1.000000000000000000, -0.000000000000000000, -0.000000000000000000 ) ) ;
#1699 = CARTESIAN_POINT ( 'NONE',  ( -40.72318684137663070, 7.344489656546129730, 25.18007448435840345 ) ) ;
#1700 = DIRECTION ( 'NONE',  ( 1.000000000000000000, 0.000000000000000000, 0.000000000000000000 ) ) ;
#1701 = CARTESIAN_POINT ( 'NONE',  ( 40.99765210742927479, -6.421782920879078205, 26.79293355748422201 ) ) ;
#1702 = ORIENTED_EDGE ( 'NONE', *, *, #993, .T. ) ;
#1703 = DIRECTION ( 'NONE',  ( 0.000000000000000000, -1.000000000000000000, -1.577021341797098793E-16 ) ) ;
#1704 = AXIS2_PLACEMENT_3D ( 'NONE', #1435, #1013, #2207 ) ;
#1705 = ORIENTED_EDGE ( 'NONE', *, *, #810, .F. ) ;
#1706 = CARTESIAN_POINT ( 'NONE',  ( -43.61983176421373543, -2.224966597124992340, 17.51045267283628704 ) ) ;
#1707 = LINE ( 'NONE', #1886, #1552 ) ;
#1708 = CARTESIAN_POINT ( 'NONE',  ( 29.98368307138048650, -8.948227533338704021, 10.95727700145658545 ) ) ;
#1709 = EDGE_CURVE ( 'NONE', #2452, #1060, #1421, .T. ) ;
#1710 = CARTESIAN_POINT ( 'NONE',  ( 20.21435161714093809, -1.786161661340930129, 7.102938305915279749 ) ) ;
#1711 = CARTESIAN_POINT ( 'NONE',  ( 43.81124419696032390, -2.081899558550500280E-15, 16.99999999999998934 ) ) ;
#1712 = ADVANCED_FACE ( 'NONE', ( #1787 ), #1409, .F. ) ;
#1713 = CARTESIAN_POINT ( 'NONE',  ( 42.78356340592388563, 4.821668251233862001, 20.66653893323363533 ) ) ;
#1714 = FACE_OUTER_BOUND ( 'NONE', #1576, .T. ) ;
#1715 = ORIENTED_EDGE ( 'NONE', *, *, #2266, .T. ) ;
#1716 = CARTESIAN_POINT ( 'NONE',  ( 41.66364756225726751, 3.606949130420586069, 29.15588532832480340 ) ) ;
#1717 = VERTEX_POINT ( 'NONE', #2507 ) ;
#1718 = CARTESIAN_POINT ( 'NONE',  ( -43.37412210411430635, -3.301842046990370427, 18.23154726738865605 ) ) ;
#1719 = DIRECTION ( 'NONE',  ( 0.000000000000000000, 1.796148638749451749E-16, -1.000000000000000000 ) ) ;
#1720 = LINE ( 'NONE', #1139, #2146 ) ;
#1721 = CARTESIAN_POINT ( 'NONE',  ( 41.38402331555270308, 8.098732571701184213, 19.40009603572737973 ) ) ;
#1722 = CARTESIAN_POINT ( 'NONE',  ( -41.58414667124710462, 6.962306136830867409, 24.66423607288112407 ) ) ;
#1723 = CARTESIAN_POINT ( 'NONE',  ( 28.99999999999999289, -10.37544290684799719, 9.219147740203791130 ) ) ;
#1724 = ORIENTED_EDGE ( 'NONE', *, *, #1915, .F. ) ;
#1725 = CARTESIAN_POINT ( 'NONE',  ( 9.500000000000005329, -2.694487641683787866E-15, 6.999999999999992006 ) ) ;
#1726 = EDGE_CURVE ( 'NONE', #2452, #373, #1987, .T. ) ;
#1727 = AXIS2_PLACEMENT_3D ( 'NONE', #222, #1763, #1958 ) ;
#1728 = ORIENTED_EDGE ( 'NONE', *, *, #2262, .T. ) ;
#1729 = CARTESIAN_POINT ( 'NONE',  ( -41.90808558331750078, -1.625581477728409885, 29.83660128614581097 ) ) ;
#1730 = PERSON_AND_ORGANIZATION ( #1841, #771 ) ;
#1731 = CARTESIAN_POINT ( 'NONE',  ( 17.75000000000000711, 6.645749963372974748E-16, 3.299999999999990496 ) ) ;
#1732 = DIRECTION ( 'NONE',  ( -1.000000000000000000, -0.000000000000000000, -0.000000000000000000 ) ) ;
#1733 = CARTESIAN_POINT ( 'NONE',  ( 20.32177007870943797, -1.434925280817070492, 7.064577057637318802 ) ) ;
#1734 = CARTESIAN_POINT ( 'NONE',  ( -41.19734074819104563, 7.801568783328431067, 23.82898657538929399 ) ) ;
#1735 = CARTESIAN_POINT ( 'NONE',  ( 30.77553373866264508, -10.17205847751861292, 10.37332761479758148 ) ) ;
#1736 = DIRECTION ( 'NONE',  ( 0.000000000000000000, 1.219727444046192735E-16, -1.000000000000000000 ) ) ;
#1737 = DIRECTION ( 'NONE',  ( 0.000000000000000000, 1.000000000000000000, 1.219727444046192735E-16 ) ) ;
#1738 = VERTEX_POINT ( 'NONE', #2112 ) ;
#1739 = EDGE_CURVE ( 'NONE', #1563, #2327, #177, .T. ) ;
#1740 = CARTESIAN_POINT ( 'NONE',  ( 40.59326595213401134, -10.69345278672428989, 7.414483516525890217 ) ) ;
#1741 = AXIS2_PLACEMENT_3D ( 'NONE', #2016, #2379, #2365 ) ;
#1742 = B_SPLINE_CURVE_WITH_KNOTS ( 'NONE', 3,
 ( #197, #787, #1395, #2119, #1562, #1193, #985, #1383, #1540, #232, #1573, #2315, #187, #1168, #14, #2326, #1954, #2304, #596, #1725 ),
 .UNSPECIFIED., .F., .F.,
 ( 4, 2, 2, 2, 2, 2, 2, 2, 2, 4 ),
 ( 0.008677092561677960184, 0.009760982079313395773, 0.01084487159694883136, 0.01192876111458426869, 0.01301265063221970428, 0.01409654014985513987, 0.01518042966749057546, 0.01626431918512601105, 0.01680626394394373058, 0.01734820870276144664 ),
 .UNSPECIFIED. ) ;
#1743 = CARTESIAN_POINT ( 'NONE',  ( 45.00000000000000000, -2.694222958124177204E-15, 29.99999999999999289 ) ) ;
#1744 = CARTESIAN_POINT ( 'NONE',  ( -31.00000000000000000, -6.893785609566374539, 23.21479215067256163 ) ) ;
#1745 = CARTESIAN_POINT ( 'NONE',  ( 30.00000000000000000, -2.694222958124177204E-15, 21.99999999999999289 ) ) ;
#1746 = CARTESIAN_POINT ( 'NONE',  ( -42.83316987433272516, 2.177480896190288728, 28.78084627768272341 ) ) ;
#1747 = CARTESIAN_POINT ( 'NONE',  ( 30.06433657060558318, -10.32049253363406116, 9.530983877680320404 ) ) ;
#1748 = AXIS2_PLACEMENT_3D ( 'NONE', #936, #2483, #390 ) ;
#1749 = CARTESIAN_POINT ( 'NONE',  ( 41.89122566261029590, -1.873395865597002219, 29.79159346520132345 ) ) ;
#1750 = FACE_BOUND ( 'NONE', #988, .T. ) ;
#1751 = CIRCLE ( 'NONE', #1955, 0.9999999999999997780 ) ;
#1752 = ORIENTED_EDGE ( 'NONE', *, *, #1739, .T. ) ;
#1753 = CARTESIAN_POINT ( 'NONE',  ( -30.06502065019913061, 10.32040753889954487, 9.531466211614844752 ) ) ;
#1754 = EDGE_CURVE ( 'NONE', #235, #1611, #1111, .T. ) ;
#1755 = DIRECTION ( 'NONE',  ( -1.000000000000000000, -0.000000000000000000, -0.000000000000000000 ) ) ;
#1756 = CC_DESIGN_DATE_AND_TIME_ASSIGNMENT ( #710, #367, ( #1793 ) ) ;
#1757 = CARTESIAN_POINT ( 'NONE',  ( -28.99999999999999645, -2.694222958124177204E-15, 6.999999999999992006 ) ) ;
#1758 = CARTESIAN_POINT ( 'NONE',  ( -42.79428513296395664, -1.941596010664254246, 29.76519883387701526 ) ) ;
#1759 = CARTESIAN_POINT ( 'NONE',  ( -29.98366116498470646, -8.948135940102508457, 10.95669048618941233 ) ) ;
#1760 = CARTESIAN_POINT ( 'NONE',  ( 42.37684460454070745, 4.487091444695000320, 27.68240278804955778 ) ) ;
#1761 = CARTESIAN_POINT ( 'NONE',  ( 31.00000000000000000, 8.997867335167121894, 11.27440521841640653 ) ) ;
#1762 = EDGE_LOOP ( 'NONE', ( #705, #1298, #1541, #1301 ) ) ;
#1763 = DIRECTION ( 'NONE',  ( -0.000000000000000000, -1.796148638749451749E-16, 1.000000000000000000 ) ) ;
#1764 = ORIENTED_EDGE ( 'NONE', *, *, #1585, .F. ) ;
#1765 = CARTESIAN_POINT ( 'NONE',  ( -15.00000000000000000, 0.000000000000000000, 6.999999999999992006 ) ) ;
#1766 = AXIS2_PLACEMENT_3D ( 'NONE', #1842, #1049, #689 ) ;
#1767 = CARTESIAN_POINT ( 'NONE',  ( -43.81124419696029548, -2.081899558550501068E-15, 16.99999999999998934 ) ) ;
#1768 = CARTESIAN_POINT ( 'NONE',  ( -40.30780564949706246, -11.68672243291962332, -1.425461608238236151E-15 ) ) ;
#1769 = CARTESIAN_POINT ( 'NONE',  ( -29.14121899043392361, -10.37544290553193349, 9.219147747672286286 ) ) ;
#1770 = CARTESIAN_POINT ( 'NONE',  ( -41.84388244279833913, -2.310334489683837145, 29.66275555050773605 ) ) ;
#1771 = CARTESIAN_POINT ( 'NONE',  ( -28.99999999999999645, 10.37544290684799542, 9.219147740203794683 ) ) ;
#1772 = CARTESIAN_POINT ( 'NONE',  ( 41.91293523495472328, 6.016003307587354243, 26.26600277145983497 ) ) ;
#1773 = CARTESIAN_POINT ( 'NONE',  ( -40.11627215885857822, 10.69000987932625613, 7.434021562927362936 ) ) ;
#1774 = VERTEX_POINT ( 'NONE', #768 ) ;
#1775 = DIRECTION ( 'NONE',  ( 1.000000000000000000, -0.000000000000000000, -0.000000000000000000 ) ) ;
#1776 = ORIENTED_EDGE ( 'NONE', *, *, #2071, .T. ) ;
#1777 = CARTESIAN_POINT ( 'NONE',  ( 30.00000000000000000, -6.893785609566372763, 23.21479215067256163 ) ) ;
#1778 = CIRCLE ( 'NONE', #1663, 7.000000000000002665 ) ;
#1779 = CARTESIAN_POINT ( 'NONE',  ( 15.00000000000000000, 1.257304047124615608E-15, -4.336808689942017736E-15 ) ) ;
#1780 = CARTESIAN_POINT ( 'NONE',  ( 45.00000000000000000, 11.63859919118310238, 2.050902035980580518 ) ) ;
#1781 = CARTESIAN_POINT ( 'NONE',  ( -29.53000415231761622, -8.825741358490747146, 10.04603095320342199 ) ) ;
#1782 = CARTESIAN_POINT ( 'NONE',  ( -42.95043439928278417, -0.8730784518746567135, 29.03433396493029761 ) ) ;
#1783 = CARTESIAN_POINT ( 'NONE',  ( -29.57926740718653846, -8.832502699247795519, 10.10197659222391842 ) ) ;
#1784 = EDGE_CURVE ( 'NONE', #360, #130, #500, .T. ) ;
#1785 = CARTESIAN_POINT ( 'NONE',  ( 40.78043061097028499, 7.148483618107147386, 25.62101973787848408 ) ) ;
#1786 = ADVANCED_FACE ( 'NONE', ( #1902 ), #2105, .F. ) ;
#1787 = FACE_OUTER_BOUND ( 'NONE', #2183, .T. ) ;
#1788 = VERTEX_POINT ( 'NONE', #379 ) ;
#1789 = CARTESIAN_POINT ( 'NONE',  ( -40.28886873770085941, 11.73038351911048238, -0.2369950282826774612 ) ) ;
#1790 = DIRECTION ( 'NONE',  ( -0.000000000000000000, 0.1735417358103659990, 0.9848265156523382524 ) ) ;
#1791 = CARTESIAN_POINT ( 'NONE',  ( -43.71208974152423821, 1.621734484107188123, 17.25903552730379076 ) ) ;
#1792 = CARTESIAN_POINT ( 'NONE',  ( 16.78084679121748479, 5.206849274960813290, 7.932594171092472557 ) ) ;
#1793 = SECURITY_CLASSIFICATION ( '', '', #2467 ) ;
#1794 = CARTESIAN_POINT ( 'NONE',  ( -29.88255958718002958, -8.894356698177460885, 10.58051560173828243 ) ) ;
#1795 = CARTESIAN_POINT ( 'NONE',  ( -42.73746293362647464, 2.422812819468974865, 29.64039301187454711 ) ) ;
#1796 = DIRECTION ( 'NONE',  ( 0.000000000000000000, 0.000000000000000000, -1.000000000000000000 ) ) ;
#1797 = CARTESIAN_POINT ( 'NONE',  ( 41.73215152016293672, 3.188417320848614178, 29.35190051594014449 ) ) ;
#1798 = B_SPLINE_CURVE_WITH_KNOTS ( 'NONE', 3,
 ( #1303, #684, #2454, #1443, #1885, #1085, #1630, #2404, #477, #719, #1457, #1472, #1482, #1493, #855, #2260, #515, #2065, #327, #1835, #909, #1658, #528, #1289, #2078, #1070, #1684, #1096, #895, #2025, #1264, #1874, #1249, #491, #291, #1055, #96, #139 ),
 .UNSPECIFIED., .F., .F.,
 ( 4, 2, 2, 2, 2, 2, 2, 2, 2, 2, 2, 2, 2, 2, 2, 2, 2, 2, 4 ),
 ( 0.000000000000000000, 0.001294050272108609664, 0.002588100544217219329, 0.003882150816325829427, 0.005176201088434438657, 0.005823226224488746959, 0.006470251360543056128, 0.007764301632651674466, 0.009058351904760293671, 0.01035240217686891201, 0.01164645244897753035, 0.01294050272108615042, 0.01423455299319476876, 0.01552860326530338883, 0.01682265353741200717, 0.01811670380952062551, 0.01876372894557493121, 0.01941075408162923344, 0.02070480435373784830 ),
 .UNSPECIFIED. ) ;
#1799 = EDGE_CURVE ( 'NONE', #373, #676, #127, .T. ) ;
#1800 = ORIENTED_EDGE ( 'NONE', *, *, #1449, .F. ) ;
#1801 = CARTESIAN_POINT ( 'NONE',  ( -39.57009562896669763, 12.02347363082601639, -0.1332097662164367091 ) ) ;
#1802 = EDGE_LOOP ( 'NONE', ( #1668, #1624 ) ) ;
#1803 = EDGE_CURVE ( 'NONE', #1563, #1738, #1300, .T. ) ;
#1804 = CYLINDRICAL_SURFACE ( 'NONE', #1166, 5.499999999999994671 ) ;
#1805 = CARTESIAN_POINT ( 'NONE',  ( 39.71661500883877238, 11.99999999999998934, -1.059637627605242501E-30 ) ) ;
#1806 = DIRECTION ( 'NONE',  ( 0.000000000000000000, 0.000000000000000000, -1.000000000000000000 ) ) ;
#1807 = CARTESIAN_POINT ( 'NONE',  ( -29.68488887383979957, -10.35304990556530669, 9.346225075953896066 ) ) ;
#1808 = CARTESIAN_POINT ( 'NONE',  ( -41.25461771951377443, -5.495634210847931023, 27.83168806345637947 ) ) ;
#1809 = CARTESIAN_POINT ( 'NONE',  ( -29.14212089599768873, 8.803702864768688130, 9.855255627685540532 ) ) ;
#1810 = CARTESIAN_POINT ( 'NONE',  ( 30.55049328668441078, 10.23377986559090580, 10.02306685894756733 ) ) ;
#1811 = AXIS2_PLACEMENT_3D ( 'NONE', #633, #1204, #674 ) ;
#1812 = CARTESIAN_POINT ( 'NONE',  ( -12.55576656766378463, -4.940018874605186738, 7.836046503286099529 ) ) ;
#1813 = CARTESIAN_POINT ( 'NONE',  ( -39.57009562896674737, -12.02347363082600040, -0.1332097662163676255 ) ) ;
#1814 = ORIENTED_EDGE ( 'NONE', *, *, #1514, .F. ) ;
#1815 = CARTESIAN_POINT ( 'NONE',  ( -15.00000000000000000, -5.499999999999994671, 8.044714263047128000 ) ) ;
#1816 = PRODUCT_DEFINITION_SHAPE ( 'NONE', 'NONE',  #2128 ) ;
#1817 = ADVANCED_FACE ( 'NONE', ( #7 ), #1521, .F. ) ;
#1818 = EDGE_CURVE ( 'NONE', #1060, #1386, #1824, .T. ) ;
#1819 = CARTESIAN_POINT ( 'NONE',  ( 29.51873521968066072, 8.825954456361184697, 10.04730593475760969 ) ) ;
#1820 = CYLINDRICAL_SURFACE ( 'NONE', #1404, 5.000000000000000888 ) ;
#1821 = DIRECTION ( 'NONE',  ( 1.000000000000000000, -0.000000000000000000, -0.000000000000000000 ) ) ;
#1822 = CARTESIAN_POINT ( 'NONE',  ( -41.67516331113795047, -6.696300228561033130, 25.23814874422361143 ) ) ;
#1823 = CARTESIAN_POINT ( 'NONE',  ( -40.59916497296238447, 7.878612125218703355, 23.38833388648293266 ) ) ;
#1824 = CIRCLE ( 'NONE', #605, 15.00000000000000000 ) ;
#1825 = CARTESIAN_POINT ( 'NONE',  ( 42.71638285188456763, -3.987465119677862990, 25.03427278054925864 ) ) ;
#1826 = CARTESIAN_POINT ( 'NONE',  ( -10.64049071987143869, -3.358092383819975435, 7.380032642080255556 ) ) ;
#1827 = CARTESIAN_POINT ( 'NONE',  ( -40.86161381602556730, 10.25665545171642634, 7.753540402017954136 ) ) ;
#1828 = ORIENTED_EDGE ( 'NONE', *, *, #178, .F. ) ;
#1829 = CARTESIAN_POINT ( 'NONE',  ( 40.63323210803573460, -7.674200434163366502, 24.30721809102564990 ) ) ;
#1830 = AXIS2_PLACEMENT_3D ( 'NONE', #192, #544, #2279 ) ;
#1831 = ORIENTED_EDGE ( 'NONE', *, *, #842, .F. ) ;
#1832 = CARTESIAN_POINT ( 'NONE',  ( 39.99456475910937314, 12.02873591435071887, -0.1630725327942345870 ) ) ;
#1833 = LINE ( 'NONE', #262, #1688 ) ;
#1834 = CIRCLE ( 'NONE', #1513, 2.749999999999999112 ) ;
#1835 = CARTESIAN_POINT ( 'NONE',  ( 42.96711433834703087, -0.4336986666623530717, 29.06947993907321504 ) ) ;
#1836 = CARTESIAN_POINT ( 'NONE',  ( -41.61012417457953205, -6.881387314789790821, 24.87057314986048340 ) ) ;
#1837 = DIRECTION ( 'NONE',  ( 0.000000000000000000, 0.000000000000000000, -1.000000000000000000 ) ) ;
#1838 = CARTESIAN_POINT ( 'NONE',  ( -30.00000000000000000, -10.37544290684799719, 9.219147740203792907 ) ) ;
#1839 = FACE_OUTER_BOUND ( 'NONE', #1081, .T. ) ;
#1840 = CARTESIAN_POINT ( 'NONE',  ( 15.00000000000000000, 6.645749963372974748E-16, 3.299999999999990496 ) ) ;
#1841 = PERSON ( 'UNSPECIFIED', 'UNSPECIFIED', 'UNSPECIFIED', ('UNSPECIFIED'), ('UNSPECIFIED'), ('UNSPECIFIED') ) ;
#1842 = CARTESIAN_POINT ( 'NONE',  ( 28.99999999999999645, -9.390616391195656831, 9.045606004393423660 ) ) ;
#1843 = ORIENTED_EDGE ( 'NONE', *, *, #1418, .F. ) ;
#1844 = CARTESIAN_POINT ( 'NONE',  ( 9.571827187319472685, 0.9044310416818546194, 7.026224739073823500 ) ) ;
#1845 = ORIENTED_EDGE ( 'NONE', *, *, #2441, .T. ) ;
#1846 = CARTESIAN_POINT ( 'NONE',  ( -43.10984853351257584, 0.3282682426078381566, 26.99193838783607902 ) ) ;
#1847 = CARTESIAN_POINT ( 'NONE',  ( -20.49999999999999289, -2.694487641582813670E-15, 6.999999999999991118 ) ) ;
#1848 = LINE ( 'NONE', #317, #1099 ) ;
#1849 = CARTESIAN_POINT ( 'NONE',  ( -30.00000000000000000, -2.694222958124177204E-15, 21.99999999999999289 ) ) ;
#1850 = EDGE_LOOP ( 'NONE', ( #1373, #221, #1466, #1957 ) ) ;
#1851 = DIRECTION ( 'NONE',  ( 0.000000000000000000, 0.000000000000000000, -1.000000000000000000 ) ) ;
#1852 = CIRCLE ( 'NONE', #280, 1.000000000000000666 ) ;
#1853 = ORIENTED_EDGE ( 'NONE', *, *, #83, .T. ) ;
#1854 = CARTESIAN_POINT ( 'NONE',  ( 29.09731957097513799, 10.10233204712014299, 10.76901593252464728 ) ) ;
#1855 = ORIENTED_EDGE ( 'NONE', *, *, #1369, .F. ) ;
#1856 = CARTESIAN_POINT ( 'NONE',  ( 15.00000000000000000, 5.499999999999994671, 8.044714263047129776 ) ) ;
#1857 = ORIENTED_EDGE ( 'NONE', *, *, #888, .F. ) ;
#1858 = CARTESIAN_POINT ( 'NONE',  ( 15.00000000000000000, 2.750000000000003997, 6.999999999999992895 ) ) ;
#1859 = CARTESIAN_POINT ( 'NONE',  ( -15.36237770825439775, 5.499999999999994671, 8.044714263047129776 ) ) ;
#1860 = CARTESIAN_POINT ( 'NONE',  ( 43.71208974152425952, 1.621734484107191898, 17.25903552730379786 ) ) ;
#1861 = DATE_AND_TIME ( #2431, #387 ) ;
#1862 = CARTESIAN_POINT ( 'NONE',  ( -9.791586755721382929, 1.776257775666687078, 7.104526249677149075 ) ) ;
#1863 = ORIENTED_EDGE ( 'NONE', *, *, #1496, .F. ) ;
#1864 = CARTESIAN_POINT ( 'NONE',  ( 30.63014775400750267, 10.21338910199960637, 10.13878175925864156 ) ) ;
#1865 = AXIS2_PLACEMENT_3D ( 'NONE', #1887, #1162, #745 ) ;
#1866 = EDGE_CURVE ( 'NONE', #1134, #1788, #369, .T. ) ;
#1867 = ORIENTED_EDGE ( 'NONE', *, *, #2193, .T. ) ;
#1868 = CARTESIAN_POINT ( 'NONE',  ( 29.84469725319847200, 10.04002538228631458, 11.12259805698821502 ) ) ;
#1869 = VERTEX_POINT ( 'NONE', #2469 ) ;
#1870 = CARTESIAN_POINT ( 'NONE',  ( -29.55080839470621257, -10.36147360041210419, 9.298421716109935176 ) ) ;
#1871 = ORIENTED_EDGE ( 'NONE', *, *, #2264, .F. ) ;
#1872 = CARTESIAN_POINT ( 'NONE',  ( -41.54821357642040880, -4.211275764016249923, 28.80583210598112487 ) ) ;
#1873 = AXIS2_PLACEMENT_3D ( 'NONE', #1686, #884, #2458 ) ;
#1874 = CARTESIAN_POINT ( 'NONE',  ( 41.72411438548471097, -6.556451430474879771, 25.46705488307797438 ) ) ;
#1875 = AXIS2_PLACEMENT_3D ( 'NONE', #1016, #1003, #803 ) ;
#1876 = PLANE ( 'NONE',  #136 ) ;
#1877 = DIRECTION ( 'NONE',  ( 0.000000000000000000, 0.000000000000000000, 1.000000000000000000 ) ) ;
#1878 = CARTESIAN_POINT ( 'NONE',  ( -41.87472762076543376, 5.925393266302705797, 27.38185073192854802 ) ) ;
#1879 = CARTESIAN_POINT ( 'NONE',  ( 29.99999999999999289, 9.982693850819456927, 11.44794695422678288 ) ) ;
#1880 = EDGE_LOOP ( 'NONE', ( #1529, #2017, #2258, #62 ) ) ;
#1881 = CARTESIAN_POINT ( 'NONE',  ( 41.16668847865751957, 5.823301243458685050, 27.50510340020498390 ) ) ;
#1882 = ORIENTED_EDGE ( 'NONE', *, *, #708, .F. ) ;
#1883 = EDGE_CURVE ( 'NONE', #501, #2409, #849, .T. ) ;
#1884 = CARTESIAN_POINT ( 'NONE',  ( -43.71198397539161107, -1.622489232058295539, 17.25932069709205408 ) ) ;
#1885 = CARTESIAN_POINT ( 'NONE',  ( 41.68653516551806604, 6.663951764417603840, 25.29832731929456813 ) ) ;
#1886 = CARTESIAN_POINT ( 'NONE',  ( 45.00000000000000000, 7.878612125218703355, 23.38833388648293266 ) ) ;
#1887 = CARTESIAN_POINT ( 'NONE',  ( -28.99999999999999645, -2.694222958124177204E-15, 21.99999999999999289 ) ) ;
#1888 = LINE ( 'NONE', #1838, #257 ) ;
#1889 = B_SPLINE_CURVE_WITH_KNOTS ( 'NONE', 3,
 ( #2388, #2000, #1974, #2333, #1018, #845, #994, #2347, #1568, #1431, #819, #1593 ),
 .UNSPECIFIED., .F., .F.,
 ( 4, 2, 2, 2, 2, 4 ),
 ( 0.000000000000000000, 0.0004243296783826769466, 0.0008486593567653538932, 0.001697318713530696077, 0.002545978070296038044, 0.003394637427061380011 ),
 .UNSPECIFIED. ) ;
#1890 = CARTESIAN_POINT ( 'NONE',  ( -40.99765210742926058, 6.421782920879064882, 26.79293355748423622 ) ) ;
#1891 = CARTESIAN_POINT ( 'NONE',  ( 29.06333516275901729, -10.10122165415098472, 10.77531726651509025 ) ) ;
#1892 = B_SPLINE_CURVE_WITH_KNOTS ( 'NONE', 3,
 ( #1495, #1151, #1913, #934, #1533, #341, #1327, #368, #2299, #1925, #720, #2261, #1110, #945, #2493, #756, #529, #2308, #2481, #152, #744, #1125, #577, #2468, #958, #1305, #388, #1138, #140, #910, #2081, #1544, #730, #567, #1340, #1352, #922, #1507 ),
 .UNSPECIFIED., .F., .F.,
 ( 4, 2, 2, 2, 2, 2, 2, 2, 2, 2, 2, 2, 2, 2, 2, 2, 2, 2, 4 ),
 ( 0.000000000000000000, 0.001294050272108614652, 0.002588100544217229303, 0.003882150816325844172, 0.005176201088434458607, 0.005823226224488765174, 0.006470251360543070873, 0.007764301632651688344, 0.009058351904760305814, 0.01035240217686892242, 0.01164645244897753902, 0.01294050272108615562, 0.01423455299319477223, 0.01552860326530338536, 0.01682265353741200023, 0.01811670380952061857, 0.01876372894557492427, 0.01941075408162922997, 0.02070480435373784830 ),
 .UNSPECIFIED. ) ;
#1893 = CARTESIAN_POINT ( 'NONE',  ( 42.70862087974632004, -2.996877262895636829, 28.49988761882899979 ) ) ;
#1894 = AXIS2_PLACEMENT_3D ( 'NONE', #1064, #1736, #1500 ) ;
#1895 = EDGE_LOOP ( 'NONE', ( #597, #1843, #93, #1921, #2411 ) ) ;
#1896 =( BOUNDED_SURFACE ( )  B_SPLINE_SURFACE ( 3, 2, ( 
 ( #170, #359, #1906 ),
 ( #1, #2084, #1550 ),
 ( #1525, #2118, #928 ),
 ( #1920, #383, #2314 ),
 ( #2303, #346, #584 ),
 ( #535, #974, #1930 ),
 ( #2129, #2293, #940 ),
 ( #2282, #1167, #2486 ),
 ( #2461, #559, #1701 ),
 ( #1941, #1539, #2094 ),
 ( #572, #1346, #372 ),
 ( #1332, #208, #736 ),
 ( #2104, #1144, #185 ),
 ( #723, #952, #2269 ),
 ( #1157, #2499, #196 ),
 ( #1311, #1131, #1117 ),
 ( #1893, #158, #1515 ),
 ( #809, #1407, #219 ),
 ( #1583, #2181, #1749 ),
 ( #1596, #2140, #259 ),
 ( #2325, #271, #1215 ),
 ( #617, #1229, #1953 ),
 ( #1021, #822, #1991 ),
 ( #59, #443, #2154 ),
 ( #997, #2351, #2167 ),
 ( #1394, #428, #2003 ),
 ( #1202, #2364, #984 ),
 ( #38, #645, #1797 ),
 ( #1966, #834, #1608 ),
 ( #48, #1192, #632 ),
 ( #1382, #595, #403 ),
 ( #1760, #2378, #1422 ),
 ( #13, #2194, #1561 ),
 ( #457, #25, #1978 ),
 ( #1371, #245, #786 ),
 ( #1772, #797, #1177 ),
 ( #1572, #2338, #1012 ),
 ( #604, #231, #1785 ),
 ( #418, #495, #468 ),
 ( #885, #1434, #2058 ),
 ( #1620, #2069, #508 ),
 ( #2418, #521, #1238 ) ),
 .UNSPECIFIED., .F., .F., .F. ) 
 B_SPLINE_SURFACE_WITH_KNOTS ( ( 4, 2, 2, 2, 2, 2, 2, 2, 2, 2, 2, 2, 2, 2, 2, 2, 2, 2, 2, 2, 4 ),
 ( 3, 3 ),
 ( -1.040834085586084257E-17, 0.001229006347041882580, 0.001843509520562829074, 0.002458012694083775568, 0.003687019041125668556, 0.004301522214646615050, 0.004916025388167561544, 0.006145031735209454532, 0.007374038082251347520, 0.008603044429293240508, 0.009832050776335133496, 0.01106105712337702648, 0.01167556029689797298, 0.01229006347041891947, 0.01351906981746081246, 0.01413357299098175895, 0.01474807616450270545, 0.01597708251154459844, 0.01720608885858649142, 0.01843509520562838441, 0.01966410155267027740 ),
 ( 0.000000000000000000, 1.000000000000000000 ),
 .UNSPECIFIED. ) 
 GEOMETRIC_REPRESENTATION_ITEM ( )  RATIONAL_B_SPLINE_SURFACE ( (
 ( 1.000000000000000000, 0.8621405024482152735, 1.000000000000000000),
 ( 1.000000000000000000, 0.8607162608776782742, 1.000000000000000000),
 ( 1.000000000000000000, 0.8578726720832152708, 1.000000000000000000),
 ( 1.000000000000000000, 0.8517943892793674587, 1.000000000000000000),
 ( 1.000000000000000000, 0.8494655919343651052, 1.000000000000000000),
 ( 1.000000000000000000, 0.8442490762070654631, 1.000000000000000000),
 ( 1.000000000000000000, 0.8413447084310682333, 1.000000000000000000),
 ( 1.000000000000000000, 0.8320120615287681654, 1.000000000000000000),
 ( 1.000000000000000000, 0.8249729837709279812, 1.000000000000000000),
 ( 1.000000000000000000, 0.8136715045533178259, 1.000000000000000000),
 ( 1.000000000000000000, 0.8097802145502045468, 1.000000000000000000),
 ( 1.000000000000000000, 0.8018334525477514019, 1.000000000000000000),
 ( 1.000000000000000000, 0.7977831426694548256, 1.000000000000000000),
 ( 1.000000000000000000, 0.7857490834570424187, 1.000000000000000000),
 ( 1.000000000000000000, 0.7778070822730519529, 1.000000000000000000),
 ( 1.000000000000000000, 0.7629104872593889253, 1.000000000000000000),
 ( 1.000000000000000000, 0.7559013141789785450, 1.000000000000000000),
 ( 1.000000000000000000, 0.7442457747776338728, 1.000000000000000000),
 ( 1.000000000000000000, 0.7395550918836922838, 1.000000000000000000),
 ( 1.000000000000000000, 0.7331043647285179210, 1.000000000000000000),
 ( 1.000000000000000000, 0.7313673028162213097, 1.000000000000000000),
 ( 1.000000000000000000, 0.7313402654788265789, 1.000000000000000000),
 ( 1.000000000000000000, 0.7329944691525018818, 1.000000000000000000),
 ( 1.000000000000000000, 0.7377873202080922344, 1.000000000000000000),
 ( 1.000000000000000000, 0.7397808866088184665, 1.000000000000000000),
 ( 1.000000000000000000, 0.7444292298009098641, 1.000000000000000000),
 ( 1.000000000000000000, 0.7470716091913212065, 1.000000000000000000),
 ( 1.000000000000000000, 0.7557889937564911120, 1.000000000000000000),
 ( 1.000000000000000000, 0.7626527212660492161, 1.000000000000000000),
 ( 1.000000000000000000, 0.7739082928001701500, 1.000000000000000000),
 ( 1.000000000000000000, 0.7778155160836414117, 1.000000000000000000),
 ( 1.000000000000000000, 0.7857005030753877461, 1.000000000000000000),
 ( 1.000000000000000000, 0.7896952149267409959, 1.000000000000000000),
 ( 1.000000000000000000, 0.8016825755634199302, 1.000000000000000000),
 ( 1.000000000000000000, 0.8096778984567883919, 1.000000000000000000),
 ( 1.000000000000000000, 0.8249260164862614042, 1.000000000000000000),
 ( 1.000000000000000000, 0.8319643709655989428, 1.000000000000000000),
 ( 1.000000000000000000, 0.8442905919507085466, 1.000000000000000000),
 ( 1.000000000000000000, 0.8495875232817412526, 1.000000000000000000),
 ( 1.000000000000000000, 0.8578585370236261332, 1.000000000000000000),
 ( 1.000000000000000000, 0.8607171402129533133, 1.000000000000000000),
 ( 1.000000000000000000, 0.8621405024482149404, 1.000000000000000000) ) ) 
 REPRESENTATION_ITEM ( '' )  SURFACE ( )  );
#1897 = DIRECTION ( 'NONE',  ( 0.000000000000000000, 1.219727444046192735E-16, -1.000000000000000000 ) ) ;
#1898 = ORIENTED_EDGE ( 'NONE', *, *, #2264, .T. ) ;
#1899 = CARTESIAN_POINT ( 'NONE',  ( -42.75396324727166331, -3.778674184922144352, 25.29087007272174148 ) ) ;
#1900 = APPLICATION_CONTEXT ( 'configuration controlled 3d designs of mechanical parts and assemblies' ) ;
#1901 = CARTESIAN_POINT ( 'NONE',  ( -29.91111456626506993, 8.903223493511859488, 10.64670446227297695 ) ) ;
#1902 = FACE_OUTER_BOUND ( 'NONE', #2022, .T. ) ;
#1903 = CARTESIAN_POINT ( 'NONE',  ( 19.35950928012856664, -3.358092383819975435, 7.380032642080257332 ) ) ;
#1904 = CARTESIAN_POINT ( 'NONE',  ( -43.11197607752518479, -2.696921907402941416E-15, 26.99999999999999289 ) ) ;
#1905 = CARTESIAN_POINT ( 'NONE',  ( 29.97834713085571678, -8.941657515475302631, 10.91379384282158505 ) ) ;
#1906 = CARTESIAN_POINT ( 'NONE',  ( 40.59916497296244131, -7.878612125218706908, 23.38833388648292910 ) ) ;
#1907 = ORIENTED_EDGE ( 'NONE', *, *, #565, .T. ) ;
#1908 = CARTESIAN_POINT ( 'NONE',  ( -30.05984069743769993, -10.32092135708992586, 9.528550360993984114 ) ) ;
#1909 = ORIENTED_EDGE ( 'NONE', *, *, #1450, .T. ) ;
#1910 = CARTESIAN_POINT ( 'NONE',  ( -43.23579325466500478, -3.757350349448334459, 18.68552941592477623 ) ) ;
#1911 = EDGE_CURVE ( 'NONE', #1869, #1333, #2245, .T. ) ;
#1912 = APPROVAL_ROLE ( '' ) ;
#1913 = CARTESIAN_POINT ( 'NONE',  ( -41.51540244668701973, -7.175692853701729490, 24.12474191077121333 ) ) ;
#1914 = CARTESIAN_POINT ( 'NONE',  ( 40.11627215885862796, 10.69000987932623303, 7.434021562927496163 ) ) ;
#1915 = EDGE_CURVE ( 'NONE', #812, #666, #1720, .T. ) ;
#1916 = CARTESIAN_POINT ( 'NONE',  ( 20.46364465918648179, -0.7272099905240440032, 7.013438197556335574 ) ) ;
#1917 = AXIS2_PLACEMENT_3D ( 'NONE', #218, #1570, #785 ) ;
#1918 = CARTESIAN_POINT ( 'NONE',  ( -41.40869416306318840, 7.189354969869807377, 25.51759563929272900 ) ) ;
#1919 = CARTESIAN_POINT ( 'NONE',  ( 30.95669426764678533, -10.07935955638208547, 10.89938179468301094 ) ) ;
#1920 = CARTESIAN_POINT ( 'NONE',  ( 41.58414667124696251, -6.962306136831167613, 24.66423607288115960 ) ) ;
#1921 = ORIENTED_EDGE ( 'NONE', *, *, #183, .F. ) ;
#1922 = DIRECTION ( 'NONE',  ( 0.000000000000000000, 1.219727444046192735E-16, -1.000000000000000000 ) ) ;
#1923 = EDGE_LOOP ( 'NONE', ( #2421, #108, #2087, #2050, #2354 ) ) ;
#1924 = CARTESIAN_POINT ( 'NONE',  ( -42.60284810125693156, -5.002398903648415995, 22.28998258352376993 ) ) ;
#1925 = CARTESIAN_POINT ( 'NONE',  ( -42.35243113878480159, -4.578473684691346968, 27.61760362179657236 ) ) ;
#1926 = CARTESIAN_POINT ( 'NONE',  ( 40.45887284255748995, -9.304932848902975451, 15.29415145855313796 ) ) ;
#1927 = CARTESIAN_POINT ( 'NONE',  ( 45.00000000000000000, -2.694222958124177204E-15, 21.99999999999999289 ) ) ;
#1928 = CARTESIAN_POINT ( 'NONE',  ( -40.59916497296238447, -7.878612125218710460, 23.38833388648292910 ) ) ;
#1929 = CARTESIAN_POINT ( 'NONE',  ( 29.88776687229900020, -8.893319754228111051, 10.57574631632246920 ) ) ;
#1930 = CARTESIAN_POINT ( 'NONE',  ( 40.78097741868248960, -7.146739557370076490, 25.60257071274142859 ) ) ;
#1931 = LINE ( 'NONE', #964, #1532 ) ;
#1932 = AXIS2_PLACEMENT_3D ( 'NONE', #2008, #41, #1411 ) ;
#1933 = VERTEX_POINT ( 'NONE', #1534 ) ;
#1934 = CARTESIAN_POINT ( 'NONE',  ( -39.57973408740601684, 12.00000000000000178, 0.000000000000000000 ) ) ;
#1935 = VECTOR ( 'NONE', #284, 1000.000000000000000 ) ;
#1936 = CARTESIAN_POINT ( 'NONE',  ( -42.65336142913422179, 4.997159292398305475, 21.63131035934780755 ) ) ;
#1937 = CARTESIAN_POINT ( 'NONE',  ( 31.00000000000000000, -8.997867335167123670, 11.27440521841640120 ) ) ;
#1938 = CARTESIAN_POINT ( 'NONE',  ( 30.00000000000000000, -2.694222958124177204E-15, 21.99999999999999289 ) ) ;
#1939 = CARTESIAN_POINT ( 'NONE',  ( -42.33096224781967720, -4.657743534073843783, 27.55977357900821900 ) ) ;
#1940 = CARTESIAN_POINT ( 'NONE',  ( 43.11197607752521321, -2.696921906999044632E-15, 26.99999999999999289 ) ) ;
#1941 = CARTESIAN_POINT ( 'NONE',  ( 42.04870815102388093, -5.602686877915122210, 26.72579464332440580 ) ) ;
#1942 = DIRECTION ( 'NONE',  ( 1.000000000000000000, 0.000000000000000000, 0.000000000000000000 ) ) ;
#1943 = ADVANCED_FACE ( 'NONE', ( #628 ), #1173, .F. ) ;
#1944 = ORIENTED_EDGE ( 'NONE', *, *, #1883, .F. ) ;
#1945 = CARTESIAN_POINT ( 'NONE',  ( -15.00000000000000000, 2.750000000000004885, 6.999999999999992895 ) ) ;
#1946 = AXIS2_PLACEMENT_3D ( 'NONE', #781, #1557, #153 ) ;
#1947 = CARTESIAN_POINT ( 'NONE',  ( -29.31588326132324696, 8.811049015145483665, 9.919862859869811089 ) ) ;
#1948 = CARTESIAN_POINT ( 'NONE',  ( 20.49999999999999289, 0.3668531207745890366, 6.999999999999990230 ) ) ;
#1949 = CARTESIAN_POINT ( 'NONE',  ( 15.36251255956346817, -5.499999999999995559, 8.044714263047129776 ) ) ;
#1950 = CARTESIAN_POINT ( 'NONE',  ( -42.88223485643261057, 1.757023103900679173, 28.88740075622059322 ) ) ;
#1951 = CARTESIAN_POINT ( 'NONE',  ( -29.16065647678408013, -8.805183219559221897, 9.868452866586867600 ) ) ;
#1952 = VECTOR ( 'NONE', #1821, 1000.000000000000000 ) ;
#1953 = CARTESIAN_POINT ( 'NONE',  ( 41.96980819870580603, 0.4645726501924993257, 30.00033552755796507 ) ) ;
#1954 = CARTESIAN_POINT ( 'NONE',  ( 9.544592260255873484, -0.7220923028115634468, 7.016302286438964586 ) ) ;
#1955 = AXIS2_PLACEMENT_3D ( 'NONE', #1209, #2359, #2186 ) ;
#1956 = B_SPLINE_CURVE_WITH_KNOTS ( 'NONE', 3,
 ( #874, #2004, #2407, #1216, #1992, #260, #272, #1637, #1826, #296, #87, #1022, #1240, #60, #1812, #646, #49, #2231, #1423, #444, #1034, #482 ),
 .UNSPECIFIED., .F., .F.,
 ( 4, 2, 2, 2, 2, 2, 2, 2, 2, 2, 4 ),
 ( 0.000000000000000000, 0.001084636570209745023, 0.002169273140419490046, 0.003253909710629235286, 0.003796227995734107689, 0.004338546280838980092, 0.005423182851048724898, 0.006507819421258470571, 0.007050137706363342541, 0.007592455991468215377, 0.008677092561677960184 ),
 .UNSPECIFIED. ) ;
#1957 = ORIENTED_EDGE ( 'NONE', *, *, #1294, .T. ) ;
#1958 = DIRECTION ( 'NONE',  ( 0.000000000000000000, -1.000000000000000000, -1.577021341797098793E-16 ) ) ;
#1959 = ORIENTED_EDGE ( 'NONE', *, *, #2123, .F. ) ;
#1960 = CARTESIAN_POINT ( 'NONE',  ( 43.81124419696032390, -2.081899558550500280E-15, 16.99999999999998934 ) ) ;
#1961 = CARTESIAN_POINT ( 'NONE',  ( -31.00000000000000000, -2.694222958124177204E-15, 21.99999999999999289 ) ) ;
#1962 = CARTESIAN_POINT ( 'NONE',  ( 18.36225807651715414, 4.367372790794488147, 7.648341697005215600 ) ) ;
#1963 = FACE_OUTER_BOUND ( 'NONE', #2082, .T. ) ;
#1964 = CARTESIAN_POINT ( 'NONE',  ( -41.88899710726612113, -1.855547383637459191, 29.78539735582814885 ) ) ;
#1965 = CARTESIAN_POINT ( 'NONE',  ( -29.68592070771669711, -8.847257788161103420, 10.22171615844052361 ) ) ;
#1966 = CARTESIAN_POINT ( 'NONE',  ( 42.63539741052756682, 3.383115726009576552, 28.33073255926865741 ) ) ;
#1967 = DIRECTION ( 'NONE',  ( 0.000000000000000000, 0.000000000000000000, -1.000000000000000000 ) ) ;
#1968 = ORIENTED_EDGE ( 'NONE', *, *, #1866, .F. ) ;
#1969 = DIRECTION ( 'NONE',  ( 0.000000000000000000, 0.000000000000000000, -1.000000000000000000 ) ) ;
#1970 = CARTESIAN_POINT ( 'NONE',  ( -15.00000000000000000, -2.749999999999997780, -4.830749565598116640E-15 ) ) ;
#1971 = LINE ( 'NONE', #203, #1186 ) ;
#1972 = PLANE ( 'NONE',  #79 ) ;
#1973 = CIRCLE ( 'NONE', #681, 5.499999999999994671 ) ;
#1974 = CARTESIAN_POINT ( 'NONE',  ( 29.28308221624309482, -10.37249440949316082, 9.235880074721560362 ) ) ;
#1975 = CARTESIAN_POINT ( 'NONE',  ( -42.81982166346095653, -1.701240574221032587, 29.82124374595326088 ) ) ;
#1976 = CARTESIAN_POINT ( 'NONE',  ( -29.82131408777554071, 8.872972288886291636, 10.42341010909095189 ) ) ;
#1977 = EDGE_CURVE ( 'NONE', #1553, #724, #227, .T. ) ;
#1978 = CARTESIAN_POINT ( 'NONE',  ( 41.25461771951380285, 5.495634210847811119, 27.83168806345648250 ) ) ;
#1979 = CARTESIAN_POINT ( 'NONE',  ( 45.00000000000000000, -2.694222958124177204E-15, 21.99999999999999289 ) ) ;
#1980 = ORIENTED_EDGE ( 'NONE', *, *, #17, .F. ) ;
#1981 = CARTESIAN_POINT ( 'NONE',  ( -30.00000000000000000, -8.803702866745929612, 9.855255629118831351 ) ) ;
#1982 = ORIENTED_EDGE ( 'NONE', *, *, #1023, .T. ) ;
#1983 = CARTESIAN_POINT ( 'NONE',  ( 39.99456475910940156, -12.02873591435075973, -0.1630725327944707315 ) ) ;
#1984 = DIRECTION ( 'NONE',  ( 0.000000000000000000, 0.000000000000000000, -1.000000000000000000 ) ) ;
#1985 = CARTESIAN_POINT ( 'NONE',  ( 15.36254305040796631, 5.499999999999993783, 8.044714263047129776 ) ) ;
#1986 = CARTESIAN_POINT ( 'NONE',  ( -29.51376623613057859, -10.09118415112306266, 10.83227877544041640 ) ) ;
#1987 = B_SPLINE_CURVE_WITH_KNOTS ( 'NONE', 3,
 ( #2494, #959, #568, #1508, #2046, #1152, #389, #579, #1353, #1708, #1341, #1126 ),
 .UNSPECIFIED., .F., .F.,
 ( 4, 2, 2, 2, 2, 4 ),
 ( 0.000000000000000000, 0.0002438837595454772635, 0.0004877675190909545270, 0.0009755350381819205465, 0.001463302557272886566, 0.001951070076363852802 ),
 .UNSPECIFIED. ) ;
#1988 = CARTESIAN_POINT ( 'NONE',  ( -41.95311943548318112, 0.9531338242622084955, 29.95676295419507795 ) ) ;
#1989 = CARTESIAN_POINT ( 'NONE',  ( -29.28424179082782430, 10.37544290788034296, 9.219147734345355616 ) ) ;
#1990 = EDGE_CURVE ( 'NONE', #137, #523, #2360, .T. ) ;
#1991 = CARTESIAN_POINT ( 'NONE',  ( 41.95416512900939665, 0.9308531688533367987, 29.95951713240543413 ) ) ;
#1992 = CARTESIAN_POINT ( 'NONE',  ( -9.785648382859065464, -1.786161661340930129, 7.102938305915275308 ) ) ;
#1993 = B_SPLINE_CURVE_WITH_KNOTS ( 'NONE', 3,
 ( #143, #913, #663, #1827, #89, #862 ),
 .UNSPECIFIED., .F., .F.,
 ( 4, 2, 4 ),
 ( 0.000000000000000000, 0.01185663823282559828, 0.02371327646565119657 ),
 .UNSPECIFIED. ) ;
#1994 = ORIENTED_EDGE ( 'NONE', *, *, #2266, .F. ) ;
#1995 = EDGE_LOOP ( 'NONE', ( #480, #1437, #233, #1622, #1094 ) ) ;
#1996 = TOROIDAL_SURFACE ( 'NONE', #1674, 7.000000000000001776, 1.000000000000000000 ) ;
#1997 = CARTESIAN_POINT ( 'NONE',  ( 41.96968055555701937, -2.351498509926854308E-11, 29.99999999999999289 ) ) ;
#1998 = CARTESIAN_POINT ( 'NONE',  ( -42.83240543325130290, 3.314475935083630809, 25.75793669752956205 ) ) ;
#1999 = CARTESIAN_POINT ( 'NONE',  ( 15.72218404280799753, 5.464503881024440624, 8.030567420588898386 ) ) ;
#2000 = CARTESIAN_POINT ( 'NONE',  ( 29.14164009007069112, -10.37544290684800075, 9.219147740203792907 ) ) ;
#2001 = COORDINATED_UNIVERSAL_TIME_OFFSET ( 5, 30, .AHEAD. ) ;
#2002 = CARTESIAN_POINT ( 'NONE',  ( -29.19498615683566456, 10.10553881218403482, 10.75081796274202439 ) ) ;
#2003 = CARTESIAN_POINT ( 'NONE',  ( 41.84388244279836044, 2.310334489683945947, 29.66275555050770407 ) ) ;
#2004 = CARTESIAN_POINT ( 'NONE',  ( -9.500000000000003553, -0.3669764956417105872, 6.999999999999989342 ) ) ;
#2005 = ADVANCED_FACE ( 'NONE', ( #1004 ), #1972, .T. ) ;
#2006 = EDGE_CURVE ( 'NONE', #523, #1050, #273, .T. ) ;
#2007 = ORIENTED_EDGE ( 'NONE', *, *, #351, .F. ) ;
#2008 = CARTESIAN_POINT ( 'NONE',  ( 31.00000000000000000, -6.893785609566374539, 23.21479215067255453 ) ) ;
#2009 = FACE_OUTER_BOUND ( 'NONE', #1296, .T. ) ;
#2010 = CARTESIAN_POINT ( 'NONE',  ( 29.38726478808700904, 8.815263942898452498, 9.956532811037313024 ) ) ;
#2011 = CARTESIAN_POINT ( 'NONE',  ( -20.42817281268052554, 0.9044310416818512888, 7.026224739073825276 ) ) ;
#2012 = CARTESIAN_POINT ( 'NONE',  ( -29.00000000000000000, -10.37544290684799719, 9.219147740203794683 ) ) ;
#2013 = DIRECTION ( 'NONE',  ( 0.000000000000000000, 0.000000000000000000, 1.000000000000000000 ) ) ;
#2014 = CARTESIAN_POINT ( 'NONE',  ( 28.99999999999999645, 10.37544290684799542, 9.219147740203794683 ) ) ;
#2015 = VECTOR ( 'NONE', #42, 1000.000000000000114 ) ;
#2016 = CARTESIAN_POINT ( 'NONE',  ( 40.59916497296243421, -6.893785609566376316, 23.21479215067255097 ) ) ;
#2017 = ORIENTED_EDGE ( 'NONE', *, *, #1543, .F. ) ;
#2018 = CARTESIAN_POINT ( 'NONE',  ( 30.82106796208766397, 10.14875913587915512, 10.50554831281371904 ) ) ;
#2019 = EDGE_LOOP ( 'NONE', ( #2036, #1410, #2401, #52, #1863 ) ) ;
#2020 = AXIS2_PLACEMENT_3D ( 'NONE', #306, #2013, #1072 ) ;
#2021 = CARTESIAN_POINT ( 'NONE',  ( 41.89201119013085162, -1.864442976010218800, 29.79370463424120530 ) ) ;
#2022 = EDGE_LOOP ( 'NONE', ( #801, #334, #349, #121 ) ) ;
#2023 = CARTESIAN_POINT ( 'NONE',  ( 29.85442537811813679, 8.882386110487150432, 10.49416135924271387 ) ) ;
#2024 = CARTESIAN_POINT ( 'NONE',  ( -20.49112647923599440, -0.3611383248469256513, 7.003260568527549523 ) ) ;
#2025 = CARTESIAN_POINT ( 'NONE',  ( 41.93165575405375733, -5.961004681697117391, 26.33395767788640285 ) ) ;
#2026 = APPROVAL_STATUS ( 'not_yet_approved' ) ;
#2027 = PLANE ( 'NONE',  #779 ) ;
#2028 = CIRCLE ( 'NONE', #1338, 16.90000000000000568 ) ;
#2029 = CARTESIAN_POINT ( 'NONE',  ( 31.00000000000000000, 9.982693850819456927, 11.44794695422677222 ) ) ;
#2030 = CYLINDRICAL_SURFACE ( 'NONE', #919, 1.000000000000000888 ) ;
#2031 = FACE_OUTER_BOUND ( 'NONE', #2142, .T. ) ;
#2032 = FACE_OUTER_BOUND ( 'NONE', #1065, .T. ) ;
#2033 = EDGE_LOOP ( 'NONE', ( #1679, #622 ) ) ;
#2034 = CARTESIAN_POINT ( 'NONE',  ( 40.69751730294023417, -7.434712568568766500, 24.96297163816712938 ) ) ;
#2035 = VECTOR ( 'NONE', #1292, 1000.000000000000000 ) ;
#2036 = ORIENTED_EDGE ( 'NONE', *, *, #2193, .F. ) ;
#2037 = CARTESIAN_POINT ( 'NONE',  ( -43.11197607752519190, 0.1641290933035890187, 26.99999999999998934 ) ) ;
#2038 = CARTESIAN_POINT ( 'NONE',  ( -15.00000000000000000, 5.499999999999994671, 8.044714263047129776 ) ) ;
#2039 = EDGE_CURVE ( 'NONE', #1563, #119, #933, .T. ) ;
#2040 = DIRECTION ( 'NONE',  ( 0.000000000000000000, 0.000000000000000000, 1.000000000000000000 ) ) ;
#2041 = ADVANCED_FACE ( 'NONE', ( #19 ), #2475, .F. ) ;
#2042 =( LENGTH_UNIT ( ) NAMED_UNIT ( * ) SI_UNIT ( .MILLI., .METRE. ) );
#2043 = CARTESIAN_POINT ( 'NONE',  ( -40.63323210803572039, 7.674200434163360285, 24.30721809102566411 ) ) ;
#2044 = DIRECTION ( 'NONE',  ( 0.000000000000000000, 0.1735417358103663044, -0.9848265156523381414 ) ) ;
#2045 = CARTESIAN_POINT ( 'NONE',  ( 43.11197607752522032, -0.3282017879115119441, 26.99999999999999289 ) ) ;
#2046 = CARTESIAN_POINT ( 'NONE',  ( 29.38800716476950114, -8.815298373415613398, 9.956839780290257735 ) ) ;
#2047 = CARTESIAN_POINT ( 'NONE',  ( 30.00000000000000000, 8.997867335167114788, 11.27440521841641541 ) ) ;
#2048 = ORIENTED_EDGE ( 'NONE', *, *, #1261, .F. ) ;
#2049 = CARTESIAN_POINT ( 'NONE',  ( 14.63762229174559693, 5.499999999999993783, 8.044714263047128000 ) ) ;
#2050 = ORIENTED_EDGE ( 'NONE', *, *, #1370, .F. ) ;
#2051 = CARTESIAN_POINT ( 'NONE',  ( 40.59916497296238447, 7.878612125218699802, 23.38833388648295042 ) ) ;
#2052 = CARTESIAN_POINT ( 'NONE',  ( 31.00000000000000000, 7.878612125218705131, 23.38833388648293266 ) ) ;
#2053 = CARTESIAN_POINT ( 'NONE',  ( 43.74910356263959699, 1.302893663258244628, 17.16163059285206316 ) ) ;
#2054 = CARTESIAN_POINT ( 'NONE',  ( -41.47267793220206755, -7.375562678770762659, 23.28454862441668638 ) ) ;
#2055 = CARTESIAN_POINT ( 'NONE',  ( -9.500000000000008882, 0.3668531207745888700, 6.999999999999993783 ) ) ;
#2056 = DIRECTION ( 'NONE',  ( -1.000000000000000000, 0.000000000000000000, 0.000000000000000000 ) ) ;
#2057 = CARTESIAN_POINT ( 'NONE',  ( 43.56483118690017164, 2.510467457309196071, 17.66374654273080935 ) ) ;
#2058 = CARTESIAN_POINT ( 'NONE',  ( 40.63345754952126754, 7.672954391587569312, 24.31289688564145379 ) ) ;
#2059 = CIRCLE ( 'NONE', #1039, 2.750000000000009326 ) ;
#2060 = CARTESIAN_POINT ( 'NONE',  ( 29.14121899043392006, 10.37544290553181447, 9.219147747672938209 ) ) ;
#2061 = VERTEX_POINT ( 'NONE', #1768 ) ;
#2062 = CARTESIAN_POINT ( 'NONE',  ( -15.00000000000000000, -2.750000000000004885, 6.999999999999991118 ) ) ;
#2063 = VERTEX_POINT ( 'NONE', #1028 ) ;
#2064 = CARTESIAN_POINT ( 'NONE',  ( -41.38266777999928081, -4.969162229595826652, 28.27377550032694487 ) ) ;
#2065 = CARTESIAN_POINT ( 'NONE',  ( 42.95137646818154309, 0.8487253410612636273, 29.03630657419166994 ) ) ;
#2066 = APPROVAL_DATE_TIME ( #566, #1602 ) ;
#2067 = CARTESIAN_POINT ( 'NONE',  ( -41.73234687786904828, 3.187182636439397587, 29.35245848570319893 ) ) ;
#2068 = CARTESIAN_POINT ( 'NONE',  ( 40.30780564949709799, 11.68672243291962509, 1.425461608238235363E-15 ) ) ;
#2069 = CARTESIAN_POINT ( 'NONE',  ( 41.19734085864008222, 7.801567957643062989, 23.82899130184255299 ) ) ;
#2070 = AXIS2_PLACEMENT_3D ( 'NONE', #1979, #662, #247 ) ;
#2071 = EDGE_CURVE ( 'NONE', #1217, #161, #2292, .T. ) ;
#2072 = CARTESIAN_POINT ( 'NONE',  ( 29.97810749849161027, 8.941529976052249751, 10.91290167675567524 ) ) ;
#2073 = ORIENTED_EDGE ( 'NONE', *, *, #1818, .F. ) ;
#2074 = CARTESIAN_POINT ( 'NONE',  ( 15.00000000000000000, 6.645749963372974748E-16, 3.299999999999990496 ) ) ;
#2075 = ORIENTED_EDGE ( 'NONE', *, *, #1339, .T. ) ;
#2076 = CARTESIAN_POINT ( 'NONE',  ( -42.95840817467986739, -4.480023135405337698, 19.75638724671657442 ) ) ;
#2077 = CIRCLE ( 'NONE', #1058, 5.000000000000000888 ) ;
#2078 = CARTESIAN_POINT ( 'NONE',  ( 42.64772885474935293, -3.319955141085838779, 28.35958198203705649 ) ) ;
#2079 = PERSON_AND_ORGANIZATION ( #1841, #771 ) ;
#2080 = VECTOR ( 'NONE', #437, 1000.000000000000000 ) ;
#2081 = CARTESIAN_POINT ( 'NONE',  ( -41.84293681945342058, 6.216607401826570900, 26.00296611584151307 ) ) ;
#2082 = EDGE_LOOP ( 'NONE', ( #2270, #850, #2097, #325 ) ) ;
#2083 = CARTESIAN_POINT ( 'NONE',  ( -41.47267793220207466, 7.375562678770756442, 23.28454862441668993 ) ) ;
#2084 = CARTESIAN_POINT ( 'NONE',  ( 41.19734074819120195, -7.801568783329664747, 23.82898657538891030 ) ) ;
#2085 = VERTEX_POINT ( 'NONE', #1069 ) ;
#2086 = CARTESIAN_POINT ( 'NONE',  ( 41.95400780032401400, 0.9338390256540070045, 29.95910070982831641 ) ) ;
#2087 = ORIENTED_EDGE ( 'NONE', *, *, #731, .F. ) ;
#2088 = CARTESIAN_POINT ( 'NONE',  ( -41.96968055555699095, 2.350408089652989318E-11, 29.99999999999999289 ) ) ;
#2089 = CARTESIAN_POINT ( 'NONE',  ( 15.00000000000000000, 2.232015991190242520E-78, 6.999999999999992006 ) ) ;
#2090 = CARTESIAN_POINT ( 'NONE',  ( 45.00000000000000000, -2.081899558550500674E-15, 16.99999999999998934 ) ) ;
#2091 = FACE_OUTER_BOUND ( 'NONE', #1205, .T. ) ;
#2092 = CARTESIAN_POINT ( 'NONE',  ( -41.71133725824112304, 6.592902470898862610, 25.40447829581141903 ) ) ;
#2093 = CARTESIAN_POINT ( 'NONE',  ( 42.60302127844551023, 5.002508129237445367, 22.28713317753304324 ) ) ;
#2094 = CARTESIAN_POINT ( 'NONE',  ( 41.12298457969004772, -5.978114371827345508, 27.32118647950712997 ) ) ;
#2095 = ORIENTED_EDGE ( 'NONE', *, *, #302, .F. ) ;
#2096 = FACE_OUTER_BOUND ( 'NONE', #2382, .T. ) ;
#2097 = ORIENTED_EDGE ( 'NONE', *, *, #504, .F. ) ;
#2098 = CARTESIAN_POINT ( 'NONE',  ( -42.71638285188453921, -3.987465119677862990, 25.03427278054925864 ) ) ;
#2099 = DIRECTION ( 'NONE',  ( 0.000000000000000000, 0.9848265156523381414, 0.1735417358103668040 ) ) ;
#2100 = DIRECTION ( 'NONE',  ( 0.000000000000000000, -1.000000000000000000, -3.154042683594190190E-16 ) ) ;
#2101 = CARTESIAN_POINT ( 'NONE',  ( 18.35887921250998644, -4.370133617430418838, 7.649170353090210206 ) ) ;
#2102 = CARTESIAN_POINT ( 'NONE',  ( -41.91235137164611757, 6.017594997714262206, 26.26357333651974102 ) ) ;
#2103 = CARTESIAN_POINT ( 'NONE',  ( 29.28713005932942437, -10.10605142311254667, 10.74790896317165334 ) ) ;
#2104 = CARTESIAN_POINT ( 'NONE',  ( 42.23704697225289806, -4.990657250269792122, 27.29837915946718141 ) ) ;
#2105 = TOROIDAL_SURFACE ( 'NONE', #1865, 13.99999999999999822, 1.000000000000000000 ) ;
#2106 = VERTEX_POINT ( 'NONE', #95 ) ;
#2107 = CARTESIAN_POINT ( 'NONE',  ( -28.99999999999999645, 10.37544290684799542, 9.219147740203794683 ) ) ;
#2108 = EDGE_LOOP ( 'NONE', ( #432, #471 ) ) ;
#2109 = CARTESIAN_POINT ( 'NONE',  ( -43.11197607752518479, -2.696921907402941416E-15, 26.99999999999999289 ) ) ;
#2110 = DIRECTION ( 'NONE',  ( 0.000000000000000000, -1.000000000000000000, -1.577021341797098793E-16 ) ) ;
#2111 = EDGE_CURVE ( 'NONE', #104, #1359, #2028, .T. ) ;
#2112 = CARTESIAN_POINT ( 'NONE',  ( -30.00000000000000000, -6.893785609566370098, 23.21479215067256163 ) ) ;
#2113 = EDGE_CURVE ( 'NONE', #2426, #1738, #1778, .T. ) ;
#2114 = FACE_OUTER_BOUND ( 'NONE', #1350, .T. ) ;
#2115 = AXIS2_PLACEMENT_3D ( 'NONE', #1927, #9, #591 ) ;
#2116 = CARTESIAN_POINT ( 'NONE',  ( -40.45887284255745442, -9.304932848902984333, 15.29415145855308822 ) ) ;
#2117 = CARTESIAN_POINT ( 'NONE',  ( 42.58328946560435924, 4.847751853979684888, 23.26789557795257934 ) ) ;
#2118 = CARTESIAN_POINT ( 'NONE',  ( 41.23096880178960788, -7.685637399609189124, 24.26551545643956587 ) ) ;
#2119 = CARTESIAN_POINT ( 'NONE',  ( 13.56192043765546806, -5.320929855027565658, 7.975253223929793300 ) ) ;
#2120 = ORIENTED_EDGE ( 'NONE', *, *, #1585, .T. ) ;
#2121 = CARTESIAN_POINT ( 'NONE',  ( 40.59916497296242710, -7.878612125218719342, 23.38833388648287936 ) ) ;
#2122 = FACE_OUTER_BOUND ( 'NONE', #1647, .T. ) ;
#2123 = EDGE_CURVE ( 'NONE', #31, #171, #304, .T. ) ;
#2124 = CARTESIAN_POINT ( 'NONE',  ( 41.24569945411458605, 8.819434445526187716, 15.51707755442914127 ) ) ;
#2125 = CARTESIAN_POINT ( 'NONE',  ( -41.42510756405786765, -4.786241860750411803, 28.41445293045159914 ) ) ;
#2126 = CARTESIAN_POINT ( 'NONE',  ( 30.99999999562065511, -10.03163369251874570, 11.17021979221457251 ) ) ;
#2127 = EDGE_CURVE ( 'NONE', #161, #2085, #26, .T. ) ;
#2128 = PRODUCT_DEFINITION ( 'UNKNOWN', '', #1080, #2162 ) ;
#2129 = CARTESIAN_POINT ( 'NONE',  ( 41.71133725824121541, -6.592902470898730272, 25.40447829581141193 ) ) ;
#2130 = DIRECTION ( 'NONE',  ( 0.000000000000000000, 1.796148638749451749E-16, -1.000000000000000000 ) ) ;
#2131 = VECTOR ( 'NONE', #1001, 1000.000000000000000 ) ;
#2132 = VERTEX_POINT ( 'NONE', #110 ) ;
#2133 = CARTESIAN_POINT ( 'NONE',  ( -40.30780564949706957, 11.68672243291962154, 1.425461608238234574E-15 ) ) ;
#2134 = AXIS2_PLACEMENT_3D ( 'NONE', #1765, #1208, #1196 ) ;
#2135 = CARTESIAN_POINT ( 'NONE',  ( 15.00000000000000000, -5.499999999999993783, 3.299999999999989608 ) ) ;
#2136 = CARTESIAN_POINT ( 'NONE',  ( 19.93795203323558951, 2.448944778857651272, 7.197422578957536565 ) ) ;
#2137 = DIRECTION ( 'NONE',  ( 0.000000000000000000, 0.000000000000000000, -1.000000000000000000 ) ) ;
#2138 = CARTESIAN_POINT ( 'NONE',  ( -41.42504483606357724, 4.795115513954266717, 28.42020907159361087 ) ) ;
#2139 = CARTESIAN_POINT ( 'NONE',  ( -29.51873521968066783, -8.825954456361190026, 10.04730593475760791 ) ) ;
#2140 = CARTESIAN_POINT ( 'NONE',  ( 42.88000818922153456, -0.9992140390405503947, 29.95262619272797622 ) ) ;
#2141 = ADVANCED_FACE ( 'NONE', ( #1042 ), #1820, .F. ) ;
#2142 = EDGE_LOOP ( 'NONE', ( #1800, #650, #608, #64 ) ) ;
#2143 = CARTESIAN_POINT ( 'NONE',  ( -41.47267793220201071, 7.375562678770749336, 23.28454862441674322 ) ) ;
#2144 = VERTEX_POINT ( 'NONE', #854 ) ;
#2145 = CARTESIAN_POINT ( 'NONE',  ( -29.14164009007069467, 10.37544290684799719, 9.219147740203798236 ) ) ;
#2146 = VECTOR ( 'NONE', #757, 1000.000000000000000 ) ;
#2147 = DIRECTION ( 'NONE',  ( 0.000000000000000000, -1.000000000000000000, -1.796148638749451255E-16 ) ) ;
#2148 =( BOUNDED_SURFACE ( )  B_SPLINE_SURFACE ( 3, 2, ( 
 ( #2083, #1128, #961 ),
 ( #156, #1734, #948 ),
 ( #747, #760, #545 ),
 ( #1722, #2509, #1523 ),
 ( #1319, #1498, #1699 ),
 ( #1355, #1918, #772 ),
 ( #2092, #556, #168 ),
 ( #2484, #938, #1330 ),
 ( #2102, #330, #1890 ),
 ( #180, #2496, #1536 ),
 ( #1100, #1878, #912 ),
 ( #722, #2265, #532 ),
 ( #1114, #972, #11 ),
 ( #2179, #1007, #2138 ),
 ( #793, #401, #784 ),
 ( #441, #1569, #1559 ),
 ( #1212, #592, #1175 ),
 ( #1746, #1795, #416 ),
 ( #1950, #217, #982 ),
 ( #46, #241, #1988 ),
 ( #1581, #1190, #2334 ),
 ( #254, #602, #2165 ),
 ( #1782, #426, #1405 ),
 ( #1200, #1975, #2375 ),
 ( #1019, #1758, #1964 ),
 ( #23, #615, #1770 ),
 ( #2151, #36, #57 ),
 ( #820, #1594, #1379 ),
 ( #2348, #229, #832 ),
 ( #995, #1392, #2322 ),
 ( #1606, #806, #642 ),
 ( #2362, #630, #2125 ),
 ( #1939, #206, #391 ),
 ( #1164, #1365, #1808 ),
 ( #1251, #2204, #292 ),
 ( #1617, #1057, #696 ),
 ( #882, #1030, #2239 ),
 ( #1822, #2190, #670 ),
 ( #1836, #1458, #98 ),
 ( #896, #84, #869 ),
 ( #2390, #1227, #2216 ),
 ( #2054, #1632, #1473 ) ),
 .UNSPECIFIED., .F., .F., .T. ) 
 B_SPLINE_SURFACE_WITH_KNOTS ( ( 4, 2, 2, 2, 2, 2, 2, 2, 2, 2, 2, 2, 2, 2, 2, 2, 2, 2, 2, 2, 4 ),
 ( 3, 3 ),
 ( 0.000000000000000000, 0.001229006347041892771, 0.001843509520562839048, 0.002458012694083785542, 0.003687019041125678097, 0.004301522214646624591, 0.004916025388167571085, 0.006145031735209463206, 0.007374038082251356194, 0.008603044429293249182, 0.009832050776335142170, 0.01106105712337703342, 0.01167556029689797992, 0.01229006347041892641, 0.01351906981746081940, 0.01413357299098176589, 0.01474807616450271239, 0.01597708251154460538, 0.01720608885858649836, 0.01843509520562839135, 0.01966410155267028434 ),
 ( 0.000000000000000000, 1.000000000000000000 ),
 .UNSPECIFIED. ) 
 GEOMETRIC_REPRESENTATION_ITEM ( )  RATIONAL_B_SPLINE_SURFACE ( (
 ( 1.000000000000000000, 0.8621405024482167168, 1.000000000000000000),
 ( 1.000000000000000000, 0.8607162608776800505, 1.000000000000000000),
 ( 1.000000000000000000, 0.8578726720832168251, 1.000000000000000000),
 ( 1.000000000000000000, 0.8517943892793690130, 1.000000000000000000),
 ( 1.000000000000000000, 0.8494655919343210293, 1.000000000000000000),
 ( 1.000000000000000000, 0.8442490762071130916, 1.000000000000000000),
 ( 1.000000000000000000, 0.8413447084311047597, 1.000000000000000000),
 ( 1.000000000000000000, 0.8320120615287013299, 1.000000000000000000),
 ( 1.000000000000000000, 0.8249729837708383862, 1.000000000000000000),
 ( 1.000000000000000000, 0.8136715045533651214, 1.000000000000000000),
 ( 1.000000000000000000, 0.8097802145502399629, 1.000000000000000000),
 ( 1.000000000000000000, 0.8018334525477179842, 1.000000000000000000),
 ( 1.000000000000000000, 0.7977831426695944916, 1.000000000000000000),
 ( 1.000000000000000000, 0.7857490834567704141, 1.000000000000000000),
 ( 1.000000000000000000, 0.7778070822726433908, 1.000000000000000000),
 ( 1.000000000000000000, 0.7629104872598010401, 1.000000000000000000),
 ( 1.000000000000000000, 0.7559013141785704271, 1.000000000000000000),
 ( 1.000000000000000000, 0.7442457747780479860, 1.000000000000000000),
 ( 1.000000000000000000, 0.7395550918838983412, 1.000000000000000000),
 ( 1.000000000000000000, 0.7331043647283140841, 1.000000000000000000),
 ( 1.000000000000000000, 0.7313673028153054867, 1.000000000000000000),
 ( 1.000000000000000000, 0.7313402654797381830, 1.000000000000000000),
 ( 1.000000000000000000, 0.7329944691533960555, 1.000000000000000000),
 ( 1.000000000000000000, 0.7377873202076488113, 1.000000000000000000),
 ( 1.000000000000000000, 0.7397808866089402580, 1.000000000000000000),
 ( 1.000000000000000000, 0.7444292298008013953, 1.000000000000000000),
 ( 1.000000000000000000, 0.7470716091915291512, 1.000000000000000000),
 ( 1.000000000000000000, 0.7557889937560828830, 1.000000000000000000),
 ( 1.000000000000000000, 0.7626527212659834909, 1.000000000000000000),
 ( 1.000000000000000000, 0.7739082928002078976, 1.000000000000000000),
 ( 1.000000000000000000, 0.7778155160837360027, 1.000000000000000000),
 ( 1.000000000000000000, 0.7857005030752993724, 1.000000000000000000),
 ( 1.000000000000000000, 0.7896952149266759369, 1.000000000000000000),
 ( 1.000000000000000000, 0.8016825755635599293, 1.000000000000000000),
 ( 1.000000000000000000, 0.8096778984569055204, 1.000000000000000000),
 ( 1.000000000000000000, 0.8249260164861480504, 1.000000000000000000),
 ( 1.000000000000000000, 0.8319643709657372765, 1.000000000000000000),
 ( 1.000000000000000000, 0.8442905919505742096, 1.000000000000000000),
 ( 1.000000000000000000, 0.8495875232817896583, 1.000000000000000000),
 ( 1.000000000000000000, 0.8578585370235821683, 1.000000000000000000),
 ( 1.000000000000000000, 0.8607171402129891735, 1.000000000000000000),
 ( 1.000000000000000000, 0.8621405024482169388, 1.000000000000000000) ) ) 
 REPRESENTATION_ITEM ( '' )  SURFACE ( )  );
#2149 = CARTESIAN_POINT ( 'NONE',  ( -17.76765581046540987, -4.766254205396971422, 7.775855405049782121 ) ) ;
#2150 = DIRECTION ( 'NONE',  ( -0.000000000000000000, -1.796148638749451749E-16, 1.000000000000000000 ) ) ;
#2151 = CARTESIAN_POINT ( 'NONE',  ( -42.80296750413278772, -2.375632692373478516, 28.71269100074608005 ) ) ;
#2152 = DIRECTION ( 'NONE',  ( -1.000000000000000000, -0.000000000000000000, -0.000000000000000000 ) ) ;
#2153 = CIRCLE ( 'NONE', #1307, 0.9999999999999997780 ) ;
#2154 = CARTESIAN_POINT ( 'NONE',  ( 41.90819125842453019, 1.624295788980361976, 29.83688479822535200 ) ) ;
#2155 = CARTESIAN_POINT ( 'NONE',  ( -40.45887284255741889, 9.304932848902971898, 15.29415145855313973 ) ) ;
#2156 = AXIS2_PLACEMENT_3D ( 'NONE', #1302, #1315, #944 ) ;
#2157 = VERTEX_POINT ( 'NONE', #1471 ) ;
#2158 = DIRECTION ( 'NONE',  ( 0.000000000000000000, -0.9848265156523381414, 0.1735417358103668040 ) ) ;
#2159 = EDGE_LOOP ( 'NONE', ( #799, #753, #274, #636 ) ) ;
#2160 = CARTESIAN_POINT ( 'NONE',  ( 31.00000000000000000, -2.694222958124177204E-15, 29.99999999999999289 ) ) ;
#2161 = EDGE_CURVE ( 'NONE', #2132, #1359, #1267, .T. ) ;
#2162 = DESIGN_CONTEXT ( 'detailed design', #2376, 'design' ) ;
#2163 = CARTESIAN_POINT ( 'NONE',  ( -42.65279053988007263, 4.348727496776995771, 24.48910806761177028 ) ) ;
#2164 = CARTESIAN_POINT ( 'NONE',  ( -19.36933803007611132, -3.359582923914009811, 7.377917567878889749 ) ) ;
#2165 = CARTESIAN_POINT ( 'NONE',  ( -41.96980819870578472, -0.4645726501925699914, 30.00033552755796507 ) ) ;
#2166 = CARTESIAN_POINT ( 'NONE',  ( 45.00000000000000000, -2.694222958124177204E-15, 21.99999999999999289 ) ) ;
#2167 = CARTESIAN_POINT ( 'NONE',  ( 41.88899710726614245, 1.855547383637316416, 29.78539735582818793 ) ) ;
#2168 = FACE_OUTER_BOUND ( 'NONE', #1067, .T. ) ;
#2169 = EDGE_LOOP ( 'NONE', ( #1598, #686, #2256, #1312 ) ) ;
#2170 = CARTESIAN_POINT ( 'NONE',  ( 31.00000000000000000, -6.893785609566372763, 23.21479215067256163 ) ) ;
#2171 = ORIENTED_EDGE ( 'NONE', *, *, #856, .T. ) ;
#2172 = CARTESIAN_POINT ( 'NONE',  ( -39.85080729480627326, 11.97196808516215505, -3.419129583688113742E-18 ) ) ;
#2173 = EDGE_CURVE ( 'NONE', #199, #161, #1833, .T. ) ;
#2174 = ADVANCED_FACE ( 'NONE', ( #1397 ), #316, .T. ) ;
#2175 = CYLINDRICAL_SURFACE ( 'NONE', #1101, 8.000000000000000000 ) ;
#2176 = EDGE_CURVE ( 'NONE', #890, #2452, #1587, .T. ) ;
#2177 = VECTOR ( 'NONE', #224, 1000.000000000000000 ) ;
#2178 = CARTESIAN_POINT ( 'NONE',  ( -29.81516825338966470, -8.873763297670484107, 10.42783129873170012 ) ) ;
#2179 = CARTESIAN_POINT ( 'NONE',  ( -42.37679389545098729, 4.495439290479901651, 27.68743941172933631 ) ) ;
#2180 = CARTESIAN_POINT ( 'NONE',  ( -30.64262818162214330, 10.21448519972281233, 10.13256154890683547 ) ) ;
#2181 = CARTESIAN_POINT ( 'NONE',  ( 42.79728784147012988, -1.959574464633080160, 29.77202834795345154 ) ) ;
#2182 = CARTESIAN_POINT ( 'NONE',  ( 15.00000000000000000, 0.000000000000000000, 6.999999999999992006 ) ) ;
#2183 = EDGE_LOOP ( 'NONE', ( #549, #2450, #40, #311 ) ) ;
#2184 = CARTESIAN_POINT ( 'NONE',  ( 28.99999999999999645, 10.37544290684799542, 9.219147740203794683 ) ) ;
#2185 = CARTESIAN_POINT ( 'NONE',  ( 40.81321387624826968, -7.038773666749793101, 25.80921693126221328 ) ) ;
#2186 = DIRECTION ( 'NONE',  ( 0.000000000000000000, 0.9848265156523381414, 0.1735417358103668040 ) ) ;
#2187 = DIRECTION ( 'NONE',  ( 1.000000000000000000, 0.000000000000000000, 0.000000000000000000 ) ) ;
#2188 = APPROVAL_PERSON_ORGANIZATION ( #1044, #150, #1659 ) ;
#2189 = DIRECTION ( 'NONE',  ( 0.000000000000000000, 0.000000000000000000, -1.000000000000000000 ) ) ;
#2190 = CARTESIAN_POINT ( 'NONE',  ( -41.40846342154410564, -7.189982853889291370, 25.53707712912867933 ) ) ;
#2191 = ADVANCED_FACE ( 'NONE', ( #837 ), #594, .T. ) ;
#2192 = FACE_OUTER_BOUND ( 'NONE', #421, .T. ) ;
#2193 = EDGE_CURVE ( 'NONE', #1035, #929, #514, .T. ) ;
#2194 = CARTESIAN_POINT ( 'NONE',  ( 42.14319785940689655, 5.093510430423008550, 28.17532813955136817 ) ) ;
#2195 = ADVANCED_FACE ( 'NONE', ( #1385 ), #460, .T. ) ;
#2196 = CARTESIAN_POINT ( 'NONE',  ( 30.00000000000000000, -2.694222958124177204E-15, 26.99999999999999289 ) ) ;
#2197 = ORIENTED_EDGE ( 'NONE', *, *, #1866, .T. ) ;
#2198 = CARTESIAN_POINT ( 'NONE',  ( -41.18676696612819654, 7.880352758376732325, 23.37845602234813214 ) ) ;
#2199 = LINE ( 'NONE', #1079, #924 ) ;
#2200 = CARTESIAN_POINT ( 'NONE',  ( 40.99007694100121313, 9.273760422719627527, 15.47105087540193935 ) ) ;
#2201 = CARTESIAN_POINT ( 'NONE',  ( -20.49999999999999289, -2.694487641582813670E-15, 6.999999999999991118 ) ) ;
#2202 = DIRECTION ( 'NONE',  ( 0.000000000000000000, -1.000000000000000000, -1.796148638749451255E-16 ) ) ;
#2203 = PRODUCT ( 'CSWP_18_24', 'CSWP_18_24', '', ( #478 ) ) ;
#2204 = CARTESIAN_POINT ( 'NONE',  ( -41.87694548561700714, -5.922753599958270776, 27.39966416579163422 ) ) ;
#2205 = CARTESIAN_POINT ( 'NONE',  ( -28.99999999999999645, -2.694222958124177204E-15, 21.99999999999999289 ) ) ;
#2206 = CARTESIAN_POINT ( 'NONE',  ( 30.76494753461139453, 10.17097559405932472, 10.37947283594041892 ) ) ;
#2207 = DIRECTION ( 'NONE',  ( 0.000000000000000000, 0.000000000000000000, -1.000000000000000000 ) ) ;
#2208 = ORIENTED_EDGE ( 'NONE', *, *, #83, .F. ) ;
#2209 = CARTESIAN_POINT ( 'NONE',  ( 29.19378255692225466, 10.10550714737858158, 10.75099765634526605 ) ) ;
#2210 = ORIENTED_EDGE ( 'NONE', *, *, #1074, .F. ) ;
#2211 = CARTESIAN_POINT ( 'NONE',  ( 41.66225614578936387, -3.614671764137069587, 29.15175448804355440 ) ) ;
#2212 = ORIENTED_EDGE ( 'NONE', *, *, #504, .T. ) ;
#2213 = CARTESIAN_POINT ( 'NONE',  ( 29.68592070771668645, 8.847257788161099867, 10.22171615844051829 ) ) ;
#2214 = CARTESIAN_POINT ( 'NONE',  ( 40.86161381602559572, -10.25665545171642989, 7.753540402017945254 ) ) ;
#2215 = CARTESIAN_POINT ( 'NONE',  ( -29.93756283688774289, -10.01397310665604934, 11.27044129315660825 ) ) ;
#2216 = CARTESIAN_POINT ( 'NONE',  ( -40.60626894147640087, -7.796069786530026136, 23.85675079740628135 ) ) ;
#2217 = CARTESIAN_POINT ( 'NONE',  ( 15.00000000000000000, -5.499999999999994671, 8.044714263047128000 ) ) ;
#2218 = CARTESIAN_POINT ( 'NONE',  ( 42.83799972367766173, -4.724474831564323019, 20.35502799734759094 ) ) ;
#2219 = B_SPLINE_CURVE_WITH_KNOTS ( 'NONE', 3,
 ( #2446, #732, #308, #2251, #721, #1075 ),
 .UNSPECIFIED., .F., .F.,
 ( 4, 2, 4 ),
 ( 0.000000000000000000, 0.0004036057813127806636, 0.0008072115626255613272 ),
 .UNSPECIFIED. ) ;
#2220 = FACE_OUTER_BOUND ( 'NONE', #1091, .T. ) ;
#2221 = DIRECTION ( 'NONE',  ( -1.000000000000000000, -0.000000000000000000, -0.000000000000000000 ) ) ;
#2222 = VERTEX_POINT ( 'NONE', #2184 ) ;
#2223 = CARTESIAN_POINT ( 'NONE',  ( 41.16621753650863269, -5.821140709223261211, 27.49255652585666709 ) ) ;
#2224 = ORIENTED_EDGE ( 'NONE', *, *, #990, .F. ) ;
#2225 = CARTESIAN_POINT ( 'NONE',  ( -15.00000000000000000, -5.499999999999993783, 3.299999999999989608 ) ) ;
#2226 = CARTESIAN_POINT ( 'NONE',  ( -20.45534406645434444, 0.7226307078226216207, 7.016325503068395086 ) ) ;
#2227 = DIRECTION ( 'NONE',  ( 1.000000000000000000, -0.000000000000000000, -0.000000000000000000 ) ) ;
#2228 = CARTESIAN_POINT ( 'NONE',  ( -9.686217243364927398, 1.430514950666725627, 7.067355997409821455 ) ) ;
#2229 = ORIENTED_EDGE ( 'NONE', *, *, #1071, .F. ) ;
#2230 = CARTESIAN_POINT ( 'NONE',  ( 42.58331978720695332, -4.847389080555871033, 23.26913239072296591 ) ) ;
#2231 = CARTESIAN_POINT ( 'NONE',  ( -13.56654470028736270, -5.312999096517458497, 7.972340643414432826 ) ) ;
#2232 = CARTESIAN_POINT ( 'NONE',  ( 29.34244443732704966, 8.812595359476942392, 9.933398323741050362 ) ) ;
#2233 = ORIENTED_EDGE ( 'NONE', *, *, #841, .T. ) ;
#2234 = CARTESIAN_POINT ( 'NONE',  ( 13.56252562027452768, 5.321061796751599182, 7.975303874520939473 ) ) ;
#2235 = EDGE_LOOP ( 'NONE', ( #2073, #1037, #288, #2224 ) ) ;
#2236 = CARTESIAN_POINT ( 'NONE',  ( -43.11197607752518479, -2.696921907402941416E-15, 26.99999999999999289 ) ) ;
#2237 = CARTESIAN_POINT ( 'NONE',  ( -19.76563030370112983, 2.768776547991503634, 7.254644628227652881 ) ) ;
#2238 = DIRECTION ( 'NONE',  ( 0.000000000000000000, 0.1735417358103663044, -0.9848265156523381414 ) ) ;
#2239 = CARTESIAN_POINT ( 'NONE',  ( -40.91888761419649256, -6.685127635719497974, 26.41833344990974197 ) ) ;
#2240 = CARTESIAN_POINT ( 'NONE',  ( -10.06204796676442115, 2.448944778857657933, 7.197422578957537453 ) ) ;
#2241 = DIRECTION ( 'NONE',  ( -0.01706698452501675609, 0.1735164591810345880, 0.9846830741068415271 ) ) ;
#2242 = CARTESIAN_POINT ( 'NONE',  ( 43.37412210411433477, -3.301842046990370427, 18.23154726738864895 ) ) ;
#2243 = CARTESIAN_POINT ( 'NONE',  ( 29.51376623613082728, 10.09118415112292944, 10.83227877544029383 ) ) ;
#2244 = ORIENTED_EDGE ( 'NONE', *, *, #794, .F. ) ;
#2245 =( BOUNDED_CURVE ( )  B_SPLINE_CURVE ( 3, ( #354, #166, #1914, #946 ),
 .UNSPECIFIED., .F., .F. ) 
 B_SPLINE_CURVE_WITH_KNOTS ( ( 4, 4 ),
 ( 4.819139366870294872, 5.132087231803707184 ),
 .UNSPECIFIED. ) 
 CURVE ( )  GEOMETRIC_REPRESENTATION_ITEM ( )  RATIONAL_B_SPLINE_CURVE ( ( 1.000000000000000000, 0.9918552745334290321, 0.9918552745334290321, 1.000000000000000000 ) ) 
 REPRESENTATION_ITEM ( '' )  );
#2246 = CARTESIAN_POINT ( 'NONE',  ( 40.63327151870604581, 7.673768919700155955, 24.30998696581745122 ) ) ;
#2247 = VERTEX_POINT ( 'NONE', #609 ) ;
#2248 = CARTESIAN_POINT ( 'NONE',  ( -41.81813406812204192, -2.532681419139947820, 29.59207103522967586 ) ) ;
#2249 = DIRECTION ( 'NONE',  ( 0.000000000000000000, 1.000000000000000000, 1.219727444046192735E-16 ) ) ;
#2250 = CARTESIAN_POINT ( 'NONE',  ( -41.16621753650861848, 5.821140709223253218, 27.49255652585668130 ) ) ;
#2251 = CARTESIAN_POINT ( 'NONE',  ( 39.85080729480634432, -11.97196808516215505, -2.923926736127174121E-15 ) ) ;
#2252 = AXIS2_PLACEMENT_3D ( 'NONE', #30, #1575, #1969 ) ;
#2253 = CARTESIAN_POINT ( 'NONE',  ( 42.65286041322675459, -4.348329438534734415, 24.48972297282286803 ) ) ;
#2254 = VECTOR ( 'NONE', #1790, 1000.000000000000114 ) ;
#2255 = CARTESIAN_POINT ( 'NONE',  ( 29.81516825338966470, 8.873763297670480554, 10.42783129873170544 ) ) ;
#2256 = ORIENTED_EDGE ( 'NONE', *, *, #1697, .F. ) ;
#2257 = CARTESIAN_POINT ( 'NONE',  ( 15.00000000000000000, 6.645749963372974748E-16, 3.299999999999990496 ) ) ;
#2258 = ORIENTED_EDGE ( 'NONE', *, *, #1400, .T. ) ;
#2259 = CARTESIAN_POINT ( 'NONE',  ( -40.60624475684909385, -7.796350775703459135, 23.85515622082033360 ) ) ;
#2260 = CARTESIAN_POINT ( 'NONE',  ( 42.84103861319023565, 2.113631368842586955, 28.79807736875049429 ) ) ;
#2261 = CARTESIAN_POINT ( 'NONE',  ( -42.48588818803667522, -4.052180144979521614, 27.96374396741174806 ) ) ;
#2262 = EDGE_CURVE ( 'NONE', #1398, #1464, #1033, .T. ) ;
#2263 = ORIENTED_EDGE ( 'NONE', *, *, #97, .T. ) ;
#2264 = EDGE_CURVE ( 'NONE', #498, #2106, #356, .T. ) ;
#2265 = CARTESIAN_POINT ( 'NONE',  ( -41.98138079464104777, 5.608485927692845152, 27.71158636452121371 ) ) ;
#2266 = EDGE_CURVE ( 'NONE', #1050, #1060, #275, .T. ) ;
#2267 = CARTESIAN_POINT ( 'NONE',  ( 43.09491751452928554, 0.8216971273954692956, 26.93479530504804842 ) ) ;
#2268 = AXIS2_PLACEMENT_3D ( 'NONE', #1937, #204, #1545 ) ;
#2269 = CARTESIAN_POINT ( 'NONE',  ( 41.42504483606358434, -4.795115513954492314, 28.42020907159342968 ) ) ;
#2270 = ORIENTED_EDGE ( 'NONE', *, *, #1883, .T. ) ;
#2271 = DIRECTION ( 'NONE',  ( 0.000000000000000000, -1.776356839400250465E-15, -1.000000000000000000 ) ) ;
#2272 = ORIENTED_EDGE ( 'NONE', *, *, #1449, .T. ) ;
#2273 = CARTESIAN_POINT ( 'NONE',  ( -43.81124419696029548, -0.3332053205250909422, 16.99999999999998579 ) ) ;
#2274 = AXIS2_PLACEMENT_3D ( 'NONE', #2417, #1268, #1253 ) ;
#2275 = CALENDAR_DATE ( 2026, 3, 8 ) ;
#2276 = CARTESIAN_POINT ( 'NONE',  ( -30.00000000000000000, 8.997867335167121894, 11.27440521841640475 ) ) ;
#2277 = DIRECTION ( 'NONE',  ( -1.505234615860040085E-16, 0.1735417358103668040, 0.9848265156523382524 ) ) ;
#2278 = B_SPLINE_CURVE_WITH_KNOTS ( 'NONE', 3,
 ( #1038, #1233, #276, #487, #1844, #449, #1654, #864, #2400, #300, #2383, #1066, #2424, #691, #1467, #264, #651, #1427, #2234, #499, #2049, #1856 ),
 .UNSPECIFIED., .F., .F.,
 ( 4, 2, 2, 2, 2, 2, 2, 2, 2, 2, 4 ),
 ( 0.01734820870276144664, 0.01789009741666845732, 0.01843198613057546800, 0.01951576355838948937, 0.02059954098620351073, 0.02168331841401753210, 0.02276709584183155000, 0.02330898455573856415, 0.02385087326964557830, 0.02493465069745960661, 0.02601842812527363491 ),
 .UNSPECIFIED. ) ;
#2279 = DIRECTION ( 'NONE',  ( 0.000000000000000000, 0.000000000000000000, 1.000000000000000000 ) ) ;
#2280 = ADVANCED_FACE ( 'NONE', ( #1612 ), #937, .T. ) ;
#2281 = CARTESIAN_POINT ( 'NONE',  ( 42.68933505149007601, 4.962569619513153008, 21.30720324010887978 ) ) ;
#2282 = CARTESIAN_POINT ( 'NONE',  ( 41.82593582240086505, -6.265369812303825725, 25.93388659660367068 ) ) ;
#2283 = ORIENTED_EDGE ( 'NONE', *, *, #2370, .F. ) ;
#2284 = CARTESIAN_POINT ( 'NONE',  ( 30.00000000000000000, -2.694222958124177204E-15, 21.99999999999999289 ) ) ;
#2285 = ORIENTED_EDGE ( 'NONE', *, *, #1635, .T. ) ;
#2286 = CARTESIAN_POINT ( 'NONE',  ( -43.04542403345372747, -1.621777116556768261, 26.74102584376574399 ) ) ;
#2287 = CARTESIAN_POINT ( 'NONE',  ( -39.57973408740601684, 12.00000000000000178, 0.000000000000000000 ) ) ;
#2288 = CARTESIAN_POINT ( 'NONE',  ( 40.11627215885865638, -10.69000987932625435, 7.434021562927372706 ) ) ;
#2289 = CARTESIAN_POINT ( 'NONE',  ( 15.72169571267345844, -5.464508720847632617, 8.030570863609174381 ) ) ;
#2290 = FACE_OUTER_BOUND ( 'NONE', #1481, .T. ) ;
#2291 = CARTESIAN_POINT ( 'NONE',  ( 29.62881842613088068, -10.08028513916655733, 10.89412923417039458 ) ) ;
#2292 = B_SPLINE_CURVE_WITH_KNOTS ( 'NONE', 3,
 ( #69, #589, #44, #1567, #2346, #1377, #2149, #1188, #613, #1390, #2164, #424, #817, #1592, #668, #1278, #2413, #2024, #490, #2201 ),
 .UNSPECIFIED., .F., .F.,
 ( 4, 2, 2, 2, 2, 2, 2, 2, 2, 4 ),
 ( 0.008677092561677960184, 0.009760982079313397508, 0.01084487159694883310, 0.01192876111458426869, 0.01301265063221970601, 0.01409654014985514334, 0.01518042966749057719, 0.01626431918512601105, 0.01680626394394373058, 0.01734820870276144664 ),
 .UNSPECIFIED. ) ;
#2293 = CARTESIAN_POINT ( 'NONE',  ( 41.44780898344556164, -7.086258343434923113, 25.72107429424584879 ) ) ;
#2294 = ORIENTED_EDGE ( 'NONE', *, *, #907, .F. ) ;
#2295 = CARTESIAN_POINT ( 'NONE',  ( 28.99999999999999645, 8.803702866745926059, 9.855255629118838456 ) ) ;
#2296 = AXIS2_PLACEMENT_3D ( 'NONE', #1015, #236, #1002 ) ;
#2297 = VERTEX_POINT ( 'NONE', #76 ) ;
#2298 = CARTESIAN_POINT ( 'NONE',  ( -43.11197607752519900, -0.3282017879115126102, 27.00000000000000000 ) ) ;
#2299 = CARTESIAN_POINT ( 'NONE',  ( -42.21422092204351628, -5.076200258030783452, 27.23764925453348340 ) ) ;
#2300 = DIRECTION ( 'NONE',  ( 0.000000000000000000, 0.000000000000000000, -1.000000000000000000 ) ) ;
#2301 = DIRECTION ( 'NONE',  ( 0.000000000000000000, -0.1735417358103663321, 0.9848265156523382524 ) ) ;
#2302 = CARTESIAN_POINT ( 'NONE',  ( 42.94896767748848987, 2.519783976046406693, 26.33103337015283429 ) ) ;
#2303 = CARTESIAN_POINT ( 'NONE',  ( 41.61219234463094807, -6.879025135212689435, 24.85232164758085460 ) ) ;
#2304 = CARTESIAN_POINT ( 'NONE',  ( 9.508873520764014486, -0.3611383248469252072, 7.003260568527547747 ) ) ;
#2305 = ORIENTED_EDGE ( 'NONE', *, *, #1185, .F. ) ;
#2306 = CARTESIAN_POINT ( 'NONE',  ( -39.85101657536151265, -11.97169416480346626, -2.923893325309276134E-15 ) ) ;
#2307 = ADVANCED_FACE ( 'NONE', ( #1623 ), #987, .T. ) ;
#2308 = CARTESIAN_POINT ( 'NONE',  ( -42.95137646818151467, -0.8487253410612802806, 29.03630657419166283 ) ) ;
#2309 = CARTESIAN_POINT ( 'NONE',  ( 40.59916497296244131, -7.878612125218710460, 23.38833388648292910 ) ) ;
#2310 = CARTESIAN_POINT ( 'NONE',  ( -20.49999999999999289, -2.694487641582813670E-15, 6.999999999999991118 ) ) ;
#2311 = CIRCLE ( 'NONE', #1875, 5.499999999999994671 ) ;
#2312 = CARTESIAN_POINT ( 'NONE',  ( -40.11627215885862796, -10.69000987932626501, 7.434021562927306981 ) ) ;
#2313 = CARTESIAN_POINT ( 'NONE',  ( 42.83240543325132421, 3.314475935083631697, 25.75793669752954429 ) ) ;
#2314 = CARTESIAN_POINT ( 'NONE',  ( 40.69775490293419296, -7.433860623696981307, 24.96511954181740478 ) ) ;
#2315 = CARTESIAN_POINT ( 'NONE',  ( 10.23237082555910682, -2.765433835539020890, 7.254001635167075968 ) ) ;
#2316 = ORIENTED_EDGE ( 'NONE', *, *, #97, .F. ) ;
#2317 = DIRECTION ( 'NONE',  ( -0.000000000000000000, -1.796148638749451749E-16, 1.000000000000000000 ) ) ;
#2318 = B_SPLINE_CURVE_WITH_KNOTS ( 'NONE', 3,
 ( #687, #2045, #1476, #321, #283, #1046, #2406, #1462, #1662, #131, #1825, #2253, #872, #86, #2230, #1636, #1446, #1076, #713, #2434, #1282, #2218, #481, #295, #102, #1648, #699, #2242, #2472, #1687, #570, #1155, #1343, #1547, #733, #1711 ),
 .UNSPECIFIED., .F., .F.,
 ( 4, 2, 2, 2, 2, 2, 2, 2, 2, 2, 2, 2, 2, 2, 2, 2, 2, 4 ),
 ( 0.01575940818687280795, 0.01674420197008704564, 0.01772899575330127986, 0.01871378953651551755, 0.01969858331972975524, 0.02068337710294399293, 0.02166817088615823061, 0.02265296466937246483, 0.02363775845258670252, 0.02462255223580094021, 0.02511494912740806079, 0.02560734601901517443, 0.02659213980222940865, 0.02757693358544364634, 0.02856172736865788403, 0.02954652115187211825, 0.03053131493508635247, 0.03151610871830058669 ),
 .UNSPECIFIED. ) ;
#2319 = CARTESIAN_POINT ( 'NONE',  ( -42.75804947855477423, 4.863110202044385488, 20.82657539333391838 ) ) ;
#2320 = CARTESIAN_POINT ( 'NONE',  ( 17.91535267299449785, 4.667215434151612996, 7.744190293913854717 ) ) ;
#2321 = CYLINDRICAL_SURFACE ( 'NONE', #1748, 2.750000000000004885 ) ;
#2322 = CARTESIAN_POINT ( 'NONE',  ( -41.54813457834721646, -4.211661425039269879, 28.80558690927001919 ) ) ;
#2323 = ADVANCED_FACE ( 'NONE', ( #234 ), #470, .T. ) ;
#2324 = CARTESIAN_POINT ( 'NONE',  ( -30.28252593835433260, 10.28975351633156876, 9.705423756152367076 ) ) ;
#2325 = CARTESIAN_POINT ( 'NONE',  ( 42.96710460674706411, -0.4465101452168824814, 29.06945928015360181 ) ) ;
#2326 = CARTESIAN_POINT ( 'NONE',  ( 9.571680030682813367, -0.9035964993865642780, 7.026171451321793882 ) ) ;
#2327 = VERTEX_POINT ( 'NONE', #1283 ) ;
#2328 = CARTESIAN_POINT ( 'NONE',  ( -30.64287955350292592, 10.21441103163115471, 10.13298244306776574 ) ) ;
#2329 = AXIS2_PLACEMENT_3D ( 'NONE', #2284, #1092, #2271 ) ;
#2330 = B_SPLINE_CURVE_WITH_KNOTS ( 'NONE', 3,
 ( #1364, #960, #1916, #1733, #1710, #2508, #758, #1546, #1903, #1342, #1535, #215, #2101, #1174, #1127, #1318, #581, #167, #1522, #2289, #1949, #1558 ),
 .UNSPECIFIED., .F., .F.,
 ( 4, 2, 2, 2, 2, 2, 2, 2, 2, 2, 4 ),
 ( 0.000000000000000000, 0.001084636570209750878, 0.002169273140419501755, 0.003253909710629252199, 0.003796227995734124602, 0.004338546280838996572, 0.005423182851048740510, 0.006507819421258484449, 0.007050137706363351214, 0.007592455991468217980, 0.008677092561677960184 ),
 .UNSPECIFIED. ) ;
#2331 = DIRECTION ( 'NONE',  ( 0.000000000000000000, 0.000000000000000000, -1.000000000000000000 ) ) ;
#2332 = CARTESIAN_POINT ( 'NONE',  ( 19.76871446088122397, 2.763443245224173950, 7.253642306912071902 ) ) ;
#2333 = CARTESIAN_POINT ( 'NONE',  ( 29.55434751420667183, -10.36127835556540155, 9.299529704924152540 ) ) ;
#2334 = CARTESIAN_POINT ( 'NONE',  ( -41.96955134437188661, 0.4760573234893002992, 29.99966035063772551 ) ) ;
#2335 = CARTESIAN_POINT ( 'NONE',  ( -29.99999999999999645, 8.997867335167116565, 11.27440521841642607 ) ) ;
#2336 = B_SPLINE_CURVE_WITH_KNOTS ( 'NONE', 3,
 ( #2276, #542, #1316, #1901, #164, #378, #190, #1171, #1947, #213, #226, #1591 ),
 .UNSPECIFIED., .F., .F.,
 ( 4, 2, 2, 2, 2, 4 ),
 ( 1.608716371138911572E-17, 0.0004807053335063781667, 0.0009614106670127401787, 0.001442116000519102353, 0.001682468667272283332, 0.001922821334025464311 ),
 .UNSPECIFIED. ) ;
#2337 = EDGE_CURVE ( 'NONE', #2452, #323, #796, .T. ) ;
#2338 = CARTESIAN_POINT ( 'NONE',  ( 41.57498006967635007, 6.751008662466385424, 26.31768857589505117 ) ) ;
#2339 = ADVANCED_FACE ( 'NONE', ( #701 ), #759, .T. ) ;
#2340 = CARTESIAN_POINT ( 'NONE',  ( -15.00000000000000000, 1.257304047124615608E-15, -4.336808689942017736E-15 ) ) ;
#2341 = ORIENTED_EDGE ( 'NONE', *, *, #965, .F. ) ;
#2342 = DIRECTION ( 'NONE',  ( 1.000000000000000000, 0.000000000000000000, 0.000000000000000000 ) ) ;
#2343 = ORIENTED_EDGE ( 'NONE', *, *, #1494, .F. ) ;
#2344 = CARTESIAN_POINT ( 'NONE',  ( -30.95672407086493649, 10.07932543613812904, 10.89957542257782031 ) ) ;
#2345 = CARTESIAN_POINT ( 'NONE',  ( -42.59144453435557409, 4.754383528301860729, 23.58292581479454597 ) ) ;
#2346 = CARTESIAN_POINT ( 'NONE',  ( -16.78244606976555531, -5.215793966863402353, 7.935238308685058861 ) ) ;
#2347 = CARTESIAN_POINT ( 'NONE',  ( 30.64287955350293657, -10.21441103163115649, 10.13298244306776219 ) ) ;
#2348 = CARTESIAN_POINT ( 'NONE',  ( -42.63539741052767340, -3.383115726009076063, 28.33073255926855438 ) ) ;
#2349 = FACE_OUTER_BOUND ( 'NONE', #446, .T. ) ;
#2350 = AXIS2_PLACEMENT_3D ( 'NONE', #35, #601, #2189 ) ;
#2351 = CARTESIAN_POINT ( 'NONE',  ( 42.79428513296470271, 1.941596010664160543, 29.76519883387668131 ) ) ;
#2352 = DIRECTION ( 'NONE',  ( -0.000000000000000000, -0.1735417358103670815, 0.9848265156523380304 ) ) ;
#2353 = EDGE_CURVE ( 'NONE', #130, #2106, #2436, .T. ) ;
#2354 = ORIENTED_EDGE ( 'NONE', *, *, #1246, .F. ) ;
#2355 = CARTESIAN_POINT ( 'NONE',  ( -41.18676696612823918, -7.880352758376743871, 23.37845602234812148 ) ) ;
#2356 = ORIENTED_EDGE ( 'NONE', *, *, #1528, .T. ) ;
#2357 = CARTESIAN_POINT ( 'NONE',  ( -31.00000000000000000, 9.982693850819458703, 11.44794695422677044 ) ) ;
#2358 = UNCERTAINTY_MEASURE_WITH_UNIT (LENGTH_MEASURE( 1.000000000000000082E-05 ), #2042, 'distance_accuracy_value', 'NONE');
#2359 = DIRECTION ( 'NONE',  ( -1.505234615860040085E-16, 0.1735417358103668040, -0.9848265156523382524 ) ) ;
#2360 = LINE ( 'NONE', #438, #769 ) ;
#2361 = CARTESIAN_POINT ( 'NONE',  ( -29.27959929983185461, -10.37258924790084791, 9.235341879237019214 ) ) ;
#2362 = CARTESIAN_POINT ( 'NONE',  ( -42.37684460454075008, -4.487091444694768505, 27.68240278804955778 ) ) ;
#2363 = CARTESIAN_POINT ( 'NONE',  ( -29.27897716218406643, 8.808129868388242301, 9.895146909681013625 ) ) ;
#2364 = CARTESIAN_POINT ( 'NONE',  ( 42.70050223879034945, 2.642124246961115031, 29.55582467532139646 ) ) ;
#2365 = DIRECTION ( 'NONE',  ( 0.000000000000000000, -0.9848265156523381414, 0.1735417358103668040 ) ) ;
#2366 = ORIENTED_EDGE ( 'NONE', *, *, #708, .T. ) ;
#2367 = CARTESIAN_POINT ( 'NONE',  ( -28.99999999999999645, 9.390616391195655055, 9.045606004393427213 ) ) ;
#2368 = CARTESIAN_POINT ( 'NONE',  ( -40.61613071040094525, -10.97281195898651873, 3.874973796166492068 ) ) ;
#2369 = AXIS2_PLACEMENT_3D ( 'NONE', #2170, #63, #2158 ) ;
#2370 = EDGE_CURVE ( 'NONE', #1588, #1285, #1993, .T. ) ;
#2371 = ADVANCED_FACE ( 'NONE', ( #2032, #298 ), #679, .T. ) ;
#2372 = CARTESIAN_POINT ( 'NONE',  ( -43.02474967679333417, 4.327355495224574078, 19.47420421090274445 ) ) ;
#2373 = CARTESIAN_POINT ( 'NONE',  ( 16.43501281683265702, 5.312573094224261716, 7.972179312314192856 ) ) ;
#2374 = CARTESIAN_POINT ( 'NONE',  ( -29.68586581916841993, -10.06964638859082939, 10.95450274381336975 ) ) ;
#2375 = CARTESIAN_POINT ( 'NONE',  ( -41.90819125842450887, -1.624295788980365751, 29.83688479822535200 ) ) ;
#2376 = APPLICATION_CONTEXT ( 'configuration controlled 3d designs of mechanical parts and assemblies' ) ;
#2377 = CARTESIAN_POINT ( 'NONE',  ( -30.99999999999999645, 9.982693850819455150, 11.44794695422679176 ) ) ;
#2378 = CARTESIAN_POINT ( 'NONE',  ( 42.19613610986130681, 4.914111716965697596, 28.31906170307095039 ) ) ;
#2379 = DIRECTION ( 'NONE',  ( 0.01706698452501687405, 0.1735164591810344492, 0.9846830741068415271 ) ) ;
#2380 = ORIENTED_EDGE ( 'NONE', *, *, #1635, .F. ) ;
#2381 = CARTESIAN_POINT ( 'NONE',  ( -40.99007694111110567, -9.273760422729816710, 15.47105087539981305 ) ) ;
#2382 = EDGE_LOOP ( 'NONE', ( #1980, #1490, #2366, #1014 ) ) ;
#2383 = CARTESIAN_POINT ( 'NONE',  ( 10.85821338676442238, 3.636595396178742945, 7.445124911642557741 ) ) ;
#2384 = ADVANCED_FACE ( 'NONE', ( #1714, #2476 ), #774, .F. ) ;
#2385 = VECTOR ( 'NONE', #969, 1000.000000000000000 ) ;
#2386 = CARTESIAN_POINT ( 'NONE',  ( -15.00000000000000000, 5.499999999999994671, 6.999999999999992895 ) ) ;
#2387 = CARTESIAN_POINT ( 'NONE',  ( -19.93848455263449537, 2.447626706748590841, 7.197239777340073807 ) ) ;
#2388 = CARTESIAN_POINT ( 'NONE',  ( 28.99999999999999645, -10.37544290684799719, 9.219147740203792907 ) ) ;
#2389 = ADVANCED_FACE ( 'NONE', ( #393 ), #1896, .T. ) ;
#2390 = CARTESIAN_POINT ( 'NONE',  ( -41.48203230282008747, -7.299257586189445313, 23.69441567150529693 ) ) ;
#2391 = CARTESIAN_POINT ( 'NONE',  ( -14.63745694959202837, 5.499999999999992006, 8.044714263047129776 ) ) ;
#2392 = CC_DESIGN_PERSON_AND_ORGANIZATION_ASSIGNMENT ( #1730, #516, ( #1793 ) ) ;
#2393 = CARTESIAN_POINT ( 'NONE',  ( -31.00000000000000000, -9.982693850819460479, 11.44794695422676689 ) ) ;
#2394 = DIRECTION ( 'NONE',  ( 0.000000000000000000, -1.000000000000000000, -1.577021341797091890E-16 ) ) ;
#2395 = AXIS2_PLACEMENT_3D ( 'NONE', #116, #1112, #1676 ) ;
#2396 = ORIENTED_EDGE ( 'NONE', *, *, #1709, .F. ) ;
#2397 = CARTESIAN_POINT ( 'NONE',  ( -40.45859742205730925, 9.307732990816706575, 15.27826102164263489 ) ) ;
#2398 = ORIENTED_EDGE ( 'NONE', *, *, #118, .T. ) ;
#2399 = CIRCLE ( 'NONE', #1629, 5.000000000000000888 ) ;
#2400 = CARTESIAN_POINT ( 'NONE',  ( 10.23436969629887017, 2.768776547991507186, 7.254644628227656433 ) ) ;
#2401 = ORIENTED_EDGE ( 'NONE', *, *, #2127, .F. ) ;
#2402 = CARTESIAN_POINT ( 'NONE',  ( 39.57973408740611632, 12.00000000000000178, 0.000000000000000000 ) ) ;
#2403 = CARTESIAN_POINT ( 'NONE',  ( 41.38402260301308644, -8.098738384000824908, 19.40006481539784389 ) ) ;
#2404 = CARTESIAN_POINT ( 'NONE',  ( 42.11908827524160159, 5.385534272373234010, 26.95747122308514676 ) ) ;
#2405 = CARTESIAN_POINT ( 'NONE',  ( 31.00000000000000000, -2.694222958124177204E-15, 21.99999999999999289 ) ) ;
#2406 = CARTESIAN_POINT ( 'NONE',  ( 42.94883489459276404, -2.520787473781508137, 26.33042449213676051 ) ) ;
#2407 = CARTESIAN_POINT ( 'NONE',  ( -9.536355340813512882, -0.7272099905240441142, 7.013438197556335574 ) ) ;
#2408 = DIRECTION ( 'NONE',  ( 0.000000000000000000, 0.1735417358103663321, -0.9848265156523382524 ) ) ;
#2409 = VERTEX_POINT ( 'NONE', #2393 ) ;
#2410 = CARTESIAN_POINT ( 'NONE',  ( 40.99757130438133856, -6.422086465867367089, 26.79264127525588535 ) ) ;
#2411 = ORIENTED_EDGE ( 'NONE', *, *, #2006, .F. ) ;
#2412 = CARTESIAN_POINT ( 'NONE',  ( 41.47267793220203913, 7.375562678770756442, 23.28454862441670770 ) ) ;
#2413 = CARTESIAN_POINT ( 'NONE',  ( -20.45540773974412829, -0.7220923028115644460, 7.016302286438964586 ) ) ;
#2414 = CARTESIAN_POINT ( 'NONE',  ( -28.99999999999999645, -9.390616391195658608, 9.045606004393425437 ) ) ;
#2415 = CARTESIAN_POINT ( 'NONE',  ( -41.42615070767410401, 4.790338148980864297, 28.42386649455406555 ) ) ;
#2416 = CIRCLE ( 'NONE', #436, 0.9999999999999997780 ) ;
#2417 = CARTESIAN_POINT ( 'NONE',  ( -28.99999999999999645, -2.694222958124177204E-15, 21.99999999999999289 ) ) ;
#2418 = CARTESIAN_POINT ( 'NONE',  ( 41.47267793220210308, 7.375562678770757330, 23.28454862441667927 ) ) ;
#2419 = ADVANCED_FACE ( 'NONE', ( #1839 ), #2030, .T. ) ;
#2420 = DIRECTION ( 'NONE',  ( 1.000000000000000000, 0.000000000000000000, 0.000000000000000000 ) ) ;
#2421 = ORIENTED_EDGE ( 'NONE', *, *, #1697, .T. ) ;
#2422 = CARTESIAN_POINT ( 'NONE',  ( -31.00000000000000000, 10.65377267553076379, 1.877360300170213936 ) ) ;
#2423 = ORIENTED_EDGE ( 'NONE', *, *, #842, .T. ) ;
#2424 = CARTESIAN_POINT ( 'NONE',  ( 11.64304661292257670, 4.371205493697743805, 7.649536985766340003 ) ) ;
#2425 = EDGE_CURVE ( 'NONE', #1159, #199, #66, .T. ) ;
#2426 = VERTEX_POINT ( 'NONE', #901 ) ;
#2427 = FACE_OUTER_BOUND ( 'NONE', #1762, .T. ) ;
#2428 = DIRECTION ( 'NONE',  ( -1.000000000000000000, -0.000000000000000000, -0.000000000000000000 ) ) ;
#2429 = CARTESIAN_POINT ( 'NONE',  ( -30.99999999662561834, -10.03119571768190887, 11.17270524178375979 ) ) ;
#2430 = VECTOR ( 'NONE', #1696, 1000.000000000000000 ) ;
#2431 = CALENDAR_DATE ( 2026, 3, 8 ) ;
#2432 = CARTESIAN_POINT ( 'NONE',  ( -13.74271455265678021, 5.357454751862430697, 7.989320469875216268 ) ) ;
#2433 = CARTESIAN_POINT ( 'NONE',  ( 15.00000000000000000, 5.499999999999995559, 3.299999999999991385 ) ) ;
#2434 = CARTESIAN_POINT ( 'NONE',  ( 42.75807942564662767, -4.863067408835634708, 20.82636367534373534 ) ) ;
#2435 = ORIENTED_EDGE ( 'NONE', *, *, #1214, .T. ) ;
#2436 = LINE ( 'NONE', #903, #195 ) ;
#2437 = ORIENTED_EDGE ( 'NONE', *, *, #656, .T. ) ;
#2438 = CARTESIAN_POINT ( 'NONE',  ( -28.09999999999996589, 6.011456762853118849E-15, 0.000000000000000000 ) ) ;
#2439 = CIRCLE ( 'NONE', #1345, 7.000000000000002665 ) ;
#2440 = ORIENTED_EDGE ( 'NONE', *, *, #1799, .F. ) ;
#2441 = EDGE_CURVE ( 'NONE', #31, #2222, #362, .T. ) ;
#2442 = CARTESIAN_POINT ( 'NONE',  ( 39.57009562896674026, 12.02347363082597376, -0.1332097662162146645 ) ) ;
#2443 = CARTESIAN_POINT ( 'NONE',  ( -20.32080270665491639, 1.439194542367323137, 7.064924393738469810 ) ) ;
#2444 = CARTESIAN_POINT ( 'NONE',  ( -28.09999999999996589, 6.011456762853118849E-15, 0.000000000000000000 ) ) ;
#2445 = CARTESIAN_POINT ( 'NONE',  ( -12.08464732700550215, 4.667215434151612996, 7.744190293913858270 ) ) ;
#2446 = CARTESIAN_POINT ( 'NONE',  ( 40.30780564949709088, -11.68672243291962332, -1.425461608238236151E-15 ) ) ;
#2447 = CARTESIAN_POINT ( 'NONE',  ( 29.68477209980004261, 10.35305778667607512, 9.346180351687324972 ) ) ;
#2448 = ORIENTED_EDGE ( 'NONE', *, *, #2123, .T. ) ;
#2449 = CARTESIAN_POINT ( 'NONE',  ( 29.53000415231754161, 8.825741358490645894, 10.04603095320331363 ) ) ;
#2450 = ORIENTED_EDGE ( 'NONE', *, *, #841, .F. ) ;
#2451 = CARTESIAN_POINT ( 'NONE',  ( -28.99999999999999645, -10.37544290684799719, 9.219147740203792907 ) ) ;
#2452 = VERTEX_POINT ( 'NONE', #1032 ) ;
#2453 = CARTESIAN_POINT ( 'NONE',  ( -41.88892811963925311, -1.856273836426053592, 29.78521040240863726 ) ) ;
#2454 = CARTESIAN_POINT ( 'NONE',  ( 41.51540244668704815, 7.175692853701719720, 24.12474191077121333 ) ) ;
#2455 = EDGE_CURVE ( 'NONE', #235, #1134, #2318, .T. ) ;
#2456 = DIRECTION ( 'NONE',  ( -1.000000000000000000, -0.000000000000000000, -0.000000000000000000 ) ) ;
#2457 = ADVANCED_FACE ( 'NONE', ( #2459 ), #357, .F. ) ;
#2458 = DIRECTION ( 'NONE',  ( 0.000000000000000000, 0.9848265156523381414, 0.1735417358103668040 ) ) ;
#2459 = FACE_OUTER_BOUND ( 'NONE', #931, .T. ) ;
#2460 = CIRCLE ( 'NONE', #1287, 1.000000000000000666 ) ;
#2461 = CARTESIAN_POINT ( 'NONE',  ( 41.91235137164620284, -6.017594997714125427, 26.26357333651974102 ) ) ;
#2462 = ORIENTED_EDGE ( 'NONE', *, *, #824, .F. ) ;
#2463 = B_SPLINE_CURVE_WITH_KNOTS ( 'NONE', 3,
 ( #981, #1354, #555, #2124, #1721, #1163 ),
 .UNSPECIFIED., .F., .F.,
 ( 4, 2, 4 ),
 ( 4.716585198463579434E-19, 0.01185665962009514220, 0.02371331924019028439 ),
 .UNSPECIFIED. ) ;
#2464 = CARTESIAN_POINT ( 'NONE',  ( 40.91804766806107096, 6.687937234110447271, 26.41409065658003641 ) ) ;
#2465 = ORIENTED_EDGE ( 'NONE', *, *, #114, .T. ) ;
#2466 = CARTESIAN_POINT ( 'NONE',  ( -42.58331978720692490, -4.847389080555871033, 23.26913239072296236 ) ) ;
#2467 = SECURITY_CLASSIFICATION_LEVEL ( 'unclassified' ) ;
#2468 = CARTESIAN_POINT ( 'NONE',  ( -42.72095612578675627, 2.924965917150913697, 28.52811153672292122 ) ) ;
#2469 = CARTESIAN_POINT ( 'NONE',  ( 40.59916497296244842, 7.878612125218703355, 23.38833388648293266 ) ) ;
#2470 = ADVANCED_FACE ( 'NONE', ( #2290 ), #582, .T. ) ;
#2471 = LINE ( 'NONE', #294, #900 ) ;
#2472 = CARTESIAN_POINT ( 'NONE',  ( 43.44229785001486022, -3.047940018936942774, 18.02321371802363359 ) ) ;
#2473 = CC_DESIGN_PERSON_AND_ORGANIZATION_ASSIGNMENT ( #2079, #1693, ( #1080 ) ) ;
#2474 = CARTESIAN_POINT ( 'NONE',  ( 43.16433420604880666, 3.963924331773255538, 18.93520737369595253 ) ) ;
#2475 = TOROIDAL_SURFACE ( 'NONE', #1048, 13.99999999999999822, 1.000000000000000000 ) ;
#2476 = FACE_BOUND ( 'NONE', #825, .T. ) ;
#2477 = ORIENTED_EDGE ( 'NONE', *, *, #1259, .F. ) ;
#2478 = CARTESIAN_POINT ( 'NONE',  ( -30.63014775400749912, -10.21338910199960992, 10.13878175925863268 ) ) ;
#2479 = VERTEX_POINT ( 'NONE', #1904 ) ;
#2480 = CARTESIAN_POINT ( 'NONE',  ( -43.81124419696029548, -2.081899558550501068E-15, 16.99999999999998934 ) ) ;
#2481 = CARTESIAN_POINT ( 'NONE',  ( -42.96737331439098284, -0.4233803625541234794, 29.07002969915714630 ) ) ;
#2482 = CARTESIAN_POINT ( 'NONE',  ( 39.57973408740610211, -12.00000000000000000, -2.927345865710861972E-15 ) ) ;
#2483 = DIRECTION ( 'NONE',  ( -0.000000000000000000, -1.796148638749451749E-16, 1.000000000000000000 ) ) ;
#2484 = CARTESIAN_POINT ( 'NONE',  ( -41.82593582240097874, 6.265369812303518415, 25.93388659660369555 ) ) ;
#2485 = CARTESIAN_POINT ( 'NONE',  ( 42.59144453435560251, 4.754383528301860729, 23.58292581479455308 ) ) ;
#2486 = CARTESIAN_POINT ( 'NONE',  ( 40.91834852482998741, -6.686929467808979233, 26.41614871134544273 ) ) ;
#2487 = ORIENTED_EDGE ( 'NONE', *, *, #2441, .F. ) ;
#2488 = CARTESIAN_POINT ( 'NONE',  ( 40.60624475684914358, 7.796350775703452030, 23.85515622082034426 ) ) ;
#2489 = EDGE_LOOP ( 'NONE', ( #1424, #15, #1454, #1845 ) ) ;
#2490 = CARTESIAN_POINT ( 'NONE',  ( -41.73229639645636979, -3.187413928602817581, 29.35231008235298944 ) ) ;
#2491 = B_SPLINE_CURVE_WITH_KNOTS ( 'NONE', 3,
 ( #65, #1245, #1829, #2034, #107, #1413, #2185, #839, #2410, #677, #2223, #1220, #1275, #665, #1613, #2211, #312, #1026, #2021, #877, #1453, #1997 ),
 .UNSPECIFIED., .F., .F.,
 ( 4, 2, 2, 2, 2, 2, 2, 2, 2, 2, 4 ),
 ( 1.097135458930219133E-17, 0.001401927274269535112, 0.002102890911404290200, 0.002803854548539046372, 0.004205781822808547440, 0.004906745459943302745, 0.005607709097078056315, 0.007009636371347565190, 0.008411563645617072330, 0.009813490919886582939, 0.01121541819415609008 ),
 .UNSPECIFIED. ) ;
#2492 = APPROVAL_DATE_TIME ( #957, #67 ) ;
#2493 = CARTESIAN_POINT ( 'NONE',  ( -42.72205648466490402, -2.918607400132089857, 28.53062953812618474 ) ) ;
#2494 = CARTESIAN_POINT ( 'NONE',  ( 28.99999999999999645, -8.803702866745927835, 9.855255629118834904 ) ) ;
#2495 = DIRECTION ( 'NONE',  ( -1.000000000000000000, -0.000000000000000000, -0.000000000000000000 ) ) ;
#2496 = CARTESIAN_POINT ( 'NONE',  ( -41.82227265477706624, 6.075492122999420097, 27.21167609290539602 ) ) ;
#2497 = CARTESIAN_POINT ( 'NONE',  ( 28.99999999999999645, -10.09801726444474212, 10.79350175645702592 ) ) ;
#2498 = EDGE_CURVE ( 'NONE', #2327, #2157, #1631, .T. ) ;
#2499 = CARTESIAN_POINT ( 'NONE',  ( 42.30116932475745983, -4.549790502440896667, 28.59840825842247014 ) ) ;
#2500 = VERTEX_POINT ( 'NONE', #193 ) ;
#2501 = DIRECTION ( 'NONE',  ( 0.000000000000000000, -1.000000000000000000, -1.796148638749451255E-16 ) ) ;
#2502 = VECTOR ( 'NONE', #1178, 1000.000000000000000 ) ;
#2503 = ADVANCED_FACE ( 'NONE', ( #142 ), #2148, .T. ) ;
#2504 = VERTEX_POINT ( 'NONE', #466 ) ;
#2505 = CARTESIAN_POINT ( 'NONE',  ( -42.62643406211140018, -4.503211799452478736, 24.19796624103694427 ) ) ;
#2506 = FACE_BOUND ( 'NONE', #486, .T. ) ;
#2507 = CARTESIAN_POINT ( 'NONE',  ( 41.96968055555701937, -2.351498509926854308E-11, 29.99999999999999289 ) ) ;
#2508 = CARTESIAN_POINT ( 'NONE',  ( 19.93674417774931840, -2.451202397004927924, 7.197823558451684534 ) ) ;
#2509 = CARTESIAN_POINT ( 'NONE',  ( -41.30863687278364438, 7.460240106617579414, 24.89837835351677242 ) ) ;
#2510 = CARTESIAN_POINT ( 'NONE',  ( 29.50956031145505065, -10.09282189899995608, 10.82298477173747564 ) ) ;
ENDSEC;
END-ISO-10303-21;
