ISO-10303-21;
HEADER;
FILE_DESCRIPTION (( 'STEP AP203' ),
    '1' );
FILE_NAME ('CSWP_18_17C.STEP',
    '2026-07-24T22:12:40',
    ( '' ),
    ( '' ),
    'SwSTEP 2.0',
    'SolidWorks 2026',
    '' );
FILE_SCHEMA (( 'CONFIG_CONTROL_DESIGN' ));
ENDSEC;

DATA;
#1 = ORIENTED_EDGE ( 'NONE', *, *, #978, .T. ) ;
#2 = LINE ( 'NONE', #488, #1091 ) ;
#3 = FACE_OUTER_BOUND ( 'NONE', #843, .T. ) ;
#4 = DIRECTION ( 'NONE',  ( 1.000000000000000000, -0.000000000000000000, -0.000000000000000000 ) ) ;
#5 = PLANE ( 'NONE',  #1478 ) ;
#6 = ORIENTED_EDGE ( 'NONE', *, *, #1462, .F. ) ;
#7 = ORIENTED_EDGE ( 'NONE', *, *, #625, .F. ) ;
#8 = CLOSED_SHELL ( 'NONE', ( #273, #1452, #1400, #1268, #366, #952, #1295, #444, #920, #310, #568, #778, #125, #1019, #1259, #103, #755, #38, #617, #1305, #1151, #83, #356, #1055, #544, #813, #329, #716, #222, #451, #104, #1503, #766, #26, #292, #387, #435, #1538, #824, #1332, #49, #517, #1144, #1042, #1277, #536, #1495, #737, #1449, #408, #496, #528 ) ) ;
#9 = DIRECTION ( 'NONE',  ( -1.000000000000000000, -0.000000000000000000, -0.000000000000000000 ) ) ;
#10 = CARTESIAN_POINT ( 'NONE',  ( -89.99999999999994316, 220.0000000000000000, -12.83000000000000540 ) ) ;
#11 = DIRECTION ( 'NONE',  ( -1.000000000000000000, -0.000000000000000000, -0.000000000000000000 ) ) ;
#12 = EDGE_LOOP ( 'NONE', ( #466, #141, #1170, #799 ) ) ;
#13 = VERTEX_POINT ( 'NONE', #198 ) ;
#14 = APPROVAL_STATUS ( 'not_yet_approved' ) ;
#15 = LINE ( 'NONE', #392, #639 ) ;
#16 = DIRECTION ( 'NONE',  ( -1.000000000000000000, -0.000000000000000000, -0.000000000000000000 ) ) ;
#17 = DIRECTION ( 'NONE',  ( -0.000000000000000000, -0.000000000000000000, -1.000000000000000000 ) ) ;
#18 = CARTESIAN_POINT ( 'NONE',  ( -77.50000000000000000, 197.5000000000000000, 5.664999999999999147 ) ) ;
#19 = EDGE_LOOP ( 'NONE', ( #6, #1435, #1315, #1121 ) ) ;
#20 = AXIS2_PLACEMENT_3D ( 'NONE', #419, #1141, #782 ) ;
#21 = ORIENTED_EDGE ( 'NONE', *, *, #502, .F. ) ;
#22 = PERSON_AND_ORGANIZATION_ROLE ( 'classification_officer' ) ;
#23 = CONICAL_SURFACE ( 'NONE', #409, 1.500000000000001332, 1.029744258676655200 ) ;
#24 = CARTESIAN_POINT ( 'NONE',  ( -89.99999999999998579, 171.0000000000000284, -15.99999999999995914 ) ) ;
#25 = CARTESIAN_POINT ( 'NONE',  ( -30.00000000000000000, 10.00000000000000000, 0.000000000000000000 ) ) ;
#26 = ADVANCED_FACE ( 'NONE', ( #597 ), #772, .F. ) ;
#27 = LINE ( 'NONE', #159, #555 ) ;
#28 = EDGE_CURVE ( 'NONE', #77, #789, #339, .T. ) ;
#29 = LINE ( 'NONE', #395, #1505 ) ;
#30 = VERTEX_POINT ( 'NONE', #1548 ) ;
#31 = EDGE_LOOP ( 'NONE', ( #1003, #1363, #679, #1291, #319, #280, #1456 ) ) ;
#32 = APPROVAL_STATUS ( 'not_yet_approved' ) ;
#33 = CYLINDRICAL_SURFACE ( 'NONE', #915, 2.749999999999996447 ) ;
#34 = DIRECTION ( 'NONE',  ( 0.000000000000000000, 0.000000000000000000, -1.000000000000000000 ) ) ;
#35 = AXIS2_PLACEMENT_3D ( 'NONE', #1384, #656, #164 ) ;
#36 = CARTESIAN_POINT ( 'NONE',  ( -90.00000000000000000, 223.0000000000000284, 17.00000000000000000 ) ) ;
#37 = DIRECTION ( 'NONE',  ( 1.000000000000000000, -0.000000000000000000, -0.000000000000000000 ) ) ;
#38 = ADVANCED_FACE ( 'NONE', ( #87, #233 ), #1574, .T. ) ;
#39 = EDGE_CURVE ( 'NONE', #1100, #1432, #571, .T. ) ;
#40 = ORIENTED_EDGE ( 'NONE', *, *, #251, .F. ) ;
#41 = VERTEX_POINT ( 'NONE', #438 ) ;
#42 = DIRECTION ( 'NONE',  ( -1.000000000000000000, -0.000000000000000000, -0.000000000000000000 ) ) ;
#43 = DIRECTION ( 'NONE',  ( 1.000000000000000000, 0.000000000000000000, -1.349229370204183433E-16 ) ) ;
#44 = DIRECTION ( 'NONE',  ( 1.000000000000000000, 0.000000000000000000, 0.000000000000000000 ) ) ;
#45 = LINE ( 'NONE', #666, #50 ) ;
#46 = EDGE_CURVE ( 'NONE', #724, #77, #810, .T. ) ;
#47 = EDGE_LOOP ( 'NONE', ( #1477, #420, #1241 ) ) ;
#48 = VECTOR ( 'NONE', #960, 1000.000000000000000 ) ;
#49 = ADVANCED_FACE ( 'NONE', ( #922 ), #1409, .T. ) ;
#50 = VECTOR ( 'NONE', #1015, 1000.000000000000000 ) ;
#51 = CIRCLE ( 'NONE', #936, 1.500000000000001332 ) ;
#52 = LINE ( 'NONE', #1020, #1002 ) ;
#53 = DIRECTION ( 'NONE',  ( -1.000000000000000000, -0.000000000000000000, -0.000000000000000000 ) ) ;
#54 = CARTESIAN_POINT ( 'NONE',  ( 9.561413512059544891E-16, 10.00000000000000000, 2.749999999999996447 ) ) ;
#55 = CIRCLE ( 'NONE', #306, 1.500000000000001332 ) ;
#56 = ORIENTED_EDGE ( 'NONE', *, *, #1169, .T. ) ;
#57 = EDGE_CURVE ( 'NONE', #105, #41, #930, .T. ) ;
#58 = CC_DESIGN_PERSON_AND_ORGANIZATION_ASSIGNMENT ( #747, #1235, ( #590 ) ) ;
#59 = CARTESIAN_POINT ( 'NONE',  ( -30.00000000000002132, 160.0000000000000000, -17.00000000000000000 ) ) ;
#60 = CARTESIAN_POINT ( 'NONE',  ( -30.00000000000002132, 160.0000000000000000, 14.99999999999997158 ) ) ;
#61 = CARTESIAN_POINT ( 'NONE',  ( -3.579999999999999183, 10.00000000000000000, 0.000000000000000000 ) ) ;
#62 = CIRCLE ( 'NONE', #594, 17.50000000000000711 ) ;
#63 = VERTEX_POINT ( 'NONE', #460 ) ;
#64 = APPROVAL_PERSON_ORGANIZATION ( #275, #1087, #152 ) ;
#65 = VERTEX_POINT ( 'NONE', #224 ) ;
#66 = CARTESIAN_POINT ( 'NONE',  ( -71.37500000000000000, 197.5000000000000000, -5.664999999999998259 ) ) ;
#67 = FACE_OUTER_BOUND ( 'NONE', #220, .T. ) ;
#68 = ORIENTED_EDGE ( 'NONE', *, *, #661, .T. ) ;
#69 = LINE ( 'NONE', #1408, #965 ) ;
#70 = VECTOR ( 'NONE', #1053, 1000.000000000000000 ) ;
#71 = ORIENTED_EDGE ( 'NONE', *, *, #715, .T. ) ;
#72 = VECTOR ( 'NONE', #1027, 1000.000000000000000 ) ;
#73 = AXIS2_PLACEMENT_3D ( 'NONE', #182, #1368, #1132 ) ;
#74 = DIRECTION ( 'NONE',  ( 2.523234146875355998E-16, -1.000000000000000000, -0.000000000000000000 ) ) ;
#75 = LINE ( 'NONE', #933, #1186 ) ;
#76 = EDGE_CURVE ( 'NONE', #231, #501, #1265, .T. ) ;
#77 = VERTEX_POINT ( 'NONE', #1271 ) ;
#78 = LINE ( 'NONE', #223, #1162 ) ;
#79 = DIRECTION ( 'NONE',  ( 1.000000000000000000, -0.000000000000000000, -0.000000000000000000 ) ) ;
#80 = ORIENTED_EDGE ( 'NONE', *, *, #143, .F. ) ;
#81 = PLANE ( 'NONE',  #1187 ) ;
#82 = CARTESIAN_POINT ( 'NONE',  ( -89.99999999999994316, 175.0000000000000284, 11.33000000000000185 ) ) ;
#83 = ADVANCED_FACE ( 'NONE', ( #181, #429 ), #664, .F. ) ;
#84 = EDGE_LOOP ( 'NONE', ( #131, #1313 ) ) ;
#85 = VECTOR ( 'NONE', #1510, 1000.000000000000000 ) ;
#86 = PLANE ( 'NONE',  #149 ) ;
#87 = FACE_BOUND ( 'NONE', #626, .T. ) ;
#88 = ORIENTED_EDGE ( 'NONE', *, *, #425, .T. ) ;
#89 = DIRECTION ( 'NONE',  ( 0.000000000000000000, -0.7071067811865425767, 0.7071067811865524577 ) ) ;
#90 = CARTESIAN_POINT ( 'NONE',  ( 0.000000000000000000, 0.000000000000000000, -17.00000000000000000 ) ) ;
#91 = DIRECTION ( 'NONE',  ( 1.349229370204183433E-16, 0.000000000000000000, -1.000000000000000000 ) ) ;
#92 = CARTESIAN_POINT ( 'NONE',  ( 5.442874662877129529E-15, 200.0000000000000000, -14.99999999999997158 ) ) ;
#93 = DIRECTION ( 'NONE',  ( 1.224510688924804848E-16, -1.000000000000000000, 0.000000000000000000 ) ) ;
#94 = ORIENTED_EDGE ( 'NONE', *, *, #175, .T. ) ;
#95 = VECTOR ( 'NONE', #481, 1000.000000000000114 ) ;
#96 = DIRECTION ( 'NONE',  ( -1.000000000000000000, -0.000000000000000000, -0.000000000000000000 ) ) ;
#97 = DIRECTION ( 'NONE',  ( -1.000000000000000000, -0.000000000000000000, -0.000000000000000000 ) ) ;
#98 = AXIS2_PLACEMENT_3D ( 'NONE', #819, #342, #463 ) ;
#99 = VECTOR ( 'NONE', #672, 1000.000000000000000 ) ;
#100 = ORIENTED_EDGE ( 'NONE', *, *, #1497, .F. ) ;
#101 = CARTESIAN_POINT ( 'NONE',  ( -40.00000000000002132, 160.0000000000000000, -14.99999999999994316 ) ) ;
#102 = VERTEX_POINT ( 'NONE', #1026 ) ;
#103 = ADVANCED_FACE ( 'NONE', ( #411, #899 ), #1131, .T. ) ;
#104 = ADVANCED_FACE ( 'NONE', ( #422 ), #110, .F. ) ;
#105 = VERTEX_POINT ( 'NONE', #296 ) ;
#106 = CARTESIAN_POINT ( 'NONE',  ( -90.00000000000000000, 225.0000000000000000, -17.00000000000000000 ) ) ;
#107 = FACE_OUTER_BOUND ( 'NONE', #399, .T. ) ;
#108 = EDGE_LOOP ( 'NONE', ( #1427, #1182, #557, #80 ) ) ;
#109 = CARTESIAN_POINT ( 'NONE',  ( -45.00000000000000000, 170.0000000000000000, -5.664999999999993818 ) ) ;
#110 = CONICAL_SURFACE ( 'NONE', #1230, 12.00000000000001066, 0.7853981633974435050 ) ;
#111 = VERTEX_POINT ( 'NONE', #186 ) ;
#112 = ORIENTED_EDGE ( 'NONE', *, *, #1526, .T. ) ;
#113 = PERSON_AND_ORGANIZATION_ROLE ( 'creator' ) ;
#114 = FACE_OUTER_BOUND ( 'NONE', #209, .T. ) ;
#115 = CARTESIAN_POINT ( 'NONE',  ( 9.561413512059544891E-16, 10.00000000000000000, -6.119999999999995666 ) ) ;
#116 = CC_DESIGN_SECURITY_CLASSIFICATION ( #397, ( #777 ) ) ;
#117 = LINE ( 'NONE', #499, #757 ) ;
#118 = DIRECTION ( 'NONE',  ( -1.000000000000000000, 0.000000000000000000, -1.525031627232357398E-16 ) ) ;
#119 = VERTEX_POINT ( 'NONE', #540 ) ;
#120 = VERTEX_POINT ( 'NONE', #780 ) ;
#121 = DIRECTION ( 'NONE',  ( 0.000000000000000000, 0.7071067811865425767, 0.7071067811865525687 ) ) ;
#122 = FACE_OUTER_BOUND ( 'NONE', #1234, .T. ) ;
#123 = DIRECTION ( 'NONE',  ( 0.000000000000000000, 0.000000000000000000, 1.000000000000000000 ) ) ;
#124 = DIRECTION ( 'NONE',  ( -0.000000000000000000, 1.000000000000000000, -0.000000000000000000 ) ) ;
#125 = ADVANCED_FACE ( 'NONE', ( #671 ), #774, .F. ) ;
#126 = VECTOR ( 'NONE', #565, 1000.000000000000000 ) ;
#127 = VERTEX_POINT ( 'NONE', #66 ) ;
#128 = CONICAL_SURFACE ( 'NONE', #1398, 1.500000000000001332, 1.029744258676655200 ) ;
#129 = ORIENTED_EDGE ( 'NONE', *, *, #970, .F. ) ;
#130 = CIRCLE ( 'NONE', #283, 10.00000000000000178 ) ;
#131 = ORIENTED_EDGE ( 'NONE', *, *, #1052, .F. ) ;
#132 = FACE_OUTER_BOUND ( 'NONE', #919, .T. ) ;
#133 = LINE ( 'NONE', #10, #1465 ) ;
#134 = CARTESIAN_POINT ( 'NONE',  ( -69.99999999999994316, 175.0000000000000284, -11.33000000000000185 ) ) ;
#135 = EDGE_CURVE ( 'NONE', #1156, #1432, #172, .T. ) ;
#136 = ORIENTED_EDGE ( 'NONE', *, *, #1199, .T. ) ;
#137 = CARTESIAN_POINT ( 'NONE',  ( -69.09870907145860031, 175.0000000000000284, -11.33000000000000185 ) ) ;
#138 = DIRECTION ( 'NONE',  ( -0.000000000000000000, -0.000000000000000000, -1.000000000000000000 ) ) ;
#139 = DIRECTION ( 'NONE',  ( 0.000000000000000000, 0.000000000000000000, -1.000000000000000000 ) ) ;
#140 = EDGE_LOOP ( 'NONE', ( #1194, #595, #856, #1358 ) ) ;
#141 = ORIENTED_EDGE ( 'NONE', *, *, #688, .F. ) ;
#142 = DATE_TIME_ROLE ( 'creation_date' ) ;
#143 = EDGE_CURVE ( 'NONE', #924, #1364, #531, .T. ) ;
#144 = DIRECTION ( 'NONE',  ( -1.000000000000000000, 0.000000000000000000, 0.000000000000000000 ) ) ;
#145 = DIRECTION ( 'NONE',  ( -1.000000000000000000, -0.000000000000000000, -0.000000000000000000 ) ) ;
#146 = LINE ( 'NONE', #1239, #1247 ) ;
#147 = CARTESIAN_POINT ( 'NONE',  ( -3.579999999999999183, 10.00000000000000000, -6.119999999999995666 ) ) ;
#148 = ORIENTED_EDGE ( 'NONE', *, *, #193, .T. ) ;
#149 = AXIS2_PLACEMENT_3D ( 'NONE', #1171, #690, #323 ) ;
#150 = AXIS2_PLACEMENT_3D ( 'NONE', #718, #725, #1466 ) ;
#151 = EDGE_LOOP ( 'NONE', ( #148, #1393, #458, #588 ) ) ;
#152 = APPROVAL_ROLE ( '' ) ;
#153 = AXIS2_PLACEMENT_3D ( 'NONE', #734, #740, #144 ) ;
#154 = VECTOR ( 'NONE', #268, 999.9999999999998863 ) ;
#155 = EDGE_CURVE ( 'NONE', #1099, #717, #1138, .T. ) ;
#156 = EDGE_CURVE ( 'NONE', #954, #717, #62, .T. ) ;
#157 = LINE ( 'NONE', #767, #1036 ) ;
#158 = DIRECTION ( 'NONE',  ( 0.000000000000000000, 0.000000000000000000, -1.000000000000000000 ) ) ;
#159 = CARTESIAN_POINT ( 'NONE',  ( 0.000000000000000000, 172.0000000000000853, -17.00000000000000000 ) ) ;
#160 = CARTESIAN_POINT ( 'NONE',  ( -3.579999999999999183, 12.75000000000000000, 0.000000000000000000 ) ) ;
#161 = ORIENTED_EDGE ( 'NONE', *, *, #1283, .F. ) ;
#162 = ORIENTED_EDGE ( 'NONE', *, *, #1107, .F. ) ;
#163 = CARTESIAN_POINT ( 'NONE',  ( -1.999999999999968470, 200.0000000000000000, 17.00000000000000000 ) ) ;
#164 = DIRECTION ( 'NONE',  ( 2.721437331438565627E-17, 1.000000000000000000, 0.000000000000000000 ) ) ;
#165 = VECTOR ( 'NONE', #1045, 999.9999999999998863 ) ;
#166 = DIRECTION ( 'NONE',  ( -0.5150380749100536004, 0.000000000000000000, 0.8571673007021125557 ) ) ;
#167 = PLANE ( 'NONE',  #1450 ) ;
#168 = EDGE_CURVE ( 'NONE', #992, #105, #314, .T. ) ;
#169 = EDGE_CURVE ( 'NONE', #1066, #630, #52, .T. ) ;
#170 = ORIENTED_EDGE ( 'NONE', *, *, #999, .T. ) ;
#171 = CARTESIAN_POINT ( 'NONE',  ( -45.00000000000000000, 188.4861218113400128, 5.664999999999994706 ) ) ;
#172 = LINE ( 'NONE', #59, #1407 ) ;
#173 = DIRECTION ( 'NONE',  ( -0.5150380749100536004, 1.049727191138618942E-16, -0.8571673007021125557 ) ) ;
#174 = CARTESIAN_POINT ( 'NONE',  ( -42.49999999999998579, 197.5000000000000000, 5.664999999999993818 ) ) ;
#175 = EDGE_CURVE ( 'NONE', #111, #208, #514, .T. ) ;
#176 = APPROVAL ( #14, 'UNSPECIFIED' ) ;
#177 = ORIENTED_EDGE ( 'NONE', *, *, #1199, .F. ) ;
#178 = AXIS2_PLACEMENT_3D ( 'NONE', #1085, #1587, #623 ) ;
#179 = AXIS2_PLACEMENT_3D ( 'NONE', #1317, #584, #227 ) ;
#180 = CIRCLE ( 'NONE', #988, 2.749999999999999112 ) ;
#181 = FACE_BOUND ( 'NONE', #84, .T. ) ;
#182 = CARTESIAN_POINT ( 'NONE',  ( -59.99999999999999289, 197.5000000000000000, 5.664999999999996483 ) ) ;
#183 = DIRECTION ( 'NONE',  ( -0.000000000000000000, 1.000000000000000000, -0.000000000000000000 ) ) ;
#184 = EDGE_LOOP ( 'NONE', ( #620, #865, #674, #185, #866, #983, #426, #56 ) ) ;
#185 = ORIENTED_EDGE ( 'NONE', *, *, #1515, .T. ) ;
#186 = CARTESIAN_POINT ( 'NONE',  ( 0.000000000000000000, 0.000000000000000000, -14.99999999999997158 ) ) ;
#187 = LINE ( 'NONE', #1292, #510 ) ;
#188 = DIRECTION ( 'NONE',  ( 1.000000000000000000, -1.586032892321651496E-15, -1.486905836551548339E-16 ) ) ;
#189 = ORIENTED_EDGE ( 'NONE', *, *, #494, .F. ) ;
#190 = CC_DESIGN_APPROVAL ( #176, ( #397 ) ) ;
#191 = EDGE_CURVE ( 'NONE', #1487, #77, #1238, .T. ) ;
#192 = VERTEX_POINT ( 'NONE', #277 ) ;
#193 = EDGE_CURVE ( 'NONE', #13, #1544, #1046, .T. ) ;
#194 = LINE ( 'NONE', #1280, #1297 ) ;
#195 = DIRECTION ( 'NONE',  ( 0.000000000000000000, -0.000000000000000000, -1.000000000000000000 ) ) ;
#196 = ORIENTED_EDGE ( 'NONE', *, *, #1211, .F. ) ;
#197 = DIRECTION ( 'NONE',  ( -1.000000000000000000, 0.000000000000000000, 0.000000000000000000 ) ) ;
#198 = CARTESIAN_POINT ( 'NONE',  ( -30.00000000000000000, 10.00000000000000000, -2.749999999999996447 ) ) ;
#199 = AXIS2_PLACEMENT_3D ( 'NONE', #345, #474, #713 ) ;
#200 = ORIENTED_EDGE ( 'NONE', *, *, #242, .F. ) ;
#201 = EDGE_CURVE ( 'NONE', #41, #1023, #1519, .T. ) ;
#202 = AXIS2_PLACEMENT_3D ( 'NONE', #1021, #1273, #900 ) ;
#203 = LINE ( 'NONE', #1175, #353 ) ;
#204 = DIRECTION ( 'NONE',  ( 0.000000000000000000, -0.7071067811865524577, -0.7071067811865426878 ) ) ;
#205 = AXIS2_PLACEMENT_3D ( 'NONE', #250, #276, #1101 ) ;
#206 = ORIENTED_EDGE ( 'NONE', *, *, #830, .T. ) ;
#207 = DIRECTION ( 'NONE',  ( 0.000000000000000000, 0.000000000000000000, 1.000000000000000000 ) ) ;
#208 = VERTEX_POINT ( 'NONE', #613 ) ;
#209 = EDGE_LOOP ( 'NONE', ( #1572, #68, #475, #562, #1402, #445, #1150, #332 ) ) ;
#210 = DIRECTION ( 'NONE',  ( -1.000000000000000000, -0.000000000000000000, -0.000000000000000000 ) ) ;
#211 = PLANE ( 'NONE',  #1422 ) ;
#212 = EDGE_CURVE ( 'NONE', #931, #1081, #566, .T. ) ;
#213 = VECTOR ( 'NONE', #1395, 1000.000000000000000 ) ;
#214 = CARTESIAN_POINT ( 'NONE',  ( -69.99999999999994316, 220.0000000000000000, 11.33000000000000362 ) ) ;
#215 = DIRECTION ( 'NONE',  ( -1.000000000000000000, 0.000000000000000000, 0.000000000000000000 ) ) ;
#216 = EDGE_LOOP ( 'NONE', ( #362, #1071, #963, #436 ) ) ;
#217 = DATE_TIME_ROLE ( 'classification_date' ) ;
#218 = CARTESIAN_POINT ( 'NONE',  ( -40.00000000000002132, 170.0000000000000000, 17.00000000000000000 ) ) ;
#219 = DIRECTION ( 'NONE',  ( 0.000000000000000000, 0.000000000000000000, 1.000000000000000000 ) ) ;
#220 = EDGE_LOOP ( 'NONE', ( #1029, #844 ) ) ;
#221 = EDGE_CURVE ( 'NONE', #1023, #41, #364, .T. ) ;
#222 = ADVANCED_FACE ( 'NONE', ( #393 ), #523, .F. ) ;
#223 = CARTESIAN_POINT ( 'NONE',  ( -90.00000000000000000, 225.0000000000000000, -14.99999999999997158 ) ) ;
#224 = CARTESIAN_POINT ( 'NONE',  ( -40.00000000000002132, 170.0000000000000000, -14.99999999999994316 ) ) ;
#225 = ORIENTED_EDGE ( 'NONE', *, *, #1428, .F. ) ;
#226 = COORDINATED_UNIVERSAL_TIME_OFFSET ( 5, 30, .AHEAD. ) ;
#227 = DIRECTION ( 'NONE',  ( 0.000000000000000000, 0.000000000000000000, 1.000000000000000000 ) ) ;
#228 = DIRECTION ( 'NONE',  ( 1.000000000000000000, -0.000000000000000000, -0.000000000000000000 ) ) ;
#229 = AXIS2_PLACEMENT_3D ( 'NONE', #600, #973, #852 ) ;
#230 = MANIFOLD_SOLID_BREP ( '\X2\00d8\X0\3.0mm Dowel Hole1', #8 ) ;
#231 = VERTEX_POINT ( 'NONE', #987 ) ;
#232 = DIRECTION ( 'NONE',  ( 0.000000000000000000, 0.000000000000000000, -1.000000000000000000 ) ) ;
#233 = FACE_OUTER_BOUND ( 'NONE', #1105, .T. ) ;
#234 = ORIENTED_EDGE ( 'NONE', *, *, #272, .T. ) ;
#235 = CARTESIAN_POINT ( 'NONE',  ( 0.000000000000000000, 0.000000000000000000, -17.00000000000000000 ) ) ;
#236 = DIRECTION ( 'NONE',  ( -1.000000000000000000, 0.000000000000000000, 0.000000000000000000 ) ) ;
#237 = DIRECTION ( 'NONE',  ( -2.721437331438565627E-17, -1.000000000000000000, 0.000000000000000000 ) ) ;
#238 = CARTESIAN_POINT ( 'NONE',  ( -89.99999999999998579, 172.0000000000000000, 17.00000000000000000 ) ) ;
#239 = AXIS2_PLACEMENT_3D ( 'NONE', #643, #980, #370 ) ;
#240 = ORIENTED_EDGE ( 'NONE', *, *, #669, .F. ) ;
#241 = ORIENTED_EDGE ( 'NONE', *, *, #336, .T. ) ;
#242 = EDGE_CURVE ( 'NONE', #916, #954, #1468, .T. ) ;
#243 = LINE ( 'NONE', #611, #763 ) ;
#244 = PLANE ( 'NONE',  #1296 ) ;
#245 = LINE ( 'NONE', #371, #477 ) ;
#246 = CARTESIAN_POINT ( 'NONE',  ( -30.00000000000002132, 170.0000000000000000, -14.99999999999994316 ) ) ;
#247 = ORIENTED_EDGE ( 'NONE', *, *, #1580, .T. ) ;
#248 = ORIENTED_EDGE ( 'NONE', *, *, #156, .T. ) ;
#249 = FACE_OUTER_BOUND ( 'NONE', #1357, .T. ) ;
#250 = CARTESIAN_POINT ( 'NONE',  ( -89.99999999999994316, 220.0000000000000000, 11.33000000000000362 ) ) ;
#251 = EDGE_CURVE ( 'NONE', #1218, #1278, #923, .T. ) ;
#252 = CARTESIAN_POINT ( 'NONE',  ( -30.00000000000002132, 170.0000000000000000, -14.99999999999994316 ) ) ;
#253 = CIRCLE ( 'NONE', #553, 17.50000000000000711 ) ;
#254 = DIRECTION ( 'NONE',  ( 0.000000000000000000, 0.000000000000000000, 1.000000000000000000 ) ) ;
#255 = CONICAL_SURFACE ( 'NONE', #452, 1.500000000000001332, 1.029744258676655200 ) ;
#256 = ORIENTED_EDGE ( 'NONE', *, *, #1570, .F. ) ;
#257 = PERSON ( 'UNSPECIFIED', 'UNSPECIFIED', 'UNSPECIFIED', ('UNSPECIFIED'), ('UNSPECIFIED'), ('UNSPECIFIED') ) ;
#258 = VECTOR ( 'NONE', #532, 1000.000000000000000 ) ;
#259 = ORIENTED_EDGE ( 'NONE', *, *, #388, .T. ) ;
#260 = CONICAL_SURFACE ( 'NONE', #1399, 1.500000000000001332, 1.029744258676655200 ) ;
#261 = DIRECTION ( 'NONE',  ( -1.000000000000000000, 0.000000000000000000, 0.000000000000000000 ) ) ;
#262 = DIRECTION ( 'NONE',  ( -0.7071067811865425767, -8.659560562354874926E-17, -0.7071067811865525687 ) ) ;
#263 = DIRECTION ( 'NONE',  ( -0.5150380749100536004, 1.049727191138618942E-16, -0.8571673007021125557 ) ) ;
#264 = EDGE_LOOP ( 'NONE', ( #448, #1316 ) ) ;
#265 = EDGE_CURVE ( 'NONE', #1529, #1413, #133, .T. ) ;
#266 = ORIENTED_EDGE ( 'NONE', *, *, #861, .F. ) ;
#267 = DIRECTION ( 'NONE',  ( 0.000000000000000000, 0.000000000000000000, 1.000000000000000000 ) ) ;
#268 = DIRECTION ( 'NONE',  ( 0.7071067811865425767, 0.000000000000000000, 0.7071067811865525687 ) ) ;
#269 = CARTESIAN_POINT ( 'NONE',  ( -89.99999999999994316, 220.0000000000000000, 12.83000000000000540 ) ) ;
#270 = CARTESIAN_POINT ( 'NONE',  ( -69.99999999999994316, 220.0000000000000000, -11.33000000000000362 ) ) ;
#271 = ORIENTED_EDGE ( 'NONE', *, *, #786, .F. ) ;
#272 = EDGE_CURVE ( 'NONE', #1051, #1529, #869, .T. ) ;
#273 = ADVANCED_FACE ( 'NONE', ( #1118 ), #1125, .F. ) ;
#274 = ORIENTED_EDGE ( 'NONE', *, *, #669, .T. ) ;
#275 = PERSON_AND_ORGANIZATION ( #257, #1078 ) ;
#276 = DIRECTION ( 'NONE',  ( -1.000000000000000000, -0.000000000000000000, -0.000000000000000000 ) ) ;
#277 = CARTESIAN_POINT ( 'NONE',  ( -69.99999999999994316, 220.0000000000000000, -9.830000000000001847 ) ) ;
#278 = LINE ( 'NONE', #269, #381 ) ;
#279 = CARTESIAN_POINT ( 'NONE',  ( -89.99999999999994316, 220.0000000000000000, 9.830000000000001847 ) ) ;
#280 = ORIENTED_EDGE ( 'NONE', *, *, #1158, .F. ) ;
#281 = CIRCLE ( 'NONE', #199, 11.37500000000000355 ) ;
#282 = EDGE_LOOP ( 'NONE', ( #320, #1444 ) ) ;
#283 = AXIS2_PLACEMENT_3D ( 'NONE', #101, #459, #197 ) ;
#284 = CYLINDRICAL_SURFACE ( 'NONE', #1536, 11.37500000000000355 ) ;
#285 = DIRECTION ( 'NONE',  ( -1.000000000000000000, 0.000000000000000000, 0.000000000000000000 ) ) ;
#286 = CARTESIAN_POINT ( 'NONE',  ( -89.99999999999994316, 220.0000000000000000, -11.33000000000000362 ) ) ;
#287 = LINE ( 'NONE', #1535, #508 ) ;
#288 = ORIENTED_EDGE ( 'NONE', *, *, #1333, .F. ) ;
#289 = DIRECTION ( 'NONE',  ( 2.523234146875355998E-16, -1.000000000000000000, 0.000000000000000000 ) ) ;
#290 = DIRECTION ( 'NONE',  ( 1.000000000000000000, 0.000000000000000000, 0.000000000000000000 ) ) ;
#291 = VECTOR ( 'NONE', #1500, 1000.000000000000114 ) ;
#292 = ADVANCED_FACE ( 'NONE', ( #1475 ), #375, .F. ) ;
#293 = DIRECTION ( 'NONE',  ( 0.000000000000000000, 0.000000000000000000, -1.000000000000000000 ) ) ;
#294 = LINE ( 'NONE', #652, #1013 ) ;
#295 = ORIENTED_EDGE ( 'NONE', *, *, #1525, .T. ) ;
#296 = CARTESIAN_POINT ( 'NONE',  ( -3.579999999999999183, 10.00000000000000000, 6.119999999999995666 ) ) ;
#297 = DIRECTION ( 'NONE',  ( -1.000000000000000000, -0.000000000000000000, -0.000000000000000000 ) ) ;
#298 = DIRECTION ( 'NONE',  ( 0.000000000000000000, 0.000000000000000000, -1.000000000000000000 ) ) ;
#299 = EDGE_CURVE ( 'NONE', #586, #501, #862, .T. ) ;
#300 = VERTEX_POINT ( 'NONE', #741 ) ;
#301 = CIRCLE ( 'NONE', #831, 25.00000000000000000 ) ;
#302 = VECTOR ( 'NONE', #1267, 1000.000000000000000 ) ;
#303 = VECTOR ( 'NONE', #1310, 1000.000000000000000 ) ;
#304 = ORIENTED_EDGE ( 'NONE', *, *, #193, .F. ) ;
#305 = DIRECTION ( 'NONE',  ( 1.000000000000000000, 0.000000000000000000, 0.000000000000000000 ) ) ;
#306 = AXIS2_PLACEMENT_3D ( 'NONE', #369, #97, #1069 ) ;
#307 = CARTESIAN_POINT ( 'NONE',  ( -69.99999999999994316, 175.0000000000000284, -11.33000000000000185 ) ) ;
#308 = DIRECTION ( 'NONE',  ( 1.000000000000000000, -0.000000000000000000, -0.000000000000000000 ) ) ;
#309 = EDGE_LOOP ( 'NONE', ( #311, #654 ) ) ;
#310 = ADVANCED_FACE ( 'NONE', ( #878 ), #749, .F. ) ;
#311 = ORIENTED_EDGE ( 'NONE', *, *, #212, .F. ) ;
#312 = PLANE ( 'NONE',  #1062 ) ;
#313 = LINE ( 'NONE', #106, #325 ) ;
#314 = CIRCLE ( 'NONE', #492, 6.119999999999995666 ) ;
#315 = ORIENTED_EDGE ( 'NONE', *, *, #1116, .F. ) ;
#316 = EDGE_CURVE ( 'NONE', #1413, #30, #894, .T. ) ;
#317 = CARTESIAN_POINT ( 'NONE',  ( -24.99999999999999289, 200.0000000000000000, -14.99999999999997158 ) ) ;
#318 = EDGE_CURVE ( 'NONE', #1156, #1590, #1483, .T. ) ;
#319 = ORIENTED_EDGE ( 'NONE', *, *, #851, .T. ) ;
#320 = ORIENTED_EDGE ( 'NONE', *, *, #221, .F. ) ;
#321 = CARTESIAN_POINT ( 'NONE',  ( -25.00000000000002132, 225.0000000000000000, 15.00000000000002665 ) ) ;
#322 = VERTEX_POINT ( 'NONE', #1250 ) ;
#323 = DIRECTION ( 'NONE',  ( 1.000000000000000000, 0.000000000000000000, -1.349229370204183433E-16 ) ) ;
#324 = VERTEX_POINT ( 'NONE', #1434 ) ;
#325 = VECTOR ( 'NONE', #433, 1000.000000000000000 ) ;
#326 = ORIENTED_EDGE ( 'NONE', *, *, #1041, .F. ) ;
#327 = VECTOR ( 'NONE', #166, 1000.000000000000114 ) ;
#328 = LINE ( 'NONE', #321, #126 ) ;
#329 = ADVANCED_FACE ( 'NONE', ( #107 ), #343, .F. ) ;
#330 = AXIS2_PLACEMENT_3D ( 'NONE', #758, #979, #267 ) ;
#331 = FACE_BOUND ( 'NONE', #264, .T. ) ;
#332 = ORIENTED_EDGE ( 'NONE', *, *, #1232, .T. ) ;
#333 = ORIENTED_EDGE ( 'NONE', *, *, #503, .F. ) ;
#334 = CARTESIAN_POINT ( 'NONE',  ( -71.37500000000000000, 197.5000000000000000, -17.00000000000000000 ) ) ;
#335 = FACE_BOUND ( 'NONE', #648, .T. ) ;
#336 = EDGE_CURVE ( 'NONE', #586, #914, #1177, .T. ) ;
#337 = AXIS2_PLACEMENT_3D ( 'NONE', #384, #759, #634 ) ;
#338 = DIRECTION ( 'NONE',  ( 0.000000000000000000, 0.000000000000000000, 1.000000000000000000 ) ) ;
#339 = LINE ( 'NONE', #1541, #165 ) ;
#340 = ORIENTED_EDGE ( 'NONE', *, *, #1355, .T. ) ;
#341 = PERSON_AND_ORGANIZATION ( #257, #1078 ) ;
#342 = DIRECTION ( 'NONE',  ( -1.000000000000000000, -0.000000000000000000, -0.000000000000000000 ) ) ;
#343 = CYLINDRICAL_SURFACE ( 'NONE', #431, 17.50000000000000711 ) ;
#344 = ORIENTED_EDGE ( 'NONE', *, *, #898, .T. ) ;
#345 = CARTESIAN_POINT ( 'NONE',  ( -59.99999999999999289, 197.5000000000000000, -5.664999999999996483 ) ) ;
#346 = ORIENTED_EDGE ( 'NONE', *, *, #39, .T. ) ;
#347 = ORIENTED_EDGE ( 'NONE', *, *, #1323, .T. ) ;
#348 = VECTOR ( 'NONE', #929, 1000.000000000000000 ) ;
#349 = DIRECTION ( 'NONE',  ( 1.000000000000000000, 0.000000000000000000, 0.000000000000000000 ) ) ;
#350 = DIRECTION ( 'NONE',  ( -1.000000000000000000, 0.000000000000000000, 0.000000000000000000 ) ) ;
#351 = DIRECTION ( 'NONE',  ( -0.7071067811865425767, 1.924346791634418020E-17, 0.7071067811865524577 ) ) ;
#352 = CIRCLE ( 'NONE', #98, 1.500000000000001332 ) ;
#353 = VECTOR ( 'NONE', #564, 1000.000000000000000 ) ;
#354 = VECTOR ( 'NONE', #1005, 1000.000000000000000 ) ;
#355 = CARTESIAN_POINT ( 'NONE',  ( -89.99999999999998579, 170.0000000000000000, -5.665000000000000036 ) ) ;
#356 = ADVANCED_FACE ( 'NONE', ( #335, #479 ), #719, .F. ) ;
#357 = ORIENTED_EDGE ( 'NONE', *, *, #592, .F. ) ;
#358 = VERTEX_POINT ( 'NONE', #1210 ) ;
#359 = DIRECTION ( 'NONE',  ( -1.000000000000000000, -0.000000000000000000, -0.000000000000000000 ) ) ;
#360 = CARTESIAN_POINT ( 'NONE',  ( -89.99999999999994316, 175.0000000000000284, -11.33000000000000185 ) ) ;
#361 = LINE ( 'NONE', #990, #1270 ) ;
#362 = ORIENTED_EDGE ( 'NONE', *, *, #551, .F. ) ;
#363 = FACE_OUTER_BOUND ( 'NONE', #1009, .T. ) ;
#364 = CIRCLE ( 'NONE', #1198, 6.119999999999995666 ) ;
#365 = ORIENTED_EDGE ( 'NONE', *, *, #999, .F. ) ;
#366 = ADVANCED_FACE ( 'NONE', ( #1203 ), #593, .F. ) ;
#367 = EDGE_LOOP ( 'NONE', ( #1054, #802, #1341 ) ) ;
#368 = CARTESIAN_POINT ( 'NONE',  ( -40.00000000000002132, 172.0000000000000853, -17.00000000000000000 ) ) ;
#369 = CARTESIAN_POINT ( 'NONE',  ( -89.99999999999994316, 220.0000000000000000, 11.33000000000000362 ) ) ;
#370 = DIRECTION ( 'NONE',  ( -1.000000000000000000, 0.000000000000000000, 0.000000000000000000 ) ) ;
#371 = CARTESIAN_POINT ( 'NONE',  ( -45.00000000000000000, -0.001000000000001000089, 5.664999999999993818 ) ) ;
#372 = ORIENTED_EDGE ( 'NONE', *, *, #1086, .T. ) ;
#373 = ORIENTED_EDGE ( 'NONE', *, *, #896, .F. ) ;
#374 = CARTESIAN_POINT ( 'NONE',  ( -24.99999999999999289, 200.0000000000000000, -17.00000000000000000 ) ) ;
#375 = PLANE ( 'NONE',  #483 ) ;
#376 = AXIS2_PLACEMENT_3D ( 'NONE', #214, #587, #207 ) ;
#377 = EDGE_CURVE ( 'NONE', #1066, #874, #958, .T. ) ;
#378 = CARTESIAN_POINT ( 'NONE',  ( -90.00000000000000000, 222.9999999999999432, -17.00000000000000000 ) ) ;
#379 = VECTOR ( 'NONE', #694, 1000.000000000000000 ) ;
#380 = ORIENTED_EDGE ( 'NONE', *, *, #1553, .T. ) ;
#381 = VECTOR ( 'NONE', #1492, 1000.000000000000000 ) ;
#382 = ORIENTED_EDGE ( 'NONE', *, *, #398, .T. ) ;
#383 = CARTESIAN_POINT ( 'NONE',  ( 9.561413512059544891E-16, 10.00000000000000000, 0.000000000000000000 ) ) ;
#384 = CARTESIAN_POINT ( 'NONE',  ( -89.99999999999994316, 220.0000000000000000, 11.33000000000000362 ) ) ;
#385 = CARTESIAN_POINT ( 'NONE',  ( -89.99999999999994316, 175.0000000000000284, -9.830000000000000071 ) ) ;
#386 = CYLINDRICAL_SURFACE ( 'NONE', #959, 6.119999999999995666 ) ;
#387 = ADVANCED_FACE ( 'NONE', ( #122 ), #244, .F. ) ;
#388 = EDGE_CURVE ( 'NONE', #712, #916, #610, .T. ) ;
#389 = EDGE_LOOP ( 'NONE', ( #753, #1381, #1207, #723 ) ) ;
#390 = ORIENTED_EDGE ( 'NONE', *, *, #727, .T. ) ;
#391 = CALENDAR_DATE ( 2026, 25, 7 ) ;
#392 = CARTESIAN_POINT ( 'NONE',  ( -7.703719777548943412E-31, 8.511488273540302365E-33, 15.00000000000002665 ) ) ;
#393 = FACE_OUTER_BOUND ( 'NONE', #19, .T. ) ;
#394 = CARTESIAN_POINT ( 'NONE',  ( -24.99999999999999289, 223.0000000000000284, 17.00000000000000000 ) ) ;
#395 = CARTESIAN_POINT ( 'NONE',  ( -89.99999999999994316, 220.0000000000000000, -9.830000000000001847 ) ) ;
#396 = ORIENTED_EDGE ( 'NONE', *, *, #1546, .F. ) ;
#397 = SECURITY_CLASSIFICATION ( '', '', #956 ) ;
#398 = EDGE_CURVE ( 'NONE', #102, #924, #1530, .T. ) ;
#399 = EDGE_LOOP ( 'NONE', ( #200, #206, #1325, #961, #1339 ) ) ;
#400 = DATE_AND_TIME ( #867, #526 ) ;
#401 = DIRECTION ( 'NONE',  ( 1.000000000000000000, -0.000000000000000000, -0.000000000000000000 ) ) ;
#402 = CARTESIAN_POINT ( 'NONE',  ( -89.99999999999998579, 170.0000000000000000, -17.00000000000000000 ) ) ;
#403 = LINE ( 'NONE', #890, #258 ) ;
#404 = CARTESIAN_POINT ( 'NONE',  ( -90.00000000000000000, 225.0000000000000000, -14.99999999999997158 ) ) ;
#405 = VECTOR ( 'NONE', #1459, 1000.000000000000114 ) ;
#406 = VECTOR ( 'NONE', #702, 1000.000000000000000 ) ;
#407 = ORIENTED_EDGE ( 'NONE', *, *, #1284, .T. ) ;
#408 = ADVANCED_FACE ( 'NONE', ( #456 ), #585, .F. ) ;
#409 = AXIS2_PLACEMENT_3D ( 'NONE', #504, #42, #995 ) ;
#410 = FACE_OUTER_BOUND ( 'NONE', #1301, .T. ) ;
#411 = FACE_BOUND ( 'NONE', #282, .T. ) ;
#412 = FACE_OUTER_BOUND ( 'NONE', #527, .T. ) ;
#413 = CARTESIAN_POINT ( 'NONE',  ( -45.00000000000000711, 206.5138781886600157, 5.664999999999994706 ) ) ;
#414 = VERTEX_POINT ( 'NONE', #943 ) ;
#415 = EDGE_CURVE ( 'NONE', #992, #1023, #1458, .T. ) ;
#416 = CARTESIAN_POINT ( 'NONE',  ( -42.49999999999998579, 197.5000000000000000, -43.83247468305836492 ) ) ;
#417 = VECTOR ( 'NONE', #215, 1000.000000000000000 ) ;
#418 = CARTESIAN_POINT ( 'NONE',  ( -30.00000000000002132, 160.0000000000000000, -14.99999999999994316 ) ) ;
#419 = CARTESIAN_POINT ( 'NONE',  ( -3.579999999999999183, 10.00000000000000000, 0.000000000000000000 ) ) ;
#420 = ORIENTED_EDGE ( 'NONE', *, *, #896, .T. ) ;
#421 = ORIENTED_EDGE ( 'NONE', *, *, #494, .T. ) ;
#422 = FACE_OUTER_BOUND ( 'NONE', #1290, .T. ) ;
#423 = DIRECTION ( 'NONE',  ( -1.000000000000000000, 0.000000000000000000, 0.000000000000000000 ) ) ;
#424 = DIRECTION ( 'NONE',  ( 2.523234146875355998E-16, -1.000000000000000000, 0.000000000000000000 ) ) ;
#425 = EDGE_CURVE ( 'NONE', #512, #322, #1467, .T. ) ;
#426 = ORIENTED_EDGE ( 'NONE', *, *, #1098, .F. ) ;
#427 = VECTOR ( 'NONE', #1512, 1000.000000000000000 ) ;
#428 = ORIENTED_EDGE ( 'NONE', *, *, #688, .T. ) ;
#429 = FACE_OUTER_BOUND ( 'NONE', #971, .T. ) ;
#430 = AXIS2_PLACEMENT_3D ( 'NONE', #374, #748, #1108 ) ;
#431 = AXIS2_PLACEMENT_3D ( 'NONE', #489, #1337, #974 ) ;
#432 = DIRECTION ( 'NONE',  ( 0.000000000000000000, -0.7071067811865524577, 0.7071067811865425767 ) ) ;
#433 = DIRECTION ( 'NONE',  ( 0.000000000000000000, 0.000000000000000000, 1.000000000000000000 ) ) ;
#434 = EDGE_CURVE ( 'NONE', #1081, #931, #55, .T. ) ;
#435 = ADVANCED_FACE ( 'NONE', ( #3 ), #1379, .T. ) ;
#436 = ORIENTED_EDGE ( 'NONE', *, *, #873, .F. ) ;
#437 = CYLINDRICAL_SURFACE ( 'NONE', #783, 1.500000000000001332 ) ;
#438 = CARTESIAN_POINT ( 'NONE',  ( 9.561413512059540947E-16, 10.00000000000000000, 6.119999999999995666 ) ) ;
#439 = EDGE_LOOP ( 'NONE', ( #794, #841, #691 ) ) ;
#440 = DIRECTION ( 'NONE',  ( -1.000000000000000000, -0.000000000000000000, -0.000000000000000000 ) ) ;
#441 = EDGE_LOOP ( 'NONE', ( #731, #500, #1128, #271 ) ) ;
#442 = DIRECTION ( 'NONE',  ( -0.000000000000000000, -0.000000000000000000, 1.000000000000000000 ) ) ;
#443 = DIRECTION ( 'NONE',  ( -0.7071067811865524577, 0.000000000000000000, 0.7071067811865426878 ) ) ;
#444 = ADVANCED_FACE ( 'NONE', ( #726 ), #260, .F. ) ;
#445 = ORIENTED_EDGE ( 'NONE', *, *, #851, .F. ) ;
#446 = DIRECTION ( 'NONE',  ( 0.000000000000000000, 0.000000000000000000, 1.000000000000000000 ) ) ;
#447 = FACE_OUTER_BOUND ( 'NONE', #1334, .T. ) ;
#448 = ORIENTED_EDGE ( 'NONE', *, *, #942, .F. ) ;
#449 = DIRECTION ( 'NONE',  ( 0.000000000000000000, 0.000000000000000000, 1.000000000000000000 ) ) ;
#450 = ORIENTED_EDGE ( 'NONE', *, *, #1440, .T. ) ;
#451 = ADVANCED_FACE ( 'NONE', ( #1193 ), #471, .T. ) ;
#452 = AXIS2_PLACEMENT_3D ( 'NONE', #1040, #440, #1551 ) ;
#453 = ORIENTED_EDGE ( 'NONE', *, *, #57, .T. ) ;
#454 = CARTESIAN_POINT ( 'NONE',  ( -69.99999999999994316, 220.0000000000000000, -12.83000000000000540 ) ) ;
#455 = CARTESIAN_POINT ( 'NONE',  ( -45.00000000000000000, -0.001000000000001000089, 5.664999999999993818 ) ) ;
#456 = FACE_OUTER_BOUND ( 'NONE', #895, .T. ) ;
#457 = CIRCLE ( 'NONE', #1017, 11.37500000000000355 ) ;
#458 = ORIENTED_EDGE ( 'NONE', *, *, #1107, .T. ) ;
#459 = DIRECTION ( 'NONE',  ( -0.000000000000000000, -0.000000000000000000, -1.000000000000000000 ) ) ;
#460 = CARTESIAN_POINT ( 'NONE',  ( -24.99999999999999289, 225.0000000000000000, -14.99999999999997158 ) ) ;
#461 = ORIENTED_EDGE ( 'NONE', *, *, #668, .T. ) ;
#462 = APPROVAL_DATE_TIME ( #599, #705 ) ;
#463 = DIRECTION ( 'NONE',  ( 0.000000000000000000, 0.000000000000000000, 1.000000000000000000 ) ) ;
#464 = DIRECTION ( 'NONE',  ( 0.000000000000000000, 0.000000000000000000, 1.000000000000000000 ) ) ;
#465 = DIRECTION ( 'NONE',  ( -1.000000000000000000, 0.000000000000000000, 0.000000000000000000 ) ) ;
#466 = ORIENTED_EDGE ( 'NONE', *, *, #1000, .F. ) ;
#467 = ORIENTED_EDGE ( 'NONE', *, *, #1464, .T. ) ;
#468 = DESIGN_CONTEXT ( 'detailed design', #823, 'design' ) ;
#469 = PERSON_AND_ORGANIZATION_ROLE ( 'design_owner' ) ;
#470 = FACE_OUTER_BOUND ( 'NONE', #140, .T. ) ;
#471 = PLANE ( 'NONE',  #893 ) ;
#472 = EDGE_CURVE ( 'NONE', #1523, #1590, #1143, .T. ) ;
#473 = EDGE_LOOP ( 'NONE', ( #1185, #908, #1403 ) ) ;
#474 = DIRECTION ( 'NONE',  ( -1.349229370204183433E-16, -0.000000000000000000, 1.000000000000000000 ) ) ;
#475 = ORIENTED_EDGE ( 'NONE', *, *, #169, .T. ) ;
#476 = ORIENTED_EDGE ( 'NONE', *, *, #603, .F. ) ;
#477 = VECTOR ( 'NONE', #124, 1000.000000000000000 ) ;
#478 = LINE ( 'NONE', #235, #480 ) ;
#479 = FACE_OUTER_BOUND ( 'NONE', #441, .T. ) ;
#480 = VECTOR ( 'NONE', #964, 1000.000000000000000 ) ;
#481 = DIRECTION ( 'NONE',  ( -0.5150380749100536004, 0.000000000000000000, 0.8571673007021125557 ) ) ;
#482 = AXIS2_PLACEMENT_3D ( 'NONE', #317, #338, #465 ) ;
#483 = AXIS2_PLACEMENT_3D ( 'NONE', #252, #996, #735 ) ;
#484 = EDGE_CURVE ( 'NONE', #1544, #13, #684, .T. ) ;
#485 = FACE_OUTER_BOUND ( 'NONE', #675, .T. ) ;
#486 = ORIENTED_EDGE ( 'NONE', *, *, #653, .T. ) ;
#487 = ORIENTED_EDGE ( 'NONE', *, *, #663, .F. ) ;
#488 = CARTESIAN_POINT ( 'NONE',  ( 0.000000000000000000, 222.9999999999999432, -17.00000000000000000 ) ) ;
#489 = CARTESIAN_POINT ( 'NONE',  ( -59.99999999999999289, 197.5000000000000000, -43.83247468305836492 ) ) ;
#490 = CARTESIAN_POINT ( 'NONE',  ( -89.99999999999994316, 220.0000000000000000, 11.33000000000000362 ) ) ;
#491 = FACE_OUTER_BOUND ( 'NONE', #1583, .T. ) ;
#492 = AXIS2_PLACEMENT_3D ( 'NONE', #549, #1030, #768 ) ;
#493 = EDGE_LOOP ( 'NONE', ( #495, #1122, #1225, #326 ) ) ;
#494 = EDGE_CURVE ( 'NONE', #1090, #1282, #457, .T. ) ;
#495 = ORIENTED_EDGE ( 'NONE', *, *, #1579, .F. ) ;
#496 = ADVANCED_FACE ( 'NONE', ( #132 ), #23, .F. ) ;
#497 = DIRECTION ( 'NONE',  ( 0.000000000000000000, 0.000000000000000000, 1.000000000000000000 ) ) ;
#498 = CARTESIAN_POINT ( 'NONE',  ( -77.50000000000000000, 197.5000000000000000, -43.83247468305836492 ) ) ;
#499 = CARTESIAN_POINT ( 'NONE',  ( -45.00000000000000000, 225.0000000000000000, 5.664999999999993818 ) ) ;
#500 = ORIENTED_EDGE ( 'NONE', *, *, #883, .T. ) ;
#501 = VERTEX_POINT ( 'NONE', #1366 ) ;
#502 = EDGE_CURVE ( 'NONE', #1043, #714, #511, .T. ) ;
#503 = EDGE_CURVE ( 'NONE', #127, #1282, #986, .T. ) ;
#504 = CARTESIAN_POINT ( 'NONE',  ( -69.99999999999994316, 220.0000000000000000, 11.33000000000000362 ) ) ;
#505 = DIRECTION ( 'NONE',  ( 0.000000000000000000, 0.000000000000000000, 1.000000000000000000 ) ) ;
#506 = LINE ( 'NONE', #385, #1374 ) ;
#507 = FACE_OUTER_BOUND ( 'NONE', #909, .T. ) ;
#508 = VECTOR ( 'NONE', #770, 1000.000000000000000 ) ;
#509 = ORIENTED_EDGE ( 'NONE', *, *, #1416, .F. ) ;
#510 = VECTOR ( 'NONE', #1286, 1000.000000000000114 ) ;
#511 = CIRCLE ( 'NONE', #710, 1.500000000000001332 ) ;
#512 = VERTEX_POINT ( 'NONE', #137 ) ;
#513 = CARTESIAN_POINT ( 'NONE',  ( -71.37500000000000000, 197.5000000000000000, 17.00100000000000122 ) ) ;
#514 = LINE ( 'NONE', #1228, #1104 ) ;
#515 = DIRECTION ( 'NONE',  ( 0.000000000000000000, 0.000000000000000000, 1.000000000000000000 ) ) ;
#516 = LINE ( 'NONE', #1338, #1136 ) ;
#517 = ADVANCED_FACE ( 'NONE', ( #410 ), #33, .F. ) ;
#518 = ORIENTED_EDGE ( 'NONE', *, *, #978, .F. ) ;
#519 = ORIENTED_EDGE ( 'NONE', *, *, #1115, .F. ) ;
#520 = DATE_AND_TIME ( #391, #1236 ) ;
#521 = AXIS2_PLACEMENT_3D ( 'NONE', #1102, #138, #285 ) ;
#522 = LINE ( 'NONE', #24, #354 ) ;
#523 = CYLINDRICAL_SURFACE ( 'NONE', #521, 11.37500000000000355 ) ;
#524 = DIRECTION ( 'NONE',  ( -1.000000000000000000, -0.000000000000000000, -0.000000000000000000 ) ) ;
#525 = CARTESIAN_POINT ( 'NONE',  ( 9.561413512059544891E-16, 10.00000000000000000, 0.000000000000000000 ) ) ;
#526 = LOCAL_TIME ( 3, 42, 40.00000000000000000, #226 ) ;
#527 = EDGE_LOOP ( 'NONE', ( #1563, #822, #1 ) ) ;
#528 = ADVANCED_FACE ( 'NONE', ( #897 ), #1352, .F. ) ;
#529 = ORIENTED_EDGE ( 'NONE', *, *, #873, .T. ) ;
#530 = DIRECTION ( 'NONE',  ( 0.7071067811865474617, 0.000000000000000000, -0.7071067811865474617 ) ) ;
#531 = LINE ( 'NONE', #790, #85 ) ;
#532 = DIRECTION ( 'NONE',  ( 1.224510688924804848E-16, -1.000000000000000000, 0.000000000000000000 ) ) ;
#533 = CARTESIAN_POINT ( 'NONE',  ( -69.09870907145860031, 220.0000000000000000, -11.33000000000000362 ) ) ;
#534 = AXIS2_PLACEMENT_3D ( 'NONE', #1063, #442, #1070 ) ;
#535 = VECTOR ( 'NONE', #204, 1000.000000000000000 ) ;
#536 = ADVANCED_FACE ( 'NONE', ( #1489 ), #1227, .F. ) ;
#537 = VECTOR ( 'NONE', #173, 1000.000000000000114 ) ;
#538 = ORIENTED_EDGE ( 'NONE', *, *, #1041, .T. ) ;
#539 = VECTOR ( 'NONE', #530, 1000.000000000000114 ) ;
#540 = CARTESIAN_POINT ( 'NONE',  ( -27.99999999999991473, -3.429011037612578232E-15, -17.00000000000000000 ) ) ;
#541 = DIRECTION ( 'NONE',  ( -1.000000000000000000, -0.000000000000000000, -0.000000000000000000 ) ) ;
#542 = DIRECTION ( 'NONE',  ( 0.000000000000000000, 0.000000000000000000, -1.000000000000000000 ) ) ;
#543 = ORIENTED_EDGE ( 'NONE', *, *, #168, .F. ) ;
#544 = ADVANCED_FACE ( 'NONE', ( #860 ), #1375, .T. ) ;
#545 = CARTESIAN_POINT ( 'NONE',  ( -59.99999999999999289, 197.5000000000000000, 17.00000000000000000 ) ) ;
#546 = CARTESIAN_POINT ( 'NONE',  ( 9.561413512059540947E-16, 10.00000000000000000, -6.119999999999995666 ) ) ;
#547 = ORIENTED_EDGE ( 'NONE', *, *, #784, .F. ) ;
#548 = ORIENTED_EDGE ( 'NONE', *, *, #1567, .T. ) ;
#549 = CARTESIAN_POINT ( 'NONE',  ( -3.579999999999999183, 10.00000000000000000, 0.000000000000000000 ) ) ;
#550 = EDGE_CURVE ( 'NONE', #1351, #208, #15, .T. ) ;
#551 = EDGE_CURVE ( 'NONE', #1529, #192, #1324, .T. ) ;
#552 = PLANE ( 'NONE',  #1506 ) ;
#553 = AXIS2_PLACEMENT_3D ( 'NONE', #847, #1476, #629 ) ;
#554 = ORIENTED_EDGE ( 'NONE', *, *, #1086, .F. ) ;
#555 = VECTOR ( 'NONE', #781, 1000.000000000000000 ) ;
#556 = CARTESIAN_POINT ( 'NONE',  ( -69.99999999999994316, 220.0000000000000000, 12.83000000000000540 ) ) ;
#557 = ORIENTED_EDGE ( 'NONE', *, *, #1233, .F. ) ;
#558 = VECTOR ( 'NONE', #228, 1000.000000000000000 ) ;
#559 = FACE_OUTER_BOUND ( 'NONE', #47, .T. ) ;
#560 = ORIENTED_EDGE ( 'NONE', *, *, #1356, .F. ) ;
#561 = DIRECTION ( 'NONE',  ( -1.000000000000000000, -0.000000000000000000, -0.000000000000000000 ) ) ;
#562 = ORIENTED_EDGE ( 'NONE', *, *, #883, .F. ) ;
#563 = ORIENTED_EDGE ( 'NONE', *, *, #1346, .T. ) ;
#564 = DIRECTION ( 'NONE',  ( -2.721437331438565627E-17, -1.000000000000000000, 0.000000000000000000 ) ) ;
#565 = DIRECTION ( 'NONE',  ( 1.000000000000000000, 0.000000000000000000, 0.000000000000000000 ) ) ;
#566 = CIRCLE ( 'NONE', #337, 1.500000000000001332 ) ;
#567 = EDGE_LOOP ( 'NONE', ( #1322, #543, #683, #1129 ) ) ;
#568 = ADVANCED_FACE ( 'NONE', ( #1249 ), #284, .F. ) ;
#569 = LOCAL_TIME ( 3, 42, 40.00000000000000000, #1243 ) ;
#570 = CARTESIAN_POINT ( 'NONE',  ( -40.00000000000002132, 170.0000000000000000, 14.99999999999997158 ) ) ;
#571 = LINE ( 'NONE', #1443, #1173 ) ;
#572 = ORIENTED_EDGE ( 'NONE', *, *, #265, .F. ) ;
#573 = CARTESIAN_POINT ( 'NONE',  ( 0.000000000000000000, 172.0000000000000000, 17.00000000000000000 ) ) ;
#574 = DIRECTION ( 'NONE',  ( -1.000000000000000000, -0.000000000000000000, -0.000000000000000000 ) ) ;
#575 = DIRECTION ( 'NONE',  ( 2.721437331438565627E-17, 1.000000000000000000, 0.000000000000000000 ) ) ;
#576 = EDGE_CURVE ( 'NONE', #1282, #1090, #839, .T. ) ;
#577 = CARTESIAN_POINT ( 'NONE',  ( -89.99999999999994316, 175.0000000000000284, -11.33000000000000185 ) ) ;
#578 = DIRECTION ( 'NONE',  ( 0.000000000000000000, 0.7071067811865475727, 0.7071067811865475727 ) ) ;
#579 = VECTOR ( 'NONE', #891, 1000.000000000000000 ) ;
#580 = CONICAL_SURFACE ( 'NONE', #660, 1.500000000000001332, 1.029744258676655200 ) ;
#581 = ORIENTED_EDGE ( 'NONE', *, *, #415, .F. ) ;
#582 = AXIS2_PLACEMENT_3D ( 'NONE', #1457, #359, #1201 ) ;
#583 = PERSON_AND_ORGANIZATION ( #257, #1078 ) ;
#584 = DIRECTION ( 'NONE',  ( -1.000000000000000000, -0.000000000000000000, -0.000000000000000000 ) ) ;
#585 = CYLINDRICAL_SURFACE ( 'NONE', #991, 1.500000000000001332 ) ;
#586 = VERTEX_POINT ( 'NONE', #1130 ) ;
#587 = DIRECTION ( 'NONE',  ( -1.000000000000000000, -0.000000000000000000, -0.000000000000000000 ) ) ;
#588 = ORIENTED_EDGE ( 'NONE', *, *, #1284, .F. ) ;
#589 = ORIENTED_EDGE ( 'NONE', *, *, #1553, .F. ) ;
#590 = PRODUCT_DEFINITION ( 'UNKNOWN', '', #777, #468 ) ;
#591 = DIRECTION ( 'NONE',  ( 0.000000000000000000, 0.000000000000000000, 1.000000000000000000 ) ) ;
#592 = EDGE_CURVE ( 'NONE', #874, #706, #157, .T. ) ;
#593 = CYLINDRICAL_SURFACE ( 'NONE', #889, 1.500000000000001332 ) ;
#594 = AXIS2_PLACEMENT_3D ( 'NONE', #545, #904, #290 ) ;
#595 = ORIENTED_EDGE ( 'NONE', *, *, #951, .F. ) ;
#596 = PLANE ( 'NONE',  #1448 ) ;
#597 = FACE_OUTER_BOUND ( 'NONE', #1470, .T. ) ;
#598 = ORIENTED_EDGE ( 'NONE', *, *, #1580, .F. ) ;
#599 = DATE_AND_TIME ( #1191, #569 ) ;
#600 = CARTESIAN_POINT ( 'NONE',  ( -90.00000000000000000, 225.0000000000000000, -17.00000000000000000 ) ) ;
#601 = CARTESIAN_POINT ( 'NONE',  ( -69.99999999999994316, 175.0000000000000284, -9.830000000000000071 ) ) ;
#602 = EDGE_CURVE ( 'NONE', #706, #1145, #522, .T. ) ;
#603 = EDGE_CURVE ( 'NONE', #102, #1351, #1257, .T. ) ;
#604 = DIRECTION ( 'NONE',  ( -1.000000000000000000, 0.000000000000000000, 0.000000000000000000 ) ) ;
#605 = FACE_OUTER_BOUND ( 'NONE', #1309, .T. ) ;
#606 = ORIENTED_EDGE ( 'NONE', *, *, #242, .T. ) ;
#607 = ORIENTED_EDGE ( 'NONE', *, *, #1168, .T. ) ;
#608 = AXIS2_PLACEMENT_3D ( 'NONE', #1329, #11, #1103 ) ;
#609 = CIRCLE ( 'NONE', #913, 17.50000000000000711 ) ;
#610 = CIRCLE ( 'NONE', #1507, 17.50000000000000711 ) ;
#611 = CARTESIAN_POINT ( 'NONE',  ( -1.999999999999968470, 200.0000000000000000, 17.00000000000000000 ) ) ;
#612 = DIRECTION ( 'NONE',  ( -1.224510688924804848E-16, 1.000000000000000000, 0.000000000000000000 ) ) ;
#613 = CARTESIAN_POINT ( 'NONE',  ( 0.000000000000000000, 0.000000000000000000, 15.00000000000002665 ) ) ;
#614 = VECTOR ( 'NONE', #997, 1000.000000000000114 ) ;
#615 = DIRECTION ( 'NONE',  ( 0.7071067811865524577, 8.659560562354994488E-17, 0.7071067811865426878 ) ) ;
#616 = VECTOR ( 'NONE', #887, 1000.000000000000000 ) ;
#617 = ADVANCED_FACE ( 'NONE', ( #1011, #331, #1564 ), #1137, .T. ) ;
#618 = APPLICATION_CONTEXT ( 'configuration controlled 3d designs of mechanical parts and assemblies' ) ;
#619 = VERTEX_POINT ( 'NONE', #704 ) ;
#620 = ORIENTED_EDGE ( 'NONE', *, *, #1178, .T. ) ;
#621 = DIRECTION ( 'NONE',  ( 0.000000000000000000, -1.000000000000000000, 0.000000000000000000 ) ) ;
#622 = DIRECTION ( 'NONE',  ( 0.000000000000000000, -1.000000000000000000, 0.000000000000000000 ) ) ;
#623 = DIRECTION ( 'NONE',  ( 0.000000000000000000, 0.000000000000000000, 1.000000000000000000 ) ) ;
#624 = AXIS2_PLACEMENT_3D ( 'NONE', #25, #1490, #622 ) ;
#625 = EDGE_CURVE ( 'NONE', #631, #1043, #69, .T. ) ;
#626 = EDGE_LOOP ( 'NONE', ( #304, #1165 ) ) ;
#627 = DIRECTION ( 'NONE',  ( 0.000000000000000000, 0.000000000000000000, -1.000000000000000000 ) ) ;
#628 = CARTESIAN_POINT ( 'NONE',  ( 9.561413512059544891E-16, 10.00000000000000000, 0.000000000000000000 ) ) ;
#629 = DIRECTION ( 'NONE',  ( 1.000000000000000000, 0.000000000000000000, -1.486905836551548339E-16 ) ) ;
#630 = VERTEX_POINT ( 'NONE', #1264 ) ;
#631 = VERTEX_POINT ( 'NONE', #1188 ) ;
#632 = APPROVAL_STATUS ( 'not_yet_approved' ) ;
#633 = DIRECTION ( 'NONE',  ( -0.000000000000000000, -0.000000000000000000, -1.000000000000000000 ) ) ;
#634 = DIRECTION ( 'NONE',  ( 0.000000000000000000, 0.000000000000000000, 1.000000000000000000 ) ) ;
#635 = DIRECTION ( 'NONE',  ( -0.000000000000000000, -0.000000000000000000, -1.000000000000000000 ) ) ;
#636 = LINE ( 'NONE', #1033, #579 ) ;
#637 = AXIS2_PLACEMENT_3D ( 'NONE', #525, #37, #542 ) ;
#638 = ORIENTED_EDGE ( 'NONE', *, *, #1496, .F. ) ;
#639 = VECTOR ( 'NONE', #868, 1000.000000000000000 ) ;
#640 = VERTEX_POINT ( 'NONE', #1163 ) ;
#641 = PERSON_AND_ORGANIZATION_ROLE ( 'design_supplier' ) ;
#642 = DIRECTION ( 'NONE',  ( -1.000000000000000000, 0.000000000000000000, 0.000000000000000000 ) ) ;
#643 = CARTESIAN_POINT ( 'NONE',  ( -24.99999999999999289, 200.0000000000000000, -17.00000000000000000 ) ) ;
#644 = EDGE_CURVE ( 'NONE', #65, #1432, #130, .T. ) ;
#645 = DIRECTION ( 'NONE',  ( -1.000000000000000000, -0.000000000000000000, -0.000000000000000000 ) ) ;
#646 = DIRECTION ( 'NONE',  ( -1.000000000000000000, 0.000000000000000000, 0.000000000000000000 ) ) ;
#647 = ORIENTED_EDGE ( 'NONE', *, *, #143, .T. ) ;
#648 = EDGE_LOOP ( 'NONE', ( #1155, #547 ) ) ;
#649 = DIRECTION ( 'NONE',  ( 0.000000000000000000, 0.000000000000000000, 1.000000000000000000 ) ) ;
#650 = DIRECTION ( 'NONE',  ( 1.349229370204183433E-16, 0.000000000000000000, 1.000000000000000000 ) ) ;
#651 = DIRECTION ( 'NONE',  ( 0.000000000000000000, 0.000000000000000000, 1.000000000000000000 ) ) ;
#652 = CARTESIAN_POINT ( 'NONE',  ( -45.00000000000000000, -0.001000000000001000089, 5.664999999999993818 ) ) ;
#653 = EDGE_CURVE ( 'NONE', #1432, #231, #1289, .T. ) ;
#654 = ORIENTED_EDGE ( 'NONE', *, *, #434, .F. ) ;
#655 = CARTESIAN_POINT ( 'NONE',  ( -89.99999999999994316, 175.0000000000000284, -9.830000000000000071 ) ) ;
#656 = DIRECTION ( 'NONE',  ( 1.000000000000000000, -2.721437331438565627E-17, 0.000000000000000000 ) ) ;
#657 = CARTESIAN_POINT ( 'NONE',  ( -69.99999999999994316, 175.0000000000000284, -11.33000000000000185 ) ) ;
#658 = CARTESIAN_POINT ( 'NONE',  ( -27.99999999999993605, 160.0000000000000000, -17.00000000000000000 ) ) ;
#659 = AXIS2_PLACEMENT_3D ( 'NONE', #577, #1433, #1540 ) ;
#660 = AXIS2_PLACEMENT_3D ( 'NONE', #1421, #574, #1176 ) ;
#661 = EDGE_CURVE ( 'NONE', #63, #1066, #78, .T. ) ;
#662 = VERTEX_POINT ( 'NONE', #681 ) ;
#663 = EDGE_CURVE ( 'NONE', #670, #63, #738, .T. ) ;
#664 = PLANE ( 'NONE',  #1308 ) ;
#665 =( NAMED_UNIT ( * ) SI_UNIT ( $, .STERADIAN. ) SOLID_ANGLE_UNIT ( ) );
#666 = CARTESIAN_POINT ( 'NONE',  ( 5.442874662877129529E-15, 200.0000000000000000, -17.00000000000000000 ) ) ;
#667 = EDGE_LOOP ( 'NONE', ( #1035, #1196, #598, #1255, #1018, #1226 ) ) ;
#668 = EDGE_CURVE ( 'NONE', #1156, #724, #1245, .T. ) ;
#669 = EDGE_CURVE ( 'NONE', #1298, #65, #945, .T. ) ;
#670 = VERTEX_POINT ( 'NONE', #92 ) ;
#671 = FACE_OUTER_BOUND ( 'NONE', #31, .T. ) ;
#672 = DIRECTION ( 'NONE',  ( -0.7071067811865524577, 0.000000000000000000, -0.7071067811865426878 ) ) ;
#673 = FACE_BOUND ( 'NONE', #1276, .T. ) ;
#674 = ORIENTED_EDGE ( 'NONE', *, *, #191, .F. ) ;
#675 = EDGE_LOOP ( 'NONE', ( #771, #1288, #476, #779 ) ) ;
#676 = CARTESIAN_POINT ( 'NONE',  ( -90.00000000000000000, 225.0000000000000000, -14.99999999999997158 ) ) ;
#677 = DIRECTION ( 'NONE',  ( 0.000000000000000000, 0.000000000000000000, 1.000000000000000000 ) ) ;
#678 = CIRCLE ( 'NONE', #534, 12.00000000000009415 ) ;
#679 = ORIENTED_EDGE ( 'NONE', *, *, #1515, .F. ) ;
#680 = AXIS2_PLACEMENT_3D ( 'NONE', #769, #541, #515 ) ;
#681 = CARTESIAN_POINT ( 'NONE',  ( -45.00000000000000000, 225.0000000000000000, -5.664999999999993818 ) ) ;
#682 = CARTESIAN_POINT ( 'NONE',  ( 0.000000000000000000, 223.0000000000000284, 17.00000000000000000 ) ) ;
#683 = ORIENTED_EDGE ( 'NONE', *, *, #415, .T. ) ;
#684 = CIRCLE ( 'NONE', #1455, 2.749999999999996447 ) ;
#685 = VECTOR ( 'NONE', #262, 999.9999999999998863 ) ;
#686 = APPLICATION_PROTOCOL_DEFINITION ( 'international standard', 'config_control_design', 1994, #618 ) ;
#687 = FACE_BOUND ( 'NONE', #1394, .T. ) ;
#688 = EDGE_CURVE ( 'NONE', #692, #1480, #1215, .T. ) ;
#689 = ORIENTED_EDGE ( 'NONE', *, *, #1373, .T. ) ;
#690 = DIRECTION ( 'NONE',  ( 1.349229370204183433E-16, 0.000000000000000000, 1.000000000000000000 ) ) ;
#691 = ORIENTED_EDGE ( 'NONE', *, *, #1347, .T. ) ;
#692 = VERTEX_POINT ( 'NONE', #556 ) ;
#693 = DIRECTION ( 'NONE',  ( 1.000000000000000000, 0.000000000000000000, -1.349229370204183433E-16 ) ) ;
#694 = DIRECTION ( 'NONE',  ( 2.721437331438565627E-17, 1.000000000000000000, 0.000000000000000000 ) ) ;
#695 = CARTESIAN_POINT ( 'NONE',  ( -45.00000000000000000, -0.001000000000001000089, -5.664999999999993818 ) ) ;
#696 = VECTOR ( 'NONE', #910, 1000.000000000000000 ) ;
#697 = EDGE_CURVE ( 'NONE', #1100, #1298, #678, .T. ) ;
#698 = CARTESIAN_POINT ( 'NONE',  ( -30.00000000000002132, 170.0000000000000000, -14.99999999999994316 ) ) ;
#699 = ORIENTED_EDGE ( 'NONE', *, *, #668, .F. ) ;
#700 = ORIENTED_EDGE ( 'NONE', *, *, #905, .T. ) ;
#701 = CARTESIAN_POINT ( 'NONE',  ( 9.561413512059544891E-16, 10.00000000000000000, -2.749999999999996447 ) ) ;
#702 = DIRECTION ( 'NONE',  ( 1.784195975777029931E-16, -0.7071067811865524577, -0.7071067811865426878 ) ) ;
#703 = EDGE_LOOP ( 'NONE', ( #1263, #1064 ) ) ;
#704 = CARTESIAN_POINT ( 'NONE',  ( -69.99999999999994316, 175.0000000000000284, 12.83000000000000362 ) ) ;
#705 = APPROVAL ( #32, 'UNSPECIFIED' ) ;
#706 = VERTEX_POINT ( 'NONE', #773 ) ;
#707 = CIRCLE ( 'NONE', #1319, 2.749999999999999112 ) ;
#708 = VERTEX_POINT ( 'NONE', #1314 ) ;
#709 = LINE ( 'NONE', #1075, #785 ) ;
#710 = AXIS2_PLACEMENT_3D ( 'NONE', #1509, #9, #497 ) ;
#711 = DIRECTION ( 'NONE',  ( -0.000000000000000000, -0.000000000000000000, 1.000000000000000000 ) ) ;
#712 = VERTEX_POINT ( 'NONE', #171 ) ;
#713 = DIRECTION ( 'NONE',  ( -1.000000000000000000, 0.000000000000000000, -1.525031627232357398E-16 ) ) ;
#714 = VERTEX_POINT ( 'NONE', #655 ) ;
#715 = EDGE_CURVE ( 'NONE', #1549, #662, #825, .T. ) ;
#716 = ADVANCED_FACE ( 'NONE', ( #1414 ), #86, .T. ) ;
#717 = VERTEX_POINT ( 'NONE', #809 ) ;
#718 = CARTESIAN_POINT ( 'NONE',  ( -89.99999999999994316, 175.0000000000000284, 11.33000000000000185 ) ) ;
#719 = PLANE ( 'NONE',  #1037 ) ;
#720 = CARTESIAN_POINT ( 'NONE',  ( 9.561413512059544891E-16, 10.00000000000000000, 0.000000000000000000 ) ) ;
#721 = VECTOR ( 'NONE', #1095, 1000.000000000000000 ) ;
#722 = DIRECTION ( 'NONE',  ( -1.349229370204183433E-16, -0.000000000000000000, 1.000000000000000000 ) ) ;
#723 = ORIENTED_EDGE ( 'NONE', *, *, #1391, .F. ) ;
#724 = VERTEX_POINT ( 'NONE', #570 ) ;
#725 = DIRECTION ( 'NONE',  ( -1.000000000000000000, -0.000000000000000000, -0.000000000000000000 ) ) ;
#726 = FACE_OUTER_BOUND ( 'NONE', #473, .T. ) ;
#727 = EDGE_CURVE ( 'NONE', #714, #1043, #934, .T. ) ;
#728 = DIRECTION ( 'NONE',  ( -1.000000000000000000, -0.000000000000000000, -0.000000000000000000 ) ) ;
#729 = ORIENTED_EDGE ( 'NONE', *, *, #1382, .T. ) ;
#730 = CYLINDRICAL_SURFACE ( 'NONE', #733, 17.50000000000000711 ) ;
#731 = ORIENTED_EDGE ( 'NONE', *, *, #1333, .T. ) ;
#732 = ORIENTED_EDGE ( 'NONE', *, *, #502, .T. ) ;
#733 = AXIS2_PLACEMENT_3D ( 'NONE', #1453, #1206, #953 ) ;
#734 = CARTESIAN_POINT ( 'NONE',  ( -59.99999999999999289, 197.5000000000000000, -17.00000000000000000 ) ) ;
#735 = DIRECTION ( 'NONE',  ( 1.000000000000000000, 0.000000000000000000, 0.000000000000000000 ) ) ;
#736 = CARTESIAN_POINT ( 'NONE',  ( -24.99999999999999289, 200.0000000000000000, 15.00000000000002665 ) ) ;
#737 = ADVANCED_FACE ( 'NONE', ( #816 ), #437, .F. ) ;
#738 = CIRCLE ( 'NONE', #482, 25.00000000000000000 ) ;
#739 = ORIENTED_EDGE ( 'NONE', *, *, #299, .F. ) ;
#740 = DIRECTION ( 'NONE',  ( 0.000000000000000000, 0.000000000000000000, -1.000000000000000000 ) ) ;
#741 = CARTESIAN_POINT ( 'NONE',  ( -69.09870907145860031, 220.0000000000000000, 11.33000000000000362 ) ) ;
#742 = DIRECTION ( 'NONE',  ( 0.000000000000000000, 0.000000000000000000, -1.000000000000000000 ) ) ;
#743 = ORIENTED_EDGE ( 'NONE', *, *, #155, .F. ) ;
#744 = ADVANCED_BREP_SHAPE_REPRESENTATION ( 'CSWP_18_17C', ( #230, #1205 ), #1034 ) ;
#745 = VECTOR ( 'NONE', #79, 1000.000000000000000 ) ;
#746 = ORIENTED_EDGE ( 'NONE', *, *, #1579, .T. ) ;
#747 = PERSON_AND_ORGANIZATION ( #257, #1078 ) ;
#748 = DIRECTION ( 'NONE',  ( -0.000000000000000000, 0.000000000000000000, 1.000000000000000000 ) ) ;
#749 = CYLINDRICAL_SURFACE ( 'NONE', #1254, 2.749999999999996447 ) ;
#750 = LINE ( 'NONE', #1389, #327 ) ;
#751 = DIRECTION ( 'NONE',  ( -1.000000000000000000, -0.000000000000000000, -0.000000000000000000 ) ) ;
#752 = ORIENTED_EDGE ( 'NONE', *, *, #1157, .F. ) ;
#753 = ORIENTED_EDGE ( 'NONE', *, *, #1347, .F. ) ;
#754 = PERSON_AND_ORGANIZATION ( #257, #1078 ) ;
#755 = ADVANCED_FACE ( 'NONE', ( #937 ), #1306, .T. ) ;
#756 = EDGE_CURVE ( 'NONE', #797, #630, #1079, .T. ) ;
#757 = VECTOR ( 'NONE', #1469, 1000.000000000000000 ) ;
#758 = CARTESIAN_POINT ( 'NONE',  ( -89.99999999999994316, 175.0000000000000284, 11.33000000000000185 ) ) ;
#759 = DIRECTION ( 'NONE',  ( -1.000000000000000000, -0.000000000000000000, -0.000000000000000000 ) ) ;
#760 = LINE ( 'NONE', #1377, #537 ) ;
#761 = CARTESIAN_POINT ( 'NONE',  ( -48.62499999999998579, 197.5000000000000000, -5.664999999999994706 ) ) ;
#762 = VECTOR ( 'NONE', #941, 1000.000000000000000 ) ;
#763 = VECTOR ( 'NONE', #1093, 1000.000000000000000 ) ;
#764 = VERTEX_POINT ( 'NONE', #969 ) ;
#765 = ORIENTED_EDGE ( 'NONE', *, *, #472, .T. ) ;
#766 = ADVANCED_FACE ( 'NONE', ( #1582 ), #596, .F. ) ;
#767 = CARTESIAN_POINT ( 'NONE',  ( -89.99999999999998579, 170.0000000000000000, -17.00000000000000000 ) ) ;
#768 = DIRECTION ( 'NONE',  ( 0.000000000000000000, 0.000000000000000000, -1.000000000000000000 ) ) ;
#769 = CARTESIAN_POINT ( 'NONE',  ( -89.99999999999994316, 175.0000000000000284, -11.33000000000000185 ) ) ;
#770 = DIRECTION ( 'NONE',  ( -1.000000000000000000, -0.000000000000000000, -0.000000000000000000 ) ) ;
#771 = ORIENTED_EDGE ( 'NONE', *, *, #882, .F. ) ;
#772 = CONICAL_SURFACE ( 'NONE', #1491, 12.00000000000009415, 0.7853981633974573828 ) ;
#773 = CARTESIAN_POINT ( 'NONE',  ( -89.99999999999998579, 172.0000000000000853, -17.00000000000000000 ) ) ;
#774 = PLANE ( 'NONE',  #821 ) ;
#775 = CARTESIAN_POINT ( 'NONE',  ( -69.99999999999994316, 220.0000000000000000, 11.33000000000000362 ) ) ;
#776 = CARTESIAN_POINT ( 'NONE',  ( -89.99999999999998579, 170.0000000000000000, -17.00000000000000000 ) ) ;
#777 = PRODUCT_DEFINITION_FORMATION_WITH_SPECIFIED_SOURCE ( 'ANY', '', #1522, .NOT_KNOWN. ) ;
#778 = ADVANCED_FACE ( 'NONE', ( #363 ), #730, .F. ) ;
#779 = ORIENTED_EDGE ( 'NONE', *, *, #1355, .F. ) ;
#780 = CARTESIAN_POINT ( 'NONE',  ( -69.99999999999994316, 175.0000000000000284, 9.830000000000000071 ) ) ;
#781 = DIRECTION ( 'NONE',  ( -1.000000000000000000, 0.000000000000000000, 0.000000000000000000 ) ) ;
#782 = DIRECTION ( 'NONE',  ( 0.000000000000000000, 0.000000000000000000, -1.000000000000000000 ) ) ;
#783 = AXIS2_PLACEMENT_3D ( 'NONE', #921, #798, #449 ) ;
#784 = EDGE_CURVE ( 'NONE', #1001, #127, #281, .T. ) ;
#785 = VECTOR ( 'NONE', #1412, 1000.000000000000000 ) ;
#786 = EDGE_CURVE ( 'NONE', #947, #797, #832, .T. ) ;
#787 = VECTOR ( 'NONE', #1119, 1000.000000000000114 ) ;
#788 = ORIENTED_EDGE ( 'NONE', *, *, #472, .F. ) ;
#789 = VERTEX_POINT ( 'NONE', #238 ) ;
#790 = CARTESIAN_POINT ( 'NONE',  ( -90.00000000000000000, 223.0000000000000284, 17.00000000000000000 ) ) ;
#791 = CARTESIAN_POINT ( 'NONE',  ( -90.00000000000000000, -0.001000000000001000089, 5.665000000000000036 ) ) ;
#792 = LINE ( 'NONE', #54, #72 ) ;
#793 = ORIENTED_EDGE ( 'NONE', *, *, #602, .T. ) ;
#794 = ORIENTED_EDGE ( 'NONE', *, *, #1440, .F. ) ;
#795 = LINE ( 'NONE', #1147, #808 ) ;
#796 = CARTESIAN_POINT ( 'NONE',  ( -30.00000000000002132, 170.0000000000000000, -17.00000000000000000 ) ) ;
#797 = VERTEX_POINT ( 'NONE', #355 ) ;
#798 = DIRECTION ( 'NONE',  ( -1.000000000000000000, -0.000000000000000000, -0.000000000000000000 ) ) ;
#799 = ORIENTED_EDGE ( 'NONE', *, *, #212, .T. ) ;
#800 = EDGE_CURVE ( 'NONE', #127, #1001, #1558, .T. ) ;
#801 = CC_DESIGN_PERSON_AND_ORGANIZATION_ASSIGNMENT ( #1436, #113, ( #777 ) ) ;
#802 = ORIENTED_EDGE ( 'NONE', *, *, #898, .F. ) ;
#803 = LINE ( 'NONE', #1031, #99 ) ;
#804 = DIRECTION ( 'NONE',  ( 0.000000000000000000, 0.000000000000000000, 1.000000000000000000 ) ) ;
#805 = VECTOR ( 'NONE', #263, 1000.000000000000114 ) ;
#806 = EDGE_LOOP ( 'NONE', ( #1190, #1406, #347, #365 ) ) ;
#807 = AXIS2_PLACEMENT_3D ( 'NONE', #82, #96, #804 ) ;
#808 = VECTOR ( 'NONE', #74, 1000.000000000000000 ) ;
#809 = CARTESIAN_POINT ( 'NONE',  ( -42.49999999999998579, 197.5000000000000000, 17.00000000000000000 ) ) ;
#810 = LINE ( 'NONE', #817, #417 ) ;
#811 = ORIENTED_EDGE ( 'NONE', *, *, #251, .T. ) ;
#812 = AXIS2_PLACEMENT_3D ( 'NONE', #1425, #1383, #289 ) ;
#813 = ADVANCED_FACE ( 'NONE', ( #605 ), #1089, .F. ) ;
#814 = CARTESIAN_POINT ( 'NONE',  ( 0.000000000000000000, 0.000000000000000000, 0.000000000000000000 ) ) ;
#815 = LINE ( 'NONE', #1304, #379 ) ;
#816 = FACE_OUTER_BOUND ( 'NONE', #938, .T. ) ;
#817 = CARTESIAN_POINT ( 'NONE',  ( -89.99999999999998579, 170.0000000000000000, 14.99999999999997158 ) ) ;
#818 = ORIENTED_EDGE ( 'NONE', *, *, #336, .F. ) ;
#819 = CARTESIAN_POINT ( 'NONE',  ( -69.99999999999994316, 175.0000000000000284, 11.33000000000000185 ) ) ;
#820 = DIRECTION ( 'NONE',  ( 1.000000000000000000, 1.224646799147353207E-16, -0.000000000000000000 ) ) ;
#821 = AXIS2_PLACEMENT_3D ( 'NONE', #1152, #650, #43 ) ;
#822 = ORIENTED_EDGE ( 'NONE', *, *, #1401, .T. ) ;
#823 = APPLICATION_CONTEXT ( 'configuration controlled 3d designs of mechanical parts and assemblies' ) ;
#824 = ADVANCED_FACE ( 'NONE', ( #485 ), #5, .T. ) ;
#825 = LINE ( 'NONE', #1038, #348 ) ;
#826 = ORIENTED_EDGE ( 'NONE', *, *, #1525, .F. ) ;
#827 = ORIENTED_EDGE ( 'NONE', *, *, #1356, .T. ) ;
#828 = LINE ( 'NONE', #218, #935 ) ;
#829 = DIRECTION ( 'NONE',  ( 1.000000000000000000, 1.586032892321651496E-15, -1.486905836551548339E-16 ) ) ;
#830 = EDGE_CURVE ( 'NONE', #916, #1047, #253, .T. ) ;
#831 = AXIS2_PLACEMENT_3D ( 'NONE', #736, #139, #604 ) ;
#832 = LINE ( 'NONE', #109, #48 ) ;
#833 = DIRECTION ( 'NONE',  ( -1.000000000000000000, -1.224510688924804848E-16, 0.000000000000000000 ) ) ;
#834 = AXIS2_PLACEMENT_3D ( 'NONE', #1560, #711, #236 ) ;
#835 = CIRCLE ( 'NONE', #807, 1.500000000000001332 ) ;
#836 = EDGE_LOOP ( 'NONE', ( #977, #1080, #421, #333 ) ) ;
#837 = DATE_AND_TIME ( #1445, #876 ) ;
#838 = LINE ( 'NONE', #1327, #1562 ) ;
#839 = CIRCLE ( 'NONE', #153, 11.37500000000000355 ) ;
#840 = CARTESIAN_POINT ( 'NONE',  ( -27.99999999999999645, -3.428629928989453279E-15, 17.00000000000000000 ) ) ;
#841 = ORIENTED_EDGE ( 'NONE', *, *, #1416, .T. ) ;
#842 = CARTESIAN_POINT ( 'NONE',  ( 0.000000000000000000, 0.000000000000000000, -17.00000000000000000 ) ) ;
#843 = EDGE_LOOP ( 'NONE', ( #295, #40, #752, #487 ) ) ;
#844 = ORIENTED_EDGE ( 'NONE', *, *, #1115, .T. ) ;
#845 = CARTESIAN_POINT ( 'NONE',  ( 5.442874662877129529E-15, 200.0000000000000000, 15.00000000000002665 ) ) ;
#846 = DIRECTION ( 'NONE',  ( 1.000000000000000000, 0.000000000000000000, 0.000000000000000000 ) ) ;
#847 = CARTESIAN_POINT ( 'NONE',  ( -59.99999999999999289, 197.5000000000000000, 5.664999999999996483 ) ) ;
#848 = CARTESIAN_POINT ( 'NONE',  ( -90.00000000000000000, -0.001000000000001000089, -5.665000000000000036 ) ) ;
#849 = EDGE_LOOP ( 'NONE', ( #1092, #1077, #274, #1269 ) ) ;
#850 = ORIENTED_EDGE ( 'NONE', *, *, #951, .T. ) ;
#851 = EDGE_CURVE ( 'NONE', #414, #1549, #117, .T. ) ;
#852 = DIRECTION ( 'NONE',  ( 0.000000000000000000, -0.000000000000000000, 1.000000000000000000 ) ) ;
#853 = DIRECTION ( 'NONE',  ( 0.000000000000000000, 0.000000000000000000, 1.000000000000000000 ) ) ;
#854 = CARTESIAN_POINT ( 'NONE',  ( -69.99999999999994316, 220.0000000000000000, -12.83000000000000540 ) ) ;
#855 = DIRECTION ( 'NONE',  ( -1.000000000000000000, 0.000000000000000000, -1.349229370204183433E-16 ) ) ;
#856 = ORIENTED_EDGE ( 'NONE', *, *, #1392, .F. ) ;
#857 = ORIENTED_EDGE ( 'NONE', *, *, #201, .T. ) ;
#858 = VECTOR ( 'NONE', #615, 1000.000000000000000 ) ;
#859 = CIRCLE ( 'NONE', #1350, 17.50000000000000711 ) ;
#860 = FACE_OUTER_BOUND ( 'NONE', #1056, .T. ) ;
#861 = EDGE_CURVE ( 'NONE', #708, #111, #1224, .T. ) ;
#862 = LINE ( 'NONE', #1353, #685 ) ;
#863 = CONICAL_SURFACE ( 'NONE', #202, 1.500000000000001332, 1.029744258676655200 ) ;
#864 = LINE ( 'NONE', #1354, #405 ) ;
#865 = ORIENTED_EDGE ( 'NONE', *, *, #46, .T. ) ;
#866 = ORIENTED_EDGE ( 'NONE', *, *, #970, .T. ) ;
#867 = CALENDAR_DATE ( 2026, 25, 7 ) ;
#868 = DIRECTION ( 'NONE',  ( -2.721437331438565627E-17, -1.000000000000000000, 0.000000000000000000 ) ) ;
#869 = LINE ( 'NONE', #854, #291 ) ;
#870 = LINE ( 'NONE', #1361, #614 ) ;
#871 = CARTESIAN_POINT ( 'NONE',  ( -69.99999999999994316, 175.0000000000000284, 12.83000000000000362 ) ) ;
#872 = ORIENTED_EDGE ( 'NONE', *, *, #592, .T. ) ;
#873 = EDGE_CURVE ( 'NONE', #192, #30, #29, .T. ) ;
#874 = VERTEX_POINT ( 'NONE', #378 ) ;
#875 = APPROVAL_DATE_TIME ( #400, #176 ) ;
#876 = LOCAL_TIME ( 3, 42, 40.00000000000000000, #1123 ) ;
#877 = CARTESIAN_POINT ( 'NONE',  ( -69.99999999999994316, 220.0000000000000000, -11.33000000000000362 ) ) ;
#878 = FACE_OUTER_BOUND ( 'NONE', #151, .T. ) ;
#879 = CARTESIAN_POINT ( 'NONE',  ( -89.99999999999994316, 175.0000000000000284, 12.83000000000000362 ) ) ;
#880 = FACE_OUTER_BOUND ( 'NONE', #567, .T. ) ;
#881 = ORIENTED_EDGE ( 'NONE', *, *, #1496, .T. ) ;
#882 = EDGE_CURVE ( 'NONE', #208, #914, #864, .T. ) ;
#883 = EDGE_CURVE ( 'NONE', #662, #630, #516, .T. ) ;
#884 = ORIENTED_EDGE ( 'NONE', *, *, #1526, .F. ) ;
#885 = MECHANICAL_CONTEXT ( 'NONE', #618, 'mechanical' ) ;
#886 = AXIS2_PLACEMENT_3D ( 'NONE', #1320, #232, #1589 ) ;
#887 = DIRECTION ( 'NONE',  ( -0.000000000000000000, -0.000000000000000000, -1.000000000000000000 ) ) ;
#888 = DIRECTION ( 'NONE',  ( 0.000000000000000000, 0.000000000000000000, 1.000000000000000000 ) ) ;
#889 = AXIS2_PLACEMENT_3D ( 'NONE', #1431, #1076, #1312 ) ;
#890 = CARTESIAN_POINT ( 'NONE',  ( -27.99999999999999645, -3.429038259657098060E-15, 17.00000000000000000 ) ) ;
#891 = DIRECTION ( 'NONE',  ( 1.000000000000000000, 0.000000000000000000, 0.000000000000000000 ) ) ;
#892 = CIRCLE ( 'NONE', #582, 1.500000000000001332 ) ;
#893 = AXIS2_PLACEMENT_3D ( 'NONE', #840, #1328, #612 ) ;
#894 = CIRCLE ( 'NONE', #1537, 1.500000000000001332 ) ;
#895 = EDGE_LOOP ( 'NONE', ( #7, #1370, #1174, #390 ) ) ;
#896 = EDGE_CURVE ( 'NONE', #512, #631, #1096, .T. ) ;
#897 = FACE_OUTER_BOUND ( 'NONE', #12, .T. ) ;
#898 = EDGE_CURVE ( 'NONE', #712, #1047, #245, .T. ) ;
#899 = FACE_OUTER_BOUND ( 'NONE', #1439, .T. ) ;
#900 = DIRECTION ( 'NONE',  ( 0.000000000000000000, 0.000000000000000000, 1.000000000000000000 ) ) ;
#901 = CARTESIAN_POINT ( 'NONE',  ( -59.99999999999999289, 197.5000000000000000, 17.00000000000000000 ) ) ;
#902 = ORIENTED_EDGE ( 'NONE', *, *, #484, .T. ) ;
#903 = AXIS2_PLACEMENT_3D ( 'NONE', #1189, #833, #93 ) ;
#904 = DIRECTION ( 'NONE',  ( 0.000000000000000000, 0.000000000000000000, 1.000000000000000000 ) ) ;
#905 = EDGE_CURVE ( 'NONE', #764, #619, #1213, .T. ) ;
#906 = CYLINDRICAL_SURFACE ( 'NONE', #680, 1.500000000000001332 ) ;
#907 = FACE_OUTER_BOUND ( 'NONE', #1415, .T. ) ;
#908 = ORIENTED_EDGE ( 'NONE', *, *, #1546, .T. ) ;
#909 = EDGE_LOOP ( 'NONE', ( #1113, #234, #972 ) ) ;
#910 = DIRECTION ( 'NONE',  ( 0.000000000000000000, 0.000000000000000000, 1.000000000000000000 ) ) ;
#911 = CARTESIAN_POINT ( 'NONE',  ( -89.99999999999994316, 175.0000000000000284, 9.830000000000000071 ) ) ;
#912 = DIRECTION ( 'NONE',  ( 1.000000000000000000, 0.000000000000000000, 0.000000000000000000 ) ) ;
#913 = AXIS2_PLACEMENT_3D ( 'NONE', #1518, #1274, #188 ) ;
#914 = VERTEX_POINT ( 'NONE', #1111 ) ;
#915 = AXIS2_PLACEMENT_3D ( 'NONE', #383, #401, #627 ) ;
#916 = VERTEX_POINT ( 'NONE', #18 ) ;
#917 = DIRECTION ( 'NONE',  ( 0.7071067811865524577, 8.659560562354994488E-17, -0.7071067811865426878 ) ) ;
#918 = DIRECTION ( 'NONE',  ( 1.000000000000000000, 0.000000000000000000, 0.000000000000000000 ) ) ;
#919 = EDGE_LOOP ( 'NONE', ( #509, #450, #428 ) ) ;
#920 = ADVANCED_FACE ( 'NONE', ( #491 ), #386, .F. ) ;
#921 = CARTESIAN_POINT ( 'NONE',  ( -89.99999999999994316, 220.0000000000000000, -11.33000000000000362 ) ) ;
#922 = FACE_OUTER_BOUND ( 'NONE', #108, .T. ) ;
#923 = CIRCLE ( 'NONE', #239, 22.99999999999993605 ) ;
#924 = VERTEX_POINT ( 'NONE', #1493 ) ;
#925 = CARTESIAN_POINT ( 'NONE',  ( -30.00000000000002132, 160.0000000000000000, 14.99999999999997158 ) ) ;
#926 = CC_DESIGN_APPROVAL ( #705, ( #590 ) ) ;
#927 = ORIENTED_EDGE ( 'NONE', *, *, #1168, .F. ) ;
#928 = EDGE_CURVE ( 'NONE', #322, #631, #985, .T. ) ;
#929 = DIRECTION ( 'NONE',  ( 0.000000000000000000, 0.000000000000000000, -1.000000000000000000 ) ) ;
#930 = LINE ( 'NONE', #1164, #745 ) ;
#931 = VERTEX_POINT ( 'NONE', #1362 ) ;
#932 =( NAMED_UNIT ( * ) PLANE_ANGLE_UNIT ( ) SI_UNIT ( $, .RADIAN. ) );
#933 = CARTESIAN_POINT ( 'NONE',  ( -30.00000000000002132, 170.0000000000000000, -14.99999999999994316 ) ) ;
#934 = CIRCLE ( 'NONE', #659, 1.500000000000001332 ) ;
#935 = VECTOR ( 'NONE', #591, 1000.000000000000000 ) ;
#936 = AXIS2_PLACEMENT_3D ( 'NONE', #286, #645, #1251 ) ;
#937 = FACE_OUTER_BOUND ( 'NONE', #1039, .T. ) ;
#938 = EDGE_LOOP ( 'NONE', ( #572, #518, #529, #689 ) ) ;
#939 = ORIENTED_EDGE ( 'NONE', *, *, #377, .F. ) ;
#940 = CARTESIAN_POINT ( 'NONE',  ( -13.99999999999976374, -1.714505518806265450E-15, -30.99999999999995737 ) ) ;
#941 = DIRECTION ( 'NONE',  ( -0.000000000000000000, 1.000000000000000000, -0.000000000000000000 ) ) ;
#942 = EDGE_CURVE ( 'NONE', #1461, #1575, #1293, .T. ) ;
#943 = CARTESIAN_POINT ( 'NONE',  ( -90.00000000000000000, 225.0000000000000000, 5.665000000000000036 ) ) ;
#944 = ORIENTED_EDGE ( 'NONE', *, *, #175, .F. ) ;
#945 = LINE ( 'NONE', #1547, #70 ) ;
#946 = ORIENTED_EDGE ( 'NONE', *, *, #135, .F. ) ;
#947 = VERTEX_POINT ( 'NONE', #1229 ) ;
#948 = CALENDAR_DATE ( 2026, 25, 7 ) ;
#949 = DIRECTION ( 'NONE',  ( -1.000000000000000000, 0.000000000000000000, -0.000000000000000000 ) ) ;
#950 = CARTESIAN_POINT ( 'NONE',  ( 0.000000000000000000, 0.000000000000000000, 17.00000000000000000 ) ) ;
#951 = EDGE_CURVE ( 'NONE', #640, #1351, #301, .T. ) ;
#952 = ADVANCED_FACE ( 'NONE', ( #507 ), #1349, .F. ) ;
#953 = DIRECTION ( 'NONE',  ( 1.000000000000000000, 0.000000000000000000, 0.000000000000000000 ) ) ;
#954 = VERTEX_POINT ( 'NONE', #968 ) ;
#955 = ORIENTED_EDGE ( 'NONE', *, *, #1567, .F. ) ;
#956 = SECURITY_CLASSIFICATION_LEVEL ( 'unclassified' ) ;
#957 = DIRECTION ( 'NONE',  ( 1.000000000000000000, -0.000000000000000000, -0.000000000000000000 ) ) ;
#958 = LINE ( 'NONE', #967, #406 ) ;
#959 = AXIS2_PLACEMENT_3D ( 'NONE', #720, #1348, #742 ) ;
#960 = DIRECTION ( 'NONE',  ( -1.000000000000000000, 0.000000000000000000, -1.349229370204183433E-16 ) ) ;
#961 = ORIENTED_EDGE ( 'NONE', *, *, #155, .T. ) ;
#962 = VECTOR ( 'NONE', #917, 1000.000000000000000 ) ;
#963 = ORIENTED_EDGE ( 'NONE', *, *, #316, .T. ) ;
#964 = DIRECTION ( 'NONE',  ( 1.000000000000000000, 1.224646799147353207E-16, -0.000000000000000000 ) ) ;
#965 = VECTOR ( 'NONE', #561, 1000.000000000000000 ) ;
#966 = VECTOR ( 'NONE', #820, 1000.000000000000000 ) ;
#967 = CARTESIAN_POINT ( 'NONE',  ( -89.99999999999998579, 196.4999999999996305, -43.49999999999997158 ) ) ;
#968 = CARTESIAN_POINT ( 'NONE',  ( -77.50000000000000000, 197.5000000000000000, 17.00000000000000000 ) ) ;
#969 = CARTESIAN_POINT ( 'NONE',  ( -69.09870907145860031, 175.0000000000000284, 11.33000000000000185 ) ) ;
#970 = EDGE_CURVE ( 'NONE', #1513, #947, #361, .T. ) ;
#971 = EDGE_LOOP ( 'NONE', ( #247, #170, #765, #1387, #241, #340, #382, #647 ) ) ;
#972 = ORIENTED_EDGE ( 'NONE', *, *, #551, .T. ) ;
#973 = DIRECTION ( 'NONE',  ( 0.000000000000000000, 1.000000000000000000, 0.000000000000000000 ) ) ;
#974 = DIRECTION ( 'NONE',  ( 1.000000000000000000, 0.000000000000000000, 0.000000000000000000 ) ) ;
#975 = CARTESIAN_POINT ( 'NONE',  ( 9.561413512059540947E-16, 10.00000000000000000, 0.000000000000000000 ) ) ;
#976 = DIRECTION ( 'NONE',  ( 0.7071067811865475727, -1.924346791634431887E-17, 0.7071067811865475727 ) ) ;
#977 = ORIENTED_EDGE ( 'NONE', *, *, #800, .T. ) ;
#978 = EDGE_CURVE ( 'NONE', #192, #1529, #1010, .T. ) ;
#979 = DIRECTION ( 'NONE',  ( -1.000000000000000000, -0.000000000000000000, -0.000000000000000000 ) ) ;
#980 = DIRECTION ( 'NONE',  ( 0.000000000000000000, 0.000000000000000000, -1.000000000000000000 ) ) ;
#981 = CARTESIAN_POINT ( 'NONE',  ( -1.000000000000014655, -1.224646799147371203E-16, -15.99999999999997335 ) ) ;
#982 = ORIENTED_EDGE ( 'NONE', *, *, #550, .T. ) ;
#983 = ORIENTED_EDGE ( 'NONE', *, *, #786, .T. ) ;
#984 = APPROVAL_ROLE ( '' ) ;
#985 = CIRCLE ( 'NONE', #1372, 1.500000000000001332 ) ;
#986 = LINE ( 'NONE', #513, #616 ) ;
#987 = CARTESIAN_POINT ( 'NONE',  ( -30.00000000000000000, -3.673940397442059178E-15, -14.99999999999994316 ) ) ;
#988 = AXIS2_PLACEMENT_3D ( 'NONE', #1385, #1266, #293 ) ;
#989 = FACE_OUTER_BOUND ( 'NONE', #439, .T. ) ;
#990 = CARTESIAN_POINT ( 'NONE',  ( -45.00000000000000000, 170.0000000000000000, 5.664999999999993818 ) ) ;
#991 = AXIS2_PLACEMENT_3D ( 'NONE', #360, #1318, #219 ) ;
#992 = VERTEX_POINT ( 'NONE', #147 ) ;
#993 = ORIENTED_EDGE ( 'NONE', *, *, #76, .T. ) ;
#994 = DIRECTION ( 'NONE',  ( 0.000000000000000000, 0.000000000000000000, 1.000000000000000000 ) ) ;
#995 = DIRECTION ( 'NONE',  ( 0.000000000000000000, 0.000000000000000000, 1.000000000000000000 ) ) ;
#996 = DIRECTION ( 'NONE',  ( -0.000000000000000000, 0.7071067811865425767, 0.7071067811865524577 ) ) ;
#997 = DIRECTION ( 'NONE',  ( -0.5150380749100536004, 0.000000000000000000, 0.8571673007021125557 ) ) ;
#998 = CARTESIAN_POINT ( 'NONE',  ( -69.99999999999994316, 175.0000000000000284, -12.83000000000000362 ) ) ;
#999 = EDGE_CURVE ( 'NONE', #789, #1523, #636, .T. ) ;
#1000 = EDGE_CURVE ( 'NONE', #1480, #1081, #287, .T. ) ;
#1001 = VERTEX_POINT ( 'NONE', #761 ) ;
#1002 = VECTOR ( 'NONE', #1388, 1000.000000000000000 ) ;
#1003 = ORIENTED_EDGE ( 'NONE', *, *, #388, .F. ) ;
#1004 = LOCAL_TIME ( 3, 42, 40.00000000000000000, #1576 ) ;
#1005 = DIRECTION ( 'NONE',  ( 1.784195975777029931E-16, -0.7071067811865524577, 0.7071067811865426878 ) ) ;
#1006 = CARTESIAN_POINT ( 'NONE',  ( 9.561413512059540947E-16, 10.00000000000000000, 0.000000000000000000 ) ) ;
#1007 = FACE_OUTER_BOUND ( 'NONE', #1463, .T. ) ;
#1008 = LINE ( 'NONE', #1022, #427 ) ;
#1009 = EDGE_LOOP ( 'NONE', ( #259, #606, #248, #743, #729 ) ) ;
#1010 = CIRCLE ( 'NONE', #1060, 1.500000000000001332 ) ;
#1011 = FACE_BOUND ( 'NONE', #309, .T. ) ;
#1012 = DIRECTION ( 'NONE',  ( -1.000000000000000000, 0.000000000000000000, -0.000000000000000000 ) ) ;
#1013 = VECTOR ( 'NONE', #183, 1000.000000000000000 ) ;
#1014 = CARTESIAN_POINT ( 'NONE',  ( -69.99999999999994316, 220.0000000000000000, 9.830000000000001847 ) ) ;
#1015 = DIRECTION ( 'NONE',  ( -0.000000000000000000, 0.000000000000000000, 1.000000000000000000 ) ) ;
#1016 = AXIS2_PLACEMENT_3D ( 'NONE', #1343, #1083, #350 ) ;
#1017 = AXIS2_PLACEMENT_3D ( 'NONE', #1482, #1222, #1474 ) ;
#1018 = ORIENTED_EDGE ( 'NONE', *, *, #1248, .F. ) ;
#1019 = ADVANCED_FACE ( 'NONE', ( #1148, #1262, #907 ), #167, .T. ) ;
#1020 = CARTESIAN_POINT ( 'NONE',  ( -90.00000000000000000, 225.0000000000000000, -17.00000000000000000 ) ) ;
#1021 = CARTESIAN_POINT ( 'NONE',  ( -69.99999999999994316, 220.0000000000000000, -11.33000000000000362 ) ) ;
#1022 = CARTESIAN_POINT ( 'NONE',  ( -27.99999999999991473, -3.428629928989443024E-15, -17.00000000000000000 ) ) ;
#1023 = VERTEX_POINT ( 'NONE', #546 ) ;
#1024 = AXIS2_PLACEMENT_3D ( 'NONE', #1006, #1223, #1212 ) ;
#1025 = ORIENTED_EDGE ( 'NONE', *, *, #756, .T. ) ;
#1026 = CARTESIAN_POINT ( 'NONE',  ( -1.999999999999968470, 200.0000000000000000, 17.00000000000000000 ) ) ;
#1027 = DIRECTION ( 'NONE',  ( 1.000000000000000000, -0.000000000000000000, -0.000000000000000000 ) ) ;
#1028 = ORIENTED_EDGE ( 'NONE', *, *, #576, .F. ) ;
#1029 = ORIENTED_EDGE ( 'NONE', *, *, #168, .T. ) ;
#1030 = DIRECTION ( 'NONE',  ( 1.000000000000000000, -0.000000000000000000, -0.000000000000000000 ) ) ;
#1031 = CARTESIAN_POINT ( 'NONE',  ( 5.442874662877129529E-15, 200.0000000000000000, -14.99999999999997158 ) ) ;
#1032 = AXIS2_PLACEMENT_3D ( 'NONE', #1330, #722, #118 ) ;
#1033 = CARTESIAN_POINT ( 'NONE',  ( -40.00000000000002132, 172.0000000000000000, 17.00000000000000000 ) ) ;
#1034 =( GEOMETRIC_REPRESENTATION_CONTEXT ( 3 ) GLOBAL_UNCERTAINTY_ASSIGNED_CONTEXT ( ( #1073 ) ) GLOBAL_UNIT_ASSIGNED_CONTEXT ( ( #1048, #932, #665 ) ) REPRESENTATION_CONTEXT ( 'NONE', 'WORKASPACE' ) );
#1035 = ORIENTED_EDGE ( 'NONE', *, *, #191, .T. ) ;
#1036 = VECTOR ( 'NONE', #1117, 1000.000000000000000 ) ;
#1037 = AXIS2_PLACEMENT_3D ( 'NONE', #695, #91, #1438 ) ;
#1038 = CARTESIAN_POINT ( 'NONE',  ( -45.00000000000000000, 225.0000000000000000, 5.664999999999993818 ) ) ;
#1039 = EDGE_LOOP ( 'NONE', ( #818, #1197, #1214, #746, #563, #1135, #94, #1371 ) ) ;
#1040 = CARTESIAN_POINT ( 'NONE',  ( -69.99999999999994316, 175.0000000000000284, -11.33000000000000185 ) ) ;
#1041 = EDGE_CURVE ( 'NONE', #119, #1100, #1008, .T. ) ;
#1042 = ADVANCED_FACE ( 'NONE', ( #880 ), #1378, .F. ) ;
#1043 = VERTEX_POINT ( 'NONE', #1133 ) ;
#1044 = DIRECTION ( 'NONE',  ( -1.000000000000000000, 0.000000000000000000, 0.000000000000000000 ) ) ;
#1045 = DIRECTION ( 'NONE',  ( -1.784195975777005279E-16, 0.7071067811865425767, 0.7071067811865525687 ) ) ;
#1046 = CIRCLE ( 'NONE', #624, 2.749999999999996447 ) ;
#1047 = VERTEX_POINT ( 'NONE', #413 ) ;
#1048 =( LENGTH_UNIT ( ) NAMED_UNIT ( * ) SI_UNIT ( .MILLI., .METRE. ) );
#1049 = CARTESIAN_POINT ( 'NONE',  ( -90.00000000000000000, 213.5000000000000284, 26.50000000000001066 ) ) ;
#1050 = CC_DESIGN_APPROVAL ( #1087, ( #777 ) ) ;
#1051 = VERTEX_POINT ( 'NONE', #533 ) ;
#1052 = EDGE_CURVE ( 'NONE', #717, #954, #859, .T. ) ;
#1053 = DIRECTION ( 'NONE',  ( 0.000000000000000000, -0.7071067811865524577, 0.7071067811865426878 ) ) ;
#1054 = ORIENTED_EDGE ( 'NONE', *, *, #1134, .F. ) ;
#1055 = ADVANCED_FACE ( 'NONE', ( #1528 ), #1397, .F. ) ;
#1056 = EDGE_LOOP ( 'NONE', ( #554, #1342, #100, #850 ) ) ;
#1057 = CARTESIAN_POINT ( 'NONE',  ( -40.00000000000002132, 172.0000000000000000, 17.00000000000000000 ) ) ;
#1058 = LINE ( 'NONE', #701, #1139 ) ;
#1059 = CARTESIAN_POINT ( 'NONE',  ( -59.99999999999999289, 197.5000000000000000, 5.664999999999996483 ) ) ;
#1060 = AXIS2_PLACEMENT_3D ( 'NONE', #270, #751, #1240 ) ;
#1061 = VECTOR ( 'NONE', #1311, 1000.000000000000114 ) ;
#1062 = AXIS2_PLACEMENT_3D ( 'NONE', #573, #432, #423 ) ;
#1063 = CARTESIAN_POINT ( 'NONE',  ( -40.00000000000002132, 160.0000000000000000, -17.00000000000000000 ) ) ;
#1064 = ORIENTED_EDGE ( 'NONE', *, *, #316, .F. ) ;
#1065 = EDGE_CURVE ( 'NONE', #1513, #712, #294, .T. ) ;
#1066 = VERTEX_POINT ( 'NONE', #404 ) ;
#1067 = APPLICATION_PROTOCOL_DEFINITION ( 'international standard', 'config_control_design', 1994, #823 ) ;
#1068 = DIRECTION ( 'NONE',  ( 0.000000000000000000, 0.000000000000000000, -1.000000000000000000 ) ) ;
#1069 = DIRECTION ( 'NONE',  ( 0.000000000000000000, 0.000000000000000000, 1.000000000000000000 ) ) ;
#1070 = DIRECTION ( 'NONE',  ( -1.000000000000000000, 0.000000000000000000, 0.000000000000000000 ) ) ;
#1071 = ORIENTED_EDGE ( 'NONE', *, *, #265, .T. ) ;
#1072 = ORIENTED_EDGE ( 'NONE', *, *, #135, .T. ) ;
#1073 = UNCERTAINTY_MEASURE_WITH_UNIT (LENGTH_MEASURE( 1.000000000000000082E-05 ), #1048, 'distance_accuracy_value', 'NONE');
#1074 = PERSON_AND_ORGANIZATION ( #257, #1078 ) ;
#1075 = CARTESIAN_POINT ( 'NONE',  ( -89.99999999999994316, 175.0000000000000284, 12.83000000000000362 ) ) ;
#1076 = DIRECTION ( 'NONE',  ( -1.000000000000000000, -0.000000000000000000, -0.000000000000000000 ) ) ;
#1077 = ORIENTED_EDGE ( 'NONE', *, *, #1464, .F. ) ;
#1078 = ORGANIZATION ( 'UNSPECIFIED', 'UNSPECIFIED', '' ) ;
#1079 = LINE ( 'NONE', #848, #1420 ) ;
#1080 = ORIENTED_EDGE ( 'NONE', *, *, #1462, .T. ) ;
#1081 = VERTEX_POINT ( 'NONE', #279 ) ;
#1082 = DATE_AND_TIME ( #948, #1004 ) ;
#1083 = DIRECTION ( 'NONE',  ( 0.000000000000000000, 0.000000000000000000, -1.000000000000000000 ) ) ;
#1084 = CARTESIAN_POINT ( 'NONE',  ( -40.00000000000002132, 160.0000000000000000, 17.00000000000000000 ) ) ;
#1085 = CARTESIAN_POINT ( 'NONE',  ( -69.99999999999994316, 220.0000000000000000, -11.33000000000000362 ) ) ;
#1086 = EDGE_CURVE ( 'NONE', #670, #1351, #45, .T. ) ;
#1087 = APPROVAL ( #632, 'UNSPECIFIED' ) ;
#1088 = AXIS2_PLACEMENT_3D ( 'NONE', #842, #1195, #1460 ) ;
#1089 = CYLINDRICAL_SURFACE ( 'NONE', #886, 10.00000000000000178 ) ;
#1090 = VERTEX_POINT ( 'NONE', #1281 ) ;
#1091 = VECTOR ( 'NONE', #44, 1000.000000000000000 ) ;
#1092 = ORIENTED_EDGE ( 'NONE', *, *, #602, .F. ) ;
#1093 = DIRECTION ( 'NONE',  ( 2.721437331438565627E-17, 1.000000000000000000, 0.000000000000000000 ) ) ;
#1094 = DIRECTION ( 'NONE',  ( -1.349229370204183433E-16, -0.000000000000000000, -1.000000000000000000 ) ) ;
#1095 = DIRECTION ( 'NONE',  ( -0.000000000000000000, -0.000000000000000000, 1.000000000000000000 ) ) ;
#1096 = LINE ( 'NONE', #998, #805 ) ;
#1097 = EDGE_LOOP ( 'NONE', ( #1231, #467, #357, #827, #811, #548, #1410, #538 ) ) ;
#1098 = EDGE_CURVE ( 'NONE', #1145, #797, #1154, .T. ) ;
#1099 = VERTEX_POINT ( 'NONE', #174 ) ;
#1100 = VERTEX_POINT ( 'NONE', #658 ) ;
#1101 = DIRECTION ( 'NONE',  ( 0.000000000000000000, 0.000000000000000000, 1.000000000000000000 ) ) ;
#1102 = CARTESIAN_POINT ( 'NONE',  ( -59.99999999999999289, 197.5000000000000000, 17.00100000000000122 ) ) ;
#1103 = DIRECTION ( 'NONE',  ( 0.000000000000000000, 0.000000000000000000, 1.000000000000000000 ) ) ;
#1104 = VECTOR ( 'NONE', #1367, 1000.000000000000000 ) ;
#1105 = EDGE_LOOP ( 'NONE', ( #993, #112, #1072, #486 ) ) ;
#1106 = EDGE_LOOP ( 'NONE', ( #739, #1552, #1531, #884 ) ) ;
#1107 = EDGE_CURVE ( 'NONE', #324, #358, #707, .T. ) ;
#1108 = DIRECTION ( 'NONE',  ( 1.000000000000000000, 0.000000000000000000, 0.000000000000000000 ) ) ;
#1109 = DIRECTION ( 'NONE',  ( 1.000000000000000000, -0.000000000000000000, -0.000000000000000000 ) ) ;
#1110 = CARTESIAN_POINT ( 'NONE',  ( -24.99999999999999289, 225.0000000000000000, -17.00000000000000000 ) ) ;
#1111 = CARTESIAN_POINT ( 'NONE',  ( -1.999999999999974021, -2.449293598294674367E-16, 17.00000000000000000 ) ) ;
#1112 = ORIENTED_EDGE ( 'NONE', *, *, #625, .T. ) ;
#1113 = ORIENTED_EDGE ( 'NONE', *, *, #1401, .F. ) ;
#1114 = APPROVAL_DATE_TIME ( #1082, #1087 ) ;
#1115 = EDGE_CURVE ( 'NONE', #105, #992, #1272, .T. ) ;
#1116 = EDGE_CURVE ( 'NONE', #1544, #324, #792, .T. ) ;
#1117 = DIRECTION ( 'NONE',  ( 2.523234146875355998E-16, -1.000000000000000000, -0.000000000000000000 ) ) ;
#1118 = FACE_OUTER_BOUND ( 'NONE', #389, .T. ) ;
#1119 = DIRECTION ( 'NONE',  ( 0.000000000000000000, 0.7071067811865474617, -0.7071067811865474617 ) ) ;
#1120 = DIRECTION ( 'NONE',  ( -1.000000000000000000, -0.000000000000000000, -0.000000000000000000 ) ) ;
#1121 = ORIENTED_EDGE ( 'NONE', *, *, #576, .T. ) ;
#1122 = ORIENTED_EDGE ( 'NONE', *, *, #653, .F. ) ;
#1123 = COORDINATED_UNIVERSAL_TIME_OFFSET ( 5, 30, .AHEAD. ) ;
#1124 = CARTESIAN_POINT ( 'NONE',  ( -30.00000000000000000, 10.00000000000000000, 0.000000000000000000 ) ) ;
#1125 = CYLINDRICAL_SURFACE ( 'NONE', #1380, 1.500000000000001332 ) ;
#1126 = CARTESIAN_POINT ( 'NONE',  ( -89.99999999999994316, 220.0000000000000000, -12.83000000000000540 ) ) ;
#1127 = CARTESIAN_POINT ( 'NONE',  ( -89.99999999999998579, 170.0000000000000000, -17.00000000000000000 ) ) ;
#1128 = ORIENTED_EDGE ( 'NONE', *, *, #756, .F. ) ;
#1129 = ORIENTED_EDGE ( 'NONE', *, *, #221, .T. ) ;
#1130 = CARTESIAN_POINT ( 'NONE',  ( -27.99999999999999645, -3.429011037612588881E-15, 17.00000000000000000 ) ) ;
#1131 = PLANE ( 'NONE',  #35 ) ;
#1132 = DIRECTION ( 'NONE',  ( 1.000000000000000000, 0.000000000000000000, -1.486905836551548339E-16 ) ) ;
#1133 = CARTESIAN_POINT ( 'NONE',  ( -89.99999999999994316, 175.0000000000000284, -12.83000000000000362 ) ) ;
#1134 = EDGE_CURVE ( 'NONE', #1047, #1099, #609, .T. ) ;
#1135 = ORIENTED_EDGE ( 'NONE', *, *, #861, .T. ) ;
#1136 = VECTOR ( 'NONE', #855, 1000.000000000000000 ) ;
#1137 = PLANE ( 'NONE',  #812 ) ;
#1138 = LINE ( 'NONE', #416, #213 ) ;
#1139 = VECTOR ( 'NONE', #957, 1000.000000000000000 ) ;
#1140 = FACE_OUTER_BOUND ( 'NONE', #1285, .T. ) ;
#1141 = DIRECTION ( 'NONE',  ( 1.000000000000000000, -0.000000000000000000, -0.000000000000000000 ) ) ;
#1142 = CONICAL_SURFACE ( 'NONE', #1588, 1.500000000000001332, 1.029744258676655200 ) ;
#1143 = CIRCLE ( 'NONE', #1299, 12.00000000000001066 ) ;
#1144 = ADVANCED_FACE ( 'NONE', ( #673, #67 ), #552, .F. ) ;
#1145 = VERTEX_POINT ( 'NONE', #1559 ) ;
#1146 = DIRECTION ( 'NONE',  ( 0.000000000000000000, 0.000000000000000000, -1.000000000000000000 ) ) ;
#1147 = CARTESIAN_POINT ( 'NONE',  ( -89.99999999999998579, 170.0000000000000000, 17.00000000000000000 ) ) ;
#1148 = FACE_BOUND ( 'NONE', #1454, .T. ) ;
#1149 = ORIENTED_EDGE ( 'NONE', *, *, #644, .F. ) ;
#1150 = ORIENTED_EDGE ( 'NONE', *, *, #1248, .T. ) ;
#1151 = ADVANCED_FACE ( 'NONE', ( #687, #1294 ), #1160, .T. ) ;
#1152 = CARTESIAN_POINT ( 'NONE',  ( -45.00000000000000000, -0.001000000000001000089, 5.664999999999993818 ) ) ;
#1153 = CARTESIAN_POINT ( 'NONE',  ( -45.00000000000000000, 225.0000000000000000, 5.664999999999992930 ) ) ;
#1154 = LINE ( 'NONE', #776, #302 ) ;
#1155 = ORIENTED_EDGE ( 'NONE', *, *, #800, .F. ) ;
#1156 = VERTEX_POINT ( 'NONE', #925 ) ;
#1157 = EDGE_CURVE ( 'NONE', #63, #1218, #1569, .T. ) ;
#1158 = EDGE_CURVE ( 'NONE', #1047, #1549, #1183, .T. ) ;
#1159 = CARTESIAN_POINT ( 'NONE',  ( -30.00000000000000000, 10.00000000000000000, 2.749999999999996447 ) ) ;
#1160 = PLANE ( 'NONE',  #1479 ) ;
#1161 = VERTEX_POINT ( 'NONE', #1437 ) ;
#1162 = VECTOR ( 'NONE', #1044, 1000.000000000000000 ) ;
#1163 = CARTESIAN_POINT ( 'NONE',  ( -24.99999999999999289, 225.0000000000000000, 15.00000000000002665 ) ) ;
#1164 = CARTESIAN_POINT ( 'NONE',  ( 9.561413512059544891E-16, 10.00000000000000000, 6.119999999999995666 ) ) ;
#1165 = ORIENTED_EDGE ( 'NONE', *, *, #484, .F. ) ;
#1166 = LINE ( 'NONE', #791, #1275 ) ;
#1167 = CARTESIAN_POINT ( 'NONE',  ( -24.99999999999999289, 225.0000000000000000, -14.99999999999997158 ) ) ;
#1168 = EDGE_CURVE ( 'NONE', #619, #1461, #709, .T. ) ;
#1169 = EDGE_CURVE ( 'NONE', #1145, #65, #75, .T. ) ;
#1170 = ORIENTED_EDGE ( 'NONE', *, *, #1391, .T. ) ;
#1171 = CARTESIAN_POINT ( 'NONE',  ( -45.00000000000000000, -0.001000000000001000089, 5.664999999999993818 ) ) ;
#1172 = DIRECTION ( 'NONE',  ( -1.000000000000000000, 0.000000000000000000, 0.000000000000000000 ) ) ;
#1173 = VECTOR ( 'NONE', #443, 1000.000000000000000 ) ;
#1174 = ORIENTED_EDGE ( 'NONE', *, *, #1428, .T. ) ;
#1175 = CARTESIAN_POINT ( 'NONE',  ( -2.000000000000057288, 5.442874662877286561E-17, -17.00000000000000000 ) ) ;
#1176 = DIRECTION ( 'NONE',  ( 0.000000000000000000, 0.000000000000000000, 1.000000000000000000 ) ) ;
#1177 = LINE ( 'NONE', #950, #966 ) ;
#1178 = EDGE_CURVE ( 'NONE', #65, #724, #828, .T. ) ;
#1179 = CC_DESIGN_PERSON_AND_ORGANIZATION_ASSIGNMENT ( #341, #22, ( #397 ) ) ;
#1180 = CARTESIAN_POINT ( 'NONE',  ( -40.00000000000002132, 160.0000000000000000, 14.99999999999997158 ) ) ;
#1181 = ORIENTED_EDGE ( 'NONE', *, *, #1178, .F. ) ;
#1182 = ORIENTED_EDGE ( 'NONE', *, *, #1232, .F. ) ;
#1183 = LINE ( 'NONE', #455, #762 ) ;
#1184 = DIRECTION ( 'NONE',  ( -0.5150380749100536004, 0.000000000000000000, 0.8571673007021125557 ) ) ;
#1185 = ORIENTED_EDGE ( 'NONE', *, *, #905, .F. ) ;
#1186 = VECTOR ( 'NONE', #918, 1000.000000000000000 ) ;
#1187 = AXIS2_PLACEMENT_3D ( 'NONE', #676, #89, #1550 ) ;
#1188 = CARTESIAN_POINT ( 'NONE',  ( -69.99999999999994316, 175.0000000000000284, -12.83000000000000362 ) ) ;
#1189 = CARTESIAN_POINT ( 'NONE',  ( -30.00000000000002132, 170.0000000000000000, -17.00000000000000000 ) ) ;
#1190 = ORIENTED_EDGE ( 'NONE', *, *, #28, .F. ) ;
#1191 = CALENDAR_DATE ( 2026, 25, 7 ) ;
#1192 = CARTESIAN_POINT ( 'NONE',  ( -24.99999999999999289, 222.9999999999999432, -17.00000000000000000 ) ) ;
#1193 = FACE_OUTER_BOUND ( 'NONE', #1106, .T. ) ;
#1194 = ORIENTED_EDGE ( 'NONE', *, *, #603, .T. ) ;
#1195 = DIRECTION ( 'NONE',  ( 1.224646799147353207E-16, -1.000000000000000000, 0.000000000000000000 ) ) ;
#1196 = ORIENTED_EDGE ( 'NONE', *, *, #28, .T. ) ;
#1197 = ORIENTED_EDGE ( 'NONE', *, *, #299, .T. ) ;
#1198 = AXIS2_PLACEMENT_3D ( 'NONE', #975, #4, #34 ) ;
#1199 = EDGE_CURVE ( 'NONE', #619, #120, #352, .T. ) ;
#1200 = APPROVAL_ROLE ( '' ) ;
#1201 = DIRECTION ( 'NONE',  ( 0.000000000000000000, 0.000000000000000000, 1.000000000000000000 ) ) ;
#1202 = EDGE_CURVE ( 'NONE', #1575, #1461, #835, .T. ) ;
#1203 = FACE_OUTER_BOUND ( 'NONE', #216, .T. ) ;
#1204 = CARTESIAN_POINT ( 'NONE',  ( -1.999999999999974021, 5.442874662877060380E-17, 17.00000000000000000 ) ) ;
#1205 = AXIS2_PLACEMENT_3D ( 'NONE', #814, #994, #349 ) ;
#1206 = DIRECTION ( 'NONE',  ( -0.000000000000000000, -0.000000000000000000, 1.000000000000000000 ) ) ;
#1207 = ORIENTED_EDGE ( 'NONE', *, *, #434, .T. ) ;
#1208 = ORIENTED_EDGE ( 'NONE', *, *, #1157, .T. ) ;
#1209 = LINE ( 'NONE', #1585, #1561 ) ;
#1210 = CARTESIAN_POINT ( 'NONE',  ( -3.579999999999999183, 10.00000000000000000, -2.749999999999999112 ) ) ;
#1211 = EDGE_CURVE ( 'NONE', #120, #619, #1217, .T. ) ;
#1212 = DIRECTION ( 'NONE',  ( 0.000000000000000000, 0.000000000000000000, -1.000000000000000000 ) ) ;
#1213 = LINE ( 'NONE', #871, #95 ) ;
#1214 = ORIENTED_EDGE ( 'NONE', *, *, #76, .F. ) ;
#1215 = CIRCLE ( 'NONE', #376, 1.500000000000001332 ) ;
#1216 = DIRECTION ( 'NONE',  ( 1.224510688924804848E-16, -1.000000000000000000, 0.000000000000000000 ) ) ;
#1217 = CIRCLE ( 'NONE', #179, 1.500000000000001332 ) ;
#1218 = VERTEX_POINT ( 'NONE', #1192 ) ;
#1219 = AXIS2_PLACEMENT_3D ( 'NONE', #307, #210, #446 ) ;
#1220 = ORIENTED_EDGE ( 'NONE', *, *, #727, .F. ) ;
#1221 = AXIS2_PLACEMENT_3D ( 'NONE', #1578, #464, #846 ) ;
#1222 = DIRECTION ( 'NONE',  ( 0.000000000000000000, 0.000000000000000000, -1.000000000000000000 ) ) ;
#1223 = DIRECTION ( 'NONE',  ( 1.000000000000000000, -0.000000000000000000, -0.000000000000000000 ) ) ;
#1224 = LINE ( 'NONE', #981, #858 ) ;
#1225 = ORIENTED_EDGE ( 'NONE', *, *, #39, .F. ) ;
#1226 = ORIENTED_EDGE ( 'NONE', *, *, #1514, .F. ) ;
#1227 = CYLINDRICAL_SURFACE ( 'NONE', #330, 1.500000000000001332 ) ;
#1228 = CARTESIAN_POINT ( 'NONE',  ( 0.000000000000000000, 0.000000000000000000, -17.00000000000000000 ) ) ;
#1229 = CARTESIAN_POINT ( 'NONE',  ( -45.00000000000000000, 170.0000000000000000, -5.664999999999993818 ) ) ;
#1230 = AXIS2_PLACEMENT_3D ( 'NONE', #1279, #1532, #305 ) ;
#1231 = ORIENTED_EDGE ( 'NONE', *, *, #697, .T. ) ;
#1232 = EDGE_CURVE ( 'NONE', #1161, #640, #328, .T. ) ;
#1233 = EDGE_CURVE ( 'NONE', #1364, #1161, #1543, .T. ) ;
#1234 = EDGE_LOOP ( 'NONE', ( #266, #955, #826, #161 ) ) ;
#1235 = PERSON_AND_ORGANIZATION_ROLE ( 'creator' ) ;
#1236 = LOCAL_TIME ( 3, 42, 40.00000000000000000, #1488 ) ;
#1237 = CARTESIAN_POINT ( 'NONE',  ( -59.99999999999999289, 197.5000000000000000, 17.00100000000000122 ) ) ;
#1238 = LINE ( 'NONE', #402, #1545 ) ;
#1239 = CARTESIAN_POINT ( 'NONE',  ( -48.62499999999998579, 197.5000000000000000, 17.00100000000000122 ) ) ;
#1240 = DIRECTION ( 'NONE',  ( 0.000000000000000000, 0.000000000000000000, 1.000000000000000000 ) ) ;
#1241 = ORIENTED_EDGE ( 'NONE', *, *, #1570, .T. ) ;
#1242 = ORIENTED_EDGE ( 'NONE', *, *, #661, .F. ) ;
#1243 = COORDINATED_UNIVERSAL_TIME_OFFSET ( 5, 30, .AHEAD. ) ;
#1244 = AXIS2_PLACEMENT_3D ( 'NONE', #1180, #1573, #1554 ) ;
#1245 = CIRCLE ( 'NONE', #1244, 10.00000000000000178 ) ;
#1246 = CONICAL_SURFACE ( 'NONE', #1016, 23.00000000000002132, 0.7853981633974500554 ) ;
#1247 = VECTOR ( 'NONE', #635, 1000.000000000000000 ) ;
#1248 = EDGE_CURVE ( 'NONE', #414, #1161, #313, .T. ) ;
#1249 = FACE_OUTER_BOUND ( 'NONE', #836, .T. ) ;
#1250 = CARTESIAN_POINT ( 'NONE',  ( -69.99999999999994316, 175.0000000000000284, -9.830000000000000071 ) ) ;
#1251 = DIRECTION ( 'NONE',  ( 0.000000000000000000, 0.000000000000000000, 1.000000000000000000 ) ) ;
#1252 = DIRECTION ( 'NONE',  ( 0.000000000000000000, 0.000000000000000000, -1.000000000000000000 ) ) ;
#1253 = VECTOR ( 'NONE', #1184, 1000.000000000000114 ) ;
#1254 = AXIS2_PLACEMENT_3D ( 'NONE', #628, #1109, #158 ) ;
#1255 = ORIENTED_EDGE ( 'NONE', *, *, #1233, .T. ) ;
#1256 = ORIENTED_EDGE ( 'NONE', *, *, #1065, .T. ) ;
#1257 = LINE ( 'NONE', #163, #539 ) ;
#1258 = CARTESIAN_POINT ( 'NONE',  ( 0.000000000000000000, 0.000000000000000000, 17.00000000000000000 ) ) ;
#1259 = ADVANCED_FACE ( 'NONE', ( #1405 ), #211, .T. ) ;
#1260 = CC_DESIGN_DATE_AND_TIME_ASSIGNMENT ( #837, #217, ( #397 ) ) ;
#1261 = LINE ( 'NONE', #394, #787 ) ;
#1262 = FACE_BOUND ( 'NONE', #703, .T. ) ;
#1263 = ORIENTED_EDGE ( 'NONE', *, *, #1373, .F. ) ;
#1264 = CARTESIAN_POINT ( 'NONE',  ( -90.00000000000000000, 225.0000000000000000, -5.665000000000000036 ) ) ;
#1265 = LINE ( 'NONE', #1516, #696 ) ;
#1266 = DIRECTION ( 'NONE',  ( 1.000000000000000000, -0.000000000000000000, -0.000000000000000000 ) ) ;
#1267 = DIRECTION ( 'NONE',  ( 0.000000000000000000, 0.000000000000000000, 1.000000000000000000 ) ) ;
#1268 = ADVANCED_FACE ( 'NONE', ( #559 ), #255, .F. ) ;
#1269 = ORIENTED_EDGE ( 'NONE', *, *, #1169, .F. ) ;
#1270 = VECTOR ( 'NONE', #1485, 1000.000000000000000 ) ;
#1271 = CARTESIAN_POINT ( 'NONE',  ( -89.99999999999998579, 170.0000000000000000, 14.99999999999997158 ) ) ;
#1272 = CIRCLE ( 'NONE', #20, 6.119999999999995666 ) ;
#1273 = DIRECTION ( 'NONE',  ( -1.000000000000000000, -0.000000000000000000, -0.000000000000000000 ) ) ;
#1274 = DIRECTION ( 'NONE',  ( -1.349229370204183433E-16, -0.000000000000000000, -1.000000000000000000 ) ) ;
#1275 = VECTOR ( 'NONE', #1419, 1000.000000000000000 ) ;
#1276 = EDGE_LOOP ( 'NONE', ( #638, #162 ) ) ;
#1277 = ADVANCED_FACE ( 'NONE', ( #447 ), #580, .F. ) ;
#1278 = VERTEX_POINT ( 'NONE', #1430 ) ;
#1279 = CARTESIAN_POINT ( 'NONE',  ( -40.00000000000002132, 160.0000000000000000, 17.00000000000000000 ) ) ;
#1280 = CARTESIAN_POINT ( 'NONE',  ( -45.00000000000000000, 170.0000000000000000, 5.664999999999993818 ) ) ;
#1281 = CARTESIAN_POINT ( 'NONE',  ( -48.62499999999998579, 197.5000000000000000, -17.00000000000000000 ) ) ;
#1282 = VERTEX_POINT ( 'NONE', #334 ) ;
#1283 = EDGE_CURVE ( 'NONE', #111, #670, #815, .T. ) ;
#1284 = EDGE_CURVE ( 'NONE', #13, #358, #1058, .T. ) ;
#1285 = EDGE_LOOP ( 'NONE', ( #256, #1112, #732, #225 ) ) ;
#1286 = DIRECTION ( 'NONE',  ( -0.5150380749100536004, 1.049727191138618942E-16, -0.8571673007021125557 ) ) ;
#1287 = DIRECTION ( 'NONE',  ( 0.000000000000000000, -1.000000000000000000, 0.000000000000000000 ) ) ;
#1288 = ORIENTED_EDGE ( 'NONE', *, *, #550, .F. ) ;
#1289 = LINE ( 'NONE', #698, #1424 ) ;
#1290 = EDGE_LOOP ( 'NONE', ( #1539, #788, #1331, #699 ) ) ;
#1291 = ORIENTED_EDGE ( 'NONE', *, *, #1514, .T. ) ;
#1292 = CARTESIAN_POINT ( 'NONE',  ( -69.99999999999994316, 175.0000000000000284, 9.830000000000000071 ) ) ;
#1293 = CIRCLE ( 'NONE', #608, 1.500000000000001332 ) ;
#1294 = FACE_OUTER_BOUND ( 'NONE', #1097, .T. ) ;
#1295 = ADVANCED_FACE ( 'NONE', ( #249 ), #1577, .F. ) ;
#1296 = AXIS2_PLACEMENT_3D ( 'NONE', #1447, #351, #575 ) ;
#1297 = VECTOR ( 'NONE', #693, 1000.000000000000000 ) ;
#1298 = VERTEX_POINT ( 'NONE', #368 ) ;
#1299 = AXIS2_PLACEMENT_3D ( 'NONE', #1084, #1586, #642 ) ;
#1300 = DIRECTION ( 'NONE',  ( 1.224510688924804848E-16, -1.000000000000000000, 0.000000000000000000 ) ) ;
#1301 = EDGE_LOOP ( 'NONE', ( #315, #902, #407, #881 ) ) ;
#1302 = ORIENTED_EDGE ( 'NONE', *, *, #1283, .T. ) ;
#1303 = CARTESIAN_POINT ( 'NONE',  ( -45.00000000000000000, 170.0000000000000000, 5.664999999999993818 ) ) ;
#1304 = CARTESIAN_POINT ( 'NONE',  ( 6.123233995736770818E-15, 225.0000000000000000, -14.99999999999997158 ) ) ;
#1305 = ADVANCED_FACE ( 'NONE', ( #114 ), #1446, .T. ) ;
#1306 = PLANE ( 'NONE',  #1088 ) ;
#1307 = CARTESIAN_POINT ( 'NONE',  ( -40.00000000000002132, 160.0000000000000000, -17.00000000000000000 ) ) ;
#1308 = AXIS2_PLACEMENT_3D ( 'NONE', #1258, #1146, #1012 ) ;
#1309 = EDGE_LOOP ( 'NONE', ( #946, #461, #1181, #1418 ) ) ;
#1310 = DIRECTION ( 'NONE',  ( -1.224510688924804848E-16, 1.000000000000000000, 0.000000000000000000 ) ) ;
#1311 = DIRECTION ( 'NONE',  ( -1.784195975777017358E-16, 0.7071067811865474617, -0.7071067811865474617 ) ) ;
#1312 = DIRECTION ( 'NONE',  ( 0.000000000000000000, 0.000000000000000000, 1.000000000000000000 ) ) ;
#1313 = ORIENTED_EDGE ( 'NONE', *, *, #156, .F. ) ;
#1314 = CARTESIAN_POINT ( 'NONE',  ( -2.000000000000057288, -2.449293598294776426E-16, -17.00000000000000000 ) ) ;
#1315 = ORIENTED_EDGE ( 'NONE', *, *, #503, .T. ) ;
#1316 = ORIENTED_EDGE ( 'NONE', *, *, #1202, .F. ) ;
#1317 = CARTESIAN_POINT ( 'NONE',  ( -69.99999999999994316, 175.0000000000000284, 11.33000000000000185 ) ) ;
#1318 = DIRECTION ( 'NONE',  ( -1.000000000000000000, -0.000000000000000000, -0.000000000000000000 ) ) ;
#1319 = AXIS2_PLACEMENT_3D ( 'NONE', #61, #308, #1252 ) ;
#1320 = CARTESIAN_POINT ( 'NONE',  ( -40.00000000000002132, 160.0000000000000000, -17.00000000000000000 ) ) ;
#1321 = CC_DESIGN_PERSON_AND_ORGANIZATION_ASSIGNMENT ( #754, #641, ( #777 ) ) ;
#1322 = ORIENTED_EDGE ( 'NONE', *, *, #57, .F. ) ;
#1323 = EDGE_CURVE ( 'NONE', #724, #1523, #1209, .T. ) ;
#1324 = CIRCLE ( 'NONE', #1591, 1.500000000000001332 ) ;
#1325 = ORIENTED_EDGE ( 'NONE', *, *, #1134, .T. ) ;
#1326 = PERSON_AND_ORGANIZATION ( #257, #1078 ) ;
#1327 = CARTESIAN_POINT ( 'NONE',  ( -45.00000000000000000, -0.001000000000001000089, -5.664999999999993818 ) ) ;
#1328 = DIRECTION ( 'NONE',  ( -0.7071067811865524577, -8.658598117741465410E-17, 0.7071067811865425767 ) ) ;
#1329 = CARTESIAN_POINT ( 'NONE',  ( -89.99999999999994316, 175.0000000000000284, 11.33000000000000185 ) ) ;
#1330 = CARTESIAN_POINT ( 'NONE',  ( -59.99999999999999289, 197.5000000000000000, -5.664999999999996483 ) ) ;
#1331 = ORIENTED_EDGE ( 'NONE', *, *, #1323, .F. ) ;
#1332 = ADVANCED_FACE ( 'NONE', ( #470 ), #1246, .T. ) ;
#1333 = EDGE_CURVE ( 'NONE', #947, #662, #838, .T. ) ;
#1334 = EDGE_LOOP ( 'NONE', ( #396, #700, #136 ) ) ;
#1335 = AXIS2_PLACEMENT_3D ( 'NONE', #682, #578, #1565 ) ;
#1336 = DIRECTION ( 'NONE',  ( -0.000000000000000000, 1.000000000000000000, -0.000000000000000000 ) ) ;
#1337 = DIRECTION ( 'NONE',  ( -0.000000000000000000, -0.000000000000000000, 1.000000000000000000 ) ) ;
#1338 = CARTESIAN_POINT ( 'NONE',  ( -45.00000000000000000, 225.0000000000000000, -5.664999999999993818 ) ) ;
#1339 = ORIENTED_EDGE ( 'NONE', *, *, #1052, .T. ) ;
#1340 = DIRECTION ( 'NONE',  ( -0.000000000000000000, 1.000000000000000000, -0.000000000000000000 ) ) ;
#1341 = ORIENTED_EDGE ( 'NONE', *, *, #1382, .F. ) ;
#1342 = ORIENTED_EDGE ( 'NONE', *, *, #663, .T. ) ;
#1343 = CARTESIAN_POINT ( 'NONE',  ( -24.99999999999999289, 200.0000000000000000, 17.00000000000000000 ) ) ;
#1344 = DIRECTION ( 'NONE',  ( -1.000000000000000000, -0.000000000000000000, -0.000000000000000000 ) ) ;
#1345 = DIRECTION ( 'NONE',  ( -1.000000000000000000, -0.000000000000000000, -0.000000000000000000 ) ) ;
#1346 = EDGE_CURVE ( 'NONE', #119, #708, #478, .T. ) ;
#1347 = EDGE_CURVE ( 'NONE', #1480, #692, #892, .T. ) ;
#1348 = DIRECTION ( 'NONE',  ( 1.000000000000000000, -0.000000000000000000, -0.000000000000000000 ) ) ;
#1349 = CONICAL_SURFACE ( 'NONE', #178, 1.500000000000001332, 1.029744258676655200 ) ;
#1350 = AXIS2_PLACEMENT_3D ( 'NONE', #901, #1386, #1502 ) ;
#1351 = VERTEX_POINT ( 'NONE', #845 ) ;
#1352 = CYLINDRICAL_SURFACE ( 'NONE', #205, 1.500000000000001332 ) ;
#1353 = CARTESIAN_POINT ( 'NONE',  ( -31.00000000000019540, -3.796405077356818781E-15, 13.99999999999975842 ) ) ;
#1354 = CARTESIAN_POINT ( 'NONE',  ( 16.00000000000001421, 1.959434878635767104E-15, -0.9999999999999870104 ) ) ;
#1355 = EDGE_CURVE ( 'NONE', #914, #102, #243, .T. ) ;
#1356 = EDGE_CURVE ( 'NONE', #874, #1218, #2, .T. ) ;
#1357 = EDGE_LOOP ( 'NONE', ( #196, #380, #1498, #927 ) ) ;
#1358 = ORIENTED_EDGE ( 'NONE', *, *, #398, .F. ) ;
#1359 = DIRECTION ( 'NONE',  ( -1.000000000000000000, -0.000000000000000000, -0.000000000000000000 ) ) ;
#1360 = CARTESIAN_POINT ( 'NONE',  ( -30.00000000000002132, 160.0000000000000000, 14.99999999999997158 ) ) ;
#1361 = CARTESIAN_POINT ( 'NONE',  ( -69.99999999999994316, 220.0000000000000000, 12.83000000000000540 ) ) ;
#1362 = CARTESIAN_POINT ( 'NONE',  ( -89.99999999999994316, 220.0000000000000000, 12.83000000000000540 ) ) ;
#1363 = ORIENTED_EDGE ( 'NONE', *, *, #1065, .F. ) ;
#1364 = VERTEX_POINT ( 'NONE', #36 ) ;
#1365 = SHAPE_DEFINITION_REPRESENTATION ( #1441, #744 ) ;
#1366 = CARTESIAN_POINT ( 'NONE',  ( -30.00000000000000000, -3.673940397442059178E-15, 14.99999999999997158 ) ) ;
#1367 = DIRECTION ( 'NONE',  ( 0.000000000000000000, 0.000000000000000000, 1.000000000000000000 ) ) ;
#1368 = DIRECTION ( 'NONE',  ( -1.349229370204183433E-16, -0.000000000000000000, -1.000000000000000000 ) ) ;
#1369 = CARTESIAN_POINT ( 'NONE',  ( -45.00000000000000000, -0.001000000000001000089, 5.664999999999993818 ) ) ;
#1370 = ORIENTED_EDGE ( 'NONE', *, *, #928, .F. ) ;
#1371 = ORIENTED_EDGE ( 'NONE', *, *, #882, .T. ) ;
#1372 = AXIS2_PLACEMENT_3D ( 'NONE', #134, #1120, #254 ) ;
#1373 = EDGE_CURVE ( 'NONE', #30, #1413, #51, .T. ) ;
#1374 = VECTOR ( 'NONE', #53, 1000.000000000000000 ) ;
#1375 = CYLINDRICAL_SURFACE ( 'NONE', #430, 25.00000000000000000 ) ;
#1376 = CARTESIAN_POINT ( 'NONE',  ( -89.99999999999994316, 220.0000000000000000, -11.33000000000000362 ) ) ;
#1377 = CARTESIAN_POINT ( 'NONE',  ( -69.99999999999994316, 220.0000000000000000, 9.830000000000001847 ) ) ;
#1378 = CYLINDRICAL_SURFACE ( 'NONE', #637, 6.119999999999995666 ) ;
#1379 = CONICAL_SURFACE ( 'NONE', #1221, 22.99999999999993605, 0.7853981633974570498 ) ;
#1380 = AXIS2_PLACEMENT_3D ( 'NONE', #490, #1345, #888 ) ;
#1381 = ORIENTED_EDGE ( 'NONE', *, *, #1000, .T. ) ;
#1382 = EDGE_CURVE ( 'NONE', #1099, #712, #1481, .T. ) ;
#1383 = DIRECTION ( 'NONE',  ( -1.000000000000000000, -2.523234146875355998E-16, 0.000000000000000000 ) ) ;
#1384 = CARTESIAN_POINT ( 'NONE',  ( 6.123233995736770818E-15, 225.0000000000000000, -17.00000000000000000 ) ) ;
#1385 = CARTESIAN_POINT ( 'NONE',  ( -3.579999999999999183, 10.00000000000000000, 0.000000000000000000 ) ) ;
#1386 = DIRECTION ( 'NONE',  ( 0.000000000000000000, 0.000000000000000000, 1.000000000000000000 ) ) ;
#1387 = ORIENTED_EDGE ( 'NONE', *, *, #1472, .T. ) ;
#1388 = DIRECTION ( 'NONE',  ( 0.000000000000000000, 0.000000000000000000, 1.000000000000000000 ) ) ;
#1389 = CARTESIAN_POINT ( 'NONE',  ( -69.99999999999994316, 220.0000000000000000, -9.830000000000001847 ) ) ;
#1390 = DIRECTION ( 'NONE',  ( -1.000000000000000000, -2.523234146875355998E-16, 0.000000000000000000 ) ) ;
#1391 = EDGE_CURVE ( 'NONE', #692, #931, #278, .T. ) ;
#1392 = EDGE_CURVE ( 'NONE', #924, #640, #1261, .T. ) ;
#1393 = ORIENTED_EDGE ( 'NONE', *, *, #1116, .T. ) ;
#1394 = EDGE_LOOP ( 'NONE', ( #1028, #189 ) ) ;
#1395 = DIRECTION ( 'NONE',  ( -0.000000000000000000, -0.000000000000000000, 1.000000000000000000 ) ) ;
#1396 = DIRECTION ( 'NONE',  ( -1.000000000000000000, -0.000000000000000000, -0.000000000000000000 ) ) ;
#1397 = PLANE ( 'NONE',  #1533 ) ;
#1398 = AXIS2_PLACEMENT_3D ( 'NONE', #775, #524, #651 ) ;
#1399 = AXIS2_PLACEMENT_3D ( 'NONE', #1571, #1344, #853 ) ;
#1400 = ADVANCED_FACE ( 'NONE', ( #1140 ), #906, .F. ) ;
#1401 = EDGE_CURVE ( 'NONE', #1051, #192, #750, .T. ) ;
#1402 = ORIENTED_EDGE ( 'NONE', *, *, #715, .F. ) ;
#1403 = ORIENTED_EDGE ( 'NONE', *, *, #1211, .T. ) ;
#1404 = LINE ( 'NONE', #1411, #1508 ) ;
#1405 = FACE_OUTER_BOUND ( 'NONE', #184, .T. ) ;
#1406 = ORIENTED_EDGE ( 'NONE', *, *, #46, .F. ) ;
#1407 = VECTOR ( 'NONE', #1524, 1000.000000000000000 ) ;
#1408 = CARTESIAN_POINT ( 'NONE',  ( -89.99999999999994316, 175.0000000000000284, -12.83000000000000362 ) ) ;
#1409 = PLANE ( 'NONE',  #1335 ) ;
#1410 = ORIENTED_EDGE ( 'NONE', *, *, #1346, .F. ) ;
#1411 = CARTESIAN_POINT ( 'NONE',  ( -89.99999999999994316, 175.0000000000000284, 9.830000000000000071 ) ) ;
#1412 = DIRECTION ( 'NONE',  ( -1.000000000000000000, -0.000000000000000000, -0.000000000000000000 ) ) ;
#1413 = VERTEX_POINT ( 'NONE', #1126 ) ;
#1414 = FACE_OUTER_BOUND ( 'NONE', #367, .T. ) ;
#1415 = EDGE_LOOP ( 'NONE', ( #872, #793, #1584, #1025, #1504, #1555 ) ) ;
#1416 = EDGE_CURVE ( 'NONE', #300, #1480, #760, .T. ) ;
#1417 = PRODUCT_RELATED_PRODUCT_CATEGORY ( 'detail', '', ( #1522 ) ) ;
#1418 = ORIENTED_EDGE ( 'NONE', *, *, #644, .T. ) ;
#1419 = DIRECTION ( 'NONE',  ( -0.000000000000000000, 1.000000000000000000, -0.000000000000000000 ) ) ;
#1420 = VECTOR ( 'NONE', #1340, 1000.000000000000000 ) ;
#1421 = CARTESIAN_POINT ( 'NONE',  ( -69.99999999999994316, 175.0000000000000284, 11.33000000000000185 ) ) ;
#1422 = AXIS2_PLACEMENT_3D ( 'NONE', #796, #1287, #195 ) ;
#1423 = VECTOR ( 'NONE', #17, 1000.000000000000000 ) ;
#1424 = VECTOR ( 'NONE', #1300, 1000.000000000000000 ) ;
#1425 = CARTESIAN_POINT ( 'NONE',  ( -89.99999999999998579, 170.0000000000000000, -17.00000000000000000 ) ) ;
#1426 = DIRECTION ( 'NONE',  ( -0.000000000000000000, -0.000000000000000000, -1.000000000000000000 ) ) ;
#1427 = ORIENTED_EDGE ( 'NONE', *, *, #1392, .T. ) ;
#1428 = EDGE_CURVE ( 'NONE', #322, #714, #506, .T. ) ;
#1429 = CARTESIAN_POINT ( 'NONE',  ( -28.00000000000001776, 160.0000000000000000, 17.00000000000000000 ) ) ;
#1430 = CARTESIAN_POINT ( 'NONE',  ( -2.000000000000051514, 200.0000000000000000, -17.00000000000000000 ) ) ;
#1431 = CARTESIAN_POINT ( 'NONE',  ( -89.99999999999994316, 220.0000000000000000, -11.33000000000000362 ) ) ;
#1432 = VERTEX_POINT ( 'NONE', #418 ) ;
#1433 = DIRECTION ( 'NONE',  ( -1.000000000000000000, -0.000000000000000000, -0.000000000000000000 ) ) ;
#1434 = CARTESIAN_POINT ( 'NONE',  ( -3.579999999999999183, 10.00000000000000000, 2.749999999999999112 ) ) ;
#1435 = ORIENTED_EDGE ( 'NONE', *, *, #784, .T. ) ;
#1436 = PERSON_AND_ORGANIZATION ( #257, #1078 ) ;
#1437 = CARTESIAN_POINT ( 'NONE',  ( -90.00000000000000000, 225.0000000000000000, 15.00000000000002665 ) ) ;
#1438 = DIRECTION ( 'NONE',  ( -1.000000000000000000, 0.000000000000000000, -1.349229370204183433E-16 ) ) ;
#1439 = EDGE_LOOP ( 'NONE', ( #944, #1302, #372, #982 ) ) ;
#1440 = EDGE_CURVE ( 'NONE', #300, #692, #870, .T. ) ;
#1441 = PRODUCT_DEFINITION_SHAPE ( 'NONE', 'NONE',  #590 ) ;
#1442 = DIRECTION ( 'NONE',  ( 0.7071067811865425767, 8.658598117741344615E-17, 0.7071067811865524577 ) ) ;
#1443 = CARTESIAN_POINT ( 'NONE',  ( -27.99999999999993605, 160.0000000000000000, -17.00000000000000000 ) ) ;
#1444 = ORIENTED_EDGE ( 'NONE', *, *, #201, .F. ) ;
#1445 = CALENDAR_DATE ( 2026, 25, 7 ) ;
#1446 = PLANE ( 'NONE',  #229 ) ;
#1447 = CARTESIAN_POINT ( 'NONE',  ( 6.123233995736770818E-15, 225.0000000000000000, -14.99999999999997158 ) ) ;
#1448 = AXIS2_PLACEMENT_3D ( 'NONE', #246, #1442, #1216 ) ;
#1449 = ADVANCED_FACE ( 'NONE', ( #1007 ), #1142, .F. ) ;
#1450 = AXIS2_PLACEMENT_3D ( 'NONE', #1127, #1390, #424 ) ;
#1451 = CIRCLE ( 'NONE', #1219, 1.500000000000001332 ) ;
#1452 = ADVANCED_FACE ( 'NONE', ( #989 ), #128, .F. ) ;
#1453 = CARTESIAN_POINT ( 'NONE',  ( -59.99999999999999289, 197.5000000000000000, -43.83247468305836492 ) ) ;
#1454 = EDGE_LOOP ( 'NONE', ( #1220, #21 ) ) ;
#1455 = AXIS2_PLACEMENT_3D ( 'NONE', #1124, #1499, #621 ) ;
#1456 = ORIENTED_EDGE ( 'NONE', *, *, #830, .F. ) ;
#1457 = CARTESIAN_POINT ( 'NONE',  ( -69.99999999999994316, 220.0000000000000000, 11.33000000000000362 ) ) ;
#1458 = LINE ( 'NONE', #115, #558 ) ;
#1459 = DIRECTION ( 'NONE',  ( -0.7071067811865474617, -8.659560562354932858E-17, 0.7071067811865474617 ) ) ;
#1460 = DIRECTION ( 'NONE',  ( 1.000000000000000000, 1.224646799147353207E-16, 0.000000000000000000 ) ) ;
#1461 = VERTEX_POINT ( 'NONE', #879 ) ;
#1462 = EDGE_CURVE ( 'NONE', #1001, #1090, #146, .T. ) ;
#1463 = EDGE_LOOP ( 'NONE', ( #373, #88, #1520 ) ) ;
#1464 = EDGE_CURVE ( 'NONE', #1298, #706, #27, .T. ) ;
#1465 = VECTOR ( 'NONE', #145, 1000.000000000000000 ) ;
#1466 = DIRECTION ( 'NONE',  ( 0.000000000000000000, 0.000000000000000000, 1.000000000000000000 ) ) ;
#1467 = LINE ( 'NONE', #601, #1253 ) ;
#1468 = LINE ( 'NONE', #498, #721 ) ;
#1469 = DIRECTION ( 'NONE',  ( 1.000000000000000000, -0.000000000000000000, -1.349229370204183433E-16 ) ) ;
#1470 = EDGE_LOOP ( 'NONE', ( #346, #1149, #240, #1494 ) ) ;
#1471 = ORIENTED_EDGE ( 'NONE', *, *, #942, .T. ) ;
#1472 = EDGE_CURVE ( 'NONE', #1590, #586, #403, .T. ) ;
#1473 = CC_DESIGN_PERSON_AND_ORGANIZATION_ASSIGNMENT ( #583, #469, ( #1522 ) ) ;
#1474 = DIRECTION ( 'NONE',  ( -1.000000000000000000, 0.000000000000000000, 0.000000000000000000 ) ) ;
#1475 = FACE_OUTER_BOUND ( 'NONE', #849, .T. ) ;
#1476 = DIRECTION ( 'NONE',  ( -1.349229370204183433E-16, -0.000000000000000000, -1.000000000000000000 ) ) ;
#1477 = ORIENTED_EDGE ( 'NONE', *, *, #425, .F. ) ;
#1478 = AXIS2_PLACEMENT_3D ( 'NONE', #1204, #976, #237 ) ;
#1479 = AXIS2_PLACEMENT_3D ( 'NONE', #90, #1068, #949 ) ;
#1480 = VERTEX_POINT ( 'NONE', #1014 ) ;
#1481 = CIRCLE ( 'NONE', #73, 17.50000000000000711 ) ;
#1482 = CARTESIAN_POINT ( 'NONE',  ( -59.99999999999999289, 197.5000000000000000, -17.00000000000000000 ) ) ;
#1483 = LINE ( 'NONE', #1360, #154 ) ;
#1484 = FACE_OUTER_BOUND ( 'NONE', #806, .T. ) ;
#1485 = DIRECTION ( 'NONE',  ( 0.000000000000000000, 0.000000000000000000, -1.000000000000000000 ) ) ;
#1486 = EDGE_LOOP ( 'NONE', ( #589, #177, #607, #1471 ) ) ;
#1487 = VERTEX_POINT ( 'NONE', #1511 ) ;
#1488 = COORDINATED_UNIVERSAL_TIME_OFFSET ( 5, 30, .AHEAD. ) ;
#1489 = FACE_OUTER_BOUND ( 'NONE', #1486, .T. ) ;
#1490 = DIRECTION ( 'NONE',  ( -1.000000000000000000, -1.224510688924804848E-16, 0.000000000000000000 ) ) ;
#1491 = AXIS2_PLACEMENT_3D ( 'NONE', #1307, #1426, #1172 ) ;
#1492 = DIRECTION ( 'NONE',  ( -1.000000000000000000, -0.000000000000000000, -0.000000000000000000 ) ) ;
#1493 = CARTESIAN_POINT ( 'NONE',  ( -24.99999999999999289, 223.0000000000000284, 17.00000000000000000 ) ) ;
#1494 = ORIENTED_EDGE ( 'NONE', *, *, #697, .F. ) ;
#1495 = ADVANCED_FACE ( 'NONE', ( #412 ), #863, .F. ) ;
#1496 = EDGE_CURVE ( 'NONE', #358, #324, #180, .T. ) ;
#1497 = EDGE_CURVE ( 'NONE', #640, #63, #1517, .T. ) ;
#1498 = ORIENTED_EDGE ( 'NONE', *, *, #1202, .T. ) ;
#1499 = DIRECTION ( 'NONE',  ( -1.000000000000000000, -1.224510688924804848E-16, 0.000000000000000000 ) ) ;
#1500 = DIRECTION ( 'NONE',  ( -0.5150380749100536004, 1.049727191138618942E-16, -0.8571673007021125557 ) ) ;
#1501 = DIRECTION ( 'NONE',  ( 0.000000000000000000, 0.000000000000000000, 1.000000000000000000 ) ) ;
#1502 = DIRECTION ( 'NONE',  ( 1.000000000000000000, 0.000000000000000000, 0.000000000000000000 ) ) ;
#1503 = ADVANCED_FACE ( 'NONE', ( #1484 ), #312, .T. ) ;
#1504 = ORIENTED_EDGE ( 'NONE', *, *, #169, .F. ) ;
#1505 = VECTOR ( 'NONE', #728, 1000.000000000000000 ) ;
#1506 = AXIS2_PLACEMENT_3D ( 'NONE', #160, #646, #677 ) ;
#1507 = AXIS2_PLACEMENT_3D ( 'NONE', #1059, #1094, #829 ) ;
#1508 = VECTOR ( 'NONE', #1396, 1000.000000000000000 ) ;
#1509 = CARTESIAN_POINT ( 'NONE',  ( -89.99999999999994316, 175.0000000000000284, -11.33000000000000185 ) ) ;
#1510 = DIRECTION ( 'NONE',  ( -1.000000000000000000, 0.000000000000000000, 0.000000000000000000 ) ) ;
#1511 = CARTESIAN_POINT ( 'NONE',  ( -89.99999999999998579, 170.0000000000000000, 5.665000000000000036 ) ) ;
#1512 = DIRECTION ( 'NONE',  ( -1.224510688924804848E-16, 1.000000000000000000, 0.000000000000000000 ) ) ;
#1513 = VERTEX_POINT ( 'NONE', #1303 ) ;
#1514 = EDGE_CURVE ( 'NONE', #1487, #414, #1166, .T. ) ;
#1515 = EDGE_CURVE ( 'NONE', #1487, #1513, #194, .T. ) ;
#1516 = CARTESIAN_POINT ( 'NONE',  ( -30.00000000000000000, -3.673940397442059178E-15, -17.00000000000000000 ) ) ;
#1517 = LINE ( 'NONE', #1110, #1423 ) ;
#1518 = CARTESIAN_POINT ( 'NONE',  ( -59.99999999999999289, 197.5000000000000000, 5.664999999999996483 ) ) ;
#1519 = CIRCLE ( 'NONE', #1024, 6.119999999999995666 ) ;
#1520 = ORIENTED_EDGE ( 'NONE', *, *, #928, .T. ) ;
#1521 = APPROVAL_PERSON_ORGANIZATION ( #1326, #176, #1200 ) ;
#1522 = PRODUCT ( 'CSWP_18_17C', 'CSWP_18_17C', '', ( #885 ) ) ;
#1523 = VERTEX_POINT ( 'NONE', #1057 ) ;
#1524 = DIRECTION ( 'NONE',  ( -0.000000000000000000, -0.000000000000000000, -1.000000000000000000 ) ) ;
#1525 = EDGE_CURVE ( 'NONE', #670, #1278, #803, .T. ) ;
#1526 = EDGE_CURVE ( 'NONE', #501, #1156, #1557, .T. ) ;
#1527 = FACE_OUTER_BOUND ( 'NONE', #1556, .T. ) ;
#1528 = FACE_OUTER_BOUND ( 'NONE', #1542, .T. ) ;
#1529 = VERTEX_POINT ( 'NONE', #454 ) ;
#1530 = CIRCLE ( 'NONE', #834, 23.00000000000002132 ) ;
#1531 = ORIENTED_EDGE ( 'NONE', *, *, #318, .F. ) ;
#1532 = DIRECTION ( 'NONE',  ( -0.000000000000000000, -0.000000000000000000, 1.000000000000000000 ) ) ;
#1533 = AXIS2_PLACEMENT_3D ( 'NONE', #1369, #912, #298 ) ;
#1534 = LINE ( 'NONE', #940, #962 ) ;
#1535 = CARTESIAN_POINT ( 'NONE',  ( -89.99999999999994316, 220.0000000000000000, 9.830000000000001847 ) ) ;
#1536 = AXIS2_PLACEMENT_3D ( 'NONE', #1237, #633, #261 ) ;
#1537 = AXIS2_PLACEMENT_3D ( 'NONE', #1376, #16, #505 ) ;
#1538 = ADVANCED_FACE ( 'NONE', ( #1527 ), #81, .F. ) ;
#1539 = ORIENTED_EDGE ( 'NONE', *, *, #318, .T. ) ;
#1540 = DIRECTION ( 'NONE',  ( 0.000000000000000000, 0.000000000000000000, 1.000000000000000000 ) ) ;
#1541 = CARTESIAN_POINT ( 'NONE',  ( -89.99999999999998579, 154.0000000000000284, -1.000000000000240252 ) ) ;
#1542 = EDGE_LOOP ( 'NONE', ( #1256, #344, #1566, #71, #288, #129 ) ) ;
#1543 = LINE ( 'NONE', #1049, #1061 ) ;
#1544 = VERTEX_POINT ( 'NONE', #1159 ) ;
#1545 = VECTOR ( 'NONE', #123, 1000.000000000000000 ) ;
#1546 = EDGE_CURVE ( 'NONE', #764, #120, #187, .T. ) ;
#1547 = CARTESIAN_POINT ( 'NONE',  ( -40.00000000000002132, 172.0000000000000853, -17.00000000000000000 ) ) ;
#1548 = CARTESIAN_POINT ( 'NONE',  ( -89.99999999999994316, 220.0000000000000000, -9.830000000000001847 ) ) ;
#1549 = VERTEX_POINT ( 'NONE', #1153 ) ;
#1550 = DIRECTION ( 'NONE',  ( -1.000000000000000000, 0.000000000000000000, 0.000000000000000000 ) ) ;
#1551 = DIRECTION ( 'NONE',  ( 0.000000000000000000, 0.000000000000000000, 1.000000000000000000 ) ) ;
#1552 = ORIENTED_EDGE ( 'NONE', *, *, #1472, .F. ) ;
#1553 = EDGE_CURVE ( 'NONE', #120, #1575, #1404, .T. ) ;
#1554 = DIRECTION ( 'NONE',  ( -1.000000000000000000, 0.000000000000000000, 0.000000000000000000 ) ) ;
#1555 = ORIENTED_EDGE ( 'NONE', *, *, #377, .T. ) ;
#1556 = EDGE_LOOP ( 'NONE', ( #1208, #560, #939, #1242 ) ) ;
#1557 = LINE ( 'NONE', #60, #303 ) ;
#1558 = CIRCLE ( 'NONE', #1032, 11.37500000000000355 ) ;
#1559 = CARTESIAN_POINT ( 'NONE',  ( -89.99999999999998579, 170.0000000000000000, -14.99999999999994316 ) ) ;
#1560 = CARTESIAN_POINT ( 'NONE',  ( -24.99999999999999289, 200.0000000000000000, 17.00000000000000000 ) ) ;
#1561 = VECTOR ( 'NONE', #121, 999.9999999999998863 ) ;
#1562 = VECTOR ( 'NONE', #1336, 1000.000000000000000 ) ;
#1563 = ORIENTED_EDGE ( 'NONE', *, *, #272, .F. ) ;
#1564 = FACE_OUTER_BOUND ( 'NONE', #667, .T. ) ;
#1565 = DIRECTION ( 'NONE',  ( 1.000000000000000000, -0.000000000000000000, 0.000000000000000000 ) ) ;
#1566 = ORIENTED_EDGE ( 'NONE', *, *, #1158, .T. ) ;
#1567 = EDGE_CURVE ( 'NONE', #1278, #708, #203, .T. ) ;
#1568 = CC_DESIGN_DATE_AND_TIME_ASSIGNMENT ( #520, #142, ( #590 ) ) ;
#1569 = LINE ( 'NONE', #1167, #535 ) ;
#1570 = EDGE_CURVE ( 'NONE', #631, #322, #1451, .T. ) ;
#1571 = CARTESIAN_POINT ( 'NONE',  ( -69.99999999999994316, 175.0000000000000284, 11.33000000000000185 ) ) ;
#1572 = ORIENTED_EDGE ( 'NONE', *, *, #1497, .T. ) ;
#1573 = DIRECTION ( 'NONE',  ( -0.000000000000000000, -0.000000000000000000, 1.000000000000000000 ) ) ;
#1574 = PLANE ( 'NONE',  #903 ) ;
#1575 = VERTEX_POINT ( 'NONE', #911 ) ;
#1576 = COORDINATED_UNIVERSAL_TIME_OFFSET ( 5, 30, .AHEAD. ) ;
#1577 = CYLINDRICAL_SURFACE ( 'NONE', #150, 1.500000000000001332 ) ;
#1578 = CARTESIAN_POINT ( 'NONE',  ( -24.99999999999999289, 200.0000000000000000, -17.00000000000000000 ) ) ;
#1579 = EDGE_CURVE ( 'NONE', #231, #119, #1534, .T. ) ;
#1580 = EDGE_CURVE ( 'NONE', #1364, #789, #795, .T. ) ;
#1581 = APPROVAL_PERSON_ORGANIZATION ( #1074, #705, #984 ) ;
#1582 = FACE_OUTER_BOUND ( 'NONE', #493, .T. ) ;
#1583 = EDGE_LOOP ( 'NONE', ( #519, #453, #857, #581 ) ) ;
#1584 = ORIENTED_EDGE ( 'NONE', *, *, #1098, .T. ) ;
#1585 = CARTESIAN_POINT ( 'NONE',  ( -40.00000000000002132, 170.0000000000000000, 14.99999999999997158 ) ) ;
#1586 = DIRECTION ( 'NONE',  ( 0.000000000000000000, 0.000000000000000000, -1.000000000000000000 ) ) ;
#1587 = DIRECTION ( 'NONE',  ( -1.000000000000000000, -0.000000000000000000, -0.000000000000000000 ) ) ;
#1588 = AXIS2_PLACEMENT_3D ( 'NONE', #657, #297, #1501 ) ;
#1589 = DIRECTION ( 'NONE',  ( -1.000000000000000000, 0.000000000000000000, 0.000000000000000000 ) ) ;
#1590 = VERTEX_POINT ( 'NONE', #1429 ) ;
#1591 = AXIS2_PLACEMENT_3D ( 'NONE', #877, #1359, #649 ) ;
ENDSEC;
END-ISO-10303-21;
