ISO-10303-21;
HEADER;
FILE_DESCRIPTION (( 'STEP AP203' ),
    '1' );
FILE_NAME ('stand.STEP',
    '2026-07-29T12:34:14',
    ( '' ),
    ( '' ),
    'SwSTEP 2.0',
    'SolidWorks 2026',
    '' );
FILE_SCHEMA (( 'CONFIG_CONTROL_DESIGN' ));
ENDSEC;

DATA;
#1 = EDGE_LOOP ( 'NONE', ( #790, #947, #441, #1702 ) ) ;
#2 = DIRECTION ( 'NONE',  ( 0.000000000000000000, 1.000000000000000000, -1.334382531749145761E-15 ) ) ;
#3 = EDGE_CURVE ( 'NONE', #1899, #1815, #1550, .T. ) ;
#4 = AXIS2_PLACEMENT_3D ( 'NONE', #1398, #809, #783 ) ;
#5 = DIRECTION ( 'NONE',  ( 0.000000000000000000, 1.000000000000000000, 0.000000000000000000 ) ) ;
#6 = AXIS2_PLACEMENT_3D ( 'NONE', #1816, #943, #1389 ) ;
#7 = VECTOR ( 'NONE', #1593, 100.0000000000000000 ) ;
#8 = ORIENTED_EDGE ( 'NONE', *, *, #1149, .T. ) ;
#9 = CARTESIAN_POINT ( 'NONE',  ( 0.4999999999999997780, -0.6999999999999999556, 4.250000000000000888 ) ) ;
#10 = VERTEX_POINT ( 'NONE', #1673 ) ;
#11 = CC_DESIGN_APPROVAL ( #1025, ( #475 ) ) ;
#12 = ORIENTED_EDGE ( 'NONE', *, *, #491, .F. ) ;
#13 =( LENGTH_UNIT ( ) NAMED_UNIT ( * ) SI_UNIT ( .CENTI., .METRE. ) );
#14 = DIRECTION ( 'NONE',  ( 0.000000000000000000, -0.000000000000000000, -1.000000000000000000 ) ) ;
#15 = EDGE_LOOP ( 'NONE', ( #342, #1302, #503, #1272 ) ) ;
#16 = CARTESIAN_POINT ( 'NONE',  ( 0.6999999999999999556, -11.94286253373341111, -4.944219750812850478 ) ) ;
#17 = EDGE_CURVE ( 'NONE', #633, #904, #770, .T. ) ;
#18 = CARTESIAN_POINT ( 'NONE',  ( -1.200000000000000400, -0.3999999999999999112, -4.249999999999993783 ) ) ;
#19 = ORIENTED_EDGE ( 'NONE', *, *, #611, .T. ) ;
#20 = DIRECTION ( 'NONE',  ( 0.000000000000000000, 1.000000000000000000, -0.000000000000000000 ) ) ;
#21 = VERTEX_POINT ( 'NONE', #495 ) ;
#22 = ADVANCED_FACE ( 'NONE', ( #62 ), #1260, .T. ) ;
#23 = EDGE_CURVE ( 'NONE', #1460, #904, #1848, .T. ) ;
#24 = PLANE ( 'NONE',  #1680 ) ;
#25 = VECTOR ( 'NONE', #1286, 100.0000000000000000 ) ;
#26 = ORIENTED_EDGE ( 'NONE', *, *, #1639, .T. ) ;
#27 = DIRECTION ( 'NONE',  ( 0.000000000000000000, 0.000000000000000000, -1.000000000000000000 ) ) ;
#28 = AXIS2_PLACEMENT_3D ( 'NONE', #626, #1362, #172 ) ;
#29 = CARTESIAN_POINT ( 'NONE',  ( 1.499999999999999556, -0.6999999999999999556, 4.249999999999993783 ) ) ;
#30 = CARTESIAN_POINT ( 'NONE',  ( 0.4999999999999948930, -0.6999999999999999556, -4.949999999999999289 ) ) ;
#31 = PLANE ( 'NONE',  #324 ) ;
#32 = PERSON_AND_ORGANIZATION ( #1515, #415 ) ;
#33 = PLANE ( 'NONE',  #937 ) ;
#34 = EDGE_CURVE ( 'NONE', #271, #983, #1239, .T. ) ;
#35 = ORIENTED_EDGE ( 'NONE', *, *, #680, .T. ) ;
#36 = DIRECTION ( 'NONE',  ( 1.000000000000000000, -0.000000000000000000, 0.000000000000000000 ) ) ;
#37 = CARTESIAN_POINT ( 'NONE',  ( -0.5000000000000004441, -0.6999999999999999556, -4.949999999999999289 ) ) ;
#38 = CARTESIAN_POINT ( 'NONE',  ( -0.5000000000000004441, -0.6999999999999999556, -4.249999999999999112 ) ) ;
#39 = VECTOR ( 'NONE', #1729, 100.0000000000000000 ) ;
#40 = CARTESIAN_POINT ( 'NONE',  ( 0.4999999999999948930, -0.3999999999999999112, -4.949999999999999289 ) ) ;
#41 = VERTEX_POINT ( 'NONE', #1400 ) ;
#42 = DIRECTION ( 'NONE',  ( 0.000000000000000000, 1.000000000000000000, 0.000000000000000000 ) ) ;
#43 = AXIS2_PLACEMENT_3D ( 'NONE', #925, #489, #1074 ) ;
#44 = EDGE_CURVE ( 'NONE', #271, #121, #952, .T. ) ;
#45 = EDGE_LOOP ( 'NONE', ( #1833, #439, #1325, #1303 ) ) ;
#46 = LINE ( 'NONE', #1669, #1137 ) ;
#47 = COORDINATED_UNIVERSAL_TIME_OFFSET ( 5, 30, .AHEAD. ) ;
#48 = EDGE_CURVE ( 'NONE', #598, #335, #944, .T. ) ;
#49 = CARTESIAN_POINT ( 'NONE',  ( -0.6999999999999999556, 0.8716981132075467542, 3.050943396226415416 ) ) ;
#50 = ORIENTED_EDGE ( 'NONE', *, *, #533, .F. ) ;
#51 = ORIENTED_EDGE ( 'NONE', *, *, #197, .F. ) ;
#52 = PLANE ( 'NONE',  #1838 ) ;
#53 = DIRECTION ( 'NONE',  ( -1.000000000000000000, 0.000000000000000000, 0.000000000000000000 ) ) ;
#54 = DIRECTION ( 'NONE',  ( 0.000000000000000000, -2.775557561562892534E-15, -1.000000000000000000 ) ) ;
#55 = DATE_TIME_ROLE ( 'classification_date' ) ;
#56 = ADVANCED_FACE ( 'NONE', ( #651 ), #518, .T. ) ;
#57 = EDGE_LOOP ( 'NONE', ( #1004, #1268, #202, #1796, #1265, #556, #804, #941 ) ) ;
#58 = DIRECTION ( 'NONE',  ( 0.000000000000000000, 0.000000000000000000, 1.000000000000000000 ) ) ;
#59 = CARTESIAN_POINT ( 'NONE',  ( -0.4000000000000000222, 0.7892817748383338383, -2.762486211934168434 ) ) ;
#60 = ORIENTED_EDGE ( 'NONE', *, *, #1142, .T. ) ;
#61 = CARTESIAN_POINT ( 'NONE',  ( 0.6999999999999999556, -11.77695210471835630, -7.704859156959605215 ) ) ;
#62 = FACE_OUTER_BOUND ( 'NONE', #1854, .T. ) ;
#63 = CARTESIAN_POINT ( 'NONE',  ( 0.6999999999999999556, -13.30000000000000071, -3.694238618879779779 ) ) ;
#64 = PERSON_AND_ORGANIZATION_ROLE ( 'design_owner' ) ;
#65 = AXIS2_PLACEMENT_3D ( 'NONE', #268, #111, #228 ) ;
#66 = ORIENTED_EDGE ( 'NONE', *, *, #1075, .F. ) ;
#67 = CC_DESIGN_SECURITY_CLASSIFICATION ( #1507, ( #318 ) ) ;
#68 = CIRCLE ( 'NONE', #974, 0.6999999999999999556 ) ;
#69 = PLANE ( 'NONE',  #1603 ) ;
#70 = CARTESIAN_POINT ( 'NONE',  ( 0.6999999999999999556, -0.6999999999999999556, 0.000000000000000000 ) ) ;
#71 = ORIENTED_EDGE ( 'NONE', *, *, #1887, .F. ) ;
#72 = FACE_OUTER_BOUND ( 'NONE', #1409, .T. ) ;
#73 = PLANE ( 'NONE',  #1748 ) ;
#74 = CARTESIAN_POINT ( 'NONE',  ( 0.6999999999999999556, -0.6999999999999999556, -3.500000000000000444 ) ) ;
#75 = ADVANCED_FACE ( 'NONE', ( #1697, #1249, #185 ), #627, .T. ) ;
#76 = AXIS2_PLACEMENT_3D ( 'NONE', #1678, #212, #338 ) ;
#77 = ORIENTED_EDGE ( 'NONE', *, *, #243, .F. ) ;
#78 = CARTESIAN_POINT ( 'NONE',  ( 0.4999999999999997780, -0.6999999999999999556, -4.250000000000000000 ) ) ;
#79 = DIRECTION ( 'NONE',  ( -1.000000000000000000, 0.000000000000000000, 0.000000000000000000 ) ) ;
#80 = ORIENTED_EDGE ( 'NONE', *, *, #1738, .T. ) ;
#81 = DIRECTION ( 'NONE',  ( 0.000000000000000000, 1.000000000000000000, -0.000000000000000000 ) ) ;
#82 = CARTESIAN_POINT ( 'NONE',  ( -0.5000000000000004441, -0.6999999999999999556, -5.249999999999999112 ) ) ;
#83 = DIRECTION ( 'NONE',  ( 0.000000000000000000, 0.2747211278973778481, -0.9615239476408232733 ) ) ;
#84 = AXIS2_PLACEMENT_3D ( 'NONE', #374, #1684, #1722 ) ;
#85 = AXIS2_PLACEMENT_3D ( 'NONE', #1893, #1883, #265 ) ;
#86 = ORIENTED_EDGE ( 'NONE', *, *, #177, .F. ) ;
#87 = VECTOR ( 'NONE', #1755, 100.0000000000000000 ) ;
#88 = ORIENTED_EDGE ( 'NONE', *, *, #891, .T. ) ;
#89 = DIRECTION ( 'NONE',  ( 0.000000000000000000, 0.000000000000000000, 1.000000000000000000 ) ) ;
#90 = CARTESIAN_POINT ( 'NONE',  ( -1.200000000000000400, -0.2999999999999999889, 4.249999999999993783 ) ) ;
#91 = EDGE_LOOP ( 'NONE', ( #755, #395, #218, #1028 ) ) ;
#92 = CARTESIAN_POINT ( 'NONE',  ( 0.6999999999999999556, -12.05167323261573387, -6.743335209318781942 ) ) ;
#93 = DIRECTION ( 'NONE',  ( 1.000000000000000000, 0.000000000000000000, 0.000000000000000000 ) ) ;
#94 = LINE ( 'NONE', #697, #1858 ) ;
#95 = VECTOR ( 'NONE', #902, 100.0000000000000142 ) ;
#96 = VERTEX_POINT ( 'NONE', #1082 ) ;
#97 = CIRCLE ( 'NONE', #156, 0.6999999999999999556 ) ;
#98 = DIRECTION ( 'NONE',  ( 0.000000000000000000, -1.334382531749145761E-15, -1.000000000000000000 ) ) ;
#99 = FACE_OUTER_BOUND ( 'NONE', #592, .T. ) ;
#100 = VECTOR ( 'NONE', #1505, 100.0000000000000000 ) ;
#101 = ORIENTED_EDGE ( 'NONE', *, *, #44, .F. ) ;
#102 = CARTESIAN_POINT ( 'NONE',  ( 0.6999999999999999556, -12.77695210471835630, 8.276287728388172837 ) ) ;
#103 = DIRECTION ( 'NONE',  ( 0.000000000000000000, -1.334382531749145564E-15, -1.000000000000000000 ) ) ;
#104 = ADVANCED_FACE ( 'NONE', ( #1102 ), #1513, .T. ) ;
#105 = ORIENTED_EDGE ( 'NONE', *, *, #1723, .F. ) ;
#106 = LINE ( 'NONE', #1006, #1095 ) ;
#107 = EDGE_CURVE ( 'NONE', #1312, #1455, #356, .T. ) ;
#108 = CARTESIAN_POINT ( 'NONE',  ( 0.3999999999999999112, -0.3999999999999999112, -3.102281004745120807 ) ) ;
#109 = ORIENTED_EDGE ( 'NONE', *, *, #1403, .F. ) ;
#110 = CYLINDRICAL_SURFACE ( 'NONE', #1366, 1.299999999999999822 ) ;
#111 = DIRECTION ( 'NONE',  ( -0.000000000000000000, 1.000000000000000000, 1.954618001100628066E-16 ) ) ;
#112 = FACE_OUTER_BOUND ( 'NONE', #984, .T. ) ;
#113 = VERTEX_POINT ( 'NONE', #1532 ) ;
#114 = FACE_OUTER_BOUND ( 'NONE', #1636, .T. ) ;
#115 = CIRCLE ( 'NONE', #1184, 1.000000000000000222 ) ;
#116 = EDGE_CURVE ( 'NONE', #1671, #1555, #1069, .T. ) ;
#117 = AXIS2_PLACEMENT_3D ( 'NONE', #1778, #1170, #1045 ) ;
#118 = LINE ( 'NONE', #322, #664 ) ;
#119 = ADVANCED_FACE ( 'NONE', ( #641 ), #73, .F. ) ;
#120 = CARTESIAN_POINT ( 'NONE',  ( 1.199999999999999734, -0.3999999999999999112, 4.250000000000000888 ) ) ;
#121 = VERTEX_POINT ( 'NONE', #685 ) ;
#122 = DIRECTION ( 'NONE',  ( 0.000000000000000000, 0.000000000000000000, -1.000000000000000000 ) ) ;
#123 = DIRECTION ( 'NONE',  ( -0.000000000000000000, -0.9615239476408232733, 0.2747211278973779036 ) ) ;
#124 = ORIENTED_EDGE ( 'NONE', *, *, #513, .T. ) ;
#125 = LINE ( 'NONE', #143, #461 ) ;
#126 = ORIENTED_EDGE ( 'NONE', *, *, #1630, .T. ) ;
#127 = ORIENTED_EDGE ( 'NONE', *, *, #1321, .T. ) ;
#128 = APPROVAL ( #1526, 'UNSPECIFIED' ) ;
#129 = LINE ( 'NONE', #412, #848 ) ;
#130 = VECTOR ( 'NONE', #709, 100.0000000000000000 ) ;
#131 = ORIENTED_EDGE ( 'NONE', *, *, #996, .T. ) ;
#132 = DIRECTION ( 'NONE',  ( 0.000000000000000000, 0.000000000000000000, 1.000000000000000000 ) ) ;
#133 = PLANE ( 'NONE',  #1216 ) ;
#134 = ORIENTED_EDGE ( 'NONE', *, *, #1714, .T. ) ;
#135 = FACE_OUTER_BOUND ( 'NONE', #91, .T. ) ;
#136 = EDGE_CURVE ( 'NONE', #1880, #1503, #530, .T. ) ;
#137 = ORIENTED_EDGE ( 'NONE', *, *, #1845, .F. ) ;
#138 = EDGE_LOOP ( 'NONE', ( #1788, #749, #161, #872 ) ) ;
#139 = CIRCLE ( 'NONE', #295, 1.000000000000000222 ) ;
#140 = LINE ( 'NONE', #1451, #1620 ) ;
#141 = CARTESIAN_POINT ( 'NONE',  ( 0.4999999999999997780, -0.6999999999999999556, 4.250000000000000888 ) ) ;
#142 = ORIENTED_EDGE ( 'NONE', *, *, #1428, .T. ) ;
#143 = CARTESIAN_POINT ( 'NONE',  ( 0.6999999999999999556, -13.58464731519019608, -8.949354491736755790 ) ) ;
#144 = EDGE_CURVE ( 'NONE', #1676, #299, #665, .T. ) ;
#145 = ORIENTED_EDGE ( 'NONE', *, *, #1067, .F. ) ;
#146 = EDGE_LOOP ( 'NONE', ( #1540, #165, #300, #60 ) ) ;
#147 = VECTOR ( 'NONE', #1650, 100.0000000000000142 ) ;
#148 = DIRECTION ( 'NONE',  ( 0.000000000000000000, 0.000000000000000000, -1.000000000000000000 ) ) ;
#149 = VERTEX_POINT ( 'NONE', #82 ) ;
#150 = DIRECTION ( 'NONE',  ( 0.000000000000000000, -0.000000000000000000, 1.000000000000000000 ) ) ;
#151 = ORIENTED_EDGE ( 'NONE', *, *, #526, .F. ) ;
#152 = ORIENTED_EDGE ( 'NONE', *, *, #1904, .T. ) ;
#153 = DIRECTION ( 'NONE',  ( -1.000000000000000000, 0.000000000000000000, 0.000000000000000000 ) ) ;
#154 = CARTESIAN_POINT ( 'NONE',  ( 0.6999999999999999556, -12.02527887210262847, 4.655762566520601275 ) ) ;
#155 = VECTOR ( 'NONE', #219, 99.99999999999998579 ) ;
#156 = AXIS2_PLACEMENT_3D ( 'NONE', #1324, #707, #1152 ) ;
#157 = EDGE_LOOP ( 'NONE', ( #1404, #77, #1881, #1791 ) ) ;
#158 = EDGE_CURVE ( 'NONE', #96, #1510, #388, .T. ) ;
#159 = DIRECTION ( 'NONE',  ( 0.000000000000000000, 1.000000000000000000, 0.000000000000000000 ) ) ;
#160 = CARTESIAN_POINT ( 'NONE',  ( -0.5000000000000004441, -0.6999999999999999556, -5.249999999999999112 ) ) ;
#161 = ORIENTED_EDGE ( 'NONE', *, *, #1564, .T. ) ;
#162 = CC_DESIGN_APPROVAL ( #128, ( #318 ) ) ;
#163 = CARTESIAN_POINT ( 'NONE',  ( 0.3999999999999999112, -14.30000000000000071, 9.153740973110982893 ) ) ;
#164 = VECTOR ( 'NONE', #1232, 100.0000000000000000 ) ;
#165 = ORIENTED_EDGE ( 'NONE', *, *, #1630, .F. ) ;
#166 = EDGE_CURVE ( 'NONE', #893, #1036, #819, .T. ) ;
#167 =( NAMED_UNIT ( * ) SI_UNIT ( $, .STERADIAN. ) SOLID_ANGLE_UNIT ( ) );
#168 = ADVANCED_FACE ( 'NONE', ( #1572 ), #1581, .T. ) ;
#169 = CARTESIAN_POINT ( 'NONE',  ( 0.6999999999999999556, -12.02527887210262136, -4.655762566520603052 ) ) ;
#170 = ORIENTED_EDGE ( 'NONE', *, *, #1651, .T. ) ;
#171 = CARTESIAN_POINT ( 'NONE',  ( 0.4999999999999997780, -0.6999999999999999556, -4.250000000000000000 ) ) ;
#172 = DIRECTION ( 'NONE',  ( 0.000000000000000000, 0.000000000000000000, -1.000000000000000000 ) ) ;
#173 = CARTESIAN_POINT ( 'NONE',  ( -0.4999999999999933387, -0.6999999999999999556, -5.249999999999999112 ) ) ;
#174 = LINE ( 'NONE', #767, #505 ) ;
#175 = DATE_AND_TIME ( #1104, #762 ) ;
#176 = ADVANCED_FACE ( 'NONE', ( #540 ), #1718, .F. ) ;
#177 = EDGE_CURVE ( 'NONE', #1880, #1337, #1560, .T. ) ;
#178 = CARTESIAN_POINT ( 'NONE',  ( -0.4000000000000000222, -12.13408957098494945, -6.454878025026536292 ) ) ;
#179 = VECTOR ( 'NONE', #897, 100.0000000000000000 ) ;
#180 = EDGE_LOOP ( 'NONE', ( #1433, #1247, #768, #552 ) ) ;
#181 = VECTOR ( 'NONE', #1339, 100.0000000000000000 ) ;
#182 = DIRECTION ( 'NONE',  ( -0.000000000000000000, -0.9615239476408232733, 0.2747211278973779036 ) ) ;
#183 = CIRCLE ( 'NONE', #1624, 1.000000000000000222 ) ;
#184 = CARTESIAN_POINT ( 'NONE',  ( -0.6999999999999999556, -0.6999999999999990674, -3.500000000000000444 ) ) ;
#185 = FACE_OUTER_BOUND ( 'NONE', #1757, .T. ) ;
#186 = CARTESIAN_POINT ( 'NONE',  ( -0.6999999999999999556, -14.70000000000000284, 9.580031396937290111 ) ) ;
#187 = PERSON_AND_ORGANIZATION ( #1515, #415 ) ;
#188 = EDGE_CURVE ( 'NONE', #1172, #309, #68, .T. ) ;
#189 = CYLINDRICAL_SURFACE ( 'NONE', #695, 1.300000000000000044 ) ;
#190 = ORIENTED_EDGE ( 'NONE', *, *, #1243, .F. ) ;
#191 = AXIS2_PLACEMENT_3D ( 'NONE', #1309, #1462, #1906 ) ;
#192 = DIRECTION ( 'NONE',  ( 1.000000000000000000, -0.000000000000000000, 0.000000000000000000 ) ) ;
#193 = CIRCLE ( 'NONE', #286, 0.9999999999999995559 ) ;
#194 = CARTESIAN_POINT ( 'NONE',  ( 0.6999999999999999556, -13.77695210471835630, 8.276287728388172837 ) ) ;
#195 = CARTESIAN_POINT ( 'NONE',  ( -0.4000000000000000222, -13.07695210471835701, 7.704859156959603439 ) ) ;
#196 = APPROVAL_ROLE ( '' ) ;
#197 = EDGE_CURVE ( 'NONE', #113, #907, #1277, .T. ) ;
#198 = LOCAL_TIME ( 18, 4, 14.00000000000000000, #1542 ) ;
#199 = FACE_OUTER_BOUND ( 'NONE', #180, .T. ) ;
#200 = ORIENTED_EDGE ( 'NONE', *, *, #3, .T. ) ;
#201 = CARTESIAN_POINT ( 'NONE',  ( -0.6999999999999999556, 0.3222558574127911135, 1.127895500944769536 ) ) ;
#202 = ORIENTED_EDGE ( 'NONE', *, *, #1116, .F. ) ;
#203 = CARTESIAN_POINT ( 'NONE',  ( -0.5000000000000004441, -0.3999999999999999112, -4.949999999999999289 ) ) ;
#204 = PERSON_AND_ORGANIZATION ( #1515, #415 ) ;
#205 = EDGE_CURVE ( 'NONE', #96, #1588, #1704, .T. ) ;
#206 = EDGE_LOOP ( 'NONE', ( #538, #464, #1770, #314 ) ) ;
#207 = DIRECTION ( 'NONE',  ( 1.000000000000000000, -0.000000000000000000, -0.000000000000000000 ) ) ;
#208 = CARTESIAN_POINT ( 'NONE',  ( 0.6999999999999999556, -12.77695210471835630, 7.704859156959602551 ) ) ;
#209 = ORIENTED_EDGE ( 'NONE', *, *, #1563, .T. ) ;
#210 = DIRECTION ( 'NONE',  ( -1.000000000000000000, 0.000000000000000000, -0.000000000000000000 ) ) ;
#211 = VECTOR ( 'NONE', #150, 100.0000000000000000 ) ;
#212 = DIRECTION ( 'NONE',  ( 0.000000000000000000, -0.2747211278973779591, -0.9615239476408232733 ) ) ;
#213 = CARTESIAN_POINT ( 'NONE',  ( 1.199999999999999289, -0.6999999999999999556, 4.249999999999995559 ) ) ;
#214 = ORIENTED_EDGE ( 'NONE', *, *, #1690, .F. ) ;
#215 = CARTESIAN_POINT ( 'NONE',  ( -0.6999999999999999556, -12.77695210471835630, 8.276287728388172837 ) ) ;
#216 = DIRECTION ( 'NONE',  ( 0.000000000000000000, 1.000000000000000000, 0.000000000000000000 ) ) ;
#217 = EDGE_CURVE ( 'NONE', #1555, #10, #1267, .T. ) ;
#218 = ORIENTED_EDGE ( 'NONE', *, *, #323, .T. ) ;
#219 = DIRECTION ( 'NONE',  ( 0.000000000000000000, -0.9615239476408232733, 0.2747211278973779036 ) ) ;
#220 = ADVANCED_FACE ( 'NONE', ( #537 ), #1126, .F. ) ;
#221 = DIRECTION ( 'NONE',  ( 0.000000000000000000, 1.000000000000000000, 0.000000000000000000 ) ) ;
#222 = CARTESIAN_POINT ( 'NONE',  ( 0.6999999999999999556, 0.3222558574127913911, -1.127895500944769314 ) ) ;
#223 = ORIENTED_EDGE ( 'NONE', *, *, #205, .F. ) ;
#224 = VECTOR ( 'NONE', #807, 99.99999999999998579 ) ;
#225 = FACE_OUTER_BOUND ( 'NONE', #45, .T. ) ;
#226 = DIRECTION ( 'NONE',  ( -0.000000000000000000, 0.2747211278973787918, 0.9615239476408230512 ) ) ;
#227 = ORIENTED_EDGE ( 'NONE', *, *, #1709, .T. ) ;
#228 = DIRECTION ( 'NONE',  ( 0.000000000000000000, -1.954618001100628066E-16, 1.000000000000000000 ) ) ;
#229 = CARTESIAN_POINT ( 'NONE',  ( 0.6999999999999999556, 1.421140369002303006, 4.973991291508046864 ) ) ;
#230 = LINE ( 'NONE', #222, #1145 ) ;
#231 = CIRCLE ( 'NONE', #484, 0.7000000000000006217 ) ;
#232 = ORIENTED_EDGE ( 'NONE', *, *, #1554, .F. ) ;
#233 = EDGE_CURVE ( 'NONE', #317, #21, #1853, .T. ) ;
#234 = DIRECTION ( 'NONE',  ( 0.000000000000000000, 0.9615239476408231623, 0.2747211278973781257 ) ) ;
#235 = CARTESIAN_POINT ( 'NONE',  ( 0.6999999999999999556, -12.77695210471835630, 7.704859156959602551 ) ) ;
#236 = ORIENTED_EDGE ( 'NONE', *, *, #205, .T. ) ;
#237 = DIRECTION ( 'NONE',  ( 0.000000000000000000, 0.000000000000000000, 1.000000000000000000 ) ) ;
#238 = DIRECTION ( 'NONE',  ( 0.000000000000000000, 0.000000000000000000, 1.000000000000000000 ) ) ;
#239 = CARTESIAN_POINT ( 'NONE',  ( -0.6999999999999999556, -14.70000000000000284, 0.000000000000000000 ) ) ;
#240 = ORIENTED_EDGE ( 'NONE', *, *, #1709, .F. ) ;
#241 = DIRECTION ( 'NONE',  ( -1.000000000000000000, 0.000000000000000000, -0.000000000000000000 ) ) ;
#242 = CARTESIAN_POINT ( 'NONE',  ( 0.3999999999999999112, -13.07695210471835878, -8.276287728388179943 ) ) ;
#243 = EDGE_CURVE ( 'NONE', #417, #633, #1427, .T. ) ;
#244 = ORIENTED_EDGE ( 'NONE', *, *, #1396, .F. ) ;
#245 = DIRECTION ( 'NONE',  ( 1.000000000000000000, 0.000000000000000000, 0.000000000000000000 ) ) ;
#246 = CARTESIAN_POINT ( 'NONE',  ( -0.6999999999999999556, -12.77695210471836695, 1.704934169753166917E-14 ) ) ;
#247 = EDGE_CURVE ( 'NONE', #1815, #975, #380, .T. ) ;
#248 = CIRCLE ( 'NONE', #191, 1.000000000000000222 ) ;
#249 = EDGE_LOOP ( 'NONE', ( #1229, #1865, #676, #71 ) ) ;
#250 = VECTOR ( 'NONE', #1269, 100.0000000000000000 ) ;
#251 = AXIS2_PLACEMENT_3D ( 'NONE', #1313, #571, #423 ) ;
#252 = DIRECTION ( 'NONE',  ( 0.000000000000000000, 1.000000000000000000, 0.000000000000000000 ) ) ;
#253 = LINE ( 'NONE', #1594, #39 ) ;
#254 = DIRECTION ( 'NONE',  ( 0.000000000000000000, 1.239088197126290570E-16, -1.000000000000000000 ) ) ;
#255 = VECTOR ( 'NONE', #153, 100.0000000000000000 ) ;
#256 = EDGE_LOOP ( 'NONE', ( #1716, #151, #595, #1465 ) ) ;
#257 = CARTESIAN_POINT ( 'NONE',  ( 0.3999999999999999112, 0.000000000000000000, 0.000000000000000000 ) ) ;
#258 = CARTESIAN_POINT ( 'NONE',  ( 0.6999999999999999556, -13.30000000000000071, -2.599641941463834968E-15 ) ) ;
#259 = FACE_OUTER_BOUND ( 'NONE', #544, .T. ) ;
#260 = ADVANCED_FACE ( 'NONE', ( #949 ), #385, .F. ) ;
#261 = EDGE_LOOP ( 'NONE', ( #564, #840, #648, #232 ) ) ;
#262 = ADVANCED_FACE ( 'NONE', ( #657 ), #353, .F. ) ;
#263 = CARTESIAN_POINT ( 'NONE',  ( 0.6999999999999999556, 0.8716981132075471983, -3.050943396226415416 ) ) ;
#264 = CARTESIAN_POINT ( 'NONE',  ( 0.6999999999999999556, -13.07695210471836766, 1.744965645705641235E-14 ) ) ;
#265 = DIRECTION ( 'NONE',  ( 0.000000000000000000, 0.000000000000000000, 1.000000000000000000 ) ) ;
#266 = VERTEX_POINT ( 'NONE', #90 ) ;
#267 = CYLINDRICAL_SURFACE ( 'NONE', #1276, 1.299999999999999822 ) ;
#268 = CARTESIAN_POINT ( 'NONE',  ( 0.6999999999999999556, -13.60000000000000142, -2.658280481496853894E-15 ) ) ;
#269 = VERTEX_POINT ( 'NONE', #1546 ) ;
#270 = CARTESIAN_POINT ( 'NONE',  ( 0.6999999999999999556, -13.30000000000000071, 3.694238618879777114 ) ) ;
#271 = VERTEX_POINT ( 'NONE', #977 ) ;
#272 = ORIENTED_EDGE ( 'NONE', *, *, #1643, .F. ) ;
#273 = PLANE ( 'NONE',  #698 ) ;
#274 = VECTOR ( 'NONE', #646, 100.0000000000000000 ) ;
#275 = AXIS2_PLACEMENT_3D ( 'NONE', #555, #1144, #864 ) ;
#276 = AXIS2_PLACEMENT_3D ( 'NONE', #258, #858, #1452 ) ;
#277 = EDGE_LOOP ( 'NONE', ( #1087, #101, #1682, #516 ) ) ;
#278 = EDGE_CURVE ( 'NONE', #1213, #598, #1127, .T. ) ;
#279 = DIRECTION ( 'NONE',  ( 1.000000000000000000, -0.000000000000000000, 0.000000000000000000 ) ) ;
#280 = DIRECTION ( 'NONE',  ( -1.000000000000000000, 0.000000000000000000, 0.000000000000000000 ) ) ;
#281 = EDGE_LOOP ( 'NONE', ( #693, #965, #1017, #752, #1134, #422, #1186, #781, #1547, #1211, #740, #843, #856, #12, #1753, #1644, #710, #706 ) ) ;
#282 = DIRECTION ( 'NONE',  ( 0.000000000000000000, 1.000000000000000000, 0.000000000000000000 ) ) ;
#283 = ORIENTED_EDGE ( 'NONE', *, *, #1723, .T. ) ;
#284 = ORIENTED_EDGE ( 'NONE', *, *, #1924, .F. ) ;
#285 = CARTESIAN_POINT ( 'NONE',  ( 0.4999999999999924505, -0.6999999999999999556, -5.249999999999999112 ) ) ;
#286 = AXIS2_PLACEMENT_3D ( 'NONE', #1578, #692, #816 ) ;
#287 = EDGE_CURVE ( 'NONE', #1474, #317, #193, .T. ) ;
#288 = CARTESIAN_POINT ( 'NONE',  ( 0.6999999999999999556, -11.77695210471835630, -7.704859156959605215 ) ) ;
#289 = DIRECTION ( 'NONE',  ( 1.000000000000000000, -0.000000000000000000, 0.000000000000000000 ) ) ;
#290 = CC_DESIGN_APPROVAL ( #821, ( #1507 ) ) ;
#291 = ORIENTED_EDGE ( 'NONE', *, *, #1742, .F. ) ;
#292 = CARTESIAN_POINT ( 'NONE',  ( 0.4999999999999997780, 0.000000000000000000, 4.250000000000000888 ) ) ;
#293 = ORIENTED_EDGE ( 'NONE', *, *, #1112, .F. ) ;
#294 = VERTEX_POINT ( 'NONE', #70 ) ;
#295 = AXIS2_PLACEMENT_3D ( 'NONE', #38, #20, #1382 ) ;
#296 = CARTESIAN_POINT ( 'NONE',  ( 0.4999999999999924505, -0.6999999999999999556, 4.950000000000000178 ) ) ;
#297 = VERTEX_POINT ( 'NONE', #1288 ) ;
#298 = CARTESIAN_POINT ( 'NONE',  ( 0.6999999999999999556, -13.07695210471835878, -7.704859156959602551 ) ) ;
#299 = VERTEX_POINT ( 'NONE', #242 ) ;
#300 = ORIENTED_EDGE ( 'NONE', *, *, #863, .T. ) ;
#301 = CARTESIAN_POINT ( 'NONE',  ( 0.6999999999999999556, -14.30000000000000071, -9.153740973110984669 ) ) ;
#302 = VECTOR ( 'NONE', #922, 100.0000000000000142 ) ;
#303 = EDGE_CURVE ( 'NONE', #1020, #677, #885, .T. ) ;
#304 = DIRECTION ( 'NONE',  ( -1.000000000000000000, 0.000000000000000000, 0.000000000000000000 ) ) ;
#305 = EDGE_CURVE ( 'NONE', #1927, #849, #1290, .T. ) ;
#306 = ORIENTED_EDGE ( 'NONE', *, *, #247, .F. ) ;
#307 = DIRECTION ( 'NONE',  ( 0.000000000000000000, 0.000000000000000000, -1.000000000000000000 ) ) ;
#308 = ORIENTED_EDGE ( 'NONE', *, *, #1396, .T. ) ;
#309 = VERTEX_POINT ( 'NONE', #394 ) ;
#310 = CARTESIAN_POINT ( 'NONE',  ( 1.499999999999999334, -0.6999999999999999556, -4.249999999999992006 ) ) ;
#311 = EDGE_CURVE ( 'NONE', #1823, #850, #1385, .T. ) ;
#312 = CARTESIAN_POINT ( 'NONE',  ( 0.6999999999999999556, -12.77695210471835807, -7.704859156959603439 ) ) ;
#313 = CIRCLE ( 'NONE', #660, 1.300000000000000488 ) ;
#314 = ORIENTED_EDGE ( 'NONE', *, *, #1690, .T. ) ;
#315 = CARTESIAN_POINT ( 'NONE',  ( 0.3999999999999999112, 0.4046721957820045290, 1.416352685237016296 ) ) ;
#316 = CARTESIAN_POINT ( 'NONE',  ( -0.4999999999999933387, 0.000000000000000000, 5.250000000000000888 ) ) ;
#317 = VERTEX_POINT ( 'NONE', #208 ) ;
#318 = PRODUCT_DEFINITION_FORMATION_WITH_SPECIFIED_SOURCE ( 'ANY', '', #499, .NOT_KNOWN. ) ;
#319 = CARTESIAN_POINT ( 'NONE',  ( 0.6999999999999999556, -12.77695210471835807, -8.276287728388179943 ) ) ;
#320 = VECTOR ( 'NONE', #679, 100.0000000000000000 ) ;
#321 = EDGE_CURVE ( 'NONE', #606, #1686, #445, .T. ) ;
#322 = CARTESIAN_POINT ( 'NONE',  ( 0.6999999999999999556, -13.07695210471835701, 8.276287728388172837 ) ) ;
#323 = EDGE_CURVE ( 'NONE', #609, #606, #1685, .T. ) ;
#324 = AXIS2_PLACEMENT_3D ( 'NONE', #628, #953, #330 ) ;
#325 = FACE_OUTER_BOUND ( 'NONE', #728, .T. ) ;
#326 = ORIENTED_EDGE ( 'NONE', *, *, #700, .T. ) ;
#327 = DIRECTION ( 'NONE',  ( -1.000000000000000000, 0.000000000000000000, -0.000000000000000000 ) ) ;
#328 = CARTESIAN_POINT ( 'NONE',  ( 0.3999999999999999112, -12.30000000000000071, -3.694238618879779779 ) ) ;
#329 = DIRECTION ( 'NONE',  ( 0.000000000000000000, -0.9615239476408231623, -0.2747211278973780701 ) ) ;
#330 = DIRECTION ( 'NONE',  ( 0.000000000000000000, 0.000000000000000000, -1.000000000000000000 ) ) ;
#331 = APPLICATION_PROTOCOL_DEFINITION ( 'international standard', 'config_control_design', 1994, #462 ) ;
#332 = EDGE_CURVE ( 'NONE', #1484, #808, #515, .T. ) ;
#333 = CARTESIAN_POINT ( 'NONE',  ( -0.6999999999999999556, -13.50223097682097873, -9.237811676029002328 ) ) ;
#334 = AXIS2_PLACEMENT_3D ( 'NONE', #440, #1626, #738 ) ;
#335 = VERTEX_POINT ( 'NONE', #1596 ) ;
#336 = EDGE_CURVE ( 'NONE', #335, #1455, #573, .T. ) ;
#337 = CARTESIAN_POINT ( 'NONE',  ( 1.199999999999999734, -0.2999999999999999889, 4.250000000000000888 ) ) ;
#338 = DIRECTION ( 'NONE',  ( 0.000000000000000000, 0.9615239476408231623, -0.2747211278973779036 ) ) ;
#339 = CARTESIAN_POINT ( 'NONE',  ( -1.200000000000000400, -0.6999999999999999556, -4.249999999999993783 ) ) ;
#340 = PERSON_AND_ORGANIZATION ( #1515, #415 ) ;
#341 = LINE ( 'NONE', #1199, #502 ) ;
#342 = ORIENTED_EDGE ( 'NONE', *, *, #1204, .T. ) ;
#343 = AXIS2_PLACEMENT_3D ( 'NONE', #911, #1509, #940 ) ;
#344 = EDGE_CURVE ( 'NONE', #1296, #1020, #1315, .T. ) ;
#345 = CIRCLE ( 'NONE', #602, 0.9999999999999995559 ) ;
#346 = VECTOR ( 'NONE', #401, 100.0000000000000000 ) ;
#347 = FACE_OUTER_BOUND ( 'NONE', #1105, .T. ) ;
#348 = CARTESIAN_POINT ( 'NONE',  ( 0.6999999999999999556, 0.8716981132075471983, -3.050943396226415416 ) ) ;
#349 = LINE ( 'NONE', #811, #1483 ) ;
#350 = VECTOR ( 'NONE', #98, 100.0000000000000000 ) ;
#351 = VERTEX_POINT ( 'NONE', #854 ) ;
#352 = CARTESIAN_POINT ( 'NONE',  ( 0.6999999999999999556, -13.07695210471835878, -8.276287728388179943 ) ) ;
#353 = PLANE ( 'NONE',  #1475 ) ;
#354 = ORIENTED_EDGE ( 'NONE', *, *, #1347, .F. ) ;
#355 = CARTESIAN_POINT ( 'NONE',  ( 0.6999999999999999556, -12.30000000000000071, 3.694238618879777114 ) ) ;
#356 = LINE ( 'NONE', #37, #164 ) ;
#357 = PLANE ( 'NONE',  #1234 ) ;
#358 = PERSON_AND_ORGANIZATION ( #1515, #415 ) ;
#359 = APPLICATION_CONTEXT ( 'configuration controlled 3d designs of mechanical parts and assemblies' ) ;
#360 = EDGE_CURVE ( 'NONE', #1093, #431, #1449, .T. ) ;
#361 = ORIENTED_EDGE ( 'NONE', *, *, #1098, .T. ) ;
#362 = DIRECTION ( 'NONE',  ( 0.000000000000000000, 0.000000000000000000, 1.000000000000000000 ) ) ;
#363 = EDGE_CURVE ( 'NONE', #417, #1020, #1902, .T. ) ;
#364 = DIRECTION ( 'NONE',  ( 1.000000000000000000, -0.000000000000000000, -0.000000000000000000 ) ) ;
#365 = VERTEX_POINT ( 'NONE', #1437 ) ;
#366 = DIRECTION ( 'NONE',  ( 0.000000000000000000, 0.000000000000000000, 1.000000000000000000 ) ) ;
#367 = AXIS2_PLACEMENT_3D ( 'NONE', #1746, #1928, #727 ) ;
#368 = EDGE_CURVE ( 'NONE', #1168, #376, #1166, .T. ) ;
#369 = VECTOR ( 'NONE', #426, 100.0000000000000142 ) ;
#370 = CARTESIAN_POINT ( 'NONE',  ( 0.4999999999999997780, -0.3999999999999999112, 4.250000000000000888 ) ) ;
#371 = CARTESIAN_POINT ( 'NONE',  ( -0.6999999999999999556, -2.582494953678585059, 3.469446951953614189E-16 ) ) ;
#372 = CIRCLE ( 'NONE', #1527, 0.6999999999999999556 ) ;
#373 = ORIENTED_EDGE ( 'NONE', *, *, #1924, .T. ) ;
#374 = CARTESIAN_POINT ( 'NONE',  ( -0.5000000000000004441, 0.000000000000000000, 4.250000000000000000 ) ) ;
#375 = CARTESIAN_POINT ( 'NONE',  ( 0.6999999999999999556, -13.07695210471834812, 1.744965645705634924E-14 ) ) ;
#376 = VERTEX_POINT ( 'NONE', #842 ) ;
#377 = LINE ( 'NONE', #980, #1769 ) ;
#378 = DIRECTION ( 'NONE',  ( 0.000000000000000000, 0.000000000000000000, -1.000000000000000000 ) ) ;
#379 = PLANE ( 'NONE',  #1307 ) ;
#380 = CIRCLE ( 'NONE', #1634, 0.9999999999999995559 ) ;
#381 = ADVANCED_FACE ( 'NONE', ( #99 ), #1608, .T. ) ;
#382 = VECTOR ( 'NONE', #207, 100.0000000000000000 ) ;
#383 = ORIENTED_EDGE ( 'NONE', *, *, #398, .T. ) ;
#384 = DIRECTION ( 'NONE',  ( 0.000000000000000000, -1.334382531749145761E-15, -1.000000000000000000 ) ) ;
#385 = CYLINDRICAL_SURFACE ( 'NONE', #788, 0.7000000000000006217 ) ;
#386 = VERTEX_POINT ( 'NONE', #108 ) ;
#387 = CARTESIAN_POINT ( 'NONE',  ( 1.499999999999999556, 0.000000000000000000, 4.249999999999993783 ) ) ;
#388 = LINE ( 'NONE', #1282, #1570 ) ;
#389 = CARTESIAN_POINT ( 'NONE',  ( 0.6999999999999999556, 0.8716981132075467542, 3.050943396226415416 ) ) ;
#390 = AXIS2_PLACEMENT_3D ( 'NONE', #508, #1679, #1523 ) ;
#391 = ORIENTED_EDGE ( 'NONE', *, *, #197, .T. ) ;
#392 = ADVANCED_FACE ( 'NONE', ( #702 ), #1306, .T. ) ;
#393 = CARTESIAN_POINT ( 'NONE',  ( 0.6999999999999999556, -0.6999999999999990674, -3.500000000000000444 ) ) ;
#394 = CARTESIAN_POINT ( 'NONE',  ( 1.199999999999999289, -0.2999999999999999889, 4.249999999999995559 ) ) ;
#395 = ORIENTED_EDGE ( 'NONE', *, *, #1590, .T. ) ;
#396 = LINE ( 'NONE', #1421, #847 ) ;
#397 = FACE_OUTER_BOUND ( 'NONE', #581, .T. ) ;
#398 = EDGE_CURVE ( 'NONE', #1711, #1213, #1458, .T. ) ;
#399 = VECTOR ( 'NONE', #987, 100.0000000000000000 ) ;
#400 = VERTEX_POINT ( 'NONE', #1034 ) ;
#401 = DIRECTION ( 'NONE',  ( 1.000000000000000000, 0.000000000000000000, 0.000000000000000000 ) ) ;
#402 = CARTESIAN_POINT ( 'NONE',  ( 0.3999999999999999112, -13.07695210471835701, 7.704859156959603439 ) ) ;
#403 = DIRECTION ( 'NONE',  ( -1.000000000000000000, 0.000000000000000000, 0.000000000000000000 ) ) ;
#404 = ORIENTED_EDGE ( 'NONE', *, *, #1662, .T. ) ;
#405 = CYLINDRICAL_SURFACE ( 'NONE', #621, 1.882494953678584881 ) ;
#406 = LINE ( 'NONE', #1717, #779 ) ;
#407 = EDGE_CURVE ( 'NONE', #1337, #893, #1895, .T. ) ;
#408 = DIRECTION ( 'NONE',  ( -1.000000000000000000, 0.000000000000000000, 0.000000000000000000 ) ) ;
#409 = ORIENTED_EDGE ( 'NONE', *, *, #637, .T. ) ;
#410 = AXIS2_PLACEMENT_3D ( 'NONE', #933, #42, #1677 ) ;
#411 = AXIS2_PLACEMENT_3D ( 'NONE', #1752, #1618, #852 ) ;
#412 = CARTESIAN_POINT ( 'NONE',  ( -0.6999999999999999556, 1.421140369002303894, -4.973991291508068180 ) ) ;
#413 = DIRECTION ( 'NONE',  ( 0.000000000000000000, 0.000000000000000000, -1.000000000000000000 ) ) ;
#414 = CARTESIAN_POINT ( 'NONE',  ( 0.6999999999999999556, -12.77695210471835807, -8.276287728388179943 ) ) ;
#415 = ORGANIZATION ( 'UNSPECIFIED', 'UNSPECIFIED', '' ) ;
#416 = AXIS2_PLACEMENT_3D ( 'NONE', #776, #793, #1381 ) ;
#417 = VERTEX_POINT ( 'NONE', #1044 ) ;
#418 = DIRECTION ( 'NONE',  ( 0.000000000000000000, 0.000000000000000000, -1.000000000000000000 ) ) ;
#419 = DIRECTION ( 'NONE',  ( 0.000000000000000000, 1.000000000000000000, -0.000000000000000000 ) ) ;
#420 = LINE ( 'NONE', #1910, #715 ) ;
#421 = ORIENTED_EDGE ( 'NONE', *, *, #1264, .T. ) ;
#422 = ORIENTED_EDGE ( 'NONE', *, *, #321, .F. ) ;
#423 = DIRECTION ( 'NONE',  ( 0.000000000000000000, 0.000000000000000000, -1.000000000000000000 ) ) ;
#424 = EDGE_CURVE ( 'NONE', #400, #606, #1021, .T. ) ;
#425 = ORIENTED_EDGE ( 'NONE', *, *, #1639, .F. ) ;
#426 = DIRECTION ( 'NONE',  ( 0.000000000000000000, -0.9615239476408231623, -0.2747211278973781257 ) ) ;
#427 = DIRECTION ( 'NONE',  ( 0.000000000000000000, 1.239088197126290570E-16, -1.000000000000000000 ) ) ;
#428 = ORIENTED_EDGE ( 'NONE', *, *, #910, .F. ) ;
#429 = CARTESIAN_POINT ( 'NONE',  ( 0.3999999999999999112, -12.13408957098495833, 6.454878025026535404 ) ) ;
#430 = ORIENTED_EDGE ( 'NONE', *, *, #927, .F. ) ;
#431 = VERTEX_POINT ( 'NONE', #1188 ) ;
#432 = DIRECTION ( 'NONE',  ( 0.000000000000000000, 0.2747211278973778481, -0.9615239476408232733 ) ) ;
#433 = AXIS2_PLACEMENT_3D ( 'NONE', #1703, #545, #234 ) ;
#434 = VECTOR ( 'NONE', #721, 100.0000000000000000 ) ;
#435 = AXIS2_PLACEMENT_3D ( 'NONE', #1632, #289, #1623 ) ;
#436 = ORIENTED_EDGE ( 'NONE', *, *, #927, .T. ) ;
#437 = DIRECTION ( 'NONE',  ( 1.000000000000000000, -0.000000000000000000, -0.000000000000000000 ) ) ;
#438 = CARTESIAN_POINT ( 'NONE',  ( -0.4999999999999933387, -0.6999999999999999556, 5.250000000000000888 ) ) ;
#439 = ORIENTED_EDGE ( 'NONE', *, *, #1683, .T. ) ;
#440 = CARTESIAN_POINT ( 'NONE',  ( 0.6999999999999999556, 0.7892817748383338383, -2.762486211934168434 ) ) ;
#441 = ORIENTED_EDGE ( 'NONE', *, *, #1583, .F. ) ;
#442 = VERTEX_POINT ( 'NONE', #1777 ) ;
#443 = AXIS2_PLACEMENT_3D ( 'NONE', #1051, #1822, #1079 ) ;
#444 = CIRCLE ( 'NONE', #251, 1.882494953678584881 ) ;
#445 = CIRCLE ( 'NONE', #969, 1.299999999999999822 ) ;
#446 = LINE ( 'NONE', #1640, #181 ) ;
#447 = CARTESIAN_POINT ( 'NONE',  ( 1.499999999999999556, -0.6999999999999999556, 4.249999999999993783 ) ) ;
#448 = VECTOR ( 'NONE', #241, 100.0000000000000000 ) ;
#449 = EDGE_LOOP ( 'NONE', ( #1332, #881, #452, #308, #26, #1039, #908, #990, #1627, #1030, #459, #1181, #404, #737, #1633, #451, #739, #1178, #1616, #131 ) ) ;
#450 = CARTESIAN_POINT ( 'NONE',  ( -0.6999999999999999556, -0.6999999999999995115, -8.673617379884028076E-17 ) ) ;
#451 = ORIENTED_EDGE ( 'NONE', *, *, #1369, .F. ) ;
#452 = ORIENTED_EDGE ( 'NONE', *, *, #1112, .T. ) ;
#453 = LINE ( 'NONE', #301, #100 ) ;
#454 = ADVANCED_FACE ( 'NONE', ( #1631 ), #267, .T. ) ;
#455 = DIRECTION ( 'NONE',  ( 0.000000000000000000, 0.000000000000000000, 1.000000000000000000 ) ) ;
#456 = ORIENTED_EDGE ( 'NONE', *, *, #1231, .T. ) ;
#457 = LINE ( 'NONE', #315, #1274 ) ;
#458 = ADVANCED_FACE ( 'NONE', ( #1011 ), #110, .T. ) ;
#459 = ORIENTED_EDGE ( 'NONE', *, *, #700, .F. ) ;
#460 = EDGE_LOOP ( 'NONE', ( #1202, #644, #1257, #1203, #1543, #1054, #272, #1357 ) ) ;
#461 = VECTOR ( 'NONE', #1173, 100.0000000000000000 ) ;
#462 = APPLICATION_CONTEXT ( 'configuration controlled 3d designs of mechanical parts and assemblies' ) ;
#463 = DIRECTION ( 'NONE',  ( 1.000000000000000000, -0.000000000000000000, 0.000000000000000000 ) ) ;
#464 = ORIENTED_EDGE ( 'NONE', *, *, #876, .T. ) ;
#465 = EDGE_CURVE ( 'NONE', #677, #582, #1622, .T. ) ;
#466 = CARTESIAN_POINT ( 'NONE',  ( 0.4999999999999924505, -0.6999999999999999556, -5.249999999999999112 ) ) ;
#467 = LINE ( 'NONE', #1456, #1839 ) ;
#468 = EDGE_CURVE ( 'NONE', #1196, #1445, #1117, .T. ) ;
#469 = ORIENTED_EDGE ( 'NONE', *, *, #144, .F. ) ;
#470 = DIRECTION ( 'NONE',  ( 0.000000000000000000, -0.9615239476408231623, -0.2747211278973780701 ) ) ;
#471 = ORIENTED_EDGE ( 'NONE', *, *, #1461, .F. ) ;
#472 = LINE ( 'NONE', #1892, #350 ) ;
#473 = VECTOR ( 'NONE', #1844, 100.0000000000000142 ) ;
#474 = FACE_OUTER_BOUND ( 'NONE', #1128, .T. ) ;
#475 = PRODUCT_DEFINITION ( 'UNKNOWN', '', #318, #747 ) ;
#476 = EDGE_LOOP ( 'NONE', ( #1291, #535, #1185, #1790 ) ) ;
#477 = DIRECTION ( 'NONE',  ( 1.000000000000000000, -0.000000000000000000, 0.000000000000000000 ) ) ;
#478 = DIRECTION ( 'NONE',  ( -1.000000000000000000, 0.000000000000000000, -0.000000000000000000 ) ) ;
#479 = DIRECTION ( 'NONE',  ( 0.000000000000000000, 1.954618001100628066E-16, -1.000000000000000000 ) ) ;
#480 = CARTESIAN_POINT ( 'NONE',  ( 0.6999999999999999556, -12.77695210471834741, 1.704934169753160607E-14 ) ) ;
#481 = VECTOR ( 'NONE', #696, 100.0000000000000000 ) ;
#482 = CALENDAR_DATE ( 2026, 29, 7 ) ;
#483 = EDGE_CURVE ( 'NONE', #883, #1393, #879, .T. ) ;
#484 = AXIS2_PLACEMENT_3D ( 'NONE', #1271, #1857, #531 ) ;
#485 = CARTESIAN_POINT ( 'NONE',  ( 0.4999999999999997780, -0.2999999999999999889, 4.250000000000000888 ) ) ;
#486 = ORIENTED_EDGE ( 'NONE', *, *, #166, .T. ) ;
#487 = PLANE ( 'NONE',  #6 ) ;
#488 = DIRECTION ( 'NONE',  ( 0.000000000000000000, 1.000000000000000000, 0.000000000000000000 ) ) ;
#489 = DIRECTION ( 'NONE',  ( -1.000000000000000000, 0.000000000000000000, -0.000000000000000000 ) ) ;
#490 = PERSON_AND_ORGANIZATION_ROLE ( 'creator' ) ;
#491 = EDGE_CURVE ( 'NONE', #1510, #889, #1317, .T. ) ;
#492 = LINE ( 'NONE', #1787, #601 ) ;
#493 = ORIENTED_EDGE ( 'NONE', *, *, #23, .T. ) ;
#494 = DIRECTION ( 'NONE',  ( 0.000000000000000000, 0.000000000000000000, -1.000000000000000000 ) ) ;
#495 = CARTESIAN_POINT ( 'NONE',  ( -0.6999999999999999556, -12.77695210471835630, 7.704859156959602551 ) ) ;
#496 = LINE ( 'NONE', #339, #1598 ) ;
#497 = PERSON_AND_ORGANIZATION ( #1515, #415 ) ;
#498 = ORIENTED_EDGE ( 'NONE', *, *, #107, .F. ) ;
#499 = PRODUCT ( 'stand', 'stand', '', ( #1077 ) ) ;
#500 = LINE ( 'NONE', #1096, #1875 ) ;
#501 = DIRECTION ( 'NONE',  ( 0.000000000000000000, 0.000000000000000000, 1.000000000000000000 ) ) ;
#502 = VECTOR ( 'NONE', #632, 100.0000000000000000 ) ;
#503 = ORIENTED_EDGE ( 'NONE', *, *, #363, .F. ) ;
#504 = CIRCLE ( 'NONE', #759, 1.000000000000000222 ) ;
#505 = VECTOR ( 'NONE', #1811, 100.0000000000000000 ) ;
#506 = FACE_OUTER_BOUND ( 'NONE', #1285, .T. ) ;
#507 = ORIENTED_EDGE ( 'NONE', *, *, #1075, .T. ) ;
#508 = CARTESIAN_POINT ( 'NONE',  ( 0.3999999999999999112, -11.77695210471835630, -7.704859156959605215 ) ) ;
#509 = PERSON_AND_ORGANIZATION_ROLE ( 'creator' ) ;
#510 = APPROVAL_PERSON_ORGANIZATION ( #926, #128, #196 ) ;
#511 = EDGE_CURVE ( 'NONE', #975, #624, #140, .T. ) ;
#512 = ORIENTED_EDGE ( 'NONE', *, *, #305, .F. ) ;
#513 = EDGE_CURVE ( 'NONE', #1880, #1036, #593, .T. ) ;
#514 = CARTESIAN_POINT ( 'NONE',  ( 0.4999999999999997780, -0.6999999999999999556, 4.250000000000000888 ) ) ;
#515 = LINE ( 'NONE', #1407, #1041 ) ;
#516 = ORIENTED_EDGE ( 'NONE', *, *, #876, .F. ) ;
#517 = CYLINDRICAL_SURFACE ( 'NONE', #1741, 1.000000000000000222 ) ;
#518 = CYLINDRICAL_SURFACE ( 'NONE', #1508, 0.9999999999999995559 ) ;
#519 = DIRECTION ( 'NONE',  ( 1.000000000000000000, -0.000000000000000000, 0.000000000000000000 ) ) ;
#520 = EDGE_CURVE ( 'NONE', #96, #1888, #446, .T. ) ;
#521 = PRODUCT_DEFINITION_SHAPE ( 'NONE', 'NONE',  #475 ) ;
#522 = ORIENTED_EDGE ( 'NONE', *, *, #1218, .T. ) ;
#523 = DIRECTION ( 'NONE',  ( 0.000000000000000000, 1.000000000000000000, 0.000000000000000000 ) ) ;
#524 = CARTESIAN_POINT ( 'NONE',  ( -0.6999999999999999556, -13.77695210471835985, -8.276287728388179943 ) ) ;
#525 = VERTEX_POINT ( 'NONE', #712 ) ;
#526 = EDGE_CURVE ( 'NONE', #10, #1172, #1611, .T. ) ;
#527 = FACE_OUTER_BOUND ( 'NONE', #1659, .T. ) ;
#528 = CIRCLE ( 'NONE', #1648, 1.299999999999999822 ) ;
#529 = VECTOR ( 'NONE', #565, 100.0000000000000000 ) ;
#530 = LINE ( 'NONE', #1122, #481 ) ;
#531 = DIRECTION ( 'NONE',  ( 0.000000000000000000, 0.000000000000000000, -1.000000000000000000 ) ) ;
#532 = AXIS2_PLACEMENT_3D ( 'NONE', #844, #1706, #1571 ) ;
#533 = EDGE_CURVE ( 'NONE', #1393, #1736, #115, .T. ) ;
#534 = ORIENTED_EDGE ( 'NONE', *, *, #1506, .T. ) ;
#535 = ORIENTED_EDGE ( 'NONE', *, *, #1222, .F. ) ;
#536 = CARTESIAN_POINT ( 'NONE',  ( -0.6999999999999999556, -11.77695210471835807, 7.704859156959600774 ) ) ;
#537 = FACE_OUTER_BOUND ( 'NONE', #1920, .T. ) ;
#538 = ORIENTED_EDGE ( 'NONE', *, *, #733, .T. ) ;
#539 = CARTESIAN_POINT ( 'NONE',  ( 0.6999999999999999556, -14.70000000000000284, 9.580031396937290111 ) ) ;
#540 = FACE_OUTER_BOUND ( 'NONE', #1346, .T. ) ;
#541 = CARTESIAN_POINT ( 'NONE',  ( 0.6999999999999999556, -12.05167323261573920, 6.743335209318781054 ) ) ;
#542 = EDGE_CURVE ( 'NONE', #386, #400, #577, .T. ) ;
#543 = VECTOR ( 'NONE', #364, 100.0000000000000000 ) ;
#544 = EDGE_LOOP ( 'NONE', ( #1070, #766, #865, #699 ) ) ;
#545 = DIRECTION ( 'NONE',  ( 0.000000000000000000, 0.2747211278973781257, -0.9615239476408231623 ) ) ;
#546 = CARTESIAN_POINT ( 'NONE',  ( 0.4999999999999997780, 0.000000000000000000, 4.250000000000000888 ) ) ;
#547 = ADVANCED_FACE ( 'NONE', ( #1157 ), #405, .F. ) ;
#548 = ORIENTED_EDGE ( 'NONE', *, *, #1506, .F. ) ;
#549 = DIRECTION ( 'NONE',  ( 0.000000000000000000, 0.000000000000000000, 1.000000000000000000 ) ) ;
#550 = CARTESIAN_POINT ( 'NONE',  ( 0.3999999999999976907, -14.30000000000000071, 9.268026687396696772 ) ) ;
#551 = ORIENTED_EDGE ( 'NONE', *, *, #1480, .T. ) ;
#552 = ORIENTED_EDGE ( 'NONE', *, *, #1919, .T. ) ;
#553 = CARTESIAN_POINT ( 'NONE',  ( -0.4000000000000000222, -11.94286253373341999, 4.944219750812850478 ) ) ;
#554 = ADVANCED_FACE ( 'NONE', ( #1744 ), #1600, .F. ) ;
#555 = CARTESIAN_POINT ( 'NONE',  ( -0.4999999999999933387, -0.6999999999999999556, 5.250000000000000888 ) ) ;
#556 = ORIENTED_EDGE ( 'NONE', *, *, #336, .F. ) ;
#557 = DIRECTION ( 'NONE',  ( 0.000000000000000000, 0.000000000000000000, -1.000000000000000000 ) ) ;
#558 = CARTESIAN_POINT ( 'NONE',  ( -0.3999999999999999112, -0.3999999999999999112, 1.646259026889017374 ) ) ;
#559 = CARTESIAN_POINT ( 'NONE',  ( -0.5000000000000004441, -0.2999999999999999889, -4.949999999999999289 ) ) ;
#560 = VECTOR ( 'NONE', #1453, 100.0000000000000000 ) ;
#561 = ORIENTED_EDGE ( 'NONE', *, *, #1562, .T. ) ;
#562 = DIRECTION ( 'NONE',  ( 0.000000000000000000, 0.000000000000000000, 1.000000000000000000 ) ) ;
#563 = DIRECTION ( 'NONE',  ( -1.000000000000000000, 0.000000000000000000, 0.000000000000000000 ) ) ;
#564 = ORIENTED_EDGE ( 'NONE', *, *, #910, .T. ) ;
#565 = DIRECTION ( 'NONE',  ( 0.000000000000000000, 1.954618001100627820E-16, -1.000000000000000000 ) ) ;
#566 = DIRECTION ( 'NONE',  ( -1.000000000000000000, -0.000000000000000000, -0.000000000000000000 ) ) ;
#567 = CARTESIAN_POINT ( 'NONE',  ( -0.3999999999999999112, -0.3999999999999999112, 3.102281004745120363 ) ) ;
#568 = EDGE_CURVE ( 'NONE', #613, #376, #248, .T. ) ;
#569 = EDGE_LOOP ( 'NONE', ( #561, #430, #1720, #1124 ) ) ;
#570 = ORIENTED_EDGE ( 'NONE', *, *, #1609, .T. ) ;
#571 = DIRECTION ( 'NONE',  ( 1.000000000000000000, -0.000000000000000000, 0.000000000000000000 ) ) ;
#572 = ADVANCED_FACE ( 'NONE', ( #474 ), #1378, .T. ) ;
#573 = LINE ( 'NONE', #1298, #1565 ) ;
#574 = AXIS2_PLACEMENT_3D ( 'NONE', #514, #1556, #58 ) ;
#575 = AXIS2_PLACEMENT_3D ( 'NONE', #375, #1107, #959 ) ;
#576 = EDGE_LOOP ( 'NONE', ( #868, #1108, #1876, #1049 ) ) ;
#577 = LINE ( 'NONE', #1147, #369 ) ;
#578 = CARTESIAN_POINT ( 'NONE',  ( 0.3999999999999999112, -11.94286253373341111, -4.944219750812850478 ) ) ;
#579 = VERTEX_POINT ( 'NONE', #1794 ) ;
#580 = CARTESIAN_POINT ( 'NONE',  ( 0.3999999999999999112, -11.77695210471835807, 7.704859156959600774 ) ) ;
#581 = EDGE_LOOP ( 'NONE', ( #956, #1386, #1450, #985 ) ) ;
#582 = VERTEX_POINT ( 'NONE', #1655 ) ;
#583 = AXIS2_PLACEMENT_3D ( 'NONE', #1541, #1212, #54 ) ;
#584 = CARTESIAN_POINT ( 'NONE',  ( -0.4000000000000000222, -13.58464731519019608, -8.949354491736755790 ) ) ;
#585 = ORIENTED_EDGE ( 'NONE', *, *, #1358, .T. ) ;
#586 = DIRECTION ( 'NONE',  ( -1.000000000000000000, 0.000000000000000000, -0.000000000000000000 ) ) ;
#587 = LINE ( 'NONE', #438, #87 ) ;
#588 = ORIENTED_EDGE ( 'NONE', *, *, #1205, .T. ) ;
#589 = CARTESIAN_POINT ( 'NONE',  ( -0.4999999999999955036, -0.3999999999999999112, 4.950000000000000178 ) ) ;
#590 = ADVANCED_FACE ( 'NONE', ( #199 ), #24, .F. ) ;
#591 = ORIENTED_EDGE ( 'NONE', *, *, #855, .T. ) ;
#592 = EDGE_LOOP ( 'NONE', ( #306, #1090, #961, #126 ) ) ;
#593 = LINE ( 'NONE', #1472, #929 ) ;
#594 = CARTESIAN_POINT ( 'NONE',  ( -0.4000000000000000222, -13.60000000000000142, -3.694238618879779779 ) ) ;
#595 = ORIENTED_EDGE ( 'NONE', *, *, #217, .F. ) ;
#596 = DIRECTION ( 'NONE',  ( -1.000000000000000000, 0.000000000000000000, 0.000000000000000000 ) ) ;
#597 = VERTEX_POINT ( 'NONE', #154 ) ;
#598 = VERTEX_POINT ( 'NONE', #40 ) ;
#599 = ADVANCED_FACE ( 'NONE', ( #325 ), #771, .T. ) ;
#600 = DIRECTION ( 'NONE',  ( 0.000000000000000000, 1.334382531749145761E-15, 1.000000000000000000 ) ) ;
#601 = VECTOR ( 'NONE', #1060, 100.0000000000000000 ) ;
#602 = AXIS2_PLACEMENT_3D ( 'NONE', #713, #828, #237 ) ;
#603 = VECTOR ( 'NONE', #1240, 100.0000000000000000 ) ;
#604 = CARTESIAN_POINT ( 'NONE',  ( 0.6999999999999999556, 1.421140369002303006, 4.973991291508046864 ) ) ;
#605 = AXIS2_PLACEMENT_3D ( 'NONE', #691, #1873, #1830 ) ;
#606 = VERTEX_POINT ( 'NONE', #178 ) ;
#607 = PLANE ( 'NONE',  #901 ) ;
#608 = ORIENTED_EDGE ( 'NONE', *, *, #287, .F. ) ;
#609 = VERTEX_POINT ( 'NONE', #1236 ) ;
#610 = FACE_OUTER_BOUND ( 'NONE', #1772, .T. ) ;
#611 = EDGE_CURVE ( 'NONE', #1502, #431, #761, .T. ) ;
#612 = LINE ( 'NONE', #1359, #845 ) ;
#613 = VERTEX_POINT ( 'NONE', #169 ) ;
#614 = CARTESIAN_POINT ( 'NONE',  ( -0.4000000000000000222, -11.94286253373341111, -4.944219750812850478 ) ) ;
#615 = PLANE ( 'NONE',  #1254 ) ;
#616 = ORIENTED_EDGE ( 'NONE', *, *, #1159, .T. ) ;
#617 = CARTESIAN_POINT ( 'NONE',  ( 1.199999999999999734, -0.3999999999999999112, -4.249999999999992006 ) ) ;
#618 = ORIENTED_EDGE ( 'NONE', *, *, #1061, .T. ) ;
#619 = LINE ( 'NONE', #1457, #1478 ) ;
#620 = VECTOR ( 'NONE', #1071, 100.0000000000000000 ) ;
#621 = AXIS2_PLACEMENT_3D ( 'NONE', #998, #735, #132 ) ;
#622 = VECTOR ( 'NONE', #731, 100.0000000000000000 ) ;
#623 = DIRECTION ( 'NONE',  ( 1.000000000000000000, -0.000000000000000000, 0.000000000000000000 ) ) ;
#624 = VERTEX_POINT ( 'NONE', #1675 ) ;
#625 = CARTESIAN_POINT ( 'NONE',  ( -1.200000000000000400, -0.3999999999999999112, 4.249999999999993783 ) ) ;
#626 = CARTESIAN_POINT ( 'NONE',  ( 0.3999999999999999112, -12.30000000000000071, 3.694238618879777114 ) ) ;
#627 = PLANE ( 'NONE',  #1661 ) ;
#628 = CARTESIAN_POINT ( 'NONE',  ( 1.199999999999999734, -0.6999999999999999556, 4.249999999999993783 ) ) ;
#629 = DATE_AND_TIME ( #1375, #1042 ) ;
#630 = EDGE_CURVE ( 'NONE', #1329, #299, #341, .T. ) ;
#631 = VECTOR ( 'NONE', #1009, 100.0000000000000000 ) ;
#632 = DIRECTION ( 'NONE',  ( 0.000000000000000000, -1.334382531749143000E-15, -1.000000000000000000 ) ) ;
#633 = VERTEX_POINT ( 'NONE', #312 ) ;
#634 = CARTESIAN_POINT ( 'NONE',  ( 1.499999999999999556, -0.6999999999999999556, 4.249999999999993783 ) ) ;
#635 = DIRECTION ( 'NONE',  ( 0.000000000000000000, 0.000000000000000000, -1.000000000000000000 ) ) ;
#636 = CARTESIAN_POINT ( 'NONE',  ( 0.3999999999999999112, -13.77695210471835630, 8.276287728388172837 ) ) ;
#637 = EDGE_CURVE ( 'NONE', #950, #317, #492, .T. ) ;
#638 = DIRECTION ( 'NONE',  ( 0.000000000000000000, -0.000000000000000000, -1.000000000000000000 ) ) ;
#639 = ORIENTED_EDGE ( 'NONE', *, *, #17, .T. ) ;
#640 = DIRECTION ( 'NONE',  ( 0.000000000000000000, 0.000000000000000000, -1.000000000000000000 ) ) ;
#641 = FACE_OUTER_BOUND ( 'NONE', #1695, .T. ) ;
#642 = DIRECTION ( 'NONE',  ( 0.000000000000000000, 0.000000000000000000, -1.000000000000000000 ) ) ;
#643 = APPROVAL_STATUS ( 'not_yet_approved' ) ;
#644 = ORIENTED_EDGE ( 'NONE', *, *, #1563, .F. ) ;
#645 = VECTOR ( 'NONE', #1734, 100.0000000000000000 ) ;
#646 = DIRECTION ( 'NONE',  ( 0.000000000000000000, 1.239088197126290570E-16, -1.000000000000000000 ) ) ;
#647 = CARTESIAN_POINT ( 'NONE',  ( 0.6999999999999999556, 1.338724030633089424, 4.685534107215799438 ) ) ;
#648 = ORIENTED_EDGE ( 'NONE', *, *, #1590, .F. ) ;
#649 = CARTESIAN_POINT ( 'NONE',  ( -0.4000000000000000222, 0.4046721957820048621, -1.416352685237016074 ) ) ;
#650 = ADVANCED_FACE ( 'NONE', ( #1498 ), #1228, .T. ) ;
#651 = FACE_OUTER_BOUND ( 'NONE', #690, .T. ) ;
#652 = CARTESIAN_POINT ( 'NONE',  ( 1.199999999999999734, -0.6999999999999999556, -4.249999999999992006 ) ) ;
#653 = APPROVAL_STATUS ( 'not_yet_approved' ) ;
#654 = EDGE_CURVE ( 'NONE', #1510, #1445, #612, .T. ) ;
#655 = VERTEX_POINT ( 'NONE', #780 ) ;
#656 = LINE ( 'NONE', #841, #1715 ) ;
#657 = FACE_OUTER_BOUND ( 'NONE', #1469, .T. ) ;
#658 = ADVANCED_FACE ( 'NONE', ( #1351 ), #1528, .T. ) ;
#659 = ORIENTED_EDGE ( 'NONE', *, *, #1446, .T. ) ;
#660 = AXIS2_PLACEMENT_3D ( 'NONE', #328, #210, #1248 ) ;
#661 = DIRECTION ( 'NONE',  ( 0.000000000000000000, -0.9615239476408231623, -0.2747211278973781257 ) ) ;
#662 = CARTESIAN_POINT ( 'NONE',  ( 0.6999999999999999556, -11.77695210471835630, -7.704859156959605215 ) ) ;
#663 = LINE ( 'NONE', #1150, #645 ) ;
#664 = VECTOR ( 'NONE', #720, 100.0000000000000000 ) ;
#665 = CIRCLE ( 'NONE', #1007, 0.7000000000000006217 ) ;
#666 = ORIENTED_EDGE ( 'NONE', *, *, #1750, .F. ) ;
#667 = ADVANCED_FACE ( 'NONE', ( #1206 ), #189, .T. ) ;
#668 = FACE_OUTER_BOUND ( 'NONE', #256, .T. ) ;
#669 = EDGE_CURVE ( 'NONE', #1905, #271, #1869, .T. ) ;
#670 = CARTESIAN_POINT ( 'NONE',  ( -0.4000000000000000222, -11.77695210471835630, -7.704859156959605215 ) ) ;
#671 = ADVANCED_FACE ( 'NONE', ( #1805 ), #33, .F. ) ;
#672 = ORIENTED_EDGE ( 'NONE', *, *, #654, .F. ) ;
#673 = CYLINDRICAL_SURFACE ( 'NONE', #1597, 1.000000000000000222 ) ;
#674 = DIRECTION ( 'NONE',  ( 1.000000000000000000, -0.000000000000000000, 0.000000000000000000 ) ) ;
#675 = LINE ( 'NONE', #63, #683 ) ;
#676 = ORIENTED_EDGE ( 'NONE', *, *, #1662, .F. ) ;
#677 = VERTEX_POINT ( 'NONE', #333 ) ;
#678 = CARTESIAN_POINT ( 'NONE',  ( 0.6999999999999999556, -2.065333816742881190, -1.810063979274961765 ) ) ;
#679 = DIRECTION ( 'NONE',  ( -0.000000000000000000, 0.000000000000000000, 1.000000000000000000 ) ) ;
#680 = EDGE_CURVE ( 'NONE', #907, #1705, #931, .T. ) ;
#681 = VERTEX_POINT ( 'NONE', #1810 ) ;
#682 = CARTESIAN_POINT ( 'NONE',  ( -0.4000000000000000222, 1.338724030633090534, -4.685534107215820754 ) ) ;
#683 = VECTOR ( 'NONE', #408, 100.0000000000000000 ) ;
#684 = VECTOR ( 'NONE', #1917, 99.99999999999998579 ) ;
#685 = CARTESIAN_POINT ( 'NONE',  ( 0.3999999999999999112, -13.60000000000000142, 3.694238618879777114 ) ) ;
#686 = DIRECTION ( 'NONE',  ( -1.000000000000000000, 0.000000000000000000, 0.000000000000000000 ) ) ;
#687 = VECTOR ( 'NONE', #280, 100.0000000000000000 ) ;
#688 = ORIENTED_EDGE ( 'NONE', *, *, #1205, .F. ) ;
#689 = EDGE_CURVE ( 'NONE', #983, #1621, #1192, .T. ) ;
#690 = EDGE_LOOP ( 'NONE', ( #912, #1308, #1141, #1252 ) ) ;
#691 = CARTESIAN_POINT ( 'NONE',  ( 0.4999999999999997780, -0.2999999999999999889, -4.250000000000000000 ) ) ;
#692 = DIRECTION ( 'NONE',  ( -1.000000000000000000, 0.000000000000000000, -0.000000000000000000 ) ) ;
#693 = ORIENTED_EDGE ( 'NONE', *, *, #513, .F. ) ;
#694 = CARTESIAN_POINT ( 'NONE',  ( -1.200000000000000400, -0.6999999999999999556, 4.249999999999993783 ) ) ;
#695 = AXIS2_PLACEMENT_3D ( 'NONE', #1370, #304, #455 ) ;
#696 = DIRECTION ( 'NONE',  ( 1.216623880591833406E-16, 0.000000000000000000, -1.000000000000000000 ) ) ;
#697 = CARTESIAN_POINT ( 'NONE',  ( 0.3999999999999999112, 0.4046721957820048621, -1.416352685237016074 ) ) ;
#698 = AXIS2_PLACEMENT_3D ( 'NONE', #875, #432, #1032 ) ;
#699 = ORIENTED_EDGE ( 'NONE', *, *, #1014, .T. ) ;
#700 = EDGE_CURVE ( 'NONE', #1653, #1484, #1436, .T. ) ;
#701 = APPROVAL_PERSON_ORGANIZATION ( #340, #1025, #1402 ) ;
#702 = FACE_OUTER_BOUND ( 'NONE', #1652, .T. ) ;
#703 = ORIENTED_EDGE ( 'NONE', *, *, #1497, .T. ) ;
#704 = DIRECTION ( 'NONE',  ( 0.000000000000000000, 1.000000000000000000, 0.000000000000000000 ) ) ;
#705 = CARTESIAN_POINT ( 'NONE',  ( 0.6999999999999999556, -12.30000000000000071, 3.694238618879777114 ) ) ;
#706 = ORIENTED_EDGE ( 'NONE', *, *, #1235, .F. ) ;
#707 = DIRECTION ( 'NONE',  ( 0.000000000000000000, 1.000000000000000000, 0.000000000000000000 ) ) ;
#708 = APPLICATION_PROTOCOL_DEFINITION ( 'international standard', 'config_control_design', 1994, #359 ) ;
#709 = DIRECTION ( 'NONE',  ( 0.000000000000000000, 1.000000000000000000, 0.000000000000000000 ) ) ;
#710 = ORIENTED_EDGE ( 'NONE', *, *, #1904, .F. ) ;
#711 = ADVANCED_FACE ( 'NONE', ( #1521 ), #1072, .F. ) ;
#712 = CARTESIAN_POINT ( 'NONE',  ( -1.500000000000000222, -0.6999999999999999556, -4.249999999999992006 ) ) ;
#713 = CARTESIAN_POINT ( 'NONE',  ( 0.4999999999999997780, -0.6999999999999999556, 4.250000000000000888 ) ) ;
#714 = LINE ( 'NONE', #270, #1700 ) ;
#715 = VECTOR ( 'NONE', #1320, 100.0000000000000000 ) ;
#716 = ADVANCED_FACE ( 'NONE', ( #951 ), #798, .T. ) ;
#717 = ORIENTED_EDGE ( 'NONE', *, *, #799, .T. ) ;
#718 = CARTESIAN_POINT ( 'NONE',  ( 0.6999999999999999556, -13.30000000000000071, 3.694238618879777114 ) ) ;
#719 = EDGE_CURVE ( 'NONE', #1653, #365, #1230, .T. ) ;
#720 = DIRECTION ( 'NONE',  ( 1.000000000000000000, -0.000000000000000000, 0.000000000000000000 ) ) ;
#721 = DIRECTION ( 'NONE',  ( 0.000000000000000000, 0.000000000000000000, -1.000000000000000000 ) ) ;
#722 = EDGE_LOOP ( 'NONE', ( #1784, #456, #1355, #1584 ) ) ;
#723 = DIRECTION ( 'NONE',  ( 1.000000000000000000, 0.000000000000000000, 0.000000000000000000 ) ) ;
#724 = CARTESIAN_POINT ( 'NONE',  ( -0.4000000000000000222, -13.58464731519019075, 8.949354491736748685 ) ) ;
#725 = EDGE_CURVE ( 'NONE', #655, #1621, #1824, .T. ) ;
#726 = ORIENTED_EDGE ( 'NONE', *, *, #680, .F. ) ;
#727 = DIRECTION ( 'NONE',  ( 0.000000000000000000, 0.000000000000000000, 1.000000000000000000 ) ) ;
#728 = EDGE_LOOP ( 'NONE', ( #244, #993, #391, #1468 ) ) ;
#729 = ORIENTED_EDGE ( 'NONE', *, *, #1804, .F. ) ;
#730 = VECTOR ( 'NONE', #403, 100.0000000000000000 ) ;
#731 = DIRECTION ( 'NONE',  ( 0.000000000000000000, 1.954618001100628066E-16, -1.000000000000000000 ) ) ;
#732 = VECTOR ( 'NONE', #972, 100.0000000000000000 ) ;
#733 = EDGE_CURVE ( 'NONE', #1015, #442, #313, .T. ) ;
#734 = ORIENTED_EDGE ( 'NONE', *, *, #1061, .F. ) ;
#735 = DIRECTION ( 'NONE',  ( -1.000000000000000000, -0.000000000000000000, 0.000000000000000000 ) ) ;
#736 = DIRECTION ( 'NONE',  ( 0.000000000000000000, 1.000000000000000000, 0.000000000000000000 ) ) ;
#737 = ORIENTED_EDGE ( 'NONE', *, *, #483, .T. ) ;
#738 = DIRECTION ( 'NONE',  ( 0.000000000000000000, 0.9615239476408231623, 0.2747211278973781257 ) ) ;
#739 = ORIENTED_EDGE ( 'NONE', *, *, #1408, .T. ) ;
#740 = ORIENTED_EDGE ( 'NONE', *, *, #34, .F. ) ;
#741 = VECTOR ( 'NONE', #103, 100.0000000000000000 ) ;
#742 = DIRECTION ( 'NONE',  ( -0.000000000000000000, 1.000000000000000000, 0.000000000000000000 ) ) ;
#743 = DIRECTION ( 'NONE',  ( 0.000000000000000000, -0.000000000000000000, 1.000000000000000000 ) ) ;
#744 = ADVANCED_FACE ( 'NONE', ( #347 ), #487, .F. ) ;
#745 = ORIENTED_EDGE ( 'NONE', *, *, #630, .F. ) ;
#746 = LINE ( 'NONE', #1336, #1795 ) ;
#747 = DESIGN_CONTEXT ( 'detailed design', #462, 'design' ) ;
#748 = ORIENTED_EDGE ( 'NONE', *, *, #1428, .F. ) ;
#749 = ORIENTED_EDGE ( 'NONE', *, *, #1908, .F. ) ;
#750 = ADVANCED_FACE ( 'NONE', ( #506 ), #52, .T. ) ;
#751 = CARTESIAN_POINT ( 'NONE',  ( 0.6999999999999999556, -11.77695210471835807, 7.704859156959600774 ) ) ;
#752 = ORIENTED_EDGE ( 'NONE', *, *, #1399, .F. ) ;
#753 = LINE ( 'NONE', #869, #1183 ) ;
#754 = ORIENTED_EDGE ( 'NONE', *, *, #1222, .T. ) ;
#755 = ORIENTED_EDGE ( 'NONE', *, *, #542, .F. ) ;
#756 = DIRECTION ( 'NONE',  ( 0.000000000000000000, 1.000000000000000000, -1.334382531749145761E-15 ) ) ;
#757 = AXIS2_PLACEMENT_3D ( 'NONE', #634, #36, #1548 ) ;
#758 = ADVANCED_FACE ( 'NONE', ( #792 ), #1672, .F. ) ;
#759 = AXIS2_PLACEMENT_3D ( 'NONE', #1121, #81, #1281 ) ;
#760 = VECTOR ( 'NONE', #1221, 100.0000000000000000 ) ;
#761 = LINE ( 'NONE', #1647, #1287 ) ;
#762 = LOCAL_TIME ( 18, 4, 14.00000000000000000, #795 ) ;
#763 = EDGE_LOOP ( 'NONE', ( #1656, #1371, #1870, #354, #137, #326 ) ) ;
#764 = CARTESIAN_POINT ( 'NONE',  ( -0.6999999999999999556, 1.421140369002303006, 4.973991291508046864 ) ) ;
#765 = LINE ( 'NONE', #775, #1345 ) ;
#766 = ORIENTED_EDGE ( 'NONE', *, *, #360, .F. ) ;
#767 = CARTESIAN_POINT ( 'NONE',  ( 0.4999999999999924505, -0.6999999999999999556, 5.250000000000000888 ) ) ;
#768 = ORIENTED_EDGE ( 'NONE', *, *, #1417, .F. ) ;
#769 = PLANE ( 'NONE',  #851 ) ;
#770 = CIRCLE ( 'NONE', #1613, 0.9999999999999995559 ) ;
#771 = PLANE ( 'NONE',  #1342 ) ;
#772 = EDGE_LOOP ( 'NONE', ( #512, #688, #1099, #1223 ) ) ;
#773 = DIRECTION ( 'NONE',  ( 0.000000000000000000, 0.000000000000000000, -1.000000000000000000 ) ) ;
#774 = ADVANCED_FACE ( 'NONE', ( #962 ), #1101, .F. ) ;
#775 = CARTESIAN_POINT ( 'NONE',  ( -0.4000000000000000222, -13.07695210471834812, 1.744965645705634924E-14 ) ) ;
#776 = CARTESIAN_POINT ( 'NONE',  ( -0.5000000000000004441, -0.3999999999999999112, 4.250000000000000000 ) ) ;
#777 = CARTESIAN_POINT ( 'NONE',  ( 0.6999999999999999556, -0.6999999999999999556, 3.499999999999999556 ) ) ;
#778 = AXIS2_PLACEMENT_3D ( 'NONE', #171, #1361, #773 ) ;
#779 = VECTOR ( 'NONE', #245, 100.0000000000000000 ) ;
#780 = CARTESIAN_POINT ( 'NONE',  ( -0.3999999999999999112, -0.3999999999999999112, -1.646259026889017596 ) ) ;
#781 = ORIENTED_EDGE ( 'NONE', *, *, #1832, .F. ) ;
#782 = CARTESIAN_POINT ( 'NONE',  ( -0.4000000000000000222, -13.07695210471835878, -7.704859156959602551 ) ) ;
#783 = DIRECTION ( 'NONE',  ( 0.000000000000000000, 0.000000000000000000, -1.000000000000000000 ) ) ;
#784 = ORIENTED_EDGE ( 'NONE', *, *, #217, .T. ) ;
#785 = CARTESIAN_POINT ( 'NONE',  ( 0.6999999999999999556, -2.582494953678585059, 3.469446951953614189E-16 ) ) ;
#786 = CALENDAR_DATE ( 2026, 29, 7 ) ;
#787 = CC_DESIGN_DATE_AND_TIME_ASSIGNMENT ( #1534, #1821, ( #475 ) ) ;
#788 = AXIS2_PLACEMENT_3D ( 'NONE', #1568, #79, #1097 ) ;
#789 = DIRECTION ( 'NONE',  ( 0.000000000000000000, -1.000000000000000000, 0.000000000000000000 ) ) ;
#790 = ORIENTED_EDGE ( 'NONE', *, *, #1919, .F. ) ;
#791 = AXIS2_PLACEMENT_3D ( 'NONE', #264, #2, #600 ) ;
#792 = FACE_OUTER_BOUND ( 'NONE', #157, .T. ) ;
#793 = DIRECTION ( 'NONE',  ( 0.000000000000000000, 1.000000000000000000, 0.000000000000000000 ) ) ;
#794 = FACE_OUTER_BOUND ( 'NONE', #476, .T. ) ;
#795 = COORDINATED_UNIVERSAL_TIME_OFFSET ( 5, 30, .AHEAD. ) ;
#796 = DIRECTION ( 'NONE',  ( 0.000000000000000000, 0.000000000000000000, -1.000000000000000000 ) ) ;
#797 = EDGE_LOOP ( 'NONE', ( #1322, #878, #1494, #436 ) ) ;
#798 = PLANE ( 'NONE',  #757 ) ;
#799 = EDGE_CURVE ( 'NONE', #916, #597, #1380, .T. ) ;
#800 = ORIENTED_EDGE ( 'NONE', *, *, #812, .T. ) ;
#801 = DIRECTION ( 'NONE',  ( 0.000000000000000000, 1.000000000000000000, 0.000000000000000000 ) ) ;
#802 = DIRECTION ( 'NONE',  ( 1.000000000000000000, 0.000000000000000000, 0.000000000000000000 ) ) ;
#803 = EDGE_CURVE ( 'NONE', #309, #896, #818, .T. ) ;
#804 = ORIENTED_EDGE ( 'NONE', *, *, #1828, .F. ) ;
#805 = CIRCLE ( 'NONE', #1026, 1.000000000000000222 ) ;
#806 = CARTESIAN_POINT ( 'NONE',  ( 0.4999999999999997780, -0.3999999999999999112, -4.949999999999999289 ) ) ;
#807 = DIRECTION ( 'NONE',  ( -0.000000000000000000, -0.9615239476408232733, 0.2747211278973779036 ) ) ;
#808 = VERTEX_POINT ( 'NONE', #184 ) ;
#809 = DIRECTION ( 'NONE',  ( 1.000000000000000000, -0.000000000000000000, 0.000000000000000000 ) ) ;
#810 = CARTESIAN_POINT ( 'NONE',  ( -0.4000000000000000222, -13.60000000000000142, -2.658280481496853894E-15 ) ) ;
#811 = CARTESIAN_POINT ( 'NONE',  ( -0.6999999999999999556, 0.3222558574127913911, -1.127895500944769314 ) ) ;
#812 = EDGE_CURVE ( 'NONE', #10, #1711, #1438, .T. ) ;
#813 = ADVANCED_FACE ( 'NONE', ( #1847 ), #517, .F. ) ;
#814 = VERTEX_POINT ( 'NONE', #1412 ) ;
#815 = FACE_OUTER_BOUND ( 'NONE', #1773, .T. ) ;
#816 = DIRECTION ( 'NONE',  ( 0.000000000000000000, 1.387778780781446267E-15, -1.000000000000000000 ) ) ;
#817 = ORIENTED_EDGE ( 'NONE', *, *, #1149, .F. ) ;
#818 = LINE ( 'NONE', #337, #1161 ) ;
#819 = LINE ( 'NONE', #1270, #732 ) ;
#820 = DIRECTION ( 'NONE',  ( 0.000000000000000000, -0.9615239476408231623, -0.2747211278973781812 ) ) ;
#821 = APPROVAL ( #653, 'UNSPECIFIED' ) ;
#822 = VECTOR ( 'NONE', #93, 100.0000000000000000 ) ;
#823 = ORIENTED_EDGE ( 'NONE', *, *, #1760, .F. ) ;
#824 = DIRECTION ( 'NONE',  ( 0.000000000000000000, 0.000000000000000000, -1.000000000000000000 ) ) ;
#825 = CARTESIAN_POINT ( 'NONE',  ( 0.3999999999999999112, 0.7892817748383333942, 2.762486211934168434 ) ) ;
#826 = VECTOR ( 'NONE', #982, 100.0000000000000000 ) ;
#827 = ORIENTED_EDGE ( 'NONE', *, *, #1714, .F. ) ;
#828 = DIRECTION ( 'NONE',  ( 0.000000000000000000, 1.000000000000000000, 0.000000000000000000 ) ) ;
#829 = DIRECTION ( 'NONE',  ( 0.000000000000000000, -0.2747211278973779591, -0.9615239476408232733 ) ) ;
#830 = CARTESIAN_POINT ( 'NONE',  ( -0.6999999999999999556, -13.30000000000000071, -3.694238618879779779 ) ) ;
#831 = ADVANCED_FACE ( 'NONE', ( #72 ), #673, .T. ) ;
#832 = ORIENTED_EDGE ( 'NONE', *, *, #1759, .F. ) ;
#833 = DIRECTION ( 'NONE',  ( 0.000000000000000000, 1.000000000000000000, 0.000000000000000000 ) ) ;
#834 = DIRECTION ( 'NONE',  ( -1.000000000000000000, 0.000000000000000000, 0.000000000000000000 ) ) ;
#835 = VERTEX_POINT ( 'NONE', #1129 ) ;
#836 = LINE ( 'NONE', #694, #1029 ) ;
#837 = ADVANCED_FACE ( 'NONE', ( #1292 ), #971, .F. ) ;
#838 = CARTESIAN_POINT ( 'NONE',  ( 0.6999999999999999556, -14.30000000000000071, 9.153740973110982893 ) ) ;
#839 = FACE_OUTER_BOUND ( 'NONE', #1, .T. ) ;
#840 = ORIENTED_EDGE ( 'NONE', *, *, #1832, .T. ) ;
#841 = CARTESIAN_POINT ( 'NONE',  ( 0.6999999999999999556, -12.05167323261573387, 6.743335209318779278 ) ) ;
#842 = CARTESIAN_POINT ( 'NONE',  ( 0.6999999999999999556, -13.30000000000000071, -3.694238618879779779 ) ) ;
#843 = ORIENTED_EDGE ( 'NONE', *, *, #669, .F. ) ;
#844 = CARTESIAN_POINT ( 'NONE',  ( -0.5000000000000004441, -0.6999999999999999556, -4.249999999999999112 ) ) ;
#845 = VECTOR ( 'NONE', #1537, 99.99999999999998579 ) ;
#846 = CARTESIAN_POINT ( 'NONE',  ( -0.4000000000000000222, -12.13408957098495833, 6.454878025026535404 ) ) ;
#847 = VECTOR ( 'NONE', #566, 100.0000000000000000 ) ;
#848 = VECTOR ( 'NONE', #1064, 100.0000000000000284 ) ;
#849 = VERTEX_POINT ( 'NONE', #387 ) ;
#850 = VERTEX_POINT ( 'NONE', #1885 ) ;
#851 = AXIS2_PLACEMENT_3D ( 'NONE', #853, #756, #1448 ) ;
#852 = DIRECTION ( 'NONE',  ( 0.000000000000000000, 0.000000000000000000, -1.000000000000000000 ) ) ;
#853 = CARTESIAN_POINT ( 'NONE',  ( 0.6999999999999999556, -12.77695210471836695, 1.704934169753166917E-14 ) ) ;
#854 = CARTESIAN_POINT ( 'NONE',  ( -0.4999999999999955036, -0.2999999999999999889, 4.950000000000000178 ) ) ;
#855 = EDGE_CURVE ( 'NONE', #889, #1905, #1896, .T. ) ;
#856 = ORIENTED_EDGE ( 'NONE', *, *, #855, .F. ) ;
#857 = DIRECTION ( 'NONE',  ( 0.000000000000000000, 0.000000000000000000, -1.000000000000000000 ) ) ;
#858 = DIRECTION ( 'NONE',  ( -0.000000000000000000, 1.000000000000000000, 1.954618001100628066E-16 ) ) ;
#859 = DIRECTION ( 'NONE',  ( 0.000000000000000000, -0.9615239476408232733, 0.2747211278973779036 ) ) ;
#860 = EDGE_CURVE ( 'NONE', #681, #297, #345, .T. ) ;
#861 = ORIENTED_EDGE ( 'NONE', *, *, #1321, .F. ) ;
#862 = DIRECTION ( 'NONE',  ( 0.000000000000000000, 0.9615239476408231623, 0.2747211278973781257 ) ) ;
#863 = EDGE_CURVE ( 'NONE', #1113, #149, #396, .T. ) ;
#864 = DIRECTION ( 'NONE',  ( 1.000000000000000000, 0.000000000000000000, -0.000000000000000000 ) ) ;
#865 = ORIENTED_EDGE ( 'NONE', *, *, #968, .T. ) ;
#866 = DIRECTION ( 'NONE',  ( 1.000000000000000000, -0.000000000000000000, 0.000000000000000000 ) ) ;
#867 = DIRECTION ( 'NONE',  ( 0.000000000000000000, -0.000000000000000000, 1.000000000000000000 ) ) ;
#868 = ORIENTED_EDGE ( 'NONE', *, *, #368, .T. ) ;
#869 = CARTESIAN_POINT ( 'NONE',  ( -0.4999999999999933387, -0.6999999999999999556, 5.250000000000000888 ) ) ;
#870 = VECTOR ( 'NONE', #1665, 100.0000000000000000 ) ;
#871 = VECTOR ( 'NONE', #437, 100.0000000000000000 ) ;
#872 = ORIENTED_EDGE ( 'NONE', *, *, #360, .T. ) ;
#873 = CIRCLE ( 'NONE', #28, 1.300000000000000044 ) ;
#874 = ORIENTED_EDGE ( 'NONE', *, *, #1908, .T. ) ;
#875 = CARTESIAN_POINT ( 'NONE',  ( 0.6999999999999999556, 1.421140369002303894, -4.973991291508068180 ) ) ;
#876 = EDGE_CURVE ( 'NONE', #442, #983, #991, .T. ) ;
#877 = EDGE_CURVE ( 'NONE', #1156, #1671, #1310, .T. ) ;
#878 = ORIENTED_EDGE ( 'NONE', *, *, #1350, .F. ) ;
#879 = LINE ( 'NONE', #887, #529 ) ;
#880 = DIRECTION ( 'NONE',  ( 0.000000000000000000, 0.000000000000000000, 1.000000000000000000 ) ) ;
#881 = ORIENTED_EDGE ( 'NONE', *, *, #303, .T. ) ;
#882 = DIRECTION ( 'NONE',  ( 0.000000000000000000, -0.000000000000000000, 1.000000000000000000 ) ) ;
#883 = VERTEX_POINT ( 'NONE', #1441 ) ;
#884 = ORIENTED_EDGE ( 'NONE', *, *, #48, .T. ) ;
#885 = CIRCLE ( 'NONE', #1377, 0.9999999999999995559 ) ;
#886 = EDGE_CURVE ( 'NONE', #624, #1502, #504, .T. ) ;
#887 = CARTESIAN_POINT ( 'NONE',  ( -0.6999999999999999556, -13.30000000000000071, -2.599641941463834968E-15 ) ) ;
#888 = LINE ( 'NONE', #1768, #1119 ) ;
#889 = VERTEX_POINT ( 'NONE', #558 ) ;
#890 = CARTESIAN_POINT ( 'NONE',  ( 0.3999999999999999112, -0.3999999999999999112, -1.646259026889017596 ) ) ;
#891 = EDGE_CURVE ( 'NONE', #1455, #814, #372, .T. ) ;
#892 = ORIENTED_EDGE ( 'NONE', *, *, #1347, .T. ) ;
#893 = VERTEX_POINT ( 'NONE', #1158 ) ;
#894 = AXIS2_PLACEMENT_3D ( 'NONE', #389, #1698, #1301 ) ;
#895 = CARTESIAN_POINT ( 'NONE',  ( -0.6999999999999999556, -12.30000000000000071, -3.694238618879779779 ) ) ;
#896 = VERTEX_POINT ( 'NONE', #1612 ) ;
#897 = DIRECTION ( 'NONE',  ( 1.000000000000000000, -0.000000000000000000, 0.000000000000000000 ) ) ;
#898 = EDGE_CURVE ( 'NONE', #1138, #1503, #1733, .T. ) ;
#899 = EDGE_LOOP ( 'NONE', ( #522, #486, #1338, #1900 ) ) ;
#900 = ORIENTED_EDGE ( 'NONE', *, *, #188, .T. ) ;
#901 = AXIS2_PLACEMENT_3D ( 'NONE', #292, #282, #882 ) ;
#902 = DIRECTION ( 'NONE',  ( 0.000000000000000000, 0.9615239476408229402, -0.2747211278973787363 ) ) ;
#903 = CC_DESIGN_DATE_AND_TIME_ASSIGNMENT ( #1552, #55, ( #1507 ) ) ;
#904 = VERTEX_POINT ( 'NONE', #92 ) ;
#905 = CARTESIAN_POINT ( 'NONE',  ( 1.199999999999999289, -0.3999999999999999112, 4.249999999999995559 ) ) ;
#906 = CARTESIAN_POINT ( 'NONE',  ( 0.6999999999999999556, -11.94286253373341999, 4.944219750812850478 ) ) ;
#907 = VERTEX_POINT ( 'NONE', #539 ) ;
#908 = ORIENTED_EDGE ( 'NONE', *, *, #1403, .T. ) ;
#909 = CARTESIAN_POINT ( 'NONE',  ( -1.500000000000000222, -0.6999999999999999556, -4.249999999999992006 ) ) ;
#910 = EDGE_CURVE ( 'NONE', #1566, #655, #377, .T. ) ;
#911 = CARTESIAN_POINT ( 'NONE',  ( -1.500000000000000222, -0.6999999999999999556, 4.249999999999993783 ) ) ;
#912 = ORIENTED_EDGE ( 'NONE', *, *, #1358, .F. ) ;
#913 = EDGE_CURVE ( 'NONE', #351, #1172, #406, .T. ) ;
#914 = LINE ( 'NONE', #466, #1214 ) ;
#915 = CARTESIAN_POINT ( 'NONE',  ( 0.4999999999999924505, -0.2999999999999999889, 4.950000000000000178 ) ) ;
#916 = VERTEX_POINT ( 'NONE', #1589 ) ;
#917 = LINE ( 'NONE', #652, #1779 ) ;
#918 = CARTESIAN_POINT ( 'NONE',  ( 0.3999999999999999112, -0.3999999999999999112, 1.646259026889017374 ) ) ;
#919 = VECTOR ( 'NONE', #488, 100.0000000000000000 ) ;
#920 = CARTESIAN_POINT ( 'NONE',  ( 0.6999999999999999556, -14.70000000000000284, 0.000000000000000000 ) ) ;
#921 = ORIENTED_EDGE ( 'NONE', *, *, #1209, .F. ) ;
#922 = DIRECTION ( 'NONE',  ( 0.000000000000000000, 0.9615239476408229402, -0.2747211278973787363 ) ) ;
#923 = DIRECTION ( 'NONE',  ( 1.000000000000000000, 0.000000000000000000, 0.000000000000000000 ) ) ;
#924 = DIRECTION ( 'NONE',  ( -1.000000000000000000, 0.000000000000000000, -0.000000000000000000 ) ) ;
#925 = CARTESIAN_POINT ( 'NONE',  ( -0.4000000000000000222, -13.77695210471835630, 8.276287728388172837 ) ) ;
#926 = PERSON_AND_ORGANIZATION ( #1515, #415 ) ;
#927 = EDGE_CURVE ( 'NONE', #1671, #266, #836, .T. ) ;
#928 = AXIS2_PLACEMENT_3D ( 'NONE', #9, #1789, #1001 ) ;
#929 = VECTOR ( 'NONE', #1489, 99.99999999999998579 ) ;
#930 = CIRCLE ( 'NONE', #117, 0.9999999999999995559 ) ;
#931 = LINE ( 'NONE', #604, #95 ) ;
#932 = ORIENTED_EDGE ( 'NONE', *, *, #511, .T. ) ;
#933 = CARTESIAN_POINT ( 'NONE',  ( 0.4999999999999997780, -0.3999999999999999112, 4.250000000000000888 ) ) ;
#934 = CARTESIAN_POINT ( 'NONE',  ( 0.6999999999999999556, -13.60000000000000142, 3.694238618879777114 ) ) ;
#935 = DIRECTION ( 'NONE',  ( 0.000000000000000000, 0.2747211278973781257, -0.9615239476408231623 ) ) ;
#936 = COORDINATED_UNIVERSAL_TIME_OFFSET ( 5, 30, .AHEAD. ) ;
#937 = AXIS2_PLACEMENT_3D ( 'NONE', #485, #5, #1670 ) ;
#938 = CIRCLE ( 'NONE', #43, 0.7000000000000006217 ) ;
#939 = ADVANCED_FACE ( 'NONE', ( #527 ), #1139, .F. ) ;
#940 = DIRECTION ( 'NONE',  ( 0.000000000000000000, 0.000000000000000000, 1.000000000000000000 ) ) ;
#941 = ORIENTED_EDGE ( 'NONE', *, *, #803, .F. ) ;
#942 = AXIS2_PLACEMENT_3D ( 'NONE', #976, #833, #89 ) ;
#943 = DIRECTION ( 'NONE',  ( 0.000000000000000000, 0.000000000000000000, -1.000000000000000000 ) ) ;
#944 = LINE ( 'NONE', #30, #1842 ) ;
#945 = CARTESIAN_POINT ( 'NONE',  ( 0.6999999999999999556, 0.4046721957820048621, -1.416352685237016074 ) ) ;
#946 = PERSON_AND_ORGANIZATION_ROLE ( 'classification_officer' ) ;
#947 = ORIENTED_EDGE ( 'NONE', *, *, #1699, .F. ) ;
#948 = LINE ( 'NONE', #1852, #382 ) ;
#949 = FACE_OUTER_BOUND ( 'NONE', #899, .T. ) ;
#950 = VERTEX_POINT ( 'NONE', #102 ) ;
#951 = FACE_OUTER_BOUND ( 'NONE', #1492, .T. ) ;
#952 = LINE ( 'NONE', #934, #1911 ) ;
#953 = DIRECTION ( 'NONE',  ( 1.000000000000000000, -0.000000000000000000, 0.000000000000000000 ) ) ;
#954 = PERSON_AND_ORGANIZATION ( #1515, #415 ) ;
#955 = ADVANCED_FACE ( 'NONE', ( #999 ), #1601, .T. ) ;
#956 = ORIENTED_EDGE ( 'NONE', *, *, #1033, .F. ) ;
#957 = VECTOR ( 'NONE', #1047, 100.0000000000000000 ) ;
#958 = DIRECTION ( 'NONE',  ( 1.000000000000000000, 0.000000000000000000, -0.000000000000000000 ) ) ;
#959 = DIRECTION ( 'NONE',  ( 0.000000000000000000, 1.334382531749143000E-15, 1.000000000000000000 ) ) ;
#960 = CIRCLE ( 'NONE', #435, 0.9999999999999995559 ) ;
#961 = ORIENTED_EDGE ( 'NONE', *, *, #1643, .T. ) ;
#962 = FACE_OUTER_BOUND ( 'NONE', #249, .T. ) ;
#963 = CARTESIAN_POINT ( 'NONE',  ( 0.4999999999999997780, -0.2999999999999999889, 4.250000000000000888 ) ) ;
#964 = LINE ( 'NONE', #1868, #1490 ) ;
#965 = ORIENTED_EDGE ( 'NONE', *, *, #136, .T. ) ;
#966 = LINE ( 'NONE', #1275, #1242 ) ;
#967 = CARTESIAN_POINT ( 'NONE',  ( 0.6999999999999999556, -12.77695210471835807, -7.704859156959603439 ) ) ;
#968 = EDGE_CURVE ( 'NONE', #1093, #1604, #183, .T. ) ;
#969 = AXIS2_PLACEMENT_3D ( 'NONE', #670, #1831, #1118 ) ;
#970 = ORIENTED_EDGE ( 'NONE', *, *, #311, .T. ) ;
#971 = PLANE ( 'NONE',  #65 ) ;
#972 = DIRECTION ( 'NONE',  ( -1.000000000000000000, -0.000000000000000000, -0.000000000000000000 ) ) ;
#973 = DIRECTION ( 'NONE',  ( -1.216623880591833406E-16, -0.000000000000000000, 1.000000000000000000 ) ) ;
#974 = AXIS2_PLACEMENT_3D ( 'NONE', #963, #221, #1413 ) ;
#975 = VERTEX_POINT ( 'NONE', #1180 ) ;
#976 = CARTESIAN_POINT ( 'NONE',  ( -0.5000000000000004441, -0.6999999999999999556, 4.250000000000000000 ) ) ;
#977 = CARTESIAN_POINT ( 'NONE',  ( -0.4000000000000000222, -13.60000000000000142, 3.694238618879777114 ) ) ;
#978 = CIRCLE ( 'NONE', #390, 1.299999999999999822 ) ;
#979 = ORIENTED_EDGE ( 'NONE', *, *, #368, .F. ) ;
#980 = CARTESIAN_POINT ( 'NONE',  ( 0.4999999999999997780, -0.3999999999999999112, -1.646259026889017374 ) ) ;
#981 = DIRECTION ( 'NONE',  ( -1.000000000000000000, 0.000000000000000000, 0.000000000000000000 ) ) ;
#982 = DIRECTION ( 'NONE',  ( -0.000000000000000000, 0.000000000000000000, 1.000000000000000000 ) ) ;
#983 = VERTEX_POINT ( 'NONE', #594 ) ;
#984 = EDGE_LOOP ( 'NONE', ( #608, #729, #1529, #1829 ) ) ;
#985 = ORIENTED_EDGE ( 'NONE', *, *, #344, .F. ) ;
#986 = BREP_WITH_VOIDS ( 'NONE', #1756, ( #1388 ) );
#987 = DIRECTION ( 'NONE',  ( -1.000000000000000000, -0.000000000000000000, -0.000000000000000000 ) ) ;
#988 = CARTESIAN_POINT ( 'NONE',  ( 0.6999999999999999556, -14.70000000000000284, 0.000000000000000000 ) ) ;
#989 = VECTOR ( 'NONE', #1131, 100.0000000000000000 ) ;
#990 = ORIENTED_EDGE ( 'NONE', *, *, #1803, .T. ) ;
#991 = LINE ( 'NONE', #1430, #250 ) ;
#992 = CARTESIAN_POINT ( 'NONE',  ( 0.6999999999999999556, -13.77695210471835985, -8.276287728388179943 ) ) ;
#993 = ORIENTED_EDGE ( 'NONE', *, *, #1159, .F. ) ;
#994 = LINE ( 'NONE', #1447, #1368 ) ;
#995 = CARTESIAN_POINT ( 'NONE',  ( -0.6999999999999999556, -12.77695210471834741, 1.704934169753160607E-14 ) ) ;
#996 = EDGE_CURVE ( 'NONE', #1110, #417, #930, .T. ) ;
#997 = EDGE_LOOP ( 'NONE', ( #1495, #1617, #1579, #1319, #1471, #1909, #223, #1558, #227, #734, #1048, #1174, #1487, #1420, #1343, #861, #1649, #469 ) ) ;
#998 = CARTESIAN_POINT ( 'NONE',  ( -0.6999999999999999556, -2.582494953678585059, 3.469446951953614189E-16 ) ) ;
#999 = FACE_OUTER_BOUND ( 'NONE', #576, .T. ) ;
#1000 = VECTOR ( 'NONE', #661, 100.0000000000000142 ) ;
#1001 = DIRECTION ( 'NONE',  ( 0.000000000000000000, 0.000000000000000000, 1.000000000000000000 ) ) ;
#1002 = CIRCLE ( 'NONE', #1535, 0.7000000000000006217 ) ;
#1003 = ADVANCED_FACE ( 'NONE', ( #1189 ), #1327, .F. ) ;
#1004 = ORIENTED_EDGE ( 'NONE', *, *, #188, .F. ) ;
#1005 = AXIS2_PLACEMENT_3D ( 'NONE', #1153, #1739, #802 ) ;
#1006 = CARTESIAN_POINT ( 'NONE',  ( 0.6999999999999999556, -0.6999999999999999556, 3.500000000000000444 ) ) ;
#1007 = AXIS2_PLACEMENT_3D ( 'NONE', #1431, #674, #378 ) ;
#1008 = DIRECTION ( 'NONE',  ( -1.000000000000000000, 0.000000000000000000, 0.000000000000000000 ) ) ;
#1009 = DIRECTION ( 'NONE',  ( 0.000000000000000000, 1.954618001100627820E-16, -1.000000000000000000 ) ) ;
#1010 = EDGE_LOOP ( 'NONE', ( #1538, #1163, #284, #1913 ) ) ;
#1011 = FACE_OUTER_BOUND ( 'NONE', #722, .T. ) ;
#1012 = DIRECTION ( 'NONE',  ( 0.000000000000000000, 0.000000000000000000, -1.000000000000000000 ) ) ;
#1013 = CARTESIAN_POINT ( 'NONE',  ( -1.200000000000000400, -0.2999999999999999889, 4.250000000000000888 ) ) ;
#1014 = EDGE_CURVE ( 'NONE', #1604, #835, #587, .T. ) ;
#1015 = VERTEX_POINT ( 'NONE', #578 ) ;
#1016 = VECTOR ( 'NONE', #479, 100.0000000000000000 ) ;
#1017 = ORIENTED_EDGE ( 'NONE', *, *, #898, .F. ) ;
#1018 = EDGE_CURVE ( 'NONE', #1193, #294, #888, .T. ) ;
#1019 = FACE_OUTER_BOUND ( 'NONE', #1190, .T. ) ;
#1020 = VERTEX_POINT ( 'NONE', #1918 ) ;
#1021 = LINE ( 'NONE', #1326, #1701 ) ;
#1022 = CARTESIAN_POINT ( 'NONE',  ( -1.200000000000000400, -0.6999999999999999556, 4.249999999999993783 ) ) ;
#1023 = ORIENTED_EDGE ( 'NONE', *, *, #1860, .T. ) ;
#1024 = PLANE ( 'NONE',  #334 ) ;
#1025 = APPROVAL ( #643, 'UNSPECIFIED' ) ;
#1026 = AXIS2_PLACEMENT_3D ( 'NONE', #1500, #477, #307 ) ;
#1027 = VECTOR ( 'NONE', #122, 100.0000000000000000 ) ;
#1028 = ORIENTED_EDGE ( 'NONE', *, *, #424, .F. ) ;
#1029 = VECTOR ( 'NONE', #1877, 100.0000000000000000 ) ;
#1030 = ORIENTED_EDGE ( 'NONE', *, *, #1606, .T. ) ;
#1031 = EDGE_CURVE ( 'NONE', #297, #849, #1035, .T. ) ;
#1032 = DIRECTION ( 'NONE',  ( 0.000000000000000000, 0.9615239476408231623, 0.2747211278973777926 ) ) ;
#1033 = EDGE_CURVE ( 'NONE', #582, #1296, #960, .T. ) ;
#1034 = CARTESIAN_POINT ( 'NONE',  ( 0.3999999999999999112, -12.13408957098494945, -6.454878025026536292 ) ) ;
#1035 = LINE ( 'NONE', #447, #1278 ) ;
#1036 = VERTEX_POINT ( 'NONE', #724 ) ;
#1037 = LINE ( 'NONE', #1466, #560 ) ;
#1038 = AXIS2_PLACEMENT_3D ( 'NONE', #1068, #463, #1217 ) ;
#1039 = ORIENTED_EDGE ( 'NONE', *, *, #1262, .T. ) ;
#1040 = ORIENTED_EDGE ( 'NONE', *, *, #669, .T. ) ;
#1041 = VECTOR ( 'NONE', #254, 100.0000000000000000 ) ;
#1042 = LOCAL_TIME ( 18, 4, 14.00000000000000000, #1827 ) ;
#1043 = EDGE_CURVE ( 'NONE', #904, #1110, #1926, .T. ) ;
#1044 = CARTESIAN_POINT ( 'NONE',  ( -0.6999999999999999556, -12.77695210471835807, -7.704859156959603439 ) ) ;
#1045 = DIRECTION ( 'NONE',  ( 0.000000000000000000, 0.000000000000000000, -1.000000000000000000 ) ) ;
#1046 = ORIENTED_EDGE ( 'NONE', *, *, #637, .F. ) ;
#1047 = DIRECTION ( 'NONE',  ( 0.000000000000000000, 1.239088197126290570E-16, -1.000000000000000000 ) ) ;
#1048 = ORIENTED_EDGE ( 'NONE', *, *, #1059, .T. ) ;
#1049 = ORIENTED_EDGE ( 'NONE', *, *, #1549, .T. ) ;
#1050 = CARTESIAN_POINT ( 'NONE',  ( -0.6999999999999996225, -12.02527887210262314, 4.655762566520600387 ) ) ;
#1051 = CARTESIAN_POINT ( 'NONE',  ( 0.6999999999999999556, -12.77695210471834741, 1.704934169753160607E-14 ) ) ;
#1052 = ORIENTED_EDGE ( 'NONE', *, *, #336, .T. ) ;
#1053 = CARTESIAN_POINT ( 'NONE',  ( 0.6999999999999999556, -12.30000000000000071, 3.694238618879777114 ) ) ;
#1054 = ORIENTED_EDGE ( 'NONE', *, *, #863, .F. ) ;
#1055 = ORIENTED_EDGE ( 'NONE', *, *, #1399, .T. ) ;
#1056 = VECTOR ( 'NONE', #973, 100.0000000000000000 ) ;
#1057 = CARTESIAN_POINT ( 'NONE',  ( 0.6999999999999999556, -2.065333816742881634, 1.810063979274961321 ) ) ;
#1058 = ADVANCED_FACE ( 'NONE', ( #1334, #1473 ), #133, .F. ) ;
#1059 = EDGE_CURVE ( 'NONE', #121, #442, #1304, .T. ) ;
#1060 = DIRECTION ( 'NONE',  ( 0.000000000000000000, -1.334382531749145564E-15, -1.000000000000000000 ) ) ;
#1061 = EDGE_CURVE ( 'NONE', #121, #579, #873, .T. ) ;
#1062 = EDGE_LOOP ( 'NONE', ( #1916, #551, #1569, #932, #1638, #19, #80, #1237 ) ) ;
#1063 = LINE ( 'NONE', #764, #302 ) ;
#1064 = DIRECTION ( 'NONE',  ( 0.000000000000000000, -0.9615239476408231623, -0.2747211278973777926 ) ) ;
#1065 = ORIENTED_EDGE ( 'NONE', *, *, #233, .T. ) ;
#1066 = DIRECTION ( 'NONE',  ( 0.000000000000000000, 0.000000000000000000, -1.000000000000000000 ) ) ;
#1067 = EDGE_CURVE ( 'NONE', #1445, #1588, #994, .T. ) ;
#1068 = CARTESIAN_POINT ( 'NONE',  ( 0.6999999999999999556, 0.000000000000000000, 0.000000000000000000 ) ) ;
#1069 = CIRCLE ( 'NONE', #416, 0.6999999999999999556 ) ;
#1070 = ORIENTED_EDGE ( 'NONE', *, *, #1738, .F. ) ;
#1071 = DIRECTION ( 'NONE',  ( -1.000000000000000000, -0.000000000000000000, -0.000000000000000000 ) ) ;
#1072 = PLANE ( 'NONE',  #1595 ) ;
#1073 = DIRECTION ( 'NONE',  ( 0.000000000000000000, 0.000000000000000000, 1.000000000000000000 ) ) ;
#1074 = DIRECTION ( 'NONE',  ( 0.000000000000000000, 0.000000000000000000, -1.000000000000000000 ) ) ;
#1075 = EDGE_CURVE ( 'NONE', #579, #1905, #1629, .T. ) ;
#1076 = EDGE_CURVE ( 'NONE', #1312, #1156, #1194, .T. ) ;
#1077 = MECHANICAL_CONTEXT ( 'NONE', #359, 'mechanical' ) ;
#1078 = AXIS2_PLACEMENT_3D ( 'NONE', #992, #686, #1727 ) ;
#1079 = DIRECTION ( 'NONE',  ( 0.000000000000000000, 1.334382531749143000E-15, 1.000000000000000000 ) ) ;
#1080 = ORIENTED_EDGE ( 'NONE', *, *, #278, .T. ) ;
#1081 = DIRECTION ( 'NONE',  ( 0.000000000000000000, 0.9615239476408231623, -0.2747211278973779036 ) ) ;
#1082 = CARTESIAN_POINT ( 'NONE',  ( 0.3999999999999999112, -0.3999999999999999112, 3.102281004745120363 ) ) ;
#1083 = CARTESIAN_POINT ( 'NONE',  ( 0.6999999999999999556, -13.77695210471835630, 8.276287728388172837 ) ) ;
#1084 = APPROVAL_ROLE ( '' ) ;
#1085 = EDGE_CURVE ( 'NONE', #1686, #269, #765, .T. ) ;
#1086 = DIRECTION ( 'NONE',  ( -0.000000000000000000, -0.000000000000000000, 1.000000000000000000 ) ) ;
#1087 = ORIENTED_EDGE ( 'NONE', *, *, #1059, .F. ) ;
#1088 = EDGE_CURVE ( 'NONE', #835, #1927, #1901, .T. ) ;
#1089 = DIRECTION ( 'NONE',  ( 0.000000000000000000, 0.000000000000000000, -1.000000000000000000 ) ) ;
#1090 = ORIENTED_EDGE ( 'NONE', *, *, #3, .F. ) ;
#1091 = CARTESIAN_POINT ( 'NONE',  ( 0.6999999999999999556, -13.07695210471835701, 7.704859156959603439 ) ) ;
#1092 = AXIS2_PLACEMENT_3D ( 'NONE', #1539, #478, #1531 ) ;
#1093 = VERTEX_POINT ( 'NONE', #1210 ) ;
#1094 = VECTOR ( 'NONE', #867, 100.0000000000000000 ) ;
#1095 = VECTOR ( 'NONE', #1605, 100.0000000000000000 ) ;
#1096 = CARTESIAN_POINT ( 'NONE',  ( -0.4000000000000000222, -0.3999999999999999112, 4.250000000000000888 ) ) ;
#1097 = DIRECTION ( 'NONE',  ( 0.000000000000000000, 0.000000000000000000, 1.000000000000000000 ) ) ;
#1098 = EDGE_CURVE ( 'NONE', #297, #1899, #1763, .T. ) ;
#1099 = ORIENTED_EDGE ( 'NONE', *, *, #860, .T. ) ;
#1100 = LOCAL_TIME ( 18, 4, 14.00000000000000000, #936 ) ;
#1101 = CYLINDRICAL_SURFACE ( 'NONE', #1405, 1.000000000000000222 ) ;
#1102 = FACE_OUTER_BOUND ( 'NONE', #146, .T. ) ;
#1103 = CARTESIAN_POINT ( 'NONE',  ( -0.6999999999999999556, 0.8716981132075471983, -3.050943396226415416 ) ) ;
#1104 = CALENDAR_DATE ( 2026, 29, 7 ) ;
#1105 = EDGE_LOOP ( 'NONE', ( #1052, #498, #827, #884 ) ) ;
#1106 = FACE_OUTER_BOUND ( 'NONE', #797, .T. ) ;
#1107 = DIRECTION ( 'NONE',  ( 0.000000000000000000, 1.000000000000000000, -1.334382531749143000E-15 ) ) ;
#1108 = ORIENTED_EDGE ( 'NONE', *, *, #1461, .T. ) ;
#1109 = CARTESIAN_POINT ( 'NONE',  ( 0.6999999999999999556, -12.30000000000000071, -3.694238618879779779 ) ) ;
#1110 = VERTEX_POINT ( 'NONE', #1501 ) ;
#1111 = DIRECTION ( 'NONE',  ( 0.000000000000000000, 0.000000000000000000, -1.000000000000000000 ) ) ;
#1112 = EDGE_CURVE ( 'NONE', #677, #1585, #129, .T. ) ;
#1113 = VERTEX_POINT ( 'NONE', #285 ) ;
#1114 = AXIS2_PLACEMENT_3D ( 'NONE', #705, #1561, #1573 ) ;
#1115 = DIRECTION ( 'NONE',  ( 1.000000000000000000, -0.000000000000000000, 0.000000000000000000 ) ) ;
#1116 = EDGE_CURVE ( 'NONE', #266, #351, #97, .T. ) ;
#1117 = CIRCLE ( 'NONE', #1525, 1.299999999999999822 ) ;
#1118 = DIRECTION ( 'NONE',  ( 0.000000000000000000, 0.000000000000000000, -1.000000000000000000 ) ) ;
#1119 = VECTOR ( 'NONE', #427, 100.0000000000000000 ) ;
#1120 = ORIENTED_EDGE ( 'NONE', *, *, #1609, .F. ) ;
#1121 = CARTESIAN_POINT ( 'NONE',  ( -0.5000000000000004441, 0.000000000000000000, -4.249999999999999112 ) ) ;
#1122 = CARTESIAN_POINT ( 'NONE',  ( -0.3999999999999999112, -14.30000000000000071, 9.268026687396696772 ) ) ;
#1123 = LINE ( 'NONE', #550, #1056 ) ;
#1124 = ORIENTED_EDGE ( 'NONE', *, *, #1209, .T. ) ;
#1125 = CARTESIAN_POINT ( 'NONE',  ( -0.6999999999999999556, -13.50223097682097873, 9.237811676028995223 ) ) ;
#1126 = PLANE ( 'NONE',  #575 ) ;
#1127 = CIRCLE ( 'NONE', #1710, 0.6999999999999999556 ) ;
#1128 = EDGE_LOOP ( 'NONE', ( #748, #1284, #1151, #639, #1244, #105, #1641, #659, #1479, #979, #170, #1766, #892, #1299, #534, #1846, #1046, #585, #726, #51 ) ) ;
#1129 = CARTESIAN_POINT ( 'NONE',  ( -0.4999999999999933387, 0.000000000000000000, 5.250000000000000888 ) ) ;
#1130 = DIRECTION ( 'NONE',  ( -1.000000000000000000, 0.000000000000000000, 0.000000000000000000 ) ) ;
#1131 = DIRECTION ( 'NONE',  ( 0.000000000000000000, 1.000000000000000000, 0.000000000000000000 ) ) ;
#1132 = APPROVAL_PERSON_ORGANIZATION ( #187, #821, #1084 ) ;
#1133 = ADVANCED_FACE ( 'NONE', ( #1737 ), #1914, .T. ) ;
#1134 = ORIENTED_EDGE ( 'NONE', *, *, #1085, .F. ) ;
#1135 = PLANE ( 'NONE',  #433 ) ;
#1136 = DIRECTION ( 'NONE',  ( 0.000000000000000000, 1.000000000000000000, 0.000000000000000000 ) ) ;
#1137 = VECTOR ( 'NONE', #1224, 100.0000000000000000 ) ;
#1138 = VERTEX_POINT ( 'NONE', #584 ) ;
#1139 = CYLINDRICAL_SURFACE ( 'NONE', #532, 0.6999999999999999556 ) ;
#1140 = CARTESIAN_POINT ( 'NONE',  ( -0.3999999999999976907, -14.30000000000000071, -9.153740973110984669 ) ) ;
#1141 = ORIENTED_EDGE ( 'NONE', *, *, #1262, .F. ) ;
#1142 = EDGE_CURVE ( 'NONE', #149, #624, #1798, .T. ) ;
#1143 = LINE ( 'NONE', #1050, #1637 ) ;
#1144 = DIRECTION ( 'NONE',  ( 0.000000000000000000, 0.000000000000000000, 1.000000000000000000 ) ) ;
#1145 = VECTOR ( 'NONE', #820, 100.0000000000000000 ) ;
#1146 = EDGE_LOOP ( 'NONE', ( #1397, #1335, #817, #1725, #283, #1387 ) ) ;
#1147 = CARTESIAN_POINT ( 'NONE',  ( 0.3999999999999999112, 0.7892817748383338383, -2.762486211934168434 ) ) ;
#1148 = DIRECTION ( 'NONE',  ( 0.000000000000000000, 1.000000000000000000, 0.000000000000000000 ) ) ;
#1149 = EDGE_CURVE ( 'NONE', #1193, #1823, #106, .T. ) ;
#1150 = CARTESIAN_POINT ( 'NONE',  ( 1.499999999999999556, 0.000000000000000000, 4.249999999999993783 ) ) ;
#1151 = ORIENTED_EDGE ( 'NONE', *, *, #1204, .F. ) ;
#1152 = DIRECTION ( 'NONE',  ( 0.000000000000000000, 0.000000000000000000, 1.000000000000000000 ) ) ;
#1153 = CARTESIAN_POINT ( 'NONE',  ( 0.000000000000000000, 0.000000000000000000, 0.000000000000000000 ) ) ;
#1154 = DIRECTION ( 'NONE',  ( 0.000000000000000000, -1.334382531749142803E-15, -1.000000000000000000 ) ) ;
#1155 = ADVANCED_FACE ( 'NONE', ( #114 ), #615, .T. ) ;
#1156 = VERTEX_POINT ( 'NONE', #18 ) ;
#1157 = FACE_OUTER_BOUND ( 'NONE', #763, .T. ) ;
#1158 = CARTESIAN_POINT ( 'NONE',  ( 0.3999999999999999112, -13.58464731519019075, 8.949354491736748685 ) ) ;
#1159 = EDGE_CURVE ( 'NONE', #113, #1585, #467, .T. ) ;
#1160 = FACE_OUTER_BOUND ( 'NONE', #1062, .T. ) ;
#1161 = VECTOR ( 'NONE', #1089, 100.0000000000000000 ) ;
#1162 = ORIENTED_EDGE ( 'NONE', *, *, #158, .F. ) ;
#1163 = ORIENTED_EDGE ( 'NONE', *, *, #491, .T. ) ;
#1164 = DIRECTION ( 'NONE',  ( 0.000000000000000000, -1.334382531749143000E-15, -1.000000000000000000 ) ) ;
#1165 = AXIS2_PLACEMENT_3D ( 'NONE', #1293, #1130, #238 ) ;
#1166 = LINE ( 'NONE', #1730, #631 ) ;
#1167 = CC_DESIGN_PERSON_AND_ORGANIZATION_ASSIGNMENT ( #954, #490, ( #318 ) ) ;
#1168 = VERTEX_POINT ( 'NONE', #718 ) ;
#1169 = CARTESIAN_POINT ( 'NONE',  ( 0.3999999999999999112, 1.338724030633089424, 4.685534107215799438 ) ) ;
#1170 = DIRECTION ( 'NONE',  ( 1.000000000000000000, -0.000000000000000000, 0.000000000000000000 ) ) ;
#1171 = VECTOR ( 'NONE', #470, 100.0000000000000000 ) ;
#1172 = VERTEX_POINT ( 'NONE', #915 ) ;
#1173 = DIRECTION ( 'NONE',  ( 1.000000000000000000, -0.000000000000000000, 0.000000000000000000 ) ) ;
#1174 = ORIENTED_EDGE ( 'NONE', *, *, #733, .F. ) ;
#1175 = ORIENTED_EDGE ( 'NONE', *, *, #1480, .F. ) ;
#1176 = DIRECTION ( 'NONE',  ( 0.000000000000000000, 0.2747211278973781257, -0.9615239476408231623 ) ) ;
#1177 = EDGE_CURVE ( 'NONE', #1801, #294, #444, .T. ) ;
#1178 = ORIENTED_EDGE ( 'NONE', *, *, #332, .T. ) ;
#1179 = DIRECTION ( 'NONE',  ( 0.000000000000000000, 0.000000000000000000, 1.000000000000000000 ) ) ;
#1180 = CARTESIAN_POINT ( 'NONE',  ( 0.4999999999999924505, 0.000000000000000000, -5.249999999999999112 ) ) ;
#1181 = ORIENTED_EDGE ( 'NONE', *, *, #719, .T. ) ;
#1182 = CARTESIAN_POINT ( 'NONE',  ( -0.5000000000000004441, -0.6999999999999999556, 4.250000000000000000 ) ) ;
#1183 = VECTOR ( 'NONE', #1921, 100.0000000000000000 ) ;
#1184 = AXIS2_PLACEMENT_3D ( 'NONE', #895, #1754, #557 ) ;
#1185 = ORIENTED_EDGE ( 'NONE', *, *, #398, .F. ) ;
#1186 = ORIENTED_EDGE ( 'NONE', *, *, #323, .F. ) ;
#1187 = ADVANCED_FACE ( 'NONE', ( #1019 ), #273, .T. ) ;
#1188 = CARTESIAN_POINT ( 'NONE',  ( -1.500000000000000444, 0.000000000000000000, 4.249999999999993783 ) ) ;
#1189 = FACE_OUTER_BOUND ( 'NONE', #569, .T. ) ;
#1190 = EDGE_LOOP ( 'NONE', ( #293, #1518, #142, #616 ) ) ;
#1191 = LINE ( 'NONE', #450, #957 ) ;
#1192 = CIRCLE ( 'NONE', #4, 1.300000000000000488 ) ;
#1193 = VERTEX_POINT ( 'NONE', #777 ) ;
#1194 = CIRCLE ( 'NONE', #1681, 0.6999999999999999556 ) ;
#1195 = CC_DESIGN_PERSON_AND_ORGANIZATION_ASSIGNMENT ( #32, #509, ( #475 ) ) ;
#1196 = VERTEX_POINT ( 'NONE', #195 ) ;
#1197 = LINE ( 'NONE', #909, #1443 ) ;
#1198 = VECTOR ( 'NONE', #1646, 100.0000000000000000 ) ;
#1199 = CARTESIAN_POINT ( 'NONE',  ( 0.3999999999999999112, -13.07695210471834812, 1.744965645705634924E-14 ) ) ;
#1200 = ORIENTED_EDGE ( 'NONE', *, *, #48, .F. ) ;
#1201 = CARTESIAN_POINT ( 'NONE',  ( -0.4999999999999933387, -0.6999999999999999556, 5.250000000000000888 ) ) ;
#1202 = ORIENTED_EDGE ( 'NONE', *, *, #860, .F. ) ;
#1203 = ORIENTED_EDGE ( 'NONE', *, *, #1564, .F. ) ;
#1204 = EDGE_CURVE ( 'NONE', #633, #1296, #1660, .T. ) ;
#1205 = EDGE_CURVE ( 'NONE', #681, #1927, #174, .T. ) ;
#1206 = FACE_OUTER_BOUND ( 'NONE', #206, .T. ) ;
#1207 = ORIENTED_EDGE ( 'NONE', *, *, #116, .T. ) ;
#1208 = CARTESIAN_POINT ( 'NONE',  ( -0.6999999999999999556, -2.065333816742882966, 1.810063979274961765 ) ) ;
#1209 = EDGE_CURVE ( 'NONE', #1156, #814, #496, .T. ) ;
#1210 = CARTESIAN_POINT ( 'NONE',  ( -1.500000000000000444, -0.6999999999999999556, 4.249999999999993783 ) ) ;
#1211 = ORIENTED_EDGE ( 'NONE', *, *, #689, .F. ) ;
#1212 = DIRECTION ( 'NONE',  ( -1.000000000000000000, 0.000000000000000000, -0.000000000000000000 ) ) ;
#1213 = VERTEX_POINT ( 'NONE', #617 ) ;
#1214 = VECTOR ( 'NONE', #159, 100.0000000000000000 ) ;
#1215 = FACE_OUTER_BOUND ( 'NONE', #1628, .T. ) ;
#1216 = AXIS2_PLACEMENT_3D ( 'NONE', #141, #736, #743 ) ;
#1217 = DIRECTION ( 'NONE',  ( 0.000000000000000000, 0.000000000000000000, -1.000000000000000000 ) ) ;
#1218 = EDGE_CURVE ( 'NONE', #1780, #893, #1002, .T. ) ;
#1219 = ORIENTED_EDGE ( 'NONE', *, *, #1085, .T. ) ;
#1220 = LINE ( 'NONE', #1807, #620 ) ;
#1221 = DIRECTION ( 'NONE',  ( 0.000000000000000000, 0.000000000000000000, -1.000000000000000000 ) ) ;
#1222 = EDGE_CURVE ( 'NONE', #1213, #896, #917, .T. ) ;
#1223 = ORIENTED_EDGE ( 'NONE', *, *, #1031, .T. ) ;
#1224 = DIRECTION ( 'NONE',  ( -1.000000000000000000, -0.000000000000000000, -0.000000000000000000 ) ) ;
#1225 = SHAPE_DEFINITION_REPRESENTATION ( #521, #1444 ) ;
#1226 = VECTOR ( 'NONE', #1154, 100.0000000000000000 ) ;
#1227 = AXIS2_PLACEMENT_3D ( 'NONE', #536, #1115, #824 ) ;
#1228 = PLANE ( 'NONE',  #343 ) ;
#1229 = ORIENTED_EDGE ( 'NONE', *, *, #1651, .F. ) ;
#1230 = LINE ( 'NONE', #201, #1837 ) ;
#1231 = EDGE_CURVE ( 'NONE', #1912, #1196, #1819, .T. ) ;
#1232 = DIRECTION ( 'NONE',  ( 0.000000000000000000, 1.000000000000000000, 0.000000000000000000 ) ) ;
#1233 = LINE ( 'NONE', #1533, #1415 ) ;
#1234 = AXIS2_PLACEMENT_3D ( 'NONE', #945, #935, #1826 ) ;
#1235 = EDGE_CURVE ( 'NONE', #1036, #1894, #938, .T. ) ;
#1236 = CARTESIAN_POINT ( 'NONE',  ( -0.3999999999999999112, -0.3999999999999999112, -3.102281004745120807 ) ) ;
#1237 = ORIENTED_EDGE ( 'NONE', *, *, #1088, .T. ) ;
#1238 = DIRECTION ( 'NONE',  ( 1.000000000000000000, 0.000000000000000000, 0.000000000000000000 ) ) ;
#1239 = LINE ( 'NONE', #810, #1016 ) ;
#1240 = DIRECTION ( 'NONE',  ( 0.000000000000000000, -1.334382531749142803E-15, -1.000000000000000000 ) ) ;
#1241 = SECURITY_CLASSIFICATION_LEVEL ( 'unclassified' ) ;
#1242 = VECTOR ( 'NONE', #384, 100.0000000000000000 ) ;
#1243 = EDGE_CURVE ( 'NONE', #907, #1323, #46, .T. ) ;
#1244 = ORIENTED_EDGE ( 'NONE', *, *, #23, .F. ) ;
#1245 = CARTESIAN_POINT ( 'NONE',  ( -0.6999999999999999556, -0.6999999999999999556, 3.499999999999999556 ) ) ;
#1246 = DIRECTION ( 'NONE',  ( 0.000000000000000000, -0.9615239476408232733, 0.2747211278973779036 ) ) ;
#1247 = ORIENTED_EDGE ( 'NONE', *, *, #177, .T. ) ;
#1248 = DIRECTION ( 'NONE',  ( 0.000000000000000000, 0.000000000000000000, -1.000000000000000000 ) ) ;
#1249 = FACE_BOUND ( 'NONE', #261, .T. ) ;
#1250 = DIRECTION ( 'NONE',  ( 0.000000000000000000, 1.000000000000000000, 0.000000000000000000 ) ) ;
#1251 = CC_DESIGN_PERSON_AND_ORGANIZATION_ASSIGNMENT ( #358, #946, ( #1507 ) ) ;
#1252 = ORIENTED_EDGE ( 'NONE', *, *, #1860, .F. ) ;
#1253 = AXIS2_PLACEMENT_3D ( 'NONE', #61, #923, #1687 ) ;
#1254 = AXIS2_PLACEMENT_3D ( 'NONE', #263, #1176, #862 ) ;
#1255 = LINE ( 'NONE', #352, #448 ) ;
#1256 = DIRECTION ( 'NONE',  ( 0.000000000000000000, 0.000000000000000000, -1.000000000000000000 ) ) ;
#1257 = ORIENTED_EDGE ( 'NONE', *, *, #968, .F. ) ;
#1258 = AXIS2_PLACEMENT_3D ( 'NONE', #173, #1688, #1522 ) ;
#1259 = DIRECTION ( 'NONE',  ( 0.000000000000000000, -0.2747211278973779591, -0.9615239476408232733 ) ) ;
#1260 = PLANE ( 'NONE',  #76 ) ;
#1261 = CARTESIAN_POINT ( 'NONE',  ( -0.6999999999999999556, -0.6999999999999999556, 7.703719777548943412E-32 ) ) ;
#1262 = EDGE_CURVE ( 'NONE', #1806, #1761, #1328, .T. ) ;
#1263 = DATE_AND_TIME ( #1691, #1349 ) ;
#1264 = EDGE_CURVE ( 'NONE', #149, #525, #139, .T. ) ;
#1265 = ORIENTED_EDGE ( 'NONE', *, *, #891, .F. ) ;
#1266 = CYLINDRICAL_SURFACE ( 'NONE', #1410, 0.6999999999999999556 ) ;
#1267 = LINE ( 'NONE', #1864, #1411 ) ;
#1268 = ORIENTED_EDGE ( 'NONE', *, *, #913, .F. ) ;
#1269 = DIRECTION ( 'NONE',  ( -1.000000000000000000, -0.000000000000000000, -0.000000000000000000 ) ) ;
#1270 = CARTESIAN_POINT ( 'NONE',  ( 0.6999999999999999556, -13.58464731519019075, 8.949354491736748685 ) ) ;
#1271 = CARTESIAN_POINT ( 'NONE',  ( -0.4000000000000000222, -13.77695210471835985, -8.276287728388179943 ) ) ;
#1272 = ORIENTED_EDGE ( 'NONE', *, *, #243, .T. ) ;
#1273 = ORIENTED_EDGE ( 'NONE', *, *, #166, .F. ) ;
#1274 = VECTOR ( 'NONE', #182, 99.99999999999998579 ) ;
#1275 = CARTESIAN_POINT ( 'NONE',  ( 0.3999999999999999112, -13.07695210471836766, 1.744965645705641235E-14 ) ) ;
#1276 = AXIS2_PLACEMENT_3D ( 'NONE', #288, #723, #418 ) ;
#1277 = LINE ( 'NONE', #988, #320 ) ;
#1278 = VECTOR ( 'NONE', #1318, 100.0000000000000000 ) ;
#1279 = ORIENTED_EDGE ( 'NONE', *, *, #278, .F. ) ;
#1280 = EDGE_CURVE ( 'NONE', #808, #1110, #1800, .T. ) ;
#1281 = DIRECTION ( 'NONE',  ( 0.000000000000000000, 0.000000000000000000, -1.000000000000000000 ) ) ;
#1282 = CARTESIAN_POINT ( 'NONE',  ( 0.4999999999999997780, -0.3999999999999999112, 3.102281004745120807 ) ) ;
#1283 = DIRECTION ( 'NONE',  ( 0.000000000000000000, -0.9615239476408231623, -0.2747211278973781812 ) ) ;
#1284 = ORIENTED_EDGE ( 'NONE', *, *, #1033, .T. ) ;
#1285 = EDGE_LOOP ( 'NONE', ( #1692, #1923, #717, #1762 ) ) ;
#1286 = DIRECTION ( 'NONE',  ( -1.000000000000000000, 0.000000000000000000, 0.000000000000000000 ) ) ;
#1287 = VECTOR ( 'NONE', #1086, 100.0000000000000000 ) ;
#1288 = CARTESIAN_POINT ( 'NONE',  ( 1.499999999999999556, -0.6999999999999999556, 4.249999999999993783 ) ) ;
#1289 = VECTOR ( 'NONE', #1836, 100.0000000000000000 ) ;
#1290 = CIRCLE ( 'NONE', #1536, 0.9999999999999995559 ) ;
#1291 = ORIENTED_EDGE ( 'NONE', *, *, #803, .T. ) ;
#1292 = FACE_OUTER_BOUND ( 'NONE', #277, .T. ) ;
#1293 = CARTESIAN_POINT ( 'NONE',  ( 0.6999999999999999556, -13.77695210471835985, -8.276287728388179943 ) ) ;
#1294 = DIRECTION ( 'NONE',  ( 0.000000000000000000, -0.9615239476408231623, -0.2747211278973781257 ) ) ;
#1295 = ADVANCED_FACE ( 'NONE', ( #1514 ), #357, .T. ) ;
#1296 = VERTEX_POINT ( 'NONE', #319 ) ;
#1297 = CARTESIAN_POINT ( 'NONE',  ( -0.4000000000000000222, -13.07695210471835701, 8.276287728388172837 ) ) ;
#1298 = CARTESIAN_POINT ( 'NONE',  ( 0.4999999999999997780, -0.2999999999999999889, -4.949999999999999289 ) ) ;
#1299 = ORIENTED_EDGE ( 'NONE', *, *, #1018, .F. ) ;
#1300 = CARTESIAN_POINT ( 'NONE',  ( -0.4000000000000000222, 0.4046721957820045290, 1.416352685237016296 ) ) ;
#1301 = DIRECTION ( 'NONE',  ( 0.000000000000000000, 0.9615239476408231623, -0.2747211278973779036 ) ) ;
#1302 = ORIENTED_EDGE ( 'NONE', *, *, #344, .T. ) ;
#1303 = ORIENTED_EDGE ( 'NONE', *, *, #1760, .T. ) ;
#1304 = LINE ( 'NONE', #1470, #622 ) ;
#1305 = ADVANCED_FACE ( 'NONE', ( #794 ), #31, .F. ) ;
#1306 = PLANE ( 'NONE',  #275 ) ;
#1307 = AXIS2_PLACEMENT_3D ( 'NONE', #1423, #83, #1432 ) ;
#1308 = ORIENTED_EDGE ( 'NONE', *, *, #1897, .F. ) ;
#1309 = CARTESIAN_POINT ( 'NONE',  ( 0.6999999999999999556, -12.30000000000000071, -3.694238618879779779 ) ) ;
#1310 = LINE ( 'NONE', #1726, #1094 ) ;
#1311 = CARTESIAN_POINT ( 'NONE',  ( 0.6999999999999999556, 0.8716981132075467542, 3.050943396226415416 ) ) ;
#1312 = VERTEX_POINT ( 'NONE', #203 ) ;
#1313 = CARTESIAN_POINT ( 'NONE',  ( 0.6999999999999999556, -2.582494953678585059, 3.469446951953614189E-16 ) ) ;
#1314 = DIRECTION ( 'NONE',  ( -1.000000000000000000, 0.000000000000000000, 0.000000000000000000 ) ) ;
#1315 = LINE ( 'NONE', #414, #730 ) ;
#1316 = EDGE_LOOP ( 'NONE', ( #1645, #823, #50, #471 ) ) ;
#1317 = LINE ( 'NONE', #1481, #1027 ) ;
#1318 = DIRECTION ( 'NONE',  ( 0.000000000000000000, 1.000000000000000000, 0.000000000000000000 ) ) ;
#1319 = ORIENTED_EDGE ( 'NONE', *, *, #1218, .F. ) ;
#1320 = DIRECTION ( 'NONE',  ( 0.000000000000000000, 0.000000000000000000, -1.000000000000000000 ) ) ;
#1321 = EDGE_CURVE ( 'NONE', #1329, #400, #978, .T. ) ;
#1322 = ORIENTED_EDGE ( 'NONE', *, *, #1116, .T. ) ;
#1323 = VERTEX_POINT ( 'NONE', #186 ) ;
#1324 = CARTESIAN_POINT ( 'NONE',  ( -0.5000000000000004441, -0.2999999999999999889, 4.250000000000000000 ) ) ;
#1325 = ORIENTED_EDGE ( 'NONE', *, *, #1369, .T. ) ;
#1326 = CARTESIAN_POINT ( 'NONE',  ( 0.6999999999999999556, -12.13408957098494945, -6.454878025026536292 ) ) ;
#1327 = PLANE ( 'NONE',  #1861 ) ;
#1328 = CIRCLE ( 'NONE', #583, 0.9999999999999995559 ) ;
#1329 = VERTEX_POINT ( 'NONE', #1689 ) ;
#1330 = DIRECTION ( 'NONE',  ( 1.000000000000000000, -0.000000000000000000, -0.000000000000000000 ) ) ;
#1331 = ORIENTED_EDGE ( 'NONE', *, *, #877, .T. ) ;
#1332 = ORIENTED_EDGE ( 'NONE', *, *, #363, .T. ) ;
#1333 = DIRECTION ( 'NONE',  ( -1.000000000000000000, 0.000000000000000000, 0.000000000000000000 ) ) ;
#1334 = FACE_BOUND ( 'NONE', #1146, .T. ) ;
#1335 = ORIENTED_EDGE ( 'NONE', *, *, #1606, .F. ) ;
#1336 = CARTESIAN_POINT ( 'NONE',  ( 0.4999999999999997780, -0.3999999999999999112, -3.102281004745119475 ) ) ;
#1337 = VERTEX_POINT ( 'NONE', #163 ) ;
#1338 = ORIENTED_EDGE ( 'NONE', *, *, #1235, .T. ) ;
#1339 = DIRECTION ( 'NONE',  ( 0.000000000000000000, 0.000000000000000000, -1.000000000000000000 ) ) ;
#1340 = ORIENTED_EDGE ( 'NONE', *, *, #1759, .T. ) ;
#1341 = CYLINDRICAL_SURFACE ( 'NONE', #928, 0.9999999999999995559 ) ;
#1342 = AXIS2_PLACEMENT_3D ( 'NONE', #920, #1517, #638 ) ;
#1343 = ORIENTED_EDGE ( 'NONE', *, *, #542, .T. ) ;
#1344 = VECTOR ( 'NONE', #123, 99.99999999999998579 ) ;
#1345 = VECTOR ( 'NONE', #1164, 100.0000000000000000 ) ;
#1346 = EDGE_LOOP ( 'NONE', ( #1862, #1340, #1055, #1851 ) ) ;
#1347 = EDGE_CURVE ( 'NONE', #916, #294, #1574, .T. ) ;
#1348 = CARTESIAN_POINT ( 'NONE',  ( 0.4999999999999924505, 0.000000000000000000, 5.250000000000000888 ) ) ;
#1349 = LOCAL_TIME ( 18, 4, 14.00000000000000000, #47 ) ;
#1350 = EDGE_CURVE ( 'NONE', #1555, #351, #1233, .T. ) ;
#1351 = FACE_OUTER_BOUND ( 'NONE', #15, .T. ) ;
#1352 = EDGE_LOOP ( 'NONE', ( #1799, #1200, #1279, #754 ) ) ;
#1353 = LINE ( 'NONE', #16, #870 ) ;
#1354 = DIRECTION ( 'NONE',  ( 0.000000000000000000, 1.000000000000000000, 0.000000000000000000 ) ) ;
#1355 = ORIENTED_EDGE ( 'NONE', *, *, #468, .T. ) ;
#1356 = DIRECTION ( 'NONE',  ( -1.000000000000000000, 0.000000000000000000, -0.000000000000000000 ) ) ;
#1357 = ORIENTED_EDGE ( 'NONE', *, *, #1098, .F. ) ;
#1358 = EDGE_CURVE ( 'NONE', #950, #1705, #1915, .T. ) ;
#1359 = CARTESIAN_POINT ( 'NONE',  ( -0.4000000000000000222, 0.7892817748383333942, 2.762486211934168434 ) ) ;
#1360 = ORIENTED_EDGE ( 'NONE', *, *, #1871, .F. ) ;
#1361 = DIRECTION ( 'NONE',  ( 0.000000000000000000, 1.000000000000000000, -0.000000000000000000 ) ) ;
#1362 = DIRECTION ( 'NONE',  ( -1.000000000000000000, 0.000000000000000000, -0.000000000000000000 ) ) ;
#1363 = DIRECTION ( 'NONE',  ( 1.000000000000000000, 0.000000000000000000, 0.000000000000000000 ) ) ;
#1364 = DIRECTION ( 'NONE',  ( 1.000000000000000000, -0.000000000000000000, 0.000000000000000000 ) ) ;
#1365 = AXIS2_PLACEMENT_3D ( 'NONE', #1053, #327, #27 ) ;
#1366 = AXIS2_PLACEMENT_3D ( 'NONE', #751, #1333, #1179 ) ;
#1367 = APPROVAL_DATE_TIME ( #629, #821 ) ;
#1368 = VECTOR ( 'NONE', #1512, 100.0000000000000000 ) ;
#1369 = EDGE_CURVE ( 'NONE', #1440, #1736, #349, .T. ) ;
#1370 = CARTESIAN_POINT ( 'NONE',  ( 0.6999999999999999556, -12.30000000000000071, -3.694238618879779779 ) ) ;
#1371 = ORIENTED_EDGE ( 'NONE', *, *, #1683, .F. ) ;
#1372 = CARTESIAN_POINT ( 'NONE',  ( -0.6999999999999999556, 0.000000000000000000, 0.000000000000000000 ) ) ;
#1373 = ORIENTED_EDGE ( 'NONE', *, *, #1804, .T. ) ;
#1374 = DIRECTION ( 'NONE',  ( 0.000000000000000000, 0.000000000000000000, -1.000000000000000000 ) ) ;
#1375 = CALENDAR_DATE ( 2026, 29, 7 ) ;
#1376 = ADVANCED_FACE ( 'NONE', ( #397 ), #1719, .T. ) ;
#1377 = AXIS2_PLACEMENT_3D ( 'NONE', #524, #1874, #1395 ) ;
#1378 = PLANE ( 'NONE',  #1038 ) ;
#1379 = ORIENTED_EDGE ( 'NONE', *, *, #1231, .F. ) ;
#1380 = LINE ( 'NONE', #1559, #155 ) ;
#1381 = DIRECTION ( 'NONE',  ( 0.000000000000000000, 0.000000000000000000, 1.000000000000000000 ) ) ;
#1382 = DIRECTION ( 'NONE',  ( 0.000000000000000000, 0.000000000000000000, -1.000000000000000000 ) ) ;
#1383 = APPROVAL_DATE_TIME ( #175, #128 ) ;
#1384 = ADVANCED_FACE ( 'NONE', ( #1551 ), #1849, .F. ) ;
#1385 = LINE ( 'NONE', #49, #1872 ) ;
#1386 = ORIENTED_EDGE ( 'NONE', *, *, #465, .F. ) ;
#1387 = ORIENTED_EDGE ( 'NONE', *, *, #1750, .T. ) ;
#1388 = ORIENTED_CLOSED_SHELL ( 'NONE', *, #1516, .F. );
#1389 = DIRECTION ( 'NONE',  ( -1.000000000000000000, 0.000000000000000000, -0.000000000000000000 ) ) ;
#1390 = DIRECTION ( 'NONE',  ( 0.000000000000000000, 1.000000000000000000, 0.000000000000000000 ) ) ;
#1391 = DIRECTION ( 'NONE',  ( 0.000000000000000000, 1.000000000000000000, 0.000000000000000000 ) ) ;
#1392 = PERSON_AND_ORGANIZATION_ROLE ( 'design_supplier' ) ;
#1393 = VERTEX_POINT ( 'NONE', #830 ) ;
#1394 = FACE_OUTER_BOUND ( 'NONE', #1352, .T. ) ;
#1395 = DIRECTION ( 'NONE',  ( 0.000000000000000000, 2.775557561562892534E-15, -1.000000000000000000 ) ) ;
#1396 = EDGE_CURVE ( 'NONE', #1585, #1323, #1591, .T. ) ;
#1397 = ORIENTED_EDGE ( 'NONE', *, *, #332, .F. ) ;
#1398 = CARTESIAN_POINT ( 'NONE',  ( -0.4000000000000000222, -12.30000000000000071, -3.694238618879779779 ) ) ;
#1399 = EDGE_CURVE ( 'NONE', #269, #1138, #231, .T. ) ;
#1400 = CARTESIAN_POINT ( 'NONE',  ( 0.3999999999999999112, -14.30000000000000071, -9.153740973110986445 ) ) ;
#1401 = DIRECTION ( 'NONE',  ( 0.000000000000000000, -0.9615239476408231623, -0.2747211278973777926 ) ) ;
#1402 = APPROVAL_ROLE ( '' ) ;
#1403 = EDGE_CURVE ( 'NONE', #1761, #21, #1886, .T. ) ;
#1404 = ORIENTED_EDGE ( 'NONE', *, *, #17, .F. ) ;
#1405 = AXIS2_PLACEMENT_3D ( 'NONE', #355, #1238, #494 ) ;
#1406 = LINE ( 'NONE', #1544, #274 ) ;
#1407 = CARTESIAN_POINT ( 'NONE',  ( -0.6999999999999999556, -0.6999999999999995115, -8.673617379884028076E-17 ) ) ;
#1408 = EDGE_CURVE ( 'NONE', #1440, #1484, #1817, .T. ) ;
#1409 = EDGE_LOOP ( 'NONE', ( #1743, #1625, #421, #874 ) ) ;
#1410 = AXIS2_PLACEMENT_3D ( 'NONE', #78, #523, #1567 ) ;
#1411 = VECTOR ( 'NONE', #1587, 100.0000000000000000 ) ;
#1412 = CARTESIAN_POINT ( 'NONE',  ( -1.200000000000000400, -0.2999999999999999889, -4.249999999999993783 ) ) ;
#1413 = DIRECTION ( 'NONE',  ( 0.000000000000000000, 0.000000000000000000, 1.000000000000000000 ) ) ;
#1414 = CARTESIAN_POINT ( 'NONE',  ( -0.6999999999999999556, -2.065333816742881190, -1.810063979274961765 ) ) ;
#1415 = VECTOR ( 'NONE', #801, 100.0000000000000000 ) ;
#1416 = EDGE_LOOP ( 'NONE', ( #970, #1373, #548, #8 ) ) ;
#1417 = EDGE_CURVE ( 'NONE', #41, #1337, #1123, .T. ) ;
#1418 = DIRECTION ( 'NONE',  ( 1.000000000000000000, -0.000000000000000000, -0.000000000000000000 ) ) ;
#1419 = DIRECTION ( 'NONE',  ( 0.000000000000000000, -0.9615239476408230512, 0.2747211278973787918 ) ) ;
#1420 = ORIENTED_EDGE ( 'NONE', *, *, #1554, .T. ) ;
#1421 = CARTESIAN_POINT ( 'NONE',  ( -0.4999999999999933387, -0.6999999999999999556, -5.249999999999999112 ) ) ;
#1422 = DIRECTION ( 'NONE',  ( 0.000000000000000000, 0.9615239476408231623, -0.2747211278973779036 ) ) ;
#1423 = CARTESIAN_POINT ( 'NONE',  ( 0.6999999999999999556, 1.338724030633090534, -4.685534107215820754 ) ) ;
#1424 = EDGE_LOOP ( 'NONE', ( #618, #507, #1040, #1751 ) ) ;
#1425 = ORIENTED_EDGE ( 'NONE', *, *, #1014, .F. ) ;
#1426 = CARTESIAN_POINT ( 'NONE',  ( 0.3999999999999999112, -13.07695210471835701, 8.276287728388172837 ) ) ;
#1427 = LINE ( 'NONE', #967, #543 ) ;
#1428 = EDGE_CURVE ( 'NONE', #582, #113, #964, .T. ) ;
#1429 = ORIENTED_EDGE ( 'NONE', *, *, #1043, .T. ) ;
#1430 = CARTESIAN_POINT ( 'NONE',  ( 0.6999999999999999556, -13.60000000000000142, -3.694238618879779779 ) ) ;
#1431 = CARTESIAN_POINT ( 'NONE',  ( 0.3999999999999999112, -13.77695210471835985, -8.276287728388179943 ) ) ;
#1432 = DIRECTION ( 'NONE',  ( 0.000000000000000000, 0.9615239476408231623, 0.2747211278973777926 ) ) ;
#1433 = ORIENTED_EDGE ( 'NONE', *, *, #136, .F. ) ;
#1434 = ADVANCED_FACE ( 'NONE', ( #1582 ), #1708, .T. ) ;
#1435 = LINE ( 'NONE', #806, #25 ) ;
#1436 = CIRCLE ( 'NONE', #1092, 1.882494953678584881 ) ;
#1437 = CARTESIAN_POINT ( 'NONE',  ( -0.6999999999999999556, -12.02527887210262847, 4.655762566520601275 ) ) ;
#1438 = CIRCLE ( 'NONE', #410, 0.6999999999999999556 ) ;
#1439 = VECTOR ( 'NONE', #1354, 100.0000000000000000 ) ;
#1440 = VERTEX_POINT ( 'NONE', #1414 ) ;
#1441 = CARTESIAN_POINT ( 'NONE',  ( -0.6999999999999999556, -13.30000000000000071, 3.694238618879777114 ) ) ;
#1442 = LINE ( 'NONE', #213, #989 ) ;
#1443 = VECTOR ( 'NONE', #1496, 100.0000000000000000 ) ;
#1444 = ADVANCED_BREP_SHAPE_REPRESENTATION ( 'stand', ( #986, #1005 ), #1841 ) ;
#1445 = VERTEX_POINT ( 'NONE', #846 ) ;
#1446 = EDGE_CURVE ( 'NONE', #1801, #613, #230, .T. ) ;
#1447 = CARTESIAN_POINT ( 'NONE',  ( 0.6999999999999999556, -12.13408957098495833, 6.454878025026535404 ) ) ;
#1448 = DIRECTION ( 'NONE',  ( 0.000000000000000000, 1.334382531749145761E-15, 1.000000000000000000 ) ) ;
#1449 = LINE ( 'NONE', #1740, #130 ) ;
#1450 = ORIENTED_EDGE ( 'NONE', *, *, #303, .F. ) ;
#1451 = CARTESIAN_POINT ( 'NONE',  ( -0.4999999999999933387, 0.000000000000000000, -5.249999999999999112 ) ) ;
#1452 = DIRECTION ( 'NONE',  ( 0.000000000000000000, -1.954618001100628066E-16, 1.000000000000000000 ) ) ;
#1453 = DIRECTION ( 'NONE',  ( -0.000000000000000000, -0.000000000000000000, 1.000000000000000000 ) ) ;
#1454 = PRODUCT_RELATED_PRODUCT_CATEGORY ( 'detail', '', ( #499 ) ) ;
#1455 = VERTEX_POINT ( 'NONE', #559 ) ;
#1456 = CARTESIAN_POINT ( 'NONE',  ( 0.6999999999999999556, -14.70000000000000284, -9.580031396937293664 ) ) ;
#1457 = CARTESIAN_POINT ( 'NONE',  ( 0.6999999999999999556, -13.50223097682097873, 9.237811676028995223 ) ) ;
#1458 = LINE ( 'NONE', #120, #434 ) ;
#1459 = CIRCLE ( 'NONE', #1365, 1.000000000000000222 ) ;
#1460 = VERTEX_POINT ( 'NONE', #74 ) ;
#1461 = EDGE_CURVE ( 'NONE', #376, #1393, #675, .T. ) ;
#1462 = DIRECTION ( 'NONE',  ( -1.000000000000000000, 0.000000000000000000, -0.000000000000000000 ) ) ;
#1463 = CARTESIAN_POINT ( 'NONE',  ( -0.5000000000000004441, -0.2999999999999999889, -4.249999999999999112 ) ) ;
#1464 = VECTOR ( 'NONE', #1866, 100.0000000000000142 ) ;
#1465 = ORIENTED_EDGE ( 'NONE', *, *, #1350, .T. ) ;
#1466 = CARTESIAN_POINT ( 'NONE',  ( -1.500000000000000222, -0.6999999999999999556, 4.249999999999993783 ) ) ;
#1467 = ADVANCED_FACE ( 'NONE', ( #839 ), #379, .F. ) ;
#1468 = ORIENTED_EDGE ( 'NONE', *, *, #1243, .T. ) ;
#1469 = EDGE_LOOP ( 'NONE', ( #86, #124, #1273, #1477 ) ) ;
#1470 = CARTESIAN_POINT ( 'NONE',  ( 0.3999999999999999112, -13.60000000000000142, -2.658280481496853894E-15 ) ) ;
#1471 = ORIENTED_EDGE ( 'NONE', *, *, #1742, .T. ) ;
#1472 = CARTESIAN_POINT ( 'NONE',  ( -0.4000000000000000222, 1.338724030633089424, 4.685534107215799438 ) ) ;
#1473 = FACE_OUTER_BOUND ( 'NONE', #460, .T. ) ;
#1474 = VERTEX_POINT ( 'NONE', #541 ) ;
#1475 = AXIS2_PLACEMENT_3D ( 'NONE', #647, #226, #1419 ) ;
#1476 = CYLINDRICAL_SURFACE ( 'NONE', #367, 0.9999999999999995559 ) ;
#1477 = ORIENTED_EDGE ( 'NONE', *, *, #407, .F. ) ;
#1478 = VECTOR ( 'NONE', #1008, 100.0000000000000000 ) ;
#1479 = ORIENTED_EDGE ( 'NONE', *, *, #568, .T. ) ;
#1480 = EDGE_CURVE ( 'NONE', #849, #1815, #663, .T. ) ;
#1481 = CARTESIAN_POINT ( 'NONE',  ( -0.4000000000000000222, -0.3999999999999999112, 4.250000000000000888 ) ) ;
#1482 = CARTESIAN_POINT ( 'NONE',  ( -0.6999999999999999556, -12.05167323261573564, -6.743335209318781942 ) ) ;
#1483 = VECTOR ( 'NONE', #1283, 100.0000000000000000 ) ;
#1484 = VERTEX_POINT ( 'NONE', #1261 ) ;
#1485 = DIRECTION ( 'NONE',  ( -1.000000000000000000, 0.000000000000000000, -0.000000000000000000 ) ) ;
#1486 = UNCERTAINTY_MEASURE_WITH_UNIT (LENGTH_MEASURE( 1.000000000000000082E-05 ), #13, 'distance_accuracy_value', 'NONE');
#1487 = ORIENTED_EDGE ( 'NONE', *, *, #1497, .F. ) ;
#1488 = ORIENTED_EDGE ( 'NONE', *, *, #725, .F. ) ;
#1489 = DIRECTION ( 'NONE',  ( 0.000000000000000000, 0.9615239476408230512, -0.2747211278973787918 ) ) ;
#1490 = VECTOR ( 'NONE', #1401, 100.0000000000000284 ) ;
#1491 = EDGE_CURVE ( 'NONE', #1711, #309, #1442, .T. ) ;
#1492 = EDGE_LOOP ( 'NONE', ( #1175, #1576, #361, #200 ) ) ;
#1493 = FACE_OUTER_BOUND ( 'NONE', #772, .T. ) ;
#1494 = ORIENTED_EDGE ( 'NONE', *, *, #116, .F. ) ;
#1495 = ORIENTED_EDGE ( 'NONE', *, *, #1699, .T. ) ;
#1496 = DIRECTION ( 'NONE',  ( 0.000000000000000000, 1.000000000000000000, 0.000000000000000000 ) ) ;
#1497 = EDGE_CURVE ( 'NONE', #1566, #1015, #94, .T. ) ;
#1498 = FACE_OUTER_BOUND ( 'NONE', #138, .T. ) ;
#1499 = ORIENTED_EDGE ( 'NONE', *, *, #812, .F. ) ;
#1500 = CARTESIAN_POINT ( 'NONE',  ( -0.6999999999999999556, -12.30000000000000071, 3.694238618879777114 ) ) ;
#1501 = CARTESIAN_POINT ( 'NONE',  ( -0.6999999999999999556, -12.05167323261573387, -6.743335209318781942 ) ) ;
#1502 = VERTEX_POINT ( 'NONE', #1878 ) ;
#1503 = VERTEX_POINT ( 'NONE', #1140 ) ;
#1504 = ADVANCED_FACE ( 'NONE', ( #259 ), #1635, .T. ) ;
#1505 = DIRECTION ( 'NONE',  ( -1.000000000000000000, 0.000000000000000000, 0.000000000000000000 ) ) ;
#1506 = EDGE_CURVE ( 'NONE', #1193, #1474, #1898, .T. ) ;
#1507 = SECURITY_CLASSIFICATION ( '', '', #1241 ) ;
#1508 = AXIS2_PLACEMENT_3D ( 'NONE', #194, #53, #1073 ) ;
#1509 = DIRECTION ( 'NONE',  ( -1.000000000000000000, 0.000000000000000000, 0.000000000000000000 ) ) ;
#1510 = VERTEX_POINT ( 'NONE', #567 ) ;
#1511 = CARTESIAN_POINT ( 'NONE',  ( 0.3999999999999999112, -13.58464731519019608, -8.949354491736755790 ) ) ;
#1512 = DIRECTION ( 'NONE',  ( 1.000000000000000000, 0.000000000000000000, 0.000000000000000000 ) ) ;
#1513 = PLANE ( 'NONE',  #1258 ) ;
#1514 = FACE_OUTER_BOUND ( 'NONE', #1922, .T. ) ;
#1515 = PERSON ( 'UNSPECIFIED', 'UNSPECIFIED', 'UNSPECIFIED', ('UNSPECIFIED'), ('UNSPECIFIED'), ('UNSPECIFIED') ) ;
#1516 = CLOSED_SHELL ( 'NONE', ( #590, #671, #1774, #1820, #1003, #939, #744, #1776, #1305, #1786, #1891, #458, #22, #119, #1434, #837, #667, #1295, #75, #1520, #454, #220, #260, #176, #1467, #262, #1133, #554 ) ) ;
#1517 = DIRECTION ( 'NONE',  ( 0.000000000000000000, -1.000000000000000000, 0.000000000000000000 ) ) ;
#1518 = ORIENTED_EDGE ( 'NONE', *, *, #465, .T. ) ;
#1519 = CARTESIAN_POINT ( 'NONE',  ( 0.3999999999999999112, 1.338724030633090534, -4.685534107215820754 ) ) ;
#1520 = ADVANCED_FACE ( 'NONE', ( #135 ), #1024, .F. ) ;
#1521 = FACE_OUTER_BOUND ( 'NONE', #449, .T. ) ;
#1522 = DIRECTION ( 'NONE',  ( -1.000000000000000000, 0.000000000000000000, -0.000000000000000000 ) ) ;
#1523 = DIRECTION ( 'NONE',  ( 0.000000000000000000, 0.000000000000000000, -1.000000000000000000 ) ) ;
#1524 = CIRCLE ( 'NONE', #84, 1.000000000000000222 ) ;
#1525 = AXIS2_PLACEMENT_3D ( 'NONE', #1925, #279, #148 ) ;
#1526 = APPROVAL_STATUS ( 'not_yet_approved' ) ;
#1527 = AXIS2_PLACEMENT_3D ( 'NONE', #1463, #1148, #549 ) ;
#1528 = PLANE ( 'NONE',  #443 ) ;
#1529 = ORIENTED_EDGE ( 'NONE', *, *, #1803, .F. ) ;
#1530 = ADVANCED_FACE ( 'NONE', ( #1160 ), #607, .T. ) ;
#1531 = DIRECTION ( 'NONE',  ( 0.000000000000000000, 0.000000000000000000, -1.000000000000000000 ) ) ;
#1532 = CARTESIAN_POINT ( 'NONE',  ( 0.6999999999999999556, -14.70000000000000284, -9.580031396937293664 ) ) ;
#1533 = CARTESIAN_POINT ( 'NONE',  ( -0.4999999999999955036, -0.6999999999999999556, 4.950000000000000178 ) ) ;
#1534 = DATE_AND_TIME ( #482, #1100 ) ;
#1535 = AXIS2_PLACEMENT_3D ( 'NONE', #636, #1364, #1066 ) ;
#1536 = AXIS2_PLACEMENT_3D ( 'NONE', #546, #1136, #1724 ) ;
#1537 = DIRECTION ( 'NONE',  ( -0.000000000000000000, -0.9615239476408232733, 0.2747211278973779036 ) ) ;
#1538 = ORIENTED_EDGE ( 'NONE', *, *, #158, .T. ) ;
#1539 = CARTESIAN_POINT ( 'NONE',  ( -0.6999999999999999556, -2.582494953678585059, 3.469446951953614189E-16 ) ) ;
#1540 = ORIENTED_EDGE ( 'NONE', *, *, #511, .F. ) ;
#1541 = CARTESIAN_POINT ( 'NONE',  ( -0.6999999999999999556, -13.77695210471835630, 8.276287728388172837 ) ) ;
#1542 = COORDINATED_UNIVERSAL_TIME_OFFSET ( 5, 30, .AHEAD. ) ;
#1543 = ORIENTED_EDGE ( 'NONE', *, *, #1264, .F. ) ;
#1544 = CARTESIAN_POINT ( 'NONE',  ( 0.6999999999999999556, -0.6999999999999995115, -8.673617379884028076E-17 ) ) ;
#1545 = ADVANCED_FACE ( 'NONE', ( #112 ), #1476, .F. ) ;
#1546 = CARTESIAN_POINT ( 'NONE',  ( -0.4000000000000000222, -13.07695210471835878, -8.276287728388179943 ) ) ;
#1547 = ORIENTED_EDGE ( 'NONE', *, *, #725, .T. ) ;
#1548 = DIRECTION ( 'NONE',  ( 0.000000000000000000, 0.000000000000000000, -1.000000000000000000 ) ) ;
#1549 = EDGE_CURVE ( 'NONE', #883, #1168, #714, .T. ) ;
#1550 = LINE ( 'NONE', #1825, #919 ) ;
#1551 = FACE_OUTER_BOUND ( 'NONE', #1416, .T. ) ;
#1552 = DATE_AND_TIME ( #786, #198 ) ;
#1553 = VECTOR ( 'NONE', #859, 99.99999999999998579 ) ;
#1554 = EDGE_CURVE ( 'NONE', #1566, #386, #420, .T. ) ;
#1555 = VERTEX_POINT ( 'NONE', #589 ) ;
#1556 = DIRECTION ( 'NONE',  ( 0.000000000000000000, 1.000000000000000000, 0.000000000000000000 ) ) ;
#1557 = DIRECTION ( 'NONE',  ( 0.000000000000000000, 1.000000000000000000, -0.000000000000000000 ) ) ;
#1558 = ORIENTED_EDGE ( 'NONE', *, *, #520, .T. ) ;
#1559 = CARTESIAN_POINT ( 'NONE',  ( 0.6999999999999999556, 0.3222558574127911135, 1.127895500944769536 ) ) ;
#1560 = LINE ( 'NONE', #838, #822 ) ;
#1561 = DIRECTION ( 'NONE',  ( 1.000000000000000000, 0.000000000000000000, 0.000000000000000000 ) ) ;
#1562 = EDGE_CURVE ( 'NONE', #814, #266, #1602, .T. ) ;
#1563 = EDGE_CURVE ( 'NONE', #1604, #681, #753, .T. ) ;
#1564 = EDGE_CURVE ( 'NONE', #525, #1093, #1037, .T. ) ;
#1565 = VECTOR ( 'NONE', #563, 100.0000000000000000 ) ;
#1566 = VERTEX_POINT ( 'NONE', #890 ) ;
#1567 = DIRECTION ( 'NONE',  ( 0.000000000000000000, 0.000000000000000000, 1.000000000000000000 ) ) ;
#1568 = CARTESIAN_POINT ( 'NONE',  ( 0.6999999999999999556, -13.77695210471835630, 8.276287728388172837 ) ) ;
#1569 = ORIENTED_EDGE ( 'NONE', *, *, #247, .T. ) ;
#1570 = VECTOR ( 'NONE', #981, 100.0000000000000000 ) ;
#1571 = DIRECTION ( 'NONE',  ( 0.000000000000000000, 0.000000000000000000, 1.000000000000000000 ) ) ;
#1572 = FACE_OUTER_BOUND ( 'NONE', #1668, .T. ) ;
#1573 = DIRECTION ( 'NONE',  ( 0.000000000000000000, 0.000000000000000000, -1.000000000000000000 ) ) ;
#1574 = CIRCLE ( 'NONE', #1721, 1.882494953678584881 ) ;
#1575 = EDGE_CURVE ( 'NONE', #1588, #1912, #528, .T. ) ;
#1576 = ORIENTED_EDGE ( 'NONE', *, *, #1031, .F. ) ;
#1577 = CYLINDRICAL_SURFACE ( 'NONE', #942, 0.6999999999999999556 ) ;
#1578 = CARTESIAN_POINT ( 'NONE',  ( 0.6999999999999999556, -11.77695210471835807, 7.704859156959600774 ) ) ;
#1579 = ORIENTED_EDGE ( 'NONE', *, *, #407, .T. ) ;
#1580 = DIRECTION ( 'NONE',  ( 0.000000000000000000, 0.000000000000000000, 1.000000000000000000 ) ) ;
#1581 = PLANE ( 'NONE',  #1813 ) ;
#1582 = FACE_OUTER_BOUND ( 'NONE', #1424, .T. ) ;
#1583 = EDGE_CURVE ( 'NONE', #1138, #1676, #125, .T. ) ;
#1584 = ORIENTED_EDGE ( 'NONE', *, *, #1067, .T. ) ;
#1585 = VERTEX_POINT ( 'NONE', #1758 ) ;
#1586 = CARTESIAN_POINT ( 'NONE',  ( -0.4999999999999933387, -0.6999999999999999556, 4.950000000000000178 ) ) ;
#1587 = DIRECTION ( 'NONE',  ( 1.000000000000000000, 0.000000000000000000, 0.000000000000000000 ) ) ;
#1588 = VERTEX_POINT ( 'NONE', #429 ) ;
#1589 = CARTESIAN_POINT ( 'NONE',  ( 0.6999999999999999556, -2.065333816742882966, 1.810063979274961765 ) ) ;
#1590 = EDGE_CURVE ( 'NONE', #386, #609, #746, .T. ) ;
#1591 = LINE ( 'NONE', #239, #826 ) ;
#1592 = ORIENTED_EDGE ( 'NONE', *, *, #526, .T. ) ;
#1593 = DIRECTION ( 'NONE',  ( -1.000000000000000000, -0.000000000000000000, -0.000000000000000000 ) ) ;
#1594 = CARTESIAN_POINT ( 'NONE',  ( 0.6999999999999999556, -12.77695210471835630, 8.276287728388172837 ) ) ;
#1595 = AXIS2_PLACEMENT_3D ( 'NONE', #1372, #192, #640 ) ;
#1596 = CARTESIAN_POINT ( 'NONE',  ( 0.4999999999999948930, -0.2999999999999999889, -4.949999999999999289 ) ) ;
#1597 = AXIS2_PLACEMENT_3D ( 'NONE', #1808, #704, #1580 ) ;
#1598 = VECTOR ( 'NONE', #1250, 100.0000000000000000 ) ;
#1599 = ORIENTED_EDGE ( 'NONE', *, *, #1076, .F. ) ;
#1600 = PLANE ( 'NONE',  #1859 ) ;
#1601 = PLANE ( 'NONE',  #276 ) ;
#1602 = LINE ( 'NONE', #1013, #211 ) ;
#1603 = AXIS2_PLACEMENT_3D ( 'NONE', #1586, #362, #958 ) ;
#1604 = VERTEX_POINT ( 'NONE', #1201 ) ;
#1605 = DIRECTION ( 'NONE',  ( -1.000000000000000000, -0.000000000000000000, -0.000000000000000000 ) ) ;
#1606 = EDGE_CURVE ( 'NONE', #1823, #1484, #1191, .T. ) ;
#1607 = LINE ( 'NONE', #1057, #1198 ) ;
#1608 = CYLINDRICAL_SURFACE ( 'NONE', #85, 0.9999999999999995559 ) ;
#1609 = EDGE_CURVE ( 'NONE', #1686, #1329, #1642, .T. ) ;
#1610 = EDGE_LOOP ( 'NONE', ( #127, #1884, #1749, #570 ) ) ;
#1611 = LINE ( 'NONE', #296, #1765 ) ;
#1612 = CARTESIAN_POINT ( 'NONE',  ( 1.199999999999999734, -0.2999999999999999889, -4.249999999999992006 ) ) ;
#1613 = AXIS2_PLACEMENT_3D ( 'NONE', #662, #924, #635 ) ;
#1614 = DIRECTION ( 'NONE',  ( 0.000000000000000000, 1.000000000000000000, 0.000000000000000000 ) ) ;
#1615 = ADVANCED_FACE ( 'NONE', ( #1493 ), #1341, .T. ) ;
#1616 = ORIENTED_EDGE ( 'NONE', *, *, #1280, .T. ) ;
#1617 = ORIENTED_EDGE ( 'NONE', *, *, #1417, .T. ) ;
#1618 = DIRECTION ( 'NONE',  ( 1.000000000000000000, -0.000000000000000000, 0.000000000000000000 ) ) ;
#1619 = CIRCLE ( 'NONE', #778, 0.9999999999999995559 ) ;
#1620 = VECTOR ( 'NONE', #1732, 100.0000000000000000 ) ;
#1621 = VERTEX_POINT ( 'NONE', #614 ) ;
#1622 = LINE ( 'NONE', #1767, #871 ) ;
#1623 = DIRECTION ( 'NONE',  ( 0.000000000000000000, 0.000000000000000000, -1.000000000000000000 ) ) ;
#1624 = AXIS2_PLACEMENT_3D ( 'NONE', #1745, #419, #1012 ) ;
#1625 = ORIENTED_EDGE ( 'NONE', *, *, #1142, .F. ) ;
#1626 = DIRECTION ( 'NONE',  ( 0.000000000000000000, 0.2747211278973781257, -0.9615239476408231623 ) ) ;
#1627 = ORIENTED_EDGE ( 'NONE', *, *, #311, .F. ) ;
#1628 = EDGE_LOOP ( 'NONE', ( #409, #1065, #109, #1782 ) ) ;
#1629 = LINE ( 'NONE', #906, #7 ) ;
#1630 = EDGE_CURVE ( 'NONE', #1113, #975, #914, .T. ) ;
#1631 = FACE_OUTER_BOUND ( 'NONE', #1610, .T. ) ;
#1632 = CARTESIAN_POINT ( 'NONE',  ( 0.6999999999999999556, -13.77695210471835985, -8.276287728388179943 ) ) ;
#1633 = ORIENTED_EDGE ( 'NONE', *, *, #533, .T. ) ;
#1634 = AXIS2_PLACEMENT_3D ( 'NONE', #1713, #1557, #1256 ) ;
#1635 = CYLINDRICAL_SURFACE ( 'NONE', #1764, 1.000000000000000222 ) ;
#1636 = EDGE_LOOP ( 'NONE', ( #493, #1429, #1728, #666 ) ) ;
#1637 = VECTOR ( 'NONE', #1314, 100.0000000000000000 ) ;
#1638 = ORIENTED_EDGE ( 'NONE', *, *, #886, .T. ) ;
#1639 = EDGE_CURVE ( 'NONE', #1323, #1806, #1063, .T. ) ;
#1640 = CARTESIAN_POINT ( 'NONE',  ( 0.3999999999999999112, -0.3999999999999999112, 4.250000000000000888 ) ) ;
#1641 = ORIENTED_EDGE ( 'NONE', *, *, #1177, .F. ) ;
#1642 = LINE ( 'NONE', #298, #179 ) ;
#1643 = EDGE_CURVE ( 'NONE', #1899, #1113, #1619, .T. ) ;
#1644 = ORIENTED_EDGE ( 'NONE', *, *, #468, .F. ) ;
#1645 = ORIENTED_EDGE ( 'NONE', *, *, #568, .F. ) ;
#1646 = DIRECTION ( 'NONE',  ( 1.000000000000000000, -0.000000000000000000, -0.000000000000000000 ) ) ;
#1647 = CARTESIAN_POINT ( 'NONE',  ( -1.500000000000000222, 0.000000000000000000, 4.249999999999993783 ) ) ;
#1648 = AXIS2_PLACEMENT_3D ( 'NONE', #580, #1485, #1781 ) ;
#1649 = ORIENTED_EDGE ( 'NONE', *, *, #630, .T. ) ;
#1650 = DIRECTION ( 'NONE',  ( 0.000000000000000000, -0.9615239476408231623, -0.2747211278973777926 ) ) ;
#1651 = EDGE_CURVE ( 'NONE', #1168, #597, #1459, .T. ) ;
#1652 = EDGE_LOOP ( 'NONE', ( #1929, #1425, #209, #588 ) ) ;
#1653 = VERTEX_POINT ( 'NONE', #1208 ) ;
#1654 = CARTESIAN_POINT ( 'NONE',  ( -0.4000000000000000222, -14.30000000000000071, 9.153740973110982893 ) ) ;
#1655 = CARTESIAN_POINT ( 'NONE',  ( 0.6999999999999999556, -13.50223097682097873, -9.237811676029002328 ) ) ;
#1656 = ORIENTED_EDGE ( 'NONE', *, *, #1408, .F. ) ;
#1657 = LINE ( 'NONE', #1519, #147 ) ;
#1658 = DIRECTION ( 'NONE',  ( -1.000000000000000000, -0.000000000000000000, -0.000000000000000000 ) ) ;
#1659 = EDGE_LOOP ( 'NONE', ( #88, #921, #1599, #1731 ) ) ;
#1660 = LINE ( 'NONE', #480, #603 ) ;
#1661 = AXIS2_PLACEMENT_3D ( 'NONE', #370, #1818, #1835 ) ;
#1662 = EDGE_CURVE ( 'NONE', #365, #883, #805, .T. ) ;
#1663 = CARTESIAN_POINT ( 'NONE',  ( 0.000000000000000000, -14.30000000000000071, 0.000000000000000000 ) ) ;
#1664 = ORIENTED_EDGE ( 'NONE', *, *, #1076, .T. ) ;
#1665 = DIRECTION ( 'NONE',  ( 1.000000000000000000, -0.000000000000000000, 0.000000000000000000 ) ) ;
#1666 = DIRECTION ( 'NONE',  ( 0.000000000000000000, -0.9615239476408232733, 0.2747211278973779036 ) ) ;
#1667 = AXIS2_PLACEMENT_3D ( 'NONE', #1083, #1674, #642 ) ;
#1668 = EDGE_LOOP ( 'NONE', ( #35, #1023, #425, #190 ) ) ;
#1669 = CARTESIAN_POINT ( 'NONE',  ( 0.6999999999999999556, -14.70000000000000284, 9.580031396937290111 ) ) ;
#1670 = DIRECTION ( 'NONE',  ( 0.000000000000000000, -0.000000000000000000, 1.000000000000000000 ) ) ;
#1671 = VERTEX_POINT ( 'NONE', #625 ) ;
#1672 = CYLINDRICAL_SURFACE ( 'NONE', #1253, 0.9999999999999995559 ) ;
#1673 = CARTESIAN_POINT ( 'NONE',  ( 0.4999999999999924505, -0.3999999999999999112, 4.950000000000000178 ) ) ;
#1674 = DIRECTION ( 'NONE',  ( 1.000000000000000000, -0.000000000000000000, 0.000000000000000000 ) ) ;
#1675 = CARTESIAN_POINT ( 'NONE',  ( -0.5000000000000004441, 0.000000000000000000, -5.249999999999999112 ) ) ;
#1676 = VERTEX_POINT ( 'NONE', #1511 ) ;
#1677 = DIRECTION ( 'NONE',  ( 0.000000000000000000, 0.000000000000000000, 1.000000000000000000 ) ) ;
#1678 = CARTESIAN_POINT ( 'NONE',  ( 0.6999999999999999556, 0.7892817748383333942, 2.762486211934168434 ) ) ;
#1679 = DIRECTION ( 'NONE',  ( -1.000000000000000000, 0.000000000000000000, -0.000000000000000000 ) ) ;
#1680 = AXIS2_PLACEMENT_3D ( 'NONE', #1663, #789, #14 ) ;
#1681 = AXIS2_PLACEMENT_3D ( 'NONE', #1889, #252, #562 ) ;
#1682 = ORIENTED_EDGE ( 'NONE', *, *, #34, .T. ) ;
#1683 = EDGE_CURVE ( 'NONE', #1801, #1440, #1220, .T. ) ;
#1684 = DIRECTION ( 'NONE',  ( 0.000000000000000000, 1.000000000000000000, -0.000000000000000000 ) ) ;
#1685 = LINE ( 'NONE', #59, #473 ) ;
#1686 = VERTEX_POINT ( 'NONE', #782 ) ;
#1687 = DIRECTION ( 'NONE',  ( 0.000000000000000000, 0.000000000000000000, -1.000000000000000000 ) ) ;
#1688 = DIRECTION ( 'NONE',  ( 0.000000000000000000, 0.000000000000000000, -1.000000000000000000 ) ) ;
#1689 = CARTESIAN_POINT ( 'NONE',  ( 0.3999999999999999112, -13.07695210471835878, -7.704859156959602551 ) ) ;
#1690 = EDGE_CURVE ( 'NONE', #1621, #1015, #1353, .T. ) ;
#1691 = CALENDAR_DATE ( 2026, 29, 7 ) ;
#1692 = ORIENTED_EDGE ( 'NONE', *, *, #719, .F. ) ;
#1693 = CYLINDRICAL_SURFACE ( 'NONE', #574, 0.6999999999999999556 ) ;
#1694 = CARTESIAN_POINT ( 'NONE',  ( 0.4999999999999997780, -0.3999999999999999112, -4.250000000000000000 ) ) ;
#1695 = EDGE_LOOP ( 'NONE', ( #240, #373, #591, #66 ) ) ;
#1696 = DIRECTION ( 'NONE',  ( -1.000000000000000000, 0.000000000000000000, 0.000000000000000000 ) ) ;
#1697 = FACE_BOUND ( 'NONE', #1010, .T. ) ;
#1698 = DIRECTION ( 'NONE',  ( 0.000000000000000000, -0.2747211278973779591, -0.9615239476408232733 ) ) ;
#1699 = EDGE_CURVE ( 'NONE', #1676, #41, #1657, .T. ) ;
#1700 = VECTOR ( 'NONE', #1330, 100.0000000000000000 ) ;
#1701 = VECTOR ( 'NONE', #586, 100.0000000000000000 ) ;
#1702 = ORIENTED_EDGE ( 'NONE', *, *, #898, .T. ) ;
#1703 = CARTESIAN_POINT ( 'NONE',  ( 0.6999999999999999556, 0.3222558574127913911, -1.127895500944769314 ) ) ;
#1704 = LINE ( 'NONE', #825, #224 ) ;
#1705 = VERTEX_POINT ( 'NONE', #1797 ) ;
#1706 = DIRECTION ( 'NONE',  ( 0.000000000000000000, 1.000000000000000000, 0.000000000000000000 ) ) ;
#1707 = CARTESIAN_POINT ( 'NONE',  ( 0.6999999999999999556, 0.4046721957820045290, 1.416352685237016296 ) ) ;
#1708 = CYLINDRICAL_SURFACE ( 'NONE', #1114, 1.300000000000000044 ) ;
#1709 = EDGE_CURVE ( 'NONE', #1888, #579, #457, .T. ) ;
#1710 = AXIS2_PLACEMENT_3D ( 'NONE', #1694, #216, #501 ) ;
#1711 = VERTEX_POINT ( 'NONE', #905 ) ;
#1712 = CARTESIAN_POINT ( 'NONE',  ( -0.6999999999999999556, -12.02527887210262136, -4.655762566520603052 ) ) ;
#1713 = CARTESIAN_POINT ( 'NONE',  ( 0.4999999999999997780, 0.000000000000000000, -4.250000000000000000 ) ) ;
#1714 = EDGE_CURVE ( 'NONE', #598, #1312, #1435, .T. ) ;
#1715 = VECTOR ( 'NONE', #1418, 100.0000000000000000 ) ;
#1716 = ORIENTED_EDGE ( 'NONE', *, *, #913, .T. ) ;
#1717 = CARTESIAN_POINT ( 'NONE',  ( 0.4999999999999997780, -0.2999999999999999889, 4.950000000000000178 ) ) ;
#1718 = CYLINDRICAL_SURFACE ( 'NONE', #1165, 0.7000000000000006217 ) ;
#1719 = CYLINDRICAL_SURFACE ( 'NONE', #1078, 0.9999999999999995559 ) ;
#1720 = ORIENTED_EDGE ( 'NONE', *, *, #877, .F. ) ;
#1721 = AXIS2_PLACEMENT_3D ( 'NONE', #785, #1356, #1374 ) ;
#1722 = DIRECTION ( 'NONE',  ( 0.000000000000000000, 0.000000000000000000, -1.000000000000000000 ) ) ;
#1723 = EDGE_CURVE ( 'NONE', #294, #1460, #1406, .T. ) ;
#1724 = DIRECTION ( 'NONE',  ( 0.000000000000000000, 0.000000000000000000, 1.000000000000000000 ) ) ;
#1725 = ORIENTED_EDGE ( 'NONE', *, *, #1018, .T. ) ;
#1726 = CARTESIAN_POINT ( 'NONE',  ( -1.200000000000000400, -0.3999999999999999112, 4.250000000000000888 ) ) ;
#1727 = DIRECTION ( 'NONE',  ( 0.000000000000000000, 0.000000000000000000, 1.000000000000000000 ) ) ;
#1728 = ORIENTED_EDGE ( 'NONE', *, *, #1280, .F. ) ;
#1729 = DIRECTION ( 'NONE',  ( 1.000000000000000000, -0.000000000000000000, -0.000000000000000000 ) ) ;
#1730 = CARTESIAN_POINT ( 'NONE',  ( 0.6999999999999999556, -13.30000000000000071, -2.599641941463834968E-15 ) ) ;
#1731 = ORIENTED_EDGE ( 'NONE', *, *, #107, .T. ) ;
#1732 = DIRECTION ( 'NONE',  ( -1.000000000000000000, -0.000000000000000000, -0.000000000000000000 ) ) ;
#1733 = LINE ( 'NONE', #682, #1464 ) ;
#1734 = DIRECTION ( 'NONE',  ( 0.000000000000000000, 0.000000000000000000, -1.000000000000000000 ) ) ;
#1735 = ADVANCED_FACE ( 'NONE', ( #225 ), #1135, .F. ) ;
#1736 = VERTEX_POINT ( 'NONE', #1712 ) ;
#1737 = FACE_OUTER_BOUND ( 'NONE', #281, .T. ) ;
#1738 = EDGE_CURVE ( 'NONE', #431, #835, #1524, .T. ) ;
#1739 = DIRECTION ( 'NONE',  ( 0.000000000000000000, 0.000000000000000000, 1.000000000000000000 ) ) ;
#1740 = CARTESIAN_POINT ( 'NONE',  ( -1.500000000000000444, -0.6999999999999999556, 4.249999999999993783 ) ) ;
#1741 = AXIS2_PLACEMENT_3D ( 'NONE', #1109, #1696, #366 ) ;
#1742 = EDGE_CURVE ( 'NONE', #1780, #1912, #966, .T. ) ;
#1743 = ORIENTED_EDGE ( 'NONE', *, *, #886, .F. ) ;
#1744 = FACE_OUTER_BOUND ( 'NONE', #997, .T. ) ;
#1745 = CARTESIAN_POINT ( 'NONE',  ( -0.5000000000000004441, -0.6999999999999999556, 4.250000000000000000 ) ) ;
#1746 = CARTESIAN_POINT ( 'NONE',  ( 0.6999999999999999556, -11.77695210471835807, 7.704859156959600774 ) ) ;
#1747 = CIRCLE ( 'NONE', #605, 0.6999999999999999556 ) ;
#1748 = AXIS2_PLACEMENT_3D ( 'NONE', #1707, #829, #1422 ) ;
#1749 = ORIENTED_EDGE ( 'NONE', *, *, #321, .T. ) ;
#1750 = EDGE_CURVE ( 'NONE', #1460, #808, #1863, .T. ) ;
#1751 = ORIENTED_EDGE ( 'NONE', *, *, #44, .T. ) ;
#1752 = CARTESIAN_POINT ( 'NONE',  ( -0.3999999999999999112, 0.000000000000000000, 0.000000000000000000 ) ) ;
#1753 = ORIENTED_EDGE ( 'NONE', *, *, #654, .T. ) ;
#1754 = DIRECTION ( 'NONE',  ( 1.000000000000000000, -0.000000000000000000, 0.000000000000000000 ) ) ;
#1755 = DIRECTION ( 'NONE',  ( 0.000000000000000000, 1.000000000000000000, 0.000000000000000000 ) ) ;
#1756 = CLOSED_SHELL ( 'NONE', ( #547, #599, #1615, #392, #1504, #650, #831, #104, #381, #716, #1058, #1530, #955, #750, #1384, #1903, #168, #1187, #658, #1155, #1735, #572, #711, #1376, #758, #813, #774, #1545, #56 ) ) ;
#1757 = EDGE_LOOP ( 'NONE', ( #800, #383, #1080, #134, #1664, #1331, #1207, #784 ) ) ;
#1758 = CARTESIAN_POINT ( 'NONE',  ( -0.6999999999999999556, -14.70000000000000284, -9.580031396937293664 ) ) ;
#1759 = EDGE_CURVE ( 'NONE', #299, #269, #1255, .T. ) ;
#1760 = EDGE_CURVE ( 'NONE', #1736, #613, #948, .T. ) ;
#1761 = VERTEX_POINT ( 'NONE', #215 ) ;
#1762 = ORIENTED_EDGE ( 'NONE', *, *, #1887, .T. ) ;
#1763 = LINE ( 'NONE', #29, #760 ) ;
#1764 = AXIS2_PLACEMENT_3D ( 'NONE', #1182, #1614, #1771 ) ;
#1765 = VECTOR ( 'NONE', #742, 100.0000000000000000 ) ;
#1766 = ORIENTED_EDGE ( 'NONE', *, *, #799, .F. ) ;
#1767 = CARTESIAN_POINT ( 'NONE',  ( 0.6999999999999999556, -13.50223097682098050, -9.237811676029004104 ) ) ;
#1768 = CARTESIAN_POINT ( 'NONE',  ( 0.6999999999999999556, -0.6999999999999995115, -8.673617379884028076E-17 ) ) ;
#1769 = VECTOR ( 'NONE', #1855, 100.0000000000000000 ) ;
#1770 = ORIENTED_EDGE ( 'NONE', *, *, #689, .T. ) ;
#1771 = DIRECTION ( 'NONE',  ( 0.000000000000000000, 0.000000000000000000, 1.000000000000000000 ) ) ;
#1772 = EDGE_LOOP ( 'NONE', ( #291, #1360, #152, #1379 ) ) ;
#1773 = EDGE_LOOP ( 'NONE', ( #900, #1840, #1499, #1592 ) ) ;
#1774 = ADVANCED_FACE ( 'NONE', ( #668 ), #69, .F. ) ;
#1775 = AXIS2_PLACEMENT_3D ( 'NONE', #1814, #623, #796 ) ;
#1776 = ADVANCED_FACE ( 'NONE', ( #1394 ), #1266, .F. ) ;
#1777 = CARTESIAN_POINT ( 'NONE',  ( 0.3999999999999999112, -13.60000000000000142, -3.694238618879779779 ) ) ;
#1778 = CARTESIAN_POINT ( 'NONE',  ( -0.6999999999999999556, -11.77695210471835630, -7.704859156959605215 ) ) ;
#1779 = VECTOR ( 'NONE', #1391, 100.0000000000000000 ) ;
#1780 = VERTEX_POINT ( 'NONE', #1426 ) ;
#1781 = DIRECTION ( 'NONE',  ( 0.000000000000000000, 0.000000000000000000, -1.000000000000000000 ) ) ;
#1782 = ORIENTED_EDGE ( 'NONE', *, *, #1897, .T. ) ;
#1783 = CIRCLE ( 'NONE', #1227, 0.9999999999999995559 ) ;
#1784 = ORIENTED_EDGE ( 'NONE', *, *, #1575, .T. ) ;
#1785 = PLANE ( 'NONE',  #791 ) ;
#1786 = ADVANCED_FACE ( 'NONE', ( #815 ), #1693, .F. ) ;
#1787 = CARTESIAN_POINT ( 'NONE',  ( 0.6999999999999999556, -12.77695210471836695, 1.704934169753166917E-14 ) ) ;
#1788 = ORIENTED_EDGE ( 'NONE', *, *, #611, .F. ) ;
#1789 = DIRECTION ( 'NONE',  ( 0.000000000000000000, 1.000000000000000000, 0.000000000000000000 ) ) ;
#1790 = ORIENTED_EDGE ( 'NONE', *, *, #1491, .T. ) ;
#1791 = ORIENTED_EDGE ( 'NONE', *, *, #1043, .F. ) ;
#1792 =( NAMED_UNIT ( * ) PLANE_ANGLE_UNIT ( ) SI_UNIT ( $, .RADIAN. ) );
#1793 = CC_DESIGN_PERSON_AND_ORGANIZATION_ASSIGNMENT ( #204, #64, ( #499 ) ) ;
#1794 = CARTESIAN_POINT ( 'NONE',  ( 0.3999999999999999112, -11.94286253373341999, 4.944219750812850478 ) ) ;
#1795 = VECTOR ( 'NONE', #596, 100.0000000000000000 ) ;
#1796 = ORIENTED_EDGE ( 'NONE', *, *, #1562, .F. ) ;
#1797 = CARTESIAN_POINT ( 'NONE',  ( 0.6999999999999999556, -13.50223097682097873, 9.237811676028995223 ) ) ;
#1798 = LINE ( 'NONE', #160, #1439 ) ;
#1799 = ORIENTED_EDGE ( 'NONE', *, *, #1828, .T. ) ;
#1800 = LINE ( 'NONE', #1103, #1171 ) ;
#1801 = VERTEX_POINT ( 'NONE', #678 ) ;
#1802 = CARTESIAN_POINT ( 'NONE',  ( 0.4999999999999997780, -0.3999999999999999112, 1.646259026889017374 ) ) ;
#1803 = EDGE_CURVE ( 'NONE', #21, #850, #1783, .T. ) ;
#1804 = EDGE_CURVE ( 'NONE', #850, #1474, #656, .T. ) ;
#1805 = FACE_OUTER_BOUND ( 'NONE', #57, .T. ) ;
#1806 = VERTEX_POINT ( 'NONE', #1125 ) ;
#1807 = CARTESIAN_POINT ( 'NONE',  ( -0.6999999999999999556, -2.065333816742881634, -1.810063979274961765 ) ) ;
#1808 = CARTESIAN_POINT ( 'NONE',  ( -0.5000000000000004441, -0.6999999999999999556, -4.249999999999999112 ) ) ;
#1809 = VECTOR ( 'NONE', #834, 100.0000000000000000 ) ;
#1810 = CARTESIAN_POINT ( 'NONE',  ( 0.4999999999999924505, -0.6999999999999999556, 5.250000000000000888 ) ) ;
#1811 = DIRECTION ( 'NONE',  ( 0.000000000000000000, 1.000000000000000000, 0.000000000000000000 ) ) ;
#1812 = APPROVAL_DATE_TIME ( #1263, #1025 ) ;
#1813 = AXIS2_PLACEMENT_3D ( 'NONE', #229, #1856, #1867 ) ;
#1814 = CARTESIAN_POINT ( 'NONE',  ( -0.4000000000000000222, -12.30000000000000071, 3.694238618879777114 ) ) ;
#1815 = VERTEX_POINT ( 'NONE', #1843 ) ;
#1816 = CARTESIAN_POINT ( 'NONE',  ( -0.4999999999999933387, -0.6999999999999999556, -4.949999999999999289 ) ) ;
#1817 = CIRCLE ( 'NONE', #1890, 1.882494953678584881 ) ;
#1818 = DIRECTION ( 'NONE',  ( 0.000000000000000000, 1.000000000000000000, 0.000000000000000000 ) ) ;
#1819 = LINE ( 'NONE', #1091, #1289 ) ;
#1820 = ADVANCED_FACE ( 'NONE', ( #1106 ), #1577, .F. ) ;
#1821 = DATE_TIME_ROLE ( 'creation_date' ) ;
#1822 = DIRECTION ( 'NONE',  ( 0.000000000000000000, 1.000000000000000000, -1.334382531749143000E-15 ) ) ;
#1823 = VERTEX_POINT ( 'NONE', #1245 ) ;
#1824 = LINE ( 'NONE', #649, #1000 ) ;
#1825 = CARTESIAN_POINT ( 'NONE',  ( 1.499999999999999334, -0.6999999999999999556, -4.249999999999992006 ) ) ;
#1826 = DIRECTION ( 'NONE',  ( 0.000000000000000000, 0.9615239476408231623, 0.2747211278973781257 ) ) ;
#1827 = COORDINATED_UNIVERSAL_TIME_OFFSET ( 5, 30, .AHEAD. ) ;
#1828 = EDGE_CURVE ( 'NONE', #896, #335, #1747, .T. ) ;
#1829 = ORIENTED_EDGE ( 'NONE', *, *, #233, .F. ) ;
#1830 = DIRECTION ( 'NONE',  ( 0.000000000000000000, 0.000000000000000000, 1.000000000000000000 ) ) ;
#1831 = DIRECTION ( 'NONE',  ( 1.000000000000000000, -0.000000000000000000, 0.000000000000000000 ) ) ;
#1832 = EDGE_CURVE ( 'NONE', #655, #609, #500, .T. ) ;
#1833 = ORIENTED_EDGE ( 'NONE', *, *, #1446, .F. ) ;
#1834 = CARTESIAN_POINT ( 'NONE',  ( 0.6999999999999999556, 0.3222558574127911135, 1.127895500944769536 ) ) ;
#1835 = DIRECTION ( 'NONE',  ( 0.000000000000000000, -0.000000000000000000, 1.000000000000000000 ) ) ;
#1836 = DIRECTION ( 'NONE',  ( -1.000000000000000000, 0.000000000000000000, -0.000000000000000000 ) ) ;
#1837 = VECTOR ( 'NONE', #1666, 99.99999999999998579 ) ;
#1838 = AXIS2_PLACEMENT_3D ( 'NONE', #1834, #1259, #1081 ) ;
#1839 = VECTOR ( 'NONE', #1658, 100.0000000000000000 ) ;
#1840 = ORIENTED_EDGE ( 'NONE', *, *, #1491, .F. ) ;
#1841 =( GEOMETRIC_REPRESENTATION_CONTEXT ( 3 ) GLOBAL_UNCERTAINTY_ASSIGNED_CONTEXT ( ( #1486 ) ) GLOBAL_UNIT_ASSIGNED_CONTEXT ( ( #13, #1792, #167 ) ) REPRESENTATION_CONTEXT ( 'NONE', 'WORKASPACE' ) );
#1842 = VECTOR ( 'NONE', #1390, 100.0000000000000000 ) ;
#1843 = CARTESIAN_POINT ( 'NONE',  ( 1.499999999999999334, 0.000000000000000000, -4.249999999999992006 ) ) ;
#1844 = DIRECTION ( 'NONE',  ( 0.000000000000000000, -0.9615239476408231623, -0.2747211278973781257 ) ) ;
#1845 = EDGE_CURVE ( 'NONE', #1653, #916, #1607, .T. ) ;
#1846 = ORIENTED_EDGE ( 'NONE', *, *, #287, .T. ) ;
#1847 = FACE_OUTER_BOUND ( 'NONE', #1316, .T. ) ;
#1848 = LINE ( 'NONE', #348, #1850 ) ;
#1849 = PLANE ( 'NONE',  #894 ) ;
#1850 = VECTOR ( 'NONE', #329, 100.0000000000000000 ) ;
#1851 = ORIENTED_EDGE ( 'NONE', *, *, #1583, .T. ) ;
#1852 = CARTESIAN_POINT ( 'NONE',  ( 0.6999999999999999556, -12.02527887210262314, -4.655762566520603052 ) ) ;
#1853 = LINE ( 'NONE', #235, #1809 ) ;
#1854 = EDGE_LOOP ( 'NONE', ( #672, #1162, #236, #145 ) ) ;
#1855 = DIRECTION ( 'NONE',  ( -1.000000000000000000, 0.000000000000000000, 0.000000000000000000 ) ) ;
#1856 = DIRECTION ( 'NONE',  ( -0.000000000000000000, 0.2747211278973787918, 0.9615239476408230512 ) ) ;
#1857 = DIRECTION ( 'NONE',  ( -1.000000000000000000, 0.000000000000000000, -0.000000000000000000 ) ) ;
#1858 = VECTOR ( 'NONE', #1294, 100.0000000000000142 ) ;
#1859 = AXIS2_PLACEMENT_3D ( 'NONE', #257, #866, #857 ) ;
#1860 = EDGE_CURVE ( 'NONE', #1705, #1806, #619, .T. ) ;
#1861 = AXIS2_PLACEMENT_3D ( 'NONE', #1022, #1907, #880 ) ;
#1862 = ORIENTED_EDGE ( 'NONE', *, *, #144, .T. ) ;
#1863 = LINE ( 'NONE', #393, #399 ) ;
#1864 = CARTESIAN_POINT ( 'NONE',  ( 0.4999999999999997780, -0.3999999999999999112, 4.950000000000000178 ) ) ;
#1865 = ORIENTED_EDGE ( 'NONE', *, *, #1549, .F. ) ;
#1866 = DIRECTION ( 'NONE',  ( 0.000000000000000000, -0.9615239476408231623, -0.2747211278973777926 ) ) ;
#1867 = DIRECTION ( 'NONE',  ( 0.000000000000000000, -0.9615239476408230512, 0.2747211278973787918 ) ) ;
#1868 = CARTESIAN_POINT ( 'NONE',  ( 0.6999999999999999556, 1.421140369002303894, -4.973991291508068180 ) ) ;
#1869 = CIRCLE ( 'NONE', #1775, 1.300000000000000044 ) ;
#1870 = ORIENTED_EDGE ( 'NONE', *, *, #1177, .T. ) ;
#1871 = EDGE_CURVE ( 'NONE', #1894, #1780, #118, .T. ) ;
#1872 = VECTOR ( 'NONE', #1246, 99.99999999999998579 ) ;
#1873 = DIRECTION ( 'NONE',  ( 0.000000000000000000, 1.000000000000000000, 0.000000000000000000 ) ) ;
#1874 = DIRECTION ( 'NONE',  ( -1.000000000000000000, 0.000000000000000000, -0.000000000000000000 ) ) ;
#1875 = VECTOR ( 'NONE', #413, 100.0000000000000000 ) ;
#1876 = ORIENTED_EDGE ( 'NONE', *, *, #483, .F. ) ;
#1877 = DIRECTION ( 'NONE',  ( 0.000000000000000000, 1.000000000000000000, -0.000000000000000000 ) ) ;
#1878 = CARTESIAN_POINT ( 'NONE',  ( -1.500000000000000222, 0.000000000000000000, -4.249999999999992006 ) ) ;
#1879 = CC_DESIGN_PERSON_AND_ORGANIZATION_ASSIGNMENT ( #497, #1392, ( #318 ) ) ;
#1880 = VERTEX_POINT ( 'NONE', #1654 ) ;
#1881 = ORIENTED_EDGE ( 'NONE', *, *, #996, .F. ) ;
#1882 = LINE ( 'NONE', #1802, #255 ) ;
#1883 = DIRECTION ( 'NONE',  ( 0.000000000000000000, 1.000000000000000000, 0.000000000000000000 ) ) ;
#1884 = ORIENTED_EDGE ( 'NONE', *, *, #424, .T. ) ;
#1885 = CARTESIAN_POINT ( 'NONE',  ( -0.6999999999999999556, -12.05167323261573920, 6.743335209318781054 ) ) ;
#1886 = LINE ( 'NONE', #246, #741 ) ;
#1887 = EDGE_CURVE ( 'NONE', #597, #365, #1143, .T. ) ;
#1888 = VERTEX_POINT ( 'NONE', #918 ) ;
#1889 = CARTESIAN_POINT ( 'NONE',  ( -0.5000000000000004441, -0.3999999999999999112, -4.249999999999999112 ) ) ;
#1890 = AXIS2_PLACEMENT_3D ( 'NONE', #371, #519, #1111 ) ;
#1891 = ADVANCED_FACE ( 'NONE', ( #610 ), #1785, .F. ) ;
#1892 = CARTESIAN_POINT ( 'NONE',  ( -0.4000000000000000222, -13.07695210471836766, 1.744965645705641235E-14 ) ) ;
#1893 = CARTESIAN_POINT ( 'NONE',  ( 0.4999999999999997780, -0.6999999999999999556, -4.250000000000000000 ) ) ;
#1894 = VERTEX_POINT ( 'NONE', #1297 ) ;
#1895 = LINE ( 'NONE', #1169, #684 ) ;
#1896 = LINE ( 'NONE', #1300, #1344 ) ;
#1897 = EDGE_CURVE ( 'NONE', #1761, #950, #253, .T. ) ;
#1898 = LINE ( 'NONE', #1311, #1553 ) ;
#1899 = VERTEX_POINT ( 'NONE', #310 ) ;
#1900 = ORIENTED_EDGE ( 'NONE', *, *, #1871, .T. ) ;
#1901 = LINE ( 'NONE', #316, #346 ) ;
#1902 = LINE ( 'NONE', #995, #1226 ) ;
#1903 = ADVANCED_FACE ( 'NONE', ( #1215 ), #769, .T. ) ;
#1904 = EDGE_CURVE ( 'NONE', #1894, #1196, #472, .T. ) ;
#1905 = VERTEX_POINT ( 'NONE', #553 ) ;
#1906 = DIRECTION ( 'NONE',  ( 0.000000000000000000, 0.000000000000000000, -1.000000000000000000 ) ) ;
#1907 = DIRECTION ( 'NONE',  ( -1.000000000000000000, 0.000000000000000000, 0.000000000000000000 ) ) ;
#1908 = EDGE_CURVE ( 'NONE', #525, #1502, #1197, .T. ) ;
#1909 = ORIENTED_EDGE ( 'NONE', *, *, #1575, .F. ) ;
#1910 = CARTESIAN_POINT ( 'NONE',  ( 0.3999999999999999112, -0.3999999999999999112, 4.250000000000000888 ) ) ;
#1911 = VECTOR ( 'NONE', #1363, 100.0000000000000000 ) ;
#1912 = VERTEX_POINT ( 'NONE', #402 ) ;
#1913 = ORIENTED_EDGE ( 'NONE', *, *, #520, .F. ) ;
#1914 = PLANE ( 'NONE',  #411 ) ;
#1915 = CIRCLE ( 'NONE', #1667, 0.9999999999999995559 ) ;
#1916 = ORIENTED_EDGE ( 'NONE', *, *, #305, .T. ) ;
#1917 = DIRECTION ( 'NONE',  ( 0.000000000000000000, 0.9615239476408230512, -0.2747211278973787918 ) ) ;
#1918 = CARTESIAN_POINT ( 'NONE',  ( -0.6999999999999999556, -12.77695210471835807, -8.276287728388179943 ) ) ;
#1919 = EDGE_CURVE ( 'NONE', #41, #1503, #453, .T. ) ;
#1920 = EDGE_LOOP ( 'NONE', ( #745, #1120, #1219, #832 ) ) ;
#1921 = DIRECTION ( 'NONE',  ( 1.000000000000000000, 0.000000000000000000, 0.000000000000000000 ) ) ;
#1922 = EDGE_LOOP ( 'NONE', ( #1488, #428, #703, #214 ) ) ;
#1923 = ORIENTED_EDGE ( 'NONE', *, *, #1845, .T. ) ;
#1924 = EDGE_CURVE ( 'NONE', #1888, #889, #1882, .T. ) ;
#1925 = CARTESIAN_POINT ( 'NONE',  ( -0.4000000000000000222, -11.77695210471835807, 7.704859156959600774 ) ) ;
#1926 = LINE ( 'NONE', #1482, #687 ) ;
#1927 = VERTEX_POINT ( 'NONE', #1348 ) ;
#1928 = DIRECTION ( 'NONE',  ( -1.000000000000000000, 0.000000000000000000, 0.000000000000000000 ) ) ;
#1929 = ORIENTED_EDGE ( 'NONE', *, *, #1088, .F. ) ;
ENDSEC;
END-ISO-10303-21;
