ISO-10303-21;
HEADER;
FILE_DESCRIPTION (( 'STEP AP203' ),
    '1' );
FILE_NAME ('CSWP_18_20A.STEP',
    '2026-07-30T17:55:19',
    ( '' ),
    ( '' ),
    'SwSTEP 2.0',
    'SolidWorks 2026',
    '' );
FILE_SCHEMA (( 'CONFIG_CONTROL_DESIGN' ));
ENDSEC;

DATA;
#1 = DIRECTION ( 'NONE',  ( 0.000000000000000000, 1.000000000000000000, 0.000000000000000000 ) ) ;
#2 = ORIENTED_EDGE ( 'NONE', *, *, #1131, .T. ) ;
#3 = EDGE_CURVE ( 'NONE', #1781, #918, #1965, .T. ) ;
#4 = CARTESIAN_POINT ( 'NONE',  ( -2.826341469615339719, -5.000000000000000000, 29.86656648992536489 ) ) ;
#5 = CARTESIAN_POINT ( 'NONE',  ( -37.50000000000000711, -10.00000000000000000, 0.000000000000000000 ) ) ;
#6 = LINE ( 'NONE', #2356, #2034 ) ;
#7 = EDGE_CURVE ( 'NONE', #524, #2044, #1582, .T. ) ;
#8 = APPROVAL_PERSON_ORGANIZATION ( #2394, #1203, #640 ) ;
#9 = CARTESIAN_POINT ( 'NONE',  ( 28.23038909322908907, -4.343901803587389310, 10.15482807800649567 ) ) ;
#10 = DIRECTION ( 'NONE',  ( -0.7071067811865460184, 0.000000000000000000, 0.7071067811865490160 ) ) ;
#11 = CYLINDRICAL_SURFACE ( 'NONE', #517, 30.00000000000000000 ) ;
#12 = DIRECTION ( 'NONE',  ( 0.000000000000000000, -1.000000000000000000, 0.000000000000000000 ) ) ;
#13 = CARTESIAN_POINT ( 'NONE',  ( 0.000000000000000000, -10.00000000000000000, -30.00000000000000000 ) ) ;
#14 = ORIENTED_EDGE ( 'NONE', *, *, #1554, .T. ) ;
#15 = ORIENTED_EDGE ( 'NONE', *, *, #1856, .F. ) ;
#16 = CARTESIAN_POINT ( 'NONE',  ( -27.97529114175930331, 5.000000000000000000, 10.83434748998774033 ) ) ;
#17 = VECTOR ( 'NONE', #812, 1000.000000000000000 ) ;
#18 = AXIS2_PLACEMENT_3D ( 'NONE', #191, #950, #799 ) ;
#19 = CARTESIAN_POINT ( 'NONE',  ( 13.09314575050723306, 10.00000000000000000, 38.13280689140890445 ) ) ;
#20 = CARTESIAN_POINT ( 'NONE',  ( 0.000000000000000000, 5.000000000000000000, 0.000000000000000000 ) ) ;
#21 = EDGE_CURVE ( 'NONE', #2146, #1072, #2373, .T. ) ;
#22 = DIRECTION ( 'NONE',  ( 0.000000000000000000, 1.000000000000000000, 0.000000000000000000 ) ) ;
#23 = EDGE_CURVE ( 'NONE', #2392, #1691, #1118, .T. ) ;
#24 = EDGE_CURVE ( 'NONE', #558, #524, #1326, .T. ) ;
#25 = CARTESIAN_POINT ( 'NONE',  ( 26.47740661031267706, 10.00000000000000000, -30.40540028109612081 ) ) ;
#26 = LINE ( 'NONE', #572, #1164 ) ;
#27 = DIRECTION ( 'NONE',  ( -0.7071067811865584529, 0.000000000000000000, 0.7071067811865365815 ) ) ;
#28 = DIRECTION ( 'NONE',  ( -0.000000000000000000, -1.000000000000000000, 0.000000000000000000 ) ) ;
#29 = CYLINDRICAL_SURFACE ( 'NONE', #1730, 30.00000000000000000 ) ;
#30 = ORIENTED_EDGE ( 'NONE', *, *, #1937, .F. ) ;
#31 = VERTEX_POINT ( 'NONE', #40 ) ;
#32 = DIRECTION ( 'NONE',  ( 0.000000000000000000, 1.000000000000000000, 0.000000000000000000 ) ) ;
#33 = DIRECTION ( 'NONE',  ( -0.9659258262890701996, 0.000000000000000000, 0.2588190451025134120 ) ) ;
#34 = CARTESIAN_POINT ( 'NONE',  ( -2.803334328107795592, 4.836662565536371972, 24.84283116695165461 ) ) ;
#35 = CARTESIAN_POINT ( 'NONE',  ( 18.75000000000015632, -10.00000000000000000, -37.47595264191636488 ) ) ;
#36 = CARTESIAN_POINT ( 'NONE',  ( -4.123899756685807994, 4.841242025255753312, 29.71697084918672260 ) ) ;
#37 = DIRECTION ( 'NONE',  ( 0.000000000000000000, 1.000000000000000000, 0.000000000000000000 ) ) ;
#38 = CARTESIAN_POINT ( 'NONE',  ( -20.48703480861912141, 4.968651063004053015, 14.33131474806670980 ) ) ;
#39 = EDGE_CURVE ( 'NONE', #2521, #781, #811, .T. ) ;
#40 = CARTESIAN_POINT ( 'NONE',  ( -39.57055236082011618, -5.000000000000000000, 7.727406610312561597 ) ) ;
#41 = CARTESIAN_POINT ( 'NONE',  ( -20.10839030578242514, -4.842430339913038395, -14.85792091458855069 ) ) ;
#42 = CARTESIAN_POINT ( 'NONE',  ( 28.94433195352502253, 1.136984887037619574, -7.888387989091811825 ) ) ;
#43 = FACE_BOUND ( 'NONE', #465, .T. ) ;
#44 = ORIENTED_EDGE ( 'NONE', *, *, #2101, .F. ) ;
#45 = ORIENTED_EDGE ( 'NONE', *, *, #2299, .T. ) ;
#46 = FACE_OUTER_BOUND ( 'NONE', #365, .T. ) ;
#47 = CARTESIAN_POINT ( 'NONE',  ( 24.01142833456508541, 2.224435427495314421, 6.961843915930194804 ) ) ;
#48 = AXIS2_PLACEMENT_3D ( 'NONE', #2494, #905, #699 ) ;
#49 = CARTESIAN_POINT ( 'NONE',  ( -3.956363270520688591, -4.874553039624458961, 29.73840724469991770 ) ) ;
#50 = DIRECTION ( 'NONE',  ( 0.000000000000000000, 1.000000000000000000, -0.000000000000000000 ) ) ;
#51 = CARTESIAN_POINT ( 'NONE',  ( 27.27837603887609674, 5.000000000000000000, 12.48559973255872713 ) ) ;
#52 = ORIENTED_EDGE ( 'NONE', *, *, #2324, .T. ) ;
#53 = CARTESIAN_POINT ( 'NONE',  ( -18.03487354713507074, -2.224509429548208850, -17.31355822263568456 ) ) ;
#54 = CARTESIAN_POINT ( 'NONE',  ( -3.727405735596518443, 4.500847691521159710, -24.72241910762085482 ) ) ;
#55 = CARTESIAN_POINT ( 'NONE',  ( 26.47740661031267706, 5.000000000000000000, -30.40540028109612081 ) ) ;
#56 = ORIENTED_EDGE ( 'NONE', *, *, #690, .T. ) ;
#57 = ORIENTED_EDGE ( 'NONE', *, *, #1309, .T. ) ;
#58 = CARTESIAN_POINT ( 'NONE',  ( 23.79781279472278044, 3.314648097588496434, 7.662769573699542036 ) ) ;
#59 = CARTESIAN_POINT ( 'NONE',  ( -3.481341808523680914, 4.968335604812595285, 29.79907993322667537 ) ) ;
#61 = VECTOR ( 'NONE', #621, 1000.000000000000000 ) ;
#60 = DIRECTION ( 'NONE',  ( 0.000000000000000000, 0.000000000000000000, 1.000000000000000000 ) ) ;
#62 = CARTESIAN_POINT ( 'NONE',  ( 0.000000000000000000, 5.000000000000000000, 0.000000000000000000 ) ) ;
#63 = VERTEX_POINT ( 'NONE', #373 ) ;
#64 = AXIS2_PLACEMENT_3D ( 'NONE', #892, #2078, #1485 ) ;
#65 = CARTESIAN_POINT ( 'NONE',  ( -18.84543014922530446, 3.778264046277701738, -16.42874895371822674 ) ) ;
#66 = CARTESIAN_POINT ( 'NONE',  ( 28.84218256323758922, 2.221880978872619039, -8.254961499968947791 ) ) ;
#67 = CARTESIAN_POINT ( 'NONE',  ( -21.93196604397357774, 3.062263188075053488, 20.47004416707170193 ) ) ;
#68 = ORIENTED_EDGE ( 'NONE', *, *, #1884, .F. ) ;
#69 = EDGE_LOOP ( 'NONE', ( #574, #452, #1796, #510 ) ) ;
#70 = ORIENTED_EDGE ( 'NONE', *, *, #1154, .F. ) ;
#71 = EDGE_CURVE ( 'NONE', #898, #1389, #1558, .T. ) ;
#72 = VECTOR ( 'NONE', #766, 1000.000000000000000 ) ;
#73 = CARTESIAN_POINT ( 'NONE',  ( 24.10405192281228892, 1.297288980827714822, 6.633021792113894755 ) ) ;
#74 = VECTOR ( 'NONE', #1885, 1000.000000000000114 ) ;
#75 = DIRECTION ( 'NONE',  ( 0.000000000000000000, 0.000000000000000000, -1.000000000000000000 ) ) ;
#76 = CARTESIAN_POINT ( 'NONE',  ( 23.85985330315007857, -3.065556868225310261, 7.466018811767042962 ) ) ;
#77 = CIRCLE ( 'NONE', #239, 30.00000000000000000 ) ;
#78 = ORIENTED_EDGE ( 'NONE', *, *, #461, .F. ) ;
#79 = FACE_OUTER_BOUND ( 'NONE', #2366, .T. ) ;
#80 = CARTESIAN_POINT ( 'NONE',  ( 26.47740661031225429, 10.00000000000000000, 30.40540028109646897 ) ) ;
#81 = CARTESIAN_POINT ( 'NONE',  ( -5.976580478904618410, 2.224435427495315754, -24.27542887684798956 ) ) ;
#82 = CARTESIAN_POINT ( 'NONE',  ( 0.000000000000000000, 10.00000000000000000, -30.00000000000000000 ) ) ;
#83 = ORIENTED_EDGE ( 'NONE', *, *, #1810, .F. ) ;
#84 = ORIENTED_EDGE ( 'NONE', *, *, #1911, .T. ) ;
#85 = CARTESIAN_POINT ( 'NONE',  ( 23.27394585800382742, 4.500847691521158822, 9.133181496571792124 ) ) ;
#86 = EDGE_CURVE ( 'NONE', #1890, #2070, #1939, .T. ) ;
#87 = CARTESIAN_POINT ( 'NONE',  ( -6.561003834112249855, 3.311284808336977470, 29.27468021756522631 ) ) ;
#88 = ADVANCED_FACE ( 'NONE', ( #1360 ), #1749, .F. ) ;
#89 = CARTESIAN_POINT ( 'NONE',  ( -21.39567951255109435, -1.621312372693950454, -21.02951863630626761 ) ) ;
#90 = CARTESIAN_POINT ( 'NONE',  ( 24.14814565716478256, 0.000000000000000000, 6.470476127794125176 ) ) ;
#91 = EDGE_CURVE ( 'NONE', #134, #1523, #189, .T. ) ;
#92 = APPLICATION_CONTEXT ( 'configuration controlled 3d designs of mechanical parts and assemblies' ) ;
#93 = ORIENTED_EDGE ( 'NONE', *, *, #1545, .T. ) ;
#94 = AXIS2_PLACEMENT_3D ( 'NONE', #610, #1374, #2163 ) ;
#95 = CARTESIAN_POINT ( 'NONE',  ( -27.97529114175930331, 5.000000000000000000, 10.83434748998773323 ) ) ;
#96 = LINE ( 'NONE', #55, #937 ) ;
#97 = AXIS2_PLACEMENT_3D ( 'NONE', #1330, #185, #202 ) ;
#98 = ORIENTED_EDGE ( 'NONE', *, *, #1837, .T. ) ;
#99 = ORIENTED_EDGE ( 'NONE', *, *, #504, .T. ) ;
#100 = EDGE_LOOP ( 'NONE', ( #1614, #2251 ) ) ;
#101 = CARTESIAN_POINT ( 'NONE',  ( -3.155889863665056971, 4.999999999980291321, -29.83538057196445692 ) ) ;
#102 = CARTESIAN_POINT ( 'NONE',  ( 26.47740661031267706, -5.000000000000000000, -30.40540028109612081 ) ) ;
#103 = DIRECTION ( 'NONE',  ( 0.000000000000000000, 1.000000000000000000, 0.000000000000000000 ) ) ;
#104 = EDGE_LOOP ( 'NONE', ( #1658, #1071, #1876, #895 ) ) ;
#105 = EDGE_CURVE ( 'NONE', #2365, #1227, #1739, .T. ) ;
#106 = CARTESIAN_POINT ( 'NONE',  ( 26.47740661031267706, 5.000000000000000000, -30.40540028109612081 ) ) ;
#107 = EDGE_CURVE ( 'NONE', #2284, #665, #569, .T. ) ;
#108 = CARTESIAN_POINT ( 'NONE',  ( 18.75000000000001421, 5.000000000000000000, 32.47595264191643594 ) ) ;
#109 = ORIENTED_EDGE ( 'NONE', *, *, #71, .T. ) ;
#110 = AXIS2_PLACEMENT_3D ( 'NONE', #392, #153, #2102 ) ;
#111 = EDGE_LOOP ( 'NONE', ( #2043, #1432, #2032, #1470 ) ) ;
#112 = CARTESIAN_POINT ( 'NONE',  ( -4.113855427881406790, 4.835523866148287553, -29.71701604905098293 ) ) ;
#113 = DIRECTION ( 'NONE',  ( 0.000000000000000000, 0.000000000000000000, 1.000000000000000000 ) ) ;
#114 = AXIS2_PLACEMENT_3D ( 'NONE', #2145, #410, #777 ) ;
#115 = FACE_OUTER_BOUND ( 'NONE', #1428, .T. ) ;
#116 = AXIS2_PLACEMENT_3D ( 'NONE', #255, #1713, #1024 ) ;
#117 = AXIS2_PLACEMENT_3D ( 'NONE', #1740, #1, #1337 ) ;
#118 = CARTESIAN_POINT ( 'NONE',  ( -37.50000000000000711, -5.000000000000000000, 0.000000000000000000 ) ) ;
#119 = EDGE_CURVE ( 'NONE', #2271, #2176, #229, .T. ) ;
#120 = CARTESIAN_POINT ( 'NONE',  ( -4.123913729434267594, -4.841238539036007538, -29.71696894793894828 ) ) ;
#121 = VERTEX_POINT ( 'NONE', #1001 ) ;
#122 = EDGE_CURVE ( 'NONE', #1121, #63, #1492, .T. ) ;
#123 = VERTEX_POINT ( 'NONE', #1156 ) ;
#124 = ORIENTED_EDGE ( 'NONE', *, *, #506, .T. ) ;
#125 = ADVANCED_FACE ( 'NONE', ( #607 ), #11, .T. ) ;
#126 = CARTESIAN_POINT ( 'NONE',  ( -2.803315520199527899, -4.836667424238057400, -24.84283327506520322 ) ) ;
#127 = DIRECTION ( 'NONE',  ( 0.000000000000000000, 0.000000000000000000, -1.000000000000000000 ) ) ;
#128 = DIRECTION ( 'NONE',  ( 0.000000000000000000, 0.000000000000000000, 1.000000000000000000 ) ) ;
#129 = CIRCLE ( 'NONE', #1989, 8.000000000000000000 ) ;
#130 = CARTESIAN_POINT ( 'NONE',  ( 23.04606314283870105, -4.747784448462275542, -9.693839867637066732 ) ) ;
#131 = DIRECTION ( 'NONE',  ( 0.9659258262890680902, 0.000000000000000000, 0.2588190451025220162 ) ) ;
#132 = DIRECTION ( 'NONE',  ( 0.000000000000000000, 1.000000000000000000, 0.000000000000000000 ) ) ;
#133 = DIRECTION ( 'NONE',  ( 0.000000000000000000, 0.000000000000000000, 1.000000000000000000 ) ) ;
#134 = VERTEX_POINT ( 'NONE', #1924 ) ;
#135 = AXIS2_PLACEMENT_3D ( 'NONE', #381, #2103, #177 ) ;
#136 = DIRECTION ( 'NONE',  ( -0.000000000000000000, 1.000000000000000000, -0.000000000000000000 ) ) ;
#137 = COORDINATED_UNIVERSAL_TIME_OFFSET ( 5, 30, .AHEAD. ) ;
#138 = VERTEX_POINT ( 'NONE', #1370 ) ;
#139 = ADVANCED_FACE ( 'NONE', ( #1347 ), #2532, .F. ) ;
#140 = CARTESIAN_POINT ( 'NONE',  ( -2.165957460398923118, -4.968658103479220323, -24.90806406190528932 ) ) ;
#141 = CARTESIAN_POINT ( 'NONE',  ( -21.67722857631642697, 2.509523630949658912, -20.73959931174314164 ) ) ;
#142 = EDGE_CURVE ( 'NONE', #353, #1464, #1412, .T. ) ;
#143 = CARTESIAN_POINT ( 'NONE',  ( 26.47740661031267706, -5.000000000000000000, -30.40540028109612081 ) ) ;
#144 = CARTESIAN_POINT ( 'NONE',  ( 22.51424813164220140, -5.000000000000332179, -10.87283305733224203 ) ) ;
#145 = CIRCLE ( 'NONE', #471, 30.00000000000000000 ) ;
#146 = DIRECTION ( 'NONE',  ( -0.000000000000000000, -1.000000000000000000, 0.000000000000000000 ) ) ;
#147 = ORIENTED_EDGE ( 'NONE', *, *, #2261, .F. ) ;
#148 = ORIENTED_EDGE ( 'NONE', *, *, #1647, .F. ) ;
#149 = EDGE_CURVE ( 'NONE', #683, #2415, #322, .T. ) ;
#150 = CARTESIAN_POINT ( 'NONE',  ( -19.54796288831049011, -4.502084435277565078, 15.58749126188676115 ) ) ;
#151 = ORIENTED_EDGE ( 'NONE', *, *, #835, .F. ) ;
#152 = CARTESIAN_POINT ( 'NONE',  ( -5.260326361762399650, -3.317462181331094495, -24.44141968005986953 ) ) ;
#153 = DIRECTION ( 'NONE',  ( -0.000000000000000000, 1.000000000000000000, -0.000000000000000000 ) ) ;
#154 = EDGE_CURVE ( 'NONE', #1389, #1034, #26, .T. ) ;
#155 = CARTESIAN_POINT ( 'NONE',  ( -23.67369317168369847, -4.841238540756292785, 18.42989852152771846 ) ) ;
#156 = ADVANCED_FACE ( 'NONE', ( #598 ), #1186, .T. ) ;
#157 = AXIS2_PLACEMENT_3D ( 'NONE', #1835, #2258, #877 ) ;
#158 = PLANE ( 'NONE',  #709 ) ;
#159 = CARTESIAN_POINT ( 'NONE',  ( 4.604825411122229539, 10.00000000000000000, -29.64448655202317440 ) ) ;
#160 = CARTESIAN_POINT ( 'NONE',  ( -20.85604198162318212, 0.000000000000000000, 13.78497416975350909 ) ) ;
#161 = ORIENTED_EDGE ( 'NONE', *, *, #724, .T. ) ;
#162 = ORIENTED_EDGE ( 'NONE', *, *, #2347, .F. ) ;
#163 = CARTESIAN_POINT ( 'NONE',  ( -37.50000000000000711, 5.000000000000000000, 0.000000000000000000 ) ) ;
#164 = ORIENTED_EDGE ( 'NONE', *, *, #783, .F. ) ;
#165 = DIRECTION ( 'NONE',  ( 0.9659258262890711988, -0.000000000000000000, -0.2588190451025098038 ) ) ;
#166 = CARTESIAN_POINT ( 'NONE',  ( -21.43811907007514250, -1.766892851029483458, 20.98597202139319506 ) ) ;
#167 = DIRECTION ( 'NONE',  ( -0.000000000000000000, -1.000000000000000000, 0.000000000000000000 ) ) ;
#168 = FACE_OUTER_BOUND ( 'NONE', #2218, .T. ) ;
#169 = ORIENTED_EDGE ( 'NONE', *, *, #951, .F. ) ;
#170 = AXIS2_PLACEMENT_3D ( 'NONE', #1418, #1082, #1120 ) ;
#171 = CARTESIAN_POINT ( 'NONE',  ( 22.36615881232998504, 5.000000000000000000, -11.16937509360455394 ) ) ;
#172 = LINE ( 'NONE', #1310, #925 ) ;
#173 = CARTESIAN_POINT ( 'NONE',  ( -19.36612701456460783, -4.349888252467963845, 15.81227640011917401 ) ) ;
#174 = EDGE_LOOP ( 'NONE', ( #2298, #1241, #939, #378 ) ) ;
#175 = AXIS2_PLACEMENT_3D ( 'NONE', #233, #390, #2336 ) ;
#176 = CARTESIAN_POINT ( 'NONE',  ( 24.31888109535269038, -5.000000000000000000, 11.69260545275023766 ) ) ;
#177 = DIRECTION ( 'NONE',  ( -0.2588190451025186301, 0.000000000000000000, -0.9659258262890688673 ) ) ;
#178 = CARTESIAN_POINT ( 'NONE',  ( 26.47740661031267706, -5.000000000000000000, -30.40540028109612081 ) ) ;
#179 = ADVANCED_FACE ( 'NONE', ( #990 ), #29, .T. ) ;
#180 = DIRECTION ( 'NONE',  ( 0.2588190451025311756, -0.000000000000000000, -0.9659258262890654256 ) ) ;
#181 = CARTESIAN_POINT ( 'NONE',  ( -2.826341469615339719, 5.000000000000000000, 29.86656648992536489 ) ) ;
#182 = AXIS2_PLACEMENT_3D ( 'NONE', #1487, #2492, #914 ) ;
#183 = DIRECTION ( 'NONE',  ( -0.000000000000000000, -1.000000000000000000, 0.000000000000000000 ) ) ;
#184 = DIRECTION ( 'NONE',  ( -0.000000000000000000, -1.000000000000000000, -0.000000000000000000 ) ) ;
#185 = DIRECTION ( 'NONE',  ( 0.000000000000000000, 1.000000000000000000, 0.000000000000000000 ) ) ;
#186 = VECTOR ( 'NONE', #1544, 1000.000000000000114 ) ;
#187 = CARTESIAN_POINT ( 'NONE',  ( -27.97529114175929976, -10.00000000000000000, -10.83434748998773678 ) ) ;
#188 = PRODUCT_DEFINITION_SHAPE ( 'NONE', 'NONE',  #339 ) ;
#189 = CIRCLE ( 'NONE', #1606, 5.000000000000101252 ) ;
#190 = DIRECTION ( 'NONE',  ( 0.000000000000000000, 0.000000000000000000, 1.000000000000000000 ) ) ;
#191 = CARTESIAN_POINT ( 'NONE',  ( 0.000000000000000000, -5.000000000000000000, 0.000000000000000000 ) ) ;
#192 = VECTOR ( 'NONE', #2127, 999.9999999999998863 ) ;
#193 = EDGE_CURVE ( 'NONE', #1020, #535, #2310, .T. ) ;
#194 = DIRECTION ( 'NONE',  ( 0.000000000000000000, 1.000000000000000000, 0.000000000000000000 ) ) ;
#195 = DIRECTION ( 'NONE',  ( 0.000000000000000000, -1.000000000000000000, 0.000000000000000000 ) ) ;
#196 = DIRECTION ( 'NONE',  ( -0.2588190451025186856, 0.000000000000000000, -0.9659258262890688673 ) ) ;
#197 = VERTEX_POINT ( 'NONE', #1160 ) ;
#198 = CIRCLE ( 'NONE', #1612, 30.00000000000000000 ) ;
#199 = CARTESIAN_POINT ( 'NONE',  ( -39.57055236082011618, 10.00000000000000000, 7.727406610312561597 ) ) ;
#200 = CARTESIAN_POINT ( 'NONE',  ( 26.47740661031267706, -5.000000000000000000, -30.40540028109612081 ) ) ;
#201 = CARTESIAN_POINT ( 'NONE',  ( -24.06715248719732614, -4.968340400080730745, -17.91298060842545325 ) ) ;
#202 = DIRECTION ( 'NONE',  ( 0.000000000000000000, 0.000000000000000000, 1.000000000000000000 ) ) ;
#203 = CARTESIAN_POINT ( 'NONE',  ( -37.50000000000000711, -10.00000000000000000, -4.999999999999997335 ) ) ;
#204 = DIRECTION ( 'NONE',  ( 0.000000000000000000, 0.000000000000000000, -1.000000000000000000 ) ) ;
#205 = DIRECTION ( 'NONE',  ( 0.000000000000000000, -1.000000000000000000, 0.000000000000000000 ) ) ;
#206 = DIRECTION ( 'NONE',  ( 0.000000000000000000, 0.000000000000000000, 1.000000000000000000 ) ) ;
#207 = CARTESIAN_POINT ( 'NONE',  ( 23.37046573063702226, -5.000000000000000000, 18.81013906203566322 ) ) ;
#208 = ORIENTED_EDGE ( 'NONE', *, *, #2066, .F. ) ;
#209 = DIRECTION ( 'NONE',  ( -0.000000000000000000, 1.000000000000000000, -0.000000000000000000 ) ) ;
#210 = VECTOR ( 'NONE', #424, 1000.000000000000000 ) ;
#211 = LINE ( 'NONE', #1409, #2341 ) ;
#212 = CC_DESIGN_APPROVAL ( #1203, ( #339 ) ) ;
#213 = DIRECTION ( 'NONE',  ( 0.000000000000000000, 1.000000000000000000, 0.000000000000000000 ) ) ;
#214 = CYLINDRICAL_SURFACE ( 'NONE', #1099, 30.00000000000000000 ) ;
#215 = CARTESIAN_POINT ( 'NONE',  ( 13.09314575050776241, 5.000000000000000000, -38.13280689140874102 ) ) ;
#216 = PLANE ( 'NONE',  #1966 ) ;
#217 = CARTESIAN_POINT ( 'NONE',  ( 28.49052577354882843, -3.774856574495974559, -9.399133257679551434 ) ) ;
#218 = CARTESIAN_POINT ( 'NONE',  ( 18.75000000000015632, 5.000000000000000000, -32.47595264191637199 ) ) ;
#219 = EDGE_LOOP ( 'NONE', ( #1741, #1669 ) ) ;
#220 = EDGE_CURVE ( 'NONE', #1793, #2044, #740, .T. ) ;
#221 = CARTESIAN_POINT ( 'NONE',  ( -5.260367559426744499, 3.317415002651778355, 24.44141081921167569 ) ) ;
#222 = CIRCLE ( 'NONE', #1880, 4.999999999999997335 ) ;
#223 = DIRECTION ( 'NONE',  ( 0.000000000000000000, 0.000000000000000000, 1.000000000000000000 ) ) ;
#224 = EDGE_CURVE ( 'NONE', #2415, #2454, #2136, .T. ) ;
#225 = CARTESIAN_POINT ( 'NONE',  ( -5.860394250596032251, 3.979173872910956256, 29.42331014720084426 ) ) ;
#226 = CARTESIAN_POINT ( 'NONE',  ( 22.91619005656193764, 4.836662565536373748, -9.993656840033271038 ) ) ;
#227 = AXIS2_PLACEMENT_3D ( 'NONE', #62, #1064, #2223 ) ;
#228 = CARTESIAN_POINT ( 'NONE',  ( 27.91481786605858062, -4.746153392268434246, 10.99336731889836294 ) ) ;
#229 = LINE ( 'NONE', #215, #845 ) ;
#230 = LINE ( 'NONE', #1247, #61 ) ;
#231 = CARTESIAN_POINT ( 'NONE',  ( -39.57055236082011618, 5.000000000000000000, -7.727406610312554491 ) ) ;
#232 = CIRCLE ( 'NONE', #762, 4.999999999999997335 ) ;
#233 = CARTESIAN_POINT ( 'NONE',  ( 18.75000000000001421, 5.000000000000000000, 32.47595264191643594 ) ) ;
#234 = ORIENTED_EDGE ( 'NONE', *, *, #330, .T. ) ;
#235 = ORIENTED_EDGE ( 'NONE', *, *, #277, .T. ) ;
#236 = DIRECTION ( 'NONE',  ( 0.9659258262890700886, 0.000000000000000000, 0.2588190451025141336 ) ) ;
#237 = CARTESIAN_POINT ( 'NONE',  ( -6.438950498009964996, -0.6575302291939862931, 24.15665553227222162 ) ) ;
#238 = DIRECTION ( 'NONE',  ( 0.000000000000000000, 0.000000000000000000, 1.000000000000000000 ) ) ;
#239 = AXIS2_PLACEMENT_3D ( 'NONE', #479, #1202, #1784 ) ;
#240 = CARTESIAN_POINT ( 'NONE',  ( -6.761625316857236889, -3.062223674112284133, 29.22865487128823858 ) ) ;
#241 = CARTESIAN_POINT ( 'NONE',  ( -37.50000000000000711, 5.000000000000000000, 4.999999999999997335 ) ) ;
#242 = CARTESIAN_POINT ( 'NONE',  ( 23.96744114295109185, -2.517588267574218719, 7.113072585365376455 ) ) ;
#243 = EDGE_CURVE ( 'NONE', #1403, #1855, #2150, .T. ) ;
#244 = ORIENTED_EDGE ( 'NONE', *, *, #783, .T. ) ;
#245 = CARTESIAN_POINT ( 'NONE',  ( 13.09314575050723306, -5.000000000000000000, 38.13280689140890445 ) ) ;
#246 = CARTESIAN_POINT ( 'NONE',  ( -18.14186802173440327, -2.512410763102691735, -17.20191889428357257 ) ) ;
#247 = CARTESIAN_POINT ( 'NONE',  ( 28.63311867313345260, 3.311284808336977026, -8.955344114114028642 ) ) ;
#248 = DIRECTION ( 'NONE',  ( 0.000000000000000000, 0.000000000000000000, 1.000000000000000000 ) ) ;
#249 = ORIENTED_EDGE ( 'NONE', *, *, #2493, .F. ) ;
#250 = ORIENTED_EDGE ( 'NONE', *, *, #2246, .F. ) ;
#251 = ORIENTED_EDGE ( 'NONE', *, *, #1676, .F. ) ;
#252 = CARTESIAN_POINT ( 'NONE',  ( -20.85604198162318212, 5.000000000000000000, 13.78497416975350909 ) ) ;
#253 = CIRCLE ( 'NONE', #2113, 30.00000000000000000 ) ;
#254 = CARTESIAN_POINT ( 'NONE',  ( -7.270954220422098935, -2.223936863544213605, 29.10582382622177278 ) ) ;
#255 = CARTESIAN_POINT ( 'NONE',  ( 18.75000000000001421, -10.00000000000000000, 32.47595264191643594 ) ) ;
#256 = CARTESIAN_POINT ( 'NONE',  ( 22.65399496689975578, -4.968658103479219434, 10.57825784673052638 ) ) ;
#257 = ADVANCED_FACE ( 'NONE', ( #1196 ), #2124, .T. ) ;
#258 = ORIENTED_EDGE ( 'NONE', *, *, #553, .T. ) ;
#259 = EDGE_CURVE ( 'NONE', #1283, #1006, #1302, .T. ) ;
#260 = CARTESIAN_POINT ( 'NONE',  ( -18.39566009303375438, 3.065503081042214806, -16.93026065816737002 ) ) ;
#261 = CARTESIAN_POINT ( 'NONE',  ( 27.54667251066617695, -4.968340397755834914, -11.88627514025701082 ) ) ;
#262 = CARTESIAN_POINT ( 'NONE',  ( -24.06715671461573791, 4.968341085296375859, 17.91297486792140958 ) ) ;
#263 = VERTEX_POINT ( 'NONE', #1338 ) ;
#264 = VERTEX_POINT ( 'NONE', #2110 ) ;
#265 = VERTEX_POINT ( 'NONE', #1149 ) ;
#266 = CARTESIAN_POINT ( 'NONE',  ( -5.823658199480932218, 2.517519685353151182, 24.31293979319723064 ) ) ;
#267 = DIRECTION ( 'NONE',  ( 0.000000000000000000, -1.000000000000000000, 0.000000000000000000 ) ) ;
#268 = AXIS2_PLACEMENT_3D ( 'NONE', #1333, #2384, #1947 ) ;
#269 = LINE ( 'NONE', #878, #394 ) ;
#270 = ORIENTED_EDGE ( 'NONE', *, *, #738, .T. ) ;
#271 = AXIS2_PLACEMENT_3D ( 'NONE', #1849, #750, #1496 ) ;
#272 = CARTESIAN_POINT ( 'NONE',  ( -20.67329489449182489, 4.999999999540897910, -14.06146224106180398 ) ) ;
#273 = CARTESIAN_POINT ( 'NONE',  ( -5.826402964432503495, 2.512343555375335935, -24.31226885565852314 ) ) ;
#274 = ADVANCED_FACE ( 'NONE', ( #1927 ), #583, .F. ) ;
#275 = CARTESIAN_POINT ( 'NONE',  ( -21.32761135849473888, 1.305467689445646728, 21.09827464897823646 ) ) ;
#276 = ORIENTED_EDGE ( 'NONE', *, *, #2294, .F. ) ;
#277 = EDGE_CURVE ( 'NONE', #2146, #1259, #533, .T. ) ;
#278 = EDGE_LOOP ( 'NONE', ( #648, #525, #692, #1794 ) ) ;
#279 = ORIENTED_EDGE ( 'NONE', *, *, #590, .F. ) ;
#280 = EDGE_CURVE ( 'NONE', #1238, #1855, #1537, .T. ) ;
#281 = CARTESIAN_POINT ( 'NONE',  ( 24.06328006485273718, 1.769051139805356776, 6.779568044086082601 ) ) ;
#282 = AXIS2_PLACEMENT_3D ( 'NONE', #822, #1133, #604 ) ;
#283 = CARTESIAN_POINT ( 'NONE',  ( -3.155893470328360095, -5.000000000000000888, 29.83538023065702305 ) ) ;
#284 = DIRECTION ( 'NONE',  ( 0.000000000000000000, -1.000000000000000000, 0.000000000000000000 ) ) ;
#285 = FACE_OUTER_BOUND ( 'NONE', #1670, .T. ) ;
#286 = AXIS2_PLACEMENT_3D ( 'NONE', #1288, #2233, #1883 ) ;
#287 = ORIENTED_EDGE ( 'NONE', *, *, #867, .F. ) ;
#288 = DIRECTION ( 'NONE',  ( 0.000000000000000000, -1.000000000000000000, 0.000000000000000000 ) ) ;
#289 = CARTESIAN_POINT ( 'NONE',  ( 0.000000000000000000, 10.00000000000000000, -25.00000000000000000 ) ) ;
#290 = ORIENTED_EDGE ( 'NONE', *, *, #2129, .F. ) ;
#291 = VERTEX_POINT ( 'NONE', #1400 ) ;
#292 = ORIENTED_EDGE ( 'NONE', *, *, #2261, .T. ) ;
#293 = EDGE_CURVE ( 'NONE', #1943, #1283, #1819, .T. ) ;
#294 = CARTESIAN_POINT ( 'NONE',  ( -6.558642050220750974, 3.314033288495906060, -29.27521100008256738 ) ) ;
#295 = CARTESIAN_POINT ( 'NONE',  ( -37.50000000000000711, -5.000000000000000000, 0.000000000000000000 ) ) ;
#296 = CARTESIAN_POINT ( 'NONE',  ( 28.69356128780341209, 3.062263185348128136, 8.758617663695808631 ) ) ;
#297 = ADVANCED_FACE ( 'NONE', ( #1453, #43 ), #2217, .F. ) ;
#298 = ORIENTED_EDGE ( 'NONE', *, *, #122, .T. ) ;
#299 = VECTOR ( 'NONE', #2377, 1000.000000000000000 ) ;
#300 = CC_DESIGN_APPROVAL ( #1668, ( #2161 ) ) ;
#301 = CARTESIAN_POINT ( 'NONE',  ( 24.06327132474651975, -1.769136165063925459, -6.779599080998879757 ) ) ;
#302 = LINE ( 'NONE', #2390, #1907 ) ;
#303 = ORIENTED_EDGE ( 'NONE', *, *, #2068, .T. ) ;
#304 = ORIENTED_EDGE ( 'NONE', *, *, #3, .T. ) ;
#305 = PERSON_AND_ORGANIZATION ( #2226, #1387 ) ;
#306 = ORIENTED_EDGE ( 'NONE', *, *, #2313, .F. ) ;
#307 = LINE ( 'NONE', #2036, #2142 ) ;
#308 = CARTESIAN_POINT ( 'NONE',  ( -24.26023474398957447, 5.000000002321735693, -17.65079616484785774 ) ) ;
#309 = CARTESIAN_POINT ( 'NONE',  ( 22.36615881232998504, -5.000000000000000000, -11.16937509360455394 ) ) ;
#310 = AXIS2_PLACEMENT_3D ( 'NONE', #904, #1475, #1080 ) ;
#311 = CARTESIAN_POINT ( 'NONE',  ( 24.07997346808901540, 1.623258439358979288, -6.720916191343392576 ) ) ;
#312 = CARTESIAN_POINT ( 'NONE',  ( -6.561034172343656934, -3.311249899328748469, -29.27467342343722834 ) ) ;
#313 = ORIENTED_EDGE ( 'NONE', *, *, #801, .T. ) ;
#314 = AXIS2_PLACEMENT_3D ( 'NONE', #2514, #1964, #1910 ) ;
#315 = ORIENTED_EDGE ( 'NONE', *, *, #2101, .T. ) ;
#316 = ORIENTED_EDGE ( 'NONE', *, *, #1618, .T. ) ;
#317 = DIRECTION ( 'NONE',  ( 0.000000000000000000, 1.000000000000000000, 0.000000000000000000 ) ) ;
#318 = DATE_TIME_ROLE ( 'creation_date' ) ;
#319 = VERTEX_POINT ( 'NONE', #2007 ) ;
#320 = CARTESIAN_POINT ( 'NONE',  ( -3.272694237875470424, -4.687987732430802801, -24.78533148166305722 ) ) ;
#321 = CARTESIAN_POINT ( 'NONE',  ( -21.57090572488344193, -2.223936864791995927, -20.84974297411701016 ) ) ;
#322 = CIRCLE ( 'NONE', #2262, 7.999999999999996447 ) ;
#323 = CARTESIAN_POINT ( 'NONE',  ( -24.06608508185670914, -4.968334919312709097, 17.91447617804290005 ) ) ;
#324 = CIRCLE ( 'NONE', #2180, 25.00000000000000000 ) ;
#325 = CIRCLE ( 'NONE', #681, 25.00000000000000000 ) ;
#326 = DIRECTION ( 'NONE',  ( 0.2588190451025186301, 0.000000000000000000, 0.9659258262890688673 ) ) ;
#327 = CARTESIAN_POINT ( 'NONE',  ( -7.733135943298258042, -0.6565980043372635633, -28.98624979475989960 ) ) ;
#328 = DIRECTION ( 'NONE',  ( 0.000000000000000000, 1.000000000000000000, 0.000000000000000000 ) ) ;
#329 = ORIENTED_EDGE ( 'NONE', *, *, #1237, .T. ) ;
#330 = EDGE_CURVE ( 'NONE', #1753, #1238, #2285, .T. ) ;
#331 = CARTESIAN_POINT ( 'NONE',  ( 18.75000000000001421, -5.000000000000000000, 32.47595264191643594 ) ) ;
#332 = CARTESIAN_POINT ( 'NONE',  ( 0.000000000000000000, 5.000000000000000000, 0.000000000000000000 ) ) ;
#333 = AXIS2_PLACEMENT_3D ( 'NONE', #943, #2283, #356 ) ;
#334 = CARTESIAN_POINT ( 'NONE',  ( -21.57007874423580773, -2.221826629793930863, 20.85060159201971786 ) ) ;
#335 = PLANE ( 'NONE',  #182 ) ;
#336 = CARTESIAN_POINT ( 'NONE',  ( -5.320855459997132719, -4.343901803587382204, -29.52564815245881746 ) ) ;
#337 = ORIENTED_EDGE ( 'NONE', *, *, #2026, .T. ) ;
#338 = VERTEX_POINT ( 'NONE', #1806 ) ;
#339 = PRODUCT_DEFINITION ( 'UNKNOWN', '', #2161, #2060 ) ;
#340 = CC_DESIGN_APPROVAL ( #1960, ( #1105 ) ) ;
#341 = CARTESIAN_POINT ( 'NONE',  ( -20.48803750630783682, -4.968658103362633582, 14.32980621545015865 ) ) ;
#342 = ADVANCED_FACE ( 'NONE', ( #1792 ), #476, .T. ) ;
#343 = ORIENTED_EDGE ( 'NONE', *, *, #2104, .F. ) ;
#344 = CARTESIAN_POINT ( 'NONE',  ( -5.315179110952858110, 4.347038263699840144, -29.52665693797871072 ) ) ;
#345 = PLANE ( 'NONE',  #2306 ) ;
#346 = FACE_OUTER_BOUND ( 'NONE', #906, .T. ) ;
#347 = CARTESIAN_POINT ( 'NONE',  ( 18.75000000000001421, 10.00000000000000000, 32.47595264191643594 ) ) ;
#348 = CARTESIAN_POINT ( 'NONE',  ( -27.97529114175930331, -5.000000000000000000, 10.83434748998773323 ) ) ;
#349 = CIRCLE ( 'NONE', #1270, 30.00000000000000000 ) ;
#350 = CARTESIAN_POINT ( 'NONE',  ( 18.75000000000001421, 5.000000000000000000, 32.47595264191643594 ) ) ;
#351 = VERTEX_POINT ( 'NONE', #82 ) ;
#352 = ORIENTED_EDGE ( 'NONE', *, *, #1837, .F. ) ;
#353 = VERTEX_POINT ( 'NONE', #1597 ) ;
#354 = DIRECTION ( 'NONE',  ( 0.000000000000000000, 1.000000000000000000, 0.000000000000000000 ) ) ;
#355 = EDGE_CURVE ( 'NONE', #944, #781, #1580, .T. ) ;
#356 = DIRECTION ( 'NONE',  ( 8.881784197001252323E-16, 0.000000000000000000, 1.000000000000000000 ) ) ;
#357 = CC_DESIGN_PERSON_AND_ORGANIZATION_ASSIGNMENT ( #489, #1111, ( #2161 ) ) ;
#358 = EDGE_LOOP ( 'NONE', ( #434, #1112 ) ) ;
#359 = ORIENTED_EDGE ( 'NONE', *, *, #383, .F. ) ;
#360 = EDGE_CURVE ( 'NONE', #730, #1781, #2020, .T. ) ;
#361 = DIRECTION ( 'NONE',  ( -0.000000000000000000, -1.000000000000000000, -0.000000000000000000 ) ) ;
#362 = FACE_BOUND ( 'NONE', #2004, .T. ) ;
#363 = CARTESIAN_POINT ( 'NONE',  ( -37.50000000000000711, -5.000000000000000000, -4.999999999999997335 ) ) ;
#364 = CARTESIAN_POINT ( 'NONE',  ( -17.70079519203650165, -0.6591111073925480790, 17.65463296279973804 ) ) ;
#365 = EDGE_LOOP ( 'NONE', ( #2239, #1906, #438, #1640 ) ) ;
#366 = CARTESIAN_POINT ( 'NONE',  ( 0.000000000000000000, 10.00000000000000000, 0.000000000000000000 ) ) ;
#367 = CYLINDRICAL_SURFACE ( 'NONE', #1210, 8.000000000000000000 ) ;
#368 = ORIENTED_EDGE ( 'NONE', *, *, #1944, .F. ) ;
#369 = CYLINDRICAL_SURFACE ( 'NONE', #630, 25.00000000000000000 ) ;
#370 = DIRECTION ( 'NONE',  ( 0.000000000000000000, 0.000000000000000000, 1.000000000000000000 ) ) ;
#371 = DIRECTION ( 'NONE',  ( 0.000000000000000000, 1.000000000000000000, 0.000000000000000000 ) ) ;
#372 = CARTESIAN_POINT ( 'NONE',  ( 0.000000000000000000, -10.00000000000000000, 0.000000000000000000 ) ) ;
#373 = CARTESIAN_POINT ( 'NONE',  ( 27.27837603890018059, 5.000000000000000000, -12.48559973250609900 ) ) ;
#374 = VECTOR ( 'NONE', #1499, 999.9999999999998863 ) ;
#375 = FACE_OUTER_BOUND ( 'NONE', #541, .T. ) ;
#376 = FACE_BOUND ( 'NONE', #219, .T. ) ;
#377 = CARTESIAN_POINT ( 'NONE',  ( 26.47740661031225429, -10.00000000000000000, 30.40540028109646897 ) ) ;
#378 = ORIENTED_EDGE ( 'NONE', *, *, #1422, .T. ) ;
#379 = AXIS2_PLACEMENT_3D ( 'NONE', #1934, #1342, #554 ) ;
#380 = CARTESIAN_POINT ( 'NONE',  ( -22.91322936595254944, -4.347024308921037417, -19.36642765239649933 ) ) ;
#381 = CARTESIAN_POINT ( 'NONE',  ( 26.47740661031225429, 5.000000000000000000, 30.40540028109646897 ) ) ;
#382 = CARTESIAN_POINT ( 'NONE',  ( 28.63312795836171532, -3.311249899328754687, 8.955314443370918198 ) ) ;
#383 = EDGE_CURVE ( 'NONE', #1695, #676, #1442, .T. ) ;
#384 = CARTESIAN_POINT ( 'NONE',  ( -39.57055236082011618, 5.000000000000000000, 7.727406610312561597 ) ) ;
#385 = CARTESIAN_POINT ( 'NONE',  ( 0.000000000000000000, 5.000000000000000000, 0.000000000000000000 ) ) ;
#386 = B_SPLINE_CURVE_WITH_KNOTS ( 'NONE', 3,
 ( #889, #1471, #900, #515, #910, #491, #1061, #1834, #294, #1674, #921, #344, #1685, #528, #1696, #112, #2488, #679, #101, #1847 ),
 .UNSPECIFIED., .F., .F.,
 ( 4, 2, 2, 2, 2, 2, 2, 2, 2, 4 ),
 ( 0.007894340644349425937, 0.008881111626360328748, 0.009867882608371233294, 0.01085465359038213784, 0.01184142457239304065, 0.01282819555440394346, 0.01381496653641484454, 0.01430835202742029855, 0.01480173751842574908, 0.01578850850043665363 ),
 .UNSPECIFIED. ) ;
#387 = VECTOR ( 'NONE', #1828, 1000.000000000000114 ) ;
#388 = FACE_BOUND ( 'NONE', #358, .T. ) ;
#389 = DIRECTION ( 'NONE',  ( 0.000000000000000000, 0.000000000000000000, -1.000000000000000000 ) ) ;
#390 = DIRECTION ( 'NONE',  ( 0.000000000000000000, 1.000000000000000000, 0.000000000000000000 ) ) ;
#391 = ORIENTED_EDGE ( 'NONE', *, *, #1649, .F. ) ;
#392 = CARTESIAN_POINT ( 'NONE',  ( 18.75000000000001421, -5.000000000000000000, 32.47595264191643594 ) ) ;
#393 = LINE ( 'NONE', #1163, #1510 ) ;
#394 = VECTOR ( 'NONE', #1041, 1000.000000000000000 ) ;
#395 = CARTESIAN_POINT ( 'NONE',  ( 28.97777478861012668, 5.605193857299268284E-42, 7.764571353306716439 ) ) ;
#396 = CARTESIAN_POINT ( 'NONE',  ( 0.000000000000000000, 5.000000000000000000, 0.000000000000000000 ) ) ;
#397 = DIRECTION ( 'NONE',  ( -0.000000000000000000, 1.000000000000000000, -0.000000000000000000 ) ) ;
#398 = VECTOR ( 'NONE', #545, 1000.000000000000000 ) ;
#399 = CARTESIAN_POINT ( 'NONE',  ( 3.061616997868383043E-15, -10.00000000000000000, 25.00000000000000000 ) ) ;
#400 = EDGE_CURVE ( 'NONE', #1538, #664, #96, .T. ) ;
#401 = CARTESIAN_POINT ( 'NONE',  ( 18.75000000000001421, 5.000000000000000000, 32.47595264191643594 ) ) ;
#402 = ORIENTED_EDGE ( 'NONE', *, *, #2281, .F. ) ;
#403 = VECTOR ( 'NONE', #195, 1000.000000000000000 ) ;
#404 = CARTESIAN_POINT ( 'NONE',  ( 27.27837603887609674, 5.000000000000000000, 12.48559973255872713 ) ) ;
#405 = DIRECTION ( 'NONE',  ( 0.000000000000000000, 0.000000000000000000, 1.000000000000000000 ) ) ;
#406 = CARTESIAN_POINT ( 'NONE',  ( -39.57055236082011618, -10.00000000000000000, 7.727406610312561597 ) ) ;
#407 = CARTESIAN_POINT ( 'NONE',  ( 23.79706645348258931, 3.317415002651776579, -7.665093469898502931 ) ) ;
#408 = CARTESIAN_POINT ( 'NONE',  ( -39.57055236082011618, -5.000000000000000000, -7.727406610312554491 ) ) ;
#409 = DIRECTION ( 'NONE',  ( 0.000000000000000000, 1.000000000000000000, 0.000000000000000000 ) ) ;
#410 = DIRECTION ( 'NONE',  ( 0.2588190451025146888, 0.000000000000000000, 0.9659258262890699775 ) ) ;
#411 = CARTESIAN_POINT ( 'NONE',  ( 0.000000000000000000, 5.000000000000000000, 0.000000000000000000 ) ) ;
#412 = LINE ( 'NONE', #1585, #961 ) ;
#413 = ORIENTED_EDGE ( 'NONE', *, *, #1143, .F. ) ;
#414 = EDGE_CURVE ( 'NONE', #1627, #1401, #2427, .T. ) ;
#415 = EDGE_LOOP ( 'NONE', ( #929, #886, #14, #453 ) ) ;
#416 = CARTESIAN_POINT ( 'NONE',  ( -6.470483710671970812, 0.3313656004090701490, 24.14814362533878622 ) ) ;
#417 = EDGE_CURVE ( 'NONE', #665, #676, #2372, .T. ) ;
#418 = CARTESIAN_POINT ( 'NONE',  ( 4.604825411122230427, -5.000000000000000000, -29.64448655202317795 ) ) ;
#419 = VECTOR ( 'NONE', #2202, 1000.000000000000000 ) ;
#420 = DIRECTION ( 'NONE',  ( 0.2588190451025311756, 0.000000000000000000, -0.9659258262890654256 ) ) ;
#421 = CARTESIAN_POINT ( 'NONE',  ( 27.41615675823677378, -5.000000000098188124, 12.18457820743041253 ) ) ;
#422 = CARTESIAN_POINT ( 'NONE',  ( -22.28553390593478767, 5.000000000000000000, 15.21446609406513062 ) ) ;
#423 = DIRECTION ( 'NONE',  ( 1.421085471520200372E-14, 0.000000000000000000, 1.000000000000000000 ) ) ;
#424 = DIRECTION ( 'NONE',  ( 0.9659258262890700886, 0.000000000000000000, 0.2588190451025141336 ) ) ;
#425 = ORIENTED_EDGE ( 'NONE', *, *, #1124, .F. ) ;
#426 = ORIENTED_EDGE ( 'NONE', *, *, #400, .F. ) ;
#427 = EDGE_CURVE ( 'NONE', #1401, #353, #302, .T. ) ;
#428 = CARTESIAN_POINT ( 'NONE',  ( 23.96824393485382743, 2.512343555375335491, 7.110321447945517903 ) ) ;
#429 = EDGE_CURVE ( 'NONE', #1034, #1057, #1260, .T. ) ;
#430 = CARTESIAN_POINT ( 'NONE',  ( -6.108101500124124783, 3.772423783745545212, 29.37251724343900960 ) ) ;
#431 = CARTESIAN_POINT ( 'NONE',  ( 23.65042902182025841, 3.778264046948580202, -8.106246775024134266 ) ) ;
#432 = AXIS2_PLACEMENT_3D ( 'NONE', #1365, #2140, #405 ) ;
#433 = CARTESIAN_POINT ( 'NONE',  ( 24.13975823623284711, -0.6591111073568671763, 6.502021822312348043 ) ) ;
#434 = ORIENTED_EDGE ( 'NONE', *, *, #1277, .T. ) ;
#435 = LINE ( 'NONE', #1015, #1556 ) ;
#436 = CARTESIAN_POINT ( 'NONE',  ( -39.57055236082011618, -5.000000000000000000, 7.727406610312561597 ) ) ;
#437 = CARTESIAN_POINT ( 'NONE',  ( -22.55684261300553217, 3.985602195901602585, 19.78038043736666651 ) ) ;
#438 = ORIENTED_EDGE ( 'NONE', *, *, #1051, .F. ) ;
#439 = ORIENTED_EDGE ( 'NONE', *, *, #1357, .F. ) ;
#440 = CARTESIAN_POINT ( 'NONE',  ( -1.840936068172382534, 5.000000000000258460, 24.93432967906967335 ) ) ;
#441 = CIRCLE ( 'NONE', #286, 5.000000000000101252 ) ;
#442 = B_SPLINE_CURVE_WITH_KNOTS ( 'NONE', 3,
 ( #1811, #2407, #667, #1393, #2220, #85, #862, #1617, #1631, #58, #655, #428, #47, #281, #1201, #73, #1406, #1059, #1602, #2417 ),
 .UNSPECIFIED., .F., .F.,
 ( 4, 2, 2, 2, 2, 2, 2, 2, 2, 4 ),
 ( 0.000000000000000000, 0.0009878871914302345212, 0.001975774382860469042, 0.002963661574290703780, 0.003951548765720938085, 0.004939435957151170654, 0.005927323148581404091, 0.006421266744296519509, 0.006915210340011636661, 0.007903097531441869231 ),
 .UNSPECIFIED. ) ;
#443 = CARTESIAN_POINT ( 'NONE',  ( -6.346216137501298427, 1.138329642503970396, -24.18111997118820611 ) ) ;
#444 = CARTESIAN_POINT ( 'NONE',  ( 18.75000000000001421, 10.00000000000000000, 32.47595264191643594 ) ) ;
#445 = CARTESIAN_POINT ( 'NONE',  ( 27.54666965315323424, 4.968341084410175412, 11.88628167108755385 ) ) ;
#446 = ORIENTED_EDGE ( 'NONE', *, *, #562, .T. ) ;
#447 = CARTESIAN_POINT ( 'NONE',  ( 13.09314575050776241, 5.000000000000000000, -38.13280689140874102 ) ) ;
#448 = CARTESIAN_POINT ( 'NONE',  ( -17.70078496727811057, 0.6590042460721943218, -17.65464319285104011 ) ) ;
#449 = LINE ( 'NONE', #1223, #1290 ) ;
#450 = CARTESIAN_POINT ( 'NONE',  ( -21.39569510048166023, 1.621376656151653384, 21.02950279185144211 ) ) ;
#451 = ORIENTED_EDGE ( 'NONE', *, *, #662, .F. ) ;
#452 = ORIENTED_EDGE ( 'NONE', *, *, #1407, .F. ) ;
#453 = ORIENTED_EDGE ( 'NONE', *, *, #2347, .T. ) ;
#454 = CARTESIAN_POINT ( 'NONE',  ( -6.438977020665586970, 0.6590042460747366215, 24.15665104380257944 ) ) ;
#455 = CALENDAR_DATE ( 2026, 30, 7 ) ;
#456 = FACE_OUTER_BOUND ( 'NONE', #512, .T. ) ;
#457 = DIRECTION ( 'NONE',  ( -0.000000000000000000, 1.000000000000000000, -0.000000000000000000 ) ) ;
#458 = DIRECTION ( 'NONE',  ( 0.2588190451025182970, 0.000000000000000000, -0.9659258262890689783 ) ) ;
#459 = ADVANCED_FACE ( 'NONE', ( #2250 ), #1889, .F. ) ;
#460 = AXIS2_PLACEMENT_3D ( 'NONE', #1797, #851, #2166 ) ;
#461 = EDGE_CURVE ( 'NONE', #2433, #683, #2041, .T. ) ;
#462 = CARTESIAN_POINT ( 'NONE',  ( -19.82836412442234675, 4.687978433871271555, -15.22692224084332047 ) ) ;
#463 = DIRECTION ( 'NONE',  ( 0.9659258262890700886, 0.000000000000000000, 0.2588190451025141336 ) ) ;
#464 = DIRECTION ( 'NONE',  ( 0.000000000000000000, -1.000000000000000000, 0.000000000000000000 ) ) ;
#465 = EDGE_LOOP ( 'NONE', ( #250, #70 ) ) ;
#466 = VERTEX_POINT ( 'NONE', #712 ) ;
#467 = ORIENTED_EDGE ( 'NONE', *, *, #1237, .F. ) ;
#468 =( LENGTH_UNIT ( ) NAMED_UNIT ( * ) SI_UNIT ( .MILLI., .METRE. ) );
#469 = CARTESIAN_POINT ( 'NONE',  ( -7.122405584845371784, 2.509523630050559451, 29.14283028544871357 ) ) ;
#470 = CLOSED_SHELL ( 'NONE', ( #1498, #1795, #1323, #882, #1569, #88, #935, #257, #1930, #125, #342, #660, #2152, #2345, #1274, #1292, #1879, #1700, #459, #1716, #179, #723, #968, #1032, #982, #1355, #796, #1294, #2474, #2290, #274, #156, #1898, #1990, #2260, #710, #1012, #1115, #2475, #2343, #2506, #1331, #1823, #1439, #1469, #1233, #2376, #1526, #1702, #2275, #644, #297, #1755, #1014, #139, #2421 ) ) ;
#471 = AXIS2_PLACEMENT_3D ( 'NONE', #20, #50, #809 ) ;
#472 = CARTESIAN_POINT ( 'NONE',  ( -23.47795490466975465, 4.746158882984371274, -18.67824438546290011 ) ) ;
#473 = CARTESIAN_POINT ( 'NONE',  ( 28.12969960000918590, 4.499610849628776776, 10.43131720594359457 ) ) ;
#474 = ORIENTED_EDGE ( 'NONE', *, *, #1277, .F. ) ;
#475 = CARTESIAN_POINT ( 'NONE',  ( -20.48803198964041528, 4.968657180099651072, -14.32981420653265836 ) ) ;
#476 = CYLINDRICAL_SURFACE ( 'NONE', #1832, 30.00000000000000000 ) ;
#477 = VERTEX_POINT ( 'NONE', #1690 ) ;
#478 = EDGE_LOOP ( 'NONE', ( #446, #991, #474, #1479 ) ) ;
#479 = CARTESIAN_POINT ( 'NONE',  ( 0.000000000000000000, -10.00000000000000000, 0.000000000000000000 ) ) ;
#480 = CARTESIAN_POINT ( 'NONE',  ( -23.09723084449617758, 4.498402197053276375, -19.14703912214203640 ) ) ;
#481 = CARTESIAN_POINT ( 'NONE',  ( 28.40873326293058554, 3.985602193026440698, 9.644608509952941944 ) ) ;
#482 = ORIENTED_EDGE ( 'NONE', *, *, #1683, .F. ) ;
#483 = CARTESIAN_POINT ( 'NONE',  ( -37.50000000000000711, 10.00000000000000000, -4.999999999999997335 ) ) ;
#484 = DIRECTION ( 'NONE',  ( -6.217248937900876626E-15, 0.000000000000000000, 1.000000000000000000 ) ) ;
#485 = VERTEX_POINT ( 'NONE', #928 ) ;
#486 = ORIENTED_EDGE ( 'NONE', *, *, #1495, .T. ) ;
#487 = ORIENTED_EDGE ( 'NONE', *, *, #1013, .T. ) ;
#488 = CC_DESIGN_PERSON_AND_ORGANIZATION_ASSIGNMENT ( #627, #1984, ( #1996 ) ) ;
#489 = PERSON_AND_ORGANIZATION ( #2226, #1387 ) ;
#490 = ORIENTED_EDGE ( 'NONE', *, *, #492, .T. ) ;
#491 = CARTESIAN_POINT ( 'NONE',  ( -7.270927810865747354, 2.223991291806446391, -29.10583043437133810 ) ) ;
#492 = EDGE_CURVE ( 'NONE', #1842, #2481, #253, .T. ) ;
#493 = CARTESIAN_POINT ( 'NONE',  ( -21.32759787161982246, -1.305397446586321619, -21.09828826930109003 ) ) ;
#494 = CARTESIAN_POINT ( 'NONE',  ( -21.21320343559780142, 0.000000000000000000, 21.21320343559504806 ) ) ;
#495 = VECTOR ( 'NONE', #728, 1000.000000000000000 ) ;
#496 = CARTESIAN_POINT ( 'NONE',  ( 24.10566733678237483, 1.306661248761795235, -6.627293336882794428 ) ) ;
#497 = DIRECTION ( 'NONE',  ( 0.000000000000000000, 0.000000000000000000, 1.000000000000000000 ) ) ;
#498 = ORIENTED_EDGE ( 'NONE', *, *, #2490, .T. ) ;
#499 = ORIENTED_EDGE ( 'NONE', *, *, #149, .T. ) ;
#500 = ORIENTED_EDGE ( 'NONE', *, *, #1647, .T. ) ;
#501 = CARTESIAN_POINT ( 'NONE',  ( -22.28553390593478767, -5.000000000000000000, 15.21446609406513062 ) ) ;
#502 = FACE_OUTER_BOUND ( 'NONE', #1768, .T. ) ;
#503 = LINE ( 'NONE', #2091, #2470 ) ;
#504 = EDGE_CURVE ( 'NONE', #1627, #466, #2082, .T. ) ;
#505 = VECTOR ( 'NONE', #1751, 1000.000000000000114 ) ;
#506 = EDGE_CURVE ( 'NONE', #264, #2442, #129, .T. ) ;
#507 = DIRECTION ( 'NONE',  ( 0.000000000000000000, -1.000000000000000000, 0.000000000000000000 ) ) ;
#508 = DIRECTION ( 'NONE',  ( -0.7071067811865455743, 0.000000000000000000, -0.7071067811865495711 ) ) ;
#509 = DIRECTION ( 'NONE',  ( 0.000000000000000000, 0.000000000000000000, 1.000000000000000000 ) ) ;
#510 = ORIENTED_EDGE ( 'NONE', *, *, #21, .T. ) ;
#511 = CIRCLE ( 'NONE', #1601, 8.000000000000000000 ) ;
#512 = EDGE_LOOP ( 'NONE', ( #2071, #313, #1693, #1220 ) ) ;
#513 = CARTESIAN_POINT ( 'NONE',  ( 18.75000000000015632, 5.000000000000000000, -32.47595264191637199 ) ) ;
#514 = DATE_AND_TIME ( #2486, #2457 ) ;
#515 = CARTESIAN_POINT ( 'NONE',  ( -7.607836142870741725, 1.305467688192385900, -29.01939056296540187 ) ) ;
#516 = FACE_OUTER_BOUND ( 'NONE', #478, .T. ) ;
#517 = AXIS2_PLACEMENT_3D ( 'NONE', #974, #1764, #2349 ) ;
#518 = EDGE_CURVE ( 'NONE', #2268, #918, #1703, .T. ) ;
#519 = CARTESIAN_POINT ( 'NONE',  ( -21.21320343559783339, -0.3310706154215355967, 21.21320343559503385 ) ) ;
#520 = VECTOR ( 'NONE', #670, 1000.000000000000000 ) ;
#521 = AXIS2_PLACEMENT_3D ( 'NONE', #2369, #2196, #1408 ) ;
#522 = CARTESIAN_POINT ( 'NONE',  ( 23.85986587023162997, 3.065503081827911647, -7.465978627519004540 ) ) ;
#523 = LINE ( 'NONE', #1295, #1671 ) ;
#524 = VERTEX_POINT ( 'NONE', #1069 ) ;
#525 = ORIENTED_EDGE ( 'NONE', *, *, #553, .F. ) ;
#526 = VERTEX_POINT ( 'NONE', #1107 ) ;
#527 = ORIENTED_EDGE ( 'NONE', *, *, #1810, .T. ) ;
#528 = CARTESIAN_POINT ( 'NONE',  ( -4.580861836956751532, 4.686168713690227250, -29.64858848900157184 ) ) ;
#529 = CARTESIAN_POINT ( 'NONE',  ( -23.38598823470110588, -4.686161852688277563, -18.79145149389449188 ) ) ;
#530 = CARTESIAN_POINT ( 'NONE',  ( -22.90953363620903005, -4.343901806324416803, 19.37082007093841440 ) ) ;
#531 = FACE_OUTER_BOUND ( 'NONE', #573, .T. ) ;
#532 = EDGE_CURVE ( 'NONE', #123, #138, #2236, .T. ) ;
#533 = CIRCLE ( 'NONE', #865, 30.00000000000000355 ) ;
#534 = DIRECTION ( 'NONE',  ( 0.000000000000000000, 0.000000000000000000, 1.000000000000000000 ) ) ;
#535 = VERTEX_POINT ( 'NONE', #1281 ) ;
#536 = ORIENTED_EDGE ( 'NONE', *, *, #1992, .T. ) ;
#537 = DIRECTION ( 'NONE',  ( -0.000000000000000000, -1.000000000000000000, -0.000000000000000000 ) ) ;
#538 = AXIS2_PLACEMENT_3D ( 'NONE', #563, #1530, #588 ) ;
#539 = EDGE_LOOP ( 'NONE', ( #1641, #1843, #425, #780, #1138, #1929, #930, #161, #2023, #2443, #1311, #850, #2213 ) ) ;
#540 = DATE_AND_TIME ( #1505, #981 ) ;
#541 = EDGE_LOOP ( 'NONE', ( #151, #1598, #626, #1018 ) ) ;
#542 = DIRECTION ( 'NONE',  ( 0.000000000000000000, 0.000000000000000000, -1.000000000000000000 ) ) ;
#543 = CARTESIAN_POINT ( 'NONE',  ( 27.27837603890018059, -5.000000000000000000, -12.48559973250609900 ) ) ;
#544 = PLANE ( 'NONE',  #1040 ) ;
#545 = DIRECTION ( 'NONE',  ( 0.000000000000000000, -1.000000000000000000, 0.000000000000000000 ) ) ;
#546 = AXIS2_PLACEMENT_3D ( 'NONE', #1172, #964, #1348 ) ;
#547 = DIRECTION ( 'NONE',  ( 0.7071067811865496822, 0.000000000000000000, 0.7071067811865455743 ) ) ;
#548 = ORIENTED_EDGE ( 'NONE', *, *, #720, .F. ) ;
#549 = ORIENTED_EDGE ( 'NONE', *, *, #1388, .T. ) ;
#550 = CARTESIAN_POINT ( 'NONE',  ( -39.57055236082011618, -5.000000000000000000, 7.727406610312561597 ) ) ;
#551 = VECTOR ( 'NONE', #2183, 999.9999999999998863 ) ;
#552 = DIRECTION ( 'NONE',  ( 0.9659258262890655367, -0.000000000000000000, 0.2588190451025312311 ) ) ;
#553 = EDGE_CURVE ( 'NONE', #291, #1419, #1226, .T. ) ;
#554 = DIRECTION ( 'NONE',  ( 0.000000000000000000, 0.000000000000000000, -1.000000000000000000 ) ) ;
#555 = CARTESIAN_POINT ( 'NONE',  ( 23.56546008866140696, 3.988873209150429311, -8.351290486167394889 ) ) ;
#556 = AXIS2_PLACEMENT_3D ( 'NONE', #2001, #267, #75 ) ;
#557 = DIRECTION ( 'NONE',  ( -0.000000000000000000, 1.000000000000000000, -0.000000000000000000 ) ) ;
#558 = VERTEX_POINT ( 'NONE', #1512 ) ;
#559 = FACE_OUTER_BOUND ( 'NONE', #1421, .T. ) ;
#560 = CARTESIAN_POINT ( 'NONE',  ( 0.000000000000000000, 10.00000000000000000, 0.000000000000000000 ) ) ;
#561 = CARTESIAN_POINT ( 'NONE',  ( -2.167755506424931422, -4.968651987571300666, 24.90795075188527008 ) ) ;
#562 = EDGE_CURVE ( 'NONE', #265, #2230, #1581, .T. ) ;
#563 = CARTESIAN_POINT ( 'NONE',  ( -37.50000000000000711, 5.000000000000000000, 0.000000000000000000 ) ) ;
#564 = EDGE_CURVE ( 'NONE', #1574, #829, #647, .T. ) ;
#565 = CIRCLE ( 'NONE', #1862, 30.00000000000000000 ) ;
#566 = CARTESIAN_POINT ( 'NONE',  ( 28.79964222354954728, -2.509474265438094154, 8.403203303249821232 ) ) ;
#567 = EDGE_CURVE ( 'NONE', #1490, #1238, #523, .T. ) ;
#568 = DIRECTION ( 'NONE',  ( 0.000000000000000000, 0.000000000000000000, 1.000000000000000000 ) ) ;
#569 = LINE ( 'NONE', #2361, #72 ) ;
#570 = AXIS2_PLACEMENT_3D ( 'NONE', #949, #1134, #1923 ) ;
#571 = CYLINDRICAL_SURFACE ( 'NONE', #2184, 7.999999999999996447 ) ;
#572 = CARTESIAN_POINT ( 'NONE',  ( 26.47740661031225429, 10.00000000000000000, 30.40540028109646897 ) ) ;
#573 = EDGE_LOOP ( 'NONE', ( #1902, #1335, #1084, #1458 ) ) ;
#574 = ORIENTED_EDGE ( 'NONE', *, *, #1264, .T. ) ;
#575 = LINE ( 'NONE', #543, #1931 ) ;
#576 = DIRECTION ( 'NONE',  ( 0.9659258262890700886, 0.000000000000000000, 0.2588190451025141336 ) ) ;
#577 = CARTESIAN_POINT ( 'NONE',  ( 28.94433634965380975, -1.136913459939249416, 7.888371850296281629 ) ) ;
#578 = EDGE_CURVE ( 'NONE', #1562, #1306, #915, .T. ) ;
#579 = LINE ( 'NONE', #1168, #897 ) ;
#580 = CARTESIAN_POINT ( 'NONE',  ( 18.75000000000015632, 5.000000000000000000, -32.47595264191637199 ) ) ;
#581 = AXIS2_PLACEMENT_3D ( 'NONE', #992, #1364, #2138 ) ;
#582 = DIRECTION ( 'NONE',  ( 0.2588190451025141336, 0.000000000000000000, -0.9659258262890700886 ) ) ;
#583 = CYLINDRICAL_SURFACE ( 'NONE', #1949, 5.000000000000101252 ) ;
#584 = ORIENTED_EDGE ( 'NONE', *, *, #2072, .T. ) ;
#585 = EDGE_LOOP ( 'NONE', ( #2084, #490, #885, #1351 ) ) ;
#586 = DIRECTION ( 'NONE',  ( 0.000000000000000000, 0.000000000000000000, 1.000000000000000000 ) ) ;
#587 = CARTESIAN_POINT ( 'NONE',  ( -1.510116830706013102, 5.000000000000000000, 24.95434926335725123 ) ) ;
#588 = DIRECTION ( 'NONE',  ( 0.000000000000000000, -0.000000000000000000, 1.000000000000000000 ) ) ;
#589 = CIRCLE ( 'NONE', #1688, 30.00000000000000000 ) ;
#590 = EDGE_CURVE ( 'NONE', #2111, #1227, #817, .T. ) ;
#591 = CARTESIAN_POINT ( 'NONE',  ( -17.76835611808091642, 1.138329642432147626, 17.58654437875545540 ) ) ;
#592 = EDGE_CURVE ( 'NONE', #611, #730, #1467, .T. ) ;
#593 = DIRECTION ( 'NONE',  ( 0.000000000000000000, 1.000000000000000000, 0.000000000000000000 ) ) ;
#594 = DIRECTION ( 'NONE',  ( 0.000000000000000000, 0.000000000000000000, 1.000000000000000000 ) ) ;
#595 = AXIS2_PLACEMENT_3D ( 'NONE', #5, #969, #2077 ) ;
#596 = DIRECTION ( 'NONE',  ( 0.000000000000000000, 0.000000000000000000, 1.000000000000000000 ) ) ;
#597 = CARTESIAN_POINT ( 'NONE',  ( 23.37046573063729227, 5.000000000000000000, -18.81013906203534347 ) ) ;
#598 = FACE_OUTER_BOUND ( 'NONE', #1708, .T. ) ;
#599 = ORIENTED_EDGE ( 'NONE', *, *, #685, .F. ) ;
#600 = EDGE_LOOP ( 'NONE', ( #2, #1340, #1858, #1588 ) ) ;
#601 = AXIS2_PLACEMENT_3D ( 'NONE', #745, #1125, #1941 ) ;
#602 = CARTESIAN_POINT ( 'NONE',  ( -6.307635998563612567, -1.297383352742184970, 24.19123861098632844 ) ) ;
#603 = DIRECTION ( 'NONE',  ( 0.000000000000000000, 0.000000000000000000, 1.000000000000000000 ) ) ;
#604 = DIRECTION ( 'NONE',  ( 0.000000000000000000, 0.000000000000000000, 1.000000000000000000 ) ) ;
#605 = CARTESIAN_POINT ( 'NONE',  ( -18.84354650921977736, 3.775768441557342037, 16.43090643595646938 ) ) ;
#606 = CARTESIAN_POINT ( 'NONE',  ( -37.50000000000000711, 5.000000000000000000, -4.999999999999997335 ) ) ;
#607 = FACE_OUTER_BOUND ( 'NONE', #539, .T. ) ;
#608 = CARTESIAN_POINT ( 'NONE',  ( -24.45203457343825448, -5.000000000000000000, -17.38096675157571980 ) ) ;
#609 = CARTESIAN_POINT ( 'NONE',  ( 28.96939392763088961, 0.6566759220640210337, -7.796042885652449961 ) ) ;
#610 = CARTESIAN_POINT ( 'NONE',  ( 0.000000000000000000, 5.000000000000000000, 0.000000000000000000 ) ) ;
#611 = VERTEX_POINT ( 'NONE', #776 ) ;
#612 = EDGE_CURVE ( 'NONE', #1615, #2521, #1787, .T. ) ;
#613 = ORIENTED_EDGE ( 'NONE', *, *, #142, .T. ) ;
#614 = ORIENTED_EDGE ( 'NONE', *, *, #355, .T. ) ;
#615 = MECHANICAL_CONTEXT ( 'NONE', #1228, 'mechanical' ) ;
#616 = AXIS2_PLACEMENT_3D ( 'NONE', #623, #464, #2188 ) ;
#617 = CARTESIAN_POINT ( 'NONE',  ( -6.214857567972104313, 1.612460202123307873, -24.21523988322454457 ) ) ;
#618 = CARTESIAN_POINT ( 'NONE',  ( -37.50000000000000711, -5.000000000000000000, -4.999999999999997335 ) ) ;
#619 = CARTESIAN_POINT ( 'NONE',  ( -37.50000000000000711, 10.00000000000000000, 0.000000000000000000 ) ) ;
#620 = DIRECTION ( 'NONE',  ( 0.2588190451025217942, 0.000000000000000000, -0.9659258262890679791 ) ) ;
#621 = DIRECTION ( 'NONE',  ( 0.000000000000000000, -1.000000000000000000, 0.000000000000000000 ) ) ;
#622 = CARTESIAN_POINT ( 'NONE',  ( 28.93545255467369159, -1.305397445729448824, -7.921097419188335209 ) ) ;
#623 = CARTESIAN_POINT ( 'NONE',  ( -37.50000000000000711, -5.000000000000000000, 0.000000000000000000 ) ) ;
#624 = ORIENTED_EDGE ( 'NONE', *, *, #1000, .T. ) ;
#625 = CIRCLE ( 'NONE', #581, 30.00000000000000000 ) ;
#626 = ORIENTED_EDGE ( 'NONE', *, *, #1254, .T. ) ;
#627 = PERSON_AND_ORGANIZATION ( #2226, #1387 ) ;
#628 = CARTESIAN_POINT ( 'NONE',  ( -7.640621583300681863, 1.136984887037618686, 29.01072076186831339 ) ) ;
#629 = FACE_OUTER_BOUND ( 'NONE', #104, .T. ) ;
#630 = AXIS2_PLACEMENT_3D ( 'NONE', #1329, #361, #1353 ) ;
#631 = CARTESIAN_POINT ( 'NONE',  ( 22.91618247828769128, -4.836667424238056512, 9.993674182216389923 ) ) ;
#632 = ORIENTED_EDGE ( 'NONE', *, *, #744, .F. ) ;
#633 = CARTESIAN_POINT ( 'NONE',  ( -17.67767508618693384, -0.3316024745724966416, -17.67766397314045435 ) ) ;
#634 = CARTESIAN_POINT ( 'NONE',  ( 27.73239777725777344, -4.874553039624461626, -11.44289252347909702 ) ) ;
#635 = VECTOR ( 'NONE', #1397, 1000.000000000000114 ) ;
#636 = AXIS2_PLACEMENT_3D ( 'NONE', #2027, #284, #127 ) ;
#637 = DIRECTION ( 'NONE',  ( -0.9659258262890699775, -0.000000000000000000, 0.2588190451025146888 ) ) ;
#638 = ORIENTED_EDGE ( 'NONE', *, *, #1446, .T. ) ;
#639 = ORIENTED_EDGE ( 'NONE', *, *, #39, .F. ) ;
#640 = APPROVAL_ROLE ( '' ) ;
#641 = VECTOR ( 'NONE', #2446, 1000.000000000000000 ) ;
#642 = EDGE_CURVE ( 'NONE', #676, #1197, #2348, .T. ) ;
#643 = CARTESIAN_POINT ( 'NONE',  ( -6.105374712068457832, -3.774856574495971451, 29.37308571590841311 ) ) ;
#644 = ADVANCED_FACE ( 'NONE', ( #168 ), #938, .F. ) ;
#645 = CARTESIAN_POINT ( 'NONE',  ( 18.75000000000015632, -10.00000000000000000, -32.47595264191637199 ) ) ;
#646 = CARTESIAN_POINT ( 'NONE',  ( -6.339745961905310701, 0.000000000000000000, -23.66025403783559611 ) ) ;
#647 = B_SPLINE_CURVE_WITH_KNOTS ( 'NONE', 3,
 ( #1841, #1680, #2292, #120, #1654, #741, #336, #1463, #2093, #312, #894, #2440, #2466, #2266, #2238, #1476, #2055, #327, #1097, #1865 ),
 .UNSPECIFIED., .F., .F.,
 ( 4, 2, 2, 2, 2, 2, 2, 2, 2, 4 ),
 ( 0.000000000000000000, 0.0009867925805436767242, 0.001973585161087354749, 0.002960377741631032341, 0.003947170322174710366, 0.004933962902718388825, 0.005920755483262066417, 0.006414151773533906947, 0.006907548063805745743, 0.007894340644349425937 ),
 .UNSPECIFIED. ) ;
#648 = ORIENTED_EDGE ( 'NONE', *, *, #1096, .F. ) ;
#649 = CARTESIAN_POINT ( 'NONE',  ( -19.92364046985249715, 4.743040772020256313, -15.10210230970585243 ) ) ;
#650 = CARTESIAN_POINT ( 'NONE',  ( 27.90979579670718991, -4.741452927442826315, -11.00309722050634065 ) ) ;
#651 = DIRECTION ( 'NONE',  ( 0.000000000000000000, -1.000000000000000000, 0.000000000000000000 ) ) ;
#652 = ORIENTED_EDGE ( 'NONE', *, *, #1937, .T. ) ;
#653 = VERTEX_POINT ( 'NONE', #1369 ) ;
#654 = ORIENTED_EDGE ( 'NONE', *, *, #578, .T. ) ;
#655 = CARTESIAN_POINT ( 'NONE',  ( 23.86175012616690339, 3.057022949362746989, 7.459910812479249032 ) ) ;
#656 = CARTESIAN_POINT ( 'NONE',  ( -7.272084915382913906, 2.221880978872615930, 29.10554355033687912 ) ) ;
#657 = CARTESIAN_POINT ( 'NONE',  ( 28.90993119702294578, 1.621376654488705382, 8.014464092414216978 ) ) ;
#658 = AXIS2_PLACEMENT_3D ( 'NONE', #2342, #1378, #2156 ) ;
#659 = EDGE_LOOP ( 'NONE', ( #451, #673, #391, #2495, #1563, #1500, #2252, #1729, #832, #1608, #1187, #1256, #482, #148 ) ) ;
#660 = ADVANCED_FACE ( 'NONE', ( #752 ), #1738, .F. ) ;
#661 = DIRECTION ( 'NONE',  ( -0.000000000000000000, -1.000000000000000000, 0.000000000000000000 ) ) ;
#662 = EDGE_CURVE ( 'NONE', #1855, #688, #565, .T. ) ;
#663 = CARTESIAN_POINT ( 'NONE',  ( -23.77604195521126584, 4.874555777066328588, 18.29550502665061273 ) ) ;
#664 = VERTEX_POINT ( 'NONE', #25 ) ;
#665 = VERTEX_POINT ( 'NONE', #2304 ) ;
#666 = ORIENTED_EDGE ( 'NONE', *, *, #1079, .T. ) ;
#667 = CARTESIAN_POINT ( 'NONE',  ( 22.65480004562758509, 4.968651063119302158, 10.57663521874329859 ) ) ;
#668 = CARTESIAN_POINT ( 'NONE',  ( -4.425936185084881735, -4.741452927442820098, 29.67214078463779359 ) ) ;
#669 = VECTOR ( 'NONE', #2126, 1000.000000000000000 ) ;
#670 = DIRECTION ( 'NONE',  ( 0.000000000000000000, -1.000000000000000000, 0.000000000000000000 ) ) ;
#671 = CARTESIAN_POINT ( 'NONE',  ( 27.96686173630472183, 4.686168713690226362, 10.85715152246931758 ) ) ;
#672 = EDGE_CURVE ( 'NONE', #291, #485, #579, .T. ) ;
#673 = ORIENTED_EDGE ( 'NONE', *, *, #243, .F. ) ;
#674 = DIRECTION ( 'NONE',  ( 8.881784197001252323E-16, 0.000000000000000000, 1.000000000000000000 ) ) ;
#675 = CARTESIAN_POINT ( 'NONE',  ( -24.26025257955793535, 5.000000000517149878, 17.65077107329370421 ) ) ;
#676 = VERTEX_POINT ( 'NONE', #2144 ) ;
#677 = ORIENTED_EDGE ( 'NONE', *, *, #1635, .T. ) ;
#678 = VERTEX_POINT ( 'NONE', #1334 ) ;
#679 = CARTESIAN_POINT ( 'NONE',  ( -3.479512942877169390, 4.968341084410177189, -29.79925654483238162 ) ) ;
#680 = CARTESIAN_POINT ( 'NONE',  ( -21.33170118008620619, 1.295748700610934279, -21.09409420559081383 ) ) ;
#681 = AXIS2_PLACEMENT_3D ( 'NONE', #1915, #183, #953 ) ;
#682 = LINE ( 'NONE', #1025, #1199 ) ;
#683 = VERTEX_POINT ( 'NONE', #1571 ) ;
#684 = CARTESIAN_POINT ( 'NONE',  ( -39.57055236082011618, 10.00000000000000000, 7.727406610312561597 ) ) ;
#685 = EDGE_CURVE ( 'NONE', #477, #1998, #788, .T. ) ;
#686 = CARTESIAN_POINT ( 'NONE',  ( -39.57055236082011618, -5.000000000000000000, -7.727406610312554491 ) ) ;
#687 = ORIENTED_EDGE ( 'NONE', *, *, #672, .F. ) ;
#688 = VERTEX_POINT ( 'NONE', #1359 ) ;
#689 = ORIENTED_EDGE ( 'NONE', *, *, #1037, .T. ) ;
#690 = EDGE_CURVE ( 'NONE', #1057, #664, #1533, .T. ) ;
#691 = APPROVAL_ROLE ( '' ) ;
#692 = ORIENTED_EDGE ( 'NONE', *, *, #672, .T. ) ;
#693 = CARTESIAN_POINT ( 'NONE',  ( -6.438963044032900207, -0.6591111073568658441, -24.15665478494851115 ) ) ;
#694 = CARTESIAN_POINT ( 'NONE',  ( -21.23626815509649290, 0.6566759220866889013, -21.19020962742051850 ) ) ;
#695 = DIRECTION ( 'NONE',  ( -0.7071067811865455743, -0.000000000000000000, -0.7071067811865495711 ) ) ;
#696 = AXIS2_PLACEMENT_3D ( 'NONE', #350, #1489, #534 ) ;
#697 = CARTESIAN_POINT ( 'NONE',  ( 24.01141802535759240, -2.224509430672942045, -6.961879530796712068 ) ) ;
#698 = DIRECTION ( 'NONE',  ( 0.7071067811865459074, 0.000000000000000000, -0.7071067811865491270 ) ) ;
#699 = DIRECTION ( 'NONE',  ( 0.000000000000000000, 0.000000000000000000, 1.000000000000000000 ) ) ;
#700 = VERTEX_POINT ( 'NONE', #2516 ) ;
#701 = EDGE_LOOP ( 'NONE', ( #2455, #306 ) ) ;
#702 = VERTEX_POINT ( 'NONE', #606 ) ;
#703 = CALENDAR_DATE ( 2026, 30, 7 ) ;
#704 = ORIENTED_EDGE ( 'NONE', *, *, #2066, .T. ) ;
#705 = CARTESIAN_POINT ( 'NONE',  ( -4.010769546600854163, -4.349888252563539837, -24.67769616763441931 ) ) ;
#706 = CARTESIAN_POINT ( 'NONE',  ( -21.23625655469993134, -0.6582763960865434250, -21.19022431242800053 ) ) ;
#707 = B_SPLINE_CURVE_WITH_KNOTS ( 'NONE', 3,
 ( #947, #421, #1166, #1568, #228, #999, #9, #1723, #1532, #382, #2316, #566, #2331, #2118, #1368, #2143, #577, #2130, #1760, #395 ),
 .UNSPECIFIED., .F., .F.,
 ( 4, 2, 2, 2, 2, 2, 2, 2, 2, 4 ),
 ( 0.000000000000000000, 0.0009867925805436806273, 0.001973585161087361255, 0.002960377741631041882, 0.003947170322174722509, 0.004933962902718402703, 0.005920755483262083764, 0.006414151773533923427, 0.006907548063805762223, 0.007894340644349441549 ),
 .UNSPECIFIED. ) ;
#708 = CARTESIAN_POINT ( 'NONE',  ( 18.75000000000015632, -5.000000000000000000, -27.47595264191637199 ) ) ;
#709 = AXIS2_PLACEMENT_3D ( 'NONE', #1511, #1293, #326 ) ;
#710 = ADVANCED_FACE ( 'NONE', ( #2319 ), #1557, .F. ) ;
#711 = CARTESIAN_POINT ( 'NONE',  ( 23.96823276820535042, -2.512410764282419606, -7.110359128255183236 ) ) ;
#712 = CARTESIAN_POINT ( 'NONE',  ( -39.57055236082011618, 5.000000000000000000, -7.727406610312554491 ) ) ;
#713 = ORIENTED_EDGE ( 'NONE', *, *, #2072, .F. ) ;
#714 = VECTOR ( 'NONE', #371, 1000.000000000000000 ) ;
#715 = ORIENTED_EDGE ( 'NONE', *, *, #293, .F. ) ;
#716 = CARTESIAN_POINT ( 'NONE',  ( -18.39568860753310631, -3.065556868176691374, 16.93022968539342088 ) ) ;
#717 = DATE_AND_TIME ( #1271, #2289 ) ;
#718 = CARTESIAN_POINT ( 'NONE',  ( -6.470476127335343719, -0.3314804394944277366, -24.14814565728771001 ) ) ;
#719 = CARTESIAN_POINT ( 'NONE',  ( -24.06608933110219439, 4.968335607088930850, -17.91447040696731108 ) ) ;
#720 = EDGE_CURVE ( 'NONE', #263, #134, #1181, .T. ) ;
#721 = PLANE ( 'NONE',  #271 ) ;
#722 = AXIS2_PLACEMENT_3D ( 'NONE', #2265, #2049, #1645 ) ;
#723 = ADVANCED_FACE ( 'NONE', ( #986 ), #214, .T. ) ;
#724 = EDGE_CURVE ( 'NONE', #1074, #2070, #2530, .T. ) ;
#725 = AXIS2_PLACEMENT_3D ( 'NONE', #331, #1102, #542 ) ;
#726 = CARTESIAN_POINT ( 'NONE',  ( 24.13975261042269693, -0.6575302291939864041, -6.502033061148797088 ) ) ;
#727 = FACE_OUTER_BOUND ( 'NONE', #174, .T. ) ;
#728 = DIRECTION ( 'NONE',  ( 0.000000000000000000, 1.000000000000000000, 0.000000000000000000 ) ) ;
#729 = ORIENTED_EDGE ( 'NONE', *, *, #1381, .T. ) ;
#730 = VERTEX_POINT ( 'NONE', #798 ) ;
#731 = ORIENTED_EDGE ( 'NONE', *, *, #2129, .T. ) ;
#732 = DIRECTION ( 'NONE',  ( 0.000000000000000000, 1.000000000000000000, 0.000000000000000000 ) ) ;
#733 = CARTESIAN_POINT ( 'NONE',  ( -24.45203457394134361, 5.000000000000000000, 17.38096675086794818 ) ) ;
#734 = APPROVAL_ROLE ( '' ) ;
#735 = CARTESIAN_POINT ( 'NONE',  ( -6.470476127331677318, 0.000000000000000000, -24.14814565728869411 ) ) ;
#736 = CARTESIAN_POINT ( 'NONE',  ( -24.45203457343825448, -5.000000000000000000, -17.38096675157571980 ) ) ;
#737 = CARTESIAN_POINT ( 'NONE',  ( -21.92759661995495435, -3.053730301132060010, 20.47470938579791877 ) ) ;
#738 = EDGE_CURVE ( 'NONE', #1977, #1691, #2386, .T. ) ;
#739 = CARTESIAN_POINT ( 'NONE',  ( 24.11456624187020026, -1.138426924241797700, -6.594597597399278754 ) ) ;
#740 = CIRCLE ( 'NONE', #94, 25.00000000000000000 ) ;
#741 = CARTESIAN_POINT ( 'NONE',  ( -5.033229156357572620, -4.498391415101399282, -29.57630446426729875 ) ) ;
#742 = ORIENTED_EDGE ( 'NONE', *, *, #259, .T. ) ;
#743 = ORIENTED_EDGE ( 'NONE', *, *, #105, .T. ) ;
#744 = EDGE_CURVE ( 'NONE', #1538, #2271, #2406, .T. ) ;
#745 = CARTESIAN_POINT ( 'NONE',  ( 0.000000000000000000, 10.00000000000000000, 0.000000000000000000 ) ) ;
#746 = AXIS2_PLACEMENT_3D ( 'NONE', #1543, #983, #1757 ) ;
#747 = CARTESIAN_POINT ( 'NONE',  ( -19.82837958521322363, -4.687987732323104062, 15.22690208989470229 ) ) ;
#748 = ORIENTED_EDGE ( 'NONE', *, *, #642, .T. ) ;
#749 = LINE ( 'NONE', #1933, #1607 ) ;
#750 = DIRECTION ( 'NONE',  ( 0.000000000000000000, 1.000000000000000000, 0.000000000000000000 ) ) ;
#751 = DIRECTION ( 'NONE',  ( 0.000000000000000000, -1.000000000000000000, 0.000000000000000000 ) ) ;
#752 = FACE_OUTER_BOUND ( 'NONE', #1324, .T. ) ;
#753 = ORIENTED_EDGE ( 'NONE', *, *, #1622, .T. ) ;
#754 = B_SPLINE_CURVE_WITH_KNOTS ( 'NONE', 3,
 ( #883, #144, #2477, #1279, #130, #893, #1664, #2276, #2452, #2039, #1651, #711, #697, #301, #1462, #1887, #739, #726, #1497, #1068, #2439, #496, #311, #2053, #2264, #522, #407, #431, #555, #2357, #1520, #2303, #1785, #226, #795, #1179, #998, #1395 ),
 .UNSPECIFIED., .F., .F.,
 ( 4, 2, 2, 2, 2, 2, 2, 2, 2, 2, 2, 2, 2, 2, 2, 2, 2, 2, 4 ),
 ( 0.000000000000000000, 0.0009878724847365619698, 0.001975744969473123940, 0.002963617454209685909, 0.003951489938946247879, 0.004939362423682809415, 0.005927234908419371819, 0.006421171150787653888, 0.006915107393155935957, 0.007902979877892499228, 0.008890852362629063366, 0.009878724847365625769, 0.01086659733210218991, 0.01185446981683875405, 0.01284234230157531645, 0.01383021478631187885, 0.01432415102868015745, 0.01481808727104843605, 0.01580595975578500192 ),
 .UNSPECIFIED. ) ;
#755 = ORIENTED_EDGE ( 'NONE', *, *, #1140, .T. ) ;
#756 = CC_DESIGN_PERSON_AND_ORGANIZATION_ASSIGNMENT ( #1868, #2046, ( #339 ) ) ;
#757 = AXIS2_PLACEMENT_3D ( 'NONE', #347, #328, #775 ) ;
#758 = CARTESIAN_POINT ( 'NONE',  ( 0.000000000000000000, 5.000000000000000000, 0.000000000000000000 ) ) ;
#759 = DIRECTION ( 'NONE',  ( -0.000000000000000000, 1.000000000000000000, -0.000000000000000000 ) ) ;
#760 = PLANE ( 'NONE',  #135 ) ;
#761 = VECTOR ( 'NONE', #205, 1000.000000000000000 ) ;
#762 = AXIS2_PLACEMENT_3D ( 'NONE', #1191, #1799, #60 ) ;
#763 = CARTESIAN_POINT ( 'NONE',  ( -17.70079196536526212, 0.6574241051536294789, 17.65463262428240299 ) ) ;
#764 = VECTOR ( 'NONE', #1113, 1000.000000000000114 ) ;
#765 = CARTESIAN_POINT ( 'NONE',  ( 13.09314575050776241, -10.00000000000000000, -38.13280689140874102 ) ) ;
#766 = DIRECTION ( 'NONE',  ( 0.000000000000000000, -1.000000000000000000, 0.000000000000000000 ) ) ;
#767 = CARTESIAN_POINT ( 'NONE',  ( 4.604825411121821865, -10.00000000000000000, 29.64448655202324545 ) ) ;
#768 = DIRECTION ( 'NONE',  ( 0.000000000000000000, 0.000000000000000000, 1.000000000000000000 ) ) ;
#769 = EDGE_LOOP ( 'NONE', ( #2075, #208, #1127, #919 ) ) ;
#770 = ORIENTED_EDGE ( 'NONE', *, *, #1583, .T. ) ;
#771 = CARTESIAN_POINT ( 'NONE',  ( 23.37046573063702937, -10.00000000000000000, 18.81013906203566677 ) ) ;
#772 = LINE ( 'NONE', #1354, #1873 ) ;
#773 = AXIS2_PLACEMENT_3D ( 'NONE', #973, #1748, #1763 ) ;
#774 = EDGE_CURVE ( 'NONE', #1490, #1403, #899, .T. ) ;
#775 = DIRECTION ( 'NONE',  ( 0.000000000000000000, 0.000000000000000000, 1.000000000000000000 ) ) ;
#776 = CARTESIAN_POINT ( 'NONE',  ( -1.510116830344377492, -5.000000000000000000, -24.95434926337913595 ) ) ;
#777 = DIRECTION ( 'NONE',  ( 0.9659258262890699775, 0.000000000000000000, -0.2588190451025146888 ) ) ;
#778 = ORIENTED_EDGE ( 'NONE', *, *, #277, .F. ) ;
#779 = FACE_OUTER_BOUND ( 'NONE', #1667, .T. ) ;
#780 = ORIENTED_EDGE ( 'NONE', *, *, #814, .F. ) ;
#781 = VERTEX_POINT ( 'NONE', #733 ) ;
#782 = ORIENTED_EDGE ( 'NONE', *, *, #1154, .T. ) ;
#783 = EDGE_CURVE ( 'NONE', #730, #2224, #1663, .T. ) ;
#784 = DIRECTION ( 'NONE',  ( -0.2588190451025136896, 0.000000000000000000, -0.9659258262890701996 ) ) ;
#785 = VECTOR ( 'NONE', #2208, 1000.000000000000000 ) ;
#786 = CARTESIAN_POINT ( 'NONE',  ( -39.57055236082011618, -5.000000000000000000, -7.727406610312554491 ) ) ;
#787 = CARTESIAN_POINT ( 'NONE',  ( -20.10837894004675519, 4.842425626577310460, 14.85793639982384562 ) ) ;
#788 = LINE ( 'NONE', #384, #2448 ) ;
#789 = CARTESIAN_POINT ( 'NONE',  ( 0.000000000000000000, 5.000000000000000000, 0.000000000000000000 ) ) ;
#790 = VECTOR ( 'NONE', #751, 1000.000000000000000 ) ;
#791 = CARTESIAN_POINT ( 'NONE',  ( 28.40874256277460574, -3.985580549585489685, -9.644581172564588911 ) ) ;
#792 = ORIENTED_EDGE ( 'NONE', *, *, #1371, .F. ) ;
#793 = VERTEX_POINT ( 'NONE', #2498 ) ;
#794 = PLANE ( 'NONE',  #538 ) ;
#795 = CARTESIAN_POINT ( 'NONE',  ( 22.85209097888667884, 4.875471924013353053, -10.13941297084307536 ) ) ;
#796 = ADVANCED_FACE ( 'NONE', ( #2098 ), #367, .T. ) ;
#797 = CARTESIAN_POINT ( 'NONE',  ( 23.37046573063729227, 5.000000000000000000, -18.81013906203535058 ) ) ;
#798 = CARTESIAN_POINT ( 'NONE',  ( 0.000000000000000000, -5.000000000000000000, -25.00000000000000000 ) ) ;
#799 = DIRECTION ( 'NONE',  ( 0.000000000000000000, 0.000000000000000000, 1.000000000000000000 ) ) ;
#800 = CARTESIAN_POINT ( 'NONE',  ( 27.79760155726033943, 4.841242025255756865, -11.28708347264272760 ) ) ;
#801 = EDGE_CURVE ( 'NONE', #121, #263, #1818, .T. ) ;
#802 = CARTESIAN_POINT ( 'NONE',  ( 23.66025403771168456, 0.000000000000000000, 6.339745962367755006 ) ) ;
#803 = ORIENTED_EDGE ( 'NONE', *, *, #1988, .T. ) ;
#804 = ORIENTED_EDGE ( 'NONE', *, *, #1309, .F. ) ;
#805 = DIRECTION ( 'NONE',  ( 0.000000000000000000, 0.000000000000000000, 1.000000000000000000 ) ) ;
#806 = CARTESIAN_POINT ( 'NONE',  ( -2.645056277231553565, 4.875471924013353053, 24.86019780273063873 ) ) ;
#807 =( NAMED_UNIT ( * ) SI_UNIT ( $, .STERADIAN. ) SOLID_ANGLE_UNIT ( ) );
#808 = CARTESIAN_POINT ( 'NONE',  ( -7.733125775847203620, 0.6566759220640195904, 28.98625251639330003 ) ) ;
#809 = DIRECTION ( 'NONE',  ( 0.000000000000000000, 0.000000000000000000, 1.000000000000000000 ) ) ;
#810 = CARTESIAN_POINT ( 'NONE',  ( -19.36251757803237794, 4.346793049127957609, 15.81672247393306741 ) ) ;
#811 = LINE ( 'NONE', #422, #635 ) ;
#812 = DIRECTION ( 'NONE',  ( 0.000000000000000000, 1.000000000000000000, 0.000000000000000000 ) ) ;
#813 = CARTESIAN_POINT ( 'NONE',  ( 28.23038045380031846, 4.343916154348335112, -10.15485205330338481 ) ) ;
#814 = EDGE_CURVE ( 'NONE', #829, #526, #386, .T. ) ;
#815 = CARTESIAN_POINT ( 'NONE',  ( -21.67927603781731705, 2.514908475583683245, 20.73747412854314121 ) ) ;
#816 = VERTEX_POINT ( 'NONE', #1090 ) ;
#817 = CIRCLE ( 'NONE', #1142, 4.999999999999997335 ) ;
#818 = ORIENTED_EDGE ( 'NONE', *, *, #839, .T. ) ;
#819 = ORIENTED_EDGE ( 'NONE', *, *, #2367, .T. ) ;
#820 = CARTESIAN_POINT ( 'NONE',  ( -5.975415640623667812, 2.226561996827219225, 24.27571306052043809 ) ) ;
#821 = CARTESIAN_POINT ( 'NONE',  ( -7.764565790891280628, 0.3311529676970010883, 28.97777627905484721 ) ) ;
#822 = CARTESIAN_POINT ( 'NONE',  ( 0.000000000000000000, -5.000000000000000000, 0.000000000000000000 ) ) ;
#823 = CARTESIAN_POINT ( 'NONE',  ( 23.56544690561563016, -3.988902631200915039, 8.351327597252433677 ) ) ;
#824 = EDGE_LOOP ( 'NONE', ( #30, #1070 ) ) ;
#825 = VECTOR ( 'NONE', #620, 1000.000000000000000 ) ;
#826 = CARTESIAN_POINT ( 'NONE',  ( -17.90294069690316903, -1.769136164050987947, -17.44960472190144429 ) ) ;
#827 = CARTESIAN_POINT ( 'NONE',  ( -4.016424677719728109, 4.346793049232999806, -24.67679334081392639 ) ) ;
#828 = CARTESIAN_POINT ( 'NONE',  ( -27.97529114175929976, 5.000000000000000000, -10.83434748998773856 ) ) ;
#829 = VERTEX_POINT ( 'NONE', #1660 ) ;
#830 = EDGE_CURVE ( 'NONE', #1842, #1074, #1644, .T. ) ;
#831 = AXIS2_PLACEMENT_3D ( 'NONE', #2157, #37, #1009 ) ;
#832 = ORIENTED_EDGE ( 'NONE', *, *, #724, .F. ) ;
#833 = ORIENTED_EDGE ( 'NONE', *, *, #1762, .F. ) ;
#834 = ADVANCED_BREP_SHAPE_REPRESENTATION ( 'CSWP_18_20A', ( #2325, #1065 ), #1952 ) ;
#835 = EDGE_CURVE ( 'NONE', #1600, #2323, #307, .T. ) ;
#836 = DIRECTION ( 'NONE',  ( 1.000000000000000000, 0.000000000000000000, 0.000000000000000000 ) ) ;
#837 = CARTESIAN_POINT ( 'NONE',  ( -5.033206870380162457, 4.498402195117798819, 29.57630822852415875 ) ) ;
#838 = LINE ( 'NONE', #2291, #398 ) ;
#839 = EDGE_CURVE ( 'NONE', #2400, #1691, #2460, .T. ) ;
#840 = CIRCLE ( 'NONE', #1404, 8.000000000000000000 ) ;
#841 = CARTESIAN_POINT ( 'NONE',  ( 28.97777478861012668, 5.605193857299268284E-42, 7.764571353306716439 ) ) ;
#842 = ORIENTED_EDGE ( 'NONE', *, *, #1545, .F. ) ;
#843 = CARTESIAN_POINT ( 'NONE',  ( -17.86047089556445044, 1.623258438924418900, -17.49341064697187775 ) ) ;
#844 = DIRECTION ( 'NONE',  ( -0.2588190451025146888, 0.000000000000000000, -0.9659258262890699775 ) ) ;
#845 = VECTOR ( 'NONE', #1534, 1000.000000000000114 ) ;
#846 = CIRCLE ( 'NONE', #722, 4.999999999999997335 ) ;
#847 = CARTESIAN_POINT ( 'NONE',  ( -22.38517103893093108, 3.774882430050624738, 19.97393006396796977 ) ) ;
#848 = ORIENTED_EDGE ( 'NONE', *, *, #224, .T. ) ;
#849 = ORIENTED_EDGE ( 'NONE', *, *, #879, .F. ) ;
#850 = ORIENTED_EDGE ( 'NONE', *, *, #2132, .T. ) ;
#851 = DIRECTION ( 'NONE',  ( 0.000000000000000000, 1.000000000000000000, 0.000000000000000000 ) ) ;
#852 = AXIS2_PLACEMENT_3D ( 'NONE', #2396, #2167, #1824 ) ;
#853 = CARTESIAN_POINT ( 'NONE',  ( -7.455302455781399829, 1.766955290184707650, 29.05894761320674746 ) ) ;
#854 = EDGE_CURVE ( 'NONE', #967, #1793, #1493, .T. ) ;
#855 = CARTESIAN_POINT ( 'NONE',  ( 23.79705352837003929, -3.317462181331094051, 7.665133578546488913 ) ) ;
#856 = EDGE_LOOP ( 'NONE', ( #1019, #2094, #1297, #599, #1917, #874, #1972, #549 ) ) ;
#857 = CARTESIAN_POINT ( 'NONE',  ( -20.11285572892611384, 4.836662566309271050, -14.84917432627722178 ) ) ;
#858 = CARTESIAN_POINT ( 'NONE',  ( -5.262753283190892084, 3.314648097588496434, -24.44089522158608929 ) ) ;
#859 = DIRECTION ( 'NONE',  ( 0.9659258262890688673, -0.000000000000000000, 0.2588190451025185745 ) ) ;
#860 = ORIENTED_EDGE ( 'NONE', *, *, #532, .T. ) ;
#861 = EDGE_LOOP ( 'NONE', ( #303, #860 ) ) ;
#862 = CARTESIAN_POINT ( 'NONE',  ( 23.37894225594347120, 4.346793049232998030, 8.860070867114719917 ) ) ;
#863 = DIRECTION ( 'NONE',  ( -0.000000000000000000, 1.000000000000000000, -0.000000000000000000 ) ) ;
#864 = CARTESIAN_POINT ( 'NONE',  ( -21.67925562299318187, -2.514858131398579388, -20.73749546457815285 ) ) ;
#865 = AXIS2_PLACEMENT_3D ( 'NONE', #1916, #966, #768 ) ;
#866 = CARTESIAN_POINT ( 'NONE',  ( 18.75000000000001421, 10.00000000000000000, 27.47595264191633291 ) ) ;
#867 = EDGE_CURVE ( 'NONE', #1682, #611, #2205, .T. ) ;
#868 = AXIS2_PLACEMENT_3D ( 'NONE', #1151, #1919, #576 ) ;
#869 = ORIENTED_EDGE ( 'NONE', *, *, #1096, .T. ) ;
#870 = DIRECTION ( 'NONE',  ( 0.000000000000000000, 1.000000000000000000, 0.000000000000000000 ) ) ;
#871 = CARTESIAN_POINT ( 'NONE',  ( -22.07375540365699607, 3.314033291335686915, 20.31755612818626489 ) ) ;
#872 = ORIENTED_EDGE ( 'NONE', *, *, #91, .F. ) ;
#873 = EDGE_LOOP ( 'NONE', ( #1161, #2445, #337, #1047, #1807, #1445, #56, #2430, #57, #819, #1599, #1780, #613, #2085 ) ) ;
#874 = ORIENTED_EDGE ( 'NONE', *, *, #504, .F. ) ;
#875 = EDGE_LOOP ( 'NONE', ( #1455, #486 ) ) ;
#876 = DIRECTION ( 'NONE',  ( 0.000000000000000000, 0.000000000000000000, 1.000000000000000000 ) ) ;
#877 = DIRECTION ( 'NONE',  ( 0.000000000000000000, 0.000000000000000000, 1.000000000000000000 ) ) ;
#878 = CARTESIAN_POINT ( 'NONE',  ( 27.27837603890018059, 5.000000000000000000, -12.48559973250609900 ) ) ;
#879 = EDGE_CURVE ( 'NONE', #1419, #291, #441, .T. ) ;
#880 = CIRCLE ( 'NONE', #432, 8.000000000000000000 ) ;
#881 = EDGE_LOOP ( 'NONE', ( #169, #2206, #498, #1845 ) ) ;
#882 = ADVANCED_FACE ( 'NONE', ( #2062 ), #2286, .F. ) ;
#883 = CARTESIAN_POINT ( 'NONE',  ( 22.36615881232998504, -5.000000000000000000, -11.16937509360455394 ) ) ;
#884 = CARTESIAN_POINT ( 'NONE',  ( 0.000000000000000000, -5.000000000000000000, 0.000000000000000000 ) ) ;
#885 = ORIENTED_EDGE ( 'NONE', *, *, #2410, .T. ) ;
#886 = ORIENTED_EDGE ( 'NONE', *, *, #1992, .F. ) ;
#887 = AXIS2_PLACEMENT_3D ( 'NONE', #332, #2245, #2461 ) ;
#888 = DATE_TIME_ROLE ( 'classification_date' ) ;
#889 = CARTESIAN_POINT ( 'NONE',  ( -7.764571352844244601, 5.605193857299268284E-42, -28.97777478873404533 ) ) ;
#890 = CARTESIAN_POINT ( 'NONE',  ( 0.000000000000000000, -10.00000000000000000, -25.00000000000000000 ) ) ;
#891 = VECTOR ( 'NONE', #236, 1000.000000000000000 ) ;
#892 = CARTESIAN_POINT ( 'NONE',  ( -37.50000000000000711, -5.000000000000000000, 0.000000000000000000 ) ) ;
#893 = CARTESIAN_POINT ( 'NONE',  ( 23.27393456078066691, -4.500862314229508776, -9.133210159828648145 ) ) ;
#894 = CARTESIAN_POINT ( 'NONE',  ( -6.767820155021246009, -3.053730298429162104, -29.22721040930001735 ) ) ;
#895 = ORIENTED_EDGE ( 'NONE', *, *, #578, .F. ) ;
#896 = EDGE_CURVE ( 'NONE', #351, #338, #2025, .T. ) ;
#897 = VECTOR ( 'NONE', #409, 1000.000000000000000 ) ;
#898 = VERTEX_POINT ( 'NONE', #2525 ) ;
#899 = LINE ( 'NONE', #1857, #1427 ) ;
#900 = CARTESIAN_POINT ( 'NONE',  ( -7.733134041371059197, 0.6583548758557601355, -28.98625255739147732 ) ) ;
#901 = CARTESIAN_POINT ( 'NONE',  ( 3.061616997868383043E-15, 5.000000000000000000, 25.00000000000000000 ) ) ;
#902 = CARTESIAN_POINT ( 'NONE',  ( -24.45203457394134361, -5.000000000000000000, 17.38096675086794818 ) ) ;
#903 = VECTOR ( 'NONE', #1319, 1000.000000000000000 ) ;
#904 = CARTESIAN_POINT ( 'NONE',  ( 18.75000000000015632, -5.000000000000000000, -32.47595264191637199 ) ) ;
#905 = DIRECTION ( 'NONE',  ( -0.000000000000000000, 1.000000000000000000, -0.000000000000000000 ) ) ;
#906 = EDGE_LOOP ( 'NONE', ( #2437, #1956, #742, #467, #1820, #1234, #1550, #2008, #2241, #1026 ) ) ;
#907 = ORIENTED_EDGE ( 'NONE', *, *, #360, .T. ) ;
#908 = EDGE_CURVE ( 'NONE', #1802, #2207, #1932, .T. ) ;
#909 = EDGE_LOOP ( 'NONE', ( #1839, #1477, #1122, #83 ) ) ;
#910 = CARTESIAN_POINT ( 'NONE',  ( -7.514236096762282990, 1.621376654488702052, -29.04396688448931485 ) ) ;
#911 = CARTESIAN_POINT ( 'NONE',  ( -23.67370180429618998, 4.841242027416279292, -18.42988737176550273 ) ) ;
#912 = DIRECTION ( 'NONE',  ( -0.9659258262890655367, 0.000000000000000000, -0.2588190451025312311 ) ) ;
#913 = CIRCLE ( 'NONE', #831, 4.999999999999997335 ) ;
#914 = DIRECTION ( 'NONE',  ( -0.7071067811865365815, 0.000000000000000000, -0.7071067811865584529 ) ) ;
#915 = LINE ( 'NONE', #2479, #495 ) ;
#916 = EDGE_LOOP ( 'NONE', ( #849, #869, #677, #687 ) ) ;
#917 = AXIS2_PLACEMENT_3D ( 'NONE', #1053, #1217, #458 ) ;
#918 = VERTEX_POINT ( 'NONE', #399 ) ;
#919 = ORIENTED_EDGE ( 'NONE', *, *, #400, .T. ) ;
#920 = ORIENTED_EDGE ( 'NONE', *, *, #1466, .F. ) ;
#921 = CARTESIAN_POINT ( 'NONE',  ( -5.851890652290185457, 3.985602193026436257, -29.42498895001039827 ) ) ;
#922 = CYLINDRICAL_SURFACE ( 'NONE', #1248, 5.000000000119658949 ) ;
#923 = CARTESIAN_POINT ( 'NONE',  ( -23.47794430803325838, -4.746153394285583360, 18.67825774992461874 ) ) ;
#924 = AXIS2_PLACEMENT_3D ( 'NONE', #1517, #1130, #1744 ) ;
#925 = VECTOR ( 'NONE', #2086, 1000.000000000000000 ) ;
#926 = CARTESIAN_POINT ( 'NONE',  ( 0.000000000000000000, -5.000000000000000000, 0.000000000000000000 ) ) ;
#927 = B_SPLINE_CURVE_WITH_KNOTS ( 'NONE', 3,
 ( #1777, #1029, #1016, #2149, #1790, #54, #827, #1625, #1044, #858, #1817, #273, #81, #1050, #617, #1603, #443, #1771, #1039, #1252 ),
 .UNSPECIFIED., .F., .F.,
 ( 4, 2, 2, 2, 2, 2, 2, 2, 2, 4 ),
 ( 0.000000000000000000, 0.0009878871914302338707, 0.001975774382860467741, 0.002963661574290701612, 0.003951548765720935483, 0.004939435957151169787, 0.005927323148581403224, 0.006421266744296520376, 0.006915210340011636661, 0.007903097531441870965 ),
 .UNSPECIFIED. ) ;
#928 = CARTESIAN_POINT ( 'NONE',  ( 18.75000000000001421, 10.00000000000000000, 37.47595264191654252 ) ) ;
#929 = ORIENTED_EDGE ( 'NONE', *, *, #142, .F. ) ;
#930 = ORIENTED_EDGE ( 'NONE', *, *, #830, .T. ) ;
#931 = DIRECTION ( 'NONE',  ( 0.000000000000000000, 1.000000000000000000, 0.000000000000000000 ) ) ;
#932 = VERTEX_POINT ( 'NONE', #1525 ) ;
#933 = FACE_OUTER_BOUND ( 'NONE', #2405, .T. ) ;
#934 = CARTESIAN_POINT ( 'NONE',  ( -23.09721644113435346, -4.498391417610838161, 19.14705654076166752 ) ) ;
#935 = ADVANCED_FACE ( 'NONE', ( #965 ), #2497, .F. ) ;
#936 = DIRECTION ( 'NONE',  ( 0.000000000000000000, 0.000000000000000000, 1.000000000000000000 ) ) ;
#937 = VECTOR ( 'NONE', #1258, 1000.000000000000000 ) ;
#938 = CYLINDRICAL_SURFACE ( 'NONE', #1011, 4.999999999999997335 ) ;
#939 = ORIENTED_EDGE ( 'NONE', *, *, #2299, .F. ) ;
#940 = LOCAL_TIME ( 23, 25, 19.00000000000000000, #2195 ) ;
#941 = CYLINDRICAL_SURFACE ( 'NONE', #2465, 8.000000000000000000 ) ;
#942 = DIRECTION ( 'NONE',  ( 0.2588190451025136896, -0.000000000000000000, 0.9659258262890701996 ) ) ;
#943 = CARTESIAN_POINT ( 'NONE',  ( 0.000000000000000000, -5.000000000000000000, 0.000000000000000000 ) ) ;
#944 = VERTEX_POINT ( 'NONE', #1322 ) ;
#945 = CARTESIAN_POINT ( 'NONE',  ( -23.77603451077857599, -4.874553041927825348, -18.29551471596862910 ) ) ;
#946 = FACE_OUTER_BOUND ( 'NONE', #856, .T. ) ;
#947 = CARTESIAN_POINT ( 'NONE',  ( 27.27837603887609674, -5.000000000000000000, 12.48559973255872713 ) ) ;
#948 = AXIS2_PLACEMENT_3D ( 'NONE', #411, #1953, #952 ) ;
#949 = CARTESIAN_POINT ( 'NONE',  ( 0.000000000000000000, -5.000000000000000000, 0.000000000000000000 ) ) ;
#950 = DIRECTION ( 'NONE',  ( 0.000000000000000000, 1.000000000000000000, -0.000000000000000000 ) ) ;
#951 = EDGE_CURVE ( 'NONE', #123, #678, #2296, .T. ) ;
#952 = DIRECTION ( 'NONE',  ( 2.309263891220325604E-14, 0.000000000000000000, 1.000000000000000000 ) ) ;
#953 = DIRECTION ( 'NONE',  ( 0.000000000000000000, 0.000000000000000000, 1.000000000000000000 ) ) ;
#954 = CIRCLE ( 'NONE', #314, 4.999999999999997335 ) ;
#955 = DIRECTION ( 'NONE',  ( 0.9659258262890688673, 0.000000000000000000, 0.2588190451025185745 ) ) ;
#956 = DIRECTION ( 'NONE',  ( 0.000000000000000000, -1.000000000000000000, 0.000000000000000000 ) ) ;
#957 = CYLINDRICAL_SURFACE ( 'NONE', #379, 4.999999999999997335 ) ;
#958 = VECTOR ( 'NONE', #955, 1000.000000000000114 ) ;
#959 = AXIS2_PLACEMENT_3D ( 'NONE', #1871, #2435, #1052 ) ;
#960 = LINE ( 'NONE', #1144, #1724 ) ;
#961 = VECTOR ( 'NONE', #2162, 1000.000000000000114 ) ;
#962 = DIRECTION ( 'NONE',  ( 0.000000000000000000, 0.000000000000000000, -1.000000000000000000 ) ) ;
#963 = DIRECTION ( 'NONE',  ( 0.000000000000000000, 1.000000000000000000, 0.000000000000000000 ) ) ;
#964 = DIRECTION ( 'NONE',  ( 0.9659258262890711988, 0.000000000000000000, -0.2588190451025098038 ) ) ;
#965 = FACE_OUTER_BOUND ( 'NONE', #916, .T. ) ;
#966 = DIRECTION ( 'NONE',  ( -0.000000000000000000, -1.000000000000000000, 0.000000000000000000 ) ) ;
#967 = VERTEX_POINT ( 'NONE', #1536 ) ;
#968 = ADVANCED_FACE ( 'NONE', ( #1728 ), #1173, .T. ) ;
#969 = DIRECTION ( 'NONE',  ( -0.000000000000000000, 1.000000000000000000, -0.000000000000000000 ) ) ;
#970 = FACE_BOUND ( 'NONE', #701, .T. ) ;
#971 = AXIS2_PLACEMENT_3D ( 'NONE', #1346, #2133, #568 ) ;
#972 = CARTESIAN_POINT ( 'NONE',  ( -18.03484785547667357, 2.224435427411631583, 17.31358496110891920 ) ) ;
#973 = CARTESIAN_POINT ( 'NONE',  ( 0.000000000000000000, -10.00000000000000000, 0.000000000000000000 ) ) ;
#974 = CARTESIAN_POINT ( 'NONE',  ( 0.000000000000000000, 10.00000000000000000, 0.000000000000000000 ) ) ;
#975 = DIRECTION ( 'NONE',  ( -0.000000000000000000, 1.000000000000000000, -0.000000000000000000 ) ) ;
#976 = CARTESIAN_POINT ( 'NONE',  ( 28.84185994179357593, -2.223936863544217157, -8.256080848471402334 ) ) ;
#977 = DIRECTION ( 'NONE',  ( -0.2588190451025186856, -0.000000000000000000, -0.9659258262890688673 ) ) ;
#978 = ORIENTED_EDGE ( 'NONE', *, *, #280, .T. ) ;
#979 = ORIENTED_EDGE ( 'NONE', *, *, #2214, .T. ) ;
#980 = CYLINDRICAL_SURFACE ( 'NONE', #546, 5.000000000000074607 ) ;
#981 = LOCAL_TIME ( 23, 25, 19.00000000000000000, #137 ) ;
#982 = ADVANCED_FACE ( 'NONE', ( #1694, #376, #2508, #2135, #1158 ), #2519, .T. ) ;
#983 = DIRECTION ( 'NONE',  ( -0.2588190451025136896, 0.000000000000000000, -0.9659258262890701996 ) ) ;
#984 = CARTESIAN_POINT ( 'NONE',  ( -20.85604198162149814, 5.000000000000000000, -13.78497416975605638 ) ) ;
#985 = CARTESIAN_POINT ( 'NONE',  ( -19.00950115453305500, 3.982421797368040473, 16.23929378491684616 ) ) ;
#986 = FACE_OUTER_BOUND ( 'NONE', #1821, .T. ) ;
#987 = DIRECTION ( 'NONE',  ( 0.000000000000000000, -1.000000000000000000, 0.000000000000000000 ) ) ;
#988 = AXIS2_PLACEMENT_3D ( 'NONE', #1384, #1183, #596 ) ;
#989 = PLANE ( 'NONE',  #2100 ) ;
#990 = FACE_OUTER_BOUND ( 'NONE', #1705, .T. ) ;
#991 = ORIENTED_EDGE ( 'NONE', *, *, #1357, .T. ) ;
#992 = CARTESIAN_POINT ( 'NONE',  ( 0.000000000000000000, 10.00000000000000000, 0.000000000000000000 ) ) ;
#993 = CIRCLE ( 'NONE', #2429, 4.999999999999997335 ) ;
#994 = CARTESIAN_POINT ( 'NONE',  ( -4.550300328926206284, 3.988873209150431975, 24.58393233173281800 ) ) ;
#995 = PLANE ( 'NONE',  #658 ) ;
#996 = CC_DESIGN_PERSON_AND_ORGANIZATION_ASSIGNMENT ( #1088, #1128, ( #2161 ) ) ;
#997 = CARTESIAN_POINT ( 'NONE',  ( -2.826341469615339719, 5.000000000000000000, 29.86656648992536489 ) ) ;
#998 = CARTESIAN_POINT ( 'NONE',  ( 22.51423096249693145, 5.000000000000257572, -10.87286743775429798 ) ) ;
#999 = CARTESIAN_POINT ( 'NONE',  ( 28.13044559429747338, -4.498391415101404611, 10.42924791965921294 ) ) ;
#1000 = EDGE_CURVE ( 'NONE', #967, #700, #1935, .T. ) ;
#1001 = CARTESIAN_POINT ( 'NONE',  ( 18.75000000000001421, -5.000000000000000000, 37.47595264191654252 ) ) ;
#1002 = CARTESIAN_POINT ( 'NONE',  ( -24.45203457343824738, 5.000000000000000000, -17.38096675157571624 ) ) ;
#1003 = CARTESIAN_POINT ( 'NONE',  ( 28.96940084504109691, -0.6582763955120832788, -7.796025496839849467 ) ) ;
#1004 = CIRCLE ( 'NONE', #521, 25.00000000000000000 ) ;
#1005 = ORIENTED_EDGE ( 'NONE', *, *, #1899, .T. ) ;
#1006 = VERTEX_POINT ( 'NONE', #2335 ) ;
#1007 = CARTESIAN_POINT ( 'NONE',  ( -6.313429280319119208, 1.306661248761798344, 24.18976695727176462 ) ) ;
#1008 = CARTESIAN_POINT ( 'NONE',  ( -7.514257616880017032, -1.621312371703490074, 29.04396130602184201 ) ) ;
#1009 = DIRECTION ( 'NONE',  ( 0.000000000000000000, 0.000000000000000000, 1.000000000000000000 ) ) ;
#1010 = CARTESIAN_POINT ( 'NONE',  ( 28.63239745233161315, 3.314033288495909613, 8.957654870220986609 ) ) ;
#1011 = AXIS2_PLACEMENT_3D ( 'NONE', #1714, #2504, #962 ) ;
#1012 = ADVANCED_FACE ( 'NONE', ( #2309 ), #571, .T. ) ;
#1013 = EDGE_CURVE ( 'NONE', #653, #2268, #2523, .T. ) ;
#1014 = ADVANCED_FACE ( 'NONE', ( #559 ), #2484, .F. ) ;
#1015 = CARTESIAN_POINT ( 'NONE',  ( 13.09314575050723306, -5.000000000000000000, 38.13280689140890445 ) ) ;
#1016 = CARTESIAN_POINT ( 'NONE',  ( -2.167765236820665464, 4.968651063119304823, -24.90794996654202365 ) ) ;
#1017 = CARTESIAN_POINT ( 'NONE',  ( 0.000000000000000000, -5.000000000000000000, 0.000000000000000000 ) ) ;
#1018 = ORIENTED_EDGE ( 'NONE', *, *, #1328, .T. ) ;
#1019 = ORIENTED_EDGE ( 'NONE', *, *, #612, .T. ) ;
#1020 = VERTEX_POINT ( 'NONE', #2282 ) ;
#1021 = APPLICATION_PROTOCOL_DEFINITION ( 'international standard', 'config_control_design', 1994, #92 ) ;
#1022 = APPROVAL_PERSON_ORGANIZATION ( #2458, #1960, #691 ) ;
#1023 = CARTESIAN_POINT ( 'NONE',  ( -37.50000000000000711, -10.00000000000000000, 4.999999999999997335 ) ) ;
#1024 = DIRECTION ( 'NONE',  ( 0.000000000000000000, 0.000000000000000000, 1.000000000000000000 ) ) ;
#1025 = CARTESIAN_POINT ( 'NONE',  ( 0.000000000000000000, 10.00000000000000000, -25.00000000000000000 ) ) ;
#1026 = ORIENTED_EDGE ( 'NONE', *, *, #220, .F. ) ;
#1027 = DIRECTION ( 'NONE',  ( -0.7071067811865459074, 0.000000000000000000, 0.7071067811865491270 ) ) ;
#1028 = CARTESIAN_POINT ( 'NONE',  ( -18.03567638794499572, 2.226561996183626491, -17.31271827022599652 ) ) ;
#1029 = CARTESIAN_POINT ( 'NONE',  ( -1.840979352285915249, 5.000000000117912791, -24.93432705972838903 ) ) ;
#1030 = CARTESIAN_POINT ( 'NONE',  ( -24.45203457394134361, 5.000000000000000000, 17.38096675086794818 ) ) ;
#1031 = ORIENTED_EDGE ( 'NONE', *, *, #2522, .T. ) ;
#1032 = ADVANCED_FACE ( 'NONE', ( #779 ), #1549, .F. ) ;
#1033 = AXIS2_PLACEMENT_3D ( 'NONE', #1094, #2030, #1701 ) ;
#1034 = VERTEX_POINT ( 'NONE', #1136 ) ;
#1035 = ORIENTED_EDGE ( 'NONE', *, *, #2179, .F. ) ;
#1036 = CARTESIAN_POINT ( 'NONE',  ( -4.010803101223336498, 4.349869306707097039, 24.67769074402751528 ) ) ;
#1037 = EDGE_CURVE ( 'NONE', #1042, #526, #172, .T. ) ;
#1038 = APPROVAL_DATE_TIME ( #1230, #1203 ) ;
#1039 = CARTESIAN_POINT ( 'NONE',  ( -6.470476127328011806, 0.3314903093978183168, -24.14814565728967821 ) ) ;
#1040 = AXIS2_PLACEMENT_3D ( 'NONE', #143, #912, #1687 ) ;
#1041 = DIRECTION ( 'NONE',  ( -0.9659258262890711988, 0.000000000000000000, 0.2588190451025098038 ) ) ;
#1042 = VERTEX_POINT ( 'NONE', #1893 ) ;
#1043 = CARTESIAN_POINT ( 'NONE',  ( 4.604825411121821865, 5.000000000000000000, 29.64448655202323124 ) ) ;
#1044 = CARTESIAN_POINT ( 'NONE',  ( -4.807809125849306753, 3.775768441656292218, -24.53444319241189930 ) ) ;
#1045 = CIRCLE ( 'NONE', #1327, 30.00000000000000000 ) ;
#1046 = CARTESIAN_POINT ( 'NONE',  ( 0.000000000000000000, 10.00000000000000000, 0.000000000000000000 ) ) ;
#1047 = ORIENTED_EDGE ( 'NONE', *, *, #1962, .T. ) ;
#1048 = ORIENTED_EDGE ( 'NONE', *, *, #86, .T. ) ;
#1049 = FACE_OUTER_BOUND ( 'NONE', #2352, .T. ) ;
#1050 = CARTESIAN_POINT ( 'NONE',  ( -6.160361879562403331, 1.769051139805358108, -24.22919585658522834 ) ) ;
#1051 = EDGE_CURVE ( 'NONE', #1574, #611, #1904, .T. ) ;
#1052 = DIRECTION ( 'NONE',  ( 0.000000000000000000, 0.000000000000000000, -1.000000000000000000 ) ) ;
#1053 = CARTESIAN_POINT ( 'NONE',  ( 22.36615881216811985, 0.000000000000000000, 11.16937509392868044 ) ) ;
#1054 = ORIENTED_EDGE ( 'NONE', *, *, #2444, .F. ) ;
#1055 = DIRECTION ( 'NONE',  ( 0.000000000000000000, 1.000000000000000000, 0.000000000000000000 ) ) ;
#1056 = CARTESIAN_POINT ( 'NONE',  ( -23.48387029082755362, 4.741458603409226313, 18.66903011687333347 ) ) ;
#1057 = VERTEX_POINT ( 'NONE', #1148 ) ;
#1058 = ORIENTED_EDGE ( 'NONE', *, *, #854, .T. ) ;
#1059 = CARTESIAN_POINT ( 'NONE',  ( 24.13975632972905316, 0.6574241052192622004, 6.502019197205060941 ) ) ;
#1060 = EDGE_CURVE ( 'NONE', #1943, #1793, #325, .T. ) ;
#1061 = CARTESIAN_POINT ( 'NONE',  ( -7.119541387793941745, 2.514908473270783595, -29.14354084841481907 ) ) ;
#1062 = PRODUCT_RELATED_PRODUCT_CATEGORY ( 'detail', '', ( #1996 ) ) ;
#1063 = DIRECTION ( 'NONE',  ( 0.000000000000000000, -1.000000000000000000, 0.000000000000000000 ) ) ;
#1064 = DIRECTION ( 'NONE',  ( 0.000000000000000000, 1.000000000000000000, -0.000000000000000000 ) ) ;
#1065 = AXIS2_PLACEMENT_3D ( 'NONE', #1214, #238, #836 ) ;
#1066 = ORIENTED_EDGE ( 'NONE', *, *, #23, .T. ) ;
#1067 = CARTESIAN_POINT ( 'NONE',  ( -17.67766952966507432, 0.000000000000000000, 17.67766952966230320 ) ) ;
#1068 = CARTESIAN_POINT ( 'NONE',  ( 24.14814768911468690, 0.3313656004090692053, -6.470468544453841453 ) ) ;
#1069 = CARTESIAN_POINT ( 'NONE',  ( -2.826341469615339719, 5.000000000000000000, 29.86656648992536489 ) ) ;
#1070 = ORIENTED_EDGE ( 'NONE', *, *, #801, .F. ) ;
#1071 = ORIENTED_EDGE ( 'NONE', *, *, #2493, .T. ) ;
#1072 = VERTEX_POINT ( 'NONE', #767 ) ;
#1073 = COORDINATED_UNIVERSAL_TIME_OFFSET ( 5, 30, .AHEAD. ) ;
#1074 = VERTEX_POINT ( 'NONE', #13 ) ;
#1075 = DIRECTION ( 'NONE',  ( 0.7071067811865365815, -0.000000000000000000, 0.7071067811865584529 ) ) ;
#1076 = CYLINDRICAL_SURFACE ( 'NONE', #1086, 7.999999999999996447 ) ;
#1077 = DIRECTION ( 'NONE',  ( -0.7071067811865460184, 0.000000000000000000, 0.7071067811865490160 ) ) ;
#1078 = AXIS2_PLACEMENT_3D ( 'NONE', #619, #213, #1380 ) ;
#1079 = EDGE_CURVE ( 'NONE', #63, #319, #2079, .T. ) ;
#1080 = DIRECTION ( 'NONE',  ( 0.000000000000000000, 0.000000000000000000, 1.000000000000000000 ) ) ;
#1081 = FACE_OUTER_BOUND ( 'NONE', #1971, .T. ) ;
#1082 = DIRECTION ( 'NONE',  ( 0.000000000000000000, 1.000000000000000000, 0.000000000000000000 ) ) ;
#1083 = ORIENTED_EDGE ( 'NONE', *, *, #2216, .F. ) ;
#1084 = ORIENTED_EDGE ( 'NONE', *, *, #567, .F. ) ;
#1085 = AXIS2_PLACEMENT_3D ( 'NONE', #1547, #1572, #2333 ) ;
#1086 = AXIS2_PLACEMENT_3D ( 'NONE', #295, #1063, #1484 ) ;
#1087 = CARTESIAN_POINT ( 'NONE',  ( -18.03570210355472625, -2.226636096102589057, 17.31269150542000901 ) ) ;
#1088 = PERSON_AND_ORGANIZATION ( #2226, #1387 ) ;
#1089 = ORIENTED_EDGE ( 'NONE', *, *, #1143, .T. ) ;
#1090 = CARTESIAN_POINT ( 'NONE',  ( 13.09314575050776241, 10.00000000000000000, -38.13280689140874102 ) ) ;
#1091 = CARTESIAN_POINT ( 'NONE',  ( -21.93194498218806743, -3.062223675711545745, -20.47006672702256225 ) ) ;
#1092 = CARTESIAN_POINT ( 'NONE',  ( -21.39880800663076599, -1.610471027586610093, 21.02601487007778047 ) ) ;
#1093 = EDGE_CURVE ( 'NONE', #31, #1827, #2201, .T. ) ;
#1094 = CARTESIAN_POINT ( 'NONE',  ( 18.75000000000001421, -10.00000000000000000, 32.47595264191643594 ) ) ;
#1095 = CYLINDRICAL_SURFACE ( 'NONE', #2139, 5.000000002356343565 ) ;
#1096 = EDGE_CURVE ( 'NONE', #1419, #2189, #449, .T. ) ;
#1097 = CARTESIAN_POINT ( 'NONE',  ( -7.764571352840651031, -0.3310706151296827771, -28.97777478873501522 ) ) ;
#1098 = CARTESIAN_POINT ( 'NONE',  ( 0.000000000000000000, -10.00000000000000000, 0.000000000000000000 ) ) ;
#1099 = AXIS2_PLACEMENT_3D ( 'NONE', #1155, #1938, #204 ) ;
#1100 = ORIENTED_EDGE ( 'NONE', *, *, #2147, .T. ) ;
#1101 = SECURITY_CLASSIFICATION_LEVEL ( 'unclassified' ) ;
#1102 = DIRECTION ( 'NONE',  ( 0.000000000000000000, -1.000000000000000000, 0.000000000000000000 ) ) ;
#1103 = CARTESIAN_POINT ( 'NONE',  ( -24.45203457343825448, 5.000000000000000000, -17.38096675157571980 ) ) ;
#1104 = PLANE ( 'NONE',  #2131 ) ;
#1105 = SECURITY_CLASSIFICATION ( '', '', #1101 ) ;
#1106 = CARTESIAN_POINT ( 'NONE',  ( 18.75000000000001421, -10.00000000000000000, 37.47595264191654252 ) ) ;
#1107 = CARTESIAN_POINT ( 'NONE',  ( -2.826341469557711594, 5.000000000000000000, -29.86656648993081475 ) ) ;
#1108 = ORIENTED_EDGE ( 'NONE', *, *, #2324, .F. ) ;
#1109 = ORIENTED_EDGE ( 'NONE', *, *, #1851, .F. ) ;
#1110 = EDGE_CURVE ( 'NONE', #1977, #944, #412, .T. ) ;
#1111 = PERSON_AND_ORGANIZATION_ROLE ( 'design_supplier' ) ;
#1112 = ORIENTED_EDGE ( 'NONE', *, *, #1944, .T. ) ;
#1113 = DIRECTION ( 'NONE',  ( 0.7071067811865455743, -0.000000000000000000, -0.7071067811865495711 ) ) ;
#1114 = CARTESIAN_POINT ( 'NONE',  ( 22.36615881216811985, 0.000000000000000000, 11.16937509392868044 ) ) ;
#1115 = ADVANCED_FACE ( 'NONE', ( #1209 ), #989, .T. ) ;
#1116 = CARTESIAN_POINT ( 'NONE',  ( 0.000000000000000000, -5.000000000000000000, 0.000000000000000000 ) ) ;
#1117 = AXIS2_PLACEMENT_3D ( 'NONE', #1266, #507, #2237 ) ;
#1118 = CIRCLE ( 'NONE', #18, 25.00000000000000000 ) ;
#1119 = DIRECTION ( 'NONE',  ( 0.000000000000000000, 0.000000000000000000, -1.000000000000000000 ) ) ;
#1120 = DIRECTION ( 'NONE',  ( 0.000000000000000000, 0.000000000000000000, 1.000000000000000000 ) ) ;
#1121 = VERTEX_POINT ( 'NONE', #597 ) ;
#1122 = ORIENTED_EDGE ( 'NONE', *, *, #2527, .F. ) ;
#1123 = ORIENTED_EDGE ( 'NONE', *, *, #1013, .F. ) ;
#1124 = EDGE_CURVE ( 'NONE', #526, #338, #198, .T. ) ;
#1125 = DIRECTION ( 'NONE',  ( 0.000000000000000000, 1.000000000000000000, 0.000000000000000000 ) ) ;
#1126 = CARTESIAN_POINT ( 'NONE',  ( -17.79225642100865201, -1.306756865322762362, 17.56245503711464906 ) ) ;
#1127 = ORIENTED_EDGE ( 'NONE', *, *, #2281, .T. ) ;
#1128 = PERSON_AND_ORGANIZATION_ROLE ( 'creator' ) ;
#1129 = EDGE_LOOP ( 'NONE', ( #1375, #2164, #1991, #244, #84, #1307, #315, #2378, #638, #292, #2099 ) ) ;
#1130 = DIRECTION ( 'NONE',  ( 0.000000000000000000, 1.000000000000000000, 0.000000000000000000 ) ) ;
#1131 = EDGE_CURVE ( 'NONE', #1042, #1682, #927, .T. ) ;
#1132 = DIRECTION ( 'NONE',  ( 0.000000000000000000, 1.000000000000000000, -0.000000000000000000 ) ) ;
#1133 = DIRECTION ( 'NONE',  ( -0.000000000000000000, -1.000000000000000000, 0.000000000000000000 ) ) ;
#1134 = DIRECTION ( 'NONE',  ( -0.000000000000000000, -1.000000000000000000, 0.000000000000000000 ) ) ;
#1135 = ORIENTED_EDGE ( 'NONE', *, *, #744, .T. ) ;
#1136 = CARTESIAN_POINT ( 'NONE',  ( 23.37046573063702937, 10.00000000000000000, 18.81013906203567032 ) ) ;
#1137 = CARTESIAN_POINT ( 'NONE',  ( 18.75000000000001421, 5.000000000000000000, 32.47595264191643594 ) ) ;
#1138 = ORIENTED_EDGE ( 'NONE', *, *, #564, .F. ) ;
#1139 = LINE ( 'NONE', #1918, #192 ) ;
#1140 = EDGE_CURVE ( 'NONE', #524, #1259, #2422, .T. ) ;
#1141 = FACE_BOUND ( 'NONE', #100, .T. ) ;
#1142 = AXIS2_PLACEMENT_3D ( 'NONE', #2106, #557, #1901 ) ;
#1143 = EDGE_CURVE ( 'NONE', #918, #1781, #1004, .T. ) ;
#1144 = CARTESIAN_POINT ( 'NONE',  ( 23.37046573063702226, 5.000000000000000000, 18.81013906203566322 ) ) ;
#1145 = DIRECTION ( 'NONE',  ( 0.9659258262890700886, 0.000000000000000000, 0.2588190451025141336 ) ) ;
#1146 = CARTESIAN_POINT ( 'NONE',  ( -27.97529114175929976, -5.000000000000000000, -10.83434748998773856 ) ) ;
#1147 = CARTESIAN_POINT ( 'NONE',  ( 13.09314575050723306, 5.000000000000000000, 38.13280689140890445 ) ) ;
#1148 = CARTESIAN_POINT ( 'NONE',  ( 23.37046573063728871, 10.00000000000000000, -18.81013906203534702 ) ) ;
#1149 = CARTESIAN_POINT ( 'NONE',  ( 18.75000000000015632, -5.000000000000000000, -37.47595264191636488 ) ) ;
#1150 = LINE ( 'NONE', #2287, #2395 ) ;
#1151 = CARTESIAN_POINT ( 'NONE',  ( -39.57055236082011618, 5.000000000000000000, 7.727406610312561597 ) ) ;
#1152 = CARTESIAN_POINT ( 'NONE',  ( -17.67766952966507432, 0.000000000000000000, 17.67766952966230320 ) ) ;
#1153 = VECTOR ( 'NONE', #194, 1000.000000000000000 ) ;
#1154 = EDGE_CURVE ( 'NONE', #2365, #1636, #2438, .T. ) ;
#1155 = CARTESIAN_POINT ( 'NONE',  ( 0.000000000000000000, 10.00000000000000000, 0.000000000000000000 ) ) ;
#1156 = CARTESIAN_POINT ( 'NONE',  ( 18.75000000000015632, 5.000000000000000000, -37.47595264191636488 ) ) ;
#1157 = FACE_BOUND ( 'NONE', #1830, .T. ) ;
#1158 = FACE_BOUND ( 'NONE', #1313, .T. ) ;
#1159 = CIRCLE ( 'NONE', #64, 4.999999999999997335 ) ;
#1160 = CARTESIAN_POINT ( 'NONE',  ( 0.000000000000000000, 5.000000000000000000, -25.00000000000000000 ) ) ;
#1161 = ORIENTED_EDGE ( 'NONE', *, *, #2444, .T. ) ;
#1162 = DIRECTION ( 'NONE',  ( 0.000000000000000000, 0.000000000000000000, 1.000000000000000000 ) ) ;
#1163 = CARTESIAN_POINT ( 'NONE',  ( -37.50000000000000711, 5.000000000000000000, -4.999999999999997335 ) ) ;
#1164 = VECTOR ( 'NONE', #196, 1000.000000000000114 ) ;
#1165 = CIRCLE ( 'NONE', #595, 4.999999999999997335 ) ;
#1166 = CARTESIAN_POINT ( 'NONE',  ( 27.54743400949085697, -4.968334918422188551, 11.88460295480375706 ) ) ;
#1167 = VECTOR ( 'NONE', #354, 1000.000000000000000 ) ;
#1168 = CARTESIAN_POINT ( 'NONE',  ( 18.75000000000001421, 5.000000000000000000, 37.47595264191654252 ) ) ;
#1169 = DIRECTION ( 'NONE',  ( 0.000000000000000000, 0.000000000000000000, 1.000000000000000000 ) ) ;
#1170 = EDGE_CURVE ( 'NONE', #1802, #2284, #2269, .T. ) ;
#1171 = EDGE_CURVE ( 'NONE', #2454, #1072, #77, .T. ) ;
#1172 = CARTESIAN_POINT ( 'NONE',  ( 27.27837603890018059, 0.000000000000000000, -12.48559973250609900 ) ) ;
#1173 = CYLINDRICAL_SURFACE ( 'NONE', #2399, 30.00000000000000000 ) ;
#1174 = DIRECTION ( 'NONE',  ( 0.000000000000000000, 1.000000000000000000, 0.000000000000000000 ) ) ;
#1175 = ORIENTED_EDGE ( 'NONE', *, *, #2119, .F. ) ;
#1176 = ORIENTED_EDGE ( 'NONE', *, *, #1093, .T. ) ;
#1177 = CARTESIAN_POINT ( 'NONE',  ( -3.727375263876350875, -4.500862314229510552, 24.72242365556704513 ) ) ;
#1178 = DIRECTION ( 'NONE',  ( 0.000000000000000000, 1.000000000000000000, 0.000000000000000000 ) ) ;
#1179 = CARTESIAN_POINT ( 'NONE',  ( 22.65399912928401704, 4.968657178633057114, -10.57824907311504958 ) ) ;
#1180 = CARTESIAN_POINT ( 'NONE',  ( -19.54654012221618231, 4.500847691414397111, 15.58923761128829177 ) ) ;
#1181 = LINE ( 'NONE', #2120, #1219 ) ;
#1182 = DIRECTION ( 'NONE',  ( 0.000000000000000000, 0.000000000000000000, 1.000000000000000000 ) ) ;
#1183 = DIRECTION ( 'NONE',  ( 0.000000000000000000, -1.000000000000000000, 0.000000000000000000 ) ) ;
#1184 = CARTESIAN_POINT ( 'NONE',  ( 28.69540773005351753, 3.053770277106827802, -8.752530695032636032 ) ) ;
#1185 = AXIS2_PLACEMENT_3D ( 'NONE', #1017, #1639, #484 ) ;
#1186 = CYLINDRICAL_SURFACE ( 'NONE', #2515, 8.000000000000000000 ) ;
#1187 = ORIENTED_EDGE ( 'NONE', *, *, #642, .F. ) ;
#1188 = DIRECTION ( 'NONE',  ( 0.7071067811865365815, -0.000000000000000000, 0.7071067811865584529 ) ) ;
#1189 = CARTESIAN_POINT ( 'NONE',  ( -5.464205779572444577, 3.065503081827916088, 24.39623928826944521 ) ) ;
#1190 = FACE_OUTER_BOUND ( 'NONE', #1854, .T. ) ;
#1191 = CARTESIAN_POINT ( 'NONE',  ( -37.50000000000000711, 5.000000000000000000, 0.000000000000000000 ) ) ;
#1192 = CARTESIAN_POINT ( 'NONE',  ( -20.85604198162318212, 5.000000000000000000, 13.78497416975350909 ) ) ;
#1193 = CARTESIAN_POINT ( 'NONE',  ( 26.47740661031225429, 5.000000000000000000, 30.40540028109646897 ) ) ;
#1194 = CARTESIAN_POINT ( 'NONE',  ( -19.91814315733612517, -4.747784448730048901, -15.11155620466634630 ) ) ;
#1195 = CARTESIAN_POINT ( 'NONE',  ( 28.79963415779985780, 2.509523630050559895, -8.403230970191831517 ) ) ;
#1196 = FACE_OUTER_BOUND ( 'NONE', #1269, .T. ) ;
#1197 = VERTEX_POINT ( 'NONE', #2383 ) ;
#1198 = ORIENTED_EDGE ( 'NONE', *, *, #193, .T. ) ;
#1199 = VECTOR ( 'NONE', #1800, 1000.000000000000000 ) ;
#1200 = CARTESIAN_POINT ( 'NONE',  ( -6.346194073851275874, -1.138426924241797700, 24.18112576540193359 ) ) ;
#1201 = CARTESIAN_POINT ( 'NONE',  ( 24.07844168159268250, 1.612460202123306319, 6.725395406846218727 ) ) ;
#1202 = DIRECTION ( 'NONE',  ( 0.000000000000000000, 1.000000000000000000, 0.000000000000000000 ) ) ;
#1203 = APPROVAL ( #2000, 'UNSPECIFIED' ) ;
#1204 = DIRECTION ( 'NONE',  ( 0.000000000000000000, -1.000000000000000000, 0.000000000000000000 ) ) ;
#1205 = CARTESIAN_POINT ( 'NONE',  ( 24.10566042540695619, -1.306756865308265292, 6.627318532903483828 ) ) ;
#1206 = CIRCLE ( 'NONE', #887, 30.00000000000000000 ) ;
#1207 = ORIENTED_EDGE ( 'NONE', *, *, #839, .F. ) ;
#1208 = CARTESIAN_POINT ( 'NONE',  ( 18.75000000000001421, 5.000000000000000000, 27.47595264191633291 ) ) ;
#1209 = FACE_OUTER_BOUND ( 'NONE', #1808, .T. ) ;
#1210 = AXIS2_PLACEMENT_3D ( 'NONE', #1137, #1468, #1480 ) ;
#1211 = DIRECTION ( 'NONE',  ( 0.000000000000000000, -1.000000000000000000, 0.000000000000000000 ) ) ;
#1212 = ORIENTED_EDGE ( 'NONE', *, *, #107, .F. ) ;
#1213 = CARTESIAN_POINT ( 'NONE',  ( -4.558852013387229896, -3.982451125525882762, 24.58236489693099003 ) ) ;
#1214 = CARTESIAN_POINT ( 'NONE',  ( 0.000000000000000000, 0.000000000000000000, 0.000000000000000000 ) ) ;
#1215 = CARTESIAN_POINT ( 'NONE',  ( -5.320830377066579686, 4.343916154348331560, 29.52565265814249784 ) ) ;
#1216 = DIRECTION ( 'NONE',  ( 0.000000000000000000, 0.000000000000000000, 1.000000000000000000 ) ) ;
#1217 = DIRECTION ( 'NONE',  ( 0.9659258262890689783, 0.000000000000000000, 0.2588190451025185745 ) ) ;
#1218 = CC_DESIGN_PERSON_AND_ORGANIZATION_ASSIGNMENT ( #305, #2231, ( #1105 ) ) ;
#1219 = VECTOR ( 'NONE', #1950, 1000.000000000000000 ) ;
#1220 = ORIENTED_EDGE ( 'NONE', *, *, #1495, .F. ) ;
#1221 = DIRECTION ( 'NONE',  ( -0.7071067811865491270, 0.000000000000000000, -0.7071067811865459074 ) ) ;
#1222 = CARTESIAN_POINT ( 'NONE',  ( -17.79223805968358008, 1.306661248551046484, -17.56247361712601318 ) ) ;
#1223 = CARTESIAN_POINT ( 'NONE',  ( 18.75000000000001421, 5.000000000000000000, 27.47595264191633646 ) ) ;
#1224 = CARTESIAN_POINT ( 'NONE',  ( -23.09863549849483988, 4.499610852145159434, 19.14537584759629141 ) ) ;
#1225 = ORIENTED_EDGE ( 'NONE', *, *, #2246, .T. ) ;
#1226 = CIRCLE ( 'NONE', #696, 5.000000000000101252 ) ;
#1227 = VERTEX_POINT ( 'NONE', #1023 ) ;
#1228 = APPLICATION_CONTEXT ( 'configuration controlled 3d designs of mechanical parts and assemblies' ) ;
#1229 = ORIENTED_EDGE ( 'NONE', *, *, #1649, .T. ) ;
#1230 = DATE_AND_TIME ( #455, #940 ) ;
#1231 = CYLINDRICAL_SURFACE ( 'NONE', #556, 5.000000000000101252 ) ;
#1232 = CARTESIAN_POINT ( 'NONE',  ( 28.93544750130588383, 1.305467688192388342, 7.921115913926938923 ) ) ;
#1233 = ADVANCED_FACE ( 'NONE', ( #456 ), #1231, .F. ) ;
#1234 = ORIENTED_EDGE ( 'NONE', *, *, #506, .F. ) ;
#1235 = CARTESIAN_POINT ( 'NONE',  ( -19.36253955259292425, -4.346812539639476114, -15.81669553604397827 ) ) ;
#1236 = CARTESIAN_POINT ( 'NONE',  ( 27.91481159041160609, 4.746158880890765097, -10.99338317809986343 ) ) ;
#1237 = EDGE_CURVE ( 'NONE', #898, #1006, #1731, .T. ) ;
#1238 = VERTEX_POINT ( 'NONE', #2153 ) ;
#1239 = ORIENTED_EDGE ( 'NONE', *, *, #71, .F. ) ;
#1240 = EDGE_CURVE ( 'NONE', #1464, #793, #1540, .T. ) ;
#1241 = ORIENTED_EDGE ( 'NONE', *, *, #1833, .T. ) ;
#1242 = CARTESIAN_POINT ( 'NONE',  ( -7.509637544876877513, 1.610536090474207205, 29.04492433344259439 ) ) ;
#1243 = CARTESIAN_POINT ( 'NONE',  ( -22.90955008032072726, 4.343916156189312261, -19.37080060059795983 ) ) ;
#1244 = CIRCLE ( 'NONE', #2172, 25.00000000000000000 ) ;
#1245 = CARTESIAN_POINT ( 'NONE',  ( 27.79261853708884189, 4.835523866148290217, 11.29580471648342943 ) ) ;
#1246 = ORIENTED_EDGE ( 'NONE', *, *, #774, .F. ) ;
#1247 = CARTESIAN_POINT ( 'NONE',  ( 18.75000000000015632, -5.000000000000000000, -27.47595264191637199 ) ) ;
#1248 = AXIS2_PLACEMENT_3D ( 'NONE', #1114, #2501, #1710 ) ;
#1249 = CARTESIAN_POINT ( 'NONE',  ( -21.21320343559778010, 0.3310633690698644993, 21.21320343559508004 ) ) ;
#1250 = EDGE_LOOP ( 'NONE', ( #2280, #78, #1175, #1048 ) ) ;
#1251 = ORIENTED_EDGE ( 'NONE', *, *, #1542, .T. ) ;
#1252 = CARTESIAN_POINT ( 'NONE',  ( -6.470476127331677318, 0.000000000000000000, -24.14814565728869411 ) ) ;
#1253 = CARTESIAN_POINT ( 'NONE',  ( -22.55113692913003476, 3.979173874552750512, -19.78690536679441792 ) ) ;
#1254 = EDGE_CURVE ( 'NONE', #558, #264, #2326, .T. ) ;
#1255 = CARTESIAN_POINT ( 'NONE',  ( 28.22842455259412020, 4.347038263699844585, 10.16024833323952059 ) ) ;
#1256 = ORIENTED_EDGE ( 'NONE', *, *, #417, .F. ) ;
#1257 = DIRECTION ( 'NONE',  ( -0.000000000000000000, -1.000000000000000000, 0.000000000000000000 ) ) ;
#1258 = DIRECTION ( 'NONE',  ( 0.000000000000000000, 1.000000000000000000, 0.000000000000000000 ) ) ;
#1259 = VERTEX_POINT ( 'NONE', #4 ) ;
#1260 = CIRCLE ( 'NONE', #170, 30.00000000000000000 ) ;
#1261 = ORIENTED_EDGE ( 'NONE', *, *, #908, .T. ) ;
#1262 = CARTESIAN_POINT ( 'NONE',  ( 0.000000000000000000, 10.00000000000000000, -30.00000000000000000 ) ) ;
#1263 = CARTESIAN_POINT ( 'NONE',  ( -22.07373448332157295, -3.313998619986435745, -20.31757886188069406 ) ) ;
#1264 = EDGE_CURVE ( 'NONE', #1072, #1551, #1958, .T. ) ;
#1265 = LINE ( 'NONE', #2450, #2010 ) ;
#1266 = CARTESIAN_POINT ( 'NONE',  ( 18.75000000000015632, -5.000000000000000000, -32.47595264191637199 ) ) ;
#1267 = DIRECTION ( 'NONE',  ( 0.000000000000000000, 0.000000000000000000, 1.000000000000000000 ) ) ;
#1268 = EDGE_LOOP ( 'NONE', ( #304, #1089 ) ) ;
#1269 = EDGE_LOOP ( 'NONE', ( #124, #2459, #2414, #2255 ) ) ;
#1270 = AXIS2_PLACEMENT_3D ( 'NONE', #926, #1257, #2067 ) ;
#1271 = CALENDAR_DATE ( 2026, 30, 7 ) ;
#1272 = CARTESIAN_POINT ( 'NONE',  ( 3.061616997868383043E-15, 10.00000000000000000, 25.00000000000000000 ) ) ;
#1273 = CARTESIAN_POINT ( 'NONE',  ( -21.43813561571322879, 1.766955290727541872, -20.98595512280925846 ) ) ;
#1274 = ADVANCED_FACE ( 'NONE', ( #46 ), #2112, .F. ) ;
#1275 = DIRECTION ( 'NONE',  ( 0.2588190451025311756, -0.000000000000000000, -0.9659258262890654256 ) ) ;
#1276 = CIRCLE ( 'NONE', #110, 5.000000000000101252 ) ;
#1277 = EDGE_CURVE ( 'NONE', #2380, #1440, #222, .T. ) ;
#1278 = B_SPLINE_CURVE_WITH_KNOTS ( 'NONE', 3,
 ( #1103, #308, #719, #911, #472, #480, #1243, #1253, #1633, #2447, #2037, #141, #2419, #1273, #1686, #680, #1460, #694, #1472, #2234, #706, #493, #89, #321, #864, #1091, #1263, #2210, #1825, #380, #2489, #529, #1300, #2273, #945, #201, #1508, #736 ),
 .UNSPECIFIED., .F., .F.,
 ( 4, 2, 2, 2, 2, 2, 2, 2, 2, 2, 2, 2, 2, 2, 2, 2, 2, 2, 4 ),
 ( 0.000000000000000000, 0.0009867817817352910262, 0.001973563563470582052, 0.002960345345205873079, 0.003947127126941164105, 0.004933908908676454264, 0.005920690690411746157, 0.006414081581279391236, 0.006907472472147037183, 0.007894254253882329944, 0.008881036035617621838, 0.009867817817352913731, 0.01085459959908820909, 0.01184138138082350099, 0.01282816316255879462, 0.01381494494429408824, 0.01430833583516173679, 0.01480172672602938534, 0.01578850850776467724 ),
 .UNSPECIFIED. ) ;
#1279 = CARTESIAN_POINT ( 'NONE',  ( 22.92153211241419086, -4.842430339322643995, -9.985416376573498454 ) ) ;
#1280 = EDGE_CURVE ( 'NONE', #351, #1401, #625, .T. ) ;
#1281 = CARTESIAN_POINT ( 'NONE',  ( 28.97777478861012668, 5.605193857299268284E-42, 7.764571353306716439 ) ) ;
#1282 = ORIENTED_EDGE ( 'NONE', *, *, #1345, .F. ) ;
#1283 = VERTEX_POINT ( 'NONE', #404 ) ;
#1284 = AXIS2_PLACEMENT_3D ( 'NONE', #580, #1913, #1182 ) ;
#1285 = CIRCLE ( 'NONE', #116, 8.000000000000000000 ) ;
#1286 = CARTESIAN_POINT ( 'NONE',  ( -20.20704449306759187, -4.875475623427573346, 14.72077136610866255 ) ) ;
#1287 = ORIENTED_EDGE ( 'NONE', *, *, #107, .T. ) ;
#1288 = CARTESIAN_POINT ( 'NONE',  ( 18.75000000000001421, 5.000000000000000000, 32.47595264191643594 ) ) ;
#1289 = CARTESIAN_POINT ( 'NONE',  ( 27.27837603887609674, -5.000000000000000000, 12.48559973255872713 ) ) ;
#1290 = VECTOR ( 'NONE', #1970, 1000.000000000000000 ) ;
#1291 = FACE_BOUND ( 'NONE', #861, .T. ) ;
#1292 = ADVANCED_FACE ( 'NONE', ( #1945 ), #980, .F. ) ;
#1293 = DIRECTION ( 'NONE',  ( -0.9659258262890688673, 0.000000000000000000, 0.2588190451025186301 ) ) ;
#1294 = ADVANCED_FACE ( 'NONE', ( #375 ), #1903, .T. ) ;
#1295 = CARTESIAN_POINT ( 'NONE',  ( 26.47740661031225429, -5.000000000000000000, 30.40540028109646897 ) ) ;
#1296 = ORIENTED_EDGE ( 'NONE', *, *, #330, .F. ) ;
#1297 = ORIENTED_EDGE ( 'NONE', *, *, #1618, .F. ) ;
#1298 = ORIENTED_EDGE ( 'NONE', *, *, #879, .T. ) ;
#1299 = CARTESIAN_POINT ( 'NONE',  ( -4.804958720930158300, -3.778299197101127493, -24.53500358873475662 ) ) ;
#1300 = CARTESIAN_POINT ( 'NONE',  ( -23.48385961563755231, -4.741452929708087183, -18.66904355908078728 ) ) ;
#1301 = CARTESIAN_POINT ( 'NONE',  ( -37.50000000000000711, 5.000000000000000000, 0.000000000000000000 ) ) ;
#1302 = CIRCLE ( 'NONE', #1630, 30.00000000000000355 ) ;
#1303 = FACE_OUTER_BOUND ( 'NONE', #1869, .T. ) ;
#1304 = DIRECTION ( 'NONE',  ( 0.000000000000000000, 1.000000000000000000, -0.000000000000000000 ) ) ;
#1305 = DIRECTION ( 'NONE',  ( -0.7071067811865455743, 0.000000000000000000, 0.7071067811865495711 ) ) ;
#1306 = VERTEX_POINT ( 'NONE', #1940 ) ;
#1307 = ORIENTED_EDGE ( 'NONE', *, *, #1622, .F. ) ;
#1308 = ORIENTED_EDGE ( 'NONE', *, *, #429, .F. ) ;
#1309 = EDGE_CURVE ( 'NONE', #816, #1707, #2148, .T. ) ;
#1310 = CARTESIAN_POINT ( 'NONE',  ( -2.033347189165958468, 5.000000000000000000, -26.90707154656382727 ) ) ;
#1311 = ORIENTED_EDGE ( 'NONE', *, *, #1833, .F. ) ;
#1312 = APPROVAL_DATE_TIME ( #514, #1960 ) ;
#1313 = EDGE_LOOP ( 'NONE', ( #713, #1629 ) ) ;
#1314 = CARTESIAN_POINT ( 'NONE',  ( -27.97529114175929976, -5.000000000000000000, -10.83434748998773678 ) ) ;
#1315 = CARTESIAN_POINT ( 'NONE',  ( 18.75000000000015632, 5.000000000000000000, -32.47595264191637199 ) ) ;
#1316 = VECTOR ( 'NONE', #1204, 1000.000000000000000 ) ;
#1317 = CARTESIAN_POINT ( 'NONE',  ( 0.000000000000000000, -5.000000000000000000, 0.000000000000000000 ) ) ;
#1318 = AXIS2_PLACEMENT_3D ( 'NONE', #2511, #759, #1162 ) ;
#1319 = DIRECTION ( 'NONE',  ( 0.000000000000000000, -1.000000000000000000, 0.000000000000000000 ) ) ;
#1320 = ORIENTED_EDGE ( 'NONE', *, *, #1171, .T. ) ;
#1321 = VERTEX_POINT ( 'NONE', #171 ) ;
#1322 = CARTESIAN_POINT ( 'NONE',  ( -21.21320343559780142, 0.000000000000000000, 21.21320343559504806 ) ) ;
#1323 = ADVANCED_FACE ( 'NONE', ( #1765 ), #941, .T. ) ;
#1324 = EDGE_LOOP ( 'NONE', ( #2243, #1997, #614, #639 ) ) ;
#1325 = VERTEX_POINT ( 'NONE', #608 ) ;
#1326 = CIRCLE ( 'NONE', #1709, 30.00000000000000355 ) ;
#1327 = AXIS2_PLACEMENT_3D ( 'NONE', #1488, #1304, #2081 ) ;
#1328 = EDGE_CURVE ( 'NONE', #264, #2323, #1535, .T. ) ;
#1329 = CARTESIAN_POINT ( 'NONE',  ( 0.000000000000000000, 10.00000000000000000, 0.000000000000000000 ) ) ;
#1330 = CARTESIAN_POINT ( 'NONE',  ( 0.000000000000000000, 10.00000000000000000, 0.000000000000000000 ) ) ;
#1331 = ADVANCED_FACE ( 'NONE', ( #1914, #1372 ), #2122, .F. ) ;
#1332 = AXIS2_PLACEMENT_3D ( 'NONE', #2181, #863, #1632 ) ;
#1333 = CARTESIAN_POINT ( 'NONE',  ( -37.50000000000000711, 5.000000000000000000, 0.000000000000000000 ) ) ;
#1334 = CARTESIAN_POINT ( 'NONE',  ( 18.75000000000015632, 10.00000000000000000, -37.47595264191636488 ) ) ;
#1335 = ORIENTED_EDGE ( 'NONE', *, *, #280, .F. ) ;
#1336 = FACE_OUTER_BOUND ( 'NONE', #659, .T. ) ;
#1337 = DIRECTION ( 'NONE',  ( 0.000000000000000000, 0.000000000000000000, 1.000000000000000000 ) ) ;
#1338 = CARTESIAN_POINT ( 'NONE',  ( 18.75000000000001421, -5.000000000000000000, 27.47595264191633291 ) ) ;
#1339 = VECTOR ( 'NONE', #180, 1000.000000000000114 ) ;
#1340 = ORIENTED_EDGE ( 'NONE', *, *, #2155, .T. ) ;
#1341 = CARTESIAN_POINT ( 'NONE',  ( -2.813141806729043459, -4.842430339322642219, 24.84333729129825841 ) ) ;
#1342 = DIRECTION ( 'NONE',  ( 0.000000000000000000, -1.000000000000000000, 0.000000000000000000 ) ) ;
#1343 = AXIS2_PLACEMENT_3D ( 'NONE', #1875, #1853, #497 ) ;
#1344 = CARTESIAN_POINT ( 'NONE',  ( 18.75000000000001421, 5.000000000000000000, 32.47595264191643594 ) ) ;
#1345 = EDGE_CURVE ( 'NONE', #1042, #197, #1684, .T. ) ;
#1346 = CARTESIAN_POINT ( 'NONE',  ( 18.75000000000015632, 5.000000000000000000, -32.47595264191637199 ) ) ;
#1347 = FACE_OUTER_BOUND ( 'NONE', #1250, .T. ) ;
#1348 = DIRECTION ( 'NONE',  ( -0.2588190451025099703, 0.000000000000000000, -0.9659258262890710878 ) ) ;
#1349 = CARTESIAN_POINT ( 'NONE',  ( -2.033347189165958468, -5.000000000000000000, -26.90707154656382727 ) ) ;
#1350 = DIRECTION ( 'NONE',  ( 0.000000000000000000, 0.000000000000000000, -1.000000000000000000 ) ) ;
#1351 = ORIENTED_EDGE ( 'NONE', *, *, #1838, .T. ) ;
#1352 = ORIENTED_EDGE ( 'NONE', *, *, #2019, .F. ) ;
#1353 = DIRECTION ( 'NONE',  ( 0.000000000000000000, 0.000000000000000000, -1.000000000000000000 ) ) ;
#1354 = CARTESIAN_POINT ( 'NONE',  ( 18.75000000000015632, 5.000000000000000000, -27.47595264191637199 ) ) ;
#1355 = ADVANCED_FACE ( 'NONE', ( #1336, #2308, #2108, #388, #1157 ), #216, .F. ) ;
#1356 = CARTESIAN_POINT ( 'NONE',  ( -17.67766952966509564, 0.3314903093365178521, 17.67766952966228189 ) ) ;
#1357 = EDGE_CURVE ( 'NONE', #2230, #1440, #230, .T. ) ;
#1358 = VECTOR ( 'NONE', #1678, 1000.000000000000000 ) ;
#1359 = CARTESIAN_POINT ( 'NONE',  ( 23.37046573063729937, -10.00000000000000000, -18.81013906203534347 ) ) ;
#1360 = FACE_OUTER_BOUND ( 'NONE', #111, .T. ) ;
#1361 = CARTESIAN_POINT ( 'NONE',  ( 18.75000000000015632, 5.000000000000000000, -37.47595264191636488 ) ) ;
#1362 = CIRCLE ( 'NONE', #757, 8.000000000000000000 ) ;
#1363 = VERTEX_POINT ( 'NONE', #1624 ) ;
#1364 = DIRECTION ( 'NONE',  ( 0.000000000000000000, 1.000000000000000000, 0.000000000000000000 ) ) ;
#1365 = CARTESIAN_POINT ( 'NONE',  ( 18.75000000000001421, 10.00000000000000000, 32.47595264191643594 ) ) ;
#1366 = FACE_OUTER_BOUND ( 'NONE', #600, .T. ) ;
#1367 = AXIS2_PLACEMENT_3D ( 'NONE', #645, #457, #1604 ) ;
#1368 = CARTESIAN_POINT ( 'NONE',  ( 28.90846702123299394, -1.610471025998097216, 8.018903909116966489 ) ) ;
#1369 = CARTESIAN_POINT ( 'NONE',  ( 22.36615881216811985, -5.000000000000000000, 11.16937509392868044 ) ) ;
#1370 = CARTESIAN_POINT ( 'NONE',  ( 18.75000000000015632, 5.000000000000000000, -27.47595264191637199 ) ) ;
#1371 = EDGE_CURVE ( 'NONE', #1998, #793, #2173, .T. ) ;
#1372 = FACE_BOUND ( 'NONE', #824, .T. ) ;
#1373 = CARTESIAN_POINT ( 'NONE',  ( 0.000000000000000000, 5.000000000000000000, 0.000000000000000000 ) ) ;
#1374 = DIRECTION ( 'NONE',  ( -0.000000000000000000, -1.000000000000000000, 0.000000000000000000 ) ) ;
#1375 = ORIENTED_EDGE ( 'NONE', *, *, #1457, .F. ) ;
#1376 = CARTESIAN_POINT ( 'NONE',  ( 0.000000000000000000, 10.00000000000000000, 0.000000000000000000 ) ) ;
#1377 = CARTESIAN_POINT ( 'NONE',  ( -5.826364749002880039, -2.512410764282419606, 24.31227802521208758 ) ) ;
#1378 = DIRECTION ( 'NONE',  ( 0.000000000000000000, -1.000000000000000000, 0.000000000000000000 ) ) ;
#1379 = DIRECTION ( 'NONE',  ( 0.000000000000000000, 1.000000000000000000, 0.000000000000000000 ) ) ;
#1380 = DIRECTION ( 'NONE',  ( 0.000000000000000000, 0.000000000000000000, 1.000000000000000000 ) ) ;
#1381 = EDGE_CURVE ( 'NONE', #558, #1600, #1638, .T. ) ;
#1382 = CARTESIAN_POINT ( 'NONE',  ( -17.67766952966505656, -0.3314804395406648063, 17.67766952966232807 ) ) ;
#1383 = DIRECTION ( 'NONE',  ( 0.000000000000000000, 0.000000000000000000, 1.000000000000000000 ) ) ;
#1384 = CARTESIAN_POINT ( 'NONE',  ( 18.75000000000001421, -5.000000000000000000, 32.47595264191643594 ) ) ;
#1385 = CARTESIAN_POINT ( 'NONE',  ( 27.27837603890018059, -5.000000000000000000, -12.48559973250609900 ) ) ;
#1386 = VECTOR ( 'NONE', #1211, 1000.000000000000000 ) ;
#1387 = ORGANIZATION ( 'UNSPECIFIED', 'UNSPECIFIED', '' ) ;
#1388 = EDGE_CURVE ( 'NONE', #1363, #1615, #2225, .T. ) ;
#1389 = VERTEX_POINT ( 'NONE', #80 ) ;
#1390 = CARTESIAN_POINT ( 'NONE',  ( 13.09314575050723306, -10.00000000000000000, 38.13280689140890445 ) ) ;
#1391 = CARTESIAN_POINT ( 'NONE',  ( -3.725212440773237876, 4.502069821094239366, 24.72277353754506990 ) ) ;
#1392 = EDGE_CURVE ( 'NONE', #197, #1321, #1801, .T. ) ;
#1393 = CARTESIAN_POINT ( 'NONE',  ( 22.92153983995720523, 4.842425626689175644, 9.985398791384525907 ) ) ;
#1394 = CARTESIAN_POINT ( 'NONE',  ( -3.479520027498788082, -4.968340397755828697, 29.79925575409589200 ) ) ;
#1395 = CARTESIAN_POINT ( 'NONE',  ( 22.36615881232998504, 5.000000000000000000, -11.16937509360455394 ) ) ;
#1396 = CARTESIAN_POINT ( 'NONE',  ( -20.67327098366491711, 5.000000000000992095, 14.06149841706074355 ) ) ;
#1397 = DIRECTION ( 'NONE',  ( -0.7071067811865455743, 0.000000000000000000, 0.7071067811865495711 ) ) ;
#1398 = CARTESIAN_POINT ( 'NONE',  ( 0.000000000000000000, -10.00000000000000000, 0.000000000000000000 ) ) ;
#1399 = CARTESIAN_POINT ( 'NONE',  ( 28.41153117620249091, 3.979173872910961141, -9.636404776391721327 ) ) ;
#1400 = CARTESIAN_POINT ( 'NONE',  ( 18.75000000000001421, 5.000000000000000000, 37.47595264191654252 ) ) ;
#1401 = VERTEX_POINT ( 'NONE', #1776 ) ;
#1402 = ORIENTED_EDGE ( 'NONE', *, *, #1446, .F. ) ;
#1403 = VERTEX_POINT ( 'NONE', #2018 ) ;
#1404 = AXIS2_PLACEMENT_3D ( 'NONE', #2398, #103, #2198 ) ;
#1405 = CARTESIAN_POINT ( 'NONE',  ( -4.016390363151551846, -4.346812540241342226, 24.67679890213908322 ) ) ;
#1406 = CARTESIAN_POINT ( 'NONE',  ( 24.11457225575893304, 1.138329642503968619, 6.594575592610985915 ) ) ;
#1407 = EDGE_CURVE ( 'NONE', #2240, #1551, #435, .T. ) ;
#1408 = DIRECTION ( 'NONE',  ( 0.000000000000000000, 0.000000000000000000, 1.000000000000000000 ) ) ;
#1409 = CARTESIAN_POINT ( 'NONE',  ( -2.826341469615339719, -5.000000000000000000, 29.86656648992536489 ) ) ;
#1410 = B_SPLINE_CURVE_WITH_KNOTS ( 'NONE', 3,
 ( #902, #2038, #323, #155, #923, #934, #530, #2491, #1509, #1872, #737, #2235, #334, #166, #1092, #1677, #2462, #1897, #519, #494 ),
 .UNSPECIFIED., .F., .F.,
 ( 4, 2, 2, 2, 2, 2, 2, 2, 2, 4 ),
 ( 0.000000000000000000, 0.0009867925814860047540, 0.001973585162972009508, 0.002960377744458014045, 0.003947170325944019016, 0.004933962907430023553, 0.005920755488916026356, 0.006414151779659028191, 0.006907548070402030026, 0.007894340651888032828 ),
 .UNSPECIFIED. ) ;
#1411 = CARTESIAN_POINT ( 'NONE',  ( 22.85208421275440216, -4.875475623541491998, 10.13942818364231435 ) ) ;
#1412 = CIRCLE ( 'NONE', #1085, 7.999999999999996447 ) ;
#1413 = CIRCLE ( 'NONE', #157, 4.999999999999997335 ) ;
#1414 = ORIENTED_EDGE ( 'NONE', *, *, #2313, .T. ) ;
#1415 = CARTESIAN_POINT ( 'NONE',  ( -20.48704035400509582, -4.968651988986660939, -14.33130671387711530 ) ) ;
#1416 = CARTESIAN_POINT ( 'NONE',  ( 28.49139685597680938, 3.772423783745546544, -9.396487553717902230 ) ) ;
#1417 = AXIS2_PLACEMENT_3D ( 'NONE', #2109, #1515, #206 ) ;
#1418 = CARTESIAN_POINT ( 'NONE',  ( 0.000000000000000000, 10.00000000000000000, 0.000000000000000000 ) ) ;
#1419 = VERTEX_POINT ( 'NONE', #1208 ) ;
#1420 = ORIENTED_EDGE ( 'NONE', *, *, #2169, .F. ) ;
#1421 = EDGE_LOOP ( 'NONE', ( #848, #920, #2487, #1587 ) ) ;
#1422 = EDGE_CURVE ( 'NONE', #2392, #1615, #2463, .T. ) ;
#1423 = CARTESIAN_POINT ( 'NONE',  ( 4.604825411122230427, 5.000000000000000000, -29.64448655202317795 ) ) ;
#1424 = CARTESIAN_POINT ( 'NONE',  ( -5.031086390001384245, -4.499600075547685485, 29.57668929376868405 ) ) ;
#1425 = CARTESIAN_POINT ( 'NONE',  ( 13.09314575050776241, -5.000000000000000000, -38.13280689140874102 ) ) ;
#1426 = CARTESIAN_POINT ( 'NONE',  ( 27.90978949281895183, 4.741458601424117347, 11.00311318707557184 ) ) ;
#1427 = VECTOR ( 'NONE', #2061, 1000.000000000000000 ) ;
#1428 = EDGE_LOOP ( 'NONE', ( #500, #1655, #44, #1465 ) ) ;
#1429 = CARTESIAN_POINT ( 'NONE',  ( -20.20703470203871532, 4.875471924949698277, -14.72078483135907767 ) ) ;
#1430 = CARTESIAN_POINT ( 'NONE',  ( 27.41614394648130215, -5.000000000000000000, -12.18460619838646330 ) ) ;
#1431 = CARTESIAN_POINT ( 'NONE',  ( -21.21320343559780142, 0.000000000000000000, 21.21320343559504806 ) ) ;
#1432 = ORIENTED_EDGE ( 'NONE', *, *, #951, .T. ) ;
#1433 = ORIENTED_EDGE ( 'NONE', *, *, #417, .T. ) ;
#1434 = DIRECTION ( 'NONE',  ( -0.2588190451025217942, 0.000000000000000000, 0.9659258262890679791 ) ) ;
#1435 = LINE ( 'NONE', #1423, #785 ) ;
#1436 = APPROVAL_PERSON_ORGANIZATION ( #1672, #1668, #734 ) ;
#1437 = CARTESIAN_POINT ( 'NONE',  ( -7.764576913799029256, -0.3309790555308241289, 28.97777329868070240 ) ) ;
#1438 = CARTESIAN_POINT ( 'NONE',  ( 4.604825411121832524, -5.000000000000000000, 29.64448655202324545 ) ) ;
#1439 = ADVANCED_FACE ( 'NONE', ( #531 ), #158, .F. ) ;
#1440 = VERTEX_POINT ( 'NONE', #1840 ) ;
#1441 = CARTESIAN_POINT ( 'NONE',  ( -20.85604198162149814, -5.000000000000000000, -13.78497416975605638 ) ) ;
#1442 = LINE ( 'NONE', #1829, #1386 ) ;
#1443 = ORIENTED_EDGE ( 'NONE', *, *, #2119, .T. ) ;
#1444 = CIRCLE ( 'NONE', #310, 8.000000000000000000 ) ;
#1445 = ORIENTED_EDGE ( 'NONE', *, *, #429, .T. ) ;
#1446 = EDGE_CURVE ( 'NONE', #2284, #1695, #1444, .T. ) ;
#1447 = DIRECTION ( 'NONE',  ( 0.000000000000000000, 1.000000000000000000, 0.000000000000000000 ) ) ;
#1448 = CARTESIAN_POINT ( 'NONE',  ( -6.767789935725151196, 3.053770277106825581, 29.22721741369508663 ) ) ;
#1449 = FACE_OUTER_BOUND ( 'NONE', #2009, .T. ) ;
#1450 = CARTESIAN_POINT ( 'NONE',  ( 28.96939809589827064, 0.6583548758557624669, 7.796035747997891896 ) ) ;
#1451 = VERTEX_POINT ( 'NONE', #483 ) ;
#1452 = CARTESIAN_POINT ( 'NONE',  ( -20.67327370435698342, -5.000000001862770382, -14.06149430076371765 ) ) ;
#1453 = FACE_OUTER_BOUND ( 'NONE', #2073, .T. ) ;
#1454 = EDGE_LOOP ( 'NONE', ( #1681, #1058, #2337, #2482, #251, #2191, #1877, #2404, #1628, #287, #1981, #2456, #290 ) ) ;
#1455 = ORIENTED_EDGE ( 'NONE', *, *, #91, .T. ) ;
#1456 = ORIENTED_EDGE ( 'NONE', *, *, #355, .F. ) ;
#1457 = EDGE_CURVE ( 'NONE', #1574, #1842, #349, .T. ) ;
#1458 = ORIENTED_EDGE ( 'NONE', *, *, #774, .T. ) ;
#1459 = CARTESIAN_POINT ( 'NONE',  ( -2.645039719494802100, -4.875475623541492887, -24.86019954948780608 ) ) ;
#1460 = CARTESIAN_POINT ( 'NONE',  ( -21.30371037353784303, 1.136984887287179280, -21.12233276943419469 ) ) ;
#1461 = CARTESIAN_POINT ( 'NONE',  ( 18.75000000000015632, 10.00000000000000000, -27.47595264191637199 ) ) ;
#1462 = CARTESIAN_POINT ( 'NONE',  ( 24.07843354948924031, -1.612548815998682938, -6.725424538784325001 ) ) ;
#1463 = CARTESIAN_POINT ( 'NONE',  ( -5.860422311815446150, -3.979152298064403404, -29.42330457267082267 ) ) ;
#1464 = VERTEX_POINT ( 'NONE', #684 ) ;
#1465 = ORIENTED_EDGE ( 'NONE', *, *, #1762, .T. ) ;
#1466 = EDGE_CURVE ( 'NONE', #1827, #2454, #2248, .T. ) ;
#1467 = CIRCLE ( 'NONE', #570, 25.00000000000000000 ) ;
#1468 = DIRECTION ( 'NONE',  ( 0.000000000000000000, 1.000000000000000000, 0.000000000000000000 ) ) ;
#1469 = ADVANCED_FACE ( 'NONE', ( #1852 ), #335, .F. ) ;
#1470 = ORIENTED_EDGE ( 'NONE', *, *, #2490, .F. ) ;
#1471 = CARTESIAN_POINT ( 'NONE',  ( -7.764571352847841723, 0.3310633686722298519, -28.97777478873308965 ) ) ;
#1472 = CARTESIAN_POINT ( 'NONE',  ( -21.21320751071627342, 0.3311529675626019298, -21.21319936047657251 ) ) ;
#1473 = CARTESIAN_POINT ( 'NONE',  ( 13.09314575050776241, 5.000000000000000000, -38.13280689140874102 ) ) ;
#1474 = CIRCLE ( 'NONE', #1548, 30.00000000000000000 ) ;
#1475 = DIRECTION ( 'NONE',  ( -0.000000000000000000, 1.000000000000000000, -0.000000000000000000 ) ) ;
#1476 = CARTESIAN_POINT ( 'NONE',  ( -7.602188889493648460, -1.295679409145060967, -29.02083750531377504 ) ) ;
#1477 = ORIENTED_EDGE ( 'NONE', *, *, #2367, .F. ) ;
#1478 = ORIENTED_EDGE ( 'NONE', *, *, #1856, .T. ) ;
#1479 = ORIENTED_EDGE ( 'NONE', *, *, #1620, .F. ) ;
#1480 = DIRECTION ( 'NONE',  ( 0.000000000000000000, 0.000000000000000000, 1.000000000000000000 ) ) ;
#1481 = VECTOR ( 'NONE', #870, 1000.000000000000000 ) ;
#1482 = APPROVAL_STATUS ( 'not_yet_approved' ) ;
#1483 = CARTESIAN_POINT ( 'NONE',  ( -3.725181969616233157, -4.502084435378628235, -24.72277808449955927 ) ) ;
#1484 = DIRECTION ( 'NONE',  ( 0.000000000000000000, 0.000000000000000000, -1.000000000000000000 ) ) ;
#1485 = DIRECTION ( 'NONE',  ( 0.000000000000000000, 0.000000000000000000, 1.000000000000000000 ) ) ;
#1486 = VECTOR ( 'NONE', #1077, 1000.000000000000114 ) ;
#1487 = CARTESIAN_POINT ( 'NONE',  ( 13.09314575050723306, -5.000000000000000000, 38.13280689140890445 ) ) ;
#1488 = CARTESIAN_POINT ( 'NONE',  ( 0.000000000000000000, -5.000000000000000000, 0.000000000000000000 ) ) ;
#1489 = DIRECTION ( 'NONE',  ( 0.000000000000000000, 1.000000000000000000, 0.000000000000000000 ) ) ;
#1490 = VERTEX_POINT ( 'NONE', #1689 ) ;
#1491 = ORIENTED_EDGE ( 'NONE', *, *, #1392, .F. ) ;
#1492 = CIRCLE ( 'NONE', #2051, 30.00000000000000000 ) ;
#1493 = LINE ( 'NONE', #1272, #641 ) ;
#1494 = CARTESIAN_POINT ( 'NONE',  ( 0.000000000000000000, -5.000000000000000000, -30.00000000000000000 ) ) ;
#1495 = EDGE_CURVE ( 'NONE', #1523, #134, #2087, .T. ) ;
#1496 = DIRECTION ( 'NONE',  ( 0.000000000000000000, -0.000000000000000000, 1.000000000000000000 ) ) ;
#1497 = CARTESIAN_POINT ( 'NONE',  ( 24.14814362461268260, -0.3316024750100223240, -6.470483713381836921 ) ) ;
#1498 = ADVANCED_FACE ( 'NONE', ( #1303 ), #2464, .F. ) ;
#1499 = DIRECTION ( 'NONE',  ( -0.9659258262890699775, -0.000000000000000000, 0.2588190451025146888 ) ) ;
#1500 = ORIENTED_EDGE ( 'NONE', *, *, #224, .F. ) ;
#1501 = ORIENTED_EDGE ( 'NONE', *, *, #1957, .T. ) ;
#1502 = ORIENTED_EDGE ( 'NONE', *, *, #119, .T. ) ;
#1503 = DIRECTION ( 'NONE',  ( 0.000000000000000000, 0.000000000000000000, 1.000000000000000000 ) ) ;
#1504 = CARTESIAN_POINT ( 'NONE',  ( -18.84545702914994436, -3.778299197026549372, 16.42871811102529023 ) ) ;
#1505 = CALENDAR_DATE ( 2026, 30, 7 ) ;
#1506 = ORIENTED_EDGE ( 'NONE', *, *, #1657, .T. ) ;
#1507 = CARTESIAN_POINT ( 'NONE',  ( -5.975379599573680700, -2.226636096121060948, -24.27572194953240725 ) ) ;
#1508 = CARTESIAN_POINT ( 'NONE',  ( -24.26025048037434573, -5.000000000000000000, -17.65077402646788229 ) ) ;
#1509 = CARTESIAN_POINT ( 'NONE',  ( -22.38327554483099746, -3.772398135242119643, 19.97605189580588103 ) ) ;
#1510 = VECTOR ( 'NONE', #1447, 1000.000000000000000 ) ;
#1511 = CARTESIAN_POINT ( 'NONE',  ( 26.47740661031225429, -5.000000000000000000, 30.40540028109646897 ) ) ;
#1512 = CARTESIAN_POINT ( 'NONE',  ( 4.604825411121832524, 5.000000000000000000, 29.64448655202324545 ) ) ;
#1513 = ORIENTED_EDGE ( 'NONE', *, *, #1676, .T. ) ;
#1514 = EDGE_LOOP ( 'NONE', ( #2056, #270, #1207, #2125 ) ) ;
#1515 = DIRECTION ( 'NONE',  ( -0.000000000000000000, -1.000000000000000000, 0.000000000000000000 ) ) ;
#1516 = CARTESIAN_POINT ( 'NONE',  ( -17.86049212475827375, -1.623346006768927818, 17.49338899674554781 ) ) ;
#1517 = CARTESIAN_POINT ( 'NONE',  ( 0.000000000000000000, -10.00000000000000000, 0.000000000000000000 ) ) ;
#1518 = CARTESIAN_POINT ( 'NONE',  ( -24.45203457394134361, -5.000000000000000000, 17.38096675086794818 ) ) ;
#1519 = AXIS2_PLACEMENT_3D ( 'NONE', #1098, #1866, #133 ) ;
#1520 = CARTESIAN_POINT ( 'NONE',  ( 23.27315615591040654, 4.502069821094238478, -9.135258160568854535 ) ) ;
#1521 = VECTOR ( 'NONE', #1594, 1000.000000000000000 ) ;
#1522 = DIRECTION ( 'NONE',  ( -0.7071067811865455743, 0.000000000000000000, 0.7071067811865495711 ) ) ;
#1523 = VERTEX_POINT ( 'NONE', #1106 ) ;
#1524 = CARTESIAN_POINT ( 'NONE',  ( 18.75000000000015632, -5.000000000000000000, -32.47595264191637199 ) ) ;
#1525 = CARTESIAN_POINT ( 'NONE',  ( 23.37046573063729227, -5.000000000000000000, -18.81013906203534347 ) ) ;
#1526 = ADVANCED_FACE ( 'NONE', ( #1863 ), #1874, .T. ) ;
#1527 = DIRECTION ( 'NONE',  ( -6.217248937900876626E-15, 0.000000000000000000, 1.000000000000000000 ) ) ;
#1528 = CIRCLE ( 'NONE', #1367, 8.000000000000000000 ) ;
#1529 = FACE_BOUND ( 'NONE', #1955, .T. ) ;
#1530 = DIRECTION ( 'NONE',  ( 0.000000000000000000, 1.000000000000000000, 0.000000000000000000 ) ) ;
#1531 = AXIS2_PLACEMENT_3D ( 'NONE', #2253, #136, #876 ) ;
#1532 = CARTESIAN_POINT ( 'NONE',  ( 28.49140618246645218, -3.772398132357095868, 9.396459290885873727 ) ) ;
#1533 = LINE ( 'NONE', #1912, #1339 ) ;
#1534 = DIRECTION ( 'NONE',  ( -0.7071067811865460184, 0.000000000000000000, 0.7071067811865490160 ) ) ;
#1535 = LINE ( 'NONE', #1559, #1153 ) ;
#1536 = CARTESIAN_POINT ( 'NONE',  ( 3.061616997868383043E-15, 10.00000000000000000, 25.00000000000000000 ) ) ;
#1537 = LINE ( 'NONE', #207, #1712 ) ;
#1538 = VERTEX_POINT ( 'NONE', #106 ) ;
#1539 = ORIENTED_EDGE ( 'NONE', *, *, #1758, .F. ) ;
#1540 = LINE ( 'NONE', #199, #891 ) ;
#1541 = CARTESIAN_POINT ( 'NONE',  ( 26.47740661031267706, 5.000000000000000000, -30.40540028109612081 ) ) ;
#1542 = EDGE_CURVE ( 'NONE', #2224, #1321, #754, .T. ) ;
#1543 = CARTESIAN_POINT ( 'NONE',  ( -1.510116830344377492, 0.000000000000000000, -24.95434926337913595 ) ) ;
#1544 = DIRECTION ( 'NONE',  ( 0.2588190451025311756, 0.000000000000000000, -0.9659258262890654256 ) ) ;
#1545 = EDGE_CURVE ( 'NONE', #1636, #2111, #2105, .T. ) ;
#1546 = DIRECTION ( 'NONE',  ( 0.000000000000000000, 1.000000000000000000, -0.000000000000000000 ) ) ;
#1547 = CARTESIAN_POINT ( 'NONE',  ( -37.50000000000000711, 10.00000000000000000, 0.000000000000000000 ) ) ;
#1548 = AXIS2_PLACEMENT_3D ( 'NONE', #1770, #2329, #603 ) ;
#1549 = CYLINDRICAL_SURFACE ( 'NONE', #2311, 25.00000000000000000 ) ;
#1550 = ORIENTED_EDGE ( 'NONE', *, *, #1254, .F. ) ;
#1551 = VERTEX_POINT ( 'NONE', #1974 ) ;
#1552 = CARTESIAN_POINT ( 'NONE',  ( 18.75000000000015632, -10.00000000000000000, -32.47595264191637199 ) ) ;
#1553 = DIRECTION ( 'NONE',  ( 0.000000000000000000, -1.000000000000000000, 0.000000000000000000 ) ) ;
#1554 = EDGE_CURVE ( 'NONE', #466, #477, #1721, .T. ) ;
#1555 = CARTESIAN_POINT ( 'NONE',  ( -17.79639133705493137, 1.297288980753884102, 17.55821040341766093 ) ) ;
#1556 = VECTOR ( 'NONE', #288, 1000.000000000000000 ) ;
#1557 = CYLINDRICAL_SURFACE ( 'NONE', #971, 4.999999999999997335 ) ;
#1558 = LINE ( 'NONE', #1193, #2393 ) ;
#1559 = CARTESIAN_POINT ( 'NONE',  ( 13.09314575050723306, 5.000000000000000000, 38.13280689140890445 ) ) ;
#1560 = CARTESIAN_POINT ( 'NONE',  ( 28.22843301254740922, -4.347024306805709948, -10.16022488177857142 ) ) ;
#1561 = DIRECTION ( 'NONE',  ( 0.000000000000000000, 1.000000000000000000, 0.000000000000000000 ) ) ;
#1562 = VERTEX_POINT ( 'NONE', #241 ) ;
#1563 = ORIENTED_EDGE ( 'NONE', *, *, #1171, .F. ) ;
#1564 = ORIENTED_EDGE ( 'NONE', *, *, #1962, .F. ) ;
#1565 = CARTESIAN_POINT ( 'NONE',  ( -5.262711838964616362, -3.314695592146518432, 24.44090413696856956 ) ) ;
#1566 = CYLINDRICAL_SURFACE ( 'NONE', #746, 5.000000000119659838 ) ;
#1567 = CARTESIAN_POINT ( 'NONE',  ( 4.604825411121822754, 10.00000000000000000, 29.64448655202323835 ) ) ;
#1568 = CARTESIAN_POINT ( 'NONE',  ( 27.79760689710568400, -4.841238539036007538, 11.28707042126371718 ) ) ;
#1569 = ADVANCED_FACE ( 'NONE', ( #629 ), #2370, .F. ) ;
#1570 = EDGE_CURVE ( 'NONE', #2151, #678, #913, .T. ) ;
#1571 = CARTESIAN_POINT ( 'NONE',  ( -39.57055236082011618, -10.00000000000000000, -7.727406610312554491 ) ) ;
#1572 = DIRECTION ( 'NONE',  ( 0.000000000000000000, 1.000000000000000000, 0.000000000000000000 ) ) ;
#1573 = CARTESIAN_POINT ( 'NONE',  ( 27.41615525040601753, 5.000000000000074607, -12.18458150171865562 ) ) ;
#1574 = VERTEX_POINT ( 'NONE', #2168 ) ;
#1575 = CARTESIAN_POINT ( 'NONE',  ( 18.75000000000001421, -5.000000000000000000, 32.47595264191643594 ) ) ;
#1576 = CARTESIAN_POINT ( 'NONE',  ( -5.470361507901782439, -3.057077369417947832, 24.39484646265479029 ) ) ;
#1577 = CARTESIAN_POINT ( 'NONE',  ( -4.436856689434535816, 4.746158880890761544, 29.67162756820272662 ) ) ;
#1578 = DIRECTION ( 'NONE',  ( 0.000000000000000000, 1.000000000000000000, 0.000000000000000000 ) ) ;
#1579 = CARTESIAN_POINT ( 'NONE',  ( -18.53505951134273388, 3.314648097493935186, 16.77812564809514129 ) ) ;
#1580 = B_SPLINE_CURVE_WITH_KNOTS ( 'NONE', 3,
 ( #1431, #1249, #2175, #275, #450, #2227, #815, #67, #871, #847, #437, #1626, #1224, #2413, #1056, #1586, #663, #262, #675, #1030 ),
 .UNSPECIFIED., .F., .F.,
 ( 4, 2, 2, 2, 2, 2, 2, 2, 2, 4 ),
 ( 0.007894340651888032828, 0.008881111634824346429, 0.009867882617760660030, 0.01085465360069697363, 0.01184142458363328723, 0.01282819556656960083, 0.01381496654950591443, 0.01430835204097406603, 0.01480173753244221936, 0.01578850851537851735 ),
 .UNSPECIFIED. ) ;
#1581 = CIRCLE ( 'NONE', #48, 4.999999999999997335 ) ;
#1582 = LINE ( 'NONE', #181, #825 ) ;
#1583 = EDGE_CURVE ( 'NONE', #1788, #1259, #211, .T. ) ;
#1584 = CARTESIAN_POINT ( 'NONE',  ( -18.84357317711279123, -3.775803321762641218, -16.43087583944114627 ) ) ;
#1585 = CARTESIAN_POINT ( 'NONE',  ( -17.32050807568971962, 0.000000000000000000, 17.32050807568694850 ) ) ;
#1586 = CARTESIAN_POINT ( 'NONE',  ( -23.67876311313851545, 4.835523867810221255, 18.42121132751609380 ) ) ;
#1587 = ORIENTED_EDGE ( 'NONE', *, *, #1851, .T. ) ;
#1588 = ORIENTED_EDGE ( 'NONE', *, *, #1037, .F. ) ;
#1589 = EDGE_LOOP ( 'NONE', ( #1282, #689, #2219, #527, #2095, #632, #402, #298, #2353, #1491 ) ) ;
#1590 = CARTESIAN_POINT ( 'NONE',  ( -2.165967139764939375, 4.968657178633052673, 24.90806327982805968 ) ) ;
#1591 = CARTESIAN_POINT ( 'NONE',  ( -5.315203650490444076, -4.347024306805701066, 29.52665253878268103 ) ) ;
#1592 = CARTESIAN_POINT ( 'NONE',  ( -27.97529114175929976, 5.000000000000000000, -10.83434748998773678 ) ) ;
#1593 = CARTESIAN_POINT ( 'NONE',  ( 23.10107382327624492, -4.687987732430801024, 9.558429392012191883 ) ) ;
#1594 = DIRECTION ( 'NONE',  ( 0.7071067811865365815, 0.000000000000000000, 0.7071067811865584529 ) ) ;
#1595 = CARTESIAN_POINT ( 'NONE',  ( -17.79640918993958110, -1.297383351905653681, -17.55819231493600441 ) ) ;
#1596 = CARTESIAN_POINT ( 'NONE',  ( 28.97777329828931769, 0.3311529676969992009, -7.764576915259691070 ) ) ;
#1597 = CARTESIAN_POINT ( 'NONE',  ( -39.57055236082011618, 10.00000000000000000, -7.727406610312554491 ) ) ;
#1598 = ORIENTED_EDGE ( 'NONE', *, *, #1381, .F. ) ;
#1599 = ORIENTED_EDGE ( 'NONE', *, *, #1280, .T. ) ;
#1600 = VERTEX_POINT ( 'NONE', #1567 ) ;
#1601 = AXIS2_PLACEMENT_3D ( 'NONE', #1344, #1936, #1736 ) ;
#1602 = CARTESIAN_POINT ( 'NONE',  ( 24.14814565716380201, 0.3314903093978183168, 6.470476127797788912 ) ) ;
#1603 = CARTESIAN_POINT ( 'NONE',  ( -6.307660585579490942, 1.297288980827716376, -24.19123219535159919 ) ) ;
#1604 = DIRECTION ( 'NONE',  ( 0.000000000000000000, 0.000000000000000000, 1.000000000000000000 ) ) ;
#1605 = CYLINDRICAL_SURFACE ( 'NONE', #917, 5.000000000119658949 ) ;
#1606 = AXIS2_PLACEMENT_3D ( 'NONE', #2160, #1726, #594 ) ;
#1607 = VECTOR ( 'NONE', #2300, 1000.000000000000000 ) ;
#1608 = ORIENTED_EDGE ( 'NONE', *, *, #1838, .F. ) ;
#1609 = CARTESIAN_POINT ( 'NONE',  ( -39.57055236082011618, 5.000000000000000000, -7.727406610312554491 ) ) ;
#1610 = CARTESIAN_POINT ( 'NONE',  ( -19.01515976133340402, 3.988873208584551300, -16.23264184368795426 ) ) ;
#1611 = CARTESIAN_POINT ( 'NONE',  ( 27.27837603890018059, 5.000000000000000000, -12.48559973250609900 ) ) ;
#1612 = AXIS2_PLACEMENT_3D ( 'NONE', #1373, #28, #423 ) ;
#1613 = CARTESIAN_POINT ( 'NONE',  ( 24.31888109535269038, 5.000000000000000000, 11.69260545275023766 ) ) ;
#1614 = ORIENTED_EDGE ( 'NONE', *, *, #2216, .T. ) ;
#1615 = VERTEX_POINT ( 'NONE', #984 ) ;
#1616 = ORIENTED_EDGE ( 'NONE', *, *, #1371, .T. ) ;
#1617 = CARTESIAN_POINT ( 'NONE',  ( 23.56839153442532009, 3.982421797469095637, 8.343064020913631751 ) ) ;
#1618 = EDGE_CURVE ( 'NONE', #1998, #781, #145, .T. ) ;
#1619 = CARTESIAN_POINT ( 'NONE',  ( -7.607854686468116689, -1.305397445729446160, 29.01938569194099671 ) ) ;
#1620 = EDGE_CURVE ( 'NONE', #265, #2380, #2092, .T. ) ;
#1621 = CARTESIAN_POINT ( 'NONE',  ( 23.37689656134580929, -4.349888252563539837, 8.865419767735644996 ) ) ;
#1622 = EDGE_CURVE ( 'NONE', #932, #319, #2212, .T. ) ;
#1623 = ORIENTED_EDGE ( 'NONE', *, *, #518, .F. ) ;
#1624 = CARTESIAN_POINT ( 'NONE',  ( -24.45203457343825448, 5.000000000000000000, -17.38096675157571980 ) ) ;
#1625 = CARTESIAN_POINT ( 'NONE',  ( -4.558890379701267648, 3.982421797469096525, -24.58235780560729111 ) ) ;
#1626 = CARTESIAN_POINT ( 'NONE',  ( -22.91324544458241874, 4.347038266394031680, 19.36640860126583163 ) ) ;
#1627 = VERTEX_POINT ( 'NONE', #1592 ) ;
#1628 = ORIENTED_EDGE ( 'NONE', *, *, #592, .F. ) ;
#1629 = ORIENTED_EDGE ( 'NONE', *, *, #1745, .F. ) ;
#1630 = AXIS2_PLACEMENT_3D ( 'NONE', #758, #2509, #1527 ) ;
#1631 = CARTESIAN_POINT ( 'NONE',  ( 23.65135563525961970, 3.775768441656291330, 8.103536756673562991 ) ) ;
#1632 = DIRECTION ( 'NONE',  ( 0.000000000000000000, 0.000000000000000000, 1.000000000000000000 ) ) ;
#1633 = CARTESIAN_POINT ( 'NONE',  ( -22.38329535934449765, 3.772423785278192998, -19.97602968580916993 ) ) ;
#1634 = CARTESIAN_POINT ( 'NONE',  ( 4.604825411122233092, 5.000000000000000000, -29.64448655202317795 ) ) ;
#1635 = EDGE_CURVE ( 'NONE', #2189, #485, #2476, .T. ) ;
#1636 = VERTEX_POINT ( 'NONE', #363 ) ;
#1637 = LINE ( 'NONE', #245, #1521 ) ;
#1638 = LINE ( 'NONE', #1043, #17 ) ;
#1639 = DIRECTION ( 'NONE',  ( -0.000000000000000000, -1.000000000000000000, 0.000000000000000000 ) ) ;
#1640 = ORIENTED_EDGE ( 'NONE', *, *, #564, .T. ) ;
#1641 = ORIENTED_EDGE ( 'NONE', *, *, #1280, .F. ) ;
#1642 = ORIENTED_EDGE ( 'NONE', *, *, #24, .F. ) ;
#1643 = VECTOR ( 'NONE', #2028, 1000.000000000000000 ) ;
#1644 = LINE ( 'NONE', #1262, #2483 ) ;
#1645 = DIRECTION ( 'NONE',  ( 0.000000000000000000, 0.000000000000000000, 1.000000000000000000 ) ) ;
#1646 = CARTESIAN_POINT ( 'NONE',  ( 28.97777478861108946, 0.3310633686722316282, 7.764571353303122869 ) ) ;
#1647 = EDGE_CURVE ( 'NONE', #688, #2207, #1900, .T. ) ;
#1648 = ORIENTED_EDGE ( 'NONE', *, *, #590, .T. ) ;
#1649 = EDGE_CURVE ( 'NONE', #1551, #1403, #1285, .T. ) ;
#1650 = VECTOR ( 'NONE', #420, 1000.000000000000114 ) ;
#1651 = CARTESIAN_POINT ( 'NONE',  ( 23.86173751203095961, -3.057077369417947388, -7.459951197599676398 ) ) ;
#1652 = EDGE_CURVE ( 'NONE', #702, #1562, #232, .T. ) ;
#1653 = DIRECTION ( 'NONE',  ( 0.000000000000000000, 0.000000000000000000, 1.000000000000000000 ) ) ;
#1654 = CARTESIAN_POINT ( 'NONE',  ( -4.436873561729407278, -4.746153392268429805, -29.67162507347166667 ) ) ;
#1655 = ORIENTED_EDGE ( 'NONE', *, *, #908, .F. ) ;
#1656 = ORIENTED_EDGE ( 'NONE', *, *, #1899, .F. ) ;
#1657 = EDGE_CURVE ( 'NONE', #121, #1523, #838, .T. ) ;
#1658 = ORIENTED_EDGE ( 'NONE', *, *, #1652, .F. ) ;
#1659 = VECTOR ( 'NONE', #2524, 1000.000000000000114 ) ;
#1660 = CARTESIAN_POINT ( 'NONE',  ( -7.764571352844244601, 5.605193857299268284E-42, -28.97777478873404533 ) ) ;
#1661 = CARTESIAN_POINT ( 'NONE',  ( -27.97529114175930331, -5.000000000000000000, 10.83434748998774033 ) ) ;
#1662 = FACE_OUTER_BOUND ( 'NONE', #1589, .T. ) ;
#1663 = CIRCLE ( 'NONE', #333, 25.00000000000000000 ) ;
#1664 = CARTESIAN_POINT ( 'NONE',  ( 23.37892991490825523, -4.346812540241340450, -8.860103365065064907 ) ) ;
#1665 = CARTESIAN_POINT ( 'NONE',  ( 13.09314575050776241, -5.000000000000000000, -38.13280689140874102 ) ) ;
#1666 = DIRECTION ( 'NONE',  ( -0.000000000000000000, -1.000000000000000000, -0.000000000000000000 ) ) ;
#1667 = EDGE_LOOP ( 'NONE', ( #2338, #624, #731, #2322, #1891, #164, #907, #413, #1623, #1123, #2416, #2137, #2083 ) ) ;
#1668 = APPROVAL ( #2254, 'UNSPECIFIED' ) ;
#1669 = ORIENTED_EDGE ( 'NONE', *, *, #1000, .F. ) ;
#1670 = EDGE_LOOP ( 'NONE', ( #1031, #1198, #1100, #715 ) ) ;
#1671 = VECTOR ( 'NONE', #2069, 1000.000000000000114 ) ;
#1672 = PERSON_AND_ORGANIZATION ( #2226, #1387 ) ;
#1673 = ORIENTED_EDGE ( 'NONE', *, *, #1079, .F. ) ;
#1674 = CARTESIAN_POINT ( 'NONE',  ( -6.105345332404264802, 3.774882427144765629, -29.37309181911854949 ) ) ;
#1675 = DIRECTION ( 'NONE',  ( 0.000000000000000000, 1.000000000000000000, 0.000000000000000000 ) ) ;
#1676 = EDGE_CURVE ( 'NONE', #2268, #1788, #324, .T. ) ;
#1677 = CARTESIAN_POINT ( 'NONE',  ( -21.33168807402720546, -1.295679410420224276, 21.09410745525351771 ) ) ;
#1678 = DIRECTION ( 'NONE',  ( 0.000000000000000000, -1.000000000000000000, 0.000000000000000000 ) ) ;
#1679 = PLANE ( 'NONE',  #1814 ) ;
#1680 = CARTESIAN_POINT ( 'NONE',  ( -3.155924117085118663, -5.000000000098189012, -29.83537733048471097 ) ) ;
#1681 = ORIENTED_EDGE ( 'NONE', *, *, #2011, .T. ) ;
#1682 = VERTEX_POINT ( 'NONE', #2503 ) ;
#1683 = EDGE_CURVE ( 'NONE', #2207, #665, #1528, .T. ) ;
#1684 = CIRCLE ( 'NONE', #948, 25.00000000000000000 ) ;
#1685 = CARTESIAN_POINT ( 'NONE',  ( -5.031064104723443897, 4.499610849628775000, -29.57669305740476418 ) ) ;
#1686 = CARTESIAN_POINT ( 'NONE',  ( -21.39882355464076014, 1.610536090943404997, -21.02599905041808626 ) ) ;
#1687 = DIRECTION ( 'NONE',  ( -0.2588190451025311756, 0.000000000000000000, 0.9659258262890654256 ) ) ;
#1688 = AXIS2_PLACEMENT_3D ( 'NONE', #1116, #1132, #1886 ) ;
#1689 = CARTESIAN_POINT ( 'NONE',  ( 26.47740661031225429, -5.000000000000000000, 30.40540028109646897 ) ) ;
#1690 = CARTESIAN_POINT ( 'NONE',  ( -39.57055236082011618, 5.000000000000000000, 7.727406610312561597 ) ) ;
#1691 = VERTEX_POINT ( 'NONE', #2397 ) ;
#1692 = ORIENTED_EDGE ( 'NONE', *, *, #2054, .F. ) ;
#1693 = ORIENTED_EDGE ( 'NONE', *, *, #720, .T. ) ;
#1694 = FACE_OUTER_BOUND ( 'NONE', #873, .T. ) ;
#1695 = VERTEX_POINT ( 'NONE', #1425 ) ;
#1696 = CARTESIAN_POINT ( 'NONE',  ( -4.425919205686190239, 4.741458601424115571, -29.67214330859504656 ) ) ;
#1697 = CARTESIAN_POINT ( 'NONE',  ( -1.510116830706013102, -5.000000000000000000, 24.95434926335725123 ) ) ;
#1698 = AXIS2_PLACEMENT_3D ( 'NONE', #1717, #931, #1706 ) ;
#1699 = CARTESIAN_POINT ( 'NONE',  ( 13.09314575050723306, -5.000000000000000000, 38.13280689140890445 ) ) ;
#1700 = ADVANCED_FACE ( 'NONE', ( #2197 ), #2192, .F. ) ;
#1701 = DIRECTION ( 'NONE',  ( 0.000000000000000000, 0.000000000000000000, 1.000000000000000000 ) ) ;
#1702 = ADVANCED_FACE ( 'NONE', ( #1081 ), #1679, .F. ) ;
#1703 = LINE ( 'NONE', #2278, #2327 ) ;
#1704 = ORIENTED_EDGE ( 'NONE', *, *, #1570, .F. ) ;
#1705 = EDGE_LOOP ( 'NONE', ( #2441, #1642, #729, #1054, #792, #316, #1456, #2107, #276, #2467, #1320, #2267, #235 ) ) ;
#1706 = DIRECTION ( 'NONE',  ( 0.000000000000000000, 0.000000000000000000, 1.000000000000000000 ) ) ;
#1707 = VERTEX_POINT ( 'NONE', #159 ) ;
#1708 = EDGE_LOOP ( 'NONE', ( #1420, #426, #1135, #1478 ) ) ;
#1709 = AXIS2_PLACEMENT_3D ( 'NONE', #789, #2517, #1383 ) ;
#1710 = DIRECTION ( 'NONE',  ( 0.2588190451025182970, 0.000000000000000000, -0.9659258262890689783 ) ) ;
#1711 = LINE ( 'NONE', #2064, #1486 ) ;
#1712 = VECTOR ( 'NONE', #651, 1000.000000000000000 ) ;
#1713 = DIRECTION ( 'NONE',  ( -0.000000000000000000, 1.000000000000000000, -0.000000000000000000 ) ) ;
#1714 = CARTESIAN_POINT ( 'NONE',  ( 18.75000000000015632, -5.000000000000000000, -32.47595264191637199 ) ) ;
#1715 = ORIENTED_EDGE ( 'NONE', *, *, #383, .T. ) ;
#1716 = ADVANCED_FACE ( 'NONE', ( #727 ), #1095, .F. ) ;
#1717 = CARTESIAN_POINT ( 'NONE',  ( 18.75000000000001421, 5.000000000000000000, 32.47595264191643594 ) ) ;
#1718 = CARTESIAN_POINT ( 'NONE',  ( -19.01518530718024280, -3.988902631118641740, 16.23261187337427458 ) ) ;
#1719 = ORIENTED_EDGE ( 'NONE', *, *, #1727, .T. ) ;
#1720 = DIRECTION ( 'NONE',  ( 0.2588190451025311756, 0.000000000000000000, -0.9659258262890654256 ) ) ;
#1721 = CIRCLE ( 'NONE', #268, 7.999999999999996447 ) ;
#1722 = FACE_OUTER_BOUND ( 'NONE', #1928, .T. ) ;
#1723 = CARTESIAN_POINT ( 'NONE',  ( 28.41154037912760089, -3.979152298064414062, 9.636377687397839509 ) ) ;
#1724 = VECTOR ( 'NONE', #22, 1000.000000000000000 ) ;
#1725 = CARTESIAN_POINT ( 'NONE',  ( -20.85604198162318212, 0.000000000000000000, 13.78497416975350909 ) ) ;
#1726 = DIRECTION ( 'NONE',  ( -0.000000000000000000, 1.000000000000000000, -0.000000000000000000 ) ) ;
#1727 = EDGE_CURVE ( 'NONE', #1325, #1890, #1045, .T. ) ;
#1728 = FACE_OUTER_BOUND ( 'NONE', #585, .T. ) ;
#1729 = ORIENTED_EDGE ( 'NONE', *, *, #1878, .F. ) ;
#1730 = AXIS2_PLACEMENT_3D ( 'NONE', #560, #2351, #1350 ) ;
#1731 = LINE ( 'NONE', #2368, #1659 ) ;
#1732 = AXIS2_PLACEMENT_3D ( 'NONE', #2478, #1434, #131 ) ;
#1733 = FACE_OUTER_BOUND ( 'NONE', #769, .T. ) ;
#1734 = CARTESIAN_POINT ( 'NONE',  ( -27.97529114175930331, -10.00000000000000000, 10.83434748998774033 ) ) ;
#1735 = VECTOR ( 'NONE', #463, 1000.000000000000000 ) ;
#1736 = DIRECTION ( 'NONE',  ( 0.000000000000000000, 0.000000000000000000, 1.000000000000000000 ) ) ;
#1737 = B_SPLINE_CURVE_WITH_KNOTS ( 'NONE', 3,
 ( #841, #1646, #1450, #1232, #657, #2211, #2015, #296, #1010, #1836, #481, #1255, #473, #671, #1426, #1245, #1786, #445, #2420, #51 ),
 .UNSPECIFIED., .F., .F.,
 ( 4, 2, 2, 2, 2, 2, 2, 2, 2, 4 ),
 ( 0.007894340644349441549, 0.008881111626360346095, 0.009867882608371250641, 0.01085465359038215519, 0.01184142457239305973, 0.01282819555440396428, 0.01381496653641486709, 0.01430835202742031936, 0.01480173751842577164, 0.01578850850043667445 ),
 .UNSPECIFIED. ) ;
#1738 = CYLINDRICAL_SURFACE ( 'NONE', #1983, 5.000000000001007194 ) ;
#1739 = LINE ( 'NONE', #1775, #761 ) ;
#1740 = CARTESIAN_POINT ( 'NONE',  ( 0.000000000000000000, 10.00000000000000000, 0.000000000000000000 ) ) ;
#1741 = ORIENTED_EDGE ( 'NONE', *, *, #2011, .F. ) ;
#1742 = AXIS2_PLACEMENT_3D ( 'NONE', #396, #1546, #190 ) ;
#1743 = CARTESIAN_POINT ( 'NONE',  ( -1.510116830344377492, 0.000000000000000000, -24.95434926337913595 ) ) ;
#1744 = DIRECTION ( 'NONE',  ( 0.000000000000000000, 0.000000000000000000, 1.000000000000000000 ) ) ;
#1745 = EDGE_CURVE ( 'NONE', #1451, #1306, #846, .T. ) ;
#1746 = CARTESIAN_POINT ( 'NONE',  ( -37.50000000000000711, -5.000000000000000000, 4.999999999999997335 ) ) ;
#1747 = CARTESIAN_POINT ( 'NONE',  ( -17.86358411344050268, 1.612460202045567614, 17.48984447656195229 ) ) ;
#1748 = DIRECTION ( 'NONE',  ( 0.000000000000000000, 1.000000000000000000, 0.000000000000000000 ) ) ;
#1749 = CYLINDRICAL_SURFACE ( 'NONE', #1284, 4.999999999999997335 ) ;
#1750 = CC_DESIGN_SECURITY_CLASSIFICATION ( #1105, ( #2161 ) ) ;
#1751 = DIRECTION ( 'NONE',  ( -0.7071067811865460184, 0.000000000000000000, 0.7071067811865490160 ) ) ;
#1752 = CARTESIAN_POINT ( 'NONE',  ( 28.12970748324370263, -4.499600075547691702, -10.43129602450874138 ) ) ;
#1753 = VERTEX_POINT ( 'NONE', #1289 ) ;
#1754 = ORIENTED_EDGE ( 'NONE', *, *, #193, .F. ) ;
#1755 = ADVANCED_FACE ( 'NONE', ( #1449 ), #1076, .T. ) ;
#1756 = CARTESIAN_POINT ( 'NONE',  ( -3.127919985827030569, -4.747784448462276430, 24.80539607273712832 ) ) ;
#1757 = DIRECTION ( 'NONE',  ( -0.9659258262890701996, 0.000000000000000000, 0.2588190451025134120 ) ) ;
#1758 = EDGE_CURVE ( 'NONE', #485, #2189, #2518, .T. ) ;
#1759 = DIRECTION ( 'NONE',  ( 0.000000000000000000, 0.000000000000000000, 1.000000000000000000 ) ) ;
#1760 = CARTESIAN_POINT ( 'NONE',  ( 28.97777478860917455, -0.3310706151296811117, 7.764571353310316226 ) ) ;
#1761 = AXIS2_PLACEMENT_3D ( 'NONE', #118, #2080, #1119 ) ;
#1762 = EDGE_CURVE ( 'NONE', #932, #688, #2014, .T. ) ;
#1763 = DIRECTION ( 'NONE',  ( 0.000000000000000000, 0.000000000000000000, 1.000000000000000000 ) ) ;
#1764 = DIRECTION ( 'NONE',  ( -0.000000000000000000, -1.000000000000000000, -0.000000000000000000 ) ) ;
#1765 = FACE_OUTER_BOUND ( 'NONE', #2022, .T. ) ;
#1766 = CARTESIAN_POINT ( 'NONE',  ( 28.97777627866346606, -0.3309790555308261273, -7.764565792351944218 ) ) ;
#1767 = EDGE_LOOP ( 'NONE', ( #1539, #2279 ) ) ;
#1768 = EDGE_LOOP ( 'NONE', ( #1229, #1246, #1352, #2229 ) ) ;
#1769 = CARTESIAN_POINT ( 'NONE',  ( -3.272719421004583129, 4.687978433548589230, 24.78532816750238865 ) ) ;
#1770 = CARTESIAN_POINT ( 'NONE',  ( 0.000000000000000000, 10.00000000000000000, 0.000000000000000000 ) ) ;
#1771 = CARTESIAN_POINT ( 'NONE',  ( -6.438964364190606915, 0.6574241052192654200, -24.15665182131415278 ) ) ;
#1772 = CARTESIAN_POINT ( 'NONE',  ( -37.50000000000000711, 5.000000000000000000, 0.000000000000000000 ) ) ;
#1773 = CARTESIAN_POINT ( 'NONE',  ( -19.91812914059985218, 4.747777015207137907, 15.11157475543165951 ) ) ;
#1774 = VECTOR ( 'NONE', #184, 1000.000000000000000 ) ;
#1775 = CARTESIAN_POINT ( 'NONE',  ( -37.50000000000000711, -5.000000000000000000, 4.999999999999997335 ) ) ;
#1776 = CARTESIAN_POINT ( 'NONE',  ( -27.97529114175929976, 10.00000000000000000, -10.83434748998773856 ) ) ;
#1777 = CARTESIAN_POINT ( 'NONE',  ( -1.510116830344377492, 5.000000000000000000, -24.95434926337913595 ) ) ;
#1778 = DIRECTION ( 'NONE',  ( -0.000000000000000000, 1.000000000000000000, -0.000000000000000000 ) ) ;
#1779 = ORIENTED_EDGE ( 'NONE', *, *, #662, .T. ) ;
#1780 = ORIENTED_EDGE ( 'NONE', *, *, #427, .T. ) ;
#1781 = VERTEX_POINT ( 'NONE', #890 ) ;
#1782 = CARTESIAN_POINT ( 'NONE',  ( 13.09314575050723306, 5.000000000000000000, 38.13280689140890445 ) ) ;
#1783 = CARTESIAN_POINT ( 'NONE',  ( -4.807769297111825324, -3.775803322795942218, 24.53445098872633423 ) ) ;
#1784 = DIRECTION ( 'NONE',  ( 0.000000000000000000, 0.000000000000000000, 1.000000000000000000 ) ) ;
#1785 = CARTESIAN_POINT ( 'NONE',  ( 23.04062448610280356, 4.743040771551741308, -9.703327626912949810 ) ) ;
#1786 = CARTESIAN_POINT ( 'NONE',  ( 27.73239310827628756, 4.874555775585027284, 11.44290381520906053 ) ) ;
#1787 = CIRCLE ( 'NONE', #1742, 25.00000000000000000 ) ;
#1788 = VERTEX_POINT ( 'NONE', #2472 ) ;
#1789 = CARTESIAN_POINT ( 'NONE',  ( -19.54655929759445598, -4.500862313918185365, -15.58921349486719876 ) ) ;
#1790 = CARTESIAN_POINT ( 'NONE',  ( -3.127943058779396157, 4.747777015317353744, -24.80539320937381476 ) ) ;
#1791 = EDGE_CURVE ( 'NONE', #678, #2151, #1413, .T. ) ;
#1792 = FACE_OUTER_BOUND ( 'NONE', #909, .T. ) ;
#1793 = VERTEX_POINT ( 'NONE', #901 ) ;
#1794 = ORIENTED_EDGE ( 'NONE', *, *, #1758, .T. ) ;
#1795 = ADVANCED_FACE ( 'NONE', ( #516 ), #2063, .F. ) ;
#1796 = ORIENTED_EDGE ( 'NONE', *, *, #1988, .F. ) ;
#1797 = CARTESIAN_POINT ( 'NONE',  ( -37.50000000000000711, 5.000000000000000000, 0.000000000000000000 ) ) ;
#1798 = CARTESIAN_POINT ( 'NONE',  ( -3.155920510232430143, 5.000000000000069278, 29.83537767180909128 ) ) ;
#1799 = DIRECTION ( 'NONE',  ( 0.000000000000000000, 1.000000000000000000, 0.000000000000000000 ) ) ;
#1800 = DIRECTION ( 'NONE',  ( -0.000000000000000000, -1.000000000000000000, -0.000000000000000000 ) ) ;
#1801 = CIRCLE ( 'NONE', #2423, 25.00000000000000000 ) ;
#1802 = VERTEX_POINT ( 'NONE', #102 ) ;
#1803 = LINE ( 'NONE', #1609, #714 ) ;
#1804 = CARTESIAN_POINT ( 'NONE',  ( -17.76837217116514012, -1.138426923470300389, -17.58652816482353032 ) ) ;
#1805 = CARTESIAN_POINT ( 'NONE',  ( 27.79262377417724039, -4.835520274897652016, -11.29579185382090678 ) ) ;
#1806 = CARTESIAN_POINT ( 'NONE',  ( 0.000000000000000000, 5.000000000000000000, -30.00000000000000000 ) ) ;
#1807 = ORIENTED_EDGE ( 'NONE', *, *, #154, .T. ) ;
#1808 = EDGE_LOOP ( 'NONE', ( #1831, #2021, #99, #536 ) ) ;
#1809 = CIRCLE ( 'NONE', #1078, 4.999999999999997335 ) ;
#1810 = EDGE_CURVE ( 'NONE', #338, #2176, #1206, .T. ) ;
#1811 = CARTESIAN_POINT ( 'NONE',  ( 22.36615881216811985, 5.000000000000000000, 11.16937509392868044 ) ) ;
#1812 = CARTESIAN_POINT ( 'NONE',  ( -4.580880256647342996, -4.686161850444253041, 29.64858564982831268 ) ) ;
#1813 = CARTESIAN_POINT ( 'NONE',  ( 24.01108170328947367, -2.226636096121061836, 6.963030444279874942 ) ) ;
#1814 = AXIS2_PLACEMENT_3D ( 'NONE', #1665, #1888, #698 ) ;
#1815 = EDGE_LOOP ( 'NONE', ( #1704, #2232 ) ) ;
#1816 = CARTESIAN_POINT ( 'NONE',  ( -20.85604198162149814, 5.000000000000000000, -13.78497416975605638 ) ) ;
#1817 = CARTESIAN_POINT ( 'NONE',  ( -5.470402789509971164, 3.057022949362747433, -24.39483719425674835 ) ) ;
#1818 = CIRCLE ( 'NONE', #1531, 5.000000000000101252 ) ;
#1819 = LINE ( 'NONE', #1613, #2500 ) ;
#1820 = ORIENTED_EDGE ( 'NONE', *, *, #2096, .F. ) ;
#1821 = EDGE_LOOP ( 'NONE', ( #1673, #2165, #704, #1308, #1692, #2505, #2089, #343, #234, #978, #1779, #833, #753 ) ) ;
#1822 = CYLINDRICAL_SURFACE ( 'NONE', #460, 4.999999999999997335 ) ;
#1823 = ADVANCED_FACE ( 'NONE', ( #502 ), #1860, .T. ) ;
#1824 = DIRECTION ( 'NONE',  ( 0.000000000000000000, 0.000000000000000000, 1.000000000000000000 ) ) ;
#1825 = CARTESIAN_POINT ( 'NONE',  ( -22.55682358950009103, -3.985580551560352625, -19.78040215830889181 ) ) ;
#1826 = CARTESIAN_POINT ( 'NONE',  ( 26.47740661031267706, -10.00000000000000000, -30.40540028109612081 ) ) ;
#1827 = VERTEX_POINT ( 'NONE', #1661 ) ;
#1828 = DIRECTION ( 'NONE',  ( 0.7071067811865455743, -0.000000000000000000, 0.7071067811865495711 ) ) ;
#1829 = CARTESIAN_POINT ( 'NONE',  ( 13.09314575050776241, -5.000000000000000000, -38.13280689140874102 ) ) ;
#1830 = EDGE_LOOP ( 'NONE', ( #1648, #98 ) ) ;
#1831 = ORIENTED_EDGE ( 'NONE', *, *, #427, .F. ) ;
#1832 = AXIS2_PLACEMENT_3D ( 'NONE', #1046, #1980, #1995 ) ;
#1833 = EDGE_CURVE ( 'NONE', #1363, #1325, #1278, .T. ) ;
#1834 = CARTESIAN_POINT ( 'NONE',  ( -6.761595245105739949, 3.062263185348123251, -29.22866183213143998 ) ) ;
#1835 = CARTESIAN_POINT ( 'NONE',  ( 18.75000000000015632, 10.00000000000000000, -32.47595264191637199 ) ) ;
#1836 = CARTESIAN_POINT ( 'NONE',  ( 28.49051636925175757, 3.774882427144768737, 9.399161752820161198 ) ) ;
#1837 = EDGE_CURVE ( 'NONE', #1227, #2111, #1165, .T. ) ;
#1838 = EDGE_CURVE ( 'NONE', #1197, #1074, #2016, .T. ) ;
#1839 = ORIENTED_EDGE ( 'NONE', *, *, #896, .F. ) ;
#1840 = CARTESIAN_POINT ( 'NONE',  ( 18.75000000000015632, -10.00000000000000000, -27.47595264191637199 ) ) ;
#1841 = CARTESIAN_POINT ( 'NONE',  ( -2.826341469557725361, -5.000000000000000000, -29.86656648993081475 ) ) ;
#1842 = VERTEX_POINT ( 'NONE', #1494 ) ;
#1843 = ORIENTED_EDGE ( 'NONE', *, *, #896, .T. ) ;
#1844 = SHAPE_DEFINITION_REPRESENTATION ( #188, #834 ) ;
#1845 = ORIENTED_EDGE ( 'NONE', *, *, #1570, .T. ) ;
#1846 = AXIS2_PLACEMENT_3D ( 'NONE', #447, #1221, #1027 ) ;
#1847 = CARTESIAN_POINT ( 'NONE',  ( -2.826341469557711594, 5.000000000000000000, -29.86656648993081475 ) ) ;
#1848 = CARTESIAN_POINT ( 'NONE',  ( 23.37046573063729227, -5.000000000000000000, -18.81013906203535058 ) ) ;
#1849 = CARTESIAN_POINT ( 'NONE',  ( 18.75000000000001421, 5.000000000000000000, 32.47595264191643594 ) ) ;
#1850 = AXIS2_PLACEMENT_3D ( 'NONE', #1946, #209, #223 ) ;
#1851 = EDGE_CURVE ( 'NONE', #31, #2415, #2526, .T. ) ;
#1852 = FACE_OUTER_BOUND ( 'NONE', #69, .T. ) ;
#1853 = DIRECTION ( 'NONE',  ( 0.000000000000000000, 1.000000000000000000, 0.000000000000000000 ) ) ;
#1854 = EDGE_LOOP ( 'NONE', ( #2403, #782, #93, #352 ) ) ;
#1855 = VERTEX_POINT ( 'NONE', #771 ) ;
#1856 = EDGE_CURVE ( 'NONE', #2271, #816, #1150, .T. ) ;
#1857 = CARTESIAN_POINT ( 'NONE',  ( 26.47740661031225429, -5.000000000000000000, 30.40540028109646897 ) ) ;
#1858 = ORIENTED_EDGE ( 'NONE', *, *, #814, .T. ) ;
#1859 = CARTESIAN_POINT ( 'NONE',  ( -4.550261598260907370, -3.988902631200915927, -24.58393947042278072 ) ) ;
#1860 = CYLINDRICAL_SURFACE ( 'NONE', #959, 8.000000000000000000 ) ;
#1861 = CARTESIAN_POINT ( 'NONE',  ( 22.36615881216811985, -5.000000000000000000, 11.16937509392868044 ) ) ;
#1862 = AXIS2_PLACEMENT_3D ( 'NONE', #372, #593, #2332 ) ;
#1863 = FACE_OUTER_BOUND ( 'NONE', #1892, .T. ) ;
#1864 = DIRECTION ( 'NONE',  ( -0.7071067811865494601, 0.000000000000000000, 0.7071067811865456854 ) ) ;
#1865 = CARTESIAN_POINT ( 'NONE',  ( -7.764571352844244601, 5.605193857299268284E-42, -28.97777478873404533 ) ) ;
#1866 = DIRECTION ( 'NONE',  ( 0.000000000000000000, 1.000000000000000000, 0.000000000000000000 ) ) ;
#1867 = ORIENTED_EDGE ( 'NONE', *, *, #2054, .T. ) ;
#1868 = PERSON_AND_ORGANIZATION ( #2226, #1387 ) ;
#1869 = EDGE_LOOP ( 'NONE', ( #1225, #743, #279, #842 ) ) ;
#1870 = CARTESIAN_POINT ( 'NONE',  ( -3.116960799800823967, -4.743048456895132325, -24.80543284062955678 ) ) ;
#1871 = CARTESIAN_POINT ( 'NONE',  ( 18.75000000000001421, -5.000000000000000000, 32.47595264191643594 ) ) ;
#1872 = CARTESIAN_POINT ( 'NONE',  ( -22.07209378754271611, -3.311249902137087808, 20.31935897841459493 ) ) ;
#1873 = VECTOR ( 'NONE', #2128, 1000.000000000000000 ) ;
#1874 = CYLINDRICAL_SURFACE ( 'NONE', #1117, 8.000000000000000000 ) ;
#1875 = CARTESIAN_POINT ( 'NONE',  ( 18.75000000000015632, 5.000000000000000000, -32.47595264191637199 ) ) ;
#1876 = ORIENTED_EDGE ( 'NONE', *, *, #1745, .T. ) ;
#1877 = ORIENTED_EDGE ( 'NONE', *, *, #3, .F. ) ;
#1878 = EDGE_CURVE ( 'NONE', #2070, #683, #1139, .T. ) ;
#1879 = ADVANCED_FACE ( 'NONE', ( #933 ), #922, .F. ) ;
#1880 = AXIS2_PLACEMENT_3D ( 'NONE', #1552, #2339, #586 ) ;
#1881 = COORDINATED_UNIVERSAL_TIME_OFFSET ( 5, 30, .AHEAD. ) ;
#1882 = ORIENTED_EDGE ( 'NONE', *, *, #2410, .F. ) ;
#1883 = DIRECTION ( 'NONE',  ( 0.000000000000000000, 0.000000000000000000, 1.000000000000000000 ) ) ;
#1884 = EDGE_CURVE ( 'NONE', #2442, #2496, #749, .T. ) ;
#1885 = DIRECTION ( 'NONE',  ( -0.9659258262890688673, -0.000000000000000000, -0.2588190451025185745 ) ) ;
#1886 = DIRECTION ( 'NONE',  ( 0.000000000000000000, 0.000000000000000000, 1.000000000000000000 ) ) ;
#1887 = CARTESIAN_POINT ( 'NONE',  ( 24.10404518540699570, -1.297383352742185858, -6.633046292911623176 ) ) ;
#1888 = DIRECTION ( 'NONE',  ( 0.7071067811865491270, 0.000000000000000000, 0.7071067811865459074 ) ) ;
#1889 = CYLINDRICAL_SURFACE ( 'NONE', #2451, 5.000000000001007194 ) ;
#1890 = VERTEX_POINT ( 'NONE', #1314 ) ;
#1891 = ORIENTED_EDGE ( 'NONE', *, *, #1542, .F. ) ;
#1892 = EDGE_LOOP ( 'NONE', ( #1212, #2293, #1261, #2295 ) ) ;
#1893 = CARTESIAN_POINT ( 'NONE',  ( -1.510116830344377492, 5.000000000000000000, -24.95434926337913595 ) ) ;
#1894 = DIRECTION ( 'NONE',  ( 0.000000000000000000, 0.000000000000000000, 1.000000000000000000 ) ) ;
#1895 = ORIENTED_EDGE ( 'NONE', *, *, #1620, .T. ) ;
#1896 = DIRECTION ( 'NONE',  ( 0.000000000000000000, 1.000000000000000000, 0.000000000000000000 ) ) ;
#1897 = CARTESIAN_POINT ( 'NONE',  ( -21.23626071092997236, -0.6565980049652180295, 21.19021707531987531 ) ) ;
#1898 = ADVANCED_FACE ( 'NONE', ( #1733 ), #345, .T. ) ;
#1899 = EDGE_CURVE ( 'NONE', #1753, #653, #2328, .T. ) ;
#1900 = LINE ( 'NONE', #1986, #1650 ) ;
#1901 = DIRECTION ( 'NONE',  ( 0.000000000000000000, 0.000000000000000000, 1.000000000000000000 ) ) ;
#1902 = ORIENTED_EDGE ( 'NONE', *, *, #243, .T. ) ;
#1903 = PLANE ( 'NONE',  #2040 ) ;
#1904 = LINE ( 'NONE', #1349, #1976 ) ;
#1905 = CARTESIAN_POINT ( 'NONE',  ( -20.85604198162318212, -5.000000000000000000, 13.78497416975350909 ) ) ;
#1906 = ORIENTED_EDGE ( 'NONE', *, *, #867, .T. ) ;
#1907 = VECTOR ( 'NONE', #637, 999.9999999999998863 ) ;
#1908 = CARTESIAN_POINT ( 'NONE',  ( 22.36615881216811985, 5.000000000000000000, 11.16937509392868044 ) ) ;
#1909 = FACE_OUTER_BOUND ( 'NONE', #1129, .T. ) ;
#1910 = DIRECTION ( 'NONE',  ( 0.000000000000000000, 0.000000000000000000, 1.000000000000000000 ) ) ;
#1911 = EDGE_CURVE ( 'NONE', #2224, #319, #575, .T. ) ;
#1912 = CARTESIAN_POINT ( 'NONE',  ( 26.47740661031267706, 10.00000000000000000, -30.40540028109612081 ) ) ;
#1913 = DIRECTION ( 'NONE',  ( 0.000000000000000000, 1.000000000000000000, 0.000000000000000000 ) ) ;
#1914 = FACE_OUTER_BOUND ( 'NONE', #2199, .T. ) ;
#1915 = CARTESIAN_POINT ( 'NONE',  ( 0.000000000000000000, 5.000000000000000000, 0.000000000000000000 ) ) ;
#1916 = CARTESIAN_POINT ( 'NONE',  ( 0.000000000000000000, -5.000000000000000000, 0.000000000000000000 ) ) ;
#1917 = ORIENTED_EDGE ( 'NONE', *, *, #1554, .F. ) ;
#1918 = CARTESIAN_POINT ( 'NONE',  ( -39.57055236082011618, -10.00000000000000000, -7.727406610312554491 ) ) ;
#1919 = DIRECTION ( 'NONE',  ( -0.2588190451025141336, 0.000000000000000000, 0.9659258262890700886 ) ) ;
#1920 = CARTESIAN_POINT ( 'NONE',  ( -1.510116830706013102, 5.000000000000000000, 24.95434926335725123 ) ) ;
#1921 = CIRCLE ( 'NONE', #1318, 4.999999999999997335 ) ;
#1922 = CC_DESIGN_DATE_AND_TIME_ASSIGNMENT ( #717, #888, ( #1105 ) ) ;
#1923 = DIRECTION ( 'NONE',  ( 2.309263891220325604E-14, 0.000000000000000000, 1.000000000000000000 ) ) ;
#1924 = CARTESIAN_POINT ( 'NONE',  ( 18.75000000000001421, -10.00000000000000000, 27.47595264191633291 ) ) ;
#1925 = CARTESIAN_POINT ( 'NONE',  ( 13.09314575050776241, 10.00000000000000000, -38.13280689140874102 ) ) ;
#1926 = CARTESIAN_POINT ( 'NONE',  ( 0.000000000000000000, 10.00000000000000000, 0.000000000000000000 ) ) ;
#1927 = FACE_OUTER_BOUND ( 'NONE', #278, .T. ) ;
#1928 = EDGE_LOOP ( 'NONE', ( #2411, #162, #2029, #1616 ) ) ;
#1929 = ORIENTED_EDGE ( 'NONE', *, *, #1457, .T. ) ;
#1930 = ADVANCED_FACE ( 'NONE', ( #1529, #2090 ), #369, .F. ) ;
#1931 = VECTOR ( 'NONE', #165, 1000.000000000000000 ) ;
#1932 = LINE ( 'NONE', #200, #403 ) ;
#1933 = CARTESIAN_POINT ( 'NONE',  ( 18.75000000000001421, 5.000000000000000000, 40.47595264191643594 ) ) ;
#1934 = CARTESIAN_POINT ( 'NONE',  ( -37.50000000000000711, -5.000000000000000000, 0.000000000000000000 ) ) ;
#1935 = CIRCLE ( 'NONE', #117, 25.00000000000000000 ) ;
#1936 = DIRECTION ( 'NONE',  ( 0.000000000000000000, 1.000000000000000000, 0.000000000000000000 ) ) ;
#1937 = EDGE_CURVE ( 'NONE', #263, #121, #1276, .T. ) ;
#1938 = DIRECTION ( 'NONE',  ( -0.000000000000000000, -1.000000000000000000, -0.000000000000000000 ) ) ;
#1939 = LINE ( 'NONE', #1146, #2178 ) ;
#1940 = CARTESIAN_POINT ( 'NONE',  ( -37.50000000000000711, 10.00000000000000000, 4.999999999999997335 ) ) ;
#1941 = DIRECTION ( 'NONE',  ( 0.000000000000000000, -0.000000000000000000, 1.000000000000000000 ) ) ;
#1942 = DIRECTION ( 'NONE',  ( 0.000000000000000000, 0.000000000000000000, 1.000000000000000000 ) ) ;
#1943 = VERTEX_POINT ( 'NONE', #1908 ) ;
#1944 = EDGE_CURVE ( 'NONE', #1440, #2380, #1921, .T. ) ;
#1945 = FACE_OUTER_BOUND ( 'NONE', #2057, .T. ) ;
#1946 = CARTESIAN_POINT ( 'NONE',  ( -37.50000000000000711, -5.000000000000000000, 0.000000000000000000 ) ) ;
#1947 = DIRECTION ( 'NONE',  ( 0.000000000000000000, 0.000000000000000000, 1.000000000000000000 ) ) ;
#1948 = CARTESIAN_POINT ( 'NONE',  ( -18.14184097023596109, 2.512343555288757191, 17.20194740790814336 ) ) ;
#1949 = AXIS2_PLACEMENT_3D ( 'NONE', #401, #1174, #1942 ) ;
#1950 = DIRECTION ( 'NONE',  ( 0.000000000000000000, -1.000000000000000000, 0.000000000000000000 ) ) ;
#1951 = DIRECTION ( 'NONE',  ( 0.000000000000000000, -1.000000000000000000, 0.000000000000000000 ) ) ;
#1952 =( GEOMETRIC_REPRESENTATION_CONTEXT ( 3 ) GLOBAL_UNCERTAINTY_ASSIGNED_CONTEXT ( ( #2431 ) ) GLOBAL_UNIT_ASSIGNED_CONTEXT ( ( #468, #2024, #807 ) ) REPRESENTATION_CONTEXT ( 'NONE', 'WORKASPACE' ) );
#1953 = DIRECTION ( 'NONE',  ( -0.000000000000000000, -1.000000000000000000, 0.000000000000000000 ) ) ;
#1954 = CARTESIAN_POINT ( 'NONE',  ( 28.90846109619658932, 1.610536090474208981, -8.018925279644237847 ) ) ;
#1955 = EDGE_LOOP ( 'NONE', ( #2042, #2391, #2499, #1066, #2510 ) ) ;
#1956 = ORIENTED_EDGE ( 'NONE', *, *, #293, .T. ) ;
#1957 = EDGE_CURVE ( 'NONE', #1788, #2044, #2449, .T. ) ;
#1958 = LINE ( 'NONE', #1390, #669 ) ;
#1959 = CARTESIAN_POINT ( 'NONE',  ( -6.160330630754365266, -1.769136165063925903, 24.22920380588759315 ) ) ;
#1960 = APPROVAL ( #1482, 'UNSPECIFIED' ) ;
#1961 = FACE_OUTER_BOUND ( 'NONE', #1982, .T. ) ;
#1962 = EDGE_CURVE ( 'NONE', #2496, #1389, #880, .T. ) ;
#1963 = CARTESIAN_POINT ( 'NONE',  ( 18.75000000000015632, -5.000000000000000000, -37.47595264191636488 ) ) ;
#1964 = DIRECTION ( 'NONE',  ( 0.000000000000000000, 1.000000000000000000, 0.000000000000000000 ) ) ;
#1965 = CIRCLE ( 'NONE', #1519, 25.00000000000000000 ) ;
#1966 = AXIS2_PLACEMENT_3D ( 'NONE', #1398, #1055, #2426 ) ;
#1967 = CARTESIAN_POINT ( 'NONE',  ( 4.604825411121821865, -5.000000000000000000, 29.64448655202323124 ) ) ;
#1968 = CIRCLE ( 'NONE', #1850, 7.999999999999996447 ) ;
#1969 = CARTESIAN_POINT ( 'NONE',  ( -19.00952648045669946, -3.982451124607258919, -16.23926410261419306 ) ) ;
#1970 = DIRECTION ( 'NONE',  ( 0.000000000000000000, 1.000000000000000000, 0.000000000000000000 ) ) ;
#1971 = EDGE_LOOP ( 'NONE', ( #748, #1882, #147, #1715 ) ) ;
#1972 = ORIENTED_EDGE ( 'NONE', *, *, #2132, .F. ) ;
#1973 = CARTESIAN_POINT ( 'NONE',  ( -7.119570076683930715, -2.514858130024285376, 29.14353383571788925 ) ) ;
#1974 = CARTESIAN_POINT ( 'NONE',  ( 13.09314575050723306, -10.00000000000000000, 38.13280689140890445 ) ) ;
#1975 = CARTESIAN_POINT ( 'NONE',  ( 24.07996533178236476, -1.623346006766141603, 6.720945405980504717 ) ) ;
#1976 = VECTOR ( 'NONE', #942, 1000.000000000000000 ) ;
#1977 = VERTEX_POINT ( 'NONE', #1067 ) ;
#1978 = CARTESIAN_POINT ( 'NONE',  ( -18.39137600626952818, -3.057077368176091881, -16.93489526272756507 ) ) ;
#1979 = CARTESIAN_POINT ( 'NONE',  ( 28.69357029541209414, -3.062223674112287686, -8.758588140373472442 ) ) ;
#1980 = DIRECTION ( 'NONE',  ( -0.000000000000000000, -1.000000000000000000, -0.000000000000000000 ) ) ;
#1981 = ORIENTED_EDGE ( 'NONE', *, *, #1131, .F. ) ;
#1982 = EDGE_LOOP ( 'NONE', ( #2190, #1239, #329, #1867 ) ) ;
#1983 = AXIS2_PLACEMENT_3D ( 'NONE', #1725, #1522, #2531 ) ;
#1984 = PERSON_AND_ORGANIZATION_ROLE ( 'design_owner' ) ;
#1985 = CARTESIAN_POINT ( 'NONE',  ( -5.851918977084985762, -3.985580549585484800, 29.42498333521739795 ) ) ;
#1986 = CARTESIAN_POINT ( 'NONE',  ( 26.47740661031267706, -10.00000000000000000, -30.40540028109612081 ) ) ;
#1987 = CARTESIAN_POINT ( 'NONE',  ( 23.27314485811000466, -4.502084435378627347, 9.135286822842147103 ) ) ;
#1988 = EDGE_CURVE ( 'NONE', #2146, #2240, #1637, .T. ) ;
#1989 = AXIS2_PLACEMENT_3D ( 'NONE', #108, #132, #509 ) ;
#1990 = ADVANCED_FACE ( 'NONE', ( #79 ), #2425, .T. ) ;
#1991 = ORIENTED_EDGE ( 'NONE', *, *, #592, .T. ) ;
#1992 = EDGE_CURVE ( 'NONE', #466, #353, #1803, .T. ) ;
#1993 = CARTESIAN_POINT ( 'NONE',  ( -18.14379440459790160, 2.517519684716472472, -17.19990583740523249 ) ) ;
#1994 = CARTESIAN_POINT ( 'NONE',  ( 27.54743113583933223, 4.968335604812597950, -11.88460952117470271 ) ) ;
#1995 = DIRECTION ( 'NONE',  ( 0.000000000000000000, 0.000000000000000000, -1.000000000000000000 ) ) ;
#1996 = PRODUCT ( 'CSWP_18_20A', 'CSWP_18_20A', '', ( #615 ) ) ;
#1997 = ORIENTED_EDGE ( 'NONE', *, *, #1110, .T. ) ;
#1998 = VERTEX_POINT ( 'NONE', #16 ) ;
#1999 = CARTESIAN_POINT ( 'NONE',  ( -6.219502575634744623, 1.623258439358982619, 24.21432684149210957 ) ) ;
#2000 = APPROVAL_STATUS ( 'not_yet_approved' ) ;
#2001 = CARTESIAN_POINT ( 'NONE',  ( 18.75000000000001421, -5.000000000000000000, 32.47595264191643594 ) ) ;
#2002 = LINE ( 'NONE', #646, #1643 ) ;
#2003 = AXIS2_PLACEMENT_3D ( 'NONE', #1772, #1379, #1759 ) ;
#2004 = EDGE_LOOP ( 'NONE', ( #258, #1298 ) ) ;
#2005 = CARTESIAN_POINT ( 'NONE',  ( -18.53669889623640543, 3.317415001864342461, -16.77631734689993692 ) ) ;
#2006 = CARTESIAN_POINT ( 'NONE',  ( 28.89343806816898308, 1.766955290184709870, -8.072992486999892137 ) ) ;
#2007 = CARTESIAN_POINT ( 'NONE',  ( 27.27837603890018059, -5.000000000000000000, -12.48559973250609900 ) ) ;
#2008 = ORIENTED_EDGE ( 'NONE', *, *, #24, .T. ) ;
#2009 = EDGE_LOOP ( 'NONE', ( #499, #1109, #1108, #2480 ) ) ;
#2010 = VECTOR ( 'NONE', #695, 1000.000000000000114 ) ;
#2011 = EDGE_CURVE ( 'NONE', #700, #967, #1244, .T. ) ;
#2012 = APPLICATION_PROTOCOL_DEFINITION ( 'international standard', 'config_control_design', 1994, #1228 ) ;
#2013 = CARTESIAN_POINT ( 'NONE',  ( -6.558672201417486747, -3.313998618283845232, 29.27520424870203541 ) ) ;
#2014 = LINE ( 'NONE', #1848, #520 ) ;
#2015 = CARTESIAN_POINT ( 'NONE',  ( 28.79881742485377316, 2.514908473270787148, 8.406066719082858185 ) ) ;
#2016 = CIRCLE ( 'NONE', #924, 30.00000000000000000 ) ;
#2017 = ORIENTED_EDGE ( 'NONE', *, *, #2104, .T. ) ;
#2018 = CARTESIAN_POINT ( 'NONE',  ( 26.47740661031225429, -10.00000000000000000, 30.40540028109646897 ) ) ;
#2019 = EDGE_CURVE ( 'NONE', #2240, #1490, #2047, .T. ) ;
#2020 = LINE ( 'NONE', #289, #419 ) ;
#2021 = ORIENTED_EDGE ( 'NONE', *, *, #414, .F. ) ;
#2022 = EDGE_LOOP ( 'NONE', ( #1402, #1287, #1433, #359 ) ) ;
#2023 = ORIENTED_EDGE ( 'NONE', *, *, #86, .F. ) ;
#2024 =( NAMED_UNIT ( * ) PLANE_ANGLE_UNIT ( ) SI_UNIT ( $, .RADIAN. ) );
#2025 = LINE ( 'NONE', #2312, #1774 ) ;
#2026 = EDGE_CURVE ( 'NONE', #2323, #2496, #1362, .T. ) ;
#2027 = CARTESIAN_POINT ( 'NONE',  ( 18.75000000000015632, -5.000000000000000000, -32.47595264191637199 ) ) ;
#2028 = DIRECTION ( 'NONE',  ( -0.2588190451025136896, 0.000000000000000000, -0.9659258262890701996 ) ) ;
#2029 = ORIENTED_EDGE ( 'NONE', *, *, #685, .T. ) ;
#2030 = DIRECTION ( 'NONE',  ( -0.000000000000000000, 1.000000000000000000, -0.000000000000000000 ) ) ;
#2031 = CARTESIAN_POINT ( 'NONE',  ( 18.75000000000015632, -10.00000000000000000, -32.47595264191637199 ) ) ;
#2032 = ORIENTED_EDGE ( 'NONE', *, *, #1791, .T. ) ;
#2033 = AXIS2_PLACEMENT_3D ( 'NONE', #2031, #1778, #248 ) ;
#2034 = VECTOR ( 'NONE', #1178, 1000.000000000000000 ) ;
#2035 = EDGE_CURVE ( 'NONE', #2521, #1977, #2318, .T. ) ;
#2036 = CARTESIAN_POINT ( 'NONE',  ( 13.09314575050723306, 10.00000000000000000, 38.13280689140890445 ) ) ;
#2037 = CARTESIAN_POINT ( 'NONE',  ( -21.92761779773286435, 3.053770278269752669, -20.47468671501654214 ) ) ;
#2038 = CARTESIAN_POINT ( 'NONE',  ( -24.26023264566125803, -5.000000000518193488, 17.65079911686213521 ) ) ;
#2039 = CARTESIAN_POINT ( 'NONE',  ( 23.79779979355734554, -3.314695592146519765, -7.662809923143582225 ) ) ;
#2040 = AXIS2_PLACEMENT_3D ( 'NONE', #1147, #27, #2334 ) ;
#2041 = LINE ( 'NONE', #686, #903 ) ;
#2042 = ORIENTED_EDGE ( 'NONE', *, *, #2035, .F. ) ;
#2043 = ORIENTED_EDGE ( 'NONE', *, *, #532, .F. ) ;
#2044 = VERTEX_POINT ( 'NONE', #1920 ) ;
#2045 = CARTESIAN_POINT ( 'NONE',  ( -18.53672716644062746, -3.317462181273253652, 16.77628610169752221 ) ) ;
#2046 = PERSON_AND_ORGANIZATION_ROLE ( 'creator' ) ;
#2047 = CIRCLE ( 'NONE', #2387, 8.000000000000000000 ) ;
#2048 = CARTESIAN_POINT ( 'NONE',  ( -5.464164695452032205, -3.065556868225311593, -24.39624849698160247 ) ) ;
#2049 = DIRECTION ( 'NONE',  ( 0.000000000000000000, 1.000000000000000000, 0.000000000000000000 ) ) ;
#2050 = CARTESIAN_POINT ( 'NONE',  ( 18.75000000000015632, -5.000000000000000000, -32.47595264191637199 ) ) ;
#2051 = AXIS2_PLACEMENT_3D ( 'NONE', #385, #2320, #2121 ) ;
#2052 = AXIS2_PLACEMENT_3D ( 'NONE', #444, #1578, #1216 ) ;
#2053 = CARTESIAN_POINT ( 'NONE',  ( 24.01109202570428636, 2.226561996827216117, -6.962994787309029654 ) ) ;
#2054 = EDGE_CURVE ( 'NONE', #1006, #1034, #960, .T. ) ;
#2055 = CARTESIAN_POINT ( 'NONE',  ( -7.640637757971985522, -1.136913459939248527, -29.01071649962975840 ) ) ;
#2056 = ORIENTED_EDGE ( 'NONE', *, *, #1110, .F. ) ;
#2057 = EDGE_LOOP ( 'NONE', ( #1035, #666, #2185, #1251 ) ) ;
#2058 = EDGE_LOOP ( 'NONE', ( #652, #1506, #872, #548 ) ) ;
#2059 = AXIS2_PLACEMENT_3D ( 'NONE', #550, #582, #2097 ) ;
#2060 = DESIGN_CONTEXT ( 'detailed design', #92, 'design' ) ;
#2061 = DIRECTION ( 'NONE',  ( 0.000000000000000000, -1.000000000000000000, 0.000000000000000000 ) ) ;
#2062 = FACE_OUTER_BOUND ( 'NONE', #2058, .T. ) ;
#2063 = CYLINDRICAL_SURFACE ( 'NONE', #636, 4.999999999999997335 ) ;
#2064 = CARTESIAN_POINT ( 'NONE',  ( 13.09314575050776241, -5.000000000000000000, -38.13280689140874102 ) ) ;
#2065 = VECTOR ( 'NONE', #10, 1000.000000000000114 ) ;
#2066 = EDGE_CURVE ( 'NONE', #1121, #1057, #2344, .T. ) ;
#2067 = DIRECTION ( 'NONE',  ( 1.421085471520200372E-14, 0.000000000000000000, 1.000000000000000000 ) ) ;
#2068 = EDGE_CURVE ( 'NONE', #138, #123, #954, .T. ) ;
#2069 = DIRECTION ( 'NONE',  ( -0.2588190451025186856, -0.000000000000000000, -0.9659258262890688673 ) ) ;
#2070 = VERTEX_POINT ( 'NONE', #187 ) ;
#2071 = ORIENTED_EDGE ( 'NONE', *, *, #1657, .F. ) ;
#2072 = EDGE_CURVE ( 'NONE', #1306, #1451, #1809, .T. ) ;
#2073 = EDGE_LOOP ( 'NONE', ( #2204, #818, #2307, #45, #1719, #1443, #52, #1176 ) ) ;
#2074 = CARTESIAN_POINT ( 'NONE',  ( -18.14382212920312654, -2.517588267545962655, 17.19987660099161175 ) ) ;
#2075 = ORIENTED_EDGE ( 'NONE', *, *, #690, .F. ) ;
#2076 = CARTESIAN_POINT ( 'NONE',  ( -1.840931142833161838, -5.000000000000000888, -24.93432997713225774 ) ) ;
#2077 = DIRECTION ( 'NONE',  ( 0.000000000000000000, 0.000000000000000000, 1.000000000000000000 ) ) ;
#2078 = DIRECTION ( 'NONE',  ( -0.000000000000000000, 1.000000000000000000, -0.000000000000000000 ) ) ;
#2079 = B_SPLINE_CURVE_WITH_KNOTS ( 'NONE', 3,
 ( #1611, #1573, #1994, #800, #1236, #2363, #813, #1399, #1416, #247, #1184, #1195, #66, #2006, #1954, #2402, #42, #609, #1596, #1766, #1003, #622, #2187, #976, #2375, #1979, #2389, #217, #791, #1560, #1752, #2174, #650, #1805, #634, #261, #1430, #1385 ),
 .UNSPECIFIED., .F., .F.,
 ( 4, 2, 2, 2, 2, 2, 2, 2, 2, 2, 2, 2, 2, 2, 2, 2, 2, 2, 4 ),
 ( 0.000000000000000000, 0.0009867817812897927872, 0.001973563562579585574, 0.002960345343869378362, 0.003947127125159171149, 0.004933908906448964370, 0.005920690687738756723, 0.006414081578383652033, 0.006907472469028548209, 0.007894254250318338828, 0.008881036031608131182, 0.009867817812897923535, 0.01085459959418771242, 0.01184138137547750477, 0.01282816315676729713, 0.01381494493805709121, 0.01430833582870198566, 0.01480172671934688183, 0.01578850850063667072 ),
 .UNSPECIFIED. ) ;
#2080 = DIRECTION ( 'NONE',  ( 0.000000000000000000, -1.000000000000000000, 0.000000000000000000 ) ) ;
#2081 = DIRECTION ( 'NONE',  ( 0.000000000000000000, 0.000000000000000000, 1.000000000000000000 ) ) ;
#2082 = LINE ( 'NONE', #2453, #374 ) ;
#2083 = ORIENTED_EDGE ( 'NONE', *, *, #1060, .T. ) ;
#2084 = ORIENTED_EDGE ( 'NONE', *, *, #830, .F. ) ;
#2085 = ORIENTED_EDGE ( 'NONE', *, *, #1240, .T. ) ;
#2086 = DIRECTION ( 'NONE',  ( -0.2588190451025136896, 0.000000000000000000, -0.9659258262890701996 ) ) ;
#2087 = CIRCLE ( 'NONE', #1033, 5.000000000000101252 ) ;
#2088 = COORDINATED_UNIVERSAL_TIME_OFFSET ( 5, 30, .AHEAD. ) ;
#2089 = ORIENTED_EDGE ( 'NONE', *, *, #2147, .F. ) ;
#2090 = FACE_OUTER_BOUND ( 'NONE', #1454, .T. ) ;
#2091 = CARTESIAN_POINT ( 'NONE',  ( 26.47740661031267706, 5.000000000000000000, -30.40540028109612081 ) ) ;
#2092 = LINE ( 'NONE', #1963, #790 ) ;
#2093 = CARTESIAN_POINT ( 'NONE',  ( -6.108130639699465902, -3.772398132357087430, -29.37251118899994395 ) ) ;
#2094 = ORIENTED_EDGE ( 'NONE', *, *, #39, .T. ) ;
#2095 = ORIENTED_EDGE ( 'NONE', *, *, #119, .F. ) ;
#2096 = EDGE_CURVE ( 'NONE', #2442, #898, #511, .T. ) ;
#2097 = DIRECTION ( 'NONE',  ( -0.9659258262890700886, 0.000000000000000000, -0.2588190451025141336 ) ) ;
#2098 = FACE_OUTER_BOUND ( 'NONE', #2171, .T. ) ;
#2099 = ORIENTED_EDGE ( 'NONE', *, *, #492, .F. ) ;
#2100 = AXIS2_PLACEMENT_3D ( 'NONE', #231, #844, #2350 ) ;
#2101 = EDGE_CURVE ( 'NONE', #932, #1802, #2529, .T. ) ;
#2102 = DIRECTION ( 'NONE',  ( 0.000000000000000000, 0.000000000000000000, 1.000000000000000000 ) ) ;
#2103 = DIRECTION ( 'NONE',  ( 0.9659258262890688673, 0.000000000000000000, -0.2588190451025186301 ) ) ;
#2104 = EDGE_CURVE ( 'NONE', #1753, #535, #707, .T. ) ;
#2105 = LINE ( 'NONE', #618, #1316 ) ;
#2106 = CARTESIAN_POINT ( 'NONE',  ( -37.50000000000000711, -10.00000000000000000, 0.000000000000000000 ) ) ;
#2107 = ORIENTED_EDGE ( 'NONE', *, *, #2242, .F. ) ;
#2108 = FACE_BOUND ( 'NONE', #875, .T. ) ;
#2109 = CARTESIAN_POINT ( 'NONE',  ( 0.000000000000000000, -5.000000000000000000, 0.000000000000000000 ) ) ;
#2110 = CARTESIAN_POINT ( 'NONE',  ( 13.09314575050723306, 5.000000000000000000, 38.13280689140890445 ) ) ;
#2111 = VERTEX_POINT ( 'NONE', #203 ) ;
#2112 = CYLINDRICAL_SURFACE ( 'NONE', #2249, 5.000000000119659838 ) ;
#2113 = AXIS2_PLACEMENT_3D ( 'NONE', #884, #146, #1267 ) ;
#2114 = CARTESIAN_POINT ( 'NONE',  ( -39.57055236082011618, -5.000000000000000000, 7.727406610312561597 ) ) ;
#2115 = CARTESIAN_POINT ( 'NONE',  ( 18.75000000000001421, 5.000000000000000000, 40.47595264191643594 ) ) ;
#2116 = CC_DESIGN_DATE_AND_TIME_ASSIGNMENT ( #2432, #318, ( #339 ) ) ;
#2117 = LOCAL_TIME ( 23, 25, 19.00000000000000000, #2088 ) ;
#2118 = CARTESIAN_POINT ( 'NONE',  ( 28.89344442878574171, -1.766892849300084611, 8.072969712941528542 ) ) ;
#2119 = EDGE_CURVE ( 'NONE', #1890, #2433, #2359, .T. ) ;
#2120 = CARTESIAN_POINT ( 'NONE',  ( 18.75000000000001421, -5.000000000000000000, 27.47595264191633646 ) ) ;
#2121 = DIRECTION ( 'NONE',  ( 0.000000000000000000, 0.000000000000000000, 1.000000000000000000 ) ) ;
#2122 = PLANE ( 'NONE',  #988 ) ;
#2123 = DIRECTION ( 'NONE',  ( -0.000000000000000000, -1.000000000000000000, -0.000000000000000000 ) ) ;
#2124 = CYLINDRICAL_SURFACE ( 'NONE', #175, 8.000000000000000000 ) ;
#2125 = ORIENTED_EDGE ( 'NONE', *, *, #2242, .T. ) ;
#2126 = DIRECTION ( 'NONE',  ( 0.7071067811865365815, 0.000000000000000000, 0.7071067811865584529 ) ) ;
#2127 = DIRECTION ( 'NONE',  ( -0.9659258262890699775, 0.000000000000000000, 0.2588190451025146888 ) ) ;
#2128 = DIRECTION ( 'NONE',  ( 0.000000000000000000, 1.000000000000000000, 0.000000000000000000 ) ) ;
#2129 = EDGE_CURVE ( 'NONE', #700, #197, #682, .T. ) ;
#2130 = CARTESIAN_POINT ( 'NONE',  ( 28.96939665435274591, -0.6565980043372641184, 7.796032719564832902 ) ) ;
#2131 = AXIS2_PLACEMENT_3D ( 'NONE', #1315, #2288, #2247 ) ;
#2132 = EDGE_CURVE ( 'NONE', #1363, #1627, #2513, .T. ) ;
#2133 = DIRECTION ( 'NONE',  ( 0.000000000000000000, 1.000000000000000000, 0.000000000000000000 ) ) ;
#2134 = CARTESIAN_POINT ( 'NONE',  ( -37.50000000000000711, -10.00000000000000000, 0.000000000000000000 ) ) ;
#2135 = FACE_BOUND ( 'NONE', #1815, .T. ) ;
#2136 = LINE ( 'NONE', #2364, #210 ) ;
#2137 = ORIENTED_EDGE ( 'NONE', *, *, #2522, .F. ) ;
#2138 = DIRECTION ( 'NONE',  ( 0.000000000000000000, 0.000000000000000000, 1.000000000000000000 ) ) ;
#2139 = AXIS2_PLACEMENT_3D ( 'NONE', #2277, #508, #1864 ) ;
#2140 = DIRECTION ( 'NONE',  ( 0.000000000000000000, 1.000000000000000000, 0.000000000000000000 ) ) ;
#2141 = DIRECTION ( 'NONE',  ( -0.000000000000000000, 1.000000000000000000, -0.000000000000000000 ) ) ;
#2142 = VECTOR ( 'NONE', #1075, 1000.000000000000000 ) ;
#2143 = CARTESIAN_POINT ( 'NONE',  ( 28.93387696344884574, -1.295679409145063188, 7.926730049987298798 ) ) ;
#2144 = CARTESIAN_POINT ( 'NONE',  ( 13.09314575050776241, -10.00000000000000000, -38.13280689140874102 ) ) ;
#2145 = CARTESIAN_POINT ( 'NONE',  ( -39.57055236082011618, -5.000000000000000000, -7.727406610312554491 ) ) ;
#2146 = VERTEX_POINT ( 'NONE', #1438 ) ;
#2147 = EDGE_CURVE ( 'NONE', #535, #1283, #1737, .T. ) ;
#2148 = LINE ( 'NONE', #1925, #505 ) ;
#2149 = CARTESIAN_POINT ( 'NONE',  ( -2.813160899720924757, 4.842425626689176532, -24.84333519095232745 ) ) ;
#2150 = LINE ( 'NONE', #377, #2159 ) ;
#2151 = VERTEX_POINT ( 'NONE', #1461 ) ;
#2152 = ADVANCED_FACE ( 'NONE', ( #285 ), #1605, .F. ) ;
#2153 = CARTESIAN_POINT ( 'NONE',  ( 23.37046573063702937, -5.000000000000000000, 18.81013906203567387 ) ) ;
#2154 = CARTESIAN_POINT ( 'NONE',  ( -6.470468541743978008, -0.3316024750100209362, 24.14814768984079763 ) ) ;
#2155 = EDGE_CURVE ( 'NONE', #1682, #829, #2002, .T. ) ;
#2156 = DIRECTION ( 'NONE',  ( 0.000000000000000000, 0.000000000000000000, 1.000000000000000000 ) ) ;
#2157 = CARTESIAN_POINT ( 'NONE',  ( 18.75000000000015632, 10.00000000000000000, -32.47595264191637199 ) ) ;
#2158 = CARTESIAN_POINT ( 'NONE',  ( -17.90291818510924671, 1.769051139726050881, 17.44962781268462848 ) ) ;
#2159 = VECTOR ( 'NONE', #977, 1000.000000000000114 ) ;
#2160 = CARTESIAN_POINT ( 'NONE',  ( 18.75000000000001421, -10.00000000000000000, 32.47595264191643594 ) ) ;
#2161 = PRODUCT_DEFINITION_FORMATION_WITH_SPECIFIED_SOURCE ( 'ANY', '', #1996, .NOT_KNOWN. ) ;
#2162 = DIRECTION ( 'NONE',  ( -0.7071067811865455743, 0.000000000000000000, 0.7071067811865495711 ) ) ;
#2163 = DIRECTION ( 'NONE',  ( 0.000000000000000000, 0.000000000000000000, 1.000000000000000000 ) ) ;
#2164 = ORIENTED_EDGE ( 'NONE', *, *, #1051, .T. ) ;
#2165 = ORIENTED_EDGE ( 'NONE', *, *, #122, .F. ) ;
#2166 = DIRECTION ( 'NONE',  ( 0.000000000000000000, 0.000000000000000000, 1.000000000000000000 ) ) ;
#2167 = DIRECTION ( 'NONE',  ( -0.000000000000000000, 1.000000000000000000, -0.000000000000000000 ) ) ;
#2168 = CARTESIAN_POINT ( 'NONE',  ( -2.826341469557725361, -5.000000000000000000, -29.86656648993081475 ) ) ;
#2169 = EDGE_CURVE ( 'NONE', #664, #816, #840, .T. ) ;
#2170 = CARTESIAN_POINT ( 'NONE',  ( -18.39134733646880093, 3.057022949270562506, 16.93492638198145883 ) ) ;
#2171 = EDGE_LOOP ( 'NONE', ( #68, #2428, #109, #1564 ) ) ;
#2172 = AXIS2_PLACEMENT_3D ( 'NONE', #1376, #32, #805 ) ;
#2173 = LINE ( 'NONE', #95, #1481 ) ;
#2174 = CARTESIAN_POINT ( 'NONE',  ( 27.96686848735386022, -4.686161850444258370, -10.85713415096271817 ) ) ;
#2175 = CARTESIAN_POINT ( 'NONE',  ( -21.23626405441227050, 0.6583548765605008457, 21.19021680950879016 ) ) ;
#2176 = VERTEX_POINT ( 'NONE', #1634 ) ;
#2177 = CARTESIAN_POINT ( 'NONE',  ( -3.116984016901174215, 4.743040771551738644, 24.80542993747931035 ) ) ;
#2178 = VECTOR ( 'NONE', #1951, 1000.000000000000000 ) ;
#2179 = EDGE_CURVE ( 'NONE', #63, #1321, #269, .T. ) ;
#2180 = AXIS2_PLACEMENT_3D ( 'NONE', #1317, #167, #936 ) ;
#2181 = CARTESIAN_POINT ( 'NONE',  ( 18.75000000000015632, -5.000000000000000000, -32.47595264191637199 ) ) ;
#2182 = DIRECTION ( 'NONE',  ( -0.2588190451025217942, -0.000000000000000000, 0.9659258262890679791 ) ) ;
#2183 = DIRECTION ( 'NONE',  ( -0.9659258262890699775, 0.000000000000000000, 0.2588190451025146888 ) ) ;
#2184 = AXIS2_PLACEMENT_3D ( 'NONE', #163, #732, #1503 ) ;
#2185 = ORIENTED_EDGE ( 'NONE', *, *, #1911, .F. ) ;
#2186 = CARTESIAN_POINT ( 'NONE',  ( -17.67766398178891407, 0.3313656005680050698, -17.67767507753847056 ) ) ;
#2187 = CARTESIAN_POINT ( 'NONE',  ( 28.90993712598726262, -1.621312371703494293, -8.014442666211836652 ) ) ;
#2188 = DIRECTION ( 'NONE',  ( 0.000000000000000000, 0.000000000000000000, 1.000000000000000000 ) ) ;
#2189 = VERTEX_POINT ( 'NONE', #866 ) ;
#2190 = ORIENTED_EDGE ( 'NONE', *, *, #154, .F. ) ;
#2191 = ORIENTED_EDGE ( 'NONE', *, *, #518, .T. ) ;
#2192 = CYLINDRICAL_SURFACE ( 'NONE', #1732, 5.000000000000069278 ) ;
#2193 = CARTESIAN_POINT ( 'NONE',  ( -5.976544480921725189, -2.224509430672943378, 24.27543775624566891 ) ) ;
#2194 = AXIS2_PLACEMENT_3D ( 'NONE', #513, #317, #1894 ) ;
#2195 = COORDINATED_UNIVERSAL_TIME_OFFSET ( 5, 30, .AHEAD. ) ;
#2196 = DIRECTION ( 'NONE',  ( 0.000000000000000000, 1.000000000000000000, 0.000000000000000000 ) ) ;
#2197 = FACE_OUTER_BOUND ( 'NONE', #2228, .T. ) ;
#2198 = DIRECTION ( 'NONE',  ( 0.000000000000000000, 0.000000000000000000, 1.000000000000000000 ) ) ;
#2199 = EDGE_LOOP ( 'NONE', ( #1296, #1005, #487, #1513, #770, #778, #803, #2305, #2507 ) ) ;
#2200 = CARTESIAN_POINT ( 'NONE',  ( -19.54794371612862847, 4.502069821021272844, -15.58751537572745782 ) ) ;
#2201 = LINE ( 'NONE', #436, #1735 ) ;
#2202 = DIRECTION ( 'NONE',  ( -0.000000000000000000, -1.000000000000000000, -0.000000000000000000 ) ) ;
#2203 = CIRCLE ( 'NONE', #97, 30.00000000000000000 ) ;
#2204 = ORIENTED_EDGE ( 'NONE', *, *, #2294, .T. ) ;
#2205 = B_SPLINE_CURVE_WITH_KNOTS ( 'NONE', 3,
 ( #735, #718, #693, #2434, #2272, #1507, #2244, #2048, #152, #1299, #1859, #705, #1483, #320, #1870, #126, #1459, #140, #2076, #2257 ),
 .UNSPECIFIED., .F., .F.,
 ( 4, 2, 2, 2, 2, 2, 2, 2, 2, 4 ),
 ( 0.007903097531441870965, 0.008890955309529522538, 0.009878813087617175845, 0.01086667086570482915, 0.01185452864379248072, 0.01284238642188013230, 0.01383024419996778560, 0.01432417308901161139, 0.01481810197805543891, 0.01580595975614309048 ),
 .UNSPECIFIED. ) ;
#2206 = ORIENTED_EDGE ( 'NONE', *, *, #2068, .F. ) ;
#2207 = VERTEX_POINT ( 'NONE', #1826 ) ;
#2208 = DIRECTION ( 'NONE',  ( 0.000000000000000000, 1.000000000000000000, 0.000000000000000000 ) ) ;
#2209 = CARTESIAN_POINT ( 'NONE',  ( -7.733144293705762173, -0.6582763955120801702, 28.98624981263997213 ) ) ;
#2210 = CARTESIAN_POINT ( 'NONE',  ( -22.38515106524513243, -3.774856576386459217, -19.97395245401059327 ) ) ;
#2211 = CARTESIAN_POINT ( 'NONE',  ( 28.84185245984079415, 2.223991291806450832, 8.256107023892871766 ) ) ;
#2212 = CIRCLE ( 'NONE', #282, 30.00000000000000000 ) ;
#2213 = ORIENTED_EDGE ( 'NONE', *, *, #414, .T. ) ;
#2214 = EDGE_CURVE ( 'NONE', #1020, #653, #2358, .T. ) ;
#2215 = CARTESIAN_POINT ( 'NONE',  ( -17.86360527954450816, -1.612548815034481331, -17.48982286475976622 ) ) ;
#2216 = EDGE_CURVE ( 'NONE', #1562, #702, #2256, .T. ) ;
#2217 = PLANE ( 'NONE',  #616 ) ;
#2218 = EDGE_LOOP ( 'NONE', ( #439, #1414, #1895, #368 ) ) ;
#2219 = ORIENTED_EDGE ( 'NONE', *, *, #1124, .T. ) ;
#2220 = CARTESIAN_POINT ( 'NONE',  ( 23.04607219956951525, 4.747777015317350191, 9.693818454192518530 ) ) ;
#2221 = CARTESIAN_POINT ( 'NONE',  ( -7.602170866381773529, 1.295748700287206345, 29.02084222949372361 ) ) ;
#2222 = CARTESIAN_POINT ( 'NONE',  ( 18.75000000000001421, 10.00000000000000000, 32.47595264191643594 ) ) ;
#2223 = DIRECTION ( 'NONE',  ( 0.000000000000000000, 0.000000000000000000, 1.000000000000000000 ) ) ;
#2224 = VERTEX_POINT ( 'NONE', #309 ) ;
#2225 = LINE ( 'NONE', #1002, #387 ) ;
#2226 = PERSON ( 'UNSPECIFIED', 'UNSPECIFIED', 'UNSPECIFIED', ('UNSPECIFIED'), ('UNSPECIFIED'), ('UNSPECIFIED') ) ;
#2227 = CARTESIAN_POINT ( 'NONE',  ( -21.57092464955383804, 2.223991293987795714, 20.84972340988083062 ) ) ;
#2228 = EDGE_LOOP ( 'NONE', ( #2379, #755, #2468, #1501 ) ) ;
#2229 = ORIENTED_EDGE ( 'NONE', *, *, #1407, .T. ) ;
#2230 = VERTEX_POINT ( 'NONE', #708 ) ;
#2231 = PERSON_AND_ORGANIZATION_ROLE ( 'classification_officer' ) ;
#2232 = ORIENTED_EDGE ( 'NONE', *, *, #1791, .F. ) ;
#2233 = DIRECTION ( 'NONE',  ( 0.000000000000000000, 1.000000000000000000, 0.000000000000000000 ) ) ;
#2234 = CARTESIAN_POINT ( 'NONE',  ( -21.21319936821058505, -0.3309790559925607778, -21.21320750298226088 ) ) ;
#2235 = CARTESIAN_POINT ( 'NONE',  ( -21.67720864631775868, -2.509474267767813238, 20.73962013307737351 ) ) ;
#2236 = CIRCLE ( 'NONE', #1343, 4.999999999999997335 ) ;
#2237 = DIRECTION ( 'NONE',  ( 0.000000000000000000, 0.000000000000000000, -1.000000000000000000 ) ) ;
#2238 = CARTESIAN_POINT ( 'NONE',  ( -7.509659014814582534, -1.610471025998094330, -29.04491877941099887 ) ) ;
#2239 = ORIENTED_EDGE ( 'NONE', *, *, #2155, .F. ) ;
#2240 = VERTEX_POINT ( 'NONE', #1699 ) ;
#2241 = ORIENTED_EDGE ( 'NONE', *, *, #7, .T. ) ;
#2242 = EDGE_CURVE ( 'NONE', #2400, #944, #1410, .T. ) ;
#2243 = ORIENTED_EDGE ( 'NONE', *, *, #2035, .T. ) ;
#2244 = CARTESIAN_POINT ( 'NONE',  ( -5.823619013586237791, -2.517588267574222272, -24.31294918618673861 ) ) ;
#2245 = DIRECTION ( 'NONE',  ( -0.000000000000000000, -1.000000000000000000, 0.000000000000000000 ) ) ;
#2246 = EDGE_CURVE ( 'NONE', #1636, #2365, #1159, .T. ) ;
#2247 = DIRECTION ( 'NONE',  ( 0.000000000000000000, -0.000000000000000000, 1.000000000000000000 ) ) ;
#2248 = LINE ( 'NONE', #348, #1358 ) ;
#2249 = AXIS2_PLACEMENT_3D ( 'NONE', #1743, #784, #33 ) ;
#2250 = FACE_OUTER_BOUND ( 'NONE', #1514, .T. ) ;
#2251 = ORIENTED_EDGE ( 'NONE', *, *, #1652, .T. ) ;
#2252 = ORIENTED_EDGE ( 'NONE', *, *, #149, .F. ) ;
#2253 = CARTESIAN_POINT ( 'NONE',  ( 18.75000000000001421, -5.000000000000000000, 32.47595264191643594 ) ) ;
#2254 = APPROVAL_STATUS ( 'not_yet_approved' ) ;
#2255 = ORIENTED_EDGE ( 'NONE', *, *, #1328, .F. ) ;
#2256 = CIRCLE ( 'NONE', #2346, 4.999999999999997335 ) ;
#2257 = CARTESIAN_POINT ( 'NONE',  ( -1.510116830344377492, -5.000000000000000000, -24.95434926337913595 ) ) ;
#2258 = DIRECTION ( 'NONE',  ( 0.000000000000000000, 1.000000000000000000, 0.000000000000000000 ) ) ;
#2259 = DIRECTION ( 'NONE',  ( 0.000000000000000000, 1.000000000000000000, 0.000000000000000000 ) ) ;
#2260 = ADVANCED_FACE ( 'NONE', ( #1291, #1662 ), #1104, .F. ) ;
#2261 = EDGE_CURVE ( 'NONE', #1695, #2481, #1711, .T. ) ;
#2262 = AXIS2_PLACEMENT_3D ( 'NONE', #2134, #397, #1169 ) ;
#2263 = AXIS2_PLACEMENT_3D ( 'NONE', #2222, #1675, #113 ) ;
#2264 = CARTESIAN_POINT ( 'NONE',  ( 23.96745260133090838, 2.517519685353144965, -7.113033952890355671 ) ) ;
#2265 = CARTESIAN_POINT ( 'NONE',  ( -37.50000000000000711, 10.00000000000000000, 0.000000000000000000 ) ) ;
#2266 = CARTESIAN_POINT ( 'NONE',  ( -7.455325359002862307, -1.766892849300082169, -29.05894173463325103 ) ) ;
#2267 = ORIENTED_EDGE ( 'NONE', *, *, #21, .F. ) ;
#2268 = VERTEX_POINT ( 'NONE', #2274 ) ;
#2269 = CIRCLE ( 'NONE', #1332, 8.000000000000000000 ) ;
#2270 = CARTESIAN_POINT ( 'NONE',  ( -20.11286695789686974, -4.836667424125264070, 14.84915909310750770 ) ) ;
#2271 = VERTEX_POINT ( 'NONE', #1473 ) ;
#2272 = CARTESIAN_POINT ( 'NONE',  ( -6.219473206863509240, -1.623346006766140492, -24.21433440256242164 ) ) ;
#2273 = CARTESIAN_POINT ( 'NONE',  ( -23.67875459239699509, -4.835520277191879046, -18.42122229416023771 ) ) ;
#2274 = CARTESIAN_POINT ( 'NONE',  ( 3.061616997868383043E-15, -5.000000000000000000, 25.00000000000000000 ) ) ;
#2275 = ADVANCED_FACE ( 'NONE', ( #115 ), #544, .F. ) ;
#2276 = CARTESIAN_POINT ( 'NONE',  ( 23.56837849253476591, -3.982451125525881874, -8.343100792778088248 ) ) ;
#2277 = CARTESIAN_POINT ( 'NONE',  ( -24.45203457343824738, 0.000000000000000000, -17.38096675157571624 ) ) ;
#2278 = CARTESIAN_POINT ( 'NONE',  ( 3.061616997868383043E-15, 10.00000000000000000, 25.00000000000000000 ) ) ;
#2279 = ORIENTED_EDGE ( 'NONE', *, *, #1635, .F. ) ;
#2280 = ORIENTED_EDGE ( 'NONE', *, *, #1878, .T. ) ;
#2281 = EDGE_CURVE ( 'NONE', #1121, #1538, #503, .T. ) ;
#2282 = CARTESIAN_POINT ( 'NONE',  ( 24.14814565716478256, 0.000000000000000000, 6.470476127794125176 ) ) ;
#2283 = DIRECTION ( 'NONE',  ( -0.000000000000000000, -1.000000000000000000, 0.000000000000000000 ) ) ;
#2284 = VERTEX_POINT ( 'NONE', #2473 ) ;
#2285 = CIRCLE ( 'NONE', #1185, 30.00000000000000355 ) ;
#2286 = CYLINDRICAL_SURFACE ( 'NONE', #725, 5.000000000000101252 ) ;
#2287 = CARTESIAN_POINT ( 'NONE',  ( 13.09314575050776241, 5.000000000000000000, -38.13280689140874102 ) ) ;
#2288 = DIRECTION ( 'NONE',  ( 0.000000000000000000, 1.000000000000000000, 0.000000000000000000 ) ) ;
#2289 = LOCAL_TIME ( 23, 25, 19.00000000000000000, #1881 ) ;
#2290 = ADVANCED_FACE ( 'NONE', ( #362, #346 ), #721, .F. ) ;
#2291 = CARTESIAN_POINT ( 'NONE',  ( 18.75000000000001421, -5.000000000000000000, 37.47595264191654252 ) ) ;
#2292 = CARTESIAN_POINT ( 'NONE',  ( -3.481348931993502482, -4.968334918422186774, -29.79907913869642044 ) ) ;
#2293 = ORIENTED_EDGE ( 'NONE', *, *, #1170, .F. ) ;
#2294 = EDGE_CURVE ( 'NONE', #1827, #2400, #589, .T. ) ;
#2295 = ORIENTED_EDGE ( 'NONE', *, *, #1683, .T. ) ;
#2296 = LINE ( 'NONE', #1361, #1167 ) ;
#2297 = CARTESIAN_POINT ( 'NONE',  ( -19.92365459176459197, -4.743048456785428968, 15.10208365579181944 ) ) ;
#2298 = ORIENTED_EDGE ( 'NONE', *, *, #1388, .F. ) ;
#2299 = EDGE_CURVE ( 'NONE', #2392, #1325, #1265, .T. ) ;
#2300 = DIRECTION ( 'NONE',  ( 0.000000000000000000, 1.000000000000000000, 0.000000000000000000 ) ) ;
#2301 = LINE ( 'NONE', #418, #2330 ) ;
#2302 = VECTOR ( 'NONE', #2371, 1000.000000000000000 ) ;
#2303 = CARTESIAN_POINT ( 'NONE',  ( 23.10108354469346281, 4.687978433548591894, -9.558405925702302852 ) ) ;
#2304 = CARTESIAN_POINT ( 'NONE',  ( 18.75000000000015632, -10.00000000000000000, -40.47595264191637199 ) ) ;
#2305 = ORIENTED_EDGE ( 'NONE', *, *, #2019, .T. ) ;
#2306 = AXIS2_PLACEMENT_3D ( 'NONE', #1541, #552, #1720 ) ;
#2307 = ORIENTED_EDGE ( 'NONE', *, *, #23, .F. ) ;
#2308 = FACE_BOUND ( 'NONE', #1268, .T. ) ;
#2309 = FACE_OUTER_BOUND ( 'NONE', #415, .T. ) ;
#2310 = LINE ( 'NONE', #802, #958 ) ;
#2311 = AXIS2_PLACEMENT_3D ( 'NONE', #366, #537, #389 ) ;
#2312 = CARTESIAN_POINT ( 'NONE',  ( 0.000000000000000000, 10.00000000000000000, -30.00000000000000000 ) ) ;
#2313 = EDGE_CURVE ( 'NONE', #2230, #265, #993, .T. ) ;
#2314 = CARTESIAN_POINT ( 'NONE',  ( -1.840974427063907903, -5.000000000000328626, 24.93432735777461673 ) ) ;
#2315 = CARTESIAN_POINT ( 'NONE',  ( -20.85604198162149814, -5.000000000000000000, -13.78497416975605638 ) ) ;
#2316 = CARTESIAN_POINT ( 'NONE',  ( 28.69541677371748634, -3.053730298429168766, 8.752501022156994992 ) ) ;
#2317 = VECTOR ( 'NONE', #1188, 1000.000000000000000 ) ;
#2318 = B_SPLINE_CURVE_WITH_KNOTS ( 'NONE', 3,
 ( #1192, #1396, #38, #787, #1773, #1180, #810, #985, #605, #1579, #2170, #1948, #972, #2158, #1747, #1555, #591, #763, #1356, #1152 ),
 .UNSPECIFIED., .F., .F.,
 ( 4, 2, 2, 2, 2, 2, 2, 2, 2, 4 ),
 ( 0.000000000000000000, 0.0009878871914164983302, 0.001975774382832996660, 0.002963661574249494991, 0.003951548765665993321, 0.004939435957082491217, 0.005927323148498989981, 0.006421266744207240230, 0.006915210339915491347, 0.007903097531331993580 ),
 .UNSPECIFIED. ) ;
#2319 = FACE_OUTER_BOUND ( 'NONE', #881, .T. ) ;
#2320 = DIRECTION ( 'NONE',  ( -0.000000000000000000, -1.000000000000000000, 0.000000000000000000 ) ) ;
#2321 = DIRECTION ( 'NONE',  ( 0.000000000000000000, 0.000000000000000000, -1.000000000000000000 ) ) ;
#2322 = ORIENTED_EDGE ( 'NONE', *, *, #1392, .T. ) ;
#2323 = VERTEX_POINT ( 'NONE', #19 ) ;
#2324 = EDGE_CURVE ( 'NONE', #2433, #31, #1968, .T. ) ;
#2325 = MANIFOLD_SOLID_BREP ( 'Fillet8', #470 ) ;
#2326 = LINE ( 'NONE', #1782, #2317 ) ;
#2327 = VECTOR ( 'NONE', #1666, 1000.000000000000000 ) ;
#2328 = LINE ( 'NONE', #176, #74 ) ;
#2329 = DIRECTION ( 'NONE',  ( 0.000000000000000000, 1.000000000000000000, 0.000000000000000000 ) ) ;
#2330 = VECTOR ( 'NONE', #1553, 1000.000000000000000 ) ;
#2331 = CARTESIAN_POINT ( 'NONE',  ( 28.84219003521296187, -2.221826627685896227, 8.254935357364507453 ) ) ;
#2332 = DIRECTION ( 'NONE',  ( 0.000000000000000000, 0.000000000000000000, 1.000000000000000000 ) ) ;
#2333 = DIRECTION ( 'NONE',  ( 0.000000000000000000, 0.000000000000000000, 1.000000000000000000 ) ) ;
#2334 = DIRECTION ( 'NONE',  ( 0.7071067811865365815, 0.000000000000000000, 0.7071067811865584529 ) ) ;
#2335 = CARTESIAN_POINT ( 'NONE',  ( 23.37046573063702937, 5.000000000000000000, 18.81013906203567387 ) ) ;
#2336 = DIRECTION ( 'NONE',  ( 0.000000000000000000, 0.000000000000000000, 1.000000000000000000 ) ) ;
#2337 = ORIENTED_EDGE ( 'NONE', *, *, #220, .T. ) ;
#2338 = ORIENTED_EDGE ( 'NONE', *, *, #854, .F. ) ;
#2339 = DIRECTION ( 'NONE',  ( -0.000000000000000000, 1.000000000000000000, -0.000000000000000000 ) ) ;
#2340 = CARTESIAN_POINT ( 'NONE',  ( -4.804998874393313635, 3.778264046948581978, 24.53499573080919660 ) ) ;
#2341 = VECTOR ( 'NONE', #2182, 1000.000000000000000 ) ;
#2342 = CARTESIAN_POINT ( 'NONE',  ( 18.75000000000015632, -5.000000000000000000, -32.47595264191637199 ) ) ;
#2343 = ADVANCED_FACE ( 'NONE', ( #1141, #946 ), #794, .F. ) ;
#2344 = LINE ( 'NONE', #797, #2302 ) ;
#2345 = ADVANCED_FACE ( 'NONE', ( #1366 ), #1566, .F. ) ;
#2346 = AXIS2_PLACEMENT_3D ( 'NONE', #1301, #2259, #128 ) ;
#2347 = EDGE_CURVE ( 'NONE', #477, #1464, #6, .T. ) ;
#2348 = LINE ( 'NONE', #765, #2065 ) ;
#2349 = DIRECTION ( 'NONE',  ( 0.000000000000000000, 0.000000000000000000, -1.000000000000000000 ) ) ;
#2350 = DIRECTION ( 'NONE',  ( -0.9659258262890699775, 0.000000000000000000, 0.2588190451025146888 ) ) ;
#2351 = DIRECTION ( 'NONE',  ( -0.000000000000000000, -1.000000000000000000, -0.000000000000000000 ) ) ;
#2352 = EDGE_LOOP ( 'NONE', ( #249, #1083, #654, #584 ) ) ;
#2353 = ORIENTED_EDGE ( 'NONE', *, *, #2179, .T. ) ;
#2354 = VECTOR ( 'NONE', #956, 1000.000000000000000 ) ;
#2355 = CARTESIAN_POINT ( 'NONE',  ( -6.214828272921923968, -1.612548815998682272, 24.21524740658541219 ) ) ;
#2356 = CARTESIAN_POINT ( 'NONE',  ( -39.57055236082011618, 5.000000000000000000, 7.727406610312561597 ) ) ;
#2357 = CARTESIAN_POINT ( 'NONE',  ( 23.37690864167568705, 4.349869306707095262, -8.865387996776712853 ) ) ;
#2358 = B_SPLINE_CURVE_WITH_KNOTS ( 'NONE', 3,
 ( #90, #2436, #433, #1205, #1975, #1813, #242, #76, #855, #2409, #823, #1621, #1987, #1593, #2385, #631, #1411, #256, #2502, #1861 ),
 .UNSPECIFIED., .F., .F.,
 ( 4, 2, 2, 2, 2, 2, 2, 2, 2, 4 ),
 ( 0.007903097531441869231, 0.008890955309529522538, 0.009878813087617174110, 0.01086667086570482568, 0.01185452864379247725, 0.01284238642188012883, 0.01383024419996778040, 0.01432417308901160966, 0.01481810197805543544, 0.01580595975614308701 ),
 .UNSPECIFIED. ) ;
#2359 = LINE ( 'NONE', #408, #551 ) ;
#2360 = CARTESIAN_POINT ( 'NONE',  ( -17.67766952966507432, 0.000000000000000000, 17.67766952966230320 ) ) ;
#2361 = CARTESIAN_POINT ( 'NONE',  ( 18.75000000000015632, -5.000000000000000000, -40.47595264191637199 ) ) ;
#2362 = DIRECTION ( 'NONE',  ( 0.000000000000000000, 0.000000000000000000, -1.000000000000000000 ) ) ;
#2363 = CARTESIAN_POINT ( 'NONE',  ( 28.13043771125081705, 4.498402195117802371, -10.42926910201021862 ) ) ;
#2364 = CARTESIAN_POINT ( 'NONE',  ( -39.57055236082011618, -10.00000000000000000, 7.727406610312561597 ) ) ;
#2365 = VERTEX_POINT ( 'NONE', #1746 ) ;
#2366 = EDGE_LOOP ( 'NONE', ( #804, #15, #1502, #2424 ) ) ;
#2367 = EDGE_CURVE ( 'NONE', #1707, #351, #1474, .T. ) ;
#2368 = CARTESIAN_POINT ( 'NONE',  ( 26.47740661031225429, 5.000000000000000000, 30.40540028109646897 ) ) ;
#2369 = CARTESIAN_POINT ( 'NONE',  ( 0.000000000000000000, -10.00000000000000000, 0.000000000000000000 ) ) ;
#2370 = CYLINDRICAL_SURFACE ( 'NONE', #2003, 4.999999999999997335 ) ;
#2371 = DIRECTION ( 'NONE',  ( 0.000000000000000000, 1.000000000000000000, 0.000000000000000000 ) ) ;
#2372 = CIRCLE ( 'NONE', #2033, 8.000000000000000000 ) ;
#2373 = LINE ( 'NONE', #1967, #2381 ) ;
#2374 = CARTESIAN_POINT ( 'NONE',  ( -18.53508795652874142, -3.314695590943206760, -16.77809421168204196 ) ) ;
#2375 = CARTESIAN_POINT ( 'NONE',  ( 28.79882569612507126, -2.514858130024288041, -8.406038367426861058 ) ) ;
#2376 = ADVANCED_FACE ( 'NONE', ( #1909, #970 ), #995, .F. ) ;
#2377 = DIRECTION ( 'NONE',  ( 0.000000000000000000, 1.000000000000000000, 0.000000000000000000 ) ) ;
#2378 = ORIENTED_EDGE ( 'NONE', *, *, #1170, .T. ) ;
#2379 = ORIENTED_EDGE ( 'NONE', *, *, #7, .F. ) ;
#2380 = VERTEX_POINT ( 'NONE', #35 ) ;
#2381 = VECTOR ( 'NONE', #987, 1000.000000000000000 ) ;
#2382 = CARTESIAN_POINT ( 'NONE',  ( 18.75000000000001421, 10.00000000000000000, 40.47595264191643594 ) ) ;
#2383 = CARTESIAN_POINT ( 'NONE',  ( 4.604825411122229539, -10.00000000000000000, -29.64448655202317440 ) ) ;
#2384 = DIRECTION ( 'NONE',  ( 0.000000000000000000, 1.000000000000000000, 0.000000000000000000 ) ) ;
#2385 = CARTESIAN_POINT ( 'NONE',  ( 23.04061539175448914, -4.743048456895130549, 9.703349185086779016 ) ) ;
#2386 = B_SPLINE_CURVE_WITH_KNOTS ( 'NONE', 3,
 ( #2360, #1382, #364, #1126, #1516, #1087, #2074, #716, #2045, #1504, #1718, #173, #150, #747, #2297, #2270, #1286, #341, #2485, #1905 ),
 .UNSPECIFIED., .F., .F.,
 ( 4, 2, 2, 2, 2, 2, 2, 2, 2, 4 ),
 ( 0.007903097531331993580, 0.008890955309388040226, 0.009878813087444086871, 0.01086667086550013525, 0.01185452864355618363, 0.01284238642161222854, 0.01383024419966827692, 0.01432417308869630285, 0.01481810197772433224, 0.01580595975578038756 ),
 .UNSPECIFIED. ) ;
#2387 = AXIS2_PLACEMENT_3D ( 'NONE', #1575, #975, #1653 ) ;
#2388 = CARTESIAN_POINT ( 'NONE',  ( -17.70080211568283701, -0.6575302286205524371, -17.65462246784409928 ) ) ;
#2389 = CARTESIAN_POINT ( 'NONE',  ( 28.63240668106292475, -3.313998618283849229, -8.957625382828398486 ) ) ;
#2390 = CARTESIAN_POINT ( 'NONE',  ( -39.57055236082011618, 10.00000000000000000, -7.727406610312554491 ) ) ;
#2391 = ORIENTED_EDGE ( 'NONE', *, *, #612, .F. ) ;
#2392 = VERTEX_POINT ( 'NONE', #2315 ) ;
#2393 = VECTOR ( 'NONE', #963, 1000.000000000000000 ) ;
#2394 = PERSON_AND_ORGANIZATION ( #2226, #1387 ) ;
#2395 = VECTOR ( 'NONE', #1896, 1000.000000000000000 ) ;
#2396 = CARTESIAN_POINT ( 'NONE',  ( -37.50000000000000711, -5.000000000000000000, 0.000000000000000000 ) ) ;
#2397 = CARTESIAN_POINT ( 'NONE',  ( -20.85604198162318212, -5.000000000000000000, 13.78497416975350909 ) ) ;
#2398 = CARTESIAN_POINT ( 'NONE',  ( 18.75000000000015632, 10.00000000000000000, -32.47595264191637199 ) ) ;
#2399 = AXIS2_PLACEMENT_3D ( 'NONE', #1926, #2123, #2321 ) ;
#2400 = VERTEX_POINT ( 'NONE', #1518 ) ;
#2401 = CARTESIAN_POINT ( 'NONE',  ( -19.36610554163486952, 4.349869306426963789, -15.81230274579706041 ) ) ;
#2402 = CARTESIAN_POINT ( 'NONE',  ( 28.93387204315274985, 1.295748700287207233, -7.926748020550012264 ) ) ;
#2403 = ORIENTED_EDGE ( 'NONE', *, *, #105, .F. ) ;
#2404 = ORIENTED_EDGE ( 'NONE', *, *, #360, .F. ) ;
#2405 = EDGE_LOOP ( 'NONE', ( #1754, #979, #1656, #2017 ) ) ;
#2406 = CIRCLE ( 'NONE', #2194, 8.000000000000000000 ) ;
#2407 = CARTESIAN_POINT ( 'NONE',  ( 22.51425033613760363, 5.000000000117912791, 10.87282864294175333 ) ) ;
#2408 = CARTESIAN_POINT ( 'NONE',  ( -4.113869185818122887, -4.835520274897647575, 29.71701415317134476 ) ) ;
#2409 = CARTESIAN_POINT ( 'NONE',  ( 23.65041575025182397, -3.778299197101127938, 8.106285477906045145 ) ) ;
#2410 = EDGE_CURVE ( 'NONE', #2481, #1197, #2301, .T. ) ;
#2411 = ORIENTED_EDGE ( 'NONE', *, *, #1240, .F. ) ;
#2412 = CARTESIAN_POINT ( 'NONE',  ( 0.000000000000000000, 5.000000000000000000, 0.000000000000000000 ) ) ;
#2413 = CARTESIAN_POINT ( 'NONE',  ( -23.38599990292281916, 4.686168715821991348, 18.79143696208479142 ) ) ;
#2414 = ORIENTED_EDGE ( 'NONE', *, *, #2026, .F. ) ;
#2415 = VERTEX_POINT ( 'NONE', #406 ) ;
#2416 = ORIENTED_EDGE ( 'NONE', *, *, #2214, .F. ) ;
#2417 = CARTESIAN_POINT ( 'NONE',  ( 24.14814565716478256, 0.000000000000000000, 6.470476127794125176 ) ) ;
#2418 = CARTESIAN_POINT ( 'NONE',  ( -2.826341469615339719, -5.000000000000000000, 29.86656648992536489 ) ) ;
#2419 = CARTESIAN_POINT ( 'NONE',  ( -21.57009765119897793, 2.221880979633400255, -20.85058204690810868 ) ) ;
#2420 = CARTESIAN_POINT ( 'NONE',  ( 27.41614243873056367, 4.999999999980289545, 12.18460949250221681 ) ) ;
#2421 = ADVANCED_FACE ( 'NONE', ( #1190 ), #957, .F. ) ;
#2422 = B_SPLINE_CURVE_WITH_KNOTS ( 'NONE', 3,
 ( #997, #1798, #59, #36, #1577, #837, #1215, #225, #430, #87, #1448, #469, #656, #853, #1242, #2221, #628, #808, #821, #1437, #2209, #1619, #1008, #254, #1973, #240, #2013, #643, #1985, #1591, #1424, #1812, #668, #2408, #49, #1394, #283, #2418 ),
 .UNSPECIFIED., .F., .F.,
 ( 4, 2, 2, 2, 2, 2, 2, 2, 2, 2, 2, 2, 2, 2, 2, 2, 2, 2, 4 ),
 ( 0.000000000000000000, 0.0009867817812897884504, 0.001973563562579578202, 0.002960345343869367953, 0.003947127125159157271, 0.004933908906448947022, 0.005920690687738737641, 0.006414081578383633818, 0.006907472469028529127, 0.007894254250318321481, 0.008881036031608113834, 0.009867817812897904453, 0.01085459959418769681, 0.01184138137547748916, 0.01282816315676728151, 0.01381494493805707213, 0.01430833582870196831, 0.01480172671934686102, 0.01578850850063664990 ),
 .UNSPECIFIED. ) ;
#2423 = AXIS2_PLACEMENT_3D ( 'NONE', #2412, #661, #674 ) ;
#2424 = ORIENTED_EDGE ( 'NONE', *, *, #2527, .T. ) ;
#2425 = PLANE ( 'NONE',  #1846 ) ;
#2426 = DIRECTION ( 'NONE',  ( 0.000000000000000000, -0.000000000000000000, 1.000000000000000000 ) ) ;
#2427 = LINE ( 'NONE', #828, #299 ) ;
#2428 = ORIENTED_EDGE ( 'NONE', *, *, #2096, .T. ) ;
#2429 = AXIS2_PLACEMENT_3D ( 'NONE', #2050, #2141, #370 ) ;
#2430 = ORIENTED_EDGE ( 'NONE', *, *, #2169, .T. ) ;
#2431 = UNCERTAINTY_MEASURE_WITH_UNIT (LENGTH_MEASURE( 1.000000000000000082E-05 ), #468, 'distance_accuracy_value', 'NONE');
#2432 = DATE_AND_TIME ( #703, #2117 ) ;
#2433 = VERTEX_POINT ( 'NONE', #786 ) ;
#2434 = CARTESIAN_POINT ( 'NONE',  ( -6.313404004237409772, -1.306756865308264182, -24.18977356985542215 ) ) ;
#2435 = DIRECTION ( 'NONE',  ( 0.000000000000000000, -1.000000000000000000, 0.000000000000000000 ) ) ;
#2436 = CARTESIAN_POINT ( 'NONE',  ( 24.14814565716577377, -0.3314804394944286803, 6.470476127790457888 ) ) ;
#2437 = ORIENTED_EDGE ( 'NONE', *, *, #1060, .F. ) ;
#2438 = CIRCLE ( 'NONE', #852, 4.999999999999997335 ) ;
#2439 = CARTESIAN_POINT ( 'NONE',  ( 24.13976198462176370, 0.6590042460747329578, -6.502007847620427938 ) ) ;
#2440 = CARTESIAN_POINT ( 'NONE',  ( -7.122433577994839560, -2.509474265438088825, -29.14282343712184087 ) ) ;
#2441 = ORIENTED_EDGE ( 'NONE', *, *, #1140, .F. ) ;
#2442 = VERTEX_POINT ( 'NONE', #2115 ) ;
#2443 = ORIENTED_EDGE ( 'NONE', *, *, #1727, .F. ) ;
#2444 = EDGE_CURVE ( 'NONE', #793, #1600, #2203, .T. ) ;
#2445 = ORIENTED_EDGE ( 'NONE', *, *, #835, .T. ) ;
#2446 = DIRECTION ( 'NONE',  ( -0.000000000000000000, -1.000000000000000000, -0.000000000000000000 ) ) ;
#2447 = CARTESIAN_POINT ( 'NONE',  ( -22.07211484245301847, 3.311284809630241632, -20.31933609972400490 ) ) ;
#2448 = VECTOR ( 'NONE', #1145, 1000.000000000000000 ) ;
#2449 = B_SPLINE_CURVE_WITH_KNOTS ( 'NONE', 3,
 ( #1697, #2314, #561, #1341, #1756, #1177, #1405, #1213, #1783, #1565, #1576, #1377, #2193, #1959, #2355, #602, #1200, #237, #2154, #416, #454, #1007, #1999, #820, #266, #1189, #221, #2340, #994, #1036, #1391, #1769, #2177, #34, #806, #1590, #440, #587 ),
 .UNSPECIFIED., .F., .F.,
 ( 4, 2, 2, 2, 2, 2, 2, 2, 2, 2, 2, 2, 2, 2, 2, 2, 2, 2, 4 ),
 ( 0.000000000000000000, 0.0009878724847365634876, 0.001975744969473126975, 0.002963617454209691547, 0.003951489938946256553, 0.004939362423682821558, 0.005927234908419385696, 0.006421171150787667765, 0.006915107393155949835, 0.007902979877892513105, 0.008890852362629077243, 0.009878724847365641382, 0.01086659733210220379, 0.01185446981683876619, 0.01284234230157533033, 0.01383021478631189446, 0.01432415102868017480, 0.01481808727104845687, 0.01580595975578501927 ),
 .UNSPECIFIED. ) ;
#2450 = CARTESIAN_POINT ( 'NONE',  ( -24.45203457343824738, -5.000000000000000000, -17.38096675157571624 ) ) ;
#2451 = AXIS2_PLACEMENT_3D ( 'NONE', #160, #1305, #547 ) ;
#2452 = CARTESIAN_POINT ( 'NONE',  ( 23.65134247269722678, -3.775803322795941330, -8.103575147529245015 ) ) ;
#2453 = CARTESIAN_POINT ( 'NONE',  ( -39.57055236082011618, 5.000000000000000000, -7.727406610312554491 ) ) ;
#2454 = VERTEX_POINT ( 'NONE', #1734 ) ;
#2455 = ORIENTED_EDGE ( 'NONE', *, *, #562, .F. ) ;
#2456 = ORIENTED_EDGE ( 'NONE', *, *, #1345, .T. ) ;
#2457 = LOCAL_TIME ( 23, 25, 19.00000000000000000, #1073 ) ;
#2458 = PERSON_AND_ORGANIZATION ( #2226, #1387 ) ;
#2459 = ORIENTED_EDGE ( 'NONE', *, *, #1884, .T. ) ;
#2460 = LINE ( 'NONE', #501, #764 ) ;
#2461 = DIRECTION ( 'NONE',  ( 0.000000000000000000, 0.000000000000000000, 1.000000000000000000 ) ) ;
#2462 = CARTESIAN_POINT ( 'NONE',  ( -21.30369859169592672, -1.136913461054718466, 21.12234464931898259 ) ) ;
#2463 = B_SPLINE_CURVE_WITH_KNOTS ( 'NONE', 3,
 ( #1441, #1452, #1415, #41, #1194, #1789, #1235, #1969, #1584, #2374, #1978, #246, #53, #826, #2215, #1595, #1804, #2388, #633, #2186, #448, #1222, #843, #1028, #1993, #260, #2005, #65, #1610, #2401, #2200, #462, #649, #857, #1429, #475, #272, #1816 ),
 .UNSPECIFIED., .F., .F.,
 ( 4, 2, 2, 2, 2, 2, 2, 2, 2, 2, 2, 2, 2, 2, 2, 2, 2, 2, 4 ),
 ( 0.000000000000000000, 0.0009878724843596692253, 0.001975744968719338451, 0.002963617453079011362, 0.003951489937438684708, 0.004939362421798358486, 0.005927234906158030531, 0.006421171148337866987, 0.006915107390517703442, 0.007902979874877376354, 0.008890852359237051000, 0.009878724843596723912, 0.01086659732795639682, 0.01185446981231606800, 0.01284234229667574091, 0.01383021478103541382, 0.01432415102321525115, 0.01481808726539509020, 0.01580595974975476659 ),
 .UNSPECIFIED. ) ;
#2464 = CYLINDRICAL_SURFACE ( 'NONE', #1761, 4.999999999999997335 ) ;
#2465 = AXIS2_PLACEMENT_3D ( 'NONE', #1524, #12, #2362 ) ;
#2466 = CARTESIAN_POINT ( 'NONE',  ( -7.272111291530160671, -2.221826627685891342, -29.10553694995514817 ) ) ;
#2467 = ORIENTED_EDGE ( 'NONE', *, *, #1466, .T. ) ;
#2468 = ORIENTED_EDGE ( 'NONE', *, *, #1583, .F. ) ;
#2469 = APPROVAL_DATE_TIME ( #540, #1668 ) ;
#2470 = VECTOR ( 'NONE', #1275, 1000.000000000000114 ) ;
#2471 = DIRECTION ( 'NONE',  ( -0.000000000000000000, -1.000000000000000000, -0.000000000000000000 ) ) ;
#2472 = CARTESIAN_POINT ( 'NONE',  ( -1.510116830706013102, -5.000000000000000000, 24.95434926335725123 ) ) ;
#2473 = CARTESIAN_POINT ( 'NONE',  ( 18.75000000000015632, -5.000000000000000000, -40.47595264191637199 ) ) ;
#2474 = ADVANCED_FACE ( 'NONE', ( #1961 ), #760, .T. ) ;
#2475 = ADVANCED_FACE ( 'NONE', ( #1722 ), #2512, .T. ) ;
#2476 = CIRCLE ( 'NONE', #2052, 5.000000000000101252 ) ;
#2477 = CARTESIAN_POINT ( 'NONE',  ( 22.65479586055692351, -4.968651987571305106, -10.57664403818482057 ) ) ;
#2478 = CARTESIAN_POINT ( 'NONE',  ( -2.826341469615339719, 0.000000000000000000, 29.86656648992536489 ) ) ;
#2479 = CARTESIAN_POINT ( 'NONE',  ( -37.50000000000000711, 5.000000000000000000, 4.999999999999997335 ) ) ;
#2480 = ORIENTED_EDGE ( 'NONE', *, *, #461, .T. ) ;
#2481 = VERTEX_POINT ( 'NONE', #2528 ) ;
#2482 = ORIENTED_EDGE ( 'NONE', *, *, #1957, .F. ) ;
#2483 = VECTOR ( 'NONE', #2471, 1000.000000000000000 ) ;
#2484 = PLANE ( 'NONE',  #2059 ) ;
#2485 = CARTESIAN_POINT ( 'NONE',  ( -20.67329761492088736, -4.999999999999999112, 14.06145812517583060 ) ) ;
#2486 = CALENDAR_DATE ( 2026, 30, 7 ) ;
#2487 = ORIENTED_EDGE ( 'NONE', *, *, #1093, .F. ) ;
#2488 = CARTESIAN_POINT ( 'NONE',  ( -3.956351157104941230, 4.874555775585029060, -29.73840884710832100 ) ) ;
#2489 = CARTESIAN_POINT ( 'NONE',  ( -23.09862109717903778, -4.499600077721474634, -19.14539326451220091 ) ) ;
#2490 = EDGE_CURVE ( 'NONE', #138, #2151, #772, .T. ) ;
#2491 = CARTESIAN_POINT ( 'NONE',  ( -22.55111806966511168, -3.979152300941199538, 19.78692688259818055 ) ) ;
#2492 = DIRECTION ( 'NONE',  ( 0.7071067811865584529, 0.000000000000000000, -0.7071067811865365815 ) ) ;
#2493 = EDGE_CURVE ( 'NONE', #702, #1451, #393, .T. ) ;
#2494 = CARTESIAN_POINT ( 'NONE',  ( 18.75000000000015632, -5.000000000000000000, -32.47595264191637199 ) ) ;
#2495 = ORIENTED_EDGE ( 'NONE', *, *, #1264, .F. ) ;
#2496 = VERTEX_POINT ( 'NONE', #2382 ) ;
#2497 = CYLINDRICAL_SURFACE ( 'NONE', #1698, 5.000000000000101252 ) ;
#2498 = CARTESIAN_POINT ( 'NONE',  ( -27.97529114175930331, 10.00000000000000000, 10.83434748998773323 ) ) ;
#2499 = ORIENTED_EDGE ( 'NONE', *, *, #1422, .F. ) ;
#2500 = VECTOR ( 'NONE', #859, 1000.000000000000114 ) ;
#2501 = DIRECTION ( 'NONE',  ( 0.9659258262890689783, 0.000000000000000000, 0.2588190451025185745 ) ) ;
#2502 = CARTESIAN_POINT ( 'NONE',  ( 22.51422875795708123, -5.000000000000000000, 10.87287185225447139 ) ) ;
#2503 = CARTESIAN_POINT ( 'NONE',  ( -6.470476127331677318, 0.000000000000000000, -24.14814565728869411 ) ) ;
#2504 = DIRECTION ( 'NONE',  ( 0.000000000000000000, -1.000000000000000000, 0.000000000000000000 ) ) ;
#2505 = ORIENTED_EDGE ( 'NONE', *, *, #259, .F. ) ;
#2506 = ADVANCED_FACE ( 'NONE', ( #1049 ), #1822, .F. ) ;
#2507 = ORIENTED_EDGE ( 'NONE', *, *, #567, .T. ) ;
#2508 = FACE_BOUND ( 'NONE', #1767, .T. ) ;
#2509 = DIRECTION ( 'NONE',  ( -0.000000000000000000, -1.000000000000000000, 0.000000000000000000 ) ) ;
#2510 = ORIENTED_EDGE ( 'NONE', *, *, #738, .F. ) ;
#2511 = CARTESIAN_POINT ( 'NONE',  ( 18.75000000000015632, -10.00000000000000000, -32.47595264191637199 ) ) ;
#2512 = PLANE ( 'NONE',  #868 ) ;
#2513 = CIRCLE ( 'NONE', #227, 30.00000000000000000 ) ;
#2514 = CARTESIAN_POINT ( 'NONE',  ( 18.75000000000015632, 5.000000000000000000, -32.47595264191637199 ) ) ;
#2515 = AXIS2_PLACEMENT_3D ( 'NONE', #218, #1561, #2520 ) ;
#2516 = CARTESIAN_POINT ( 'NONE',  ( 0.000000000000000000, 10.00000000000000000, -25.00000000000000000 ) ) ;
#2517 = DIRECTION ( 'NONE',  ( -0.000000000000000000, -1.000000000000000000, 0.000000000000000000 ) ) ;
#2518 = CIRCLE ( 'NONE', #2263, 5.000000000000101252 ) ;
#2519 = PLANE ( 'NONE',  #601 ) ;
#2520 = DIRECTION ( 'NONE',  ( 0.000000000000000000, 0.000000000000000000, 1.000000000000000000 ) ) ;
#2521 = VERTEX_POINT ( 'NONE', #252 ) ;
#2522 = EDGE_CURVE ( 'NONE', #1943, #1020, #442, .T. ) ;
#2523 = CIRCLE ( 'NONE', #1417, 25.00000000000000000 ) ;
#2524 = DIRECTION ( 'NONE',  ( -0.2588190451025186856, 0.000000000000000000, -0.9659258262890688673 ) ) ;
#2525 = CARTESIAN_POINT ( 'NONE',  ( 26.47740661031225429, 5.000000000000000000, 30.40540028109646897 ) ) ;
#2526 = LINE ( 'NONE', #2114, #2354 ) ;
#2527 = EDGE_CURVE ( 'NONE', #2176, #1707, #1435, .T. ) ;
#2528 = CARTESIAN_POINT ( 'NONE',  ( 4.604825411122233092, -5.000000000000000000, -29.64448655202317795 ) ) ;
#2529 = LINE ( 'NONE', #178, #186 ) ;
#2530 = CIRCLE ( 'NONE', #773, 30.00000000000000000 ) ;
#2531 = DIRECTION ( 'NONE',  ( 0.7071067811865496822, 0.000000000000000000, 0.7071067811865455743 ) ) ;
#2532 = PLANE ( 'NONE',  #114 ) ;
ENDSEC;
END-ISO-10303-21;
