ISO-10303-21;
HEADER;
FILE_DESCRIPTION (( 'STEP AP203' ),
    '1' );
FILE_NAME ('CSWP_18_19.STEP',
    '2026-07-28T18:14:21',
    ( '' ),
    ( '' ),
    'SwSTEP 2.0',
    'SolidWorks 2026',
    '' );
FILE_SCHEMA (( 'CONFIG_CONTROL_DESIGN' ));
ENDSEC;

DATA;
#1 = LINE ( 'NONE', #3688, #1967 ) ;
#2 = EDGE_LOOP ( 'NONE', ( #2881, #3524, #3601, #965 ) ) ;
#3 = DIRECTION ( 'NONE',  ( 0.9528456933274191965, -0.3034552433348118305, 0.000000000000000000 ) ) ;
#4 = AXIS2_PLACEMENT_3D ( 'NONE', #281, #1492, #1836 ) ;
#5 = ADVANCED_FACE ( 'NONE', ( #1547, #2773, #2161, #3408, #3386 ), #1589, .F. ) ;
#6 = EDGE_LOOP ( 'NONE', ( #3062, #89, #1570, #1579, #3554 ) ) ;
#7 = VERTEX_POINT ( 'NONE', #3731 ) ;
#8 = EDGE_CURVE ( 'NONE', #1802, #3671, #3488, .T. ) ;
#9 = DIRECTION ( 'NONE',  ( 1.000000000000000000, 0.000000000000000000, 0.000000000000000000 ) ) ;
#10 = ORIENTED_EDGE ( 'NONE', *, *, #886, .T. ) ;
#11 = VERTEX_POINT ( 'NONE', #2286 ) ;
#12 = EDGE_LOOP ( 'NONE', ( #2709, #591, #2427, #1957 ) ) ;
#13 = CARTESIAN_POINT ( 'NONE',  ( -3.611215932167722631, 6.254809471616677108, -55.78619639847313039 ) ) ;
#14 = DIRECTION ( 'NONE',  ( -1.000000000000000000, 0.000000000000000000, 0.000000000000000000 ) ) ;
#15 = LOCAL_TIME ( 23, 44, 21.00000000000000000, #1968 ) ;
#16 = CARTESIAN_POINT ( 'NONE',  ( 38.00000000000000000, 3.999999999999958256, 2.000000000000000000 ) ) ;
#17 = CYLINDRICAL_SURFACE ( 'NONE', #2577, 0.5000000000000004441 ) ;
#18 = CARTESIAN_POINT ( 'NONE',  ( 34.99999999999999289, 3.999999999999944489, 2.000000000000000000 ) ) ;
#19 = DIRECTION ( 'NONE',  ( 1.000000000000000000, 0.000000000000000000, 0.000000000000000000 ) ) ;
#20 = VECTOR ( 'NONE', #492, 1000.000000000000000 ) ;
#21 = ORIENTED_EDGE ( 'NONE', *, *, #470, .F. ) ;
#22 = DIRECTION ( 'NONE',  ( 0.000000000000000000, 0.000000000000000000, 1.000000000000000000 ) ) ;
#23 = ORIENTED_EDGE ( 'NONE', *, *, #1491, .T. ) ;
#24 = CARTESIAN_POINT ( 'NONE',  ( 37.00000000000000000, 4.076600168545496672E-14, 7.000000000000000000 ) ) ;
#25 = ORIENTED_EDGE ( 'NONE', *, *, #560, .T. ) ;
#26 = DIRECTION ( 'NONE',  ( -1.000000000000000000, 0.000000000000000000, 0.000000000000000000 ) ) ;
#27 = ORIENTED_EDGE ( 'NONE', *, *, #774, .F. ) ;
#28 = ORIENTED_EDGE ( 'NONE', *, *, #1314, .T. ) ;
#29 = EDGE_CURVE ( 'NONE', #392, #719, #3770, .T. ) ;
#30 = CARTESIAN_POINT ( 'NONE',  ( 4.612045751145734229, 6.243319148444884448, 7.000000000000000000 ) ) ;
#31 = ORIENTED_EDGE ( 'NONE', *, *, #3345, .F. ) ;
#32 = ORIENTED_EDGE ( 'NONE', *, *, #3399, .T. ) ;
#33 = EDGE_CURVE ( 'NONE', #7, #1874, #1436, .T. ) ;
#34 = CLOSED_SHELL ( 'NONE', ( #1230, #1937, #277, #437, #3334, #1551, #2477, #1578, #2157, #3791, #3145, #1019, #1199, #102, #1103, #58, #847, #982, #3570, #1601, #5, #1508, #1925, #209, #3779, #2840, #3599, #3853, #2153, #1807, #1606, #2377, #3355, #2326, #3434, #3551, #551, #824, #1993, #2579, #3229, #528, #2222, #2236, #732, #547, #3829, #2655, #1449, #3015, #1602, #884, #2805, #324, #3677, #3940, #1410, #1896, #812, #1160, #1394, #2725, #2827, #3380, #2765, #1067, #1521, #2130, #751, #3328, #1468, #3623, #1228, #3826, #795, #3384, #3532, #1217, #232, #1284, #1644, #280, #2126, #3714, #1719, #3575, #2307, #936, #136, #2779, #2691, #942, #3585, #1800, #1140, #2551, #1738, #1091, #2390, #1308, #157, #3540, #3457, #3461, #2291, #1839, #1902, #191, #3595, #3212, #2395, #2037, #823, #2657, #1629, #2180, #2355, #2312, #2423, #1423, #119, #3877, #152 ) ) ;
#35 = ORIENTED_EDGE ( 'NONE', *, *, #332, .T. ) ;
#36 = CARTESIAN_POINT ( 'NONE',  ( 4.810746594971043354E-17, 0.5000000000000045519, 7.000000000000000000 ) ) ;
#37 = DIRECTION ( 'NONE',  ( 3.469446951953611033E-15, -1.000000000000000000, 0.000000000000000000 ) ) ;
#38 = AXIS2_PLACEMENT_3D ( 'NONE', #3742, #1321, #2218 ) ;
#39 = DIRECTION ( 'NONE',  ( -1.000000000000000000, -0.000000000000000000, -0.000000000000000000 ) ) ;
#40 = CARTESIAN_POINT ( 'NONE',  ( 44.00000000000000000, -8.673617379884035472E-16, 2.000000000000000000 ) ) ;
#41 = CARTESIAN_POINT ( 'NONE',  ( 18.00000000000000000, 8.000000000000000000, 7.000000000000000000 ) ) ;
#42 = CARTESIAN_POINT ( 'NONE',  ( 0.000000000000000000, 0.000000000000000000, 9.000000000000000000 ) ) ;
#43 = AXIS2_PLACEMENT_3D ( 'NONE', #2941, #1749, #181 ) ;
#44 = ORIENTED_EDGE ( 'NONE', *, *, #2505, .T. ) ;
#45 = DIRECTION ( 'NONE',  ( 0.000000000000000000, -1.000000000000000000, 0.000000000000000000 ) ) ;
#46 = DIRECTION ( 'NONE',  ( 0.000000000000000000, 0.000000000000000000, 1.000000000000000000 ) ) ;
#47 = DIRECTION ( 'NONE',  ( -0.000000000000000000, -0.000000000000000000, 1.000000000000000000 ) ) ;
#48 = ORIENTED_EDGE ( 'NONE', *, *, #1948, .F. ) ;
#49 = CARTESIAN_POINT ( 'NONE',  ( -6.499999999999999112, 1.027953169876140053E-17, 0.03895888640391712010 ) ) ;
#50 = ORIENTED_EDGE ( 'NONE', *, *, #3931, .T. ) ;
#51 = ORIENTED_EDGE ( 'NONE', *, *, #1997, .F. ) ;
#52 = FACE_OUTER_BOUND ( 'NONE', #1638, .T. ) ;
#53 = VERTEX_POINT ( 'NONE', #2894 ) ;
#54 = VERTEX_POINT ( 'NONE', #2571 ) ;
#55 = DIRECTION ( 'NONE',  ( -0.000000000000000000, 0.000000000000000000, 1.000000000000000000 ) ) ;
#56 = LINE ( 'NONE', #2499, #1319 ) ;
#57 = EDGE_CURVE ( 'NONE', #371, #2445, #1251, .T. ) ;
#58 = ADVANCED_FACE ( 'NONE', ( #1973 ), #1707, .T. ) ;
#59 =( LENGTH_UNIT ( ) NAMED_UNIT ( * ) SI_UNIT ( .MILLI., .METRE. ) );
#60 = DIRECTION ( 'NONE',  ( -0.000000000000000000, -0.000000000000000000, 1.000000000000000000 ) ) ;
#61 = DIRECTION ( 'NONE',  ( 0.000000000000000000, 0.000000000000000000, 1.000000000000000000 ) ) ;
#62 = EDGE_CURVE ( 'NONE', #2546, #3946, #2790, .T. ) ;
#63 = AXIS2_PLACEMENT_3D ( 'NONE', #1637, #439, #3776 ) ;
#64 = ORIENTED_EDGE ( 'NONE', *, *, #571, .F. ) ;
#65 = CARTESIAN_POINT ( 'NONE',  ( 13.26635293069672272, 18.25956832440068567, -55.78619639847313039 ) ) ;
#66 = EDGE_LOOP ( 'NONE', ( #2406, #1017, #586, #2410 ) ) ;
#67 = ORIENTED_EDGE ( 'NONE', *, *, #653, .T. ) ;
#68 = VECTOR ( 'NONE', #730, 1000.000000000000000 ) ;
#69 = DIRECTION ( 'NONE',  ( 0.5000000000000093259, -0.8660254037844332675, 0.000000000000000000 ) ) ;
#70 = VERTEX_POINT ( 'NONE', #2852 ) ;
#71 = ORIENTED_EDGE ( 'NONE', *, *, #774, .T. ) ;
#72 = CIRCLE ( 'NONE', #3645, 0.9999999999999991118 ) ;
#73 = CARTESIAN_POINT ( 'NONE',  ( 13.99999999999999822, 8.000000000000000000, 7.000000000000000000 ) ) ;
#74 = ORIENTED_EDGE ( 'NONE', *, *, #33, .F. ) ;
#75 = AXIS2_PLACEMENT_3D ( 'NONE', #3423, #367, #1818 ) ;
#76 = ORIENTED_EDGE ( 'NONE', *, *, #2284, .F. ) ;
#77 = CARTESIAN_POINT ( 'NONE',  ( 12.97246030455048427, 17.85505982721321061, 7.000000000000000000 ) ) ;
#78 = CARTESIAN_POINT ( 'NONE',  ( 6.499999999999999112, 7.960204194457794491E-16, 9.000000000000000000 ) ) ;
#79 = APPLICATION_PROTOCOL_DEFINITION ( 'international standard', 'config_control_design', 1994, #3771 ) ;
#80 = CARTESIAN_POINT ( 'NONE',  ( -6.126086138777125990E-16, 4.999999999999994671, 6.499999999999999112 ) ) ;
#81 = EDGE_CURVE ( 'NONE', #2754, #2806, #3227, .T. ) ;
#82 = DIRECTION ( 'NONE',  ( -0.8660254037844380415, -0.5000000000000014433, -4.739352673451123974E-15 ) ) ;
#83 = AXIS2_PLACEMENT_3D ( 'NONE', #1739, #3259, #2396 ) ;
#84 = ORIENTED_EDGE ( 'NONE', *, *, #3917, .F. ) ;
#85 = EDGE_CURVE ( 'NONE', #2872, #1568, #106, .T. ) ;
#86 = LINE ( 'NONE', #1609, #2951 ) ;
#87 = VERTEX_POINT ( 'NONE', #3750 ) ;
#88 = PLANE ( 'NONE',  #2800 ) ;
#89 = ORIENTED_EDGE ( 'NONE', *, *, #3011, .T. ) ;
#90 = DIRECTION ( 'NONE',  ( -0.000000000000000000, -0.000000000000000000, -1.000000000000000000 ) ) ;
#91 = ORIENTED_EDGE ( 'NONE', *, *, #2534, .F. ) ;
#92 = CARTESIAN_POINT ( 'NONE',  ( 11.99999999999999645, 8.000000000000000000, 0.000000000000000000 ) ) ;
#93 = EDGE_LOOP ( 'NONE', ( #527, #3887, #452, #3204, #2901 ) ) ;
#94 = CARTESIAN_POINT ( 'NONE',  ( -5.513477524899414180E-16, 4.499999999999995559, 6.500000000000000888 ) ) ;
#95 = DIRECTION ( 'NONE',  ( 0.000000000000000000, 0.000000000000000000, 1.000000000000000000 ) ) ;
#96 = EDGE_CURVE ( 'NONE', #201, #2365, #2009, .T. ) ;
#97 = PERSON_AND_ORGANIZATION ( #3608, #1231 ) ;
#98 = DIRECTION ( 'NONE',  ( 0.3034552433348117195, 0.9528456933274191965, 0.000000000000000000 ) ) ;
#99 = LINE ( 'NONE', #1326, #1611 ) ;
#100 = VECTOR ( 'NONE', #165, 1000.000000000000000 ) ;
#101 = AXIS2_PLACEMENT_3D ( 'NONE', #1025, #1622, #95 ) ;
#102 = ADVANCED_FACE ( 'NONE', ( #474 ), #433, .T. ) ;
#103 = VERTEX_POINT ( 'NONE', #2932 ) ;
#104 = AXIS2_PLACEMENT_3D ( 'NONE', #3865, #3013, #279 ) ;
#105 = DIRECTION ( 'NONE',  ( 0.000000000000000000, -0.000000000000000000, 1.000000000000000000 ) ) ;
#106 = LINE ( 'NONE', #3207, #548 ) ;
#107 = PLANE ( 'NONE',  #2388 ) ;
#108 = CIRCLE ( 'NONE', #1704, 1.000000000000000888 ) ;
#109 = DIRECTION ( 'NONE',  ( -0.000000000000000000, -0.000000000000000000, 1.000000000000000000 ) ) ;
#110 = EDGE_CURVE ( 'NONE', #3536, #2268, #1187, .T. ) ;
#111 = EDGE_CURVE ( 'NONE', #1557, #2729, #3109, .T. ) ;
#112 = ORIENTED_EDGE ( 'NONE', *, *, #3851, .T. ) ;
#113 = DIRECTION ( 'NONE',  ( 0.000000000000000000, 0.000000000000000000, -1.000000000000000000 ) ) ;
#114 = VERTEX_POINT ( 'NONE', #717 ) ;
#115 = ORIENTED_EDGE ( 'NONE', *, *, #1743, .F. ) ;
#116 = DIRECTION ( 'NONE',  ( -0.000000000000000000, -0.000000000000000000, -1.000000000000000000 ) ) ;
#117 = CARTESIAN_POINT ( 'NONE',  ( 37.00000000000000000, 4.999999999999958256, 2.000000000000000000 ) ) ;
#118 = CARTESIAN_POINT ( 'NONE',  ( 45.99999999999999289, 0.4999999999999993339, 0.000000000000000000 ) ) ;
#119 = ADVANCED_FACE ( 'NONE', ( #2548 ), #149, .F. ) ;
#120 = PERSON_AND_ORGANIZATION ( #3608, #1231 ) ;
#121 = CARTESIAN_POINT ( 'NONE',  ( 8.000000000000000000, 8.000000000000000000, 7.000000000000000000 ) ) ;
#122 = CARTESIAN_POINT ( 'NONE',  ( 39.99999999999999289, 4.999999999999972466, 2.000000000000000000 ) ) ;
#123 = LINE ( 'NONE', #2869, #1539 ) ;
#124 = DIRECTION ( 'NONE',  ( -0.000000000000000000, -0.000000000000000000, 1.000000000000000000 ) ) ;
#125 = LINE ( 'NONE', #2914, #2910 ) ;
#126 = ORIENTED_EDGE ( 'NONE', *, *, #3309, .T. ) ;
#127 = VECTOR ( 'NONE', #659, 1000.000000000000000 ) ;
#128 = ORIENTED_EDGE ( 'NONE', *, *, #3291, .T. ) ;
#129 = VECTOR ( 'NONE', #1780, 1000.000000000000000 ) ;
#130 = ORIENTED_EDGE ( 'NONE', *, *, #2594, .F. ) ;
#131 = VECTOR ( 'NONE', #258, 1000.000000000000000 ) ;
#132 = EDGE_CURVE ( 'NONE', #759, #103, #1369, .T. ) ;
#133 = DIRECTION ( 'NONE',  ( 1.000000000000000000, -9.621493189941999193E-17, 0.000000000000000000 ) ) ;
#134 = VERTEX_POINT ( 'NONE', #770 ) ;
#135 = DIRECTION ( 'NONE',  ( 1.000000000000000000, 0.000000000000000000, 0.000000000000000000 ) ) ;
#136 = ADVANCED_FACE ( 'NONE', ( #1071 ), #1953, .F. ) ;
#137 = AXIS2_PLACEMENT_3D ( 'NONE', #1990, #3167, #3206 ) ;
#138 = ORIENTED_EDGE ( 'NONE', *, *, #3048, .F. ) ;
#139 = CYLINDRICAL_SURFACE ( 'NONE', #1073, 0.5000000000000004441 ) ;
#140 = ORIENTED_EDGE ( 'NONE', *, *, #3048, .T. ) ;
#141 = VECTOR ( 'NONE', #2708, 1000.000000000000000 ) ;
#142 = DIRECTION ( 'NONE',  ( 1.000000000000000000, 0.000000000000000000, 0.000000000000000000 ) ) ;
#143 = CIRCLE ( 'NONE', #3720, 0.5000000000000004441 ) ;
#144 = PERSON_AND_ORGANIZATION ( #3608, #1231 ) ;
#145 = CARTESIAN_POINT ( 'NONE',  ( 14.93759652688044248, 15.80927079961680626, -55.78619639847313039 ) ) ;
#146 = CARTESIAN_POINT ( 'NONE',  ( 37.00000000000000000, 4.500000000000000000, 7.000000000000000000 ) ) ;
#147 = VERTEX_POINT ( 'NONE', #790 ) ;
#148 = FACE_BOUND ( 'NONE', #1552, .T. ) ;
#149 = PLANE ( 'NONE',  #177 ) ;
#150 = TOROIDAL_SURFACE ( 'NONE', #2961, 0.5000000000000000000, 0.5000000000000000000 ) ;
#151 = CARTESIAN_POINT ( 'NONE',  ( 47.00000000000000000, 3.999999999999993339, -55.78619639847313039 ) ) ;
#152 = ADVANCED_FACE ( 'NONE', ( #3168 ), #1651, .T. ) ;
#153 = ORIENTED_EDGE ( 'NONE', *, *, #1428, .F. ) ;
#154 = ORIENTED_EDGE ( 'NONE', *, *, #2948, .T. ) ;
#155 = PLANE ( 'NONE',  #2295 ) ;
#156 = VERTEX_POINT ( 'NONE', #3578 ) ;
#157 = ADVANCED_FACE ( 'NONE', ( #829 ), #1456, .F. ) ;
#158 = VECTOR ( 'NONE', #2593, 1000.000000000000000 ) ;
#159 = CARTESIAN_POINT ( 'NONE',  ( 9.000000000000000000, 8.000000000000000000, 0.000000000000000000 ) ) ;
#160 = LINE ( 'NONE', #2517, #3363 ) ;
#161 = ORIENTED_EDGE ( 'NONE', *, *, #217, .F. ) ;
#162 = LINE ( 'NONE', #2865, #2794 ) ;
#163 = EDGE_CURVE ( 'NONE', #999, #1833, #1775, .T. ) ;
#164 = APPROVAL_STATUS ( 'not_yet_approved' ) ;
#165 = DIRECTION ( 'NONE',  ( -1.000000000000000000, -0.000000000000000000, -0.000000000000000000 ) ) ;
#166 = DIRECTION ( 'NONE',  ( 0.000000000000000000, 1.000000000000000000, 0.000000000000000000 ) ) ;
#167 = VECTOR ( 'NONE', #1517, 1000.000000000000000 ) ;
#168 = ORIENTED_EDGE ( 'NONE', *, *, #3767, .F. ) ;
#169 = CARTESIAN_POINT ( 'NONE',  ( 40.99999999999999289, 1.301042606982605321E-14, 7.000000000000000000 ) ) ;
#170 = DIRECTION ( 'NONE',  ( 1.000000000000000000, 0.000000000000000000, 0.000000000000000000 ) ) ;
#171 = VECTOR ( 'NONE', #539, 1000.000000000000000 ) ;
#172 = DIRECTION ( 'NONE',  ( -1.000000000000000000, 0.000000000000000000, -0.000000000000000000 ) ) ;
#173 = ORIENTED_EDGE ( 'NONE', *, *, #3369, .T. ) ;
#174 = AXIS2_PLACEMENT_3D ( 'NONE', #1417, #1792, #2720 ) ;
#175 = ORIENTED_EDGE ( 'NONE', *, *, #864, .F. ) ;
#176 = ORIENTED_EDGE ( 'NONE', *, *, #1280, .T. ) ;
#177 = AXIS2_PLACEMENT_3D ( 'NONE', #1032, #2250, #3467 ) ;
#178 = DIRECTION ( 'NONE',  ( 0.000000000000000000, 0.000000000000000000, 1.000000000000000000 ) ) ;
#179 = DIRECTION ( 'NONE',  ( -1.000000000000000000, 0.000000000000000000, -0.000000000000000000 ) ) ;
#180 = ORIENTED_EDGE ( 'NONE', *, *, #479, .T. ) ;
#181 = DIRECTION ( 'NONE',  ( 0.000000000000000000, -0.000000000000000000, -1.000000000000000000 ) ) ;
#182 = DIRECTION ( 'NONE',  ( -0.000000000000000000, -0.000000000000000000, 1.000000000000000000 ) ) ;
#183 = ORIENTED_EDGE ( 'NONE', *, *, #2542, .F. ) ;
#184 = CARTESIAN_POINT ( 'NONE',  ( 41.99999999999999289, 3.999999999999986233, 2.000000000000000000 ) ) ;
#185 = DIRECTION ( 'NONE',  ( 1.000000000000000000, 0.000000000000000000, 0.000000000000000000 ) ) ;
#186 = CARTESIAN_POINT ( 'NONE',  ( -6.287943273851014148, 1.655021727883024596, 0.4081589912099068962 ) ) ;
#187 = EDGE_CURVE ( 'NONE', #2125, #2550, #2632, .T. ) ;
#188 = ORIENTED_EDGE ( 'NONE', *, *, #2101, .F. ) ;
#189 = CARTESIAN_POINT ( 'NONE',  ( 5.999999999999999112, 3.999999999999989786, 6.500000000000000888 ) ) ;
#190 = DIRECTION ( 'NONE',  ( 0.000000000000000000, 0.000000000000000000, 1.000000000000000000 ) ) ;
#191 = ADVANCED_FACE ( 'NONE', ( #3902 ), #3281, .F. ) ;
#192 = CARTESIAN_POINT ( 'NONE',  ( -2.268984724868940983, 11.00000000000000178, 0.5000000000000004441 ) ) ;
#193 = ORIENTED_EDGE ( 'NONE', *, *, #3643, .F. ) ;
#194 = AXIS2_PLACEMENT_3D ( 'NONE', #1801, #3088, #288 ) ;
#195 = DIRECTION ( 'NONE',  ( -1.000000000000000000, 0.000000000000000000, 0.000000000000000000 ) ) ;
#196 = VECTOR ( 'NONE', #3754, 1000.000000000000000 ) ;
#197 = CARTESIAN_POINT ( 'NONE',  ( 4.350937166592712147E-31, 4.522101799272739202E-15, 6.499999999999999112 ) ) ;
#198 = ORIENTED_EDGE ( 'NONE', *, *, #1762, .F. ) ;
#199 = CARTESIAN_POINT ( 'NONE',  ( 22.79317070141123835, 4.999999999999997335, 6.499999999999999112 ) ) ;
#200 = DIRECTION ( 'NONE',  ( 0.000000000000000000, 0.000000000000000000, 1.000000000000000000 ) ) ;
#201 = VERTEX_POINT ( 'NONE', #1108 ) ;
#202 = VECTOR ( 'NONE', #665, 1000.000000000000000 ) ;
#203 = DIRECTION ( 'NONE',  ( -0.5877852522924753575, -0.8090169943749458970, 0.000000000000000000 ) ) ;
#204 = CYLINDRICAL_SURFACE ( 'NONE', #3933, 0.5000000000000001110 ) ;
#205 = EDGE_CURVE ( 'NONE', #3854, #1102, #2279, .T. ) ;
#206 = DIRECTION ( 'NONE',  ( -1.000000000000000000, 0.000000000000000000, -1.387778780781444256E-14 ) ) ;
#207 = DIRECTION ( 'NONE',  ( -0.000000000000000000, 0.000000000000000000, 1.000000000000000000 ) ) ;
#208 = DIRECTION ( 'NONE',  ( 0.000000000000000000, -0.000000000000000000, -1.000000000000000000 ) ) ;
#209 = ADVANCED_FACE ( 'NONE', ( #3319 ), #3920, .F. ) ;
#210 = ORIENTED_EDGE ( 'NONE', *, *, #2246, .T. ) ;
#211 = LINE ( 'NONE', #2656, #1919 ) ;
#212 = APPROVAL_PERSON_ORGANIZATION ( #144, #1945, #2866 ) ;
#213 = DIRECTION ( 'NONE',  ( 1.000000000000000000, 0.000000000000000000, 0.000000000000000000 ) ) ;
#214 = ORIENTED_EDGE ( 'NONE', *, *, #1586, .F. ) ;
#215 = CARTESIAN_POINT ( 'NONE',  ( 9.999999999999998224, 8.000000000000000000, 7.000000000000000000 ) ) ;
#216 = CARTESIAN_POINT ( 'NONE',  ( 46.00000000000000000, 0.9999999999999997780, 6.499999999999999112 ) ) ;
#217 = EDGE_CURVE ( 'NONE', #2804, #2832, #2950, .T. ) ;
#218 = VECTOR ( 'NONE', #1033, 1000.000000000000114 ) ;
#219 = UNCERTAINTY_MEASURE_WITH_UNIT (LENGTH_MEASURE( 1.000000000000000082E-05 ), #59, 'distance_accuracy_value', 'NONE');
#220 = EDGE_CURVE ( 'NONE', #2883, #2528, #1765, .T. ) ;
#221 = CARTESIAN_POINT ( 'NONE',  ( 31.25371748959446805, 5.190983005625050772, 6.499999999999999112 ) ) ;
#222 = CARTESIAN_POINT ( 'NONE',  ( 8.000000000000000000, 8.000000000000000000, 0.000000000000000000 ) ) ;
#223 = DIRECTION ( 'NONE',  ( 0.000000000000000000, 0.000000000000000000, 1.000000000000000000 ) ) ;
#224 = DIRECTION ( 'NONE',  ( 1.000000000000000000, 0.000000000000000000, 0.000000000000000000 ) ) ;
#225 = CARTESIAN_POINT ( 'NONE',  ( -2.745407571532651581, 11.15172762166740128, 0.000000000000000000 ) ) ;
#226 = EDGE_CURVE ( 'NONE', #2451, #87, #562, .T. ) ;
#227 = ORIENTED_EDGE ( 'NONE', *, *, #1123, .F. ) ;
#228 = VERTEX_POINT ( 'NONE', #2999 ) ;
#229 = EDGE_CURVE ( 'NONE', #156, #1887, #990, .T. ) ;
#230 = DIRECTION ( 'NONE',  ( 1.000000000000000000, -6.938893903907222067E-15, 0.000000000000000000 ) ) ;
#231 = VECTOR ( 'NONE', #3080, 1000.000000000000000 ) ;
#232 = ADVANCED_FACE ( 'NONE', ( #846 ), #1144, .T. ) ;
#233 = VECTOR ( 'NONE', #3349, 1000.000000000000000 ) ;
#234 = CARTESIAN_POINT ( 'NONE',  ( -6.126086138777125990E-16, 4.999999999999994671, 6.499999999999999112 ) ) ;
#235 = VERTEX_POINT ( 'NONE', #2026 ) ;
#236 = CARTESIAN_POINT ( 'NONE',  ( 41.99999999999999289, 0.5000000000000005551, 7.000000000000000000 ) ) ;
#237 = DIRECTION ( 'NONE',  ( 1.000000000000000000, 0.000000000000000000, 0.000000000000000000 ) ) ;
#238 = VECTOR ( 'NONE', #949, 1000.000000000000000 ) ;
#239 = ORIENTED_EDGE ( 'NONE', *, *, #1004, .F. ) ;
#240 = VECTOR ( 'NONE', #530, 1000.000000000000000 ) ;
#241 = CARTESIAN_POINT ( 'NONE',  ( 40.99999999999999289, 4.999999999999985789, 6.500000000000000888 ) ) ;
#242 = CARTESIAN_POINT ( 'NONE',  ( 45.99999999999999289, 5.000000000000000000, 6.499999999999999112 ) ) ;
#243 = CC_DESIGN_DATE_AND_TIME_ASSIGNMENT ( #1382, #1026, ( #3470 ) ) ;
#244 = ORIENTED_EDGE ( 'NONE', *, *, #566, .T. ) ;
#245 = CARTESIAN_POINT ( 'NONE',  ( 9.000000000000000000, 8.000000000000000000, -55.78619639847313039 ) ) ;
#246 = FACE_OUTER_BOUND ( 'NONE', #1530, .T. ) ;
#247 = ORIENTED_EDGE ( 'NONE', *, *, #1975, .F. ) ;
#248 = ORIENTED_EDGE ( 'NONE', *, *, #3921, .F. ) ;
#249 = DIRECTION ( 'NONE',  ( 0.000000000000000000, 0.000000000000000000, 1.000000000000000000 ) ) ;
#250 = DIRECTION ( 'NONE',  ( -0.000000000000000000, 0.000000000000000000, 1.000000000000000000 ) ) ;
#251 = EDGE_CURVE ( 'NONE', #2663, #2430, #508, .T. ) ;
#252 = ORIENTED_EDGE ( 'NONE', *, *, #2666, .F. ) ;
#253 = CARTESIAN_POINT ( 'NONE',  ( 40.99999999999999289, 1.301042606982605321E-14, 2.000000000000000000 ) ) ;
#254 = ORIENTED_EDGE ( 'NONE', *, *, #994, .T. ) ;
#255 = VERTEX_POINT ( 'NONE', #1740 ) ;
#256 = VECTOR ( 'NONE', #662, 1000.000000000000000 ) ;
#257 = EDGE_CURVE ( 'NONE', #776, #1480, #3562, .T. ) ;
#258 = DIRECTION ( 'NONE',  ( -0.000000000000000000, -0.000000000000000000, 1.000000000000000000 ) ) ;
#259 = VECTOR ( 'NONE', #1453, 1000.000000000000000 ) ;
#260 = FACE_OUTER_BOUND ( 'NONE', #1372, .T. ) ;
#261 = CARTESIAN_POINT ( 'NONE',  ( 44.00000000000000000, 4.000000000000000000, 2.000000000000000000 ) ) ;
#262 = CYLINDRICAL_SURFACE ( 'NONE', #983, 0.9999999999999991118 ) ;
#263 = AXIS2_PLACEMENT_3D ( 'NONE', #3024, #3006, #1151 ) ;
#264 = DIRECTION ( 'NONE',  ( 0.000000000000000000, 1.000000000000000000, 0.000000000000000000 ) ) ;
#265 = AXIS2_PLACEMENT_3D ( 'NONE', #122, #3484, #2848 ) ;
#266 = CIRCLE ( 'NONE', #3582, 1.000000000000000888 ) ;
#267 = ORIENTED_EDGE ( 'NONE', *, *, #2448, .F. ) ;
#268 = ORIENTED_EDGE ( 'NONE', *, *, #912, .T. ) ;
#269 = EDGE_CURVE ( 'NONE', #776, #1098, #1418, .T. ) ;
#270 = DIRECTION ( 'NONE',  ( 0.000000000000000000, 0.000000000000000000, 1.000000000000000000 ) ) ;
#271 = CARTESIAN_POINT ( 'NONE',  ( 34.99999999999999289, 3.999999999999944489, 7.000000000000000000 ) ) ;
#272 = ORIENTED_EDGE ( 'NONE', *, *, #3758, .T. ) ;
#273 = AXIS2_PLACEMENT_3D ( 'NONE', #3659, #603, #1816 ) ;
#274 = DIRECTION ( 'NONE',  ( 0.000000000000000000, 1.000000000000000000, 0.000000000000000000 ) ) ;
#275 = VERTEX_POINT ( 'NONE', #545 ) ;
#276 = EDGE_LOOP ( 'NONE', ( #1486, #1819, #3068, #3594 ) ) ;
#277 = ADVANCED_FACE ( 'NONE', ( #1757 ), #262, .F. ) ;
#278 = DIRECTION ( 'NONE',  ( 0.8660254037844378194, 0.5000000000000013323, 0.000000000000000000 ) ) ;
#279 = DIRECTION ( 'NONE',  ( 1.000000000000000000, 0.000000000000000000, 0.000000000000000000 ) ) ;
#280 = ADVANCED_FACE ( 'NONE', ( #2397 ), #1623, .T. ) ;
#281 = CARTESIAN_POINT ( 'NONE',  ( 4.810746594971043354E-17, 0.5000000000000045519, 6.500000000000000888 ) ) ;
#282 = VECTOR ( 'NONE', #3246, 1000.000000000000000 ) ;
#283 = DIRECTION ( 'NONE',  ( 1.000000000000000000, 0.000000000000000000, 0.000000000000000000 ) ) ;
#284 = CARTESIAN_POINT ( 'NONE',  ( 37.00000000000000000, 4.076600168545496672E-14, 2.000000000000000000 ) ) ;
#285 = FACE_OUTER_BOUND ( 'NONE', #1200, .T. ) ;
#286 = ORIENTED_EDGE ( 'NONE', *, *, #62, .T. ) ;
#287 = VERTEX_POINT ( 'NONE', #1584 ) ;
#288 = DIRECTION ( 'NONE',  ( -0.5877852522924721379, -0.8090169943749481174, 0.000000000000000000 ) ) ;
#289 = CARTESIAN_POINT ( 'NONE',  ( 6.071796769724517873, 13.00000000000000178, 0.5000000000000004441 ) ) ;
#290 = ORIENTED_EDGE ( 'NONE', *, *, #81, .T. ) ;
#291 = AXIS2_PLACEMENT_3D ( 'NONE', #346, #3402, #669 ) ;
#292 = AXIS2_PLACEMENT_3D ( 'NONE', #3077, #299, #3096 ) ;
#293 = CARTESIAN_POINT ( 'NONE',  ( 36.00000000000000000, 4.999999999999944933, 2.000000000000000000 ) ) ;
#294 = ORIENTED_EDGE ( 'NONE', *, *, #1359, .T. ) ;
#295 = ORIENTED_EDGE ( 'NONE', *, *, #627, .F. ) ;
#296 = VECTOR ( 'NONE', #3827, 1000.000000000000000 ) ;
#297 = CIRCLE ( 'NONE', #3494, 1.500000000000001332 ) ;
#298 = CARTESIAN_POINT ( 'NONE',  ( -3.305847586396943593E-15, 10.00000000000000000, 2.000000000000000000 ) ) ;
#299 = DIRECTION ( 'NONE',  ( -1.000000000000000000, 0.000000000000000000, 0.000000000000000000 ) ) ;
#300 = DIRECTION ( 'NONE',  ( 0.9528456933274193075, -0.3034552433348116640, 0.000000000000000000 ) ) ;
#301 = EDGE_CURVE ( 'NONE', #3191, #3536, #1817, .T. ) ;
#302 = DIRECTION ( 'NONE',  ( -1.701468756720994179E-16, -1.000000000000000000, 0.000000000000000000 ) ) ;
#303 = LINE ( 'NONE', #1543, #167 ) ;
#304 = EDGE_CURVE ( 'NONE', #2115, #2663, #3942, .T. ) ;
#305 = FACE_OUTER_BOUND ( 'NONE', #2321, .T. ) ;
#306 = VERTEX_POINT ( 'NONE', #2480 ) ;
#307 = EDGE_CURVE ( 'NONE', #557, #228, #768, .T. ) ;
#308 = DIRECTION ( 'NONE',  ( 0.8090169943749466741, -0.5877852522924741363, -0.000000000000000000 ) ) ;
#309 = EDGE_LOOP ( 'NONE', ( #1249, #865, #3833, #417 ) ) ;
#310 = CARTESIAN_POINT ( 'NONE',  ( 31.84150274188694141, 5.999999999999998224, 0.5000000000000004441 ) ) ;
#311 = CARTESIAN_POINT ( 'NONE',  ( 40.99999999999999289, 4.999999999999985789, 2.000000000000000000 ) ) ;
#312 = EDGE_LOOP ( 'NONE', ( #1956, #2898, #2891, #1118 ) ) ;
#313 = PLANE ( 'NONE',  #614 ) ;
#314 = EDGE_LOOP ( 'NONE', ( #2150, #2897, #3753, #247 ) ) ;
#315 = ORIENTED_EDGE ( 'NONE', *, *, #2986, .F. ) ;
#316 = DIRECTION ( 'NONE',  ( -0.000000000000000000, -0.000000000000000000, 1.000000000000000000 ) ) ;
#317 = DIRECTION ( 'NONE',  ( -1.000000000000000000, 0.000000000000000000, -0.000000000000000000 ) ) ;
#318 = AXIS2_PLACEMENT_3D ( 'NONE', #3565, #550, #834 ) ;
#319 = AXIS2_PLACEMENT_3D ( 'NONE', #1218, #116, #901 ) ;
#320 = CARTESIAN_POINT ( 'NONE',  ( 46.00000000000000000, 4.000000000000000000, 0.000000000000000000 ) ) ;
#321 = FACE_OUTER_BOUND ( 'NONE', #3447, .T. ) ;
#322 = DIRECTION ( 'NONE',  ( 1.000000000000000000, 0.000000000000000000, 0.000000000000000000 ) ) ;
#323 = DIRECTION ( 'NONE',  ( 0.000000000000000000, 0.000000000000000000, 1.000000000000000000 ) ) ;
#324 = ADVANCED_FACE ( 'NONE', ( #2199 ), #2438, .T. ) ;
#325 = ORIENTED_EDGE ( 'NONE', *, *, #2282, .F. ) ;
#326 = CARTESIAN_POINT ( 'NONE',  ( 30.32491969623290728, 1.000000000000001776, 6.499999999999999112 ) ) ;
#327 = VERTEX_POINT ( 'NONE', #1908 ) ;
#328 = AXIS2_PLACEMENT_3D ( 'NONE', #3163, #1684, #1929 ) ;
#329 = DIRECTION ( 'NONE',  ( -0.000000000000000000, -0.000000000000000000, -1.000000000000000000 ) ) ;
#330 = ORIENTED_EDGE ( 'NONE', *, *, #3648, .T. ) ;
#331 = CARTESIAN_POINT ( 'NONE',  ( 46.00000000000000000, 0.5000000000000001110, 7.000000000000000000 ) ) ;
#332 = EDGE_CURVE ( 'NONE', #1075, #462, #866, .T. ) ;
#333 = AXIS2_PLACEMENT_3D ( 'NONE', #442, #1659, #2274 ) ;
#334 = ORIENTED_EDGE ( 'NONE', *, *, #1985, .F. ) ;
#335 = LINE ( 'NONE', #2123, #2335 ) ;
#336 = EDGE_LOOP ( 'NONE', ( #3797, #3042, #955, #3927 ) ) ;
#337 = VERTEX_POINT ( 'NONE', #2134 ) ;
#338 = VERTEX_POINT ( 'NONE', #1243 ) ;
#339 = VECTOR ( 'NONE', #3700, 1000.000000000000000 ) ;
#340 = PLANE ( 'NONE',  #1094 ) ;
#341 = CARTESIAN_POINT ( 'NONE',  ( 40.99999999999999289, 4.999999999999985789, 2.000000000000000000 ) ) ;
#342 = EDGE_CURVE ( 'NONE', #598, #2472, #356, .T. ) ;
#343 = VECTOR ( 'NONE', #880, 1000.000000000000000 ) ;
#344 = DIRECTION ( 'NONE',  ( 0.000000000000000000, 0.000000000000000000, 1.000000000000000000 ) ) ;
#345 = DIRECTION ( 'NONE',  ( 1.000000000000000000, 0.000000000000000000, 0.000000000000000000 ) ) ;
#346 = CARTESIAN_POINT ( 'NONE',  ( 31.84150274188694141, 5.999999999999998224, 0.000000000000000000 ) ) ;
#347 = FACE_OUTER_BOUND ( 'NONE', #3728, .T. ) ;
#348 = ORIENTED_EDGE ( 'NONE', *, *, #220, .T. ) ;
#349 = DIRECTION ( 'NONE',  ( -0.000000000000000000, 0.000000000000000000, 1.000000000000000000 ) ) ;
#350 = ORIENTED_EDGE ( 'NONE', *, *, #831, .T. ) ;
#351 = LINE ( 'NONE', #1292, #1174 ) ;
#352 = ORIENTED_EDGE ( 'NONE', *, *, #3897, .T. ) ;
#353 = FACE_OUTER_BOUND ( 'NONE', #1639, .T. ) ;
#354 = ORIENTED_EDGE ( 'NONE', *, *, #694, .F. ) ;
#355 = EDGE_CURVE ( 'NONE', #1256, #1615, #303, .T. ) ;
#356 = CIRCLE ( 'NONE', #2595, 0.5000000000000004441 ) ;
#357 = EDGE_CURVE ( 'NONE', #134, #1594, #2768, .T. ) ;
#358 = CARTESIAN_POINT ( 'NONE',  ( 39.99999999999999289, 0.5000000000000006661, 7.000000000000000000 ) ) ;
#359 = VERTEX_POINT ( 'NONE', #2810 ) ;
#360 = AXIS2_PLACEMENT_3D ( 'NONE', #1933, #3148, #3794 ) ;
#361 = ORIENTED_EDGE ( 'NONE', *, *, #502, .F. ) ;
#362 = CARTESIAN_POINT ( 'NONE',  ( 38.00000000000000000, 4.999999999999958256, 2.000000000000000000 ) ) ;
#363 = CARTESIAN_POINT ( 'NONE',  ( -1.759799867934240369, 9.303455243334813218, 2.000000000000000000 ) ) ;
#364 = AXIS2_PLACEMENT_3D ( 'NONE', #3419, #2740, #1906 ) ;
#365 = PLANE ( 'NONE',  #3274 ) ;
#366 = CARTESIAN_POINT ( 'NONE',  ( -1.759799867934240369, 9.303455243334813218, 2.000000000000000000 ) ) ;
#367 = DIRECTION ( 'NONE',  ( 0.3034552433348118861, 0.9528456933274193075, -3.832258520918085734E-15 ) ) ;
#368 = AXIS2_PLACEMENT_3D ( 'NONE', #1320, #1001, #2864 ) ;
#369 = ORIENTED_EDGE ( 'NONE', *, *, #1710, .F. ) ;
#370 = DIRECTION ( 'NONE',  ( -0.000000000000000000, -0.000000000000000000, 1.000000000000000000 ) ) ;
#371 = VERTEX_POINT ( 'NONE', #1283 ) ;
#372 = CARTESIAN_POINT ( 'NONE',  ( 6.418207656464266719, 1.049794226883582482, 6.781162133250631108 ) ) ;
#373 = VERTEX_POINT ( 'NONE', #41 ) ;
#374 = CARTESIAN_POINT ( 'NONE',  ( 43.00000000000000000, 0.9999999999999991118, 2.000000000000000000 ) ) ;
#375 = VERTEX_POINT ( 'NONE', #2416 ) ;
#376 = ORIENTED_EDGE ( 'NONE', *, *, #2746, .T. ) ;
#377 = PLANE ( 'NONE',  #2625 ) ;
#378 = ORIENTED_EDGE ( 'NONE', *, *, #3648, .F. ) ;
#379 = EDGE_CURVE ( 'NONE', #2105, #3059, #962, .T. ) ;
#380 = ORIENTED_EDGE ( 'NONE', *, *, #3141, .T. ) ;
#381 = DIRECTION ( 'NONE',  ( 1.000000000000000000, 1.225217227755426578E-16, -0.000000000000000000 ) ) ;
#382 = FACE_OUTER_BOUND ( 'NONE', #3547, .T. ) ;
#383 = EDGE_CURVE ( 'NONE', #3191, #2209, #3361, .T. ) ;
#384 = CARTESIAN_POINT ( 'NONE',  ( 39.99999999999999289, 3.999999999999972466, 2.000000000000000000 ) ) ;
#385 = CIRCLE ( 'NONE', #3449, 0.9999999999999983347 ) ;
#386 = DIRECTION ( 'NONE',  ( 1.000000000000000000, 0.000000000000000000, -0.000000000000000000 ) ) ;
#387 = VECTOR ( 'NONE', #3523, 1000.000000000000000 ) ;
#388 = ORIENTED_EDGE ( 'NONE', *, *, #890, .F. ) ;
#389 = DIRECTION ( 'NONE',  ( -1.000000000000000000, 9.621493189941999193E-17, -0.000000000000000000 ) ) ;
#390 = ORIENTED_EDGE ( 'NONE', *, *, #748, .F. ) ;
#391 = CYLINDRICAL_SURFACE ( 'NONE', #3023, 0.5000000000000000000 ) ;
#392 = VERTEX_POINT ( 'NONE', #1838 ) ;
#393 = CIRCLE ( 'NONE', #2170, 1.000000000000000888 ) ;
#394 = DIRECTION ( 'NONE',  ( -0.8660254037844332675, -0.5000000000000093259, 6.009258394948594315E-15 ) ) ;
#395 = EDGE_CURVE ( 'NONE', #2391, #906, #648, .T. ) ;
#396 = ORIENTED_EDGE ( 'NONE', *, *, #3485, .T. ) ;
#397 = VECTOR ( 'NONE', #3286, 1000.000000000000000 ) ;
#398 = DIRECTION ( 'NONE',  ( 0.000000000000000000, 1.000000000000000000, 0.000000000000000000 ) ) ;
#399 = ORIENTED_EDGE ( 'NONE', *, *, #2666, .T. ) ;
#400 = AXIS2_PLACEMENT_3D ( 'NONE', #767, #2927, #1384 ) ;
#401 = VERTEX_POINT ( 'NONE', #1862 ) ;
#402 = DIRECTION ( 'NONE',  ( 0.000000000000000000, 1.000000000000000000, -0.000000000000000000 ) ) ;
#403 = DIRECTION ( 'NONE',  ( -0.000000000000000000, 1.000000000000000000, -0.000000000000000000 ) ) ;
#404 = VECTOR ( 'NONE', #922, 1000.000000000000000 ) ;
#405 = DATE_AND_TIME ( #2846, #850 ) ;
#406 = DIRECTION ( 'NONE',  ( -1.000000000000000000, 9.621493189941999193E-17, -0.000000000000000000 ) ) ;
#407 = EDGE_CURVE ( 'NONE', #3888, #692, #3340, .T. ) ;
#408 = DIRECTION ( 'NONE',  ( 0.000000000000000000, 0.000000000000000000, -1.000000000000000000 ) ) ;
#409 = AXIS2_PLACEMENT_3D ( 'NONE', #2886, #3519, #3501 ) ;
#410 = EDGE_CURVE ( 'NONE', #53, #441, #1962, .T. ) ;
#411 = EDGE_LOOP ( 'NONE', ( #3760, #3583, #1618, #3040 ) ) ;
#412 = DIRECTION ( 'NONE',  ( -0.000000000000000000, 1.000000000000000000, 0.000000000000000000 ) ) ;
#413 = DIRECTION ( 'NONE',  ( 0.000000000000000000, 1.000000000000000000, 0.000000000000000000 ) ) ;
#414 = VECTOR ( 'NONE', #1263, 1000.000000000000000 ) ;
#415 = FACE_OUTER_BOUND ( 'NONE', #3497, .T. ) ;
#416 = CARTESIAN_POINT ( 'NONE',  ( 36.00000000000000000, 1.000000000000054623, 2.000000000000000000 ) ) ;
#417 = ORIENTED_EDGE ( 'NONE', *, *, #379, .T. ) ;
#418 = EDGE_CURVE ( 'NONE', #2796, #3946, #428, .T. ) ;
#419 = DIRECTION ( 'NONE',  ( 1.000000000000000000, 0.000000000000000000, 0.000000000000000000 ) ) ;
#420 = VERTEX_POINT ( 'NONE', #1885 ) ;
#421 = CARTESIAN_POINT ( 'NONE',  ( 44.00000000000000000, -8.673617379884035472E-16, 2.000000000000000000 ) ) ;
#422 = CARTESIAN_POINT ( 'NONE',  ( 43.00000000000000000, 4.000000000000000000, 2.000000000000000000 ) ) ;
#423 = PRODUCT_DEFINITION_SHAPE ( 'NONE', 'NONE',  #818 ) ;
#424 = DIRECTION ( 'NONE',  ( 0.000000000000000000, 0.000000000000000000, 1.000000000000000000 ) ) ;
#425 = PERSON_AND_ORGANIZATION ( #3608, #1231 ) ;
#426 = DIRECTION ( 'NONE',  ( 1.000000000000000000, 0.000000000000000000, 0.000000000000000000 ) ) ;
#427 = CARTESIAN_POINT ( 'NONE',  ( 14.68759652688043360, 16.24228350150902145, 6.499999999999999112 ) ) ;
#428 = CIRCLE ( 'NONE', #291, 1.500000000000001332 ) ;
#429 = AXIS2_PLACEMENT_3D ( 'NONE', #2053, #3289, #3892 ) ;
#430 = ORIENTED_EDGE ( 'NONE', *, *, #3241, .F. ) ;
#431 = EDGE_CURVE ( 'NONE', #2054, #2875, #3098, .T. ) ;
#432 = DIRECTION ( 'NONE',  ( -0.000000000000000000, -0.000000000000000000, 1.000000000000000000 ) ) ;
#433 = CYLINDRICAL_SURFACE ( 'NONE', #691, 0.5000000000000004441 ) ;
#434 = CARTESIAN_POINT ( 'NONE',  ( 37.00000000000000000, 4.076600168545496672E-14, 2.000000000000000000 ) ) ;
#435 = AXIS2_PLACEMENT_3D ( 'NONE', #3839, #1099, #909 ) ;
#436 = ORIENTED_EDGE ( 'NONE', *, *, #1814, .F. ) ;
#437 = ADVANCED_FACE ( 'NONE', ( #3724 ), #1008, .F. ) ;
#438 = ORIENTED_EDGE ( 'NONE', *, *, #110, .T. ) ;
#439 = DIRECTION ( 'NONE',  ( -1.000000000000000000, -0.000000000000000000, -0.000000000000000000 ) ) ;
#440 = ORIENTED_EDGE ( 'NONE', *, *, #3011, .F. ) ;
#441 = VERTEX_POINT ( 'NONE', #3441 ) ;
#442 = CARTESIAN_POINT ( 'NONE',  ( 36.00000000000000000, 0.5000000000000011102, 6.500000000000000888 ) ) ;
#443 = LINE ( 'NONE', #762, #2145 ) ;
#444 = CARTESIAN_POINT ( 'NONE',  ( 34.99999999999999289, 3.999999999999944489, 2.000000000000000000 ) ) ;
#445 = EDGE_CURVE ( 'NONE', #3576, #3322, #3517, .T. ) ;
#446 = APPROVAL_DATE_TIME ( #3181, #3495 ) ;
#447 = LINE ( 'NONE', #384, #1440 ) ;
#448 = DIRECTION ( 'NONE',  ( 0.000000000000000000, -1.000000000000000000, 0.000000000000000000 ) ) ;
#449 = DIRECTION ( 'NONE',  ( 1.000000000000000000, 0.000000000000000000, 0.000000000000000000 ) ) ;
#450 = DIRECTION ( 'NONE',  ( 1.225217227755425346E-16, -1.000000000000000000, 0.000000000000000000 ) ) ;
#451 = DIRECTION ( 'NONE',  ( 1.225217227755425346E-16, -1.000000000000000000, 0.000000000000000000 ) ) ;
#452 = ORIENTED_EDGE ( 'NONE', *, *, #2902, .F. ) ;
#453 = AXIS2_PLACEMENT_3D ( 'NONE', #1999, #3586, #2971 ) ;
#454 = EDGE_CURVE ( 'NONE', #2507, #733, #3356, .T. ) ;
#455 = ORIENTED_EDGE ( 'NONE', *, *, #3058, .T. ) ;
#456 = CIRCLE ( 'NONE', #1989, 2.000000000000001776 ) ;
#457 = EDGE_CURVE ( 'NONE', #3236, #2194, #1683, .T. ) ;
#458 = CARTESIAN_POINT ( 'NONE',  ( 38.99999999999999289, 2.688821387764050996E-14, 2.000000000000000000 ) ) ;
#459 = ORIENTED_EDGE ( 'NONE', *, *, #1881, .F. ) ;
#460 = DIRECTION ( 'NONE',  ( 1.000000000000000000, 0.000000000000000000, 0.000000000000000000 ) ) ;
#461 = AXIS2_PLACEMENT_3D ( 'NONE', #326, #349, #2202 ) ;
#462 = VERTEX_POINT ( 'NONE', #121 ) ;
#463 = CARTESIAN_POINT ( 'NONE',  ( -5.513477524899414180E-16, 4.499999999999995559, 6.500000000000000888 ) ) ;
#464 = ORIENTED_EDGE ( 'NONE', *, *, #597, .T. ) ;
#465 = CIRCLE ( 'NONE', #1671, 0.5000000000000008882 ) ;
#466 = DIRECTION ( 'NONE',  ( -0.3034552433348112754, -0.9528456933274193075, 0.000000000000000000 ) ) ;
#467 = VECTOR ( 'NONE', #3234, 1000.000000000000000 ) ;
#468 = CALENDAR_DATE ( 2026, 28, 7 ) ;
#469 = CYLINDRICAL_SURFACE ( 'NONE', #2947, 1.000000000000000888 ) ;
#470 = EDGE_CURVE ( 'NONE', #2268, #1878, #1027, .T. ) ;
#471 = CARTESIAN_POINT ( 'NONE',  ( 37.00000000000000000, 4.076600168545496672E-14, 2.000000000000000000 ) ) ;
#472 = ORIENTED_EDGE ( 'NONE', *, *, #1180, .F. ) ;
#473 = CARTESIAN_POINT ( 'NONE',  ( 40.99999999999999289, 1.000000000000013101, 2.000000000000000000 ) ) ;
#474 = FACE_OUTER_BOUND ( 'NONE', #3114, .T. ) ;
#475 = VECTOR ( 'NONE', #2361, 1000.000000000000000 ) ;
#476 = CARTESIAN_POINT ( 'NONE',  ( 36.00000000000000000, 1.000000000000054623, 7.000000000000000000 ) ) ;
#477 = ORIENTED_EDGE ( 'NONE', *, *, #3063, .F. ) ;
#478 = DIRECTION ( 'NONE',  ( 0.000000000000000000, 0.000000000000000000, -1.000000000000000000 ) ) ;
#479 = EDGE_CURVE ( 'NONE', #2798, #3945, #3874, .T. ) ;
#480 = CIRCLE ( 'NONE', #585, 0.5000000000000004441 ) ;
#481 = CARTESIAN_POINT ( 'NONE',  ( 18.00000000000000000, 8.000000000000000000, 0.000000000000000000 ) ) ;
#482 = EDGE_CURVE ( 'NONE', #1520, #359, #447, .T. ) ;
#483 = FACE_OUTER_BOUND ( 'NONE', #2620, .T. ) ;
#484 = CARTESIAN_POINT ( 'NONE',  ( 38.00000000000000000, 1.000000000000040856, 2.000000000000000000 ) ) ;
#485 = EDGE_CURVE ( 'NONE', #3413, #916, #3032, .T. ) ;
#486 = CARTESIAN_POINT ( 'NONE',  ( 40.99999999999999289, 1.000000000000013101, 2.000000000000000000 ) ) ;
#487 = DIRECTION ( 'NONE',  ( -1.000000000000000000, -0.000000000000000000, -0.000000000000000000 ) ) ;
#488 = LINE ( 'NONE', #1914, #3129 ) ;
#489 = FACE_OUTER_BOUND ( 'NONE', #2737, .T. ) ;
#490 = CARTESIAN_POINT ( 'NONE',  ( -5.513477524899414180E-16, 4.499999999999995559, 6.500000000000000888 ) ) ;
#491 = CIRCLE ( 'NONE', #1498, 0.5000000000000004441 ) ;
#492 = DIRECTION ( 'NONE',  ( 1.000000000000000000, -9.621493189941999193E-17, 0.000000000000000000 ) ) ;
#493 = VECTOR ( 'NONE', #2455, 1000.000000000000000 ) ;
#494 = CIRCLE ( 'NONE', #938, 0.5000000000000004441 ) ;
#495 = ORIENTED_EDGE ( 'NONE', *, *, #2264, .T. ) ;
#496 = AXIS2_PLACEMENT_3D ( 'NONE', #1686, #2225, #3526 ) ;
#497 = CARTESIAN_POINT ( 'NONE',  ( 29.73713444394043037, 0.1909830056250564345, -55.78619639847313039 ) ) ;
#498 = DIRECTION ( 'NONE',  ( 1.000000000000000000, 0.000000000000000000, -3.469446951953604722E-15 ) ) ;
#499 = ORIENTED_EDGE ( 'NONE', *, *, #1881, .T. ) ;
#500 = CARTESIAN_POINT ( 'NONE',  ( 40.99999999999999289, 0.5000000000000006661, 6.500000000000000888 ) ) ;
#501 = CYLINDRICAL_SURFACE ( 'NONE', #3550, 1.000000000000000888 ) ;
#502 = EDGE_CURVE ( 'NONE', #2473, #327, #2829, .T. ) ;
#503 = DIRECTION ( 'NONE',  ( 0.3034552433348116640, 0.9528456933274191965, 0.000000000000000000 ) ) ;
#504 = CARTESIAN_POINT ( 'NONE',  ( 38.99999999999999289, 0.5000000000000007772, 7.000000000000000000 ) ) ;
#505 = EDGE_CURVE ( 'NONE', #2861, #851, #3825, .T. ) ;
#506 = VERTEX_POINT ( 'NONE', #3744 ) ;
#507 = LINE ( 'NONE', #3577, #2061 ) ;
#508 = LINE ( 'NONE', #2342, #240 ) ;
#509 = DIRECTION ( 'NONE',  ( 1.000000000000000000, -5.329070518200750605E-15, 0.000000000000000000 ) ) ;
#510 = ORIENTED_EDGE ( 'NONE', *, *, #566, .F. ) ;
#511 = ORIENTED_EDGE ( 'NONE', *, *, #855, .F. ) ;
#512 = AXIS2_PLACEMENT_3D ( 'NONE', #1916, #1657, #113 ) ;
#513 = DIRECTION ( 'NONE',  ( 1.000000000000000000, 0.000000000000000000, 0.000000000000000000 ) ) ;
#514 = EDGE_CURVE ( 'NONE', #11, #3536, #1928, .T. ) ;
#515 = AXIS2_PLACEMENT_3D ( 'NONE', #1702, #2863, #879 ) ;
#516 = CARTESIAN_POINT ( 'NONE',  ( 38.00000000000000000, 4.076600168545496672E-14, 2.000000000000000000 ) ) ;
#517 = ORIENTED_EDGE ( 'NONE', *, *, #2349, .T. ) ;
#518 = DIRECTION ( 'NONE',  ( 1.000000000000000000, -1.156482317317870344E-15, 0.000000000000000000 ) ) ;
#519 = FACE_OUTER_BOUND ( 'NONE', #3106, .T. ) ;
#520 = CIRCLE ( 'NONE', #1463, 0.5000000000000000000 ) ;
#521 = AXIS2_PLACEMENT_3D ( 'NONE', #2442, #630, #1842 ) ;
#522 = LINE ( 'NONE', #541, #259 ) ;
#523 = CC_DESIGN_PERSON_AND_ORGANIZATION_ASSIGNMENT ( #2219, #1946, ( #978 ) ) ;
#524 = CARTESIAN_POINT ( 'NONE',  ( 4.440485190459277476, 9.000000000000000000, 7.000000000000000000 ) ) ;
#525 = ORIENTED_EDGE ( 'NONE', *, *, #132, .F. ) ;
#526 = AXIS2_PLACEMENT_3D ( 'NONE', #3250, #3535, #3780 ) ;
#527 = ORIENTED_EDGE ( 'NONE', *, *, #3278, .T. ) ;
#528 = ADVANCED_FACE ( 'NONE', ( #1625 ), #1045, .F. ) ;
#529 = CARTESIAN_POINT ( 'NONE',  ( -3.221830418196361290, 11.30345524333480789, -55.78619639847313039 ) ) ;
#530 = DIRECTION ( 'NONE',  ( -0.000000000000000000, 1.000000000000000000, -0.000000000000000000 ) ) ;
#531 = EDGE_CURVE ( 'NONE', #1271, #3954, #2544, .T. ) ;
#532 = FACE_OUTER_BOUND ( 'NONE', #1572, .T. ) ;
#533 = ORIENTED_EDGE ( 'NONE', *, *, #3896, .F. ) ;
#534 = CARTESIAN_POINT ( 'NONE',  ( 44.00000000000000000, 5.000000000000000000, 2.000000000000000000 ) ) ;
#535 = EDGE_CURVE ( 'NONE', #1596, #1236, #3464, .T. ) ;
#536 = CARTESIAN_POINT ( 'NONE',  ( 23.67484857984996083, 5.213525491562413627, 6.500000000000000888 ) ) ;
#537 = ORIENTED_EDGE ( 'NONE', *, *, #3558, .T. ) ;
#538 = PLANE ( 'NONE',  #43 ) ;
#539 = DIRECTION ( 'NONE',  ( -0.000000000000000000, -1.000000000000000000, -0.000000000000000000 ) ) ;
#540 = ORIENTED_EDGE ( 'NONE', *, *, #342, .F. ) ;
#541 = CARTESIAN_POINT ( 'NONE',  ( 38.99999999999999289, 1.000000000000026867, 2.000000000000000000 ) ) ;
#542 = DIRECTION ( 'NONE',  ( -0.000000000000000000, 0.000000000000000000, 1.000000000000000000 ) ) ;
#543 = ORIENTED_EDGE ( 'NONE', *, *, #3165, .F. ) ;
#544 = CARTESIAN_POINT ( 'NONE',  ( 5.393330883786696006, 8.696544756665186782, 7.000000000000000000 ) ) ;
#545 = CARTESIAN_POINT ( 'NONE',  ( 38.99999999999999289, 4.999999999999972466, 2.000000000000000000 ) ) ;
#546 = CARTESIAN_POINT ( 'NONE',  ( 43.00000000000000000, -8.673617379884035472E-16, 2.000000000000000000 ) ) ;
#547 = ADVANCED_FACE ( 'NONE', ( #1947 ), #3502, .F. ) ;
#548 = VECTOR ( 'NONE', #2870, 1000.000000000000000 ) ;
#549 = EDGE_LOOP ( 'NONE', ( #2698, #696, #214, #3311 ) ) ;
#550 = DIRECTION ( 'NONE',  ( 1.000000000000000000, -0.000000000000000000, 0.000000000000000000 ) ) ;
#551 = ADVANCED_FACE ( 'NONE', ( #1383 ), #469, .T. ) ;
#552 = VECTOR ( 'NONE', #2238, 1000.000000000000000 ) ;
#553 = DIRECTION ( 'NONE',  ( 0.000000000000000000, 0.000000000000000000, 1.000000000000000000 ) ) ;
#554 = AXIS2_PLACEMENT_3D ( 'NONE', #284, #3598, #3617 ) ;
#555 = CARTESIAN_POINT ( 'NONE',  ( 38.00000000000000000, 4.500000000000000000, 7.000000000000000000 ) ) ;
#556 = CIRCLE ( 'NONE', #3297, 0.9999999999999991118 ) ;
#557 = VERTEX_POINT ( 'NONE', #2588 ) ;
#558 = LINE ( 'NONE', #2702, #2755 ) ;
#559 = DIRECTION ( 'NONE',  ( -0.5877852522924753575, -0.8090169943749458970, 0.000000000000000000 ) ) ;
#560 = EDGE_CURVE ( 'NONE', #2883, #916, #3808, .T. ) ;
#561 = FACE_OUTER_BOUND ( 'NONE', #3672, .T. ) ;
#562 = LINE ( 'NONE', #1127, #3367 ) ;
#563 = LINE ( 'NONE', #3000, #3918 ) ;
#564 = VERTEX_POINT ( 'NONE', #2962 ) ;
#565 = VERTEX_POINT ( 'NONE', #3572 ) ;
#566 = EDGE_CURVE ( 'NONE', #2550, #3576, #2098, .T. ) ;
#567 = LINE ( 'NONE', #1826, #129 ) ;
#568 = EDGE_LOOP ( 'NONE', ( #3951, #3707, #2622, #2553 ) ) ;
#569 = AXIS2_PLACEMENT_3D ( 'NONE', #3231, #3856, #230 ) ;
#570 = DIRECTION ( 'NONE',  ( 1.000000000000000000, 1.225217227755426578E-16, -0.000000000000000000 ) ) ;
#571 = EDGE_CURVE ( 'NONE', #3815, #2054, #558, .T. ) ;
#572 = CARTESIAN_POINT ( 'NONE',  ( 0.000000000000000000, 0.000000000000000000, 2.000000000000000000 ) ) ;
#573 = VERTEX_POINT ( 'NONE', #2336 ) ;
#574 = ORIENTED_EDGE ( 'NONE', *, *, #2508, .F. ) ;
#575 = AXIS2_PLACEMENT_3D ( 'NONE', #73, #1959, #3113 ) ;
#576 = FACE_OUTER_BOUND ( 'NONE', #1549, .T. ) ;
#577 = AXIS2_PLACEMENT_3D ( 'NONE', #1397, #2626, #1472 ) ;
#578 = DIRECTION ( 'NONE',  ( -0.5000000000000041078, 0.8660254037844362651, 0.000000000000000000 ) ) ;
#579 = CARTESIAN_POINT ( 'NONE',  ( 36.00000000000000000, 5.464378949326942347E-14, 2.000000000000000000 ) ) ;
#580 = EDGE_CURVE ( 'NONE', #420, #1113, #1104, .T. ) ;
#581 = FACE_OUTER_BOUND ( 'NONE', #1165, .T. ) ;
#582 = CARTESIAN_POINT ( 'NONE',  ( 0.000000000000000000, 0.000000000000000000, 2.000000000000000000 ) ) ;
#583 = AXIS2_PLACEMENT_3D ( 'NONE', #289, #2121, #2081 ) ;
#584 = DIRECTION ( 'NONE',  ( 0.000000000000000000, 0.000000000000000000, 1.000000000000000000 ) ) ;
#585 = AXIS2_PLACEMENT_3D ( 'NONE', #1145, #1796, #882 ) ;
#586 = ORIENTED_EDGE ( 'NONE', *, *, #1563, .F. ) ;
#587 = ORIENTED_EDGE ( 'NONE', *, *, #3060, .T. ) ;
#588 = DIRECTION ( 'NONE',  ( 2.168404344971013552E-16, 1.000000000000000000, 0.000000000000000000 ) ) ;
#589 = ORIENTED_EDGE ( 'NONE', *, *, #2519, .T. ) ;
#590 = DIRECTION ( 'NONE',  ( -0.8090169943749466741, 0.5877852522924741363, 0.000000000000000000 ) ) ;
#591 = ORIENTED_EDGE ( 'NONE', *, *, #3727, .F. ) ;
#592 = CIRCLE ( 'NONE', #273, 1.000000000000000000 ) ;
#593 = LINE ( 'NONE', #3670, #1205 ) ;
#594 = VERTEX_POINT ( 'NONE', #2319 ) ;
#595 = ORIENTED_EDGE ( 'NONE', *, *, #3921, .T. ) ;
#596 = EDGE_CURVE ( 'NONE', #103, #2163, #393, .T. ) ;
#597 = EDGE_CURVE ( 'NONE', #664, #2832, #1416, .T. ) ;
#598 = VERTEX_POINT ( 'NONE', #241 ) ;
#599 = DIRECTION ( 'NONE',  ( 1.000000000000000000, 0.000000000000000000, 0.000000000000000000 ) ) ;
#600 = CARTESIAN_POINT ( 'NONE',  ( 6.071796769724523202, 11.50000000000000000, 0.5000000000000004441 ) ) ;
#601 = EDGE_CURVE ( 'NONE', #3471, #3671, #456, .T. ) ;
#602 = CARTESIAN_POINT ( 'NONE',  ( -1.322065561030832281, 7.382556647418032192, 2.000000000000000000 ) ) ;
#603 = DIRECTION ( 'NONE',  ( 0.000000000000000000, 0.000000000000000000, 1.000000000000000000 ) ) ;
#604 = CARTESIAN_POINT ( 'NONE',  ( 43.00000000000000000, 5.000000000000000000, 7.000000000000000000 ) ) ;
#605 = FACE_OUTER_BOUND ( 'NONE', #1940, .T. ) ;
#606 = ORIENTED_EDGE ( 'NONE', *, *, #3619, .F. ) ;
#607 = CARTESIAN_POINT ( 'NONE',  ( -6.065851584090650839, 2.373264122318436975, 6.616663560939686661 ) ) ;
#608 = VERTEX_POINT ( 'NONE', #1434 ) ;
#609 = DIRECTION ( 'NONE',  ( 0.000000000000000000, 0.000000000000000000, 1.000000000000000000 ) ) ;
#610 = DIRECTION ( 'NONE',  ( 0.000000000000000000, -0.000000000000000000, -1.000000000000000000 ) ) ;
#611 = DIRECTION ( 'NONE',  ( -0.000000000000000000, 0.000000000000000000, 1.000000000000000000 ) ) ;
#612 = ORIENTED_EDGE ( 'NONE', *, *, #454, .T. ) ;
#613 = VECTOR ( 'NONE', #2503, 1000.000000000000000 ) ;
#614 = AXIS2_PLACEMENT_3D ( 'NONE', #2407, #1876, #976 ) ;
#615 = CARTESIAN_POINT ( 'NONE',  ( 29.73713444394043037, 0.1909830056250564345, 6.499999999999999112 ) ) ;
#616 = ORIENTED_EDGE ( 'NONE', *, *, #2080, .T. ) ;
#617 = ORIENTED_EDGE ( 'NONE', *, *, #714, .T. ) ;
#618 = AXIS2_PLACEMENT_3D ( 'NONE', #3593, #1771, #2995 ) ;
#619 = AXIS2_PLACEMENT_3D ( 'NONE', #117, #3478, #1339 ) ;
#620 = DIRECTION ( 'NONE',  ( 0.000000000000000000, -0.000000000000000000, 1.000000000000000000 ) ) ;
#621 = DIRECTION ( 'NONE',  ( -0.000000000000000000, -0.000000000000000000, 1.000000000000000000 ) ) ;
#622 = EDGE_CURVE ( 'NONE', #3312, #594, #2629, .T. ) ;
#623 = AXIS2_PLACEMENT_3D ( 'NONE', #2687, #3544, #2671 ) ;
#624 = CARTESIAN_POINT ( 'NONE',  ( 31.84150274188694141, 5.999999999999998224, 6.499999999999999112 ) ) ;
#625 = DIRECTION ( 'NONE',  ( 1.000000000000000000, -0.000000000000000000, -0.000000000000000000 ) ) ;
#626 = CARTESIAN_POINT ( 'NONE',  ( 46.50000000000000000, 0.000000000000000000, 0.5000000000000000000 ) ) ;
#627 = EDGE_CURVE ( 'NONE', #375, #3225, #3001, .T. ) ;
#628 = PLANE ( 'NONE',  #1790 ) ;
#629 = APPLICATION_CONTEXT ( 'configuration controlled 3d designs of mechanical parts and assemblies' ) ;
#630 = DIRECTION ( 'NONE',  ( -0.000000000000000000, 0.000000000000000000, 1.000000000000000000 ) ) ;
#631 = ORIENTED_EDGE ( 'NONE', *, *, #1674, .F. ) ;
#632 = DIRECTION ( 'NONE',  ( 0.000000000000000000, -0.000000000000000000, -1.000000000000000000 ) ) ;
#633 = EDGE_LOOP ( 'NONE', ( #1167, #937, #3469, #74 ) ) ;
#634 = FACE_OUTER_BOUND ( 'NONE', #2974, .T. ) ;
#635 = ORIENTED_EDGE ( 'NONE', *, *, #681, .F. ) ;
#636 = EDGE_CURVE ( 'NONE', #306, #1778, #898, .T. ) ;
#637 = DIRECTION ( 'NONE',  ( -0.000000000000000000, 1.000000000000000000, -0.000000000000000000 ) ) ;
#638 = ORIENTED_EDGE ( 'NONE', *, *, #2532, .T. ) ;
#639 = ORIENTED_EDGE ( 'NONE', *, *, #2730, .F. ) ;
#640 = ORIENTED_EDGE ( 'NONE', *, *, #1272, .T. ) ;
#641 = ORIENTED_EDGE ( 'NONE', *, *, #2908, .F. ) ;
#642 = LINE ( 'NONE', #2719, #1213 ) ;
#643 = LINE ( 'NONE', #2413, #1441 ) ;
#644 = AXIS2_PLACEMENT_3D ( 'NONE', #1713, #195, #1409 ) ;
#645 = DIRECTION ( 'NONE',  ( 0.000000000000000000, -0.000000000000000000, -1.000000000000000000 ) ) ;
#646 = AXIS2_PLACEMENT_3D ( 'NONE', #298, #1237, #1192 ) ;
#647 = CARTESIAN_POINT ( 'NONE',  ( 45.99999999999999289, 9.621493189942060823E-17, 6.499999999999999112 ) ) ;
#648 = LINE ( 'NONE', #2789, #613 ) ;
#649 = PLANE ( 'NONE',  #3718 ) ;
#650 = EDGE_CURVE ( 'NONE', #3888, #1666, #3275, .T. ) ;
#651 = ORIENTED_EDGE ( 'NONE', *, *, #29, .F. ) ;
#652 = AXIS2_PLACEMENT_3D ( 'NONE', #3890, #250, #1464 ) ;
#653 = EDGE_CURVE ( 'NONE', #2806, #147, #522, .T. ) ;
#654 = LINE ( 'NONE', #1867, #904 ) ;
#655 = ORIENTED_EDGE ( 'NONE', *, *, #596, .F. ) ;
#656 = VECTOR ( 'NONE', #1306, 1000.000000000000000 ) ;
#657 = CARTESIAN_POINT ( 'NONE',  ( 6.084704963614490758, 2.296708087325218361, 7.000000000000000888 ) ) ;
#658 = ORIENTED_EDGE ( 'NONE', *, *, #3037, .T. ) ;
#659 = DIRECTION ( 'NONE',  ( 0.3034552433348117195, 0.9528456933274191965, -0.000000000000000000 ) ) ;
#660 = AXIS2_PLACEMENT_3D ( 'NONE', #602, #1883, #2154 ) ;
#661 = ORIENTED_EDGE ( 'NONE', *, *, #1332, .T. ) ;
#662 = DIRECTION ( 'NONE',  ( -0.8090169943749466741, 0.5877852522924741363, -0.000000000000000000 ) ) ;
#663 = EDGE_LOOP ( 'NONE', ( #992, #3383, #3511, #954, #1038 ) ) ;
#664 = VERTEX_POINT ( 'NONE', #3242 ) ;
#665 = DIRECTION ( 'NONE',  ( 1.000000000000000000, -9.621493189941999193E-17, 0.000000000000000000 ) ) ;
#666 = CARTESIAN_POINT ( 'NONE',  ( -6.193497006628223112, 1.972459081676275705, 0.5000000000000004441 ) ) ;
#667 = DIRECTION ( 'NONE',  ( 0.000000000000000000, -1.000000000000000000, 0.000000000000000000 ) ) ;
#668 = DIRECTION ( 'NONE',  ( -1.000000000000000000, -0.000000000000000000, -0.000000000000000000 ) ) ;
#669 = DIRECTION ( 'NONE',  ( 1.000000000000000000, 0.000000000000000000, 0.000000000000000000 ) ) ;
#670 = LINE ( 'NONE', #731, #1100 ) ;
#671 = VECTOR ( 'NONE', #1652, 1000.000000000000000 ) ;
#672 = ORIENTED_EDGE ( 'NONE', *, *, #3060, .F. ) ;
#673 = CARTESIAN_POINT ( 'NONE',  ( -5.591344333006716738, 3.321494360470534257, 6.875916809054466228 ) ) ;
#674 = ORIENTED_EDGE ( 'NONE', *, *, #2189, .F. ) ;
#675 = CARTESIAN_POINT ( 'NONE',  ( 31.84150274188694141, 5.999999999999998224, 6.499999999999999112 ) ) ;
#676 = ORIENTED_EDGE ( 'NONE', *, *, #3820, .T. ) ;
#677 = LINE ( 'NONE', #3151, #2820 ) ;
#678 = EDGE_CURVE ( 'NONE', #2663, #1566, #1736, .T. ) ;
#679 = VERTEX_POINT ( 'NONE', #221 ) ;
#680 = ORIENTED_EDGE ( 'NONE', *, *, #3690, .T. ) ;
#681 = EDGE_CURVE ( 'NONE', #3312, #1874, #2665, .T. ) ;
#682 = DIRECTION ( 'NONE',  ( -0.000000000000000000, 0.000000000000000000, 1.000000000000000000 ) ) ;
#683 = ORIENTED_EDGE ( 'NONE', *, *, #1398, .T. ) ;
#684 = VERTEX_POINT ( 'NONE', #486 ) ;
#685 = CIRCLE ( 'NONE', #3033, 1.500000000000000444 ) ;
#686 = DIRECTION ( 'NONE',  ( -0.000000000000000000, -0.000000000000000000, 1.000000000000000000 ) ) ;
#687 = CARTESIAN_POINT ( 'NONE',  ( 6.499999999999999112, 7.960204194457794491E-16, 9.000000000000000000 ) ) ;
#688 = AXIS2_PLACEMENT_3D ( 'NONE', #524, #542, #2963 ) ;
#689 = DIRECTION ( 'NONE',  ( -1.000000000000000000, -0.000000000000000000, -0.000000000000000000 ) ) ;
#690 = CARTESIAN_POINT ( 'NONE',  ( 38.00000000000000000, 4.076600168545496672E-14, 2.000000000000000000 ) ) ;
#691 = AXIS2_PLACEMENT_3D ( 'NONE', #490, #3185, #450 ) ;
#692 = VERTEX_POINT ( 'NONE', #1158 ) ;
#693 = LINE ( 'NONE', #2791, #656 ) ;
#694 = EDGE_CURVE ( 'NONE', #2078, #2351, #520, .T. ) ;
#695 = CARTESIAN_POINT ( 'NONE',  ( 38.00000000000000000, 8.659343870947800507E-16, 6.499999999999999112 ) ) ;
#696 = ORIENTED_EDGE ( 'NONE', *, *, #2207, .T. ) ;
#697 = B_SPLINE_CURVE_WITH_KNOTS ( 'NONE', 3,
 ( #2621, #3838, #2973, #3910 ),
 .UNSPECIFIED., .F., .F.,
 ( 4, 4 ),
 ( 0.002035940016319760619, 0.002597159264086939742 ),
 .UNSPECIFIED. ) ;
#698 = CYLINDRICAL_SURFACE ( 'NONE', #1882, 0.4999999999999998890 ) ;
#699 = ORIENTED_EDGE ( 'NONE', *, *, #1177, .T. ) ;
#700 = CARTESIAN_POINT ( 'NONE',  ( 13.99999999999999822, 8.000000000000000000, 0.000000000000000000 ) ) ;
#701 = ORIENTED_EDGE ( 'NONE', *, *, #1699, .T. ) ;
#702 = ORIENTED_EDGE ( 'NONE', *, *, #1678, .T. ) ;
#703 = EDGE_CURVE ( 'NONE', #889, #3209, #1770, .T. ) ;
#704 = LINE ( 'NONE', #3131, #1085 ) ;
#705 = ORIENTED_EDGE ( 'NONE', *, *, #269, .F. ) ;
#706 = EDGE_CURVE ( 'NONE', #719, #565, #1700, .T. ) ;
#707 = CARTESIAN_POINT ( 'NONE',  ( 36.00000000000000000, 4.500000000000000000, 7.000000000000000000 ) ) ;
#708 = ORIENTED_EDGE ( 'NONE', *, *, #2986, .T. ) ;
#709 = DIRECTION ( 'NONE',  ( 1.000000000000000000, 0.000000000000000000, 0.000000000000000000 ) ) ;
#710 = CARTESIAN_POINT ( 'NONE',  ( 4.810746594971043354E-17, 0.5000000000000045519, 7.000000000000000000 ) ) ;
#711 = CIRCLE ( 'NONE', #194, 0.4999999999999998890 ) ;
#712 = DIRECTION ( 'NONE',  ( 1.000000000000000000, 0.000000000000000000, 0.000000000000000000 ) ) ;
#713 = CIRCLE ( 'NONE', #2944, 0.5000000000000004441 ) ;
#714 = EDGE_CURVE ( 'NONE', #2432, #977, #2364, .T. ) ;
#715 = ORIENTED_EDGE ( 'NONE', *, *, #2701, .T. ) ;
#716 = DIRECTION ( 'NONE',  ( 0.000000000000000000, -0.000000000000000000, -1.000000000000000000 ) ) ;
#717 = CARTESIAN_POINT ( 'NONE',  ( -3.221830418196361290, 11.30345524333480789, 6.499999999999999112 ) ) ;
#718 = CARTESIAN_POINT ( 'NONE',  ( 5.999999999999998224, 2.499999999999997335, 7.000000000000000000 ) ) ;
#719 = VERTEX_POINT ( 'NONE', #1834 ) ;
#720 = LINE ( 'NONE', #1634, #3316 ) ;
#721 = AXIS2_PLACEMENT_3D ( 'NONE', #536, #1766, #1747 ) ;
#722 = ORIENTED_EDGE ( 'NONE', *, *, #3438, .T. ) ;
#723 = DIRECTION ( 'NONE',  ( 0.000000000000000000, 0.000000000000000000, 1.000000000000000000 ) ) ;
#724 = ORIENTED_EDGE ( 'NONE', *, *, #1649, .F. ) ;
#725 = ORIENTED_EDGE ( 'NONE', *, *, #1398, .F. ) ;
#726 = DIRECTION ( 'NONE',  ( -0.000000000000000000, -0.000000000000000000, 1.000000000000000000 ) ) ;
#727 = PLANE ( 'NONE',  #1068 ) ;
#728 = EDGE_CURVE ( 'NONE', #373, #1676, #1781, .T. ) ;
#729 = PERSON_AND_ORGANIZATION ( #3608, #1231 ) ;
#730 = DIRECTION ( 'NONE',  ( -0.000000000000000000, -0.000000000000000000, 1.000000000000000000 ) ) ;
#731 = CARTESIAN_POINT ( 'NONE',  ( 37.00000000000000000, 1.000000000000040856, 7.000000000000000000 ) ) ;
#732 = ADVANCED_FACE ( 'NONE', ( #3675 ), #3313, .T. ) ;
#733 = VERTEX_POINT ( 'NONE', #1581 ) ;
#734 = FACE_OUTER_BOUND ( 'NONE', #1799, .T. ) ;
#735 = DIRECTION ( 'NONE',  ( -1.000000000000000000, -1.225217227755426578E-16, 0.000000000000000000 ) ) ;
#736 = LINE ( 'NONE', #434, #671 ) ;
#737 = EDGE_LOOP ( 'NONE', ( #2642, #2288, #1247, #3427, #757 ) ) ;
#738 = AXIS2_PLACEMENT_3D ( 'NONE', #905, #3282, #1422 ) ;
#739 = EDGE_LOOP ( 'NONE', ( #3894, #1146, #3936, #154 ) ) ;
#740 = DIRECTION ( 'NONE',  ( -1.000000000000000000, 0.000000000000000000, -0.000000000000000000 ) ) ;
#741 = EDGE_LOOP ( 'NONE', ( #2784, #3804, #2093, #3248 ) ) ;
#742 = LINE ( 'NONE', #2328, #2569 ) ;
#743 = LINE ( 'NONE', #1302, #2980 ) ;
#744 = DIRECTION ( 'NONE',  ( 0.000000000000000000, 0.000000000000000000, 1.000000000000000000 ) ) ;
#745 = AXIS2_PLACEMENT_3D ( 'NONE', #1403, #2266, #3830 ) ;
#746 = DATE_TIME_ROLE ( 'creation_date' ) ;
#747 = CARTESIAN_POINT ( 'NONE',  ( 30.32491969623291084, 1.604391715844309851E-15, 0.5000000000000004441 ) ) ;
#748 = EDGE_CURVE ( 'NONE', #1566, #893, #642, .T. ) ;
#749 = LINE ( 'NONE', #3809, #2369 ) ;
#750 = AXIS2_PLACEMENT_3D ( 'NONE', #2802, #1233, #3007 ) ;
#751 = ADVANCED_FACE ( 'NONE', ( #3050 ), #3389, .T. ) ;
#752 = FACE_OUTER_BOUND ( 'NONE', #1387, .T. ) ;
#753 = CARTESIAN_POINT ( 'NONE',  ( 16.00000000000000000, 8.000000000000000000, -55.78619639847313039 ) ) ;
#754 = CARTESIAN_POINT ( 'NONE',  ( -5.513477524899414180E-16, 4.499999999999995559, 6.500000000000000888 ) ) ;
#755 = VECTOR ( 'NONE', #3136, 1000.000000000000000 ) ;
#756 = VERTEX_POINT ( 'NONE', #939 ) ;
#757 = ORIENTED_EDGE ( 'NONE', *, *, #1958, .T. ) ;
#758 = DIRECTION ( 'NONE',  ( 0.000000000000000000, -0.000000000000000000, -1.000000000000000000 ) ) ;
#759 = VERTEX_POINT ( 'NONE', #2151 ) ;
#760 = EDGE_CURVE ( 'NONE', #1778, #893, #3012, .T. ) ;
#761 = CARTESIAN_POINT ( 'NONE',  ( 38.99999999999999289, 3.999999999999972466, 7.000000000000000000 ) ) ;
#762 = CARTESIAN_POINT ( 'NONE',  ( 30.95982486344822604, 4.786474508437579267, 0.000000000000000000 ) ) ;
#763 = ORIENTED_EDGE ( 'NONE', *, *, #3188, .T. ) ;
#764 = FACE_OUTER_BOUND ( 'NONE', #929, .T. ) ;
#765 = PERSON_AND_ORGANIZATION ( #3608, #1231 ) ;
#766 = DIRECTION ( 'NONE',  ( 1.000000000000000000, -1.776356839400250465E-15, 0.000000000000000000 ) ) ;
#767 = CARTESIAN_POINT ( 'NONE',  ( 6.071796769724517873, 13.00000000000000178, 6.499999999999999112 ) ) ;
#768 = CIRCLE ( 'NONE', #2484, 0.5000000000000004441 ) ;
#769 = DIRECTION ( 'NONE',  ( 0.9528456933274203067, -0.3034552433348081668, 0.000000000000000000 ) ) ;
#770 = CARTESIAN_POINT ( 'NONE',  ( 43.00000000000000000, -8.673617379884035472E-16, 2.000000000000000000 ) ) ;
#771 = CARTESIAN_POINT ( 'NONE',  ( 44.00000000000000000, 0.9999999999999991118, 7.000000000000000000 ) ) ;
#772 = CIRCLE ( 'NONE', #63, 0.5000000000000004441 ) ;
#773 = EDGE_CURVE ( 'NONE', #999, #2600, #3696, .T. ) ;
#774 = EDGE_CURVE ( 'NONE', #1480, #733, #3197, .T. ) ;
#775 = ORIENTED_EDGE ( 'NONE', *, *, #3112, .F. ) ;
#776 = VERTEX_POINT ( 'NONE', #3957 ) ;
#777 = VECTOR ( 'NONE', #2682, 1000.000000000000000 ) ;
#778 = DIRECTION ( 'NONE',  ( 1.000000000000000000, 1.225217227755426578E-16, -0.000000000000000000 ) ) ;
#779 = EDGE_CURVE ( 'NONE', #2507, #287, #1277, .T. ) ;
#780 = DIRECTION ( 'NONE',  ( -1.000000000000000000, -0.000000000000000000, -0.000000000000000000 ) ) ;
#781 = VECTOR ( 'NONE', #2525, 1000.000000000000000 ) ;
#782 = CARTESIAN_POINT ( 'NONE',  ( 6.499999999999998224, 1.443344142121325017E-15, 0.000000000000000000 ) ) ;
#783 = CIRCLE ( 'NONE', #75, 0.5000000000000002220 ) ;
#784 = CARTESIAN_POINT ( 'NONE',  ( 10.65863771052205244, 14.67035624161478680, 7.000000000000000000 ) ) ;
#785 = DIRECTION ( 'NONE',  ( 1.387778780781445991E-14, 1.000000000000000000, 0.000000000000000000 ) ) ;
#786 = DIRECTION ( 'NONE',  ( -1.387778780781444413E-14, 1.000000000000000000, 0.000000000000000000 ) ) ;
#787 = CARTESIAN_POINT ( 'NONE',  ( 14.68759652688043893, 16.24228350150902145, 0.5000000000000004441 ) ) ;
#788 = ORIENTED_EDGE ( 'NONE', *, *, #1491, .F. ) ;
#789 = CARTESIAN_POINT ( 'NONE',  ( 43.00000000000000000, 4.000000000000000000, 2.000000000000000000 ) ) ;
#790 = CARTESIAN_POINT ( 'NONE',  ( 38.99999999999999289, 1.000000000000026867, 2.000000000000000000 ) ) ;
#791 = VECTOR ( 'NONE', #223, 1000.000000000000000 ) ;
#792 = LINE ( 'NONE', #2010, #3737 ) ;
#793 = ORIENTED_EDGE ( 'NONE', *, *, #96, .T. ) ;
#794 = ORIENTED_EDGE ( 'NONE', *, *, #2730, .T. ) ;
#795 = ADVANCED_FACE ( 'NONE', ( #576 ), #2128, .T. ) ;
#796 = FACE_OUTER_BOUND ( 'NONE', #1276, .T. ) ;
#797 = CIRCLE ( 'NONE', #2780, 6.499999999999999112 ) ;
#798 = CARTESIAN_POINT ( 'NONE',  ( 34.99999999999999289, 5.464378949326942347E-14, 2.000000000000000000 ) ) ;
#799 = EDGE_CURVE ( 'NONE', #3322, #573, #2434, .T. ) ;
#800 = CARTESIAN_POINT ( 'NONE',  ( -2.268984724868940983, 11.00000000000000178, 6.499999999999999112 ) ) ;
#801 = DIRECTION ( 'NONE',  ( 5.204170427930416550E-15, 1.000000000000000000, 0.000000000000000000 ) ) ;
#802 = ORIENTED_EDGE ( 'NONE', *, *, #1114, .T. ) ;
#803 = DIRECTION ( 'NONE',  ( -0.000000000000000000, 0.000000000000000000, 1.000000000000000000 ) ) ;
#804 = CARTESIAN_POINT ( 'NONE',  ( 45.99999999999999289, 9.621493189942060823E-17, -55.78619639847313039 ) ) ;
#805 = ORIENTED_EDGE ( 'NONE', *, *, #2264, .F. ) ;
#806 = CARTESIAN_POINT ( 'NONE',  ( 5.393330883786696006, 8.696544756665186782, 2.000000000000000000 ) ) ;
#807 = CARTESIAN_POINT ( 'NONE',  ( 4.810746594971043354E-17, 0.5000000000000045519, 6.500000000000000888 ) ) ;
#808 = AXIS2_PLACEMENT_3D ( 'NONE', #2909, #1969, #785 ) ;
#809 = AXIS2_PLACEMENT_3D ( 'NONE', #2960, #3252, #3271 ) ;
#810 = CYLINDRICAL_SURFACE ( 'NONE', #857, 0.5000000000000004441 ) ;
#811 = ORIENTED_EDGE ( 'NONE', *, *, #2015, .F. ) ;
#812 = ADVANCED_FACE ( 'NONE', ( #3654 ), #3710, .T. ) ;
#813 = CIRCLE ( 'NONE', #1758, 0.5000000000000004441 ) ;
#814 = VERTEX_POINT ( 'NONE', #3076 ) ;
#815 = VECTOR ( 'NONE', #2882, 1000.000000000000000 ) ;
#816 = EDGE_LOOP ( 'NONE', ( #638, #1830, #2645, #2526, #3175 ) ) ;
#817 = LINE ( 'NONE', #497, #1597 ) ;
#818 = PRODUCT_DEFINITION ( 'UNKNOWN', '', #978, #3571 ) ;
#819 = DIRECTION ( 'NONE',  ( -1.000000000000000000, -0.000000000000000000, -0.000000000000000000 ) ) ;
#820 = CARTESIAN_POINT ( 'NONE',  ( 4.810746594971043354E-17, 0.5000000000000045519, 6.500000000000000888 ) ) ;
#821 = DIRECTION ( 'NONE',  ( 0.000000000000000000, 0.000000000000000000, 1.000000000000000000 ) ) ;
#822 = EDGE_LOOP ( 'NONE', ( #1895, #244, #2358, #3436, #2557 ) ) ;
#823 = ADVANCED_FACE ( 'NONE', ( #3397 ), #340, .F. ) ;
#824 = ADVANCED_FACE ( 'NONE', ( #3629 ), #2763, .F. ) ;
#825 = DIRECTION ( 'NONE',  ( 1.000000000000000000, 0.000000000000000000, 0.000000000000000000 ) ) ;
#826 = DIRECTION ( 'NONE',  ( 0.8090169943749467851, -0.5877852522924739143, 0.000000000000000000 ) ) ;
#827 = EDGE_LOOP ( 'NONE', ( #641, #2402 ) ) ;
#828 = DIRECTION ( 'NONE',  ( -1.000000000000000000, -6.938893903907234689E-15, 0.000000000000000000 ) ) ;
#829 = FACE_OUTER_BOUND ( 'NONE', #663, .T. ) ;
#830 = DIRECTION ( 'NONE',  ( 0.000000000000000000, 1.000000000000000000, 0.000000000000000000 ) ) ;
#831 = EDGE_CURVE ( 'NONE', #1048, #337, #2785, .T. ) ;
#832 = ORIENTED_EDGE ( 'NONE', *, *, #3233, .T. ) ;
#833 = VECTOR ( 'NONE', #3267, 1000.000000000000000 ) ;
#834 = DIRECTION ( 'NONE',  ( 0.000000000000000000, 0.000000000000000000, -1.000000000000000000 ) ) ;
#835 = AXIS2_PLACEMENT_3D ( 'NONE', #1338, #39, #2741 ) ;
#836 = FACE_OUTER_BOUND ( 'NONE', #1465, .T. ) ;
#837 = FACE_OUTER_BOUND ( 'NONE', #3301, .T. ) ;
#838 = DIRECTION ( 'NONE',  ( 1.000000000000000000, -5.204170427930415761E-15, 0.000000000000000000 ) ) ;
#839 = AXIS2_PLACEMENT_3D ( 'NONE', #1782, #2405, #2100 ) ;
#840 = AXIS2_PLACEMENT_3D ( 'NONE', #3725, #2460, #1222 ) ;
#841 = CARTESIAN_POINT ( 'NONE',  ( 46.00000000000000000, 4.000000000000000000, 7.000000000000000000 ) ) ;
#842 = LINE ( 'NONE', #2056, #2726 ) ;
#843 = VECTOR ( 'NONE', #1980, 1000.000000000000000 ) ;
#844 = EDGE_CURVE ( 'NONE', #1462, #2346, #1879, .T. ) ;
#845 = LINE ( 'NONE', #2059, #1047 ) ;
#846 = FACE_OUTER_BOUND ( 'NONE', #3491, .T. ) ;
#847 = ADVANCED_FACE ( 'NONE', ( #1489 ), #139, .T. ) ;
#848 = DIRECTION ( 'NONE',  ( -0.000000000000000000, -0.000000000000000000, 1.000000000000000000 ) ) ;
#849 = ORIENTED_EDGE ( 'NONE', *, *, #703, .T. ) ;
#850 = LOCAL_TIME ( 23, 44, 21.00000000000000000, #1304 ) ;
#851 = VERTEX_POINT ( 'NONE', #422 ) ;
#852 = CARTESIAN_POINT ( 'NONE',  ( -6.126086138777125990E-16, 4.999999999999994671, 6.499999999999999112 ) ) ;
#853 = LINE ( 'NONE', #2068, #397 ) ;
#854 = FACE_OUTER_BOUND ( 'NONE', #1161, .T. ) ;
#855 = EDGE_CURVE ( 'NONE', #1172, #814, #160, .T. ) ;
#856 = ORIENTED_EDGE ( 'NONE', *, *, #1135, .T. ) ;
#857 = AXIS2_PLACEMENT_3D ( 'NONE', #754, #1669, #451 ) ;
#858 = CARTESIAN_POINT ( 'NONE',  ( 30.03102707008667238, 0.5954915028125272736, 6.500000000000000888 ) ) ;
#859 = DIRECTION ( 'NONE',  ( 0.000000000000000000, 0.000000000000000000, 1.000000000000000000 ) ) ;
#860 = EDGE_CURVE ( 'NONE', #2801, #3888, #494, .T. ) ;
#861 = CARTESIAN_POINT ( 'NONE',  ( -6.499999999999999112, 0.000000000000000000, 9.000000000000000000 ) ) ;
#862 = CARTESIAN_POINT ( 'NONE',  ( 22.79317070141124191, 3.999999999999997335, 6.499999999999999112 ) ) ;
#863 = CARTESIAN_POINT ( 'NONE',  ( 9.358078161965470944E-16, 5.500000000000001776, 6.500000000000000888 ) ) ;
#864 = EDGE_CURVE ( 'NONE', #998, #327, #3784, .T. ) ;
#865 = ORIENTED_EDGE ( 'NONE', *, *, #855, .T. ) ;
#866 = CIRCLE ( 'NONE', #1380, 0.9999999999999991118 ) ;
#867 = VECTOR ( 'NONE', #621, 1000.000000000000000 ) ;
#868 = ORIENTED_EDGE ( 'NONE', *, *, #2876, .T. ) ;
#869 = FACE_OUTER_BOUND ( 'NONE', #3930, .T. ) ;
#870 = AXIS2_PLACEMENT_3D ( 'NONE', #2703, #3916, #3376 ) ;
#871 = CARTESIAN_POINT ( 'NONE',  ( 6.071796769724517873, 13.00000000000000178, 6.499999999999999112 ) ) ;
#872 = VECTOR ( 'NONE', #124, 1000.000000000000000 ) ;
#873 = EDGE_LOOP ( 'NONE', ( #2562, #914 ) ) ;
#874 = LINE ( 'NONE', #1432, #1641 ) ;
#875 = ORIENTED_EDGE ( 'NONE', *, *, #531, .T. ) ;
#876 = ORIENTED_EDGE ( 'NONE', *, *, #3165, .T. ) ;
#877 = DIRECTION ( 'NONE',  ( 0.000000000000000000, 0.000000000000000000, 1.000000000000000000 ) ) ;
#878 = DIRECTION ( 'NONE',  ( 0.000000000000000000, -1.000000000000000000, 0.000000000000000000 ) ) ;
#879 = DIRECTION ( 'NONE',  ( 1.000000000000000000, 0.000000000000000000, 0.000000000000000000 ) ) ;
#880 = DIRECTION ( 'NONE',  ( 0.000000000000000000, 0.000000000000000000, 1.000000000000000000 ) ) ;
#881 = DIRECTION ( 'NONE',  ( 0.000000000000000000, -1.000000000000000000, 0.000000000000000000 ) ) ;
#882 = DIRECTION ( 'NONE',  ( 1.000000000000000000, -6.938893903907222067E-15, 0.000000000000000000 ) ) ;
#883 = ORIENTED_EDGE ( 'NONE', *, *, #2609, .F. ) ;
#884 = ADVANCED_FACE ( 'NONE', ( #1060 ), #2605, .T. ) ;
#885 = PLANE ( 'NONE',  #1727 ) ;
#886 = EDGE_CURVE ( 'NONE', #756, #3854, #1904, .T. ) ;
#887 = VECTOR ( 'NONE', #513, 1000.000000000000000 ) ;
#888 = LINE ( 'NONE', #234, #2693 ) ;
#889 = VERTEX_POINT ( 'NONE', #2844 ) ;
#890 = EDGE_CURVE ( 'NONE', #3907, #1918, #743, .T. ) ;
#891 = PLANE ( 'NONE',  #3895 ) ;
#892 = ADVANCED_BREP_SHAPE_REPRESENTATION ( 'CSWP_18_19', ( #1812, #409 ), #2900 ) ;
#893 = VERTEX_POINT ( 'NONE', #707 ) ;
#894 = ORIENTED_EDGE ( 'NONE', *, *, #3755, .T. ) ;
#895 = VECTOR ( 'NONE', #972, 1000.000000000000000 ) ;
#896 = ORIENTED_EDGE ( 'NONE', *, *, #1920, .F. ) ;
#897 = CARTESIAN_POINT ( 'NONE',  ( -2.268984724868940983, 11.00000000000000178, 0.000000000000000000 ) ) ;
#898 = CIRCLE ( 'NONE', #2496, 0.5000000000000004441 ) ;
#899 = CARTESIAN_POINT ( 'NONE',  ( 44.00000000000000000, 0.5000000000000003331, 6.500000000000000888 ) ) ;
#900 = EDGE_LOOP ( 'NONE', ( #1854, #1273, #2559, #1487, #683 ) ) ;
#901 = DIRECTION ( 'NONE',  ( 1.000000000000000000, 0.000000000000000000, 0.000000000000000000 ) ) ;
#902 = CARTESIAN_POINT ( 'NONE',  ( 43.00000000000000000, 5.000000000000000000, 2.000000000000000000 ) ) ;
#903 = CARTESIAN_POINT ( 'NONE',  ( 47.00000000000000000, 0.000000000000000000, 6.499999999999999112 ) ) ;
#904 = VECTOR ( 'NONE', #370, 1000.000000000000000 ) ;
#905 = CARTESIAN_POINT ( 'NONE',  ( 6.071796769724517873, 13.00000000000000178, 0.5000000000000004441 ) ) ;
#906 = VERTEX_POINT ( 'NONE', #3418 ) ;
#907 = DIRECTION ( 'NONE',  ( 1.000000000000000000, 0.000000000000000000, 0.000000000000000000 ) ) ;
#908 = VERTEX_POINT ( 'NONE', #1598 ) ;
#909 = DIRECTION ( 'NONE',  ( 0.000000000000000000, 0.000000000000000000, -1.000000000000000000 ) ) ;
#910 = CARTESIAN_POINT ( 'NONE',  ( 38.99999999999999289, 4.500000000000000888, 7.000000000000000000 ) ) ;
#911 = PLANE ( 'NONE',  #1412 ) ;
#912 = EDGE_CURVE ( 'NONE', #3946, #1317, #1041, .T. ) ;
#913 = CARTESIAN_POINT ( 'NONE',  ( 38.99999999999999289, 2.688821387764050996E-14, 2.000000000000000000 ) ) ;
#914 = ORIENTED_EDGE ( 'NONE', *, *, #3037, .F. ) ;
#915 = EDGE_CURVE ( 'NONE', #565, #1666, #2277, .T. ) ;
#916 = VERTEX_POINT ( 'NONE', #1943 ) ;
#917 = VERTEX_POINT ( 'NONE', #2195 ) ;
#918 = DIRECTION ( 'NONE',  ( 0.000000000000000000, 0.000000000000000000, 1.000000000000000000 ) ) ;
#919 = LINE ( 'NONE', #957, #3235 ) ;
#920 = DIRECTION ( 'NONE',  ( 0.000000000000000000, 1.000000000000000000, 0.000000000000000000 ) ) ;
#921 = DIRECTION ( 'NONE',  ( -1.000000000000000000, -0.000000000000000000, -0.000000000000000000 ) ) ;
#922 = DIRECTION ( 'NONE',  ( -0.000000000000000000, -0.000000000000000000, 1.000000000000000000 ) ) ;
#923 = CARTESIAN_POINT ( 'NONE',  ( -6.126086138777125990E-16, 4.999999999999994671, -55.78619639847313039 ) ) ;
#924 = ORIENTED_EDGE ( 'NONE', *, *, #1865, .F. ) ;
#925 = CARTESIAN_POINT ( 'NONE',  ( -5.477841110050874818, 3.505712142187924041, 6.917838326895026313 ) ) ;
#926 = ORIENTED_EDGE ( 'NONE', *, *, #2630, .F. ) ;
#927 = EDGE_CURVE ( 'NONE', #1443, #3602, #1024, .T. ) ;
#928 = LINE ( 'NONE', #2774, #3222 ) ;
#929 = EDGE_LOOP ( 'NONE', ( #10, #3094, #2934, #2838 ) ) ;
#930 = CARTESIAN_POINT ( 'NONE',  ( 34.99999999999999289, 3.999999999999944489, 7.000000000000000000 ) ) ;
#931 = ORIENTED_EDGE ( 'NONE', *, *, #773, .F. ) ;
#932 = VECTOR ( 'NONE', #2521, 1000.000000000000000 ) ;
#933 = AXIS2_PLACEMENT_3D ( 'NONE', #1120, #3556, #821 ) ;
#934 = FACE_OUTER_BOUND ( 'NONE', #2618, .T. ) ;
#935 = EDGE_LOOP ( 'NONE', ( #2038, #3217, #459, #2495 ) ) ;
#936 = ADVANCED_FACE ( 'NONE', ( #3741 ), #2258, .F. ) ;
#937 = ORIENTED_EDGE ( 'NONE', *, *, #3518, .F. ) ;
#938 = AXIS2_PLACEMENT_3D ( 'NONE', #3118, #1921, #1377 ) ;
#939 = CARTESIAN_POINT ( 'NONE',  ( 23.38095595370372237, 4.809016994374942122, 0.000000000000000000 ) ) ;
#940 = CARTESIAN_POINT ( 'NONE',  ( 0.000000000000000000, 0.000000000000000000, 9.000000000000000000 ) ) ;
#941 = EDGE_CURVE ( 'NONE', #2738, #2445, #3439, .T. ) ;
#942 = ADVANCED_FACE ( 'NONE', ( #3158 ), #1642, .F. ) ;
#943 = DIRECTION ( 'NONE',  ( 1.000000000000000000, 0.000000000000000000, 0.000000000000000000 ) ) ;
#944 = CARTESIAN_POINT ( 'NONE',  ( 0.000000000000000000, 0.000000000000000000, 0.000000000000000000 ) ) ;
#945 = DIRECTION ( 'NONE',  ( -1.225217227755426578E-16, 1.000000000000000000, 0.000000000000000000 ) ) ;
#946 = ORIENTED_EDGE ( 'NONE', *, *, #2677, .T. ) ;
#947 = CARTESIAN_POINT ( 'NONE',  ( -5.899807716926844137, 2.761176171638826560, 6.733792139918357122 ) ) ;
#948 = ORIENTED_EDGE ( 'NONE', *, *, #1260, .T. ) ;
#949 = DIRECTION ( 'NONE',  ( -0.000000000000000000, -1.000000000000000000, -0.000000000000000000 ) ) ;
#950 = EDGE_LOOP ( 'NONE', ( #3375, #3739, #330, #3968 ) ) ;
#951 = DIRECTION ( 'NONE',  ( 0.000000000000000000, 0.000000000000000000, 1.000000000000000000 ) ) ;
#952 = ORIENTED_EDGE ( 'NONE', *, *, #3112, .T. ) ;
#953 = CARTESIAN_POINT ( 'NONE',  ( 15.52538177917292117, 16.61828779399174749, 0.5000000000000000000 ) ) ;
#954 = ORIENTED_EDGE ( 'NONE', *, *, #706, .T. ) ;
#955 = ORIENTED_EDGE ( 'NONE', *, *, #8, .T. ) ;
#956 = CARTESIAN_POINT ( 'NONE',  ( 37.00000000000000000, 1.000000000000040856, 2.000000000000000000 ) ) ;
#957 = CARTESIAN_POINT ( 'NONE',  ( 8.507343783604972869E-16, 5.000000000000000888, 6.499999999999999112 ) ) ;
#958 = CIRCLE ( 'NONE', #3192, 3.000000000000000444 ) ;
#959 = DIRECTION ( 'NONE',  ( 1.000000000000000000, 0.000000000000000000, 0.000000000000000000 ) ) ;
#960 = VECTOR ( 'NONE', #2994, 1000.000000000000000 ) ;
#961 = CARTESIAN_POINT ( 'NONE',  ( 34.99999999999999289, 1.000000000000054623, 2.000000000000000000 ) ) ;
#962 = LINE ( 'NONE', #903, #3678 ) ;
#963 = EDGE_CURVE ( 'NONE', #2203, #306, #2558, .T. ) ;
#964 = FACE_OUTER_BOUND ( 'NONE', #3542, .T. ) ;
#965 = ORIENTED_EDGE ( 'NONE', *, *, #163, .T. ) ;
#966 = EDGE_CURVE ( 'NONE', #594, #2796, #443, .T. ) ;
#967 = AXIS2_PLACEMENT_3D ( 'NONE', #65, #968, #1289 ) ;
#968 = DIRECTION ( 'NONE',  ( 0.5877852522924741363, 0.8090169943749466741, -0.000000000000000000 ) ) ;
#969 = EDGE_LOOP ( 'NONE', ( #3416, #239, #2992, #3796 ) ) ;
#970 = CIRCLE ( 'NONE', #3072, 0.5000000000000004441 ) ;
#971 = FACE_OUTER_BOUND ( 'NONE', #969, .T. ) ;
#972 = DIRECTION ( 'NONE',  ( -0.000000000000000000, -0.000000000000000000, 1.000000000000000000 ) ) ;
#973 = AXIS2_PLACEMENT_3D ( 'NONE', #2903, #1961, #213 ) ;
#974 = ORIENTED_EDGE ( 'NONE', *, *, #2635, .F. ) ;
#975 = ORIENTED_EDGE ( 'NONE', *, *, #3412, .F. ) ;
#976 = DIRECTION ( 'NONE',  ( 0.000000000000000000, -0.000000000000000000, 1.000000000000000000 ) ) ;
#977 = VERTEX_POINT ( 'NONE', #1982 ) ;
#978 = PRODUCT_DEFINITION_FORMATION_WITH_SPECIFIED_SOURCE ( 'ANY', '', #2937, .NOT_KNOWN. ) ;
#979 = ORIENTED_EDGE ( 'NONE', *, *, #1111, .T. ) ;
#980 = DIRECTION ( 'NONE',  ( -1.000000000000000000, -0.000000000000000000, -0.000000000000000000 ) ) ;
#981 = LINE ( 'NONE', #1857, #1000 ) ;
#982 = ADVANCED_FACE ( 'NONE', ( #1361 ), #3195, .T. ) ;
#983 = AXIS2_PLACEMENT_3D ( 'NONE', #245, #1477, #2707 ) ;
#984 = DIRECTION ( 'NONE',  ( 1.000000000000000000, 0.000000000000000000, 0.000000000000000000 ) ) ;
#985 = DIRECTION ( 'NONE',  ( 0.000000000000000000, 0.000000000000000000, -1.000000000000000000 ) ) ;
#986 = FACE_OUTER_BOUND ( 'NONE', #2905, .T. ) ;
#987 = EDGE_CURVE ( 'NONE', #2546, #3775, #108, .T. ) ;
#988 = VECTOR ( 'NONE', #264, 1000.000000000000000 ) ;
#989 = ORIENTED_EDGE ( 'NONE', *, *, #304, .T. ) ;
#990 = LINE ( 'NONE', #1163, #1648 ) ;
#991 = DIRECTION ( 'NONE',  ( -0.000000000000000000, 0.000000000000000000, 1.000000000000000000 ) ) ;
#992 = ORIENTED_EDGE ( 'NONE', *, *, #2508, .T. ) ;
#993 = CARTESIAN_POINT ( 'NONE',  ( 38.99999999999999289, 1.000000000000026867, 2.000000000000000000 ) ) ;
#994 = EDGE_CURVE ( 'NONE', #3159, #2875, #3878, .T. ) ;
#995 = ORIENTED_EDGE ( 'NONE', *, *, #2246, .F. ) ;
#996 = ORIENTED_EDGE ( 'NONE', *, *, #2701, .F. ) ;
#997 = DIRECTION ( 'NONE',  ( 0.000000000000000000, -1.000000000000000000, 0.000000000000000000 ) ) ;
#998 = VERTEX_POINT ( 'NONE', #1119 ) ;
#999 = VERTEX_POINT ( 'NONE', #1202 ) ;
#1000 = VECTOR ( 'NONE', #2109, 1000.000000000000000 ) ;
#1001 = DIRECTION ( 'NONE',  ( -1.000000000000000000, 0.000000000000000000, -0.000000000000000000 ) ) ;
#1002 = ORIENTED_EDGE ( 'NONE', *, *, #3031, .T. ) ;
#1003 = CARTESIAN_POINT ( 'NONE',  ( 22.79317070141124191, 3.999999999999997335, -55.78619639847313039 ) ) ;
#1004 = EDGE_CURVE ( 'NONE', #1568, #1443, #297, .T. ) ;
#1005 = VECTOR ( 'NONE', #3697, 1000.000000000000000 ) ;
#1006 = AXIS2_PLACEMENT_3D ( 'NONE', #1500, #1824, #2293 ) ;
#1007 = PERSON_AND_ORGANIZATION_ROLE ( 'design_owner' ) ;
#1008 = CYLINDRICAL_SURFACE ( 'NONE', #1128, 2.000000000000001776 ) ;
#1009 = VERTEX_POINT ( 'NONE', #1137 ) ;
#1010 = DIRECTION ( 'NONE',  ( 0.5000000000000013323, -0.8660254037844378194, 0.000000000000000000 ) ) ;
#1011 = ORIENTED_EDGE ( 'NONE', *, *, #505, .F. ) ;
#1012 = DIRECTION ( 'NONE',  ( 1.000000000000000000, 0.000000000000000000, 0.000000000000000000 ) ) ;
#1013 = CARTESIAN_POINT ( 'NONE',  ( 38.00000000000000000, 0.5000000000000008882, 6.500000000000000888 ) ) ;
#1014 = CARTESIAN_POINT ( 'NONE',  ( 6.157940564039804165, 2.092015807901031366, 6.979519491579701196 ) ) ;
#1015 = VERTEX_POINT ( 'NONE', #2331 ) ;
#1016 = DIRECTION ( 'NONE',  ( -0.000000000000000000, -0.000000000000000000, 1.000000000000000000 ) ) ;
#1017 = ORIENTED_EDGE ( 'NONE', *, *, #3782, .F. ) ;
#1018 = EDGE_CURVE ( 'NONE', #679, #1443, #2280, .T. ) ;
#1019 = ADVANCED_FACE ( 'NONE', ( #837 ), #2002, .T. ) ;
#1020 = DIRECTION ( 'NONE',  ( 1.000000000000000000, -9.621493189941999193E-17, 0.000000000000000000 ) ) ;
#1021 = ORIENTED_EDGE ( 'NONE', *, *, #2096, .T. ) ;
#1022 = VERTEX_POINT ( 'NONE', #3043 ) ;
#1023 = EDGE_CURVE ( 'NONE', #998, #2115, #3537, .T. ) ;
#1024 = LINE ( 'NONE', #77, #815 ) ;
#1025 = CARTESIAN_POINT ( 'NONE',  ( 46.50000000000000000, 0.000000000000000000, 6.500000000000000888 ) ) ;
#1026 = DATE_TIME_ROLE ( 'classification_date' ) ;
#1027 = LINE ( 'NONE', #710, #932 ) ;
#1028 = AXIS2_PLACEMENT_3D ( 'NONE', #2936, #2619, #1095 ) ;
#1029 = DIRECTION ( 'NONE',  ( -1.000000000000000000, -0.000000000000000000, -0.000000000000000000 ) ) ;
#1030 = VECTOR ( 'NONE', #3668, 1000.000000000000000 ) ;
#1031 = FACE_OUTER_BOUND ( 'NONE', #2470, .T. ) ;
#1032 = CARTESIAN_POINT ( 'NONE',  ( 43.00000000000000000, 0.9999999999999991118, 2.000000000000000000 ) ) ;
#1033 = DIRECTION ( 'NONE',  ( -0.3034552433348112754, -0.9528456933274193075, 0.000000000000000000 ) ) ;
#1034 = AXIS2_PLACEMENT_3D ( 'NONE', #871, #611, #2426 ) ;
#1035 = EDGE_LOOP ( 'NONE', ( #1173, #76 ) ) ;
#1036 = CIRCLE ( 'NONE', #3074, 0.9999999999999991118 ) ;
#1037 = DIRECTION ( 'NONE',  ( -6.938893903907222067E-15, 1.000000000000000000, 0.000000000000000000 ) ) ;
#1038 = ORIENTED_EDGE ( 'NONE', *, *, #915, .T. ) ;
#1039 = EDGE_CURVE ( 'NONE', #87, #2165, #3934, .T. ) ;
#1040 = CARTESIAN_POINT ( 'NONE',  ( 8.000000000000000000, 8.000000000000000000, -55.78619639847313039 ) ) ;
#1041 = LINE ( 'NONE', #3498, #2023 ) ;
#1042 = CARTESIAN_POINT ( 'NONE',  ( 40.99999999999999289, 1.301042606982605321E-14, 6.500000000000000888 ) ) ;
#1043 = EDGE_CURVE ( 'NONE', #1878, #11, #2340, .T. ) ;
#1044 = DATE_AND_TIME ( #1365, #3082 ) ;
#1045 = PLANE ( 'NONE',  #1820 ) ;
#1046 = CARTESIAN_POINT ( 'NONE',  ( 46.00000000000000000, 0.9999999999999997780, 0.5000000000000004441 ) ) ;
#1047 = VECTOR ( 'NONE', #3280, 1000.000000000000000 ) ;
#1048 = VERTEX_POINT ( 'NONE', #236 ) ;
#1049 = CARTESIAN_POINT ( 'NONE',  ( 44.00000000000000000, -8.673617379884035472E-16, 2.000000000000000000 ) ) ;
#1050 = DIRECTION ( 'NONE',  ( 1.225217227755425346E-16, -1.000000000000000000, 0.000000000000000000 ) ) ;
#1051 = FACE_OUTER_BOUND ( 'NONE', #6, .T. ) ;
#1052 = ORIENTED_EDGE ( 'NONE', *, *, #1232, .F. ) ;
#1053 = AXIS2_PLACEMENT_3D ( 'NONE', #1442, #3600, #3563 ) ;
#1054 = ORIENTED_EDGE ( 'NONE', *, *, #3529, .T. ) ;
#1055 = ORIENTED_EDGE ( 'NONE', *, *, #1563, .T. ) ;
#1056 = CARTESIAN_POINT ( 'NONE',  ( 40.99999999999999289, 4.999999999999985789, 2.000000000000000000 ) ) ;
#1057 = ORIENTED_EDGE ( 'NONE', *, *, #3698, .F. ) ;
#1058 = DIRECTION ( 'NONE',  ( 1.000000000000000000, 0.000000000000000000, 0.000000000000000000 ) ) ;
#1059 = ORIENTED_EDGE ( 'NONE', *, *, #636, .F. ) ;
#1060 = FACE_OUTER_BOUND ( 'NONE', #2777, .T. ) ;
#1061 = FACE_OUTER_BOUND ( 'NONE', #3792, .T. ) ;
#1062 = VECTOR ( 'NONE', #3763, 1000.000000000000000 ) ;
#1063 = SHAPE_DEFINITION_REPRESENTATION ( #423, #892 ) ;
#1064 = CARTESIAN_POINT ( 'NONE',  ( -1.145790152893387148, 6.398215761095631393, 2.000000000000000000 ) ) ;
#1065 = EDGE_CURVE ( 'NONE', #3674, #7, #1734, .T. ) ;
#1066 = CARTESIAN_POINT ( 'NONE',  ( 40.99999999999999289, 4.999999999999985789, 2.000000000000000000 ) ) ;
#1067 = ADVANCED_FACE ( 'NONE', ( #483 ), #1503, .T. ) ;
#1068 = AXIS2_PLACEMENT_3D ( 'NONE', #2845, #1944, #744 ) ;
#1069 = AXIS2_PLACEMENT_3D ( 'NONE', #2041, #2060, #3019 ) ;
#1070 = CARTESIAN_POINT ( 'NONE',  ( 29.73713444394043037, 0.1909830056250564345, 0.1069243111212871411 ) ) ;
#1071 = FACE_OUTER_BOUND ( 'NONE', #3273, .T. ) ;
#1072 = CARTESIAN_POINT ( 'NONE',  ( 5.999999999999998224, 2.499999999999997335, 7.000000000000000000 ) ) ;
#1073 = AXIS2_PLACEMENT_3D ( 'NONE', #94, #3803, #2906 ) ;
#1074 = ORIENTED_EDGE ( 'NONE', *, *, #3162, .F. ) ;
#1075 = VERTEX_POINT ( 'NONE', #215 ) ;
#1076 = ORIENTED_EDGE ( 'NONE', *, *, #3187, .F. ) ;
#1077 = DIRECTION ( 'NONE',  ( 1.000000000000000000, 0.000000000000000000, 0.000000000000000000 ) ) ;
#1078 = DIRECTION ( 'NONE',  ( -1.000000000000000000, 9.621493189941999193E-17, -0.000000000000000000 ) ) ;
#1079 = DIRECTION ( 'NONE',  ( 0.000000000000000000, -1.000000000000000000, 0.000000000000000000 ) ) ;
#1080 = DIRECTION ( 'NONE',  ( -0.000000000000000000, -0.000000000000000000, 1.000000000000000000 ) ) ;
#1081 =( NAMED_UNIT ( * ) SI_UNIT ( $, .STERADIAN. ) SOLID_ANGLE_UNIT ( ) );
#1082 = DIRECTION ( 'NONE',  ( 0.000000000000000000, -1.000000000000000000, 0.000000000000000000 ) ) ;
#1083 = CARTESIAN_POINT ( 'NONE',  ( 0.000000000000000000, 0.000000000000000000, 9.000000000000000000 ) ) ;
#1084 = CARTESIAN_POINT ( 'NONE',  ( 22.79317070141123480, 5.499999999999998224, 7.000000000000000000 ) ) ;
#1085 = VECTOR ( 'NONE', #398, 1000.000000000000000 ) ;
#1086 = EDGE_CURVE ( 'NONE', #2528, #371, #3860, .T. ) ;
#1087 = CARTESIAN_POINT ( 'NONE',  ( 46.00000000000000000, 4.000000000000000000, 0.5000000000000004441 ) ) ;
#1088 = CARTESIAN_POINT ( 'NONE',  ( 40.99999999999999289, 3.999999999999986233, 2.000000000000000000 ) ) ;
#1089 = LINE ( 'NONE', #3849, #2589 ) ;
#1090 = CIRCLE ( 'NONE', #1211, 1.000000000000000888 ) ;
#1091 = ADVANCED_FACE ( 'NONE', ( #3218 ), #538, .F. ) ;
#1092 = ORIENTED_EDGE ( 'NONE', *, *, #1872, .F. ) ;
#1093 = ORIENTED_EDGE ( 'NONE', *, *, #596, .T. ) ;
#1094 = AXIS2_PLACEMENT_3D ( 'NONE', #1809, #1558, #620 ) ;
#1095 = DIRECTION ( 'NONE',  ( 1.000000000000000000, 0.000000000000000000, 0.000000000000000000 ) ) ;
#1096 = LINE ( 'NONE', #2880, #3205 ) ;
#1097 = AXIS2_PLACEMENT_3D ( 'NONE', #1650, #412, #105 ) ;
#1098 = VERTEX_POINT ( 'NONE', #782 ) ;
#1099 = DIRECTION ( 'NONE',  ( -1.000000000000000000, -0.000000000000000000, -0.000000000000000000 ) ) ;
#1100 = VECTOR ( 'NONE', #487, 1000.000000000000000 ) ;
#1101 = CARTESIAN_POINT ( 'NONE',  ( 38.99999999999999289, 2.688821387764050996E-14, 7.000000000000000000 ) ) ;
#1102 = VERTEX_POINT ( 'NONE', #199 ) ;
#1103 = ADVANCED_FACE ( 'NONE', ( #1695 ), #3237, .T. ) ;
#1104 = LINE ( 'NONE', #2035, #3134 ) ;
#1105 = DIRECTION ( 'NONE',  ( 0.000000000000000000, 0.000000000000000000, 1.000000000000000000 ) ) ;
#1106 = ORIENTED_EDGE ( 'NONE', *, *, #3405, .F. ) ;
#1107 = CARTESIAN_POINT ( 'NONE',  ( -3.361215932167720855, 5.821796769724457477, 0.000000000000000000 ) ) ;
#1108 = CARTESIAN_POINT ( 'NONE',  ( 34.99999999999999289, 5.464378949326942347E-14, 2.000000000000000000 ) ) ;
#1109 = VECTOR ( 'NONE', #1542, 1000.000000000000000 ) ;
#1110 = CARTESIAN_POINT ( 'NONE',  ( -6.499999999999999112, 1.027953169876140053E-17, 0.03895888640391712010 ) ) ;
#1111 = EDGE_CURVE ( 'NONE', #893, #2203, #3880, .T. ) ;
#1112 = EDGE_LOOP ( 'NONE', ( #1769, #3332, #2761, #2408 ) ) ;
#1113 = VERTEX_POINT ( 'NONE', #2315 ) ;
#1114 = EDGE_CURVE ( 'NONE', #2057, #2916, #2016, .T. ) ;
#1115 = PLANE ( 'NONE',  #1028 ) ;
#1116 = EDGE_CURVE ( 'NONE', #3815, #3159, #1, .T. ) ;
#1117 = LINE ( 'NONE', #1040, #467 ) ;
#1118 = ORIENTED_EDGE ( 'NONE', *, *, #1280, .F. ) ;
#1119 = CARTESIAN_POINT ( 'NONE',  ( 34.99999999999999289, 4.999999999999944933, 2.000000000000000000 ) ) ;
#1120 = CARTESIAN_POINT ( 'NONE',  ( 38.99999999999999289, 4.500000000000000888, 6.500000000000000888 ) ) ;
#1121 = B_SPLINE_CURVE_WITH_KNOTS ( 'NONE', 3,
 ( #3343, #3426, #3730, #925, #673, #947, #607, #1266 ),
 .UNSPECIFIED., .F., .F.,
 ( 4, 2, 2, 4 ),
 ( 0.000000000000000000, 0.0006547773502548312648, 0.001309554700509662530, 0.002619109401019325059 ),
 .UNSPECIFIED. ) ;
#1122 = CARTESIAN_POINT ( 'NONE',  ( 29.46753868225365736, 0.3868557918604904611, 3.732567488182893402E-16 ) ) ;
#1123 = EDGE_CURVE ( 'NONE', #2600, #2385, #3666, .T. ) ;
#1124 = CARTESIAN_POINT ( 'NONE',  ( 37.00000000000000000, 4.076600168545496672E-14, 2.000000000000000000 ) ) ;
#1125 = ORIENTED_EDGE ( 'NONE', *, *, #1699, .F. ) ;
#1126 = LINE ( 'NONE', #806, #1301 ) ;
#1127 = CARTESIAN_POINT ( 'NONE',  ( 4.810746594971043354E-17, 0.5000000000000045519, 7.000000000000000000 ) ) ;
#1128 = AXIS2_PLACEMENT_3D ( 'NONE', #1646, #3161, #426 ) ;
#1129 = VECTOR ( 'NONE', #1529, 1000.000000000000000 ) ;
#1130 = PLANE ( 'NONE',  #1239 ) ;
#1131 = ORIENTED_EDGE ( 'NONE', *, *, #1260, .F. ) ;
#1132 = ORIENTED_EDGE ( 'NONE', *, *, #1783, .F. ) ;
#1133 = LINE ( 'NONE', #852, #3631 ) ;
#1134 = LINE ( 'NONE', #271, #1469 ) ;
#1135 = EDGE_CURVE ( 'NONE', #2990, #70, #2469, .T. ) ;
#1136 = ORIENTED_EDGE ( 'NONE', *, *, #678, .F. ) ;
#1137 = CARTESIAN_POINT ( 'NONE',  ( 38.99999999999999289, 4.999999999999972466, 6.500000000000000888 ) ) ;
#1138 = PLANE ( 'NONE',  #3875 ) ;
#1139 = EDGE_LOOP ( 'NONE', ( #525, #91, #1729, #2915 ) ) ;
#1140 = ADVANCED_FACE ( 'NONE', ( #415 ), #88, .T. ) ;
#1141 = DIRECTION ( 'NONE',  ( 0.5877852522924789103, 0.8090169943749433434, 0.000000000000000000 ) ) ;
#1142 = DIRECTION ( 'NONE',  ( 1.000000000000000000, -6.938893903907234689E-15, 0.000000000000000000 ) ) ;
#1143 = DIRECTION ( 'NONE',  ( -0.000000000000000000, -0.000000000000000000, 1.000000000000000000 ) ) ;
#1144 = CYLINDRICAL_SURFACE ( 'NONE', #3179, 0.5000000000000000000 ) ;
#1145 = CARTESIAN_POINT ( 'NONE',  ( 14.93759652688044248, 15.80927079961680626, 0.000000000000000000 ) ) ;
#1146 = ORIENTED_EDGE ( 'NONE', *, *, #2925, .F. ) ;
#1147 = ORIENTED_EDGE ( 'NONE', *, *, #1951, .F. ) ;
#1148 = TOROIDAL_SURFACE ( 'NONE', #2685, 0.5000000000000004441, 0.5000000000000000000 ) ;
#1149 = PLANE ( 'NONE',  #318 ) ;
#1150 = VECTOR ( 'NONE', #3842, 1000.000000000000000 ) ;
#1151 = DIRECTION ( 'NONE',  ( 1.000000000000000000, 1.734723475976808278E-15, 0.000000000000000000 ) ) ;
#1152 = ORIENTED_EDGE ( 'NONE', *, *, #3553, .T. ) ;
#1153 = CARTESIAN_POINT ( 'NONE',  ( -0.8069541746068216170, 9.000000000000001776, 2.000000000000000000 ) ) ;
#1154 = ORIENTED_EDGE ( 'NONE', *, *, #2904, .T. ) ;
#1155 = EDGE_CURVE ( 'NONE', #3472, #1875, #556, .T. ) ;
#1156 = CIRCLE ( 'NONE', #583, 1.000000000000000000 ) ;
#1157 = AXIS2_PLACEMENT_3D ( 'NONE', #2831, #1545, #2744 ) ;
#1158 = CARTESIAN_POINT ( 'NONE',  ( 43.00000000000000000, 4.000000000000000000, 7.000000000000000000 ) ) ;
#1159 = DIRECTION ( 'NONE',  ( 0.000000000000000000, 1.000000000000000000, 0.000000000000000000 ) ) ;
#1160 = ADVANCED_FACE ( 'NONE', ( #3064 ), #698, .T. ) ;
#1161 = EDGE_LOOP ( 'NONE', ( #946, #3083, #3717, #3816, #2984 ) ) ;
#1162 = LINE ( 'NONE', #3543, #475 ) ;
#1163 = CARTESIAN_POINT ( 'NONE',  ( 45.99999999999999289, 5.000000000000000000, -55.78619639847313039 ) ) ;
#1164 = DIRECTION ( 'NONE',  ( -1.000000000000000000, 0.000000000000000000, 0.000000000000000000 ) ) ;
#1165 = EDGE_LOOP ( 'NONE', ( #430, #3620, #3911, #35 ) ) ;
#1166 = CIRCLE ( 'NONE', #2646, 0.5000000000000004441 ) ;
#1167 = ORIENTED_EDGE ( 'NONE', *, *, #1653, .T. ) ;
#1168 = EDGE_CURVE ( 'NONE', #3674, #2582, #1869, .T. ) ;
#1169 = PLANE ( 'NONE',  #2491 ) ;
#1170 = CYLINDRICAL_SURFACE ( 'NONE', #2954, 0.5000000000000001110 ) ;
#1171 = CARTESIAN_POINT ( 'NONE',  ( 36.00000000000000000, 0.5000000000000011102, 7.000000000000000000 ) ) ;
#1172 = VERTEX_POINT ( 'NONE', #2835 ) ;
#1173 = ORIENTED_EDGE ( 'NONE', *, *, #332, .F. ) ;
#1174 = VECTOR ( 'NONE', #3409, 1000.000000000000000 ) ;
#1175 = CARTESIAN_POINT ( 'NONE',  ( 13.99999999999999822, 8.000000000000000000, 7.000000000000000000 ) ) ;
#1176 = CARTESIAN_POINT ( 'NONE',  ( 16.00000000000000000, 8.000000000000000000, 0.000000000000000000 ) ) ;
#1177 = EDGE_CURVE ( 'NONE', #2468, #3471, #928, .T. ) ;
#1178 = LINE ( 'NONE', #2670, #2580 ) ;
#1179 = DIRECTION ( 'NONE',  ( 0.000000000000000000, 0.000000000000000000, 1.000000000000000000 ) ) ;
#1180 = EDGE_CURVE ( 'NONE', #2816, #1256, #3432, .T. ) ;
#1181 = DIRECTION ( 'NONE',  ( 0.000000000000000000, 1.000000000000000000, 0.000000000000000000 ) ) ;
#1182 = EDGE_CURVE ( 'NONE', #3693, #2094, #797, .T. ) ;
#1183 = EDGE_LOOP ( 'NONE', ( #1621, #2184, #2860, #2993, #3924 ) ) ;
#1184 = DIRECTION ( 'NONE',  ( 0.000000000000000000, -0.000000000000000000, -1.000000000000000000 ) ) ;
#1185 = CIRCLE ( 'NONE', #174, 1.000000000000000888 ) ;
#1186 = CYLINDRICAL_SURFACE ( 'NONE', #2245, 1.000000000000000888 ) ;
#1187 = CIRCLE ( 'NONE', #3614, 0.5000000000000004441 ) ;
#1188 = ORIENTED_EDGE ( 'NONE', *, *, #2523, .F. ) ;
#1189 = DIRECTION ( 'NONE',  ( 1.000000000000000000, -9.621493189941999193E-17, 0.000000000000000000 ) ) ;
#1190 = ORIENTED_EDGE ( 'NONE', *, *, #1674, .T. ) ;
#1191 = ORIENTED_EDGE ( 'NONE', *, *, #2425, .F. ) ;
#1192 = DIRECTION ( 'NONE',  ( 1.000000000000000000, 3.305847586396943396E-16, 0.000000000000000000 ) ) ;
#1193 = ORIENTED_EDGE ( 'NONE', *, *, #505, .T. ) ;
#1194 = DIRECTION ( 'NONE',  ( 0.000000000000000000, 0.000000000000000000, -1.000000000000000000 ) ) ;
#1195 = CARTESIAN_POINT ( 'NONE',  ( 4.440485190459278364, 10.00000000000000178, 2.000000000000000000 ) ) ;
#1196 = LINE ( 'NONE', #3035, #3404 ) ;
#1197 = DIRECTION ( 'NONE',  ( 1.000000000000000000, 0.000000000000000000, 0.000000000000000000 ) ) ;
#1198 = CARTESIAN_POINT ( 'NONE',  ( 7.500000000000006217, 5.000000000000000000, 6.499999999999999112 ) ) ;
#1199 = ADVANCED_FACE ( 'NONE', ( #1311 ), #391, .T. ) ;
#1200 = EDGE_LOOP ( 'NONE', ( #472, #1106, #1057, #3395 ) ) ;
#1201 = ORIENTED_EDGE ( 'NONE', *, *, #3483, .T. ) ;
#1202 = CARTESIAN_POINT ( 'NONE',  ( 37.00000000000000000, 1.000000000000040856, 2.000000000000000000 ) ) ;
#1203 = CARTESIAN_POINT ( 'NONE',  ( 38.99999999999999289, 3.999999999999972466, 7.000000000000000000 ) ) ;
#1204 = EDGE_CURVE ( 'NONE', #338, #1462, #351, .T. ) ;
#1205 = VECTOR ( 'NONE', #637, 1000.000000000000000 ) ;
#1206 = DIRECTION ( 'NONE',  ( -7.372574772901422263E-15, 1.000000000000000000, 0.000000000000000000 ) ) ;
#1207 = ORIENTED_EDGE ( 'NONE', *, *, #1428, .T. ) ;
#1208 = PLANE ( 'NONE',  #750 ) ;
#1209 = ORIENTED_EDGE ( 'NONE', *, *, #2952, .T. ) ;
#1210 = ORIENTED_EDGE ( 'NONE', *, *, #2781, .F. ) ;
#1211 = AXIS2_PLACEMENT_3D ( 'NONE', #3430, #2512, #2007 ) ;
#1212 = DIRECTION ( 'NONE',  ( -0.000000000000000000, 0.000000000000000000, 1.000000000000000000 ) ) ;
#1213 = VECTOR ( 'NONE', #1258, 1000.000000000000000 ) ;
#1214 = VERTEX_POINT ( 'NONE', #1934 ) ;
#1215 = DIRECTION ( 'NONE',  ( -0.000000000000000000, -0.000000000000000000, -1.000000000000000000 ) ) ;
#1216 = AXIS2_PLACEMENT_3D ( 'NONE', #2795, #45, #1588 ) ;
#1217 = ADVANCED_FACE ( 'NONE', ( #971 ), #3279, .T. ) ;
#1218 = CARTESIAN_POINT ( 'NONE',  ( 19.00000000000000000, 8.000000000000000000, 0.000000000000000000 ) ) ;
#1219 = CARTESIAN_POINT ( 'NONE',  ( 34.99999999999999289, 1.000000000000054623, 7.000000000000000000 ) ) ;
#1220 = DIRECTION ( 'NONE',  ( -1.000000000000000000, -0.000000000000000000, -0.000000000000000000 ) ) ;
#1221 = CIRCLE ( 'NONE', #660, 0.9999999999999983347 ) ;
#1222 = DIRECTION ( 'NONE',  ( 1.000000000000000000, 0.000000000000000000, 0.000000000000000000 ) ) ;
#1223 = ORIENTED_EDGE ( 'NONE', *, *, #3092, .T. ) ;
#1224 = DIRECTION ( 'NONE',  ( 0.000000000000000000, -1.000000000000000000, 0.000000000000000000 ) ) ;
#1225 = ORIENTED_EDGE ( 'NONE', *, *, #2711, .F. ) ;
#1226 = CARTESIAN_POINT ( 'NONE',  ( 6.283367212722413164, 1.678111617515247955, 6.917836316430249433 ) ) ;
#1227 = ORIENTED_EDGE ( 'NONE', *, *, #3897, .F. ) ;
#1228 = ADVANCED_FACE ( 'NONE', ( #2185 ), #2262, .T. ) ;
#1229 = ORIENTED_EDGE ( 'NONE', *, *, #2400, .F. ) ;
#1230 = ADVANCED_FACE ( 'NONE', ( #2527 ), #2204, .F. ) ;
#1231 = ORGANIZATION ( 'UNSPECIFIED', 'UNSPECIFIED', '' ) ;
#1232 = EDGE_CURVE ( 'NONE', #814, #2105, #3831, .T. ) ;
#1233 = DIRECTION ( 'NONE',  ( 0.000000000000000000, 0.000000000000000000, 1.000000000000000000 ) ) ;
#1234 = ORIENTED_EDGE ( 'NONE', *, *, #2647, .T. ) ;
#1235 = ORIENTED_EDGE ( 'NONE', *, *, #831, .F. ) ;
#1236 = VERTEX_POINT ( 'NONE', #771 ) ;
#1237 = DIRECTION ( 'NONE',  ( 3.305847586396943396E-16, -1.000000000000000000, 0.000000000000000000 ) ) ;
#1238 = DIRECTION ( 'NONE',  ( 1.000000000000000000, 0.000000000000000000, 0.000000000000000000 ) ) ;
#1239 = AXIS2_PLACEMENT_3D ( 'NONE', #546, #2114, #584 ) ;
#1240 = LINE ( 'NONE', #1560, #1345 ) ;
#1241 = EDGE_CURVE ( 'NONE', #1290, #3117, #125, .T. ) ;
#1242 = CARTESIAN_POINT ( 'NONE',  ( -5.513477524899414180E-16, 4.499999999999995559, 0.5000000000000000000 ) ) ;
#1243 = CARTESIAN_POINT ( 'NONE',  ( 38.00000000000000000, 3.999999999999958256, 2.000000000000000000 ) ) ;
#1244 = CARTESIAN_POINT ( 'NONE',  ( 5.999999999999999112, 3.999999999999989786, 7.000000000000000000 ) ) ;
#1245 = ORIENTED_EDGE ( 'NONE', *, *, #3399, .F. ) ;
#1246 = CARTESIAN_POINT ( 'NONE',  ( 11.99999999999999645, 8.000000000000000000, 7.000000000000000000 ) ) ;
#1247 = ORIENTED_EDGE ( 'NONE', *, *, #1272, .F. ) ;
#1248 = CARTESIAN_POINT ( 'NONE',  ( 0.000000000000000000, 0.000000000000000000, 2.000000000000000000 ) ) ;
#1249 = ORIENTED_EDGE ( 'NONE', *, *, #3735, .F. ) ;
#1250 = CARTESIAN_POINT ( 'NONE',  ( 43.00000000000000000, 5.000000000000000000, 2.000000000000000000 ) ) ;
#1251 = CIRCLE ( 'NONE', #360, 1.000000000000000444 ) ;
#1252 = ORIENTED_EDGE ( 'NONE', *, *, #2076, .F. ) ;
#1253 = AXIS2_PLACEMENT_3D ( 'NONE', #600, #1810, #37 ) ;
#1254 = CARTESIAN_POINT ( 'NONE',  ( -0.8069541746068209509, 10.00000000000000000, 7.000000000000000000 ) ) ;
#1255 = EDGE_LOOP ( 'NONE', ( #2051, #2223, #1152, #3366, #369, #2823, #3627, #3110, #2568, #517, #3799, #3455, #1132, #2668, #849, #2359, #672, #793, #1351, #1709, #2700, #1391, #876, #3486 ) ) ;
#1256 = VERTEX_POINT ( 'NONE', #1072 ) ;
#1257 = EDGE_CURVE ( 'NONE', #3073, #2193, #1089, .T. ) ;
#1258 = DIRECTION ( 'NONE',  ( -0.000000000000000000, 1.000000000000000000, -0.000000000000000000 ) ) ;
#1259 = LINE ( 'NONE', #341, #3490 ) ;
#1260 = EDGE_CURVE ( 'NONE', #2115, #2812, #2572, .T. ) ;
#1261 = LINE ( 'NONE', #421, #3065 ) ;
#1262 = CARTESIAN_POINT ( 'NONE',  ( 39.99999999999999289, 1.000000000000026867, 7.000000000000000000 ) ) ;
#1263 = DIRECTION ( 'NONE',  ( 1.000000000000000000, 0.000000000000000000, 0.000000000000000000 ) ) ;
#1264 = DIRECTION ( 'NONE',  ( 1.000000000000000000, 0.000000000000000000, 0.000000000000000000 ) ) ;
#1265 = ORIENTED_EDGE ( 'NONE', *, *, #1653, .F. ) ;
#1266 = CARTESIAN_POINT ( 'NONE',  ( -6.193497006628223112, 1.972459081676275705, 6.499999999999999112 ) ) ;
#1267 = ORIENTED_EDGE ( 'NONE', *, *, #187, .F. ) ;
#1268 = DIRECTION ( 'NONE',  ( 1.000000000000000000, 0.000000000000000000, 0.000000000000000000 ) ) ;
#1269 = ORIENTED_EDGE ( 'NONE', *, *, #2819, .F. ) ;
#1270 = CARTESIAN_POINT ( 'NONE',  ( -6.395831923372726990, 1.170879727579869689, 0.2759684308994369006 ) ) ;
#1271 = VERTEX_POINT ( 'NONE', #1708 ) ;
#1272 = EDGE_CURVE ( 'NONE', #1290, #134, #2267, .T. ) ;
#1273 = ORIENTED_EDGE ( 'NONE', *, *, #2448, .T. ) ;
#1274 = DIRECTION ( 'NONE',  ( 0.000000000000000000, 0.000000000000000000, 1.000000000000000000 ) ) ;
#1275 = ORIENTED_EDGE ( 'NONE', *, *, #2902, .T. ) ;
#1276 = EDGE_LOOP ( 'NONE', ( #3655, #989, #2272, #3022 ) ) ;
#1277 = LINE ( 'NONE', #2807, #1926 ) ;
#1278 = DIRECTION ( 'NONE',  ( -1.000000000000000000, 1.701468756720994179E-16, -0.000000000000000000 ) ) ;
#1279 = VECTOR ( 'NONE', #1461, 1000.000000000000000 ) ;
#1280 = EDGE_CURVE ( 'NONE', #54, #1098, #3813, .T. ) ;
#1281 = VECTOR ( 'NONE', #316, 1000.000000000000000 ) ;
#1282 = LINE ( 'NONE', #2502, #3726 ) ;
#1283 = CARTESIAN_POINT ( 'NONE',  ( 3.171306716775871504, 5.673871139542405295, 7.000000000000000000 ) ) ;
#1284 = ADVANCED_FACE ( 'NONE', ( #2287 ), #810, .T. ) ;
#1285 = ORIENTED_EDGE ( 'NONE', *, *, #163, .F. ) ;
#1286 = CYLINDRICAL_SURFACE ( 'NONE', #2501, 6.499999999999999112 ) ;
#1287 = ORIENTED_EDGE ( 'NONE', *, *, #1123, .T. ) ;
#1288 = AXIS2_PLACEMENT_3D ( 'NONE', #1087, #3184, #449 ) ;
#1289 = DIRECTION ( 'NONE',  ( -0.8090169943749466741, 0.5877852522924741363, 0.000000000000000000 ) ) ;
#1290 = VERTEX_POINT ( 'NONE', #1349 ) ;
#1291 = VECTOR ( 'NONE', #166, 1000.000000000000000 ) ;
#1292 = CARTESIAN_POINT ( 'NONE',  ( 38.00000000000000000, 4.999999999999958256, 2.000000000000000000 ) ) ;
#1293 = EDGE_LOOP ( 'NONE', ( #3863, #3870, #2148, #3342 ) ) ;
#1294 = DIRECTION ( 'NONE',  ( 0.000000000000000000, 0.000000000000000000, -1.000000000000000000 ) ) ;
#1295 = ORIENTED_EDGE ( 'NONE', *, *, #2968, .F. ) ;
#1296 = ORIENTED_EDGE ( 'NONE', *, *, #2876, .F. ) ;
#1297 = EDGE_CURVE ( 'NONE', #2754, #3908, #1974, .T. ) ;
#1298 = DIRECTION ( 'NONE',  ( 0.000000000000000000, -1.000000000000000000, 0.000000000000000000 ) ) ;
#1299 = VERTEX_POINT ( 'NONE', #2616 ) ;
#1300 = VERTEX_POINT ( 'NONE', #3795 ) ;
#1301 = VECTOR ( 'NONE', #2089, 1000.000000000000000 ) ;
#1302 = CARTESIAN_POINT ( 'NONE',  ( 38.99999999999999289, 1.000000000000026867, 7.000000000000000000 ) ) ;
#1303 = FACE_OUTER_BOUND ( 'NONE', #2462, .T. ) ;
#1304 = COORDINATED_UNIVERSAL_TIME_OFFSET ( 5, 30, .AHEAD. ) ;
#1305 = CARTESIAN_POINT ( 'NONE',  ( 43.00000000000000000, 5.000000000000000000, 2.000000000000000000 ) ) ;
#1306 = DIRECTION ( 'NONE',  ( 1.000000000000000000, 0.000000000000000000, -0.000000000000000000 ) ) ;
#1307 = EDGE_LOOP ( 'NONE', ( #2001, #3832, #3373, #2325 ) ) ;
#1308 = ADVANCED_FACE ( 'NONE', ( #1051 ), #107, .F. ) ;
#1309 = DIRECTION ( 'NONE',  ( 0.000000000000000000, 0.000000000000000000, -1.000000000000000000 ) ) ;
#1310 = ORIENTED_EDGE ( 'NONE', *, *, #379, .F. ) ;
#1311 = FACE_OUTER_BOUND ( 'NONE', #1976, .T. ) ;
#1312 = ORIENTED_EDGE ( 'NONE', *, *, #3782, .T. ) ;
#1313 = LINE ( 'NONE', #2187, #196 ) ;
#1314 = EDGE_CURVE ( 'NONE', #2507, #3090, #3091, .T. ) ;
#1315 = EDGE_LOOP ( 'NONE', ( #2747, #1225, #2213, #1911 ) ) ;
#1316 = CARTESIAN_POINT ( 'NONE',  ( 4.440485190459277476, 9.000000000000000000, 2.000000000000000000 ) ) ;
#1317 = VERTEX_POINT ( 'NONE', #3208 ) ;
#1318 = AXIS2_PLACEMENT_3D ( 'NONE', #2220, #1604, #766 ) ;
#1319 = VECTOR ( 'NONE', #3722, 1000.000000000000000 ) ;
#1320 = CARTESIAN_POINT ( 'NONE',  ( 34.99999999999999289, 4.999999999999944933, 2.000000000000000000 ) ) ;
#1321 = DIRECTION ( 'NONE',  ( 1.000000000000000000, -9.621493189941999193E-17, 0.000000000000000000 ) ) ;
#1322 = CIRCLE ( 'NONE', #1898, 6.499999999999999112 ) ;
#1323 = AXIS2_PLACEMENT_3D ( 'NONE', #500, #3555, #609 ) ;
#1324 = PERSON_AND_ORGANIZATION_ROLE ( 'classification_officer' ) ;
#1325 = CARTESIAN_POINT ( 'NONE',  ( -6.193497006628223112, 1.972459081676275705, -55.78619639847313039 ) ) ;
#1326 = CARTESIAN_POINT ( 'NONE',  ( 34.99999999999999289, 4.999999999999944933, 7.000000000000000000 ) ) ;
#1327 = CARTESIAN_POINT ( 'NONE',  ( 7.499999999999999112, 4.000000000000000000, -55.78619639847313039 ) ) ;
#1328 = DIRECTION ( 'NONE',  ( 0.000000000000000000, -0.000000000000000000, -1.000000000000000000 ) ) ;
#1329 = DIRECTION ( 'NONE',  ( -0.000000000000000000, -0.000000000000000000, 1.000000000000000000 ) ) ;
#1330 = VERTEX_POINT ( 'NONE', #476 ) ;
#1331 = LINE ( 'NONE', #2611, #2239 ) ;
#1332 = EDGE_CURVE ( 'NONE', #684, #2253, #3169, .T. ) ;
#1333 = EDGE_LOOP ( 'NONE', ( #1823, #2070, #2674, #1617 ) ) ;
#1334 = ORIENTED_EDGE ( 'NONE', *, *, #1018, .F. ) ;
#1335 = EDGE_CURVE ( 'NONE', #3824, #2445, #2549, .T. ) ;
#1336 = DIRECTION ( 'NONE',  ( -0.000000000000000000, 0.000000000000000000, 1.000000000000000000 ) ) ;
#1337 = ORIENTED_EDGE ( 'NONE', *, *, #1688, .T. ) ;
#1338 = CARTESIAN_POINT ( 'NONE',  ( 39.99999999999999289, 4.500000000000000888, 6.500000000000000888 ) ) ;
#1339 = DIRECTION ( 'NONE',  ( -0.000000000000000000, 0.000000000000000000, 1.000000000000000000 ) ) ;
#1340 = LINE ( 'NONE', #3220, #2138 ) ;
#1341 = PERSON_AND_ORGANIZATION ( #3608, #1231 ) ;
#1342 = CARTESIAN_POINT ( 'NONE',  ( 44.00000000000000000, 0.9999999999999991118, 2.000000000000000000 ) ) ;
#1343 = AXIS2_PLACEMENT_3D ( 'NONE', #3512, #2918, #3548 ) ;
#1344 = LINE ( 'NONE', #3144, #3785 ) ;
#1345 = VECTOR ( 'NONE', #959, 1000.000000000000000 ) ;
#1346 = ORIENTED_EDGE ( 'NONE', *, *, #29, .T. ) ;
#1347 = CYLINDRICAL_SURFACE ( 'NONE', #137, 0.4999999999999998890 ) ;
#1348 = DIRECTION ( 'NONE',  ( 1.000000000000000000, -3.469446951953611033E-15, 0.000000000000000000 ) ) ;
#1349 = CARTESIAN_POINT ( 'NONE',  ( 43.00000000000000000, 0.9999999999999991118, 2.000000000000000000 ) ) ;
#1350 = CIRCLE ( 'NONE', #263, 0.9999999999999993339 ) ;
#1351 = ORIENTED_EDGE ( 'NONE', *, *, #3806, .T. ) ;
#1352 = AXIS2_PLACEMENT_3D ( 'NONE', #1886, #1950, #3465 ) ;
#1353 = VERTEX_POINT ( 'NONE', #1110 ) ;
#1354 = VECTOR ( 'NONE', #2722, 1000.000000000000000 ) ;
#1355 = CARTESIAN_POINT ( 'NONE',  ( 4.440485190459277476, 9.000000000000000000, 2.000000000000000000 ) ) ;
#1356 = ORIENTED_EDGE ( 'NONE', *, *, #2329, .T. ) ;
#1357 = EDGE_CURVE ( 'NONE', #2729, #3413, #792, .T. ) ;
#1358 = CARTESIAN_POINT ( 'NONE',  ( 46.50000000000000000, 1.000000000000007105, 7.000000000000000000 ) ) ;
#1359 = EDGE_CURVE ( 'NONE', #2232, #2385, #1404, .T. ) ;
#1360 = ORIENTED_EDGE ( 'NONE', *, *, #229, .T. ) ;
#1361 = FACE_OUTER_BOUND ( 'NONE', #2252, .T. ) ;
#1362 = ORIENTED_EDGE ( 'NONE', *, *, #1920, .T. ) ;
#1363 = CARTESIAN_POINT ( 'NONE',  ( 41.99999999999999289, 4.810746594970999843E-16, 6.499999999999999112 ) ) ;
#1364 = AXIS2_PLACEMENT_3D ( 'NONE', #3941, #3018, #283 ) ;
#1365 = CALENDAR_DATE ( 2026, 28, 7 ) ;
#1366 = CARTESIAN_POINT ( 'NONE',  ( 30.12311847394740383, 0.01503140627292321244, 0.3572360965586210413 ) ) ;
#1367 = PLANE ( 'NONE',  #265 ) ;
#1368 = DIRECTION ( 'NONE',  ( 1.000000000000000000, 0.000000000000000000, 0.000000000000000000 ) ) ;
#1369 = LINE ( 'NONE', #2592, #2401 ) ;
#1370 = CARTESIAN_POINT ( 'NONE',  ( 43.00000000000000000, -8.673617379884035472E-16, 2.000000000000000000 ) ) ;
#1371 = TOROIDAL_SURFACE ( 'NONE', #738, 1.500000000000000222, 0.5000000000000000000 ) ;
#1372 = EDGE_LOOP ( 'NONE', ( #2347, #1523, #3914, #802 ) ) ;
#1373 = ORIENTED_EDGE ( 'NONE', *, *, #1573, .T. ) ;
#1374 = CARTESIAN_POINT ( 'NONE',  ( 37.00000000000000000, 0.5000000000000009992, 6.500000000000000888 ) ) ;
#1375 = ORIENTED_EDGE ( 'NONE', *, *, #2928, .T. ) ;
#1376 = DIRECTION ( 'NONE',  ( 1.000000000000000000, 0.000000000000000000, 0.000000000000000000 ) ) ;
#1377 = DIRECTION ( 'NONE',  ( 0.000000000000000000, 0.000000000000000000, 1.000000000000000000 ) ) ;
#1378 = CYLINDRICAL_SURFACE ( 'NONE', #38, 0.5000000000000000000 ) ;
#1379 = EDGE_CURVE ( 'NONE', #3225, #53, #2633, .T. ) ;
#1380 = AXIS2_PLACEMENT_3D ( 'NONE', #3379, #2724, #322 ) ;
#1381 = CIRCLE ( 'NONE', #3606, 0.5000000000000004441 ) ;
#1382 = DATE_AND_TIME ( #3764, #1741 ) ;
#1383 = FACE_OUTER_BOUND ( 'NONE', #1424, .T. ) ;
#1384 = DIRECTION ( 'NONE',  ( 1.000000000000000000, 0.000000000000000000, 0.000000000000000000 ) ) ;
#1385 = EDGE_CURVE ( 'NONE', #1833, #889, #736, .T. ) ;
#1386 = VECTOR ( 'NONE', #1215, 1000.000000000000000 ) ;
#1387 = EDGE_LOOP ( 'NONE', ( #1635, #931, #2878, #2431 ) ) ;
#1388 = FACE_OUTER_BOUND ( 'NONE', #2842, .T. ) ;
#1389 = DIRECTION ( 'NONE',  ( 1.000000000000000000, 0.000000000000000000, 0.000000000000000000 ) ) ;
#1390 = DIRECTION ( 'NONE',  ( -0.000000000000000000, -1.000000000000000000, -0.000000000000000000 ) ) ;
#1391 = ORIENTED_EDGE ( 'NONE', *, *, #1841, .T. ) ;
#1392 = ORIENTED_EDGE ( 'NONE', *, *, #622, .F. ) ;
#1393 = LINE ( 'NONE', #3249, #887 ) ;
#1394 = ADVANCED_FACE ( 'NONE', ( #2871 ), #1371, .T. ) ;
#1395 = CARTESIAN_POINT ( 'NONE',  ( 6.071796769724521425, 11.50000000000000000, 6.499999999999999112 ) ) ;
#1396 = DIRECTION ( 'NONE',  ( 1.000000000000000000, 0.000000000000000000, 0.000000000000000000 ) ) ;
#1397 = CARTESIAN_POINT ( 'NONE',  ( 0.000000000000000000, 0.000000000000000000, 9.000000000000000000 ) ) ;
#1398 = EDGE_CURVE ( 'NONE', #1458, #306, #3922, .T. ) ;
#1399 = PLANE ( 'NONE',  #2048 ) ;
#1400 = VECTOR ( 'NONE', #3817, 1000.000000000000000 ) ;
#1401 = EDGE_CURVE ( 'NONE', #2451, #3907, #2967, .T. ) ;
#1402 = LINE ( 'NONE', #1107, #3014 ) ;
#1403 = CARTESIAN_POINT ( 'NONE',  ( 31.84150274188694851, 4.499999999999999112, 0.5000000000000000000 ) ) ;
#1404 = LINE ( 'NONE', #3489, #20 ) ;
#1405 = CIRCLE ( 'NONE', #515, 0.5000000000000004441 ) ;
#1406 = ORIENTED_EDGE ( 'NONE', *, *, #2612, .T. ) ;
#1407 = ORIENTED_EDGE ( 'NONE', *, *, #1004, .T. ) ;
#1408 = AXIS2_PLACEMENT_3D ( 'NONE', #3915, #1718, #203 ) ;
#1409 = DIRECTION ( 'NONE',  ( 0.000000000000000000, 0.000000000000000000, 1.000000000000000000 ) ) ;
#1410 = ADVANCED_FACE ( 'NONE', ( #2063 ), #2713, .T. ) ;
#1411 = CARTESIAN_POINT ( 'NONE',  ( -0.8069541746068209509, 10.00000000000000000, 2.000000000000000000 ) ) ;
#1412 = AXIS2_PLACEMENT_3D ( 'NONE', #1429, #3604, #3876 ) ;
#1413 = DIRECTION ( 'NONE',  ( -0.000000000000000000, -0.000000000000000000, 1.000000000000000000 ) ) ;
#1414 = AXIS2_PLACEMENT_3D ( 'NONE', #923, #945, #2179 ) ;
#1415 = DIRECTION ( 'NONE',  ( 1.000000000000000000, 0.000000000000000000, 0.000000000000000000 ) ) ;
#1416 = LINE ( 'NONE', #3539, #3967 ) ;
#1417 = CARTESIAN_POINT ( 'NONE',  ( 46.00000000000000000, 4.000000000000000000, 6.499999999999999112 ) ) ;
#1418 = CIRCLE ( 'NONE', #3852, 6.499999999999999112 ) ;
#1419 = DIRECTION ( 'NONE',  ( -0.000000000000000000, 0.000000000000000000, 1.000000000000000000 ) ) ;
#1420 = DIRECTION ( 'NONE',  ( -1.000000000000000000, 9.621493189941999193E-17, 0.000000000000000000 ) ) ;
#1421 = AXIS2_PLACEMENT_3D ( 'NONE', #1723, #2998, #1794 ) ;
#1422 = DIRECTION ( 'NONE',  ( 1.000000000000000000, 0.000000000000000000, 0.000000000000000000 ) ) ;
#1423 = ADVANCED_FACE ( 'NONE', ( #2091 ), #1130, .F. ) ;
#1424 = EDGE_LOOP ( 'NONE', ( #635, #2684, #1679, #3123 ) ) ;
#1425 = EDGE_LOOP ( 'NONE', ( #1786, #126, #1531, #533 ) ) ;
#1426 = CYLINDRICAL_SURFACE ( 'NONE', #644, 0.5000000000000000000 ) ;
#1427 = AXIS2_PLACEMENT_3D ( 'NONE', #192, #1992, #2027 ) ;
#1428 = EDGE_CURVE ( 'NONE', #2596, #2861, #3580, .T. ) ;
#1429 = CARTESIAN_POINT ( 'NONE',  ( 47.00000000000000000, 0.000000000000000000, -55.78619639847313039 ) ) ;
#1430 = ORIENTED_EDGE ( 'NONE', *, *, #681, .T. ) ;
#1431 = DIRECTION ( 'NONE',  ( -0.000000000000000000, -0.000000000000000000, 1.000000000000000000 ) ) ;
#1432 = CARTESIAN_POINT ( 'NONE',  ( 39.99999999999999289, 4.999999999999972466, 2.000000000000000000 ) ) ;
#1433 = EDGE_LOOP ( 'NONE', ( #924, #2403, #1430, #3846 ) ) ;
#1434 = CARTESIAN_POINT ( 'NONE',  ( 39.99999999999999289, 4.500000000000000888, 7.000000000000000000 ) ) ;
#1435 = CARTESIAN_POINT ( 'NONE',  ( 7.500000000000008882, 5.500000000000000000, 6.500000000000000888 ) ) ;
#1436 = CIRCLE ( 'NONE', #2270, 1.000000000000000888 ) ;
#1437 = ORIENTED_EDGE ( 'NONE', *, *, #2282, .T. ) ;
#1438 = FACE_OUTER_BOUND ( 'NONE', #2930, .T. ) ;
#1439 = DIRECTION ( 'NONE',  ( 1.000000000000000000, -9.621493189941999193E-17, 0.000000000000000000 ) ) ;
#1440 = VECTOR ( 'NONE', #2608, 1000.000000000000000 ) ;
#1441 = VECTOR ( 'NONE', #1538, 1000.000000000000000 ) ;
#1442 = CARTESIAN_POINT ( 'NONE',  ( -1.322065561030832281, 7.382556647418032192, 2.000000000000000000 ) ) ;
#1443 = VERTEX_POINT ( 'NONE', #3943 ) ;
#1444 = VECTOR ( 'NONE', #3642, 1000.000000000000000 ) ;
#1445 = ORIENTED_EDGE ( 'NONE', *, *, #1446, .F. ) ;
#1446 = EDGE_CURVE ( 'NONE', #371, #1256, #3476, .T. ) ;
#1447 = CARTESIAN_POINT ( 'NONE',  ( 36.00000000000000000, 3.999999999999944489, 2.000000000000000000 ) ) ;
#1448 = LINE ( 'NONE', #2676, #3069 ) ;
#1449 = ADVANCED_FACE ( 'NONE', ( #3869 ), #1726, .F. ) ;
#1450 = VERTEX_POINT ( 'NONE', #1198 ) ;
#1451 = FACE_OUTER_BOUND ( 'NONE', #739, .T. ) ;
#1452 = ORIENTED_EDGE ( 'NONE', *, *, #2273, .F. ) ;
#1453 = DIRECTION ( 'NONE',  ( -1.000000000000000000, -0.000000000000000000, -0.000000000000000000 ) ) ;
#1454 = FACE_OUTER_BOUND ( 'NONE', #3153, .T. ) ;
#1455 = FACE_OUTER_BOUND ( 'NONE', #12, .T. ) ;
#1456 = PLANE ( 'NONE',  #1069 ) ;
#1457 = CYLINDRICAL_SURFACE ( 'NONE', #3581, 6.499999999999999112 ) ;
#1458 = VERTEX_POINT ( 'NONE', #3886 ) ;
#1459 = ORIENTED_EDGE ( 'NONE', *, *, #1359, .F. ) ;
#1460 = CIRCLE ( 'NONE', #3255, 1.500000000000000444 ) ;
#1461 = DIRECTION ( 'NONE',  ( -0.000000000000000000, -1.000000000000000000, -0.000000000000000000 ) ) ;
#1462 = VERTEX_POINT ( 'NONE', #2343 ) ;
#1463 = AXIS2_PLACEMENT_3D ( 'NONE', #858, #3293, #1141 ) ;
#1464 = DIRECTION ( 'NONE',  ( 1.000000000000000000, 0.000000000000000000, 0.000000000000000000 ) ) ;
#1465 = EDGE_LOOP ( 'NONE', ( #2304, #2082, #3230, #1296, #2524 ) ) ;
#1466 = DIRECTION ( 'NONE',  ( 1.000000000000000000, 1.156482317317871133E-15, 0.000000000000000000 ) ) ;
#1467 = ORIENTED_EDGE ( 'NONE', *, *, #2938, .T. ) ;
#1468 = ADVANCED_FACE ( 'NONE', ( #532 ), #2399, .T. ) ;
#1469 = VECTOR ( 'NONE', #3307, 1000.000000000000000 ) ;
#1470 = EDGE_CURVE ( 'NONE', #1048, #2604, #563, .T. ) ;
#1471 = CIRCLE ( 'NONE', #3263, 0.4999999999999989453 ) ;
#1472 = DIRECTION ( 'NONE',  ( 1.000000000000000000, 0.000000000000000000, 0.000000000000000000 ) ) ;
#1473 = CARTESIAN_POINT ( 'NONE',  ( 38.99999999999999289, 1.000000000000026867, 7.000000000000000000 ) ) ;
#1474 = VECTOR ( 'NONE', #179, 1000.000000000000000 ) ;
#1475 = EDGE_CURVE ( 'NONE', #1889, #1236, #1759, .T. ) ;
#1476 = CARTESIAN_POINT ( 'NONE',  ( 6.071796769724523202, 11.50000000000000178, 7.000000000000000000 ) ) ;
#1477 = DIRECTION ( 'NONE',  ( 0.000000000000000000, 0.000000000000000000, 1.000000000000000000 ) ) ;
#1478 = CARTESIAN_POINT ( 'NONE',  ( 22.79317070141123835, 4.999999999999997335, -55.78619639847313039 ) ) ;
#1479 = CIRCLE ( 'NONE', #3589, 0.5000000000000000000 ) ;
#1480 = VERTEX_POINT ( 'NONE', #225 ) ;
#1481 = CARTESIAN_POINT ( 'NONE',  ( 6.071796769724517873, 13.00000000000000178, 7.000000000000000000 ) ) ;
#1482 = ORIENTED_EDGE ( 'NONE', *, *, #1688, .F. ) ;
#1483 = CARTESIAN_POINT ( 'NONE',  ( 6.499999999999999112, 3.999999999999993339, 6.499999999999999112 ) ) ;
#1484 = ORIENTED_EDGE ( 'NONE', *, *, #2235, .T. ) ;
#1485 = CARTESIAN_POINT ( 'NONE',  ( -6.193497006628223112, 1.972459081676275705, 0.5000000000000004441 ) ) ;
#1486 = ORIENTED_EDGE ( 'NONE', *, *, #410, .F. ) ;
#1487 = ORIENTED_EDGE ( 'NONE', *, *, #1697, .F. ) ;
#1488 = VECTOR ( 'NONE', #830, 1000.000000000000000 ) ;
#1489 = FACE_OUTER_BOUND ( 'NONE', #2044, .T. ) ;
#1490 = CARTESIAN_POINT ( 'NONE',  ( 10.36474508437581576, 14.26584774442731351, -55.78619639847313039 ) ) ;
#1491 = EDGE_CURVE ( 'NONE', #2535, #594, #480, .T. ) ;
#1492 = DIRECTION ( 'NONE',  ( 1.000000000000000000, -9.621493189941999193E-17, 0.000000000000000000 ) ) ;
#1493 = DIRECTION ( 'NONE',  ( 0.000000000000000000, 0.000000000000000000, 1.000000000000000000 ) ) ;
#1494 = DIRECTION ( 'NONE',  ( 0.000000000000000000, 1.000000000000000000, -0.000000000000000000 ) ) ;
#1495 = EDGE_CURVE ( 'NONE', #1576, #1102, #2983, .T. ) ;
#1496 = CYLINDRICAL_SURFACE ( 'NONE', #1157, 0.5000000000000004441 ) ;
#1497 = ORIENTED_EDGE ( 'NONE', *, *, #269, .T. ) ;
#1498 = AXIS2_PLACEMENT_3D ( 'NONE', #3180, #1661, #142 ) ;
#1499 = ORIENTED_EDGE ( 'NONE', *, *, #3837, .T. ) ;
#1500 = CARTESIAN_POINT ( 'NONE',  ( 38.99999999999999289, 0.5000000000000007772, 6.500000000000000888 ) ) ;
#1501 = CARTESIAN_POINT ( 'NONE',  ( 7.500000000000006217, 5.000000000000000000, 0.000000000000000000 ) ) ;
#1502 = VECTOR ( 'NONE', #1105, 1000.000000000000000 ) ;
#1503 = TOROIDAL_SURFACE ( 'NONE', #1828, 0.4999999999999993339, 0.5000000000000000000 ) ;
#1504 = CARTESIAN_POINT ( 'NONE',  ( 31.84150274188694141, 5.999999999999998224, -55.78619639847313039 ) ) ;
#1505 = ORIENTED_EDGE ( 'NONE', *, *, #3857, .T. ) ;
#1506 = CARTESIAN_POINT ( 'NONE',  ( 3.000000000000000444, 3.673940397442060361E-16, 9.000000000000000000 ) ) ;
#1507 = ORIENTED_EDGE ( 'NONE', *, *, #1697, .T. ) ;
#1508 = ADVANCED_FACE ( 'NONE', ( #246 ), #1457, .T. ) ;
#1509 = EDGE_LOOP ( 'NONE', ( #2639, #3272, #1406, #702 ) ) ;
#1510 = ORIENTED_EDGE ( 'NONE', *, *, #2189, .T. ) ;
#1511 = DIRECTION ( 'NONE',  ( -1.000000000000000000, -1.225217227755426578E-16, 0.000000000000000000 ) ) ;
#1512 = ORIENTED_EDGE ( 'NONE', *, *, #482, .T. ) ;
#1513 = CYLINDRICAL_SURFACE ( 'NONE', #364, 1.000000000000000888 ) ;
#1514 = FACE_OUTER_BOUND ( 'NONE', #2510, .T. ) ;
#1515 = CC_DESIGN_PERSON_AND_ORGANIZATION_ASSIGNMENT ( #729, #2587, ( #818 ) ) ;
#1516 = CARTESIAN_POINT ( 'NONE',  ( 2.382114233318553875, -0.7586381083370300482, 2.000000000000000000 ) ) ;
#1517 = DIRECTION ( 'NONE',  ( 2.168404344971013552E-16, 1.000000000000000000, 0.000000000000000000 ) ) ;
#1518 = FACE_OUTER_BOUND ( 'NONE', #2538, .T. ) ;
#1519 = EDGE_CURVE ( 'NONE', #2209, #999, #3637, .T. ) ;
#1520 = VERTEX_POINT ( 'NONE', #2383 ) ;
#1521 = ADVANCED_FACE ( 'NONE', ( #285 ), #1496, .T. ) ;
#1522 = FACE_OUTER_BOUND ( 'NONE', #2104, .T. ) ;
#1523 = ORIENTED_EDGE ( 'NONE', *, *, #3102, .F. ) ;
#1524 = DIRECTION ( 'NONE',  ( 9.621493189942000426E-17, 1.000000000000000000, 0.000000000000000000 ) ) ;
#1525 = EDGE_LOOP ( 'NONE', ( #3002, #658, #715, #1797 ) ) ;
#1526 = CARTESIAN_POINT ( 'NONE',  ( 6.499999999999998224, -1.409462824231158525E-15, -55.78619639847313039 ) ) ;
#1527 = VECTOR ( 'NONE', #1020, 1000.000000000000000 ) ;
#1528 = EDGE_LOOP ( 'NONE', ( #1059, #3454, #2775, #2159 ) ) ;
#1529 = DIRECTION ( 'NONE',  ( 0.000000000000000000, 0.000000000000000000, 1.000000000000000000 ) ) ;
#1530 = EDGE_LOOP ( 'NONE', ( #48, #2578, #1843, #2190, #1497, #3605 ) ) ;
#1531 = ORIENTED_EDGE ( 'NONE', *, *, #2182, .F. ) ;
#1532 = VECTOR ( 'NONE', #667, 1000.000000000000000 ) ;
#1533 = EDGE_CURVE ( 'NONE', #287, #2029, #693, .T. ) ;
#1534 = ORIENTED_EDGE ( 'NONE', *, *, #3351, .F. ) ;
#1535 = ORIENTED_EDGE ( 'NONE', *, *, #1470, .F. ) ;
#1536 = DIRECTION ( 'NONE',  ( -0.000000000000000000, -0.000000000000000000, -1.000000000000000000 ) ) ;
#1537 = EDGE_LOOP ( 'NONE', ( #2718, #28, #272, #2064 ) ) ;
#1538 = DIRECTION ( 'NONE',  ( -1.000000000000000000, -1.225217227755426578E-16, 0.000000000000000000 ) ) ;
#1539 = VECTOR ( 'NONE', #3466, 1000.000000000000000 ) ;
#1540 = AXIS2_PLACEMENT_3D ( 'NONE', #1046, #2565, #712 ) ;
#1541 = CARTESIAN_POINT ( 'NONE',  ( 30.32491969623290728, 1.000000000000001776, 6.499999999999999112 ) ) ;
#1542 = DIRECTION ( 'NONE',  ( -0.000000000000000000, -0.000000000000000000, 1.000000000000000000 ) ) ;
#1543 = CARTESIAN_POINT ( 'NONE',  ( 5.999999999999998224, -1.301042606982607885E-15, 7.000000000000000000 ) ) ;
#1544 = CIRCLE ( 'NONE', #333, 0.5000000000000004441 ) ;
#1545 = DIRECTION ( 'NONE',  ( 2.168404344971013552E-16, 1.000000000000000000, 0.000000000000000000 ) ) ;
#1546 = PLANE ( 'NONE',  #1216 ) ;
#1547 = FACE_OUTER_BOUND ( 'NONE', #3350, .T. ) ;
#1548 = DIRECTION ( 'NONE',  ( -0.8660254037844379305, -0.5000000000000014433, 0.000000000000000000 ) ) ;
#1549 = EDGE_LOOP ( 'NONE', ( #32, #130, #354, #1711 ) ) ;
#1550 = CARTESIAN_POINT ( 'NONE',  ( 6.499999999999998224, 1.443344142121325017E-15, 6.499999999999999112 ) ) ;
#1551 = ADVANCED_FACE ( 'NONE', ( #1518 ), #1286, .T. ) ;
#1552 = EDGE_LOOP ( 'NONE', ( #2759, #3406 ) ) ;
#1553 = CC_DESIGN_APPROVAL ( #3495, ( #3470 ) ) ;
#1554 = EDGE_CURVE ( 'NONE', #2468, #1802, #1859, .T. ) ;
#1555 = DIRECTION ( 'NONE',  ( 1.000000000000000000, 0.000000000000000000, -0.000000000000000000 ) ) ;
#1556 = ORIENTED_EDGE ( 'NONE', *, *, #1788, .T. ) ;
#1557 = VERTEX_POINT ( 'NONE', #2506 ) ;
#1558 = DIRECTION ( 'NONE',  ( -0.000000000000000000, 1.000000000000000000, 0.000000000000000000 ) ) ;
#1559 = FACE_OUTER_BOUND ( 'NONE', #3778, .T. ) ;
#1560 = CARTESIAN_POINT ( 'NONE',  ( 34.99999999999999289, 5.464378949326942347E-14, 2.000000000000000000 ) ) ;
#1561 = DIRECTION ( 'NONE',  ( 0.000000000000000000, 0.000000000000000000, 1.000000000000000000 ) ) ;
#1562 = CARTESIAN_POINT ( 'NONE',  ( 40.99999999999999289, 4.500000000000000888, 6.500000000000000888 ) ) ;
#1563 = EDGE_CURVE ( 'NONE', #2582, #1299, #465, .T. ) ;
#1564 = ORIENTED_EDGE ( 'NONE', *, *, #3278, .F. ) ;
#1565 = CARTESIAN_POINT ( 'NONE',  ( 9.999999999999998224, 8.000000000000000000, 0.000000000000000000 ) ) ;
#1566 = VERTEX_POINT ( 'NONE', #2811 ) ;
#1567 = CARTESIAN_POINT ( 'NONE',  ( 6.499999999999998224, 1.443344142121325017E-15, 6.499999999999999112 ) ) ;
#1568 = VERTEX_POINT ( 'NONE', #3341 ) ;
#1569 = CARTESIAN_POINT ( 'NONE',  ( 30.95982486344823315, 4.786474508437577491, 0.000000000000000000 ) ) ;
#1570 = ORIENTED_EDGE ( 'NONE', *, *, #3529, .F. ) ;
#1571 = CIRCLE ( 'NONE', #1253, 0.5000000000000004441 ) ;
#1572 = EDGE_LOOP ( 'NONE', ( #499, #334, #183, #3194 ) ) ;
#1573 = EDGE_CURVE ( 'NONE', #114, #2729, #783, .T. ) ;
#1574 = AXIS2_PLACEMENT_3D ( 'NONE', #1490, #3560, #826 ) ;
#1575 = LINE ( 'NONE', #1850, #2234 ) ;
#1576 = VERTEX_POINT ( 'NONE', #3099 ) ;
#1577 = ORIENTED_EDGE ( 'NONE', *, *, #2382, .T. ) ;
#1578 = ADVANCED_FACE ( 'NONE', ( #986 ), #1585, .T. ) ;
#1579 = ORIENTED_EDGE ( 'NONE', *, *, #2461, .F. ) ;
#1580 = VECTOR ( 'NONE', #726, 1000.000000000000000 ) ;
#1581 = CARTESIAN_POINT ( 'NONE',  ( -2.268984724868938319, 11.50000000000000000, 0.000000000000000000 ) ) ;
#1582 = DIRECTION ( 'NONE',  ( -0.000000000000000000, -0.000000000000000000, 1.000000000000000000 ) ) ;
#1583 = DIRECTION ( 'NONE',  ( -1.000000000000000000, -0.000000000000000000, -0.000000000000000000 ) ) ;
#1584 = CARTESIAN_POINT ( 'NONE',  ( -2.268984724868935654, 12.00000000000000000, 6.499999999999999112 ) ) ;
#1585 = PLANE ( 'NONE',  #1414 ) ;
#1586 = EDGE_CURVE ( 'NONE', #908, #2440, #3646, .T. ) ;
#1587 = ORIENTED_EDGE ( 'NONE', *, *, #2476, .F. ) ;
#1588 = DIRECTION ( 'NONE',  ( 0.000000000000000000, -0.000000000000000000, -1.000000000000000000 ) ) ;
#1589 = PLANE ( 'NONE',  #2598 ) ;
#1590 = CARTESIAN_POINT ( 'NONE',  ( 6.448838807588545663, 0.8407398481669785539, 6.728158413833387641 ) ) ;
#1591 = ORIENTED_EDGE ( 'NONE', *, *, #560, .F. ) ;
#1592 = DIRECTION ( 'NONE',  ( 1.000000000000000000, 0.000000000000000000, 0.000000000000000000 ) ) ;
#1593 = ORIENTED_EDGE ( 'NONE', *, *, #844, .T. ) ;
#1594 = VERTEX_POINT ( 'NONE', #2769 ) ;
#1595 = CARTESIAN_POINT ( 'NONE',  ( 31.84150274188694851, 4.999999999999998224, 6.499999999999999112 ) ) ;
#1596 = VERTEX_POINT ( 'NONE', #1605 ) ;
#1597 = VECTOR ( 'NONE', #249, 1000.000000000000000 ) ;
#1598 = CARTESIAN_POINT ( 'NONE',  ( -3.000000000000000444, 0.000000000000000000, 0.000000000000000000 ) ) ;
#1599 = LINE ( 'NONE', #3937, #1005 ) ;
#1600 = VECTOR ( 'NONE', #26, 1000.000000000000000 ) ;
#1601 = ADVANCED_FACE ( 'NONE', ( #305, #3683 ), #628, .T. ) ;
#1602 = ADVANCED_FACE ( 'NONE', ( #605 ), #3966, .T. ) ;
#1603 = VECTOR ( 'NONE', #3095, 1000.000000000000000 ) ;
#1604 = DIRECTION ( 'NONE',  ( 0.000000000000000000, -0.000000000000000000, -1.000000000000000000 ) ) ;
#1605 = CARTESIAN_POINT ( 'NONE',  ( 44.00000000000000000, 0.9999999999999991118, 2.000000000000000000 ) ) ;
#1606 = ADVANCED_FACE ( 'NONE', ( #2135 ), #2158, .T. ) ;
#1607 = ORIENTED_EDGE ( 'NONE', *, *, #3058, .F. ) ;
#1608 = CIRCLE ( 'NONE', #2106, 0.4999999999999995559 ) ;
#1609 = CARTESIAN_POINT ( 'NONE',  ( 6.821796769724526754, 11.70096189432334732, 7.000000000000000000 ) ) ;
#1610 = ORIENTED_EDGE ( 'NONE', *, *, #457, .F. ) ;
#1611 = VECTOR ( 'NONE', #448, 1000.000000000000000 ) ;
#1612 = DIRECTION ( 'NONE',  ( 0.5000000000000014433, -0.8660254037844378194, 0.000000000000000000 ) ) ;
#1613 = ORIENTED_EDGE ( 'NONE', *, *, #987, .F. ) ;
#1614 = CARTESIAN_POINT ( 'NONE',  ( -6.193497006628223112, 1.972459081676275705, 0.5000000000000004441 ) ) ;
#1615 = VERTEX_POINT ( 'NONE', #1244 ) ;
#1616 = LINE ( 'NONE', #2841, #2745 ) ;
#1617 = ORIENTED_EDGE ( 'NONE', *, *, #431, .T. ) ;
#1618 = ORIENTED_EDGE ( 'NONE', *, *, #3480, .T. ) ;
#1619 = AXIS2_PLACEMENT_3D ( 'NONE', #3867, #3244, #1419 ) ;
#1620 = DIRECTION ( 'NONE',  ( 1.000000000000000000, -9.621493189941999193E-17, 0.000000000000000000 ) ) ;
#1621 = ORIENTED_EDGE ( 'NONE', *, *, #1039, .T. ) ;
#1622 = DIRECTION ( 'NONE',  ( 0.000000000000000000, 1.000000000000000000, 0.000000000000000000 ) ) ;
#1623 = TOROIDAL_SURFACE ( 'NONE', #3219, 0.5000000000000004441, 0.5000000000000000000 ) ;
#1624 = MECHANICAL_CONTEXT ( 'NONE', #3771, 'mechanical' ) ;
#1625 = FACE_OUTER_BOUND ( 'NONE', #1866, .T. ) ;
#1626 = EDGE_CURVE ( 'NONE', #2232, #1330, #1864, .T. ) ;
#1627 = DIRECTION ( 'NONE',  ( 1.000000000000000000, 1.387778780781446780E-14, 1.387778780781444256E-14 ) ) ;
#1628 = VERTEX_POINT ( 'NONE', #3381 ) ;
#1629 = ADVANCED_FACE ( 'NONE', ( #964 ), #649, .T. ) ;
#1630 = FACE_OUTER_BOUND ( 'NONE', #1425, .T. ) ;
#1631 = DIRECTION ( 'NONE',  ( -1.000000000000000000, 0.000000000000000000, -0.000000000000000000 ) ) ;
#1632 = DIRECTION ( 'NONE',  ( 1.000000000000000000, 0.000000000000000000, 0.000000000000000000 ) ) ;
#1633 = EDGE_LOOP ( 'NONE', ( #140, #805, #248, #1512, #3130 ) ) ;
#1634 = CARTESIAN_POINT ( 'NONE',  ( -5.513477524899414180E-16, 4.499999999999995559, 7.000000000000000000 ) ) ;
#1635 = ORIENTED_EDGE ( 'NONE', *, *, #1649, .T. ) ;
#1636 = ORIENTED_EDGE ( 'NONE', *, *, #395, .T. ) ;
#1637 = CARTESIAN_POINT ( 'NONE',  ( 41.99999999999999289, 4.500000000000000888, 6.500000000000000888 ) ) ;
#1638 = EDGE_LOOP ( 'NONE', ( #3531, #3302, #3452, #1437 ) ) ;
#1639 = EDGE_LOOP ( 'NONE', ( #173, #1136, #3705, #948 ) ) ;
#1640 = DIRECTION ( 'NONE',  ( -0.000000000000000000, -0.000000000000000000, -1.000000000000000000 ) ) ;
#1641 = VECTOR ( 'NONE', #2083, 1000.000000000000000 ) ;
#1642 = PLANE ( 'NONE',  #619 ) ;
#1643 = CARTESIAN_POINT ( 'NONE',  ( 47.00000000000000000, 3.999999999999993339, 6.499999999999999112 ) ) ;
#1644 = ADVANCED_FACE ( 'NONE', ( #347 ), #3905, .T. ) ;
#1645 = AXIS2_PLACEMENT_3D ( 'NONE', #2623, #2975, #2421 ) ;
#1646 = CARTESIAN_POINT ( 'NONE',  ( 13.99999999999999822, 8.000000000000000000, -55.78619639847313039 ) ) ;
#1647 = CARTESIAN_POINT ( 'NONE',  ( 34.99999999999999289, 1.000000000000054623, 2.000000000000000000 ) ) ;
#1648 = VECTOR ( 'NONE', #2090, 1000.000000000000000 ) ;
#1649 = EDGE_CURVE ( 'NONE', #2205, #2600, #670, .T. ) ;
#1650 = CARTESIAN_POINT ( 'NONE',  ( 37.00000000000000000, 1.000000000000040856, 2.000000000000000000 ) ) ;
#1651 = PLANE ( 'NONE',  #3431 ) ;
#1652 = DIRECTION ( 'NONE',  ( -0.000000000000000000, -0.000000000000000000, 1.000000000000000000 ) ) ;
#1653 = EDGE_CURVE ( 'NONE', #7, #3364, #1471, .T. ) ;
#1654 = EDGE_CURVE ( 'NONE', #917, #2834, #3521, .T. ) ;
#1655 = ORIENTED_EDGE ( 'NONE', *, *, #3139, .T. ) ;
#1656 = ORIENTED_EDGE ( 'NONE', *, *, #307, .T. ) ;
#1657 = DIRECTION ( 'NONE',  ( -1.000000000000000000, 0.000000000000000000, -0.000000000000000000 ) ) ;
#1658 = EDGE_LOOP ( 'NONE', ( #1587, #1591, #380, #2333 ) ) ;
#1659 = DIRECTION ( 'NONE',  ( -1.000000000000000000, 0.000000000000000000, -0.000000000000000000 ) ) ;
#1660 = DIRECTION ( 'NONE',  ( 0.8090169943749466741, -0.5877852522924741363, 0.000000000000000000 ) ) ;
#1661 = DIRECTION ( 'NONE',  ( -0.000000000000000000, 0.000000000000000000, 1.000000000000000000 ) ) ;
#1662 = DIRECTION ( 'NONE',  ( 0.000000000000000000, 0.000000000000000000, 1.000000000000000000 ) ) ;
#1663 = VECTOR ( 'NONE', #3070, 1000.000000000000000 ) ;
#1664 = CARTESIAN_POINT ( 'NONE',  ( -3.000000000000000444, 0.000000000000000000, 9.000000000000000000 ) ) ;
#1665 = AXIS2_PLACEMENT_3D ( 'NONE', #3935, #55, #2474 ) ;
#1666 = VERTEX_POINT ( 'NONE', #2221 ) ;
#1667 = DIRECTION ( 'NONE',  ( -0.000000000000000000, 0.000000000000000000, 1.000000000000000000 ) ) ;
#1668 = DIRECTION ( 'NONE',  ( 0.000000000000000000, 0.000000000000000000, -1.000000000000000000 ) ) ;
#1669 = DIRECTION ( 'NONE',  ( -1.000000000000000000, -1.225217227755426578E-16, 0.000000000000000000 ) ) ;
#1670 = CIRCLE ( 'NONE', #721, 0.4999999999999997780 ) ;
#1671 = AXIS2_PLACEMENT_3D ( 'NONE', #3661, #82, #1010 ) ;
#1672 = ORIENTED_EDGE ( 'NONE', *, *, #941, .F. ) ;
#1673 = CIRCLE ( 'NONE', #3906, 0.5000000000000004441 ) ;
#1674 = EDGE_CURVE ( 'NONE', #814, #420, #3005, .T. ) ;
#1675 = DIRECTION ( 'NONE',  ( -0.000000000000000000, 0.000000000000000000, 1.000000000000000000 ) ) ;
#1676 = VERTEX_POINT ( 'NONE', #2590 ) ;
#1677 = FACE_OUTER_BOUND ( 'NONE', #1537, .T. ) ;
#1678 = EDGE_CURVE ( 'NONE', #2029, #2793, #2107, .T. ) ;
#1679 = ORIENTED_EDGE ( 'NONE', *, *, #1065, .T. ) ;
#1680 = DIRECTION ( 'NONE',  ( -1.000000000000000000, -1.225217227755426578E-16, 0.000000000000000000 ) ) ;
#1681 = CARTESIAN_POINT ( 'NONE',  ( 38.00000000000000000, 1.000000000000040856, 7.000000000000000000 ) ) ;
#1682 = AXIS2_PLACEMENT_3D ( 'NONE', #3079, #345, #1561 ) ;
#1683 = LINE ( 'NONE', #3789, #2334 ) ;
#1684 = DIRECTION ( 'NONE',  ( -0.000000000000000000, 1.000000000000000000, 0.000000000000000000 ) ) ;
#1685 = DIRECTION ( 'NONE',  ( 0.000000000000000000, -0.000000000000000000, -1.000000000000000000 ) ) ;
#1686 = CARTESIAN_POINT ( 'NONE',  ( -2.268984724868940983, 11.00000000000000178, 7.000000000000000000 ) ) ;
#1687 = CARTESIAN_POINT ( 'NONE',  ( 39.99999999999999289, 2.688821387764050996E-14, 2.000000000000000000 ) ) ;
#1688 = EDGE_CURVE ( 'NONE', #3287, #375, #3442, .T. ) ;
#1689 = AXIS2_PLACEMENT_3D ( 'NONE', #2075, #208, #509 ) ;
#1690 = EDGE_LOOP ( 'NONE', ( #1484, #2443, #651, #1054 ) ) ;
#1691 = ORIENTED_EDGE ( 'NONE', *, *, #220, .F. ) ;
#1692 = CARTESIAN_POINT ( 'NONE',  ( 6.071796769724521425, 12.00000000000000000, -55.78619639847313039 ) ) ;
#1693 = EDGE_CURVE ( 'NONE', #573, #1172, #2695, .T. ) ;
#1694 = FACE_OUTER_BOUND ( 'NONE', #3210, .T. ) ;
#1695 = FACE_OUTER_BOUND ( 'NONE', #1748, .T. ) ;
#1696 = DIRECTION ( 'NONE',  ( 1.000000000000000000, 0.000000000000000000, 0.000000000000000000 ) ) ;
#1697 = EDGE_CURVE ( 'NONE', #1458, #2057, #1344, .T. ) ;
#1698 = VECTOR ( 'NONE', #2699, 1000.000000000000000 ) ;
#1699 = EDGE_CURVE ( 'NONE', #3954, #2391, #2911, .T. ) ;
#1700 = LINE ( 'NONE', #184, #131 ) ;
#1701 = DIRECTION ( 'NONE',  ( 0.000000000000000000, -1.000000000000000000, 0.000000000000000000 ) ) ;
#1702 = CARTESIAN_POINT ( 'NONE',  ( 46.00000000000000000, 0.9999999999999997780, 0.000000000000000000 ) ) ;
#1703 = AXIS2_PLACEMENT_3D ( 'NONE', #1435, #1142, #3574 ) ;
#1704 = AXIS2_PLACEMENT_3D ( 'NONE', #310, #2643, #3270 ) ;
#1705 = VECTOR ( 'NONE', #1724, 1000.000000000000000 ) ;
#1706 = LINE ( 'NONE', #169, #2368 ) ;
#1707 = CYLINDRICAL_SURFACE ( 'NONE', #2459, 0.5000000000000004441 ) ;
#1708 = CARTESIAN_POINT ( 'NONE',  ( 36.00000000000000000, 1.000000000000054623, 2.000000000000000000 ) ) ;
#1709 = ORIENTED_EDGE ( 'NONE', *, *, #3480, .F. ) ;
#1710 = EDGE_CURVE ( 'NONE', #2253, #3073, #3843, .T. ) ;
#1711 = ORIENTED_EDGE ( 'NONE', *, *, #2096, .F. ) ;
#1712 = EDGE_LOOP ( 'NONE', ( #3584, #3761, #1245, #1806 ) ) ;
#1713 = CARTESIAN_POINT ( 'NONE',  ( 0.000000000000000000, 11.50000000000000000, 0.5000000000000004441 ) ) ;
#1714 = LINE ( 'NONE', #2257, #1733 ) ;
#1715 = ORIENTED_EDGE ( 'NONE', *, *, #1626, .F. ) ;
#1716 = CARTESIAN_POINT ( 'NONE',  ( 37.00000000000000000, 3.999999999999958256, 2.000000000000000000 ) ) ;
#1717 = CARTESIAN_POINT ( 'NONE',  ( 46.00000000000000000, 4.000000000000000000, -55.78619639847313039 ) ) ;
#1718 = DIRECTION ( 'NONE',  ( -0.8090169943749458970, 0.5877852522924752465, 5.613683090425660247E-15 ) ) ;
#1719 = ADVANCED_FACE ( 'NONE', ( #1988 ), #1399, .F. ) ;
#1720 = CARTESIAN_POINT ( 'NONE',  ( 44.00000000000000000, 0.5000000000000003331, 7.000000000000000000 ) ) ;
#1721 = EDGE_CURVE ( 'NONE', #1887, #3225, #2567, .T. ) ;
#1722 = CIRCLE ( 'NONE', #3253, 0.5000000000000004441 ) ;
#1723 = CARTESIAN_POINT ( 'NONE',  ( 22.79317070141124191, 3.999999999999997335, 0.000000000000000000 ) ) ;
#1724 = DIRECTION ( 'NONE',  ( -0.000000000000000000, -1.000000000000000000, -0.000000000000000000 ) ) ;
#1725 = EDGE_CURVE ( 'NONE', #2473, #1568, #970, .T. ) ;
#1726 = CYLINDRICAL_SURFACE ( 'NONE', #1053, 0.9999999999999983347 ) ;
#1727 = AXIS2_PLACEMENT_3D ( 'NONE', #1526, #2097, #588 ) ;
#1728 = ORIENTED_EDGE ( 'NONE', *, *, #860, .F. ) ;
#1729 = ORIENTED_EDGE ( 'NONE', *, *, #3727, .T. ) ;
#1730 = LINE ( 'NONE', #2311, #3569 ) ;
#1731 = VECTOR ( 'NONE', #1224, 1000.000000000000000 ) ;
#1732 = CARTESIAN_POINT ( 'NONE',  ( 36.00000000000000000, 1.058364250893619788E-15, 6.499999999999999112 ) ) ;
#1733 = VECTOR ( 'NONE', #819, 1000.000000000000000 ) ;
#1734 = LINE ( 'NONE', #2052, #1444 ) ;
#1735 = CYLINDRICAL_SURFACE ( 'NONE', #429, 1.000000000000000888 ) ;
#1736 = LINE ( 'NONE', #2978, #777 ) ;
#1737 = CARTESIAN_POINT ( 'NONE',  ( 6.821796769724523202, 11.70096189432334732, 6.499999999999999112 ) ) ;
#1738 = ADVANCED_FACE ( 'NONE', ( #3223 ), #1367, .F. ) ;
#1739 = CARTESIAN_POINT ( 'NONE',  ( 9.000000000000000000, 8.000000000000000000, -55.78619639847313039 ) ) ;
#1740 = CARTESIAN_POINT ( 'NONE',  ( 41.99999999999999289, 4.999999999999985789, 6.500000000000000888 ) ) ;
#1741 = LOCAL_TIME ( 23, 44, 21.00000000000000000, #2543 ) ;
#1742 = DIRECTION ( 'NONE',  ( 1.000000000000000000, -1.701468756720994179E-16, 0.000000000000000000 ) ) ;
#1743 = EDGE_CURVE ( 'NONE', #1576, #2762, #749, .T. ) ;
#1744 = ORIENTED_EDGE ( 'NONE', *, *, #3857, .F. ) ;
#1745 = CYLINDRICAL_SURFACE ( 'NONE', #1343, 1.000000000000000444 ) ;
#1746 = AXIS2_PLACEMENT_3D ( 'NONE', #675, #1890, #2815 ) ;
#1747 = DIRECTION ( 'NONE',  ( 0.5877852522924791323, 0.8090169943749430104, 0.000000000000000000 ) ) ;
#1748 = EDGE_LOOP ( 'NONE', ( #1979, #883, #2843, #811 ) ) ;
#1749 = DIRECTION ( 'NONE',  ( 0.000000000000000000, -1.000000000000000000, 0.000000000000000000 ) ) ;
#1750 = CARTESIAN_POINT ( 'NONE',  ( 0.000000000000000000, 0.000000000000000000, 2.000000000000000000 ) ) ;
#1751 = ORIENTED_EDGE ( 'NONE', *, *, #2476, .T. ) ;
#1752 = ORIENTED_EDGE ( 'NONE', *, *, #1997, .T. ) ;
#1753 = DIRECTION ( 'NONE',  ( -1.000000000000000000, -1.225217227755426578E-16, 0.000000000000000000 ) ) ;
#1754 = PLANE ( 'NONE',  #3611 ) ;
#1755 = VECTOR ( 'NONE', #413, 1000.000000000000000 ) ;
#1756 = FACE_OUTER_BOUND ( 'NONE', #633, .T. ) ;
#1757 = FACE_OUTER_BOUND ( 'NONE', #314, .T. ) ;
#1758 = AXIS2_PLACEMENT_3D ( 'NONE', #899, #317, #1194 ) ;
#1759 = LINE ( 'NONE', #2417, #988 ) ;
#1760 = AXIS2_PLACEMENT_3D ( 'NONE', #1912, #632, #1844 ) ;
#1761 = EDGE_LOOP ( 'NONE', ( #2896, #2149, #3450, #1655 ) ) ;
#1762 = EDGE_CURVE ( 'NONE', #2872, #2812, #99, .T. ) ;
#1763 = CARTESIAN_POINT ( 'NONE',  ( 41.99999999999999289, 0.5000000000000005551, 6.500000000000000888 ) ) ;
#1764 = EDGE_CURVE ( 'NONE', #977, #908, #2545, .T. ) ;
#1765 = CIRCLE ( 'NONE', #623, 6.499999999999999112 ) ;
#1766 = DIRECTION ( 'NONE',  ( 0.8090169943749430104, -0.5877852522924792433, 0.000000000000000000 ) ) ;
#1767 = ORIENTED_EDGE ( 'NONE', *, *, #1958, .F. ) ;
#1768 = CYLINDRICAL_SURFACE ( 'NONE', #2020, 0.9999999999999991118 ) ;
#1769 = ORIENTED_EDGE ( 'NONE', *, *, #2612, .F. ) ;
#1770 = LINE ( 'NONE', #2356, #960 ) ;
#1771 = DIRECTION ( 'NONE',  ( 0.000000000000000000, 0.000000000000000000, 1.000000000000000000 ) ) ;
#1772 = CC_DESIGN_PERSON_AND_ORGANIZATION_ASSIGNMENT ( #97, #1324, ( #3470 ) ) ;
#1773 = VERTEX_POINT ( 'NONE', #2888 ) ;
#1774 = PLANE ( 'NONE',  #1619 ) ;
#1775 = LINE ( 'NONE', #3885, #1705 ) ;
#1776 = CARTESIAN_POINT ( 'NONE',  ( 39.99999999999999289, 2.688821387764050996E-14, 7.000000000000000000 ) ) ;
#1777 = ORIENTED_EDGE ( 'NONE', *, *, #2461, .T. ) ;
#1778 = VERTEX_POINT ( 'NONE', #146 ) ;
#1779 = CIRCLE ( 'NONE', #2297, 1.000000000000000888 ) ;
#1780 = DIRECTION ( 'NONE',  ( -0.000000000000000000, -0.000000000000000000, 1.000000000000000000 ) ) ;
#1781 = CIRCLE ( 'NONE', #2099, 1.000000000000000888 ) ;
#1782 = CARTESIAN_POINT ( 'NONE',  ( -5.717074159964513846, 1.820731460008869984, 0.5000000000000004441 ) ) ;
#1783 = EDGE_CURVE ( 'NONE', #1833, #3191, #3201, .T. ) ;
#1784 = ORIENTED_EDGE ( 'NONE', *, *, #773, .T. ) ;
#1785 = DIRECTION ( 'NONE',  ( -0.000000000000000000, 0.000000000000000000, 1.000000000000000000 ) ) ;
#1786 = ORIENTED_EDGE ( 'NONE', *, *, #2345, .T. ) ;
#1787 = ORIENTED_EDGE ( 'NONE', *, *, #2850, .T. ) ;
#1788 = EDGE_CURVE ( 'NONE', #2094, #3693, #1322, .T. ) ;
#1789 = CIRCLE ( 'NONE', #2889, 0.5000000000000004441 ) ;
#1790 = AXIS2_PLACEMENT_3D ( 'NONE', #42, #61, #3122 ) ;
#1791 = DIRECTION ( 'NONE',  ( 0.5000000000000014433, -0.8660254037844379305, 0.000000000000000000 ) ) ;
#1792 = DIRECTION ( 'NONE',  ( 0.000000000000000000, -0.000000000000000000, -1.000000000000000000 ) ) ;
#1793 = DIRECTION ( 'NONE',  ( -0.000000000000000000, 0.000000000000000000, 1.000000000000000000 ) ) ;
#1794 = DIRECTION ( 'NONE',  ( 1.000000000000000000, 0.000000000000000000, 0.000000000000000000 ) ) ;
#1795 = DIRECTION ( 'NONE',  ( 0.000000000000000000, 0.000000000000000000, 1.000000000000000000 ) ) ;
#1796 = DIRECTION ( 'NONE',  ( -0.000000000000000000, -0.000000000000000000, -1.000000000000000000 ) ) ;
#1797 = ORIENTED_EDGE ( 'NONE', *, *, #1811, .T. ) ;
#1798 = VECTOR ( 'NONE', #921, 1000.000000000000000 ) ;
#1799 = EDGE_LOOP ( 'NONE', ( #3443, #2310, #1265, #3667 ) ) ;
#1800 = ADVANCED_FACE ( 'NONE', ( #260 ), #1754, .F. ) ;
#1801 = CARTESIAN_POINT ( 'NONE',  ( 30.95982486344823315, 4.786474508437578379, 0.5000000000000004441 ) ) ;
#1802 = VERTEX_POINT ( 'NONE', #1176 ) ;
#1803 = FACE_OUTER_BOUND ( 'NONE', #2617, .T. ) ;
#1804 = ORIENTED_EDGE ( 'NONE', *, *, #2087, .F. ) ;
#1805 = DIRECTION ( 'NONE',  ( 1.000000000000000000, 0.000000000000000000, 0.000000000000000000 ) ) ;
#1806 = ORIENTED_EDGE ( 'NONE', *, *, #1135, .F. ) ;
#1807 = ADVANCED_FACE ( 'NONE', ( #2393 ), #3883, .T. ) ;
#1808 = ORIENTED_EDGE ( 'NONE', *, *, #2530, .T. ) ;
#1809 = CARTESIAN_POINT ( 'NONE',  ( 34.99999999999999289, 1.000000000000054623, 2.000000000000000000 ) ) ;
#1810 = DIRECTION ( 'NONE',  ( -1.000000000000000000, -3.469446951953610639E-15, 3.469446951953598806E-15 ) ) ;
#1811 = EDGE_CURVE ( 'NONE', #1676, #373, #1827, .T. ) ;
#1812 = MANIFOLD_SOLID_BREP ( 'Cut-Extrude2', #34 ) ;
#1813 = EDGE_CURVE ( 'NONE', #2546, #2473, #3294, .T. ) ;
#1814 = EDGE_CURVE ( 'NONE', #1887, #2105, #1185, .T. ) ;
#1815 = LINE ( 'NONE', #1195, #3774 ) ;
#1816 = DIRECTION ( 'NONE',  ( 1.000000000000000000, 0.000000000000000000, 0.000000000000000000 ) ) ;
#1817 = LINE ( 'NONE', #690, #3861 ) ;
#1818 = DIRECTION ( 'NONE',  ( -0.9528456933274191965, 0.3034552433348116085, 0.000000000000000000 ) ) ;
#1819 = ORIENTED_EDGE ( 'NONE', *, *, #1379, .F. ) ;
#1820 = AXIS2_PLACEMENT_3D ( 'NONE', #1325, #2847, #98 ) ;
#1821 = VECTOR ( 'NONE', #3952, 1000.000000000000000 ) ;
#1822 = CARTESIAN_POINT ( 'NONE',  ( 4.350937166592712147E-31, 4.522101799272739202E-15, 6.499999999999999112 ) ) ;
#1823 = ORIENTED_EDGE ( 'NONE', *, *, #994, .F. ) ;
#1824 = DIRECTION ( 'NONE',  ( 1.000000000000000000, -0.000000000000000000, -0.000000000000000000 ) ) ;
#1825 = EDGE_CURVE ( 'NONE', #2793, #564, #2338, .T. ) ;
#1826 = CARTESIAN_POINT ( 'NONE',  ( -0.8069541746068209509, 10.00000000000000000, 2.000000000000000000 ) ) ;
#1827 = CIRCLE ( 'NONE', #104, 1.000000000000000888 ) ;
#1828 = AXIS2_PLACEMENT_3D ( 'NONE', #800, #2959, #3515 ) ;
#1829 = FACE_OUTER_BOUND ( 'NONE', #549, .T. ) ;
#1830 = ORIENTED_EDGE ( 'NONE', *, *, #1401, .T. ) ;
#1831 = DIRECTION ( 'NONE',  ( 1.000000000000000000, 0.000000000000000000, 0.000000000000000000 ) ) ;
#1832 = ORIENTED_EDGE ( 'NONE', *, *, #2015, .T. ) ;
#1833 = VERTEX_POINT ( 'NONE', #1124 ) ;
#1834 = CARTESIAN_POINT ( 'NONE',  ( 41.99999999999999289, 3.999999999999986233, 2.000000000000000000 ) ) ;
#1835 = CARTESIAN_POINT ( 'NONE',  ( 37.00000000000000000, 3.999999999999958256, 2.000000000000000000 ) ) ;
#1836 = DIRECTION ( 'NONE',  ( 9.621493189942000426E-17, 1.000000000000000000, 0.000000000000000000 ) ) ;
#1837 = DIRECTION ( 'NONE',  ( -0.3034552433348112199, -0.9528456933274193075, 0.000000000000000000 ) ) ;
#1838 = CARTESIAN_POINT ( 'NONE',  ( 40.99999999999999289, 3.999999999999986233, 2.000000000000000000 ) ) ;
#1839 = ADVANCED_FACE ( 'NONE', ( #3276 ), #2649, .F. ) ;
#1840 = DIRECTION ( 'NONE',  ( 0.000000000000000000, 1.000000000000000000, 0.000000000000000000 ) ) ;
#1841 = EDGE_CURVE ( 'NONE', #573, #3945, #3256, .T. ) ;
#1842 = DIRECTION ( 'NONE',  ( 1.000000000000000000, 0.000000000000000000, 0.000000000000000000 ) ) ;
#1843 = ORIENTED_EDGE ( 'NONE', *, *, #2210, .T. ) ;
#1844 = DIRECTION ( 'NONE',  ( 1.000000000000000000, -1.156482317317870344E-15, 0.000000000000000000 ) ) ;
#1845 = ORIENTED_EDGE ( 'NONE', *, *, #2523, .T. ) ;
#1846 = DIRECTION ( 'NONE',  ( 1.000000000000000000, 0.000000000000000000, 0.000000000000000000 ) ) ;
#1847 = ORIENTED_EDGE ( 'NONE', *, *, #3820, .F. ) ;
#1848 = CIRCLE ( 'NONE', #453, 0.4999999999999994449 ) ;
#1849 = ORIENTED_EDGE ( 'NONE', *, *, #2345, .F. ) ;
#1850 = CARTESIAN_POINT ( 'NONE',  ( 43.00000000000000000, 4.000000000000000000, 2.000000000000000000 ) ) ;
#1851 = ORIENTED_EDGE ( 'NONE', *, *, #1813, .T. ) ;
#1852 = ORIENTED_EDGE ( 'NONE', *, *, #3240, .F. ) ;
#1853 = AXIS2_PLACEMENT_3D ( 'NONE', #2733, #2079, #3347 ) ;
#1854 = ORIENTED_EDGE ( 'NONE', *, *, #636, .T. ) ;
#1855 = ORIENTED_EDGE ( 'NONE', *, *, #3031, .F. ) ;
#1856 = DIRECTION ( 'NONE',  ( 0.8090169943749468962, -0.5877852522924739143, 0.000000000000000000 ) ) ;
#1857 = CARTESIAN_POINT ( 'NONE',  ( 6.571796769724521425, 12.13397459621556607, -55.78619639847313039 ) ) ;
#1858 = CIRCLE ( 'NONE', #521, 0.5000000000000004441 ) ;
#1859 = CIRCLE ( 'NONE', #3394, 2.000000000000001776 ) ;
#1860 = CARTESIAN_POINT ( 'NONE',  ( -2.274911254358251256, 7.686011890752845410, 7.000000000000000000 ) ) ;
#1861 = CARTESIAN_POINT ( 'NONE',  ( 31.84150274188694851, 4.499999999999999112, 0.000000000000000000 ) ) ;
#1862 = CARTESIAN_POINT ( 'NONE',  ( 6.071796769724521425, 12.00000000000000000, 0.5000000000000004441 ) ) ;
#1863 = VECTOR ( 'NONE', #2110, 1000.000000000000000 ) ;
#1864 = LINE ( 'NONE', #3056, #3203 ) ;
#1865 = EDGE_CURVE ( 'NONE', #3775, #679, #3613, .T. ) ;
#1866 = EDGE_LOOP ( 'NONE', ( #2839, #1905, #2465, #2783 ) ) ;
#1867 = CARTESIAN_POINT ( 'NONE',  ( 40.99999999999999289, 3.999999999999986233, 2.000000000000000000 ) ) ;
#1868 = CARTESIAN_POINT ( 'NONE',  ( 0.000000000000000000, 0.000000000000000000, 0.000000000000000000 ) ) ;
#1869 = LINE ( 'NONE', #2750, #2011 ) ;
#1870 = ORIENTED_EDGE ( 'NONE', *, *, #110, .F. ) ;
#1871 = DIRECTION ( 'NONE',  ( 1.000000000000000000, 0.000000000000000000, 0.000000000000000000 ) ) ;
#1872 = EDGE_CURVE ( 'NONE', #3824, #103, #3425, .T. ) ;
#1873 = CIRCLE ( 'NONE', #1682, 0.5000000000000004441 ) ;
#1874 = VERTEX_POINT ( 'NONE', #3243 ) ;
#1875 = VERTEX_POINT ( 'NONE', #222 ) ;
#1876 = DIRECTION ( 'NONE',  ( -0.000000000000000000, 1.000000000000000000, 0.000000000000000000 ) ) ;
#1877 = ORIENTED_EDGE ( 'NONE', *, *, #1533, .F. ) ;
#1878 = VERTEX_POINT ( 'NONE', #504 ) ;
#1879 = LINE ( 'NONE', #362, #1603 ) ;
#1880 = FACE_OUTER_BOUND ( 'NONE', #2749, .T. ) ;
#1881 = EDGE_CURVE ( 'NONE', #2516, #1450, #2921, .T. ) ;
#1882 = AXIS2_PLACEMENT_3D ( 'NONE', #3107, #1548, #1612 ) ;
#1883 = DIRECTION ( 'NONE',  ( 0.000000000000000000, -0.000000000000000000, -1.000000000000000000 ) ) ;
#1884 = CARTESIAN_POINT ( 'NONE',  ( 38.00000000000000000, 4.500000000000000000, 6.500000000000000888 ) ) ;
#1885 = CARTESIAN_POINT ( 'NONE',  ( 46.50000000000000000, 3.999999999999993339, 0.000000000000000000 ) ) ;
#1886 = CARTESIAN_POINT ( 'NONE',  ( 46.00000000000000000, 0.9999999999999997780, 6.499999999999999112 ) ) ;
#1887 = VERTEX_POINT ( 'NONE', #242 ) ;
#1888 = CARTESIAN_POINT ( 'NONE',  ( 13.26635293069672272, 18.25956832440068567, 6.499999999999999112 ) ) ;
#1889 = VERTEX_POINT ( 'NONE', #1720 ) ;
#1890 = DIRECTION ( 'NONE',  ( -0.000000000000000000, 0.000000000000000000, 1.000000000000000000 ) ) ;
#1891 = ORIENTED_EDGE ( 'NONE', *, *, #2062, .F. ) ;
#1892 = CARTESIAN_POINT ( 'NONE',  ( -6.500000000000000000, 0.3400959863922572990, 0.08227313133347720353 ) ) ;
#1893 = EDGE_LOOP ( 'NONE', ( #2289, #3156, #3713, #464 ) ) ;
#1894 = ORIENTED_EDGE ( 'NONE', *, *, #580, .T. ) ;
#1895 = ORIENTED_EDGE ( 'NONE', *, *, #3690, .F. ) ;
#1896 = ADVANCED_FACE ( 'NONE', ( #2946 ), #204, .T. ) ;
#1897 = EDGE_CURVE ( 'NONE', #3073, #3687, #842, .T. ) ;
#1898 = AXIS2_PLACEMENT_3D ( 'NONE', #1083, #859, #2320 ) ;
#1899 = LINE ( 'NONE', #1056, #3513 ) ;
#1900 = ORIENTED_EDGE ( 'NONE', *, *, #2997, .F. ) ;
#1901 = ORIENTED_EDGE ( 'NONE', *, *, #3553, .F. ) ;
#1902 = ADVANCED_FACE ( 'NONE', ( #1454 ), #3900, .T. ) ;
#1903 = ORIENTED_EDGE ( 'NONE', *, *, #650, .F. ) ;
#1904 = LINE ( 'NONE', #2216, #755 ) ;
#1905 = ORIENTED_EDGE ( 'NONE', *, *, #1971, .T. ) ;
#1906 = DIRECTION ( 'NONE',  ( 1.000000000000000000, 0.000000000000000000, 0.000000000000000000 ) ) ;
#1907 =( NAMED_UNIT ( * ) PLANE_ANGLE_UNIT ( ) SI_UNIT ( $, .RADIAN. ) );
#1908 = CARTESIAN_POINT ( 'NONE',  ( 34.99999999999999289, 4.999999999999944933, 6.500000000000000888 ) ) ;
#1909 = CARTESIAN_POINT ( 'NONE',  ( 30.32491969623290728, 1.000000000000001776, -55.78619639847313039 ) ) ;
#1910 = LINE ( 'NONE', #1822, #3202 ) ;
#1911 = ORIENTED_EDGE ( 'NONE', *, *, #2856, .F. ) ;
#1912 = CARTESIAN_POINT ( 'NONE',  ( 22.79317070141124191, 3.999999999999997335, 7.000000000000000000 ) ) ;
#1913 = ORIENTED_EDGE ( 'NONE', *, *, #2101, .T. ) ;
#1914 = CARTESIAN_POINT ( 'NONE',  ( 31.84150274188694851, 4.999999999999998224, 0.5000000000000000000 ) ) ;
#1915 = ORIENTED_EDGE ( 'NONE', *, *, #2111, .F. ) ;
#1916 = CARTESIAN_POINT ( 'NONE',  ( 39.99999999999999289, 0.5000000000000007772, 6.500000000000000888 ) ) ;
#1917 = ORIENTED_EDGE ( 'NONE', *, *, #2111, .T. ) ;
#1918 = VERTEX_POINT ( 'NONE', #1473 ) ;
#1919 = VECTOR ( 'NONE', #3044, 1000.000000000000000 ) ;
#1920 = EDGE_CURVE ( 'NONE', #2798, #3287, #2536, .T. ) ;
#1921 = DIRECTION ( 'NONE',  ( 1.000000000000000000, 0.000000000000000000, 0.000000000000000000 ) ) ;
#1922 = ORIENTED_EDGE ( 'NONE', *, *, #3702, .T. ) ;
#1923 = CARTESIAN_POINT ( 'NONE',  ( 6.499999999999999112, 3.999999999999993339, -55.78619639847313039 ) ) ;
#1924 = AXIS2_PLACEMENT_3D ( 'NONE', #787, #394, #69 ) ;
#1925 = ADVANCED_FACE ( 'NONE', ( #1559 ), #2196, .F. ) ;
#1926 = VECTOR ( 'NONE', #918, 1000.000000000000000 ) ;
#1927 = APPROVAL_ROLE ( '' ) ;
#1928 = LINE ( 'NONE', #3143, #2137 ) ;
#1929 = DIRECTION ( 'NONE',  ( 0.000000000000000000, 0.000000000000000000, 1.000000000000000000 ) ) ;
#1930 = ORIENTED_EDGE ( 'NONE', *, *, #3755, .F. ) ;
#1931 = AXIS2_PLACEMENT_3D ( 'NONE', #2813, #3686, #2160 ) ;
#1932 = PLANE ( 'NONE',  #1994 ) ;
#1933 = CARTESIAN_POINT ( 'NONE',  ( 3.659200057818312590, 6.546774391779697666, 7.000000000000000000 ) ) ;
#1934 = CARTESIAN_POINT ( 'NONE',  ( 40.99999999999999289, 3.999999999999986233, 7.000000000000000000 ) ) ;
#1935 = EDGE_LOOP ( 'NONE', ( #1356, #2760, #2065, #3893, #1913 ) ) ;
#1936 = CARTESIAN_POINT ( 'NONE',  ( 34.99999999999999289, 4.500000000000000000, 7.000000000000000000 ) ) ;
#1937 = ADVANCED_FACE ( 'NONE', ( #382 ), #1513, .F. ) ;
#1938 = ORIENTED_EDGE ( 'NONE', *, *, #187, .T. ) ;
#1939 = CARTESIAN_POINT ( 'NONE',  ( 40.99999999999999289, 4.500000000000000888, 7.000000000000000000 ) ) ;
#1940 = EDGE_LOOP ( 'NONE', ( #378, #64, #3652, #348, #352, #1804, #3009, #589, #1610 ) ) ;
#1941 = EDGE_LOOP ( 'NONE', ( #1052, #3172, #1360, #3528 ) ) ;
#1942 = APPROVAL_PERSON_ORGANIZATION ( #765, #2230, #1927 ) ;
#1943 = CARTESIAN_POINT ( 'NONE',  ( -1.145790152893387148, 6.398215761095631393, 7.000000000000000000 ) ) ;
#1944 = DIRECTION ( 'NONE',  ( -1.000000000000000000, 0.000000000000000000, 0.000000000000000000 ) ) ;
#1945 = APPROVAL ( #164, 'UNSPECIFIED' ) ;
#1946 = PERSON_AND_ORGANIZATION_ROLE ( 'creator' ) ;
#1947 = FACE_OUTER_BOUND ( 'NONE', #1139, .T. ) ;
#1948 = EDGE_CURVE ( 'NONE', #2094, #2816, #2808, .T. ) ;
#1949 = VECTOR ( 'NONE', #2853, 1000.000000000000000 ) ;
#1950 = DIRECTION ( 'NONE',  ( -0.000000000000000000, 0.000000000000000000, 1.000000000000000000 ) ) ;
#1951 = EDGE_CURVE ( 'NONE', #359, #608, #2475, .T. ) ;
#1952 = DIRECTION ( 'NONE',  ( -0.3034552433348081668, -0.9528456933274204177, 3.569053053657516636E-15 ) ) ;
#1953 = PLANE ( 'NONE',  #3295 ) ;
#1954 = DIRECTION ( 'NONE',  ( -0.000000000000000000, -0.000000000000000000, 1.000000000000000000 ) ) ;
#1955 = ORIENTED_EDGE ( 'NONE', *, *, #2505, .F. ) ;
#1956 = ORIENTED_EDGE ( 'NONE', *, *, #2182, .T. ) ;
#1957 = ORIENTED_EDGE ( 'NONE', *, *, #941, .T. ) ;
#1958 = EDGE_CURVE ( 'NONE', #3117, #337, #3630, .T. ) ;
#1959 = DIRECTION ( 'NONE',  ( -0.000000000000000000, 0.000000000000000000, 1.000000000000000000 ) ) ;
#1960 = ORIENTED_EDGE ( 'NONE', *, *, #1764, .T. ) ;
#1961 = DIRECTION ( 'NONE',  ( 0.000000000000000000, 0.000000000000000000, 1.000000000000000000 ) ) ;
#1962 = CIRCLE ( 'NONE', #2019, 0.5000000000000004441 ) ;
#1963 = AXIS2_PLACEMENT_3D ( 'NONE', #3805, #2003, #424 ) ;
#1964 = CARTESIAN_POINT ( 'NONE',  ( -6.126086138777125990E-16, 4.999999999999994671, 6.499999999999999112 ) ) ;
#1965 = ORIENTED_EDGE ( 'NONE', *, *, #1180, .T. ) ;
#1966 = LINE ( 'NONE', #1923, #2919 ) ;
#1967 = VECTOR ( 'NONE', #47, 1000.000000000000000 ) ;
#1968 = COORDINATED_UNIVERSAL_TIME_OFFSET ( 5, 30, .AHEAD. ) ;
#1969 = DIRECTION ( 'NONE',  ( 1.000000000000000000, -1.387778780781445833E-14, 0.000000000000000000 ) ) ;
#1970 = DIRECTION ( 'NONE',  ( 1.000000000000000000, 0.000000000000000000, -1.387778780781446938E-14 ) ) ;
#1971 = EDGE_CURVE ( 'NONE', #3090, #2418, #2786, .T. ) ;
#1972 = LINE ( 'NONE', #3525, #3325 ) ;
#1973 = FACE_OUTER_BOUND ( 'NONE', #1528, .T. ) ;
#1974 = LINE ( 'NONE', #1687, #2650 ) ;
#1975 = EDGE_CURVE ( 'NONE', #3472, #1075, #1599, .T. ) ;
#1976 = EDGE_LOOP ( 'NONE', ( #1870, #3695, #2314, #21 ) ) ;
#1977 = ORIENTED_EDGE ( 'NONE', *, *, #3102, .T. ) ;
#1978 = FACE_OUTER_BOUND ( 'NONE', #1935, .T. ) ;
#1979 = ORIENTED_EDGE ( 'NONE', *, *, #2329, .F. ) ;
#1980 = DIRECTION ( 'NONE',  ( 1.000000000000000000, -1.701468756720994179E-16, 0.000000000000000000 ) ) ;
#1981 = ORIENTED_EDGE ( 'NONE', *, *, #2781, .T. ) ;
#1982 = CARTESIAN_POINT ( 'NONE',  ( -3.000000000000000444, 0.000000000000000000, 9.000000000000000000 ) ) ;
#1983 = EDGE_LOOP ( 'NONE', ( #3284, #3663, #1093, #1855 ) ) ;
#1984 = CARTESIAN_POINT ( 'NONE',  ( 4.440485190459278364, 10.00000000000000178, 2.000000000000000000 ) ) ;
#1985 = EDGE_CURVE ( 'NONE', #1102, #1450, #919, .T. ) ;
#1986 = DIRECTION ( 'NONE',  ( 1.000000000000000000, 0.000000000000000000, 0.000000000000000000 ) ) ;
#1987 = AXIS2_PLACEMENT_3D ( 'NONE', #2552, #3415, #1037 ) ;
#1988 = FACE_OUTER_BOUND ( 'NONE', #3783, .T. ) ;
#1989 = AXIS2_PLACEMENT_3D ( 'NONE', #1175, #3612, #2926 ) ;
#1990 = CARTESIAN_POINT ( 'NONE',  ( -3.361215932167721743, 5.821796769724458365, 6.499999999999999112 ) ) ;
#1991 = CARTESIAN_POINT ( 'NONE',  ( 14.93759652688044248, 15.80927079961680626, 6.499999999999999112 ) ) ;
#1992 = DIRECTION ( 'NONE',  ( 0.000000000000000000, 0.000000000000000000, 1.000000000000000000 ) ) ;
#1993 = ADVANCED_FACE ( 'NONE', ( #3676 ), #2129, .F. ) ;
#1994 = AXIS2_PLACEMENT_3D ( 'NONE', #3147, #1012, #1309 ) ;
#1995 = VECTOR ( 'NONE', #3790, 1000.000000000000000 ) ;
#1996 = ORIENTED_EDGE ( 'NONE', *, *, #3303, .F. ) ;
#1997 = EDGE_CURVE ( 'NONE', #235, #1889, #813, .T. ) ;
#1998 = VECTOR ( 'NONE', #3097, 1000.000000000000000 ) ;
#1999 = CARTESIAN_POINT ( 'NONE',  ( 15.23148915302668449, 16.21377929680427954, 6.499999999999999112 ) ) ;
#2000 = CARTESIAN_POINT ( 'NONE',  ( 9.358078161965470944E-16, 5.500000000000001776, 7.000000000000000000 ) ) ;
#2001 = ORIENTED_EDGE ( 'NONE', *, *, #3767, .T. ) ;
#2002 = CYLINDRICAL_SURFACE ( 'NONE', #3176, 0.5000000000000000000 ) ;
#2003 = DIRECTION ( 'NONE',  ( -1.000000000000000000, 0.000000000000000000, 0.000000000000000000 ) ) ;
#2004 = DIRECTION ( 'NONE',  ( 5.204170427930421283E-15, 0.000000000000000000, 1.000000000000000000 ) ) ;
#2005 = EDGE_CURVE ( 'NONE', #917, #255, #2172, .T. ) ;
#2006 = CARTESIAN_POINT ( 'NONE',  ( 46.50000000000000000, 0.000000000000000000, 7.000000000000000000 ) ) ;
#2007 = DIRECTION ( 'NONE',  ( 1.000000000000000000, 0.000000000000000000, 0.000000000000000000 ) ) ;
#2008 = DIRECTION ( 'NONE',  ( 1.000000000000000000, 0.000000000000000000, 0.000000000000000000 ) ) ;
#2009 = LINE ( 'NONE', #3445, #872 ) ;
#2010 = CARTESIAN_POINT ( 'NONE',  ( -5.717074159964513846, 1.820731460008869984, 7.000000000000000000 ) ) ;
#2011 = VECTOR ( 'NONE', #2226, 999.9999999999998863 ) ;
#2012 = ORIENTED_EDGE ( 'NONE', *, *, #728, .T. ) ;
#2013 = FACE_OUTER_BOUND ( 'NONE', #1315, .T. ) ;
#2014 = DIRECTION ( 'NONE',  ( 0.000000000000000000, 0.000000000000000000, -1.000000000000000000 ) ) ;
#2015 = EDGE_CURVE ( 'NONE', #2804, #2308, #643, .T. ) ;
#2016 = LINE ( 'NONE', #1716, #3684 ) ;
#2017 = CARTESIAN_POINT ( 'NONE',  ( 7.499999999999999112, 4.000000000000000000, 7.000000000000000000 ) ) ;
#2018 = EDGE_CURVE ( 'NONE', #2582, #2793, #981, .T. ) ;
#2019 = AXIS2_PLACEMENT_3D ( 'NONE', #3965, #1220, #3055 ) ;
#2020 = AXIS2_PLACEMENT_3D ( 'NONE', #1153, #182, #1396 ) ;
#2021 = DIRECTION ( 'NONE',  ( 1.000000000000000000, 0.000000000000000000, 0.000000000000000000 ) ) ;
#2022 = CARTESIAN_POINT ( 'NONE',  ( 31.25371748959446805, 5.190983005625050772, -55.78619639847313039 ) ) ;
#2023 = VECTOR ( 'NONE', #381, 1000.000000000000000 ) ;
#2024 = ORIENTED_EDGE ( 'NONE', *, *, #418, .T. ) ;
#2025 = DIRECTION ( 'NONE',  ( 9.621493189942000426E-17, 1.000000000000000000, 0.000000000000000000 ) ) ;
#2026 = CARTESIAN_POINT ( 'NONE',  ( 44.00000000000000000, 2.886447956982602963E-16, 6.499999999999999112 ) ) ;
#2027 = DIRECTION ( 'NONE',  ( 1.000000000000000000, 0.000000000000000000, 0.000000000000000000 ) ) ;
#2028 = VERTEX_POINT ( 'NONE', #3398 ) ;
#2029 = VERTEX_POINT ( 'NONE', #3336 ) ;
#2030 = LINE ( 'NONE', #2290, #3834 ) ;
#2031 = CARTESIAN_POINT ( 'NONE',  ( 38.00000000000000000, 4.076600168545496672E-14, 2.000000000000000000 ) ) ;
#2032 = CARTESIAN_POINT ( 'NONE',  ( 3.171306716775871504, 5.673871139542405295, 2.000000000000000000 ) ) ;
#2033 = CARTESIAN_POINT ( 'NONE',  ( 38.00000000000000000, 0.5000000000000008882, 7.000000000000000000 ) ) ;
#2034 = EDGE_CURVE ( 'NONE', #401, #1773, #1571, .T. ) ;
#2035 = CARTESIAN_POINT ( 'NONE',  ( 46.50000000000000000, 0.9999999999999997780, 0.000000000000000000 ) ) ;
#2036 = DIRECTION ( 'NONE',  ( 0.000000000000000000, 0.000000000000000000, 1.000000000000000000 ) ) ;
#2037 = ADVANCED_FACE ( 'NONE', ( #1880 ), #3030, .F. ) ;
#2038 = ORIENTED_EDGE ( 'NONE', *, *, #3698, .T. ) ;
#2039 = CIRCLE ( 'NONE', #512, 0.5000000000000004441 ) ;
#2040 = LINE ( 'NONE', #261, #3657 ) ;
#2041 = CARTESIAN_POINT ( 'NONE',  ( 41.99999999999999289, 4.999999999999985789, 2.000000000000000000 ) ) ;
#2042 = DIRECTION ( 'NONE',  ( -1.000000000000000000, -0.000000000000000000, -0.000000000000000000 ) ) ;
#2043 = CIRCLE ( 'NONE', #319, 1.000000000000000888 ) ;
#2044 = EDGE_LOOP ( 'NONE', ( #3127, #361, #3368, #3510 ) ) ;
#2045 = ORIENTED_EDGE ( 'NONE', *, *, #301, .T. ) ;
#2046 = LINE ( 'NONE', #3213, #1279 ) ;
#2047 = VECTOR ( 'NONE', #432, 1000.000000000000000 ) ;
#2048 = AXIS2_PLACEMENT_3D ( 'NONE', #2244, #2628, #408 ) ;
#2049 = CYLINDRICAL_SURFACE ( 'NONE', #839, 0.4999999999999998335 ) ;
#2050 = VECTOR ( 'NONE', #1078, 1000.000000000000000 ) ;
#2051 = ORIENTED_EDGE ( 'NONE', *, *, #2928, .F. ) ;
#2052 = CARTESIAN_POINT ( 'NONE',  ( 14.43759652688043538, 16.67529620340123842, -55.78619639847313039 ) ) ;
#2053 = CARTESIAN_POINT ( 'NONE',  ( 19.00000000000000000, 8.000000000000000000, -55.78619639847313039 ) ) ;
#2054 = VERTEX_POINT ( 'NONE', #363 ) ;
#2055 = DIRECTION ( 'NONE',  ( 1.000000000000000000, 0.000000000000000000, 0.000000000000000000 ) ) ;
#2056 = CARTESIAN_POINT ( 'NONE',  ( 41.99999999999999289, 1.301042606982605321E-14, 2.000000000000000000 ) ) ;
#2057 = VERTEX_POINT ( 'NONE', #1835 ) ;
#2058 = EDGE_CURVE ( 'NONE', #2834, #598, #1259, .T. ) ;
#2059 = CARTESIAN_POINT ( 'NONE',  ( 37.00000000000000000, 4.999999999999958256, 2.000000000000000000 ) ) ;
#2060 = DIRECTION ( 'NONE',  ( 1.000000000000000000, 0.000000000000000000, 0.000000000000000000 ) ) ;
#2061 = VECTOR ( 'NONE', #3561, 999.9999999999998863 ) ;
#2062 = EDGE_CURVE ( 'NONE', #2418, #1300, #56, .T. ) ;
#2063 = FACE_OUTER_BOUND ( 'NONE', #2409, .T. ) ;
#2064 = ORIENTED_EDGE ( 'NONE', *, *, #3412, .T. ) ;
#2065 = ORIENTED_EDGE ( 'NONE', *, *, #597, .F. ) ;
#2066 = CARTESIAN_POINT ( 'NONE',  ( 36.00000000000000000, 4.999999999999944933, 2.000000000000000000 ) ) ;
#2067 = VECTOR ( 'NONE', #3545, 1000.000000000000000 ) ;
#2068 = CARTESIAN_POINT ( 'NONE',  ( 36.00000000000000000, 5.464378949326942347E-14, 2.000000000000000000 ) ) ;
#2069 = PLANE ( 'NONE',  #3928 ) ;
#2070 = ORIENTED_EDGE ( 'NONE', *, *, #1116, .F. ) ;
#2071 = CARTESIAN_POINT ( 'NONE',  ( 37.00000000000000000, 3.999999999999958256, 2.000000000000000000 ) ) ;
#2072 = CIRCLE ( 'NONE', #2601, 0.5000000000000004441 ) ;
#2073 = DIRECTION ( 'NONE',  ( 1.000000000000000000, 0.000000000000000000, 0.000000000000000000 ) ) ;
#2074 = DIRECTION ( 'NONE',  ( 0.000000000000000000, 0.000000000000000000, 1.000000000000000000 ) ) ;
#2075 = CARTESIAN_POINT ( 'NONE',  ( 0.000000000000000000, 0.000000000000000000, 7.000000000000000000 ) ) ;
#2076 = EDGE_CURVE ( 'NONE', #2209, #2205, #2541, .T. ) ;
#2077 = VECTOR ( 'NONE', #3251, 1000.000000000000000 ) ;
#2078 = VERTEX_POINT ( 'NONE', #3516 ) ;
#2079 = DIRECTION ( 'NONE',  ( 0.000000000000000000, 0.000000000000000000, 1.000000000000000000 ) ) ;
#2080 = EDGE_CURVE ( 'NONE', #719, #917, #162, .T. ) ;
#2081 = DIRECTION ( 'NONE',  ( 1.000000000000000000, 0.000000000000000000, 0.000000000000000000 ) ) ;
#2082 = ORIENTED_EDGE ( 'NONE', *, *, #257, .F. ) ;
#2083 = DIRECTION ( 'NONE',  ( -0.000000000000000000, -0.000000000000000000, 1.000000000000000000 ) ) ;
#2084 = ORIENTED_EDGE ( 'NONE', *, *, #1678, .F. ) ;
#2085 = DIRECTION ( 'NONE',  ( 1.000000000000000000, 0.000000000000000000, 0.000000000000000000 ) ) ;
#2086 = CARTESIAN_POINT ( 'NONE',  ( 12.97246030455048604, 17.85505982721321416, 0.5000000000000000000 ) ) ;
#2087 = EDGE_CURVE ( 'NONE', #3344, #2738, #2585, .T. ) ;
#2088 = CARTESIAN_POINT ( 'NONE',  ( 20.00000000000000000, 8.000000000000000000, 0.000000000000000000 ) ) ;
#2089 = DIRECTION ( 'NONE',  ( -0.000000000000000000, -0.000000000000000000, 1.000000000000000000 ) ) ;
#2090 = DIRECTION ( 'NONE',  ( 0.000000000000000000, 0.000000000000000000, 1.000000000000000000 ) ) ;
#2091 = FACE_OUTER_BOUND ( 'NONE', #737, .T. ) ;
#2092 = VECTOR ( 'NONE', #2987, 1000.000000000000000 ) ;
#2093 = ORIENTED_EDGE ( 'NONE', *, *, #1573, .F. ) ;
#2094 = VERTEX_POINT ( 'NONE', #78 ) ;
#2095 = CIRCLE ( 'NONE', #2627, 0.5000000000000000000 ) ;
#2096 = EDGE_CURVE ( 'NONE', #70, #2078, #3460, .T. ) ;
#2097 = DIRECTION ( 'NONE',  ( 1.000000000000000000, -2.168404344971013552E-16, 0.000000000000000000 ) ) ;
#2098 =( BOUNDED_CURVE ( )  B_SPLINE_CURVE ( 3, ( #2375, #1122, #3864, #3559 ),
 .UNSPECIFIED., .F., .T. ) 
 B_SPLINE_CURVE_WITH_KNOTS ( ( 4, 4 ),
 ( 4.712388980384694115, 5.378628412877202614 ),
 .UNSPECIFIED. ) 
 CURVE ( )  GEOMETRIC_REPRESENTATION_ITEM ( )  RATIONAL_B_SPLINE_CURVE ( ( 1.000000000000000000, 0.9633512127546552950, 0.9633512127546552950, 1.000000000000000000 ) ) 
 REPRESENTATION_ITEM ( '' )  );
#2099 = AXIS2_PLACEMENT_3D ( 'NONE', #3029, #1212, #2085 ) ;
#2100 = DIRECTION ( 'NONE',  ( 0.9528456933274191965, -0.3034552433348118305, 0.000000000000000000 ) ) ;
#2101 = EDGE_CURVE ( 'NONE', #275, #1009, #1340, .T. ) ;
#2102 = EDGE_LOOP ( 'NONE', ( #2386, #295, #926, #436 ) ) ;
#2103 = CARTESIAN_POINT ( 'NONE',  ( 7.500000000000006217, 5.000000000000000000, -55.78619639847313039 ) ) ;
#2104 = EDGE_LOOP ( 'NONE', ( #1777, #1346, #616, #2955 ) ) ;
#2105 = VERTEX_POINT ( 'NONE', #1643 ) ;
#2106 = AXIS2_PLACEMENT_3D ( 'NONE', #189, #3616, #828 ) ;
#2107 = CIRCLE ( 'NONE', #400, 1.000000000000000000 ) ;
#2108 = DIRECTION ( 'NONE',  ( 0.5877852522924753575, 0.8090169943749458970, 0.000000000000000000 ) ) ;
#2109 = DIRECTION ( 'NONE',  ( 0.000000000000000000, 0.000000000000000000, 1.000000000000000000 ) ) ;
#2110 = DIRECTION ( 'NONE',  ( 1.000000000000000000, 3.305847586396943396E-16, 0.000000000000000000 ) ) ;
#2111 = EDGE_CURVE ( 'NONE', #3625, #2308, #2826, .T. ) ;
#2112 = CARTESIAN_POINT ( 'NONE',  ( 39.99999999999999289, 4.999999999999972466, 2.000000000000000000 ) ) ;
#2113 = DIRECTION ( 'NONE',  ( -0.000000000000000000, -1.000000000000000000, -0.000000000000000000 ) ) ;
#2114 = DIRECTION ( 'NONE',  ( -1.000000000000000000, 0.000000000000000000, 0.000000000000000000 ) ) ;
#2115 = VERTEX_POINT ( 'NONE', #444 ) ;
#2116 = AXIS2_PLACEMENT_3D ( 'NONE', #944, #2155, #3378 ) ;
#2117 = LINE ( 'NONE', #2139, #1731 ) ;
#2118 = ORIENTED_EDGE ( 'NONE', *, *, #1788, .F. ) ;
#2119 = DIRECTION ( 'NONE',  ( 0.000000000000000000, -0.000000000000000000, -1.000000000000000000 ) ) ;
#2120 = CARTESIAN_POINT ( 'NONE',  ( 43.00000000000000000, 5.000000000000000000, 6.500000000000000888 ) ) ;
#2121 = DIRECTION ( 'NONE',  ( -0.000000000000000000, -0.000000000000000000, -1.000000000000000000 ) ) ;
#2122 = ORIENTED_EDGE ( 'NONE', *, *, #2711, .T. ) ;
#2123 = CARTESIAN_POINT ( 'NONE',  ( 4.810746594971043354E-17, 0.5000000000000045519, 7.000000000000000000 ) ) ;
#2124 = EDGE_LOOP ( 'NONE', ( #1845, #2433, #1285, #1784, #1287 ) ) ;
#2125 = VERTEX_POINT ( 'NONE', #118 ) ;
#2126 = ADVANCED_FACE ( 'NONE', ( #1061 ), #2259, .T. ) ;
#2127 = ORIENTED_EDGE ( 'NONE', *, *, #535, .F. ) ;
#2128 = CYLINDRICAL_SURFACE ( 'NONE', #3456, 0.5000000000000001110 ) ;
#2129 = CYLINDRICAL_SURFACE ( 'NONE', #2721, 1.000000000000000000 ) ;
#2130 = ADVANCED_FACE ( 'NONE', ( #1303 ), #3500, .T. ) ;
#2131 = B_SPLINE_CURVE_WITH_KNOTS ( 'NONE', 3,
 ( #1614, #3224, #186, #2837, #1270, #3448, #1892, #49 ),
 .UNSPECIFIED., .F., .F.,
 ( 4, 2, 2, 4 ),
 ( -1.612452621178014006E-05, 0.0004968916094211050074, 0.001009907745053990284, 0.002035940016319760619 ),
 .UNSPECIFIED. ) ;
#2132 = CARTESIAN_POINT ( 'NONE',  ( 41.99999999999999289, 1.301042606982605321E-14, 2.000000000000000000 ) ) ;
#2133 = LINE ( 'NONE', #902, #1109 ) ;
#2134 = CARTESIAN_POINT ( 'NONE',  ( 43.00000000000000000, 0.5000000000000004441, 7.000000000000000000 ) ) ;
#2135 = FACE_OUTER_BOUND ( 'NONE', #411, .T. ) ;
#2136 = ORIENTED_EDGE ( 'NONE', *, *, #2972, .T. ) ;
#2137 = VECTOR ( 'NONE', #406, 1000.000000000000000 ) ;
#2138 = VECTOR ( 'NONE', #1080, 1000.000000000000000 ) ;
#2139 = CARTESIAN_POINT ( 'NONE',  ( 38.99999999999999289, 4.999999999999972466, 2.000000000000000000 ) ) ;
#2140 = ORIENTED_EDGE ( 'NONE', *, *, #2207, .F. ) ;
#2141 = DIRECTION ( 'NONE',  ( 1.000000000000000000, 0.000000000000000000, 0.000000000000000000 ) ) ;
#2142 = ORIENTED_EDGE ( 'NONE', *, *, #355, .T. ) ;
#2143 = CARTESIAN_POINT ( 'NONE',  ( 0.000000000000000000, 12.00000000000000000, 0.5000000000000004441 ) ) ;
#2144 = EDGE_LOOP ( 'NONE', ( #3025, #1235, #3277, #1901 ) ) ;
#2145 = VECTOR ( 'NONE', #1660, 1000.000000000000000 ) ;
#2146 = ORIENTED_EDGE ( 'NONE', *, *, #2925, .T. ) ;
#2147 = CARTESIAN_POINT ( 'NONE',  ( 34.99999999999999289, 5.464378949326942347E-14, 6.500000000000000888 ) ) ;
#2148 = ORIENTED_EDGE ( 'NONE', *, *, #2904, .F. ) ;
#2149 = ORIENTED_EDGE ( 'NONE', *, *, #987, .T. ) ;
#2150 = ORIENTED_EDGE ( 'NONE', *, *, #1155, .T. ) ;
#2151 = CARTESIAN_POINT ( 'NONE',  ( 5.440485190459278364, 9.000000000000000000, 2.000000000000000000 ) ) ;
#2152 = CARTESIAN_POINT ( 'NONE',  ( 41.99999999999999289, 4.999999999999985789, 2.000000000000000000 ) ) ;
#2153 = ADVANCED_FACE ( 'NONE', ( #764 ), #2560, .F. ) ;
#2154 = DIRECTION ( 'NONE',  ( 1.000000000000000000, 0.000000000000000000, 0.000000000000000000 ) ) ;
#2155 = DIRECTION ( 'NONE',  ( 0.000000000000000000, 0.000000000000000000, 1.000000000000000000 ) ) ;
#2156 = DIRECTION ( 'NONE',  ( 1.000000000000000000, 0.000000000000000000, 0.000000000000000000 ) ) ;
#2157 = ADVANCED_FACE ( 'NONE', ( #2518 ), #1378, .T. ) ;
#2158 = CYLINDRICAL_SURFACE ( 'NONE', #2828, 0.9999999999999974465 ) ;
#2159 = ORIENTED_EDGE ( 'NONE', *, *, #760, .F. ) ;
#2160 = DIRECTION ( 'NONE',  ( 1.000000000000000000, 0.000000000000000000, 0.000000000000000000 ) ) ;
#2161 = FACE_BOUND ( 'NONE', #2247, .T. ) ;
#2162 = CARTESIAN_POINT ( 'NONE',  ( 9.000000000000000000, 8.000000000000000000, 0.000000000000000000 ) ) ;
#2163 = VERTEX_POINT ( 'NONE', #3440 ) ;
#2164 = CARTESIAN_POINT ( 'NONE',  ( 0.000000000000000000, 0.000000000000000000, 9.000000000000000000 ) ) ;
#2165 = VERTEX_POINT ( 'NONE', #1042 ) ;
#2166 = AXIS2_PLACEMENT_3D ( 'NONE', #2576, #740, #682 ) ;
#2167 = ORIENTED_EDGE ( 'NONE', *, *, #3806, .F. ) ;
#2168 = CARTESIAN_POINT ( 'NONE',  ( 46.00000000000000000, 0.9999999999999997780, -55.78619639847313039 ) ) ;
#2169 = ORIENTED_EDGE ( 'NONE', *, *, #2034, .F. ) ;
#2170 = AXIS2_PLACEMENT_3D ( 'NONE', #3254, #2392, #825 ) ;
#2171 = DIRECTION ( 'NONE',  ( 0.000000000000000000, 0.000000000000000000, 1.000000000000000000 ) ) ;
#2172 = LINE ( 'NONE', #2152, #867 ) ;
#2173 = VECTOR ( 'NONE', #308, 1000.000000000000000 ) ;
#2174 = VECTOR ( 'NONE', #1029, 1000.000000000000000 ) ;
#2175 = DIRECTION ( 'NONE',  ( 1.000000000000000000, 0.000000000000000000, 0.000000000000000000 ) ) ;
#2176 = CARTESIAN_POINT ( 'NONE',  ( 34.99999999999999289, 4.999999999999944933, 2.000000000000000000 ) ) ;
#2177 = CARTESIAN_POINT ( 'NONE',  ( 38.00000000000000000, 4.076600168545496672E-14, 2.000000000000000000 ) ) ;
#2178 = VECTOR ( 'NONE', #1058, 1000.000000000000000 ) ;
#2179 = DIRECTION ( 'NONE',  ( -1.000000000000000000, -1.225217227755426578E-16, 0.000000000000000000 ) ) ;
#2180 = ADVANCED_FACE ( 'NONE', ( #3479 ), #727, .F. ) ;
#2181 = ORIENTED_EDGE ( 'NONE', *, *, #3261, .T. ) ;
#2182 = EDGE_CURVE ( 'NONE', #54, #3424, #1966, .T. ) ;
#2183 = CARTESIAN_POINT ( 'NONE',  ( 38.99999999999999289, 2.688821387764050996E-14, 2.000000000000000000 ) ) ;
#2184 = ORIENTED_EDGE ( 'NONE', *, *, #3810, .F. ) ;
#2185 = FACE_OUTER_BOUND ( 'NONE', #1712, .T. ) ;
#2186 = ORIENTED_EDGE ( 'NONE', *, *, #3239, .F. ) ;
#2187 = CARTESIAN_POINT ( 'NONE',  ( 43.00000000000000000, -8.673617379884035472E-16, 2.000000000000000000 ) ) ;
#2188 = CC_DESIGN_APPROVAL ( #2230, ( #818 ) ) ;
#2189 = EDGE_CURVE ( 'NONE', #2078, #557, #491, .T. ) ;
#2190 = ORIENTED_EDGE ( 'NONE', *, *, #3305, .T. ) ;
#2191 = CYLINDRICAL_SURFACE ( 'NONE', #3358, 1.000000000000000888 ) ;
#2192 = ORIENTED_EDGE ( 'NONE', *, *, #2746, .F. ) ;
#2193 = VERTEX_POINT ( 'NONE', #1363 ) ;
#2194 = VERTEX_POINT ( 'NONE', #1984 ) ;
#2195 = CARTESIAN_POINT ( 'NONE',  ( 41.99999999999999289, 4.999999999999985789, 2.000000000000000000 ) ) ;
#2196 = CYLINDRICAL_SURFACE ( 'NONE', #2211, 3.000000000000000444 ) ;
#2197 = AXIS2_PLACEMENT_3D ( 'NONE', #863, #1742, #3320 ) ;
#2198 = DIRECTION ( 'NONE',  ( 1.000000000000000000, -1.701468756720994179E-16, 0.000000000000000000 ) ) ;
#2199 = FACE_OUTER_BOUND ( 'NONE', #3747, .T. ) ;
#2200 = DIRECTION ( 'NONE',  ( -1.000000000000000000, 0.000000000000000000, 0.000000000000000000 ) ) ;
#2201 = ORIENTED_EDGE ( 'NONE', *, *, #445, .F. ) ;
#2202 = DIRECTION ( 'NONE',  ( 1.000000000000000000, 0.000000000000000000, 0.000000000000000000 ) ) ;
#2203 = VERTEX_POINT ( 'NONE', #3196 ) ;
#2204 = CYLINDRICAL_SURFACE ( 'NONE', #3800, 1.000000000000000888 ) ;
#2205 = VERTEX_POINT ( 'NONE', #1681 ) ;
#2206 = CARTESIAN_POINT ( 'NONE',  ( 43.00000000000000000, 4.000000000000000000, 2.000000000000000000 ) ) ;
#2207 = EDGE_CURVE ( 'NONE', #2432, #2440, #2907, .T. ) ;
#2208 = CIRCLE ( 'NONE', #933, 0.5000000000000004441 ) ;
#2209 = VERTEX_POINT ( 'NONE', #3138 ) ;
#2210 = EDGE_CURVE ( 'NONE', #3693, #1353, #2389, .T. ) ;
#2211 = AXIS2_PLACEMENT_3D ( 'NONE', #940, #3051, #14 ) ;
#2212 = DIRECTION ( 'NONE',  ( 0.000000000000000000, -0.000000000000000000, -1.000000000000000000 ) ) ;
#2213 = ORIENTED_EDGE ( 'NONE', *, *, #454, .F. ) ;
#2214 = VECTOR ( 'NONE', #1079, 1000.000000000000000 ) ;
#2215 = AXIS2_PLACEMENT_3D ( 'NONE', #862, #207, #224 ) ;
#2216 = CARTESIAN_POINT ( 'NONE',  ( 23.38095595370372237, 4.809016994374943010, -55.78619639847313039 ) ) ;
#2217 = ORIENTED_EDGE ( 'NONE', *, *, #2809, .F. ) ;
#2218 = DIRECTION ( 'NONE',  ( 9.621493189942000426E-17, 1.000000000000000000, 0.000000000000000000 ) ) ;
#2219 = PERSON_AND_ORGANIZATION ( #3608, #1231 ) ;
#2220 = CARTESIAN_POINT ( 'NONE',  ( 0.000000000000000000, 0.000000000000000000, 7.000000000000000000 ) ) ;
#2221 = CARTESIAN_POINT ( 'NONE',  ( 41.99999999999999289, 4.500000000000000888, 7.000000000000000000 ) ) ;
#2222 = ADVANCED_FACE ( 'NONE', ( #3913 ), #1735, .F. ) ;
#2223 = ORIENTED_EDGE ( 'NONE', *, *, #357, .T. ) ;
#2224 = FACE_OUTER_BOUND ( 'NONE', #3133, .T. ) ;
#2225 = DIRECTION ( 'NONE',  ( -0.000000000000000000, 0.000000000000000000, 1.000000000000000000 ) ) ;
#2226 = DIRECTION ( 'NONE',  ( -0.8660254037844379305, -0.5000000000000013323, 0.000000000000000000 ) ) ;
#2227 = ORIENTED_EDGE ( 'NONE', *, *, #1335, .T. ) ;
#2228 = DIRECTION ( 'NONE',  ( -1.000000000000000000, -1.225217227755426578E-16, -0.000000000000000000 ) ) ;
#2229 = ORIENTED_EDGE ( 'NONE', *, *, #2210, .F. ) ;
#2230 = APPROVAL ( #2607, 'UNSPECIFIED' ) ;
#2231 = CARTESIAN_POINT ( 'NONE',  ( 4.810746594971043354E-17, 0.5000000000000045519, 7.000000000000000000 ) ) ;
#2232 = VERTEX_POINT ( 'NONE', #1171 ) ;
#2233 = ORIENTED_EDGE ( 'NONE', *, *, #3283, .F. ) ;
#2234 = VECTOR ( 'NONE', #1805, 1000.000000000000000 ) ;
#2235 = EDGE_CURVE ( 'NONE', #1214, #565, #3310, .T. ) ;
#2236 = ADVANCED_FACE ( 'NONE', ( #2679 ), #1768, .F. ) ;
#2237 = DIRECTION ( 'NONE',  ( 9.621493189942000426E-17, 1.000000000000000000, 0.000000000000000000 ) ) ;
#2238 = DIRECTION ( 'NONE',  ( -0.000000000000000000, -0.000000000000000000, 1.000000000000000000 ) ) ;
#2239 = VECTOR ( 'NONE', #3828, 1000.000000000000000 ) ;
#2240 = VECTOR ( 'NONE', #3335, 1000.000000000000000 ) ;
#2241 = APPLICATION_PROTOCOL_DEFINITION ( 'international standard', 'config_control_design', 1994, #629 ) ;
#2242 = CARTESIAN_POINT ( 'NONE',  ( 34.99999999999999289, 1.000000000000054623, 2.000000000000000000 ) ) ;
#2243 = ORIENTED_EDGE ( 'NONE', *, *, #2819, .T. ) ;
#2244 = CARTESIAN_POINT ( 'NONE',  ( 44.00000000000000000, 5.000000000000000000, 2.000000000000000000 ) ) ;
#2245 = AXIS2_PLACEMENT_3D ( 'NONE', #1504, #553, #907 ) ;
#2246 = EDGE_CURVE ( 'NONE', #287, #1557, #2072, .T. ) ;
#2247 = EDGE_LOOP ( 'NONE', ( #3269, #1996 ) ) ;
#2248 = VECTOR ( 'NONE', #460, 1000.000000000000000 ) ;
#2249 = DIRECTION ( 'NONE',  ( 0.000000000000000000, -1.000000000000000000, 0.000000000000000000 ) ) ;
#2250 = DIRECTION ( 'NONE',  ( -0.000000000000000000, 1.000000000000000000, 0.000000000000000000 ) ) ;
#2251 = CARTESIAN_POINT ( 'NONE',  ( 34.99999999999999289, 3.999999999999944489, 2.000000000000000000 ) ) ;
#2252 = EDGE_LOOP ( 'NONE', ( #574, #1903, #1728, #1534 ) ) ;
#2253 = VERTEX_POINT ( 'NONE', #253 ) ;
#2254 = PLANE ( 'NONE',  #2166 ) ;
#2255 = ORIENTED_EDGE ( 'NONE', *, *, #2630, .T. ) ;
#2256 = CC_DESIGN_SECURITY_CLASSIFICATION ( #3470, ( #978 ) ) ;
#2257 = CARTESIAN_POINT ( 'NONE',  ( 40.99999999999999289, 1.000000000000013101, 7.000000000000000000 ) ) ;
#2258 = PLANE ( 'NONE',  #368 ) ;
#2259 = CYLINDRICAL_SURFACE ( 'NONE', #101, 0.5000000000000004441 ) ;
#2260 = EDGE_CURVE ( 'NONE', #906, #2365, #1381, .T. ) ;
#2261 = DIRECTION ( 'NONE',  ( 1.000000000000000000, 0.000000000000000000, 0.000000000000000000 ) ) ;
#2262 = TOROIDAL_SURFACE ( 'NONE', #3157, 1.500000000000000444, 0.5000000000000000000 ) ;
#2263 = CARTESIAN_POINT ( 'NONE',  ( 31.84150274188695562, 4.500000000000000888, 6.499999999999999112 ) ) ;
#2264 = EDGE_CURVE ( 'NONE', #1015, #1628, #874, .T. ) ;
#2265 = CARTESIAN_POINT ( 'NONE',  ( 38.00000000000000000, 3.999999999999958256, 7.000000000000000000 ) ) ;
#2266 = DIRECTION ( 'NONE',  ( -1.000000000000000000, 0.000000000000000000, 0.000000000000000000 ) ) ;
#2267 = LINE ( 'NONE', #1370, #3662 ) ;
#2268 = VERTEX_POINT ( 'NONE', #2033 ) ;
#2269 = ORIENTED_EDGE ( 'NONE', *, *, #1948, .T. ) ;
#2270 = AXIS2_PLACEMENT_3D ( 'NONE', #1991, #1328, #1348 ) ;
#2271 = LINE ( 'NONE', #2859, #1400 ) ;
#2272 = ORIENTED_EDGE ( 'NONE', *, *, #251, .T. ) ;
#2273 = EDGE_CURVE ( 'NONE', #1918, #1878, #2976, .T. ) ;
#2274 = DIRECTION ( 'NONE',  ( 0.000000000000000000, 0.000000000000000000, -1.000000000000000000 ) ) ;
#2275 = VECTOR ( 'NONE', #2294, 1000.000000000000114 ) ;
#2276 = ORIENTED_EDGE ( 'NONE', *, *, #1039, .F. ) ;
#2277 = LINE ( 'NONE', #3459, #2728 ) ;
#2278 = CARTESIAN_POINT ( 'NONE',  ( 38.00000000000000000, 4.999999999999958256, 7.000000000000000000 ) ) ;
#2279 = CIRCLE ( 'NONE', #2215, 1.000000000000000888 ) ;
#2280 = CIRCLE ( 'NONE', #3557, 0.4999999999999998890 ) ;
#2281 = CARTESIAN_POINT ( 'NONE',  ( 30.22444041541743331, 1.268431838513314758E-15, 0.4289506501131734595 ) ) ;
#2282 = EDGE_CURVE ( 'NONE', #3059, #3945, #2394, .T. ) ;
#2283 = DIRECTION ( 'NONE',  ( -1.387778780781444413E-14, 0.000000000000000000, -1.000000000000000000 ) ) ;
#2284 = EDGE_CURVE ( 'NONE', #462, #1075, #2533, .T. ) ;
#2285 = DIRECTION ( 'NONE',  ( -0.000000000000000000, -1.000000000000000000, -0.000000000000000000 ) ) ;
#2286 = CARTESIAN_POINT ( 'NONE',  ( 38.99999999999999289, 2.688821387764050996E-14, 6.500000000000000888 ) ) ;
#2287 = FACE_OUTER_BOUND ( 'NONE', #276, .T. ) ;
#2288 = ORIENTED_EDGE ( 'NONE', *, *, #357, .F. ) ;
#2289 = ORIENTED_EDGE ( 'NONE', *, *, #3240, .T. ) ;
#2290 = CARTESIAN_POINT ( 'NONE',  ( 20.00000000000000000, 8.000000000000000000, -55.78619639847313039 ) ) ;
#2291 = ADVANCED_FACE ( 'NONE', ( #1451 ), #2924, .F. ) ;
#2292 = PLANE ( 'NONE',  #3396 ) ;
#2293 = DIRECTION ( 'NONE',  ( 0.000000000000000000, 0.000000000000000000, 1.000000000000000000 ) ) ;
#2294 = DIRECTION ( 'NONE',  ( 0.8090169943749467851, -0.5877852522924739143, 0.000000000000000000 ) ) ;
#2295 = AXIS2_PLACEMENT_3D ( 'NONE', #2822, #1298, #2212 ) ;
#2296 = CARTESIAN_POINT ( 'NONE',  ( 29.73713444394043037, 0.1909830056250564345, 0.1069243111212871411 ) ) ;
#2297 = AXIS2_PLACEMENT_3D ( 'NONE', #1316, #1675, #419 ) ;
#2298 = DIRECTION ( 'NONE',  ( 0.8660254037844378194, 0.5000000000000015543, -9.013887592422923028E-15 ) ) ;
#2299 = CARTESIAN_POINT ( 'NONE',  ( 45.99999999999999289, 0.5000000000000001110, 0.5000000000000000000 ) ) ;
#2300 = AXIS2_PLACEMENT_3D ( 'NONE', #2564, #3199, #2261 ) ;
#2301 = CARTESIAN_POINT ( 'NONE',  ( 41.99999999999999289, 1.000000000000013101, 2.000000000000000000 ) ) ;
#2302 = CARTESIAN_POINT ( 'NONE',  ( 39.99999999999999289, 2.688821387764050996E-14, 2.000000000000000000 ) ) ;
#2303 = DIRECTION ( 'NONE',  ( -0.000000000000000000, 0.000000000000000000, 1.000000000000000000 ) ) ;
#2304 = ORIENTED_EDGE ( 'NONE', *, *, #3632, .T. ) ;
#2305 = EDGE_CURVE ( 'NONE', #1615, #2516, #685, .T. ) ;
#2306 = VECTOR ( 'NONE', #2509, 1000.000000000000000 ) ;
#2307 = ADVANCED_FACE ( 'NONE', ( #519 ), #1138, .T. ) ;
#2308 = VERTEX_POINT ( 'NONE', #555 ) ;
#2309 = AXIS2_PLACEMENT_3D ( 'NONE', #2481, #323, #19 ) ;
#2310 = ORIENTED_EDGE ( 'NONE', *, *, #3558, .F. ) ;
#2311 = CARTESIAN_POINT ( 'NONE',  ( 0.000000000000000000, 11.50000000000000000, 0.000000000000000000 ) ) ;
#2312 = ADVANCED_FACE ( 'NONE', ( #854 ), #2069, .F. ) ;
#2313 = LINE ( 'NONE', #197, #2050 ) ;
#2314 = ORIENTED_EDGE ( 'NONE', *, *, #1043, .F. ) ;
#2315 = CARTESIAN_POINT ( 'NONE',  ( 46.50000000000000000, 1.000000000000003553, 0.000000000000000000 ) ) ;
#2316 = DIRECTION ( 'NONE',  ( 1.000000000000000000, -0.000000000000000000, 0.000000000000000000 ) ) ;
#2317 = ORIENTED_EDGE ( 'NONE', *, *, #3518, .T. ) ;
#2318 = AXIS2_PLACEMENT_3D ( 'NONE', #40, #2723, #3421 ) ;
#2319 = CARTESIAN_POINT ( 'NONE',  ( 15.23148915302668094, 16.21377929680427243, 0.000000000000000000 ) ) ;
#2320 = DIRECTION ( 'NONE',  ( 1.000000000000000000, 0.000000000000000000, 0.000000000000000000 ) ) ;
#2321 = EDGE_LOOP ( 'NONE', ( #3410, #1556 ) ) ;
#2322 = CYLINDRICAL_SURFACE ( 'NONE', #3534, 0.5000000000000000000 ) ;
#2323 = DIRECTION ( 'NONE',  ( 1.000000000000000000, 0.000000000000000000, -0.000000000000000000 ) ) ;
#2324 = DIRECTION ( 'NONE',  ( -1.000000000000000000, -1.225217227755426578E-16, 0.000000000000000000 ) ) ;
#2325 = ORIENTED_EDGE ( 'NONE', *, *, #2952, .F. ) ;
#2326 = ADVANCED_FACE ( 'NONE', ( #3238 ), #501, .T. ) ;
#2327 = FACE_OUTER_BOUND ( 'NONE', #2940, .T. ) ;
#2328 = CARTESIAN_POINT ( 'NONE',  ( 6.499999999999998224, 1.443344142121325017E-15, -55.78619639847313039 ) ) ;
#2329 = EDGE_CURVE ( 'NONE', #1009, #2804, #2208, .T. ) ;
#2330 = ORIENTED_EDGE ( 'NONE', *, *, #927, .T. ) ;
#2331 = CARTESIAN_POINT ( 'NONE',  ( 39.99999999999999289, 4.999999999999972466, 2.000000000000000000 ) ) ;
#2332 = CARTESIAN_POINT ( 'NONE',  ( 34.99999999999999289, 0.5000000000000012212, 6.500000000000000888 ) ) ;
#2333 = ORIENTED_EDGE ( 'NONE', *, *, #1116, .T. ) ;
#2334 = VECTOR ( 'NONE', #3520, 1000.000000000000000 ) ;
#2335 = VECTOR ( 'NONE', #1189, 1000.000000000000000 ) ;
#2336 = CARTESIAN_POINT ( 'NONE',  ( 45.99999999999999289, 9.621493189942060823E-17, 0.5000000000000004441 ) ) ;
#2337 = DIRECTION ( 'NONE',  ( 1.000000000000000000, -0.000000000000000000, 0.000000000000000000 ) ) ;
#2338 = CIRCLE ( 'NONE', #3104, 0.4999999999999997780 ) ;
#2339 = ORIENTED_EDGE ( 'NONE', *, *, #2273, .T. ) ;
#2340 = CIRCLE ( 'NONE', #1006, 0.5000000000000004441 ) ;
#2341 = DIRECTION ( 'NONE',  ( -1.387778780781445676E-14, 0.000000000000000000, 1.000000000000000000 ) ) ;
#2342 = CARTESIAN_POINT ( 'NONE',  ( 36.00000000000000000, 4.999999999999944933, 2.000000000000000000 ) ) ;
#2343 = CARTESIAN_POINT ( 'NONE',  ( 38.00000000000000000, 4.999999999999958256, 2.000000000000000000 ) ) ;
#2344 = AXIS2_PLACEMENT_3D ( 'NONE', #2381, #2074, #3868 ) ;
#2345 = EDGE_CURVE ( 'NONE', #2762, #1450, #3716, .T. ) ;
#2346 = VERTEX_POINT ( 'NONE', #2782 ) ;
#2347 = ORIENTED_EDGE ( 'NONE', *, *, #3283, .T. ) ;
#2348 = DIRECTION ( 'NONE',  ( 0.000000000000000000, 0.000000000000000000, 1.000000000000000000 ) ) ;
#2349 = EDGE_CURVE ( 'NONE', #2482, #11, #3026, .T. ) ;
#2350 = CARTESIAN_POINT ( 'NONE',  ( 0.000000000000000000, 0.000000000000000000, 9.000000000000000000 ) ) ;
#2351 = VERTEX_POINT ( 'NONE', #615 ) ;
#2352 = CARTESIAN_POINT ( 'NONE',  ( 30.95982486344823315, 4.786474508437578379, 6.500000000000000888 ) ) ;
#2353 = CARTESIAN_POINT ( 'NONE',  ( -6.499999999999999112, 0.000000000000000000, 9.000000000000000000 ) ) ;
#2354 = EDGE_CURVE ( 'NONE', #1889, #2798, #335, .T. ) ;
#2355 = ADVANCED_FACE ( 'NONE', ( #2716 ), #313, .F. ) ;
#2356 = CARTESIAN_POINT ( 'NONE',  ( 4.350937166592712147E-31, 4.522101799272739202E-15, 6.499999999999999112 ) ) ;
#2357 = DIRECTION ( 'NONE',  ( 0.8660254037844363761, 0.5000000000000042188, -1.502314598737151340E-15 ) ) ;
#2358 = ORIENTED_EDGE ( 'NONE', *, *, #2681, .T. ) ;
#2359 = ORIENTED_EDGE ( 'NONE', *, *, #3420, .F. ) ;
#2360 = CIRCLE ( 'NONE', #3960, 1.000000000000000888 ) ;
#2361 = DIRECTION ( 'NONE',  ( -0.000000000000000000, -0.000000000000000000, 1.000000000000000000 ) ) ;
#2362 = DIRECTION ( 'NONE',  ( 1.000000000000000000, 0.000000000000000000, 0.000000000000000000 ) ) ;
#2363 = DIRECTION ( 'NONE',  ( 0.000000000000000000, 0.000000000000000000, 1.000000000000000000 ) ) ;
#2364 = CIRCLE ( 'NONE', #577, 3.000000000000000444 ) ;
#2365 = VERTEX_POINT ( 'NONE', #2147 ) ;
#2366 = ORIENTED_EDGE ( 'NONE', *, *, #502, .T. ) ;
#2367 = LINE ( 'NONE', #2066, #2092 ) ;
#2368 = VECTOR ( 'NONE', #2285, 1000.000000000000000 ) ;
#2369 = VECTOR ( 'NONE', #3183, 1000.000000000000000 ) ;
#2370 = DIRECTION ( 'NONE',  ( -1.000000000000000000, -7.372574772901423840E-15, 0.000000000000000000 ) ) ;
#2371 = AXIS2_PLACEMENT_3D ( 'NONE', #624, #1793, #2175 ) ;
#2372 = ORIENTED_EDGE ( 'NONE', *, *, #622, .T. ) ;
#2373 = CARTESIAN_POINT ( 'NONE',  ( 38.99999999999999289, 1.000000000000026867, 2.000000000000000000 ) ) ;
#2374 = ORIENTED_EDGE ( 'NONE', *, *, #1204, .T. ) ;
#2375 = CARTESIAN_POINT ( 'NONE',  ( 29.31180903976441599, 0.5000000000000004441, 0.000000000000000000 ) ) ;
#2376 = DIRECTION ( 'NONE',  ( 0.000000000000000000, 0.000000000000000000, 1.000000000000000000 ) ) ;
#2377 = ADVANCED_FACE ( 'NONE', ( #52 ), #2191, .T. ) ;
#2378 = VECTOR ( 'NONE', #668, 1000.000000000000000 ) ;
#2379 = ORIENTED_EDGE ( 'NONE', *, *, #2005, .T. ) ;
#2380 = DIRECTION ( 'NONE',  ( -0.000000000000000000, 0.000000000000000000, 1.000000000000000000 ) ) ;
#2381 = CARTESIAN_POINT ( 'NONE',  ( 13.99999999999999822, 8.000000000000000000, -55.78619639847313039 ) ) ;
#2382 = EDGE_CURVE ( 'NONE', #3308, #373, #3651, .T. ) ;
#2383 = CARTESIAN_POINT ( 'NONE',  ( 39.99999999999999289, 3.999999999999972466, 2.000000000000000000 ) ) ;
#2384 = ORIENTED_EDGE ( 'NONE', *, *, #2428, .T. ) ;
#2385 = VERTEX_POINT ( 'NONE', #2493 ) ;
#2386 = ORIENTED_EDGE ( 'NONE', *, *, #1721, .T. ) ;
#2387 = DIRECTION ( 'NONE',  ( 1.000000000000000000, -2.312964634635742267E-15, 0.000000000000000000 ) ) ;
#2388 = AXIS2_PLACEMENT_3D ( 'NONE', #3508, #172, #2303 ) ;
#2389 = LINE ( 'NONE', #2353, #2792 ) ;
#2390 = ADVANCED_FACE ( 'NONE', ( #934 ), #2758, .T. ) ;
#2391 = VERTEX_POINT ( 'NONE', #3372 ) ;
#2392 = DIRECTION ( 'NONE',  ( -0.000000000000000000, 0.000000000000000000, 1.000000000000000000 ) ) ;
#2393 = FACE_OUTER_BOUND ( 'NONE', #822, .T. ) ;
#2394 = CIRCLE ( 'NONE', #3746, 1.000000000000000888 ) ;
#2395 = ADVANCED_FACE ( 'NONE', ( #2736 ), #1208, .T. ) ;
#2396 = DIRECTION ( 'NONE',  ( 1.000000000000000000, 0.000000000000000000, 0.000000000000000000 ) ) ;
#2397 = FACE_OUTER_BOUND ( 'NONE', #2102, .T. ) ;
#2398 = VECTOR ( 'NONE', #2376, 1000.000000000000000 ) ;
#2399 = CYLINDRICAL_SURFACE ( 'NONE', #2197, 0.5000000000000004441 ) ;
#2400 = EDGE_CURVE ( 'NONE', #2268, #2205, #3626, .T. ) ;
#2401 = VECTOR ( 'NONE', #3812, 1000.000000000000000 ) ;
#2402 = ORIENTED_EDGE ( 'NONE', *, *, #1554, .F. ) ;
#2403 = ORIENTED_EDGE ( 'NONE', *, *, #2453, .T. ) ;
#2404 = FACE_OUTER_BOUND ( 'NONE', #312, .T. ) ;
#2405 = DIRECTION ( 'NONE',  ( -0.3034552433348117195, -0.9528456933274191965, 0.000000000000000000 ) ) ;
#2406 = ORIENTED_EDGE ( 'NONE', *, *, #2968, .T. ) ;
#2407 = CARTESIAN_POINT ( 'NONE',  ( 40.99999999999999289, 1.000000000000013101, 2.000000000000000000 ) ) ;
#2408 = ORIENTED_EDGE ( 'NONE', *, *, #1533, .T. ) ;
#2409 = EDGE_LOOP ( 'NONE', ( #286, #2874, #2192, #1613 ) ) ;
#2410 = ORIENTED_EDGE ( 'NONE', *, *, #1168, .F. ) ;
#2411 = CARTESIAN_POINT ( 'NONE',  ( -5.513477524899414180E-16, 4.499999999999995559, 7.000000000000000000 ) ) ;
#2412 = ORIENTED_EDGE ( 'NONE', *, *, #3162, .T. ) ;
#2413 = CARTESIAN_POINT ( 'NONE',  ( -5.513477524899414180E-16, 4.499999999999995559, 7.000000000000000000 ) ) ;
#2414 = LINE ( 'NONE', #3615, #1863 ) ;
#2415 = LINE ( 'NONE', #2112, #339 ) ;
#2416 = CARTESIAN_POINT ( 'NONE',  ( 46.50000000000000000, 3.999999999999993339, 7.000000000000000000 ) ) ;
#2417 = CARTESIAN_POINT ( 'NONE',  ( 44.00000000000000000, -8.673617379884035472E-16, 7.000000000000000000 ) ) ;
#2418 = VERTEX_POINT ( 'NONE', #1485 ) ;
#2419 = DIRECTION ( 'NONE',  ( -0.8660254037844379305, -0.5000000000000013323, -0.000000000000000000 ) ) ;
#2420 = ORIENTED_EDGE ( 'NONE', *, *, #3257, .F. ) ;
#2421 = DIRECTION ( 'NONE',  ( 1.225217227755425346E-16, -1.000000000000000000, 0.000000000000000000 ) ) ;
#2422 = AXIS2_PLACEMENT_3D ( 'NONE', #700, #90, #1592 ) ;
#2423 = ADVANCED_FACE ( 'NONE', ( #3929 ), #891, .T. ) ;
#2424 = CARTESIAN_POINT ( 'NONE',  ( 6.571796769724521425, 12.13397459621556607, 6.499999999999999112 ) ) ;
#2425 = EDGE_CURVE ( 'NONE', #2028, #2596, #593, .T. ) ;
#2426 = DIRECTION ( 'NONE',  ( 1.000000000000000000, 0.000000000000000000, 0.000000000000000000 ) ) ;
#2427 = ORIENTED_EDGE ( 'NONE', *, *, #2087, .T. ) ;
#2428 = EDGE_CURVE ( 'NONE', #851, #2028, #1575, .T. ) ;
#2429 = LINE ( 'NONE', #3392, #1663 ) ;
#2430 = VERTEX_POINT ( 'NONE', #293 ) ;
#2431 = ORIENTED_EDGE ( 'NONE', *, *, #2076, .T. ) ;
#2432 = VERTEX_POINT ( 'NONE', #1506 ) ;
#2433 = ORIENTED_EDGE ( 'NONE', *, *, #1385, .F. ) ;
#2434 = LINE ( 'NONE', #2497, #2240 ) ;
#2435 = CARTESIAN_POINT ( 'NONE',  ( 39.99999999999999289, 4.999999999999972466, 7.000000000000000000 ) ) ;
#2436 = LINE ( 'NONE', #3377, #1532 ) ;
#2437 = CARTESIAN_POINT ( 'NONE',  ( 43.00000000000000000, 4.500000000000000888, 7.000000000000000000 ) ) ;
#2438 = CYLINDRICAL_SURFACE ( 'NONE', #3100, 0.5000000000000000000 ) ;
#2439 = DIRECTION ( 'NONE',  ( -0.000000000000000000, -0.000000000000000000, -1.000000000000000000 ) ) ;
#2440 = VERTEX_POINT ( 'NONE', #3692 ) ;
#2441 = CC_DESIGN_APPROVAL ( #1945, ( #978 ) ) ;
#2442 = CARTESIAN_POINT ( 'NONE',  ( 14.93759652688044248, 15.80927079961680626, 7.000000000000000000 ) ) ;
#2443 = ORIENTED_EDGE ( 'NONE', *, *, #706, .F. ) ;
#2444 = CARTESIAN_POINT ( 'NONE',  ( 6.335616690438605758, 1.468134391712968778, 6.875913854757199850 ) ) ;
#2445 = VERTEX_POINT ( 'NONE', #30 ) ;
#2446 = CARTESIAN_POINT ( 'NONE',  ( 41.99999999999999289, 1.000000000000013101, 2.000000000000000000 ) ) ;
#2447 = ORIENTED_EDGE ( 'NONE', *, *, #1357, .T. ) ;
#2448 = EDGE_CURVE ( 'NONE', #1778, #2916, #2429, .T. ) ;
#2449 = VECTOR ( 'NONE', #2324, 1000.000000000000000 ) ;
#2450 = CARTESIAN_POINT ( 'NONE',  ( 38.00000000000000000, 4.076600168545496672E-14, 7.000000000000000000 ) ) ;
#2451 = VERTEX_POINT ( 'NONE', #358 ) ;
#2452 = VERTEX_POINT ( 'NONE', #1254 ) ;
#2453 = EDGE_CURVE ( 'NONE', #3775, #3312, #2471, .T. ) ;
#2454 = CARTESIAN_POINT ( 'NONE',  ( 10.65863771052205244, 14.67035624161478680, 6.500000000000000888 ) ) ;
#2455 = DIRECTION ( 'NONE',  ( -0.3034552433348117195, -0.9528456933274191965, 0.000000000000000000 ) ) ;
#2456 = DIRECTION ( 'NONE',  ( 1.000000000000000000, 4.336808689942013949E-14, 0.000000000000000000 ) ) ;
#2457 = DIRECTION ( 'NONE',  ( -1.000000000000000000, -1.225217227755426578E-16, 0.000000000000000000 ) ) ;
#2458 = DIRECTION ( 'NONE',  ( 1.000000000000000000, 0.000000000000000000, -0.000000000000000000 ) ) ;
#2459 = AXIS2_PLACEMENT_3D ( 'NONE', #3507, #735, #1050 ) ;
#2460 = DIRECTION ( 'NONE',  ( -0.000000000000000000, 0.000000000000000000, 1.000000000000000000 ) ) ;
#2461 = EDGE_CURVE ( 'NONE', #2834, #392, #1899, .T. ) ;
#2462 = EDGE_LOOP ( 'NONE', ( #210, #1074, #3164, #1877 ) ) ;
#2463 = AXIS2_PLACEMENT_3D ( 'NONE', #572, #1785, #9 ) ;
#2464 = LINE ( 'NONE', #2772, #3969 ) ;
#2465 = ORIENTED_EDGE ( 'NONE', *, *, #2062, .T. ) ;
#2466 = DIRECTION ( 'NONE',  ( 1.000000000000000000, 0.000000000000000000, 0.000000000000000000 ) ) ;
#2467 = CARTESIAN_POINT ( 'NONE',  ( 34.99999999999999289, 3.999999999999944489, 2.000000000000000000 ) ) ;
#2468 = VERTEX_POINT ( 'NONE', #92 ) ;
#2469 = CIRCLE ( 'NONE', #1760, 1.500000000000001332 ) ;
#2470 = EDGE_LOOP ( 'NONE', ( #1499, #1930, #3352, #1467 ) ) ;
#2471 = LINE ( 'NONE', #953, #256 ) ;
#2472 = VERTEX_POINT ( 'NONE', #1939 ) ;
#2473 = VERTEX_POINT ( 'NONE', #1595 ) ;
#2474 = DIRECTION ( 'NONE',  ( 1.000000000000000000, 0.000000000000000000, 0.000000000000000000 ) ) ;
#2475 = LINE ( 'NONE', #2435, #3748 ) ;
#2476 = EDGE_CURVE ( 'NONE', #916, #3159, #385, .T. ) ;
#2477 = ADVANCED_FACE ( 'NONE', ( #3190 ), #377, .T. ) ;
#2478 = FACE_OUTER_BOUND ( 'NONE', #1333, .T. ) ;
#2479 = CARTESIAN_POINT ( 'NONE',  ( 39.99999999999999289, 6.735045232959404119E-16, 6.499999999999999112 ) ) ;
#2480 = CARTESIAN_POINT ( 'NONE',  ( 37.00000000000000000, 4.999999999999958256, 6.500000000000000888 ) ) ;
#2481 = CARTESIAN_POINT ( 'NONE',  ( 0.000000000000000000, 0.000000000000000000, 0.000000000000000000 ) ) ;
#2482 = VERTEX_POINT ( 'NONE', #458 ) ;
#2484 = AXIS2_PLACEMENT_3D ( 'NONE', #3636, #2458, #985 ) ;
#2483 = FACE_OUTER_BOUND ( 'NONE', #1433, .T. ) ;
#2485 = EDGE_LOOP ( 'NONE', ( #3881, #3146, #3609, #661 ) ) ;
#2486 = CARTESIAN_POINT ( 'NONE',  ( 6.499999999999998224, 0.2098522059576704013, 6.558202034744803122 ) ) ;
#2487 = ORIENTED_EDGE ( 'NONE', *, *, #864, .T. ) ;
#2488 = LINE ( 'NONE', #993, #895 ) ;
#2489 = ORIENTED_EDGE ( 'NONE', *, *, #3896, .T. ) ;
#2490 = PRODUCT_RELATED_PRODUCT_CATEGORY ( 'detail', '', ( #2937 ) ) ;
#2491 = AXIS2_PLACEMENT_3D ( 'NONE', #2467, #3067, #610 ) ;
#2492 = EDGE_LOOP ( 'NONE', ( #477, #2731, #3961, #1002 ) ) ;
#2493 = CARTESIAN_POINT ( 'NONE',  ( 37.00000000000000000, 0.5000000000000009992, 7.000000000000000000 ) ) ;
#2494 = ORIENTED_EDGE ( 'NONE', *, *, #1086, .F. ) ;
#2495 = ORIENTED_EDGE ( 'NONE', *, *, #2305, .F. ) ;
#2496 = AXIS2_PLACEMENT_3D ( 'NONE', #3221, #2021, #877 ) ;
#2497 = CARTESIAN_POINT ( 'NONE',  ( 45.99999999999999289, 9.621493189942060823E-17, 0.5000000000000000000 ) ) ;
#2498 = ORIENTED_EDGE ( 'NONE', *, *, #1401, .F. ) ;
#2499 = CARTESIAN_POINT ( 'NONE',  ( -6.193497006628223112, 1.972459081676275705, -55.78619639847313039 ) ) ;
#2500 = CIRCLE ( 'NONE', #3579, 0.9999999999999991118 ) ;
#2501 = AXIS2_PLACEMENT_3D ( 'NONE', #3703, #2439, #2200 ) ;
#2502 = CARTESIAN_POINT ( 'NONE',  ( 43.00000000000000000, 4.000000000000000000, 7.000000000000000000 ) ) ;
#2503 = DIRECTION ( 'NONE',  ( -0.000000000000000000, -1.000000000000000000, -0.000000000000000000 ) ) ;
#2504 = CIRCLE ( 'NONE', #2371, 1.000000000000000888 ) ;
#2505 = EDGE_CURVE ( 'NONE', #557, #906, #2537, .T. ) ;
#2506 = CARTESIAN_POINT ( 'NONE',  ( -2.268984724868938319, 11.50000000000000000, 7.000000000000000000 ) ) ;
#2507 = VERTEX_POINT ( 'NONE', #3492 ) ;
#2508 = EDGE_CURVE ( 'NONE', #1666, #255, #772, .T. ) ;
#2509 = DIRECTION ( 'NONE',  ( 1.000000000000000000, 0.000000000000000000, 0.000000000000000000 ) ) ;
#2510 = EDGE_LOOP ( 'NONE', ( #3027, #1955, #1656, #2167 ) ) ;
#2511 = CARTESIAN_POINT ( 'NONE',  ( 22.79317070141124191, 3.999999999999997335, 6.499999999999999112 ) ) ;
#2512 = DIRECTION ( 'NONE',  ( -0.000000000000000000, -0.000000000000000000, -1.000000000000000000 ) ) ;
#2513 = LOCAL_TIME ( 23, 44, 21.00000000000000000, #2563 ) ;
#2514 = ORIENTED_EDGE ( 'NONE', *, *, #485, .F. ) ;
#2515 = CARTESIAN_POINT ( 'NONE',  ( -1.322065561030832281, 7.382556647418032192, 7.000000000000000000 ) ) ;
#2516 = VERTEX_POINT ( 'NONE', #3759 ) ;
#2517 = CARTESIAN_POINT ( 'NONE',  ( 47.00000000000000000, 3.999999999999993339, 0.5000000000000000000 ) ) ;
#2518 = FACE_OUTER_BOUND ( 'NONE', #2144, .T. ) ;
#2519 = EDGE_CURVE ( 'NONE', #759, #2194, #1779, .T. ) ;
#2520 = COORDINATED_UNIVERSAL_TIME_OFFSET ( 5, 30, .AHEAD. ) ;
#2521 = DIRECTION ( 'NONE',  ( 1.000000000000000000, -9.621493189941999193E-17, 0.000000000000000000 ) ) ;
#2522 = CARTESIAN_POINT ( 'NONE',  ( 13.99999999999999822, 8.000000000000000000, 0.000000000000000000 ) ) ;
#2523 = EDGE_CURVE ( 'NONE', #2385, #889, #1722, .T. ) ;
#2524 = ORIENTED_EDGE ( 'NONE', *, *, #1971, .F. ) ;
#2525 = DIRECTION ( 'NONE',  ( -0.000000000000000000, -0.000000000000000000, 1.000000000000000000 ) ) ;
#2526 = ORIENTED_EDGE ( 'NONE', *, *, #81, .F. ) ;
#2527 = FACE_OUTER_BOUND ( 'NONE', #1983, .T. ) ;
#2528 = VERTEX_POINT ( 'NONE', #3473 ) ;
#2529 = LINE ( 'NONE', #416, #3633 ) ;
#2530 = EDGE_CURVE ( 'NONE', #1015, #275, #2271, .T. ) ;
#2531 = VECTOR ( 'NONE', #60, 1000.000000000000000 ) ;
#2532 = EDGE_CURVE ( 'NONE', #3908, #2451, #2039, .T. ) ;
#2533 = CIRCLE ( 'NONE', #809, 0.9999999999999991118 ) ;
#2534 = EDGE_CURVE ( 'NONE', #3344, #759, #2360, .T. ) ;
#2535 = VERTEX_POINT ( 'NONE', #3738 ) ;
#2536 = CIRCLE ( 'NONE', #870, 0.5000000000000004441 ) ;
#2537 = LINE ( 'NONE', #2231, #1527 ) ;
#2538 = EDGE_LOOP ( 'NONE', ( #2118, #2269, #1965, #1445, #2494, #1691, #25, #2514, #722, #1891, #868, #2229 ) ) ;
#2539 = ORIENTED_EDGE ( 'NONE', *, *, #2532, .F. ) ;
#2540 = CARTESIAN_POINT ( 'NONE',  ( 34.99999999999999289, 4.999999999999944933, 2.000000000000000000 ) ) ;
#2541 = LINE ( 'NONE', #484, #552 ) ;
#2542 = EDGE_CURVE ( 'NONE', #2990, #1102, #2554, .T. ) ;
#2543 = COORDINATED_UNIVERSAL_TIME_OFFSET ( 5, 30, .AHEAD. ) ;
#2544 = LINE ( 'NONE', #2242, #100 ) ;
#2545 = LINE ( 'NONE', #1664, #3845 ) ;
#2546 = VERTEX_POINT ( 'NONE', #3174 ) ;
#2547 = PLANE ( 'NONE',  #3715 ) ;
#2548 = FACE_OUTER_BOUND ( 'NONE', #1293, .T. ) ;
#2549 = LINE ( 'NONE', #3772, #218 ) ;
#2550 = VERTEX_POINT ( 'NONE', #2899 ) ;
#2551 = ADVANCED_FACE ( 'NONE', ( #1978 ), #2254, .F. ) ;
#2552 = CARTESIAN_POINT ( 'NONE',  ( 22.79317070141123480, 5.499999999999998224, 6.500000000000000888 ) ) ;
#2553 = ORIENTED_EDGE ( 'NONE', *, *, #3729, .T. ) ;
#2554 = CIRCLE ( 'NONE', #1987, 0.5000000000000004441 ) ;
#2555 = CARTESIAN_POINT ( 'NONE',  ( -2.268984724868935654, 11.50000000000000000, 7.000000000000000000 ) ) ;
#2556 = EDGE_CURVE ( 'NONE', #3671, #3471, #3773, .T. ) ;
#2557 = ORIENTED_EDGE ( 'NONE', *, *, #886, .F. ) ;
#2558 = LINE ( 'NONE', #1964, #2669 ) ;
#2559 = ORIENTED_EDGE ( 'NONE', *, *, #1114, .F. ) ;
#2560 = CYLINDRICAL_SURFACE ( 'NONE', #3232, 1.000000000000000888 ) ;
#2561 = CIRCLE ( 'NONE', #835, 0.5000000000000004441 ) ;
#2562 = ORIENTED_EDGE ( 'NONE', *, *, #2873, .F. ) ;
#2563 = COORDINATED_UNIVERSAL_TIME_OFFSET ( 5, 30, .AHEAD. ) ;
#2564 = CARTESIAN_POINT ( 'NONE',  ( 4.440485190459277476, 9.000000000000000000, 2.000000000000000000 ) ) ;
#2565 = DIRECTION ( 'NONE',  ( 0.000000000000000000, 0.000000000000000000, 1.000000000000000000 ) ) ;
#2566 = CIRCLE ( 'NONE', #652, 1.000000000000000000 ) ;
#2567 = CIRCLE ( 'NONE', #2638, 0.5000000000000004441 ) ;
#2568 = ORIENTED_EDGE ( 'NONE', *, *, #2704, .F. ) ;
#2569 = VECTOR ( 'NONE', #2920, 1000.000000000000000 ) ;
#2570 = LINE ( 'NONE', #473, #2047 ) ;
#2571 = CARTESIAN_POINT ( 'NONE',  ( 6.499999999999999112, 3.999999999999993339, 0.000000000000000000 ) ) ;
#2572 = LINE ( 'NONE', #2251, #2067 ) ;
#2573 = ORIENTED_EDGE ( 'NONE', *, *, #85, .T. ) ;
#2574 = ORIENTED_EDGE ( 'NONE', *, *, #3505, .F. ) ;
#2575 = ORIENTED_EDGE ( 'NONE', *, *, #226, .T. ) ;
#2576 = CARTESIAN_POINT ( 'NONE',  ( 38.99999999999999289, 4.999999999999972466, 2.000000000000000000 ) ) ;
#2577 = AXIS2_PLACEMENT_3D ( 'NONE', #1242, #2457, #3681 ) ;
#2578 = ORIENTED_EDGE ( 'NONE', *, *, #1182, .F. ) ;
#2579 = ADVANCED_FACE ( 'NONE', ( #3798 ), #155, .F. ) ;
#2580 = VECTOR ( 'NONE', #3884, 1000.000000000000000 ) ;
#2581 = DIRECTION ( 'NONE',  ( -0.000000000000000000, -0.000000000000000000, -1.000000000000000000 ) ) ;
#2582 = VERTEX_POINT ( 'NONE', #3435 ) ;
#2583 = CARTESIAN_POINT ( 'NONE',  ( 4.612045751145734229, 6.243319148444884448, 2.000000000000000000 ) ) ;
#2584 = ORIENTED_EDGE ( 'NONE', *, *, #2873, .T. ) ;
#2585 = LINE ( 'NONE', #3160, #3288 ) ;
#2586 = EDGE_CURVE ( 'NONE', #3125, #1271, #704, .T. ) ;
#2587 = PERSON_AND_ORGANIZATION_ROLE ( 'creator' ) ;
#2588 = CARTESIAN_POINT ( 'NONE',  ( 30.32491969623291084, 0.5000000000000011102, 7.000000000000000000 ) ) ;
#2589 = VECTOR ( 'NONE', #3186, 1000.000000000000000 ) ;
#2590 = CARTESIAN_POINT ( 'NONE',  ( 20.00000000000000000, 8.000000000000000000, 7.000000000000000000 ) ) ;
#2591 = CYLINDRICAL_SURFACE ( 'NONE', #3262, 1.000000000000000000 ) ;
#2592 = CARTESIAN_POINT ( 'NONE',  ( 5.440485190459278364, 9.000000000000000000, 2.000000000000000000 ) ) ;
#2593 = DIRECTION ( 'NONE',  ( 0.000000000000000000, 0.000000000000000000, 1.000000000000000000 ) ) ;
#2594 = EDGE_CURVE ( 'NONE', #2351, #3854, #1616, .T. ) ;
#2595 = AXIS2_PLACEMENT_3D ( 'NONE', #1562, #1197, #3701 ) ;
#2596 = VERTEX_POINT ( 'NONE', #534 ) ;
#2597 = ORIENTED_EDGE ( 'NONE', *, *, #57, .T. ) ;
#2598 = AXIS2_PLACEMENT_3D ( 'NONE', #1868, #46, #2814 ) ;
#2599 = DIRECTION ( 'NONE',  ( 1.000000000000000000, 0.000000000000000000, 0.000000000000000000 ) ) ;
#2600 = VERTEX_POINT ( 'NONE', #3909 ) ;
#2601 = AXIS2_PLACEMENT_3D ( 'NONE', #2644, #838, #801 ) ;
#2602 = DIRECTION ( 'NONE',  ( 1.000000000000000000, -0.000000000000000000, 0.000000000000000000 ) ) ;
#2603 = VECTOR ( 'NONE', #3119, 1000.000000000000000 ) ;
#2604 = VERTEX_POINT ( 'NONE', #2640 ) ;
#2605 = CYLINDRICAL_SURFACE ( 'NONE', #3752, 0.5000000000000000000 ) ;
#2606 = CARTESIAN_POINT ( 'NONE',  ( 3.000000000000000444, 3.673940397442060361E-16, 9.000000000000000000 ) ) ;
#2607 = APPROVAL_STATUS ( 'not_yet_approved' ) ;
#2608 = DIRECTION ( 'NONE',  ( -0.000000000000000000, -0.000000000000000000, 1.000000000000000000 ) ) ;
#2609 = EDGE_CURVE ( 'NONE', #2346, #1009, #1133, .T. ) ;
#2610 = CARTESIAN_POINT ( 'NONE',  ( 40.99999999999999289, 1.301042606982605321E-14, 2.000000000000000000 ) ) ;
#2611 = CARTESIAN_POINT ( 'NONE',  ( -6.126086138777125990E-16, 4.999999999999994671, 6.499999999999999112 ) ) ;
#2612 = EDGE_CURVE ( 'NONE', #401, #2029, #3285, .T. ) ;
#2613 = CARTESIAN_POINT ( 'NONE',  ( -2.745407571532651136, 11.15172762166740306, 0.5000000000000004441 ) ) ;
#2614 = DIRECTION ( 'NONE',  ( 0.000000000000000000, 0.000000000000000000, -1.000000000000000000 ) ) ;
#2615 = EDGE_CURVE ( 'NONE', #1874, #3602, #1848, .T. ) ;
#2616 = CARTESIAN_POINT ( 'NONE',  ( 6.821796769724524090, 11.70096189432334732, 0.000000000000000000 ) ) ;
#2617 = EDGE_LOOP ( 'NONE', ( #832, #1269, #3719, #2084 ) ) ;
#2618 = EDGE_LOOP ( 'NONE', ( #1201, #3049, #595, #1808 ) ) ;
#2619 = DIRECTION ( 'NONE',  ( -0.000000000000000000, 0.000000000000000000, 1.000000000000000000 ) ) ;
#2620 = EDGE_LOOP ( 'NONE', ( #1373, #3850, #995, #975 ) ) ;
#2621 = CARTESIAN_POINT ( 'NONE',  ( -6.499999999999999112, 1.027953169876140053E-17, 0.03895888640391712010 ) ) ;
#2622 = ORIENTED_EDGE ( 'NONE', *, *, #2018, .T. ) ;
#2623 = CARTESIAN_POINT ( 'NONE',  ( -5.513477524899414180E-16, 4.499999999999995559, 6.500000000000000888 ) ) ;
#2624 = DIRECTION ( 'NONE',  ( -0.000000000000000000, 1.000000000000000000, 0.000000000000000000 ) ) ;
#2625 = AXIS2_PLACEMENT_3D ( 'NONE', #3155, #2877, #133 ) ;
#2626 = DIRECTION ( 'NONE',  ( 0.000000000000000000, 0.000000000000000000, 1.000000000000000000 ) ) ;
#2627 = AXIS2_PLACEMENT_3D ( 'NONE', #2299, #3734, #1294 ) ;
#2628 = DIRECTION ( 'NONE',  ( 1.000000000000000000, 0.000000000000000000, 0.000000000000000000 ) ) ;
#2629 = CIRCLE ( 'NONE', #1408, 0.5000000000000001110 ) ;
#2630 = EDGE_CURVE ( 'NONE', #2105, #375, #3315, .T. ) ;
#2631 = CARTESIAN_POINT ( 'NONE',  ( 31.25371748959446805, 5.190983005625050772, 0.5000000000000004441 ) ) ;
#2632 = LINE ( 'NONE', #3848, #3938 ) ;
#2633 = LINE ( 'NONE', #3468, #2449 ) ;
#2634 = ORIENTED_EDGE ( 'NONE', *, *, #96, .F. ) ;
#2635 = EDGE_CURVE ( 'NONE', #147, #2482, #2046, .T. ) ;
#2636 = CIRCLE ( 'NONE', #1421, 1.000000000000000888 ) ;
#2637 = ORIENTED_EDGE ( 'NONE', *, *, #2425, .T. ) ;
#2638 = AXIS2_PLACEMENT_3D ( 'NONE', #2868, #1970, #2283 ) ;
#2639 = ORIENTED_EDGE ( 'NONE', *, *, #2018, .F. ) ;
#2640 = CARTESIAN_POINT ( 'NONE',  ( 41.99999999999999289, 1.000000000000013101, 7.000000000000000000 ) ) ;
#2641 = LINE ( 'NONE', #3858, #3264 ) ;
#2642 = ORIENTED_EDGE ( 'NONE', *, *, #3872, .T. ) ;
#2643 = DIRECTION ( 'NONE',  ( -0.000000000000000000, -0.000000000000000000, -1.000000000000000000 ) ) ;
#2644 = CARTESIAN_POINT ( 'NONE',  ( -2.268984724868938319, 11.50000000000000000, 6.499999999999999112 ) ) ;
#2645 = ORIENTED_EDGE ( 'NONE', *, *, #2948, .F. ) ;
#2646 = AXIS2_PLACEMENT_3D ( 'NONE', #1884, #689, #3964 ) ;
#2647 = EDGE_CURVE ( 'NONE', #2430, #2203, #2367, .T. ) ;
#2648 = CARTESIAN_POINT ( 'NONE',  ( -5.513477524899414180E-16, 4.499999999999995559, 7.000000000000000000 ) ) ;
#2649 = PLANE ( 'NONE',  #3292 ) ;
#2650 = VECTOR ( 'NONE', #2895, 1000.000000000000000 ) ;
#2651 = CARTESIAN_POINT ( 'NONE',  ( 4.810746594971043354E-17, 0.5000000000000045519, 6.500000000000000888 ) ) ;
#2652 = DIRECTION ( 'NONE',  ( 0.3034552433348117195, 0.9528456933274191965, -0.000000000000000000 ) ) ;
#2653 = CC_DESIGN_DATE_AND_TIME_ASSIGNMENT ( #3198, #746, ( #818 ) ) ;
#2654 = ORIENTED_EDGE ( 'NONE', *, *, #531, .F. ) ;
#2655 = ADVANCED_FACE ( 'NONE', ( #2327 ), #1745, .F. ) ;
#2656 = CARTESIAN_POINT ( 'NONE',  ( -6.126086138777125990E-16, 4.999999999999994671, 6.499999999999999112 ) ) ;
#2657 = ADVANCED_FACE ( 'NONE', ( #3835 ), #1149, .F. ) ;
#2658 = CARTESIAN_POINT ( 'NONE',  ( 14.68759652688043715, 16.24228350150902500, 7.000000000000000000 ) ) ;
#2659 = VECTOR ( 'NONE', #190, 1000.000000000000000 ) ;
#2660 = ORIENTED_EDGE ( 'NONE', *, *, #799, .F. ) ;
#2661 = DIRECTION ( 'NONE',  ( 1.225217227755425346E-16, -1.000000000000000000, 0.000000000000000000 ) ) ;
#2662 = DIRECTION ( 'NONE',  ( 0.000000000000000000, 0.000000000000000000, 1.000000000000000000 ) ) ;
#2663 = VERTEX_POINT ( 'NONE', #1447 ) ;
#2664 = AXIS2_PLACEMENT_3D ( 'NONE', #2887, #3182, #2004 ) ;
#2665 = LINE ( 'NONE', #3898, #3841 ) ;
#2666 = EDGE_CURVE ( 'NONE', #506, #53, #3873, .T. ) ;
#2667 = DIRECTION ( 'NONE',  ( -0.8090169943749466741, 0.5877852522924741363, 0.000000000000000000 ) ) ;
#2668 = ORIENTED_EDGE ( 'NONE', *, *, #1385, .T. ) ;
#2669 = VECTOR ( 'NONE', #3178, 1000.000000000000000 ) ;
#2670 = CARTESIAN_POINT ( 'NONE',  ( 4.350937166592712147E-31, 4.522101799272739202E-15, 6.499999999999999112 ) ) ;
#2671 = DIRECTION ( 'NONE',  ( 1.000000000000000000, 2.664535259100375697E-15, 0.000000000000000000 ) ) ;
#2672 = CARTESIAN_POINT ( 'NONE',  ( 37.00000000000000000, 4.999999999999958256, 2.000000000000000000 ) ) ;
#2673 = ORIENTED_EDGE ( 'NONE', *, *, #650, .T. ) ;
#2674 = ORIENTED_EDGE ( 'NONE', *, *, #571, .T. ) ;
#2675 = CARTESIAN_POINT ( 'NONE',  ( 44.00000000000000000, 5.000000000000000000, 7.000000000000000000 ) ) ;
#2676 = CARTESIAN_POINT ( 'NONE',  ( 6.499999999999998224, -1.409462824231158525E-15, 6.499999999999999112 ) ) ;
#2677 = EDGE_CURVE ( 'NONE', #2193, #1048, #3057, .T. ) ;
#2678 = EDGE_LOOP ( 'NONE', ( #3374, #3685, #1849, #115 ) ) ;
#2679 = FACE_OUTER_BOUND ( 'NONE', #950, .T. ) ;
#2680 = ORIENTED_EDGE ( 'NONE', *, *, #627, .T. ) ;
#2681 = EDGE_CURVE ( 'NONE', #3576, #2351, #817, .T. ) ;
#2682 = DIRECTION ( 'NONE',  ( -0.000000000000000000, -0.000000000000000000, 1.000000000000000000 ) ) ;
#2683 = DIRECTION ( 'NONE',  ( 0.000000000000000000, -0.000000000000000000, -1.000000000000000000 ) ) ;
#2684 = ORIENTED_EDGE ( 'NONE', *, *, #3115, .T. ) ;
#2685 = AXIS2_PLACEMENT_3D ( 'NONE', #3689, #951, #3925 ) ;
#2686 = CARTESIAN_POINT ( 'NONE',  ( 14.93759652688044248, 15.80927079961680626, 6.499999999999999112 ) ) ;
#2687 = CARTESIAN_POINT ( 'NONE',  ( 0.000000000000000000, 0.000000000000000000, 2.000000000000000000 ) ) ;
#2688 = CARTESIAN_POINT ( 'NONE',  ( 0.000000000000000000, 0.000000000000000000, 9.000000000000000000 ) ) ;
#2689 = VECTOR ( 'NONE', #1753, 1000.000000000000000 ) ;
#2690 = ORIENTED_EDGE ( 'NONE', *, *, #3955, .F. ) ;
#2691 = ADVANCED_FACE ( 'NONE', ( #796 ), #1115, .T. ) ;
#2692 = DIRECTION ( 'NONE',  ( -0.8090169943749467851, 0.5877852522924739143, -0.000000000000000000 ) ) ;
#2693 = VECTOR ( 'NONE', #570, 1000.000000000000000 ) ;
#2694 = ORIENTED_EDGE ( 'NONE', *, *, #307, .F. ) ;
#2695 = CIRCLE ( 'NONE', #1540, 1.000000000000000888 ) ;
#2696 = CYLINDRICAL_SURFACE ( 'NONE', #3522, 3.000000000000000444 ) ;
#2697 = CIRCLE ( 'NONE', #973, 1.000000000000000888 ) ;
#2698 = ORIENTED_EDGE ( 'NONE', *, *, #2809, .T. ) ;
#2699 = DIRECTION ( 'NONE',  ( 1.000000000000000000, 0.000000000000000000, 0.000000000000000000 ) ) ;
#2700 = ORIENTED_EDGE ( 'NONE', *, *, #799, .T. ) ;
#2701 = EDGE_CURVE ( 'NONE', #3071, #1676, #2030, .T. ) ;
#2702 = CARTESIAN_POINT ( 'NONE',  ( -4.287805619973383386, 1.365548595006651711, 2.000000000000000000 ) ) ;
#2703 = CARTESIAN_POINT ( 'NONE',  ( 46.00000000000000000, 0.9999999999999997780, 7.000000000000000000 ) ) ;
#2704 = EDGE_CURVE ( 'NONE', #2482, #2754, #1393, .T. ) ;
#2705 = AXIS2_PLACEMENT_3D ( 'NONE', #1516, #2742, #1837 ) ;
#2706 = LINE ( 'NONE', #529, #343 ) ;
#2707 = DIRECTION ( 'NONE',  ( 1.000000000000000000, 0.000000000000000000, 0.000000000000000000 ) ) ;
#2708 = DIRECTION ( 'NONE',  ( -1.000000000000000000, -0.000000000000000000, -0.000000000000000000 ) ) ;
#2709 = ORIENTED_EDGE ( 'NONE', *, *, #1335, .F. ) ;
#2710 = ORIENTED_EDGE ( 'NONE', *, *, #2354, .T. ) ;
#2711 = EDGE_CURVE ( 'NONE', #733, #1773, #1730, .T. ) ;
#2712 = CARTESIAN_POINT ( 'NONE',  ( 4.612045751145734229, 6.243319148444884448, 2.000000000000000000 ) ) ;
#2713 = TOROIDAL_SURFACE ( 'NONE', #2964, 1.499999999999998446, 0.5000000000000000000 ) ;
#2714 = CARTESIAN_POINT ( 'NONE',  ( 5.393330883786696006, 8.696544756665186782, 2.000000000000000000 ) ) ;
#2715 = ORIENTED_EDGE ( 'NONE', *, *, #2400, .T. ) ;
#2716 = FACE_OUTER_BOUND ( 'NONE', #3075, .T. ) ;
#2717 = ORIENTED_EDGE ( 'NONE', *, *, #3188, .F. ) ;
#2718 = ORIENTED_EDGE ( 'NONE', *, *, #779, .F. ) ;
#2719 = CARTESIAN_POINT ( 'NONE',  ( 36.00000000000000000, 4.999999999999944933, 7.000000000000000000 ) ) ;
#2720 = DIRECTION ( 'NONE',  ( 1.000000000000000000, 2.168404344971006975E-14, 0.000000000000000000 ) ) ;
#2721 = AXIS2_PLACEMENT_3D ( 'NONE', #3354, #2764, #1238 ) ;
#2722 = DIRECTION ( 'NONE',  ( -0.000000000000000000, -0.000000000000000000, 1.000000000000000000 ) ) ;
#2723 = DIRECTION ( 'NONE',  ( 1.000000000000000000, -0.000000000000000000, 0.000000000000000000 ) ) ;
#2724 = DIRECTION ( 'NONE',  ( -0.000000000000000000, 0.000000000000000000, 1.000000000000000000 ) ) ;
#2725 = ADVANCED_FACE ( 'NONE', ( #2013 ), #1426, .T. ) ;
#2726 = VECTOR ( 'NONE', #1159, 1000.000000000000000 ) ;
#2727 = CARTESIAN_POINT ( 'NONE',  ( 31.84150274188694141, 5.999999999999998224, 0.5000000000000004441 ) ) ;
#2728 = VECTOR ( 'NONE', #2825, 1000.000000000000000 ) ;
#2729 = VERTEX_POINT ( 'NONE', #2957 ) ;
#2730 = EDGE_CURVE ( 'NONE', #1628, #598, #211, .T. ) ;
#2731 = ORIENTED_EDGE ( 'NONE', *, *, #2830, .F. ) ;
#2732 = CARTESIAN_POINT ( 'NONE',  ( 31.84150274188694141, 5.999999999999998224, 7.000000000000000000 ) ) ;
#2733 = CARTESIAN_POINT ( 'NONE',  ( -2.268984724868940983, 11.00000000000000178, 0.5000000000000004441 ) ) ;
#2734 = DIRECTION ( 'NONE',  ( -1.000000000000000000, 0.000000000000000000, 0.000000000000000000 ) ) ;
#2735 = ORIENTED_EDGE ( 'NONE', *, *, #1023, .F. ) ;
#2736 = FACE_OUTER_BOUND ( 'NONE', #2, .T. ) ;
#2737 = EDGE_LOOP ( 'NONE', ( #112, #2756, #3694, #1977, #1917 ) ) ;
#2738 = VERTEX_POINT ( 'NONE', #2712 ) ;
#2739 = ORIENTED_EDGE ( 'NONE', *, *, #57, .F. ) ;
#2740 = DIRECTION ( 'NONE',  ( 0.000000000000000000, 0.000000000000000000, 1.000000000000000000 ) ) ;
#2741 = DIRECTION ( 'NONE',  ( 0.000000000000000000, 0.000000000000000000, -1.000000000000000000 ) ) ;
#2742 = DIRECTION ( 'NONE',  ( -0.9528456933274194185, 0.3034552433348112754, 0.000000000000000000 ) ) ;
#2743 = DIRECTION ( 'NONE',  ( -0.000000000000000000, 0.000000000000000000, 1.000000000000000000 ) ) ;
#2744 = DIRECTION ( 'NONE',  ( -1.000000000000000000, 2.168404344971010840E-16, 0.000000000000000000 ) ) ;
#2745 = VECTOR ( 'NONE', #2692, 1000.000000000000114 ) ;
#2746 = EDGE_CURVE ( 'NONE', #3775, #2796, #711, .T. ) ;
#2747 = ORIENTED_EDGE ( 'NONE', *, *, #2034, .T. ) ;
#2748 = FACE_OUTER_BOUND ( 'NONE', #3855, .T. ) ;
#2749 = EDGE_LOOP ( 'NONE', ( #3173, #2634, #2717, #701, #1636 ) ) ;
#2750 = CARTESIAN_POINT ( 'NONE',  ( -3.611215932167722631, 6.254809471616677108, 0.5000000000000004441 ) ) ;
#2751 = AXIS2_PLACEMENT_3D ( 'NONE', #3658, #300, #3939 ) ;
#2752 = LINE ( 'NONE', #2446, #1030 ) ;
#2753 = EDGE_CURVE ( 'NONE', #1300, #114, #3390, .T. ) ;
#2754 = VERTEX_POINT ( 'NONE', #3603 ) ;
#2755 = VECTOR ( 'NONE', #503, 1000.000000000000000 ) ;
#2756 = ORIENTED_EDGE ( 'NONE', *, *, #844, .F. ) ;
#2757 = TOROIDAL_SURFACE ( 'NONE', #461, 0.5000000000000006661, 0.5000000000000000000 ) ;
#2758 = PLANE ( 'NONE',  #2463 ) ;
#2759 = ORIENTED_EDGE ( 'NONE', *, *, #2556, .F. ) ;
#2760 = ORIENTED_EDGE ( 'NONE', *, *, #217, .T. ) ;
#2761 = ORIENTED_EDGE ( 'NONE', *, *, #779, .T. ) ;
#2762 = VERTEX_POINT ( 'NONE', #1501 ) ;
#2763 = PLANE ( 'NONE',  #3321 ) ;
#2764 = DIRECTION ( 'NONE',  ( 0.000000000000000000, 0.000000000000000000, 1.000000000000000000 ) ) ;
#2765 = ADVANCED_FACE ( 'NONE', ( #3324 ), #3370, .T. ) ;
#2766 = PLANE ( 'NONE',  #2751 ) ;
#2767 = FACE_OUTER_BOUND ( 'NONE', #1307, .T. ) ;
#2768 = LINE ( 'NONE', #3660, #404 ) ;
#2769 = CARTESIAN_POINT ( 'NONE',  ( 43.00000000000000000, -8.673617379884035472E-16, 6.500000000000000888 ) ) ;
#2770 = ORIENTED_EDGE ( 'NONE', *, *, #963, .T. ) ;
#2771 = AXIS2_PLACEMENT_3D ( 'NONE', #3054, #625, #1493 ) ;
#2772 = CARTESIAN_POINT ( 'NONE',  ( 30.32491969623291084, 1.604391715844309851E-15, -55.78619639847313039 ) ) ;
#2773 = FACE_BOUND ( 'NONE', #2854, .T. ) ;
#2774 = CARTESIAN_POINT ( 'NONE',  ( 11.99999999999999645, 8.000000000000000000, -55.78619639847313039 ) ) ;
#2775 = ORIENTED_EDGE ( 'NONE', *, *, #1111, .F. ) ;
#2776 = LINE ( 'NONE', #2143, #1600 ) ;
#2777 = EDGE_LOOP ( 'NONE', ( #510, #1267, #315, #2660, #2201 ) ) ;
#2778 = ORIENTED_EDGE ( 'NONE', *, *, #2530, .F. ) ;
#2779 = ADVANCED_FACE ( 'NONE', ( #353 ), #1169, .F. ) ;
#2780 = AXIS2_PLACEMENT_3D ( 'NONE', #3086, #3708, #2141 ) ;
#2781 = EDGE_CURVE ( 'NONE', #1773, #1299, #2879, .T. ) ;
#2782 = CARTESIAN_POINT ( 'NONE',  ( 38.00000000000000000, 4.999999999999958256, 6.500000000000000888 ) ) ;
#2783 = ORIENTED_EDGE ( 'NONE', *, *, #2753, .T. ) ;
#2784 = ORIENTED_EDGE ( 'NONE', *, *, #3438, .F. ) ;
#2785 = LINE ( 'NONE', #36, #202 ) ;
#2786 = LINE ( 'NONE', #666, #493 ) ;
#2787 = DIRECTION ( 'NONE',  ( -0.000000000000000000, 1.000000000000000000, 0.000000000000000000 ) ) ;
#2788 = CARTESIAN_POINT ( 'NONE',  ( 23.38095595370372237, 4.809016994374943010, 6.499999999999999112 ) ) ;
#2789 = CARTESIAN_POINT ( 'NONE',  ( 34.99999999999999289, 5.464378949326942347E-14, 7.000000000000000000 ) ) ;
#2790 = CIRCLE ( 'NONE', #745, 0.5000000000000000000 ) ;
#2791 = CARTESIAN_POINT ( 'NONE',  ( 6.071796769724521425, 12.00000000000000000, 6.499999999999999112 ) ) ;
#2792 = VECTOR ( 'NONE', #2991, 1000.000000000000000 ) ;
#2793 = VERTEX_POINT ( 'NONE', #2424 ) ;
#2794 = VECTOR ( 'NONE', #403, 1000.000000000000000 ) ;
#2795 = CARTESIAN_POINT ( 'NONE',  ( 40.99999999999999289, 3.999999999999986233, 2.000000000000000000 ) ) ;
#2796 = VERTEX_POINT ( 'NONE', #1569 ) ;
#2797 = DIRECTION ( 'NONE',  ( 1.000000000000000000, -9.621493189941999193E-17, 0.000000000000000000 ) ) ;
#2798 = VERTEX_POINT ( 'NONE', #331 ) ;
#2799 = CARTESIAN_POINT ( 'NONE',  ( -3.221830418196360402, 11.30345524333480967, 6.499999999999999112 ) ) ;
#2800 = AXIS2_PLACEMENT_3D ( 'NONE', #1248, #991, #1268 ) ;
#2801 = VERTEX_POINT ( 'NONE', #2120 ) ;
#2802 = CARTESIAN_POINT ( 'NONE',  ( 0.000000000000000000, 0.000000000000000000, 2.000000000000000000 ) ) ;
#2803 = ORIENTED_EDGE ( 'NONE', *, *, #915, .F. ) ;
#2804 = VERTEX_POINT ( 'NONE', #910 ) ;
#2805 = ADVANCED_FACE ( 'NONE', ( #634 ), #1148, .T. ) ;
#2806 = VERTEX_POINT ( 'NONE', #3949 ) ;
#2807 = CARTESIAN_POINT ( 'NONE',  ( -2.268984724868935654, 12.00000000000000000, -55.78619639847313039 ) ) ;
#2808 = LINE ( 'NONE', #687, #1386 ) ;
#2809 = EDGE_CURVE ( 'NONE', #977, #2432, #958, .T. ) ;
#2810 = CARTESIAN_POINT ( 'NONE',  ( 39.99999999999999289, 3.999999999999972466, 7.000000000000000000 ) ) ;
#2811 = CARTESIAN_POINT ( 'NONE',  ( 36.00000000000000000, 3.999999999999944489, 7.000000000000000000 ) ) ;
#2812 = VERTEX_POINT ( 'NONE', #930 ) ;
#2813 = CARTESIAN_POINT ( 'NONE',  ( 0.000000000000000000, 0.000000000000000000, 2.000000000000000000 ) ) ;
#2814 = DIRECTION ( 'NONE',  ( 1.000000000000000000, 0.000000000000000000, -0.000000000000000000 ) ) ;
#2815 = DIRECTION ( 'NONE',  ( 1.000000000000000000, 0.000000000000000000, 0.000000000000000000 ) ) ;
#2816 = VERTEX_POINT ( 'NONE', #1550 ) ;
#2817 = LINE ( 'NONE', #2206, #3962 ) ;
#2818 = AXIS2_PLACEMENT_3D ( 'NONE', #1763, #3889, #478 ) ;
#2819 = EDGE_CURVE ( 'NONE', #564, #3757, #1460, .T. ) ;
#2820 = VECTOR ( 'NONE', #3128, 1000.000000000000000 ) ;
#2821 = EDGE_LOOP ( 'NONE', ( #1505, #1125, #2654, #1275 ) ) ;
#2822 = CARTESIAN_POINT ( 'NONE',  ( 0.000000000000000000, 12.00000000000000000, -55.78619639847313039 ) ) ;
#2823 = ORIENTED_EDGE ( 'NONE', *, *, #3810, .T. ) ;
#2824 = AXIS2_PLACEMENT_3D ( 'NONE', #3353, #2171, #3721 ) ;
#2825 = DIRECTION ( 'NONE',  ( -0.000000000000000000, 1.000000000000000000, -0.000000000000000000 ) ) ;
#2826 = LINE ( 'NONE', #2278, #1062 ) ;
#2827 = ADVANCED_FACE ( 'NONE', ( #869 ), #3573, .T. ) ;
#2828 = AXIS2_PLACEMENT_3D ( 'NONE', #1909, #3362, #1264 ) ;
#2829 = LINE ( 'NONE', #80, #3171 ) ;
#2830 = EDGE_CURVE ( 'NONE', #3236, #2452, #567, .T. ) ;
#2831 = CARTESIAN_POINT ( 'NONE',  ( 5.999999999999998224, -1.301042606982607885E-15, 6.500000000000000888 ) ) ;
#2832 = VERTEX_POINT ( 'NONE', #1203 ) ;
#2833 = DIRECTION ( 'NONE',  ( 1.000000000000000000, 0.000000000000000000, 0.000000000000000000 ) ) ;
#2834 = VERTEX_POINT ( 'NONE', #311 ) ;
#2835 = CARTESIAN_POINT ( 'NONE',  ( 47.00000000000000000, 1.000000000000007105, 0.5000000000000004441 ) ) ;
#2836 = ORIENTED_EDGE ( 'NONE', *, *, #3357, .F. ) ;
#2837 = CARTESIAN_POINT ( 'NONE',  ( -6.363942221440648694, 1.333254265734103994, 0.3191533888050736567 ) ) ;
#2838 = ORIENTED_EDGE ( 'NONE', *, *, #3702, .F. ) ;
#2839 = ORIENTED_EDGE ( 'NONE', *, *, #3758, .F. ) ;
#2840 = ADVANCED_FACE ( 'NONE', ( #2404 ), #885, .T. ) ;
#2841 = CARTESIAN_POINT ( 'NONE',  ( 10.36474508437581576, 14.26584774442731351, 6.499999999999999112 ) ) ;
#2842 = EDGE_LOOP ( 'NONE', ( #1190, #3588, #168, #2420 ) ) ;
#2843 = ORIENTED_EDGE ( 'NONE', *, *, #3851, .F. ) ;
#2844 = CARTESIAN_POINT ( 'NONE',  ( 37.00000000000000000, 4.076600168545496672E-14, 6.500000000000000888 ) ) ;
#2845 = CARTESIAN_POINT ( 'NONE',  ( 40.99999999999999289, 1.301042606982605321E-14, 2.000000000000000000 ) ) ;
#2846 = CALENDAR_DATE ( 2026, 28, 7 ) ;
#2847 = DIRECTION ( 'NONE',  ( 0.9528456933274191965, -0.3034552433348117195, 0.000000000000000000 ) ) ;
#2848 = DIRECTION ( 'NONE',  ( 0.000000000000000000, 0.000000000000000000, -1.000000000000000000 ) ) ;
#2849 = ORIENTED_EDGE ( 'NONE', *, *, #111, .T. ) ;
#2850 = EDGE_CURVE ( 'NONE', #3687, #2604, #2752, .T. ) ;
#2851 = CARTESIAN_POINT ( 'NONE',  ( 0.000000000000000000, 0.000000000000000000, 7.000000000000000000 ) ) ;
#2852 = CARTESIAN_POINT ( 'NONE',  ( 23.67484857984996083, 5.213525491562413627, 7.000000000000000000 ) ) ;
#2853 = DIRECTION ( 'NONE',  ( -0.000000000000000000, -1.000000000000000000, -0.000000000000000000 ) ) ;
#2854 = EDGE_LOOP ( 'NONE', ( #3211, #2970 ) ) ;
#2855 = DIRECTION ( 'NONE',  ( -1.000000000000000000, -1.225217227755426578E-16, 0.000000000000000000 ) ) ;
#2856 = EDGE_CURVE ( 'NONE', #401, #2507, #2776, .T. ) ;
#2857 = VECTOR ( 'NONE', #3682, 1000.000000000000000 ) ;
#2858 = ORIENTED_EDGE ( 'NONE', *, *, #748, .T. ) ;
#2859 = CARTESIAN_POINT ( 'NONE',  ( 38.99999999999999289, 4.999999999999972466, 2.000000000000000000 ) ) ;
#2860 = ORIENTED_EDGE ( 'NONE', *, *, #1332, .F. ) ;
#2861 = VERTEX_POINT ( 'NONE', #1250 ) ;
#2862 = VECTOR ( 'NONE', #1431, 1000.000000000000000 ) ;
#2863 = DIRECTION ( 'NONE',  ( -0.000000000000000000, -0.000000000000000000, -1.000000000000000000 ) ) ;
#2864 = DIRECTION ( 'NONE',  ( -0.000000000000000000, 0.000000000000000000, 1.000000000000000000 ) ) ;
#2865 = CARTESIAN_POINT ( 'NONE',  ( 41.99999999999999289, 4.999999999999985789, 2.000000000000000000 ) ) ;
#2866 = APPROVAL_ROLE ( '' ) ;
#2867 = CARTESIAN_POINT ( 'NONE',  ( 29.92413522865618347, 0.07790527900119798010, 0.2217696717962230057 ) ) ;
#2868 = CARTESIAN_POINT ( 'NONE',  ( 45.99999999999999289, 4.500000000000000888, 6.500000000000000888 ) ) ;
#2869 = CARTESIAN_POINT ( 'NONE',  ( 4.350937166592712147E-31, 4.522101799272739202E-15, 6.499999999999999112 ) ) ;
#2870 = DIRECTION ( 'NONE',  ( -1.000000000000000000, -1.225217227755426578E-16, 0.000000000000000000 ) ) ;
#2871 = FACE_OUTER_BOUND ( 'NONE', #3087, .T. ) ;
#2872 = VERTEX_POINT ( 'NONE', #1936 ) ;
#2873 = EDGE_CURVE ( 'NONE', #3071, #3308, #1090, .T. ) ;
#2874 = ORIENTED_EDGE ( 'NONE', *, *, #418, .F. ) ;
#2875 = VERTEX_POINT ( 'NONE', #2929 ) ;
#2876 = EDGE_CURVE ( 'NONE', #2418, #1353, #2131, .T. ) ;
#2877 = DIRECTION ( 'NONE',  ( -9.621493189941999193E-17, -1.000000000000000000, 0.000000000000000000 ) ) ;
#2878 = ORIENTED_EDGE ( 'NONE', *, *, #1519, .F. ) ;
#2879 = CIRCLE ( 'NONE', #3382, 1.500000000000000444 ) ;
#2880 = CARTESIAN_POINT ( 'NONE',  ( 37.00000000000000000, 3.999999999999958256, 7.000000000000000000 ) ) ;
#2881 = ORIENTED_EDGE ( 'NONE', *, *, #1783, .T. ) ;
#2882 = DIRECTION ( 'NONE',  ( -0.8090169943749466741, 0.5877852522924741363, -0.000000000000000000 ) ) ;
#2883 = VERTEX_POINT ( 'NONE', #3711 ) ;
#2884 = DIRECTION ( 'NONE',  ( 0.000000000000000000, 0.000000000000000000, 1.000000000000000000 ) ) ;
#2885 = AXIS2_PLACEMENT_3D ( 'NONE', #841, #803, #2055 ) ;
#2886 = CARTESIAN_POINT ( 'NONE',  ( 0.000000000000000000, 0.000000000000000000, 0.000000000000000000 ) ) ;
#2887 = CARTESIAN_POINT ( 'NONE',  ( -2.268984724868935654, 11.50000000000000000, 0.5000000000000004441 ) ) ;
#2888 = CARTESIAN_POINT ( 'NONE',  ( 6.071796769724521425, 11.50000000000000178, 0.000000000000000000 ) ) ;
#2889 = AXIS2_PLACEMENT_3D ( 'NONE', #3624, #1206, #2370 ) ;
#2890 = VECTOR ( 'NONE', #2363, 1000.000000000000000 ) ;
#2891 = ORIENTED_EDGE ( 'NONE', *, *, #3216, .F. ) ;
#2892 = CIRCLE ( 'NONE', #3462, 0.9999999999999974465 ) ;
#2893 = FACE_BOUND ( 'NONE', #1035, .T. ) ;
#2894 = CARTESIAN_POINT ( 'NONE',  ( 44.00000000000000000, 4.500000000000000888, 7.000000000000000000 ) ) ;
#2895 = DIRECTION ( 'NONE',  ( -0.000000000000000000, -0.000000000000000000, 1.000000000000000000 ) ) ;
#2896 = ORIENTED_EDGE ( 'NONE', *, *, #1813, .F. ) ;
#2897 = ORIENTED_EDGE ( 'NONE', *, *, #3241, .T. ) ;
#2898 = ORIENTED_EDGE ( 'NONE', *, *, #3405, .T. ) ;
#2899 = CARTESIAN_POINT ( 'NONE',  ( 29.31180903976441599, 0.5000000000000004441, 0.000000000000000000 ) ) ;
#2900 =( GEOMETRIC_REPRESENTATION_CONTEXT ( 3 ) GLOBAL_UNCERTAINTY_ASSIGNED_CONTEXT ( ( #219 ) ) GLOBAL_UNIT_ASSIGNED_CONTEXT ( ( #59, #1907, #1081 ) ) REPRESENTATION_CONTEXT ( 'NONE', 'WORKASPACE' ) );
#2901 = ORIENTED_EDGE ( 'NONE', *, *, #3420, .T. ) ;
#2902 = EDGE_CURVE ( 'NONE', #1271, #1330, #2529, .T. ) ;
#2903 = CARTESIAN_POINT ( 'NONE',  ( 46.00000000000000000, 4.000000000000000000, 0.5000000000000004441 ) ) ;
#2904 = EDGE_CURVE ( 'NONE', #1596, #1290, #3411, .T. ) ;
#2905 = EDGE_LOOP ( 'NONE', ( #3530, #2379, #3008, #3564, #153, #952, #3200, #2935, #1209, #1851, #2366, #175, #2690, #1234, #2770, #725, #1847, #1593, #3391, #188, #2778, #495, #794, #2922 ) ) ;
#2906 = DIRECTION ( 'NONE',  ( 1.225217227755425346E-16, -1.000000000000000000, 0.000000000000000000 ) ) ;
#2907 = LINE ( 'NONE', #2606, #3101 ) ;
#2908 = EDGE_CURVE ( 'NONE', #1802, #2468, #3451, .T. ) ;
#2909 = CARTESIAN_POINT ( 'NONE',  ( 46.00000000000000000, 0.5000000000000001110, 6.500000000000000888 ) ) ;
#2910 = VECTOR ( 'NONE', #1954, 1000.000000000000000 ) ;
#2911 = LINE ( 'NONE', #1647, #1995 ) ;
#2912 = CARTESIAN_POINT ( 'NONE',  ( -0.8069541746068216170, 9.000000000000001776, 2.000000000000000000 ) ) ;
#2913 = CARTESIAN_POINT ( 'NONE',  ( 36.00000000000000000, 4.999999999999944933, 2.000000000000000000 ) ) ;
#2914 = CARTESIAN_POINT ( 'NONE',  ( 43.00000000000000000, 0.9999999999999991118, 2.000000000000000000 ) ) ;
#2915 = ORIENTED_EDGE ( 'NONE', *, *, #1872, .T. ) ;
#2916 = VERTEX_POINT ( 'NONE', #3108 ) ;
#2917 = ORIENTED_EDGE ( 'NONE', *, *, #966, .T. ) ;
#2918 = DIRECTION ( 'NONE',  ( -0.000000000000000000, -0.000000000000000000, 1.000000000000000000 ) ) ;
#2919 = VECTOR ( 'NONE', #2884, 1000.000000000000000 ) ;
#2920 = DIRECTION ( 'NONE',  ( 0.000000000000000000, 0.000000000000000000, 1.000000000000000000 ) ) ;
#2921 = CIRCLE ( 'NONE', #1703, 0.5000000000000004441 ) ;
#2922 = ORIENTED_EDGE ( 'NONE', *, *, #2058, .F. ) ;
#2923 = CARTESIAN_POINT ( 'NONE',  ( -4.287805619973383386, 1.365548595006651711, 7.000000000000000000 ) ) ;
#2924 = PLANE ( 'NONE',  #3679 ) ;
#2925 = EDGE_CURVE ( 'NONE', #147, #1918, #2488, .T. ) ;
#2926 = DIRECTION ( 'NONE',  ( 1.000000000000000000, 0.000000000000000000, 0.000000000000000000 ) ) ;
#2927 = DIRECTION ( 'NONE',  ( -0.000000000000000000, 0.000000000000000000, 1.000000000000000000 ) ) ;
#2928 = EDGE_CURVE ( 'NONE', #134, #3258, #1313, .T. ) ;
#2929 = CARTESIAN_POINT ( 'NONE',  ( -1.759799867934240813, 9.303455243334811442, 7.000000000000000000 ) ) ;
#2930 = EDGE_LOOP ( 'NONE', ( #2276, #3371, #2539, #606 ) ) ;
#2931 = DIRECTION ( 'NONE',  ( 0.000000000000000000, 0.000000000000000000, 1.000000000000000000 ) ) ;
#2932 = CARTESIAN_POINT ( 'NONE',  ( 5.440485190459278364, 9.000000000000000000, 7.000000000000000000 ) ) ;
#2933 = CARTESIAN_POINT ( 'NONE',  ( 6.499999999999998224, -1.409462824231158525E-15, 0.000000000000000000 ) ) ;
#2934 = ORIENTED_EDGE ( 'NONE', *, *, #1495, .F. ) ;
#2935 = ORIENTED_EDGE ( 'NONE', *, *, #229, .F. ) ;
#2936 = CARTESIAN_POINT ( 'NONE',  ( 0.000000000000000000, 0.000000000000000000, 2.000000000000000000 ) ) ;
#2937 = PRODUCT ( 'CSWP_18_19', 'CSWP_18_19', '', ( #1624 ) ) ;
#2938 = EDGE_CURVE ( 'NONE', #851, #692, #2817, .T. ) ;
#2939 = CARTESIAN_POINT ( 'NONE',  ( 46.00000000000000000, 4.500000000000000888, 7.000000000000000000 ) ) ;
#2940 = EDGE_LOOP ( 'NONE', ( #2597, #1672, #1227, #3135 ) ) ;
#2941 = CARTESIAN_POINT ( 'NONE',  ( 38.99999999999999289, 3.999999999999972466, 2.000000000000000000 ) ) ;
#2942 = CARTESIAN_POINT ( 'NONE',  ( 40.99999999999999289, 3.999999999999986233, 7.000000000000000000 ) ) ;
#2943 = DIRECTION ( 'NONE',  ( -0.000000000000000000, -0.000000000000000000, 1.000000000000000000 ) ) ;
#2944 = AXIS2_PLACEMENT_3D ( 'NONE', #320, #1640, #2456 ) ;
#2945 = CC_DESIGN_PERSON_AND_ORGANIZATION_ASSIGNMENT ( #425, #1007, ( #2937 ) ) ;
#2946 = FACE_OUTER_BOUND ( 'NONE', #3641, .T. ) ;
#2947 = AXIS2_PLACEMENT_3D ( 'NONE', #145, #1662, #1986 ) ;
#2948 = EDGE_CURVE ( 'NONE', #2806, #3907, #677, .T. ) ;
#2949 = CARTESIAN_POINT ( 'NONE',  ( 45.99999999999999289, 4.500000000000000888, 0.5000000000000004441 ) ) ;
#2950 = LINE ( 'NONE', #3299, #3499 ) ;
#2951 = VECTOR ( 'NONE', #2419, 999.9999999999998863 ) ;
#2952 = EDGE_CURVE ( 'NONE', #156, #2546, #488, .T. ) ;
#2953 = DIRECTION ( 'NONE',  ( 0.000000000000000000, 0.000000000000000000, 1.000000000000000000 ) ) ;
#2954 = AXIS2_PLACEMENT_3D ( 'NONE', #3327, #590, #3268 ) ;
#2955 = ORIENTED_EDGE ( 'NONE', *, *, #1654, .T. ) ;
#2956 = EDGE_LOOP ( 'NONE', ( #2217, #3768 ) ) ;
#2957 = CARTESIAN_POINT ( 'NONE',  ( -2.745407571532651136, 11.15172762166740306, 7.000000000000000000 ) ) ;
#2958 = LINE ( 'NONE', #761, #2178 ) ;
#2959 = DIRECTION ( 'NONE',  ( -0.000000000000000000, 0.000000000000000000, 1.000000000000000000 ) ) ;
#2960 = CARTESIAN_POINT ( 'NONE',  ( 9.000000000000000000, 8.000000000000000000, 7.000000000000000000 ) ) ;
#2961 = AXIS2_PLACEMENT_3D ( 'NONE', #2686, #2380, #2073 ) ;
#2962 = CARTESIAN_POINT ( 'NONE',  ( 6.821796769724524978, 11.70096189432334555, 7.000000000000000000 ) ) ;
#2963 = DIRECTION ( 'NONE',  ( 1.000000000000000000, 0.000000000000000000, 0.000000000000000000 ) ) ;
#2964 = AXIS2_PLACEMENT_3D ( 'NONE', #2727, #2953, #3618 ) ;
#2965 = CARTESIAN_POINT ( 'NONE',  ( 47.00000000000000000, 1.000000000000007105, -55.78619639847313039 ) ) ;
#2966 = CARTESIAN_POINT ( 'NONE',  ( 0.000000000000000000, 0.000000000000000000, 0.000000000000000000 ) ) ;
#2967 = LINE ( 'NONE', #1776, #1488 ) ;
#2968 = EDGE_CURVE ( 'NONE', #3674, #2535, #3836, .T. ) ;
#2969 = ORIENTED_EDGE ( 'NONE', *, *, #678, .T. ) ;
#2970 = ORIENTED_EDGE ( 'NONE', *, *, #3944, .T. ) ;
#2971 = DIRECTION ( 'NONE',  ( 0.5877852522924831291, 0.8090169943749401238, 0.000000000000000000 ) ) ;
#2972 = EDGE_CURVE ( 'NONE', #2472, #608, #720, .T. ) ;
#2973 = CARTESIAN_POINT ( 'NONE',  ( -6.492051585626478882, -0.3729040335133826933, -3.543024668125053592E-18 ) ) ;
#2974 = EDGE_LOOP ( 'NONE', ( #708, #1900, #31, #3137 ) ) ;
#2975 = DIRECTION ( 'NONE',  ( -1.000000000000000000, -1.225217227755426578E-16, 0.000000000000000000 ) ) ;
#2976 = LINE ( 'NONE', #1101, #171 ) ;
#2977 = VECTOR ( 'NONE', #274, 1000.000000000000000 ) ;
#2978 = CARTESIAN_POINT ( 'NONE',  ( 36.00000000000000000, 3.999999999999944489, 2.000000000000000000 ) ) ;
#2979 = CARTESIAN_POINT ( 'NONE',  ( 31.84150274188694851, 4.999999999999998224, -55.78619639847313039 ) ) ;
#2980 = VECTOR ( 'NONE', #980, 1000.000000000000000 ) ;
#2981 = CARTESIAN_POINT ( 'NONE',  ( -2.274911254358251256, 7.686011890752845410, 2.000000000000000000 ) ) ;
#2982 = DIRECTION ( 'NONE',  ( 1.000000000000000000, -9.621493189941999193E-17, 0.000000000000000000 ) ) ;
#2983 = LINE ( 'NONE', #1478, #2890 ) ;
#2984 = ORIENTED_EDGE ( 'NONE', *, *, #1257, .T. ) ;
#2985 = ORIENTED_EDGE ( 'NONE', *, *, #1475, .F. ) ;
#2986 = EDGE_CURVE ( 'NONE', #573, #2125, #2095, .T. ) ;
#2987 = DIRECTION ( 'NONE',  ( -0.000000000000000000, -0.000000000000000000, 1.000000000000000000 ) ) ;
#2988 = DIRECTION ( 'NONE',  ( -2.168404344971013552E-16, -1.000000000000000000, -0.000000000000000000 ) ) ;
#2989 = EDGE_CURVE ( 'NONE', #441, #1887, #1331, .T. ) ;
#2990 = VERTEX_POINT ( 'NONE', #1084 ) ;
#2991 = DIRECTION ( 'NONE',  ( -0.000000000000000000, -0.000000000000000000, -1.000000000000000000 ) ) ;
#2992 = ORIENTED_EDGE ( 'NONE', *, *, #1725, .F. ) ;
#2993 = ORIENTED_EDGE ( 'NONE', *, *, #3643, .T. ) ;
#2994 = DIRECTION ( 'NONE',  ( -1.000000000000000000, 9.621493189941999193E-17, -0.000000000000000000 ) ) ;
#2995 = DIRECTION ( 'NONE',  ( 1.000000000000000000, 0.000000000000000000, -0.000000000000000000 ) ) ;
#2996 = VECTOR ( 'NONE', #2348, 1000.000000000000000 ) ;
#2997 = EDGE_CURVE ( 'NONE', #1113, #2125, #1405, .T. ) ;
#2998 = DIRECTION ( 'NONE',  ( 0.000000000000000000, 0.000000000000000000, 1.000000000000000000 ) ) ;
#2999 = CARTESIAN_POINT ( 'NONE',  ( 30.32491969623291084, 1.604391715844309851E-15, 6.499999999999999112 ) ) ;
#3000 = CARTESIAN_POINT ( 'NONE',  ( 41.99999999999999289, 1.301042606982605321E-14, 7.000000000000000000 ) ) ;
#3001 = CIRCLE ( 'NONE', #2885, 0.5000000000000004441 ) ;
#3002 = ORIENTED_EDGE ( 'NONE', *, *, #2382, .F. ) ;
#3003 = CARTESIAN_POINT ( 'NONE',  ( 6.071796769724517873, 13.00000000000000178, 0.000000000000000000 ) ) ;
#3004 = TOROIDAL_SURFACE ( 'NONE', #1288, 0.5000000000000004441, 0.5000000000000000000 ) ;
#3005 = CIRCLE ( 'NONE', #328, 0.5000000000000000000 ) ;
#3006 = DIRECTION ( 'NONE',  ( 0.000000000000000000, -0.000000000000000000, -1.000000000000000000 ) ) ;
#3007 = DIRECTION ( 'NONE',  ( 1.000000000000000000, 0.000000000000000000, -0.000000000000000000 ) ) ;
#3008 = ORIENTED_EDGE ( 'NONE', *, *, #3351, .T. ) ;
#3009 = ORIENTED_EDGE ( 'NONE', *, *, #2534, .T. ) ;
#3010 = EDGE_CURVE ( 'NONE', #1317, #420, #713, .T. ) ;
#3011 = EDGE_CURVE ( 'NONE', #2472, #1214, #2436, .T. ) ;
#3012 = LINE ( 'NONE', #2411, #3899 ) ;
#3013 = DIRECTION ( 'NONE',  ( -0.000000000000000000, 0.000000000000000000, 1.000000000000000000 ) ) ;
#3014 = VECTOR ( 'NONE', #3901, 999.9999999999998863 ) ;
#3015 = ADVANCED_FACE ( 'NONE', ( #2478 ), #2766, .T. ) ;
#3016 = ORIENTED_EDGE ( 'NONE', *, *, #703, .F. ) ;
#3017 = CYLINDRICAL_SURFACE ( 'NONE', #4, 0.5000000000000000000 ) ;
#3018 = DIRECTION ( 'NONE',  ( -0.000000000000000000, 0.000000000000000000, 1.000000000000000000 ) ) ;
#3019 = DIRECTION ( 'NONE',  ( 0.000000000000000000, 0.000000000000000000, -1.000000000000000000 ) ) ;
#3020 = CARTESIAN_POINT ( 'NONE',  ( 37.00000000000000000, 1.000000000000040856, 2.000000000000000000 ) ) ;
#3021 = ORIENTED_EDGE ( 'NONE', *, *, #3187, .T. ) ;
#3022 = ORIENTED_EDGE ( 'NONE', *, *, #3955, .T. ) ;
#3023 = AXIS2_PLACEMENT_3D ( 'NONE', #3446, #2797, #3149 ) ;
#3024 = CARTESIAN_POINT ( 'NONE',  ( -2.268984724868940983, 11.00000000000000178, 6.499999999999999112 ) ) ;
#3025 = ORIENTED_EDGE ( 'NONE', *, *, #3872, .F. ) ;
#3026 = LINE ( 'NONE', #913, #233 ) ;
#3027 = ORIENTED_EDGE ( 'NONE', *, *, #2260, .F. ) ;
#3028 = ORIENTED_EDGE ( 'NONE', *, *, #3944, .F. ) ;
#3029 = CARTESIAN_POINT ( 'NONE',  ( 19.00000000000000000, 8.000000000000000000, 7.000000000000000000 ) ) ;
#3030 = PLANE ( 'NONE',  #292 ) ;
#3031 = EDGE_CURVE ( 'NONE', #2194, #2163, #1815, .T. ) ;
#3032 = CIRCLE ( 'NONE', #1318, 6.499999999999998224 ) ;
#3033 = AXIS2_PLACEMENT_3D ( 'NONE', #2017, #3568, #1466 ) ;
#3034 = DIRECTION ( 'NONE',  ( 1.000000000000000000, 2.602085213965217347E-15, 0.000000000000000000 ) ) ;
#3035 = CARTESIAN_POINT ( 'NONE',  ( 43.00000000000000000, 0.9999999999999991118, 7.000000000000000000 ) ) ;
#3036 = CARTESIAN_POINT ( 'NONE',  ( 46.00000000000000000, 4.000000000000000000, 6.499999999999999112 ) ) ;
#3037 = EDGE_CURVE ( 'NONE', #3308, #3071, #2043, .T. ) ;
#3038 = DIRECTION ( 'NONE',  ( 1.000000000000000000, 0.000000000000000000, 0.000000000000000000 ) ) ;
#3039 = VECTOR ( 'NONE', #686, 1000.000000000000000 ) ;
#3040 = ORIENTED_EDGE ( 'NONE', *, *, #3089, .T. ) ;
#3041 = PLANE ( 'NONE',  #1931 ) ;
#3042 = ORIENTED_EDGE ( 'NONE', *, *, #1554, .T. ) ;
#3043 = CARTESIAN_POINT ( 'NONE',  ( 40.99999999999999289, 1.000000000000013101, 7.000000000000000000 ) ) ;
#3044 = DIRECTION ( 'NONE',  ( 1.000000000000000000, 1.225217227755426578E-16, -0.000000000000000000 ) ) ;
#3045 = FACE_OUTER_BOUND ( 'NONE', #309, .T. ) ;
#3046 = CARTESIAN_POINT ( 'NONE',  ( 18.00000000000000000, 8.000000000000000000, -55.78619639847313039 ) ) ;
#3047 = ORIENTED_EDGE ( 'NONE', *, *, #251, .F. ) ;
#3048 = EDGE_CURVE ( 'NONE', #608, #1628, #2561, .T. ) ;
#3049 = ORIENTED_EDGE ( 'NONE', *, *, #3509, .T. ) ;
#3050 = FACE_OUTER_BOUND ( 'NONE', #935, .T. ) ;
#3051 = DIRECTION ( 'NONE',  ( -0.000000000000000000, -0.000000000000000000, -1.000000000000000000 ) ) ;
#3052 = DIRECTION ( 'NONE',  ( 0.000000000000000000, 0.000000000000000000, 1.000000000000000000 ) ) ;
#3053 = CC_DESIGN_PERSON_AND_ORGANIZATION_ASSIGNMENT ( #120, #3807, ( #978 ) ) ;
#3054 = CARTESIAN_POINT ( 'NONE',  ( 43.00000000000000000, 0.5000000000000004441, 6.500000000000000888 ) ) ;
#3055 = DIRECTION ( 'NONE',  ( 0.000000000000000000, 0.000000000000000000, -1.000000000000000000 ) ) ;
#3056 = CARTESIAN_POINT ( 'NONE',  ( 36.00000000000000000, 5.464378949326942347E-14, 7.000000000000000000 ) ) ;
#3057 = CIRCLE ( 'NONE', #2818, 0.5000000000000004441 ) ;
#3058 = EDGE_CURVE ( 'NONE', #3258, #1596, #1261, .T. ) ;
#3059 = VERTEX_POINT ( 'NONE', #3078 ) ;
#3060 = EDGE_CURVE ( 'NONE', #201, #3125, #1240, .T. ) ;
#3061 = FACE_OUTER_BOUND ( 'NONE', #3170, .T. ) ;
#3062 = ORIENTED_EDGE ( 'NONE', *, *, #342, .T. ) ;
#3063 = EDGE_CURVE ( 'NONE', #2452, #2163, #2414, .T. ) ;
#3064 = FACE_OUTER_BOUND ( 'NONE', #66, .T. ) ;
#3065 = VECTOR ( 'NONE', #920, 1000.000000000000000 ) ;
#3066 = ORIENTED_EDGE ( 'NONE', *, *, #407, .T. ) ;
#3067 = DIRECTION ( 'NONE',  ( 0.000000000000000000, -1.000000000000000000, 0.000000000000000000 ) ) ;
#3068 = ORIENTED_EDGE ( 'NONE', *, *, #1721, .F. ) ;
#3069 = VECTOR ( 'NONE', #2988, 1000.000000000000000 ) ;
#3070 = DIRECTION ( 'NONE',  ( 0.000000000000000000, -1.000000000000000000, 0.000000000000000000 ) ) ;
#3071 = VERTEX_POINT ( 'NONE', #2088 ) ;
#3072 = AXIS2_PLACEMENT_3D ( 'NONE', #2263, #1627, #786 ) ;
#3073 = VERTEX_POINT ( 'NONE', #2132 ) ;
#3074 = AXIS2_PLACEMENT_3D ( 'NONE', #159, #2581, #1376 ) ;
#3075 = EDGE_LOOP ( 'NONE', ( #3021, #193, #2186, #1787 ) ) ;
#3076 = CARTESIAN_POINT ( 'NONE',  ( 47.00000000000000000, 3.999999999999993339, 0.5000000000000004441 ) ) ;
#3077 = CARTESIAN_POINT ( 'NONE',  ( 34.99999999999999289, 5.464378949326942347E-14, 2.000000000000000000 ) ) ;
#3078 = CARTESIAN_POINT ( 'NONE',  ( 47.00000000000000000, 1.000000000000007105, 6.499999999999999112 ) ) ;
#3079 = CARTESIAN_POINT ( 'NONE',  ( 34.99999999999999289, 4.500000000000000000, 6.500000000000000888 ) ) ;
#3080 = DIRECTION ( 'NONE',  ( 0.000000000000000000, -1.000000000000000000, 0.000000000000000000 ) ) ;
#3081 = DIRECTION ( 'NONE',  ( 0.000000000000000000, 0.000000000000000000, 1.000000000000000000 ) ) ;
#3082 = LOCAL_TIME ( 23, 44, 21.00000000000000000, #2520 ) ;
#3083 = ORIENTED_EDGE ( 'NONE', *, *, #1470, .T. ) ;
#3084 = FACE_OUTER_BOUND ( 'NONE', #1690, .T. ) ;
#3085 = ORIENTED_EDGE ( 'NONE', *, *, #1446, .T. ) ;
#3086 = CARTESIAN_POINT ( 'NONE',  ( 0.000000000000000000, 0.000000000000000000, 9.000000000000000000 ) ) ;
#3087 = EDGE_LOOP ( 'NONE', ( #1055, #1210, #2169, #2836 ) ) ;
#3088 = DIRECTION ( 'NONE',  ( -0.8090169943749481174, 0.5877852522924721379, -1.019644875984700997E-15 ) ) ;
#3089 = EDGE_CURVE ( 'NONE', #228, #2351, #2892, .T. ) ;
#3090 = VERTEX_POINT ( 'NONE', #3359 ) ;
#3091 = CIRCLE ( 'NONE', #1427, 0.9999999999999993339 ) ;
#3092 = EDGE_CURVE ( 'NONE', #3287, #3059, #143, .T. ) ;
#3093 = CARTESIAN_POINT ( 'NONE',  ( 0.000000000000000000, 0.000000000000000000, 2.000000000000000000 ) ) ;
#3094 = ORIENTED_EDGE ( 'NONE', *, *, #205, .T. ) ;
#3095 = DIRECTION ( 'NONE',  ( -0.000000000000000000, -0.000000000000000000, 1.000000000000000000 ) ) ;
#3096 = DIRECTION ( 'NONE',  ( 0.000000000000000000, 0.000000000000000000, 1.000000000000000000 ) ) ;
#3097 = DIRECTION ( 'NONE',  ( -0.000000000000000000, -0.000000000000000000, 1.000000000000000000 ) ) ;
#3098 = LINE ( 'NONE', #366, #2531 ) ;
#3099 = CARTESIAN_POINT ( 'NONE',  ( 22.79317070141123835, 4.999999999999997335, 0.000000000000000000 ) ) ;
#3100 = AXIS2_PLACEMENT_3D ( 'NONE', #626, #1494, #3422 ) ;
#3101 = VECTOR ( 'NONE', #3823, 1000.000000000000000 ) ;
#3102 = EDGE_CURVE ( 'NONE', #338, #3625, #3699, .T. ) ;
#3103 = ORIENTED_EDGE ( 'NONE', *, *, #3010, .T. ) ;
#3104 = AXIS2_PLACEMENT_3D ( 'NONE', #1737, #2357, #578 ) ;
#3105 = PLANE ( 'NONE',  #3844 ) ;
#3106 = EDGE_LOOP ( 'NONE', ( #1193, #2384, #2637, #1207 ) ) ;
#3107 = CARTESIAN_POINT ( 'NONE',  ( -3.361215932167721743, 5.821796769724458365, 0.5000000000000004441 ) ) ;
#3108 = CARTESIAN_POINT ( 'NONE',  ( 37.00000000000000000, 3.999999999999958256, 7.000000000000000000 ) ) ;
#3109 = CIRCLE ( 'NONE', #496, 0.4999999999999993339 ) ;
#3110 = ORIENTED_EDGE ( 'NONE', *, *, #1297, .F. ) ;
#3111 = ORIENTED_EDGE ( 'NONE', *, *, #2908, .T. ) ;
#3112 = EDGE_CURVE ( 'NONE', #2596, #441, #3317, .T. ) ;
#3113 = DIRECTION ( 'NONE',  ( 1.000000000000000000, 0.000000000000000000, 0.000000000000000000 ) ) ;
#3114 = EDGE_LOOP ( 'NONE', ( #540, #639, #138, #3189 ) ) ;
#3115 = EDGE_CURVE ( 'NONE', #3312, #3674, #266, .T. ) ;
#3116 = ORIENTED_EDGE ( 'NONE', *, *, #3089, .F. ) ;
#3117 = VERTEX_POINT ( 'NONE', #3400 ) ;
#3118 = CARTESIAN_POINT ( 'NONE',  ( 43.00000000000000000, 4.500000000000000888, 6.500000000000000888 ) ) ;
#3119 = DIRECTION ( 'NONE',  ( -0.000000000000000000, -1.000000000000000000, -0.000000000000000000 ) ) ;
#3120 = CALENDAR_DATE ( 2026, 28, 7 ) ;
#3121 = DIRECTION ( 'NONE',  ( -0.000000000000000000, -0.000000000000000000, 1.000000000000000000 ) ) ;
#3122 = DIRECTION ( 'NONE',  ( 1.000000000000000000, 0.000000000000000000, -0.000000000000000000 ) ) ;
#3123 = ORIENTED_EDGE ( 'NONE', *, *, #33, .T. ) ;
#3124 = DIRECTION ( 'NONE',  ( -1.000000000000000000, 0.000000000000000000, 0.000000000000000000 ) ) ;
#3125 = VERTEX_POINT ( 'NONE', #579 ) ;
#3126 = DIRECTION ( 'NONE',  ( 1.000000000000000000, 0.000000000000000000, 0.000000000000000000 ) ) ;
#3127 = ORIENTED_EDGE ( 'NONE', *, *, #3947, .F. ) ;
#3128 = DIRECTION ( 'NONE',  ( -0.000000000000000000, -0.000000000000000000, 1.000000000000000000 ) ) ;
#3129 = VECTOR ( 'NONE', #2228, 1000.000000000000000 ) ;
#3130 = ORIENTED_EDGE ( 'NONE', *, *, #1951, .T. ) ;
#3131 = CARTESIAN_POINT ( 'NONE',  ( 36.00000000000000000, 5.464378949326942347E-14, 2.000000000000000000 ) ) ;
#3132 = ORIENTED_EDGE ( 'NONE', *, *, #1379, .T. ) ;
#3133 = EDGE_LOOP ( 'NONE', ( #440, #2136, #1147, #1852, #161, #1832, #1915, #2233, #267, #3475, #390, #3591, #198, #2573, #1407, #2330, #2317, #537, #2243, #2412, #2849, #2447, #3306, #1751, #254, #396, #3290, #655, #1092, #2227, #2739, #3085, #2142, #3649, #128, #856, #1021, #1510, #44, #3665, #1744, #1715, #294, #227, #724, #1229, #3474, #1452, #388, #2498, #2575, #3621, #1076, #1535, #350, #1767, #84, #2985, #2710, #1362, #1337, #2680, #3132, #252, #3393, #3932, #2673, #2803, #3923 ) ) ;
#3134 = VECTOR ( 'NONE', #3592, 1000.000000000000000 ) ;
#3135 = ORIENTED_EDGE ( 'NONE', *, *, #1086, .T. ) ;
#3136 = DIRECTION ( 'NONE',  ( 0.000000000000000000, 0.000000000000000000, 1.000000000000000000 ) ) ;
#3137 = ORIENTED_EDGE ( 'NONE', *, *, #1693, .F. ) ;
#3138 = CARTESIAN_POINT ( 'NONE',  ( 38.00000000000000000, 1.000000000000040856, 2.000000000000000000 ) ) ;
#3139 = EDGE_CURVE ( 'NONE', #679, #2473, #2504, .T. ) ;
#3140 = AXIS2_PLACEMENT_3D ( 'NONE', #2851, #1667, #1368 ) ;
#3141 = EDGE_CURVE ( 'NONE', #2883, #3815, #1221, .T. ) ;
#3142 = SECURITY_CLASSIFICATION_LEVEL ( 'unclassified' ) ;
#3143 = CARTESIAN_POINT ( 'NONE',  ( 4.350937166592712147E-31, 4.522101799272739202E-15, 6.499999999999999112 ) ) ;
#3144 = CARTESIAN_POINT ( 'NONE',  ( 37.00000000000000000, 4.999999999999958256, 2.000000000000000000 ) ) ;
#3145 = ADVANCED_FACE ( 'NONE', ( #1514 ), #3017, .T. ) ;
#3146 = ORIENTED_EDGE ( 'NONE', *, *, #1897, .T. ) ;
#3147 = CARTESIAN_POINT ( 'NONE',  ( 38.00000000000000000, 4.999999999999958256, 2.000000000000000000 ) ) ;
#3148 = DIRECTION ( 'NONE',  ( -0.000000000000000000, 0.000000000000000000, 1.000000000000000000 ) ) ;
#3149 = DIRECTION ( 'NONE',  ( 9.621493189942000426E-17, 1.000000000000000000, 0.000000000000000000 ) ) ;
#3150 = ORIENTED_EDGE ( 'NONE', *, *, #3650, .T. ) ;
#3151 = CARTESIAN_POINT ( 'NONE',  ( 39.99999999999999289, 1.000000000000026867, 2.000000000000000000 ) ) ;
#3152 = CIRCLE ( 'NONE', #1364, 1.000000000000000444 ) ;
#3153 = EDGE_LOOP ( 'NONE', ( #3247, #290, #67, #3669 ) ) ;
#3154 = ORIENTED_EDGE ( 'NONE', *, *, #860, .T. ) ;
#3155 = CARTESIAN_POINT ( 'NONE',  ( 4.350937166592712147E-31, 4.522101799272739202E-15, -55.78619639847313039 ) ) ;
#3156 = ORIENTED_EDGE ( 'NONE', *, *, #482, .F. ) ;
#3157 = AXIS2_PLACEMENT_3D ( 'NONE', #2511, #3732, #3126 ) ;
#3158 = FACE_OUTER_BOUND ( 'NONE', #900, .T. ) ;
#3159 = VERTEX_POINT ( 'NONE', #1860 ) ;
#3160 = CARTESIAN_POINT ( 'NONE',  ( 2.382114233318553875, -0.7586381083370300482, 2.000000000000000000 ) ) ;
#3161 = DIRECTION ( 'NONE',  ( 0.000000000000000000, 0.000000000000000000, 1.000000000000000000 ) ) ;
#3162 = EDGE_CURVE ( 'NONE', #3757, #1557, #3215, .T. ) ;
#3163 = CARTESIAN_POINT ( 'NONE',  ( 46.50000000000000000, 3.999999999999993339, 0.5000000000000000000 ) ) ;
#3164 = ORIENTED_EDGE ( 'NONE', *, *, #3233, .F. ) ;
#3165 = EDGE_CURVE ( 'NONE', #3945, #235, #2313, .T. ) ;
#3166 = VECTOR ( 'NONE', #1389, 1000.000000000000000 ) ;
#3167 = DIRECTION ( 'NONE',  ( -0.8660254037844379305, -0.5000000000000014433, 0.000000000000000000 ) ) ;
#3168 = FACE_OUTER_BOUND ( 'NONE', #3733, .T. ) ;
#3169 = LINE ( 'NONE', #3527, #1949 ) ;
#3170 = EDGE_LOOP ( 'NONE', ( #3709, #3116, #2694, #674 ) ) ;
#3171 = VECTOR ( 'NONE', #3482, 1000.000000000000000 ) ;
#3172 = ORIENTED_EDGE ( 'NONE', *, *, #3257, .T. ) ;
#3173 = ORIENTED_EDGE ( 'NONE', *, *, #2260, .T. ) ;
#3174 = CARTESIAN_POINT ( 'NONE',  ( 31.84150274188694851, 4.999999999999998224, 0.5000000000000004441 ) ) ;
#3175 = ORIENTED_EDGE ( 'NONE', *, *, #1297, .T. ) ;
#3176 = AXIS2_PLACEMENT_3D ( 'NONE', #820, #3346, #1524 ) ;
#3177 = LINE ( 'NONE', #3552, #2248 ) ;
#3178 = DIRECTION ( 'NONE',  ( 1.000000000000000000, 1.225217227755426578E-16, -0.000000000000000000 ) ) ;
#3179 = AXIS2_PLACEMENT_3D ( 'NONE', #807, #1439, #3260 ) ;
#3180 = CARTESIAN_POINT ( 'NONE',  ( 30.32491969623290728, 1.000000000000001776, 7.000000000000000000 ) ) ;
#3181 = DATE_AND_TIME ( #468, #15 ) ;
#3182 = DIRECTION ( 'NONE',  ( -1.000000000000000000, 0.000000000000000000, 5.204170427930416550E-15 ) ) ;
#3183 = DIRECTION ( 'NONE',  ( -1.000000000000000000, 1.701468756720994179E-16, 0.000000000000000000 ) ) ;
#3184 = DIRECTION ( 'NONE',  ( 0.000000000000000000, 0.000000000000000000, 1.000000000000000000 ) ) ;
#3185 = DIRECTION ( 'NONE',  ( -1.000000000000000000, -1.225217227755426578E-16, 0.000000000000000000 ) ) ;
#3186 = DIRECTION ( 'NONE',  ( -0.000000000000000000, -0.000000000000000000, 1.000000000000000000 ) ) ;
#3187 = EDGE_CURVE ( 'NONE', #2604, #1022, #1714, .T. ) ;
#3188 = EDGE_CURVE ( 'NONE', #3954, #201, #3193, .T. ) ;
#3189 = ORIENTED_EDGE ( 'NONE', *, *, #2972, .F. ) ;
#3190 = FACE_OUTER_BOUND ( 'NONE', #1255, .T. ) ;
#3191 = VERTEX_POINT ( 'NONE', #516 ) ;
#3192 = AXIS2_PLACEMENT_3D ( 'NONE', #2164, #3622, #1846 ) ;
#3193 = LINE ( 'NONE', #798, #3787 ) ;
#3194 = ORIENTED_EDGE ( 'NONE', *, *, #3291, .F. ) ;
#3195 = CYLINDRICAL_SURFACE ( 'NONE', #3819, 0.5000000000000004441 ) ;
#3196 = CARTESIAN_POINT ( 'NONE',  ( 36.00000000000000000, 4.999999999999944933, 6.500000000000000888 ) ) ;
#3197 = CIRCLE ( 'NONE', #3638, 0.4999999999999993339 ) ;
#3198 = DATE_AND_TIME ( #3120, #2513 ) ;
#3199 = DIRECTION ( 'NONE',  ( -0.000000000000000000, -0.000000000000000000, 1.000000000000000000 ) ) ;
#3200 = ORIENTED_EDGE ( 'NONE', *, *, #2989, .T. ) ;
#3201 = LINE ( 'NONE', #471, #296 ) ;
#3202 = VECTOR ( 'NONE', #389, 1000.000000000000000 ) ;
#3203 = VECTOR ( 'NONE', #1840, 1000.000000000000000 ) ;
#3204 = ORIENTED_EDGE ( 'NONE', *, *, #2586, .F. ) ;
#3205 = VECTOR ( 'NONE', #135, 1000.000000000000000 ) ;
#3206 = DIRECTION ( 'NONE',  ( 0.5000000000000014433, -0.8660254037844378194, 0.000000000000000000 ) ) ;
#3207 = CARTESIAN_POINT ( 'NONE',  ( -5.513477524899414180E-16, 4.499999999999995559, 7.000000000000000000 ) ) ;
#3208 = CARTESIAN_POINT ( 'NONE',  ( 46.00000000000000000, 4.500000000000000888, 0.000000000000000000 ) ) ;
#3209 = VERTEX_POINT ( 'NONE', #1732 ) ;
#3210 = EDGE_LOOP ( 'NONE', ( #438, #2715, #1252, #3433, #2045 ) ) ;
#3211 = ORIENTED_EDGE ( 'NONE', *, *, #1586, .T. ) ;
#3212 = ADVANCED_FACE ( 'NONE', ( #1694 ), #2292, .F. ) ;
#3213 = CARTESIAN_POINT ( 'NONE',  ( 38.99999999999999289, 2.688821387764050996E-14, 2.000000000000000000 ) ) ;
#3214 = CIRCLE ( 'NONE', #2771, 0.5000000000000004441 ) ;
#3215 = LINE ( 'NONE', #2555, #1474 ) ;
#3216 = EDGE_CURVE ( 'NONE', #1098, #2816, #742, .T. ) ;
#3217 = ORIENTED_EDGE ( 'NONE', *, *, #3309, .F. ) ;
#3218 = FACE_OUTER_BOUND ( 'NONE', #1893, .T. ) ;
#3219 = AXIS2_PLACEMENT_3D ( 'NONE', #3036, #2743, #2156 ) ;
#3220 = CARTESIAN_POINT ( 'NONE',  ( 38.99999999999999289, 4.999999999999972466, 2.000000000000000000 ) ) ;
#3221 = CARTESIAN_POINT ( 'NONE',  ( 37.00000000000000000, 4.500000000000000000, 6.500000000000000888 ) ) ;
#3222 = VECTOR ( 'NONE', #3387, 1000.000000000000000 ) ;
#3223 = FACE_OUTER_BOUND ( 'NONE', #1633, .T. ) ;
#3224 = CARTESIAN_POINT ( 'NONE',  ( -6.243501913926870373, 1.815444294120986291, 0.4542972208960380787 ) ) ;
#3225 = VERTEX_POINT ( 'NONE', #2939 ) ;
#3226 = DIRECTION ( 'NONE',  ( 1.000000000000000000, 0.000000000000000000, 0.000000000000000000 ) ) ;
#3227 = LINE ( 'NONE', #2302, #1755 ) ;
#3228 = DIRECTION ( 'NONE',  ( -0.3034552433348117195, -0.9528456933274191965, -0.000000000000000000 ) ) ;
#3229 = ADVANCED_FACE ( 'NONE', ( #1677 ), #3821, .T. ) ;
#3230 = ORIENTED_EDGE ( 'NONE', *, *, #3305, .F. ) ;
#3231 = CARTESIAN_POINT ( 'NONE',  ( 46.50000000000000000, 3.999999999999996447, 6.499999999999999112 ) ) ;
#3232 = AXIS2_PLACEMENT_3D ( 'NONE', #1003, #3786, #709 ) ;
#3233 = EDGE_CURVE ( 'NONE', #2029, #3757, #1673, .T. ) ;
#3234 = DIRECTION ( 'NONE',  ( 0.000000000000000000, 0.000000000000000000, 1.000000000000000000 ) ) ;
#3235 = VECTOR ( 'NONE', #1278, 1000.000000000000000 ) ;
#3236 = VERTEX_POINT ( 'NONE', #1411 ) ;
#3237 = CYLINDRICAL_SURFACE ( 'NONE', #1645, 0.5000000000000004441 ) ;
#3238 = FACE_OUTER_BOUND ( 'NONE', #1941, .T. ) ;
#3239 = EDGE_CURVE ( 'NONE', #3687, #684, #2641, .T. ) ;
#3240 = EDGE_CURVE ( 'NONE', #2832, #359, #2958, .T. ) ;
#3241 = EDGE_CURVE ( 'NONE', #1875, #462, #1117, .T. ) ;
#3242 = CARTESIAN_POINT ( 'NONE',  ( 38.99999999999999289, 3.999999999999972466, 2.000000000000000000 ) ) ;
#3243 = CARTESIAN_POINT ( 'NONE',  ( 15.52538177917292117, 16.61828779399174749, 6.499999999999999112 ) ) ;
#3244 = DIRECTION ( 'NONE',  ( -1.000000000000000000, 0.000000000000000000, -0.000000000000000000 ) ) ;
#3245 = CARTESIAN_POINT ( 'NONE',  ( -5.717074159964513846, 1.820731460008869984, 0.000000000000000000 ) ) ;
#3246 = DIRECTION ( 'NONE',  ( -2.168404344971013552E-16, -1.000000000000000000, 0.000000000000000000 ) ) ;
#3247 = ORIENTED_EDGE ( 'NONE', *, *, #2704, .T. ) ;
#3248 = ORIENTED_EDGE ( 'NONE', *, *, #2753, .F. ) ;
#3249 = CARTESIAN_POINT ( 'NONE',  ( 38.99999999999999289, 2.688821387764050996E-14, 2.000000000000000000 ) ) ;
#3250 = CARTESIAN_POINT ( 'NONE',  ( -2.268984724868940983, 11.00000000000000178, -55.78619639847313039 ) ) ;
#3251 = DIRECTION ( 'NONE',  ( 0.3034552433348116640, 0.9528456933274191965, 0.000000000000000000 ) ) ;
#3252 = DIRECTION ( 'NONE',  ( -0.000000000000000000, 0.000000000000000000, 1.000000000000000000 ) ) ;
#3253 = AXIS2_PLACEMENT_3D ( 'NONE', #1374, #3453, #723 ) ;
#3254 = CARTESIAN_POINT ( 'NONE',  ( 4.440485190459277476, 9.000000000000000000, 7.000000000000000000 ) ) ;
#3255 = AXIS2_PLACEMENT_3D ( 'NONE', #1481, #1184, #2387 ) ;
#3256 = LINE ( 'NONE', #804, #2398 ) ;
#3257 = EDGE_CURVE ( 'NONE', #814, #156, #2697, .T. ) ;
#3258 = VERTEX_POINT ( 'NONE', #3477 ) ;
#3259 = DIRECTION ( 'NONE',  ( 0.000000000000000000, 0.000000000000000000, 1.000000000000000000 ) ) ;
#3260 = DIRECTION ( 'NONE',  ( 9.621493189942000426E-17, 1.000000000000000000, 0.000000000000000000 ) ) ;
#3261 = EDGE_CURVE ( 'NONE', #2057, #338, #3177, .T. ) ;
#3262 = AXIS2_PLACEMENT_3D ( 'NONE', #1327, #2931, #2008 ) ;
#3263 = AXIS2_PLACEMENT_3D ( 'NONE', #427, #2298, #3503 ) ;
#3264 = VECTOR ( 'NONE', #780, 1000.000000000000000 ) ;
#3265 = ORIENTED_EDGE ( 'NONE', *, *, #1043, .T. ) ;
#3266 = ORIENTED_EDGE ( 'NONE', *, *, #2354, .F. ) ;
#3267 = DIRECTION ( 'NONE',  ( -0.000000000000000000, 1.000000000000000000, -0.000000000000000000 ) ) ;
#3268 = DIRECTION ( 'NONE',  ( -0.5877852522924753575, -0.8090169943749458970, 0.000000000000000000 ) ) ;
#3269 = ORIENTED_EDGE ( 'NONE', *, *, #1155, .F. ) ;
#3270 = DIRECTION ( 'NONE',  ( 1.000000000000000000, 0.000000000000000000, 0.000000000000000000 ) ) ;
#3271 = DIRECTION ( 'NONE',  ( 1.000000000000000000, 0.000000000000000000, 0.000000000000000000 ) ) ;
#3272 = ORIENTED_EDGE ( 'NONE', *, *, #3357, .T. ) ;
#3273 = EDGE_LOOP ( 'NONE', ( #979, #3653, #3047, #2969, #2858 ) ) ;
#3274 = AXIS2_PLACEMENT_3D ( 'NONE', #3723, #302, #2198 ) ;
#3275 = LINE ( 'NONE', #2648, #2689 ) ;
#3276 = FACE_OUTER_BOUND ( 'NONE', #816, .T. ) ;
#3277 = ORIENTED_EDGE ( 'NONE', *, *, #2677, .F. ) ;
#3278 = EDGE_CURVE ( 'NONE', #3209, #2232, #1544, .T. ) ;
#3279 = TOROIDAL_SURFACE ( 'NONE', #1746, 1.499999999999998446, 0.5000000000000000000 ) ;
#3280 = DIRECTION ( 'NONE',  ( -1.000000000000000000, -0.000000000000000000, -0.000000000000000000 ) ) ;
#3281 = PLANE ( 'NONE',  #554 ) ;
#3282 = DIRECTION ( 'NONE',  ( 0.000000000000000000, 0.000000000000000000, 1.000000000000000000 ) ) ;
#3283 = EDGE_CURVE ( 'NONE', #2916, #3625, #1096, .T. ) ;
#3284 = ORIENTED_EDGE ( 'NONE', *, *, #2519, .F. ) ;
#3285 = LINE ( 'NONE', #1692, #2996 ) ;
#3286 = DIRECTION ( 'NONE',  ( -0.000000000000000000, -0.000000000000000000, 1.000000000000000000 ) ) ;
#3287 = VERTEX_POINT ( 'NONE', #1358 ) ;
#3288 = VECTOR ( 'NONE', #466, 1000.000000000000114 ) ;
#3289 = DIRECTION ( 'NONE',  ( 0.000000000000000000, 0.000000000000000000, 1.000000000000000000 ) ) ;
#3290 = ORIENTED_EDGE ( 'NONE', *, *, #3063, .T. ) ;
#3291 = EDGE_CURVE ( 'NONE', #2516, #2990, #3801, .T. ) ;
#3292 = AXIS2_PLACEMENT_3D ( 'NONE', #3314, #2337, #3541 ) ;
#3293 = DIRECTION ( 'NONE',  ( 0.8090169943749432324, -0.5877852522924789103, 0.000000000000000000 ) ) ;
#3294 = LINE ( 'NONE', #2979, #1502 ) ;
#3295 = AXIS2_PLACEMENT_3D ( 'NONE', #2913, #170, #2614 ) ;
#3296 = ORIENTED_EDGE ( 'NONE', *, *, #8, .F. ) ;
#3297 = AXIS2_PLACEMENT_3D ( 'NONE', #2162, #329, #2466 ) ;
#3298 = PLANE ( 'NONE',  #2705 ) ;
#3299 = CARTESIAN_POINT ( 'NONE',  ( 38.99999999999999289, 4.999999999999972466, 7.000000000000000000 ) ) ;
#3300 = CARTESIAN_POINT ( 'NONE',  ( 43.00000000000000000, 5.000000000000000000, 2.000000000000000000 ) ) ;
#3301 = EDGE_LOOP ( 'NONE', ( #1564, #3016, #1188, #1459 ) ) ;
#3302 = ORIENTED_EDGE ( 'NONE', *, *, #1693, .T. ) ;
#3303 = EDGE_CURVE ( 'NONE', #1875, #3472, #1036, .T. ) ;
#3304 = DIRECTION ( 'NONE',  ( -0.3034552433348117195, -0.9528456933274191965, 0.000000000000000000 ) ) ;
#3305 = EDGE_CURVE ( 'NONE', #1353, #776, #697, .T. ) ;
#3306 = ORIENTED_EDGE ( 'NONE', *, *, #485, .T. ) ;
#3307 = DIRECTION ( 'NONE',  ( 1.000000000000000000, 0.000000000000000000, 0.000000000000000000 ) ) ;
#3308 = VERTEX_POINT ( 'NONE', #481 ) ;
#3309 = EDGE_CURVE ( 'NONE', #1450, #3424, #2566, .T. ) ;
#3310 = LINE ( 'NONE', #2942, #1698 ) ;
#3311 = ORIENTED_EDGE ( 'NONE', *, *, #1764, .F. ) ;
#3312 = VERTEX_POINT ( 'NONE', #3348 ) ;
#3313 = PLANE ( 'NONE',  #646 ) ;
#3314 = CARTESIAN_POINT ( 'NONE',  ( 39.99999999999999289, 2.688821387764050996E-14, 2.000000000000000000 ) ) ;
#3315 = CIRCLE ( 'NONE', #569, 0.5000000000000004441 ) ;
#3316 = VECTOR ( 'NONE', #2855, 1000.000000000000000 ) ;
#3317 = LINE ( 'NONE', #3634, #1998 ) ;
#3318 = LINE ( 'NONE', #2965, #791 ) ;
#3319 = FACE_OUTER_BOUND ( 'NONE', #336, .T. ) ;
#3320 = DIRECTION ( 'NONE',  ( 1.701468756720993193E-16, 1.000000000000000000, 0.000000000000000000 ) ) ;
#3321 = AXIS2_PLACEMENT_3D ( 'NONE', #13, #1791, #278 ) ;
#3322 = VERTEX_POINT ( 'NONE', #3566 ) ;
#3323 = ORIENTED_EDGE ( 'NONE', *, *, #1743, .T. ) ;
#3324 = FACE_OUTER_BOUND ( 'NONE', #741, .T. ) ;
#3325 = VECTOR ( 'NONE', #3597, 1000.000000000000114 ) ;
#3326 = VECTOR ( 'NONE', #185, 1000.000000000000000 ) ;
#3327 = CARTESIAN_POINT ( 'NONE',  ( 12.97246030455048604, 17.85505982721321416, 6.500000000000000888 ) ) ;
#3328 = ADVANCED_FACE ( 'NONE', ( #1803 ), #3903, .T. ) ;
#3329 = ORIENTED_EDGE ( 'NONE', *, *, #1762, .T. ) ;
#3330 = DIRECTION ( 'NONE',  ( 0.000000000000000000, 0.000000000000000000, 1.000000000000000000 ) ) ;
#3331 = EDGE_LOOP ( 'NONE', ( #3866, #3388 ) ) ;
#3332 = ORIENTED_EDGE ( 'NONE', *, *, #2856, .T. ) ;
#3333 = VECTOR ( 'NONE', #2652, 1000.000000000000000 ) ;
#3334 = ADVANCED_FACE ( 'NONE', ( #1829 ), #2696, .F. ) ;
#3335 = DIRECTION ( 'NONE',  ( 1.000000000000000000, -9.621493189941999193E-17, -0.000000000000000000 ) ) ;
#3336 = CARTESIAN_POINT ( 'NONE',  ( 6.071796769724521425, 12.00000000000000000, 6.499999999999999112 ) ) ;
#3337 = CIRCLE ( 'NONE', #2116, 3.000000000000000444 ) ;
#3338 = DIRECTION ( 'NONE',  ( -0.000000000000000000, -0.000000000000000000, 1.000000000000000000 ) ) ;
#3339 = FACE_OUTER_BOUND ( 'NONE', #2678, .T. ) ;
#3340 = LINE ( 'NONE', #604, #231 ) ;
#3341 = CARTESIAN_POINT ( 'NONE',  ( 31.84150274188694851, 4.499999999999999112, 7.000000000000000000 ) ) ;
#3342 = ORIENTED_EDGE ( 'NONE', *, *, #535, .T. ) ;
#3343 = CARTESIAN_POINT ( 'NONE',  ( -4.958436051627484353, 4.202845693327416754, 7.000000000000000000 ) ) ;
#3344 = VERTEX_POINT ( 'NONE', #2714 ) ;
#3345 = EDGE_CURVE ( 'NONE', #1172, #1113, #1789, .T. ) ;
#3346 = DIRECTION ( 'NONE',  ( 1.000000000000000000, -9.621493189941999193E-17, 0.000000000000000000 ) ) ;
#3347 = DIRECTION ( 'NONE',  ( 1.000000000000000000, 0.000000000000000000, 0.000000000000000000 ) ) ;
#3348 = CARTESIAN_POINT ( 'NONE',  ( 15.52538177917292117, 16.61828779399174749, 0.5000000000000004441 ) ) ;
#3349 = DIRECTION ( 'NONE',  ( -0.000000000000000000, -0.000000000000000000, 1.000000000000000000 ) ) ;
#3350 = EDGE_LOOP ( 'NONE', ( #705, #3437, #71, #2122, #1981, #1312, #23, #2917, #2024, #268, #3103, #1894, #3429, #1938, #680, #1922, #3323, #2489, #176 ) ) ;
#3351 = EDGE_CURVE ( 'NONE', #255, #2801, #888, .T. ) ;
#3352 = ORIENTED_EDGE ( 'NONE', *, *, #2428, .F. ) ;
#3353 = CARTESIAN_POINT ( 'NONE',  ( 14.93759652688044248, 15.80927079961680626, 0.5000000000000004441 ) ) ;
#3354 = CARTESIAN_POINT ( 'NONE',  ( 6.071796769724517873, 13.00000000000000178, -55.78619639847313039 ) ) ;
#3355 = ADVANCED_FACE ( 'NONE', ( #3045 ), #911, .T. ) ;
#3356 = CIRCLE ( 'NONE', #2664, 0.5000000000000000000 ) ;
#3357 = EDGE_CURVE ( 'NONE', #2582, #401, #1156, .T. ) ;
#3358 = AXIS2_PLACEMENT_3D ( 'NONE', #2168, #1274, #1831 ) ;
#3359 = CARTESIAN_POINT ( 'NONE',  ( -3.221830418196361290, 11.30345524333480789, 0.5000000000000004441 ) ) ;
#3360 = LINE ( 'NONE', #1219, #1798 ) ;
#3361 = LINE ( 'NONE', #2177, #2857 ) ;
#3362 = DIRECTION ( 'NONE',  ( 0.000000000000000000, 0.000000000000000000, 1.000000000000000000 ) ) ;
#3363 = VECTOR ( 'NONE', #402, 1000.000000000000000 ) ;
#3364 = VERTEX_POINT ( 'NONE', #2658 ) ;
#3365 = CARTESIAN_POINT ( 'NONE',  ( 38.99999999999999289, 3.999999999999972466, 2.000000000000000000 ) ) ;
#3366 = ORIENTED_EDGE ( 'NONE', *, *, #1257, .F. ) ;
#3367 = VECTOR ( 'NONE', #2982, 1000.000000000000000 ) ;
#3368 = ORIENTED_EDGE ( 'NONE', *, *, #1725, .T. ) ;
#3369 = EDGE_CURVE ( 'NONE', #2812, #1566, #1134, .T. ) ;
#3370 = CYLINDRICAL_SURFACE ( 'NONE', #3704, 0.4999999999999998335 ) ;
#3371 = ORIENTED_EDGE ( 'NONE', *, *, #226, .F. ) ;
#3372 = CARTESIAN_POINT ( 'NONE',  ( 34.99999999999999289, 1.000000000000054623, 7.000000000000000000 ) ) ;
#3373 = ORIENTED_EDGE ( 'NONE', *, *, #62, .F. ) ;
#3374 = ORIENTED_EDGE ( 'NONE', *, *, #1495, .T. ) ;
#3375 = ORIENTED_EDGE ( 'NONE', *, *, #3485, .F. ) ;
#3376 = DIRECTION ( 'NONE',  ( 1.000000000000000000, 0.000000000000000000, 0.000000000000000000 ) ) ;
#3377 = CARTESIAN_POINT ( 'NONE',  ( 40.99999999999999289, 4.999999999999985789, 7.000000000000000000 ) ) ;
#3378 = DIRECTION ( 'NONE',  ( 1.000000000000000000, 0.000000000000000000, 0.000000000000000000 ) ) ;
#3379 = CARTESIAN_POINT ( 'NONE',  ( 9.000000000000000000, 8.000000000000000000, 7.000000000000000000 ) ) ;
#3380 = ADVANCED_FACE ( 'NONE', ( #836 ), #2049, .T. ) ;
#3381 = CARTESIAN_POINT ( 'NONE',  ( 39.99999999999999289, 4.999999999999972466, 6.500000000000000888 ) ) ;
#3382 = AXIS2_PLACEMENT_3D ( 'NONE', #3003, #270, #1871 ) ;
#3383 = ORIENTED_EDGE ( 'NONE', *, *, #2005, .F. ) ;
#3384 = ADVANCED_FACE ( 'NONE', ( #3950 ), #1170, .T. ) ;
#3385 = CARTESIAN_POINT ( 'NONE',  ( -0.8069541746068216170, 9.000000000000001776, 7.000000000000000000 ) ) ;
#3386 = FACE_BOUND ( 'NONE', #827, .T. ) ;
#3387 = DIRECTION ( 'NONE',  ( 0.000000000000000000, 0.000000000000000000, 1.000000000000000000 ) ) ;
#3388 = ORIENTED_EDGE ( 'NONE', *, *, #728, .F. ) ;
#3389 = TOROIDAL_SURFACE ( 'NONE', #1665, 1.500000000000000000, 0.5000000000000000000 ) ;
#3390 = LINE ( 'NONE', #2799, #127 ) ;
#3391 = ORIENTED_EDGE ( 'NONE', *, *, #2609, .T. ) ;
#3392 = CARTESIAN_POINT ( 'NONE',  ( 37.00000000000000000, 4.999999999999958256, 7.000000000000000000 ) ) ;
#3393 = ORIENTED_EDGE ( 'NONE', *, *, #3837, .F. ) ;
#3394 = AXIS2_PLACEMENT_3D ( 'NONE', #2522, #3745, #3038 ) ;
#3395 = ORIENTED_EDGE ( 'NONE', *, *, #355, .F. ) ;
#3396 = AXIS2_PLACEMENT_3D ( 'NONE', #2031, #2602, #2014 ) ;
#3397 = FACE_OUTER_BOUND ( 'NONE', #2821, .T. ) ;
#3398 = CARTESIAN_POINT ( 'NONE',  ( 44.00000000000000000, 4.000000000000000000, 2.000000000000000000 ) ) ;
#3399 = EDGE_CURVE ( 'NONE', #70, #3854, #1670, .T. ) ;
#3400 = CARTESIAN_POINT ( 'NONE',  ( 43.00000000000000000, 0.9999999999999991118, 7.000000000000000000 ) ) ;
#3401 = LINE ( 'NONE', #2176, #2378 ) ;
#3402 = DIRECTION ( 'NONE',  ( 0.000000000000000000, 0.000000000000000000, 1.000000000000000000 ) ) ;
#3403 = CARTESIAN_POINT ( 'NONE',  ( 0.000000000000000000, 0.000000000000000000, 2.000000000000000000 ) ) ;
#3404 = VECTOR ( 'NONE', #1583, 1000.000000000000000 ) ;
#3405 = EDGE_CURVE ( 'NONE', #3424, #2816, #1448, .T. ) ;
#3406 = ORIENTED_EDGE ( 'NONE', *, *, #601, .F. ) ;
#3407 = DIRECTION ( 'NONE',  ( 0.000000000000000000, -0.000000000000000000, -1.000000000000000000 ) ) ;
#3408 = FACE_BOUND ( 'NONE', #873, .T. ) ;
#3409 = DIRECTION ( 'NONE',  ( -0.000000000000000000, 1.000000000000000000, -0.000000000000000000 ) ) ;
#3410 = ORIENTED_EDGE ( 'NONE', *, *, #1182, .T. ) ;
#3411 = LINE ( 'NONE', #374, #387 ) ;
#3412 = EDGE_CURVE ( 'NONE', #114, #287, #1350, .T. ) ;
#3413 = VERTEX_POINT ( 'NONE', #3587 ) ;
#3414 = VECTOR ( 'NONE', #848, 1000.000000000000000 ) ;
#3415 = DIRECTION ( 'NONE',  ( 1.000000000000000000, 6.938893903907222856E-15, -0.000000000000000000 ) ) ;
#3416 = ORIENTED_EDGE ( 'NONE', *, *, #1018, .T. ) ;
#3417 = ORIENTED_EDGE ( 'NONE', *, *, #2586, .T. ) ;
#3418 = CARTESIAN_POINT ( 'NONE',  ( 34.99999999999999289, 0.5000000000000012212, 7.000000000000000000 ) ) ;
#3419 = CARTESIAN_POINT ( 'NONE',  ( 19.00000000000000000, 8.000000000000000000, -55.78619639847313039 ) ) ;
#3420 = EDGE_CURVE ( 'NONE', #3125, #3209, #853, .T. ) ;
#3421 = DIRECTION ( 'NONE',  ( 0.000000000000000000, 0.000000000000000000, -1.000000000000000000 ) ) ;
#3422 = DIRECTION ( 'NONE',  ( 0.000000000000000000, 0.000000000000000000, 1.000000000000000000 ) ) ;
#3423 = CARTESIAN_POINT ( 'NONE',  ( -2.745407571532652025, 11.15172762166740128, 6.499999999999999112 ) ) ;
#3424 = VERTEX_POINT ( 'NONE', #1483 ) ;
#3425 = CIRCLE ( 'NONE', #688, 1.000000000000000888 ) ;
#3426 = CARTESIAN_POINT ( 'NONE',  ( -5.100834841791576757, 4.034846355169757537, 7.000000000000000000 ) ) ;
#3427 = ORIENTED_EDGE ( 'NONE', *, *, #1241, .T. ) ;
#3428 = CARTESIAN_POINT ( 'NONE',  ( 6.489740379749621368, 0.4214679845529633595, 6.616905506470697418 ) ) ;
#3429 = ORIENTED_EDGE ( 'NONE', *, *, #2997, .T. ) ;
#3430 = CARTESIAN_POINT ( 'NONE',  ( 19.00000000000000000, 8.000000000000000000, 0.000000000000000000 ) ) ;
#3431 = AXIS2_PLACEMENT_3D ( 'NONE', #582, #1795, #2323 ) ;
#3432 = B_SPLINE_CURVE_WITH_KNOTS ( 'NONE', 3,
 ( #1567, #2486, #3428, #1590, #372, #2444, #1226, #1014, #657, #718 ),
 .UNSPECIFIED., .F., .F.,
 ( 4, 2, 2, 2, 4 ),
 ( -1.612452621177886951E-05, 0.0006371964213629002219, 0.001290517368937579195, 0.001943838316512258709, 0.002597159264086938008 ),
 .UNSPECIFIED. ) ;
#3433 = ORIENTED_EDGE ( 'NONE', *, *, #383, .F. ) ;
#3434 = ADVANCED_FACE ( 'NONE', ( #3926 ), #1186, .F. ) ;
#3435 = CARTESIAN_POINT ( 'NONE',  ( 6.571796769724521425, 12.13397459621556607, 0.5000000000000004441 ) ) ;
#3436 = ORIENTED_EDGE ( 'NONE', *, *, #2594, .T. ) ;
#3437 = ORIENTED_EDGE ( 'NONE', *, *, #257, .T. ) ;
#3438 = EDGE_CURVE ( 'NONE', #3413, #1300, #1121, .T. ) ;
#3439 = LINE ( 'NONE', #2583, #1580 ) ;
#3440 = CARTESIAN_POINT ( 'NONE',  ( 4.440485190459278364, 10.00000000000000178, 7.000000000000000000 ) ) ;
#3441 = CARTESIAN_POINT ( 'NONE',  ( 44.00000000000000000, 5.000000000000000000, 6.500000000000000888 ) ) ;
#3442 = LINE ( 'NONE', #2006, #1291 ) ;
#3443 = ORIENTED_EDGE ( 'NONE', *, *, #1825, .T. ) ;
#3444 = PLANE ( 'NONE',  #3140 ) ;
#3445 = CARTESIAN_POINT ( 'NONE',  ( 34.99999999999999289, 5.464378949326942347E-14, 2.000000000000000000 ) ) ;
#3446 = CARTESIAN_POINT ( 'NONE',  ( 4.810746594971043354E-17, 0.5000000000000045519, 6.500000000000000888 ) ) ;
#3447 = EDGE_LOOP ( 'NONE', ( #1752, #3956, #2127, #1607, #3150 ) ) ;
#3448 = CARTESIAN_POINT ( 'NONE',  ( -6.473055788525032384, 0.6782699113239147870, 0.1542682789961952461 ) ) ;
#3449 = AXIS2_PLACEMENT_3D ( 'NONE', #2515, #758, #2599 ) ;
#3450 = ORIENTED_EDGE ( 'NONE', *, *, #1865, .T. ) ;
#3451 = CIRCLE ( 'NONE', #2422, 2.000000000000001776 ) ;
#3452 = ORIENTED_EDGE ( 'NONE', *, *, #3735, .T. ) ;
#3453 = DIRECTION ( 'NONE',  ( 1.000000000000000000, -0.000000000000000000, -0.000000000000000000 ) ) ;
#3454 = ORIENTED_EDGE ( 'NONE', *, *, #963, .F. ) ;
#3455 = ORIENTED_EDGE ( 'NONE', *, *, #301, .F. ) ;
#3456 = AXIS2_PLACEMENT_3D ( 'NONE', #2454, #1856, #2108 ) ;
#3457 = ADVANCED_FACE ( 'NONE', ( #1522 ), #3041, .T. ) ;
#3458 = CIRCLE ( 'NONE', #3781, 0.5000000000000001110 ) ;
#3459 = CARTESIAN_POINT ( 'NONE',  ( 41.99999999999999289, 4.999999999999985789, 7.000000000000000000 ) ) ;
#3460 = LINE ( 'NONE', #784, #2275 ) ;
#3461 = ADVANCED_FACE ( 'NONE', ( #2748 ), #3105, .F. ) ;
#3462 = AXIS2_PLACEMENT_3D ( 'NONE', #1541, #645, #3034 ) ;
#3463 = APPROVAL_DATE_TIME ( #405, #2230 ) ;
#3464 = LINE ( 'NONE', #1342, #68 ) ;
#3465 = DIRECTION ( 'NONE',  ( 1.000000000000000000, 0.000000000000000000, 0.000000000000000000 ) ) ;
#3466 = DIRECTION ( 'NONE',  ( -1.000000000000000000, 9.621493189941999193E-17, -0.000000000000000000 ) ) ;
#3467 = DIRECTION ( 'NONE',  ( 0.000000000000000000, -0.000000000000000000, 1.000000000000000000 ) ) ;
#3468 = CARTESIAN_POINT ( 'NONE',  ( -5.513477524899414180E-16, 4.499999999999995559, 7.000000000000000000 ) ) ;
#3469 = ORIENTED_EDGE ( 'NONE', *, *, #2615, .F. ) ;
#3470 = SECURITY_CLASSIFICATION ( '', '', #3142 ) ;
#3471 = VERTEX_POINT ( 'NONE', #1246 ) ;
#3472 = VERTEX_POINT ( 'NONE', #1565 ) ;
#3473 = CARTESIAN_POINT ( 'NONE',  ( 3.171306716775871504, 5.673871139542405295, 2.000000000000000000 ) ) ;
#3474 = ORIENTED_EDGE ( 'NONE', *, *, #470, .T. ) ;
#3475 = ORIENTED_EDGE ( 'NONE', *, *, #760, .T. ) ;
#3476 = CIRCLE ( 'NONE', #1689, 6.499999999999998224 ) ;
#3477 = CARTESIAN_POINT ( 'NONE',  ( 44.00000000000000000, -8.673617379884035472E-16, 2.000000000000000000 ) ) ;
#3478 = DIRECTION ( 'NONE',  ( -1.000000000000000000, 0.000000000000000000, -0.000000000000000000 ) ) ;
#3479 = FACE_OUTER_BOUND ( 'NONE', #1183, .T. ) ;
#3480 = EDGE_CURVE ( 'NONE', #3322, #228, #2464, .T. ) ;
#3481 = APPROVAL_ROLE ( '' ) ;
#3482 = DIRECTION ( 'NONE',  ( 1.000000000000000000, 1.225217227755426578E-16, -0.000000000000000000 ) ) ;
#3483 = EDGE_CURVE ( 'NONE', #275, #664, #2117, .T. ) ;
#3484 = DIRECTION ( 'NONE',  ( 1.000000000000000000, 0.000000000000000000, 0.000000000000000000 ) ) ;
#3485 = EDGE_CURVE ( 'NONE', #2875, #2452, #72, .T. ) ;
#3486 = ORIENTED_EDGE ( 'NONE', *, *, #3650, .F. ) ;
#3487 = CARTESIAN_POINT ( 'NONE',  ( 16.00000000000000000, 8.000000000000000000, 7.000000000000000000 ) ) ;
#3488 = LINE ( 'NONE', #753, #2659 ) ;
#3489 = CARTESIAN_POINT ( 'NONE',  ( 4.810746594971043354E-17, 0.5000000000000045519, 7.000000000000000000 ) ) ;
#3490 = VECTOR ( 'NONE', #1582, 1000.000000000000000 ) ;
#3491 = EDGE_LOOP ( 'NONE', ( #51, #543, #3802, #3266 ) ) ;
#3492 = CARTESIAN_POINT ( 'NONE',  ( -2.268984724868935654, 12.00000000000000000, 0.5000000000000004441 ) ) ;
#3493 = EDGE_LOOP ( 'NONE', ( #3610, #3756, #1334, #2574 ) ) ;
#3494 = AXIS2_PLACEMENT_3D ( 'NONE', #2732, #2119, #518 ) ;
#3495 = APPROVAL ( #3788, 'UNSPECIFIED' ) ;
#3496 = DIRECTION ( 'NONE',  ( -3.469446951953611033E-15, 0.000000000000000000, -1.000000000000000000 ) ) ;
#3497 = EDGE_LOOP ( 'NONE', ( #1507, #2181, #2374, #676 ) ) ;
#3498 = CARTESIAN_POINT ( 'NONE',  ( 45.99999999999999289, 4.500000000000000888, 0.000000000000000000 ) ) ;
#3499 = VECTOR ( 'NONE', #881, 1000.000000000000000 ) ;
#3500 = CYLINDRICAL_SURFACE ( 'NONE', #1963, 0.5000000000000004441 ) ;
#3501 = DIRECTION ( 'NONE',  ( 1.000000000000000000, 0.000000000000000000, 0.000000000000000000 ) ) ;
#3502 = CYLINDRICAL_SURFACE ( 'NONE', #2300, 1.000000000000000888 ) ;
#3503 = DIRECTION ( 'NONE',  ( -0.5000000000000015543, 0.8660254037844377084, 0.000000000000000000 ) ) ;
#3504 = ORIENTED_EDGE ( 'NONE', *, *, #3092, .F. ) ;
#3505 = EDGE_CURVE ( 'NONE', #1874, #679, #3664, .T. ) ;
#3506 = FACE_BOUND ( 'NONE', #3331, .T. ) ;
#3507 = CARTESIAN_POINT ( 'NONE',  ( -5.513477524899414180E-16, 4.499999999999995559, 6.500000000000000888 ) ) ;
#3508 = CARTESIAN_POINT ( 'NONE',  ( 40.99999999999999289, 4.999999999999985789, 2.000000000000000000 ) ) ;
#3509 = EDGE_CURVE ( 'NONE', #664, #1520, #3640, .T. ) ;
#3510 = ORIENTED_EDGE ( 'NONE', *, *, #85, .F. ) ;
#3511 = ORIENTED_EDGE ( 'NONE', *, *, #2080, .F. ) ;
#3512 = CARTESIAN_POINT ( 'NONE',  ( 3.659200057818312590, 6.546774391779697666, 2.000000000000000000 ) ) ;
#3513 = VECTOR ( 'NONE', #997, 1000.000000000000000 ) ;
#3514 = DIRECTION ( 'NONE',  ( -0.000000000000000000, -1.000000000000000000, -0.000000000000000000 ) ) ;
#3515 = DIRECTION ( 'NONE',  ( 1.000000000000000000, 0.000000000000000000, 0.000000000000000000 ) ) ;
#3516 = CARTESIAN_POINT ( 'NONE',  ( 30.03102707008667238, 0.5954915028125272736, 7.000000000000000000 ) ) ;
#3517 = B_SPLINE_CURVE_WITH_KNOTS ( 'NONE', 3,
 ( #2296, #3765, #2867, #1366, #2281, #747 ),
 .UNSPECIFIED., .F., .F.,
 ( 4, 2, 4 ),
 ( 0.000000000000000000, 0.0003691832311482176783, 0.0007383664622964353566 ),
 .UNSPECIFIED. ) ;
#3518 = EDGE_CURVE ( 'NONE', #3602, #3364, #1858, .T. ) ;
#3519 = DIRECTION ( 'NONE',  ( 0.000000000000000000, 0.000000000000000000, 1.000000000000000000 ) ) ;
#3520 = DIRECTION ( 'NONE',  ( 1.000000000000000000, 3.305847586396943396E-16, 0.000000000000000000 ) ) ;
#3521 = LINE ( 'NONE', #1066, #2174 ) ;
#3522 = AXIS2_PLACEMENT_3D ( 'NONE', #2350, #3647, #2734 ) ;
#3523 = DIRECTION ( 'NONE',  ( -1.000000000000000000, -0.000000000000000000, -0.000000000000000000 ) ) ;
#3524 = ORIENTED_EDGE ( 'NONE', *, *, #383, .T. ) ;
#3525 = CARTESIAN_POINT ( 'NONE',  ( 10.36474508437581576, 14.26584774442731351, 0.000000000000000000 ) ) ;
#3526 = DIRECTION ( 'NONE',  ( 1.000000000000000000, 0.000000000000000000, 0.000000000000000000 ) ) ;
#3527 = CARTESIAN_POINT ( 'NONE',  ( 40.99999999999999289, 1.301042606982605321E-14, 2.000000000000000000 ) ) ;
#3528 = ORIENTED_EDGE ( 'NONE', *, *, #1814, .T. ) ;
#3529 = EDGE_CURVE ( 'NONE', #392, #1214, #654, .T. ) ;
#3530 = ORIENTED_EDGE ( 'NONE', *, *, #1654, .F. ) ;
#3531 = ORIENTED_EDGE ( 'NONE', *, *, #1841, .F. ) ;
#3532 = ADVANCED_FACE ( 'NONE', ( #3061 ), #2757, .T. ) ;
#3533 = DIRECTION ( 'NONE',  ( 1.000000000000000000, -0.000000000000000000, -0.000000000000000000 ) ) ;
#3534 = AXIS2_PLACEMENT_3D ( 'NONE', #2651, #3919, #2025 ) ;
#3535 = DIRECTION ( 'NONE',  ( 0.000000000000000000, 0.000000000000000000, 1.000000000000000000 ) ) ;
#3536 = VERTEX_POINT ( 'NONE', #695 ) ;
#3537 = LINE ( 'NONE', #3822, #2214 ) ;
#3538 = DIRECTION ( 'NONE',  ( 0.000000000000000000, 0.000000000000000000, -1.000000000000000000 ) ) ;
#3539 = CARTESIAN_POINT ( 'NONE',  ( 38.99999999999999289, 3.999999999999972466, 2.000000000000000000 ) ) ;
#3540 = ADVANCED_FACE ( 'NONE', ( #3084 ), #1546, .F. ) ;
#3541 = DIRECTION ( 'NONE',  ( 0.000000000000000000, 0.000000000000000000, -1.000000000000000000 ) ) ;
#3542 = EDGE_LOOP ( 'NONE', ( #587, #3417, #875, #763 ) ) ;
#3543 = CARTESIAN_POINT ( 'NONE',  ( 40.99999999999999289, 1.301042606982605321E-14, 2.000000000000000000 ) ) ;
#3544 = DIRECTION ( 'NONE',  ( 0.000000000000000000, -0.000000000000000000, -1.000000000000000000 ) ) ;
#3545 = DIRECTION ( 'NONE',  ( -0.000000000000000000, -0.000000000000000000, 1.000000000000000000 ) ) ;
#3546 = EDGE_LOOP ( 'NONE', ( #3740, #3329, #1131, #2735, #2487 ) ) ;
#3547 = EDGE_LOOP ( 'NONE', ( #2584, #1577, #2012, #996 ) ) ;
#3548 = DIRECTION ( 'NONE',  ( 1.000000000000000000, 0.000000000000000000, 0.000000000000000000 ) ) ;
#3549 = VECTOR ( 'NONE', #1082, 1000.000000000000000 ) ;
#3550 = AXIS2_PLACEMENT_3D ( 'NONE', #1717, #200, #1415 ) ;
#3551 = ADVANCED_FACE ( 'NONE', ( #2483 ), #3706, .T. ) ;
#3552 = CARTESIAN_POINT ( 'NONE',  ( 37.00000000000000000, 3.999999999999958256, 2.000000000000000000 ) ) ;
#3553 = EDGE_CURVE ( 'NONE', #1594, #2193, #1910, .T. ) ;
#3554 = ORIENTED_EDGE ( 'NONE', *, *, #2058, .T. ) ;
#3555 = DIRECTION ( 'NONE',  ( 1.000000000000000000, -0.000000000000000000, -0.000000000000000000 ) ) ;
#3556 = DIRECTION ( 'NONE',  ( 1.000000000000000000, 0.000000000000000000, 0.000000000000000000 ) ) ;
#3557 = AXIS2_PLACEMENT_3D ( 'NONE', #2352, #3948, #3567 ) ;
#3558 = EDGE_CURVE ( 'NONE', #3364, #564, #86, .T. ) ;
#3559 = CARTESIAN_POINT ( 'NONE',  ( 29.73713444394043037, 0.1909830056250564345, 0.1069243111212871411 ) ) ;
#3560 = DIRECTION ( 'NONE',  ( -0.5877852522924739143, -0.8090169943749467851, 0.000000000000000000 ) ) ;
#3561 = DIRECTION ( 'NONE',  ( 0.8660254037844379305, 0.5000000000000013323, -0.000000000000000000 ) ) ;
#3562 = LINE ( 'NONE', #3245, #3333 ) ;
#3563 = DIRECTION ( 'NONE',  ( 1.000000000000000000, 0.000000000000000000, 0.000000000000000000 ) ) ;
#3564 = ORIENTED_EDGE ( 'NONE', *, *, #3931, .F. ) ;
#3565 = CARTESIAN_POINT ( 'NONE',  ( 36.00000000000000000, 5.464378949326942347E-14, 2.000000000000000000 ) ) ;
#3566 = CARTESIAN_POINT ( 'NONE',  ( 30.32491969623291084, 1.604391715844309851E-15, 0.5000000000000004441 ) ) ;
#3567 = DIRECTION ( 'NONE',  ( 0.5877852522924721379, 0.8090169943749481174, 0.000000000000000000 ) ) ;
#3568 = DIRECTION ( 'NONE',  ( 0.000000000000000000, -0.000000000000000000, -1.000000000000000000 ) ) ;
#3569 = VECTOR ( 'NONE', #3533, 1000.000000000000000 ) ;
#3570 = ADVANCED_FACE ( 'NONE', ( #2224, #2893, #148, #3506 ), #3444, .T. ) ;
#3571 = DESIGN_CONTEXT ( 'detailed design', #629, 'design' ) ;
#3572 = CARTESIAN_POINT ( 'NONE',  ( 41.99999999999999289, 3.999999999999986233, 7.000000000000000000 ) ) ;
#3573 = TOROIDAL_SURFACE ( 'NONE', #1853, 0.4999999999999993339, 0.5000000000000000000 ) ;
#3574 = DIRECTION ( 'NONE',  ( 6.938893903907222067E-15, 1.000000000000000000, 0.000000000000000000 ) ) ;
#3575 = ADVANCED_FACE ( 'NONE', ( #1031 ), #2547, .F. ) ;
#3576 = VERTEX_POINT ( 'NONE', #1070 ) ;
#3577 = CARTESIAN_POINT ( 'NONE',  ( 14.43759652688044248, 16.67529620340124197, 6.499999999999999112 ) ) ;
#3578 = CARTESIAN_POINT ( 'NONE',  ( 45.99999999999999289, 5.000000000000000000, 0.5000000000000004441 ) ) ;
#3579 = AXIS2_PLACEMENT_3D ( 'NONE', #2912, #1685, #3226 ) ;
#3580 = LINE ( 'NONE', #3300, #3596 ) ;
#3581 = AXIS2_PLACEMENT_3D ( 'NONE', #2688, #3904, #1164 ) ;
#3582 = AXIS2_PLACEMENT_3D ( 'NONE', #3680, #344, #943 ) ;
#3583 = ORIENTED_EDGE ( 'NONE', *, *, #445, .T. ) ;
#3584 = ORIENTED_EDGE ( 'NONE', *, *, #2542, .T. ) ;
#3585 = ADVANCED_FACE ( 'NONE', ( #489 ), #1932, .F. ) ;
#3586 = DIRECTION ( 'NONE',  ( 0.8090169943749420112, -0.5877852522924807976, -6.885421049151666457E-15 ) ) ;
#3587 = CARTESIAN_POINT ( 'NONE',  ( -4.958436051627484353, 4.202845693327416754, 7.000000000000000000 ) ) ;
#3588 = ORIENTED_EDGE ( 'NONE', *, *, #3010, .F. ) ;
#3589 = AXIS2_PLACEMENT_3D ( 'NONE', #2949, #206, #2341 ) ;
#3590 = DIRECTION ( 'NONE',  ( -0.000000000000000000, 0.000000000000000000, 1.000000000000000000 ) ) ;
#3591 = ORIENTED_EDGE ( 'NONE', *, *, #3369, .F. ) ;
#3592 = DIRECTION ( 'NONE',  ( -0.000000000000000000, -1.000000000000000000, 0.000000000000000000 ) ) ;
#3593 = CARTESIAN_POINT ( 'NONE',  ( 0.000000000000000000, 0.000000000000000000, 2.000000000000000000 ) ) ;
#3594 = ORIENTED_EDGE ( 'NONE', *, *, #2989, .F. ) ;
#3595 = ADVANCED_FACE ( 'NONE', ( #752 ), #3749, .F. ) ;
#3596 = VECTOR ( 'NONE', #2042, 1000.000000000000000 ) ;
#3597 = DIRECTION ( 'NONE',  ( -0.8090169943749467851, 0.5877852522924739143, 0.000000000000000000 ) ) ;
#3598 = DIRECTION ( 'NONE',  ( -1.000000000000000000, 0.000000000000000000, 0.000000000000000000 ) ) ;
#3599 = ADVANCED_FACE ( 'NONE', ( #1630 ), #2591, .F. ) ;
#3600 = DIRECTION ( 'NONE',  ( -0.000000000000000000, -0.000000000000000000, 1.000000000000000000 ) ) ;
#3601 = ORIENTED_EDGE ( 'NONE', *, *, #1519, .T. ) ;
#3602 = VERTEX_POINT ( 'NONE', #3769 ) ;
#3603 = CARTESIAN_POINT ( 'NONE',  ( 39.99999999999999289, 2.688821387764050996E-14, 2.000000000000000000 ) ) ;
#3604 = DIRECTION ( 'NONE',  ( 1.000000000000000000, -0.000000000000000000, 0.000000000000000000 ) ) ;
#3605 = ORIENTED_EDGE ( 'NONE', *, *, #3216, .T. ) ;
#3606 = AXIS2_PLACEMENT_3D ( 'NONE', #2332, #3607, #2662 ) ;
#3607 = DIRECTION ( 'NONE',  ( 1.000000000000000000, -0.000000000000000000, -0.000000000000000000 ) ) ;
#3608 = PERSON ( 'UNSPECIFIED', 'UNSPECIFIED', 'UNSPECIFIED', ('UNSPECIFIED'), ('UNSPECIFIED'), ('UNSPECIFIED') ) ;
#3609 = ORIENTED_EDGE ( 'NONE', *, *, #3239, .T. ) ;
#3610 = ORIENTED_EDGE ( 'NONE', *, *, #2615, .T. ) ;
#3611 = AXIS2_PLACEMENT_3D ( 'NONE', #2071, #878, #2683 ) ;
#3612 = DIRECTION ( 'NONE',  ( -0.000000000000000000, 0.000000000000000000, 1.000000000000000000 ) ) ;
#3613 = LINE ( 'NONE', #2022, #3814 ) ;
#3614 = AXIS2_PLACEMENT_3D ( 'NONE', #1013, #1631, #1668 ) ;
#3615 = CARTESIAN_POINT ( 'NONE',  ( -3.305847586396943593E-15, 10.00000000000000000, 7.000000000000000000 ) ) ;
#3616 = DIRECTION ( 'NONE',  ( -6.938893903907234689E-15, 1.000000000000000000, 0.000000000000000000 ) ) ;
#3617 = DIRECTION ( 'NONE',  ( 0.000000000000000000, 0.000000000000000000, 1.000000000000000000 ) ) ;
#3618 = DIRECTION ( 'NONE',  ( 1.000000000000000000, 0.000000000000000000, 0.000000000000000000 ) ) ;
#3619 = EDGE_CURVE ( 'NONE', #2165, #3908, #123, .T. ) ;
#3620 = ORIENTED_EDGE ( 'NONE', *, *, #3303, .T. ) ;
#3621 = ORIENTED_EDGE ( 'NONE', *, *, #3673, .F. ) ;
#3622 = DIRECTION ( 'NONE',  ( 0.000000000000000000, 0.000000000000000000, 1.000000000000000000 ) ) ;
#3623 = ADVANCED_FACE ( 'NONE', ( #734 ), #1347, .T. ) ;
#3624 = CARTESIAN_POINT ( 'NONE',  ( 46.50000000000000000, 1.000000000000003553, 0.5000000000000004441 ) ) ;
#3625 = VERTEX_POINT ( 'NONE', #2265 ) ;
#3626 = LINE ( 'NONE', #2450, #2977 ) ;
#3627 = ORIENTED_EDGE ( 'NONE', *, *, #3619, .T. ) ;
#3628 = ORIENTED_EDGE ( 'NONE', *, *, #1314, .F. ) ;
#3629 = FACE_OUTER_BOUND ( 'NONE', #568, .T. ) ;
#3630 = LINE ( 'NONE', #3959, #2603 ) ;
#3631 = VECTOR ( 'NONE', #778, 1000.000000000000000 ) ;
#3632 = EDGE_CURVE ( 'NONE', #3090, #1480, #3458, .T. ) ;
#3633 = VECTOR ( 'NONE', #109, 1000.000000000000000 ) ;
#3634 = CARTESIAN_POINT ( 'NONE',  ( 44.00000000000000000, 5.000000000000000000, 2.000000000000000000 ) ) ;
#3635 = PLANE ( 'NONE',  #2318 ) ;
#3636 = CARTESIAN_POINT ( 'NONE',  ( 30.32491969623291084, 0.5000000000000011102, 6.500000000000000888 ) ) ;
#3637 = LINE ( 'NONE', #3020, #141 ) ;
#3638 = AXIS2_PLACEMENT_3D ( 'NONE', #897, #1536, #599 ) ;
#3639 = ORIENTED_EDGE ( 'NONE', *, *, #2453, .F. ) ;
#3640 = LINE ( 'NONE', #3365, #2306 ) ;
#3641 = EDGE_LOOP ( 'NONE', ( #376, #3691, #1392, #3639 ) ) ;
#3642 = DIRECTION ( 'NONE',  ( 0.000000000000000000, 0.000000000000000000, 1.000000000000000000 ) ) ;
#3643 = EDGE_CURVE ( 'NONE', #684, #1022, #2570, .T. ) ;
#3644 = CARTESIAN_POINT ( 'NONE',  ( -5.717074159964513846, 1.820731460008869984, 6.499999999999999112 ) ) ;
#3645 = AXIS2_PLACEMENT_3D ( 'NONE', #3385, #3407, #2833 ) ;
#3646 = CIRCLE ( 'NONE', #2309, 3.000000000000000444 ) ;
#3647 = DIRECTION ( 'NONE',  ( -0.000000000000000000, -0.000000000000000000, -1.000000000000000000 ) ) ;
#3648 = EDGE_CURVE ( 'NONE', #2054, #3236, #2500, .T. ) ;
#3649 = ORIENTED_EDGE ( 'NONE', *, *, #2305, .T. ) ;
#3650 = EDGE_CURVE ( 'NONE', #3258, #235, #3793, .T. ) ;
#3651 = LINE ( 'NONE', #3046, #1129 ) ;
#3652 = ORIENTED_EDGE ( 'NONE', *, *, #3141, .F. ) ;
#3653 = ORIENTED_EDGE ( 'NONE', *, *, #2647, .F. ) ;
#3654 = FACE_OUTER_BOUND ( 'NONE', #3891, .T. ) ;
#3655 = ORIENTED_EDGE ( 'NONE', *, *, #1023, .T. ) ;
#3656 = DIRECTION ( 'NONE',  ( -0.000000000000000000, 1.000000000000000000, -0.000000000000000000 ) ) ;
#3657 = VECTOR ( 'NONE', #1143, 1000.000000000000000 ) ;
#3658 = CARTESIAN_POINT ( 'NONE',  ( -4.287805619973383386, 1.365548595006651711, 2.000000000000000000 ) ) ;
#3659 = CARTESIAN_POINT ( 'NONE',  ( 7.499999999999999112, 4.000000000000000000, 0.000000000000000000 ) ) ;
#3660 = CARTESIAN_POINT ( 'NONE',  ( 43.00000000000000000, -8.673617379884035472E-16, 2.000000000000000000 ) ) ;
#3661 = CARTESIAN_POINT ( 'NONE',  ( 6.821796769724522314, 11.70096189432334555, 0.5000000000000004441 ) ) ;
#3662 = VECTOR ( 'NONE', #1390, 1000.000000000000000 ) ;
#3663 = ORIENTED_EDGE ( 'NONE', *, *, #132, .T. ) ;
#3664 = LINE ( 'NONE', #1888, #2173 ) ;
#3665 = ORIENTED_EDGE ( 'NONE', *, *, #395, .F. ) ;
#3666 = LINE ( 'NONE', #24, #238 ) ;
#3667 = ORIENTED_EDGE ( 'NONE', *, *, #3729, .F. ) ;
#3668 = DIRECTION ( 'NONE',  ( -0.000000000000000000, -0.000000000000000000, 1.000000000000000000 ) ) ;
#3669 = ORIENTED_EDGE ( 'NONE', *, *, #2635, .T. ) ;
#3670 = CARTESIAN_POINT ( 'NONE',  ( 44.00000000000000000, 5.000000000000000000, 2.000000000000000000 ) ) ;
#3671 = VERTEX_POINT ( 'NONE', #3487 ) ;
#3672 = EDGE_LOOP ( 'NONE', ( #3154, #3066, #3859, #1011, #50 ) ) ;
#3673 = EDGE_CURVE ( 'NONE', #1022, #87, #1706, .T. ) ;
#3674 = VERTEX_POINT ( 'NONE', #3811 ) ;
#3675 = FACE_OUTER_BOUND ( 'NONE', #2492, .T. ) ;
#3676 = FACE_OUTER_BOUND ( 'NONE', #1509, .T. ) ;
#3677 = ADVANCED_FACE ( 'NONE', ( #1388 ), #3004, .T. ) ;
#3678 = VECTOR ( 'NONE', #2113, 1000.000000000000000 ) ;
#3679 = AXIS2_PLACEMENT_3D ( 'NONE', #2373, #2624, #3862 ) ;
#3680 = CARTESIAN_POINT ( 'NONE',  ( 14.93759652688044248, 15.80927079961680626, 0.5000000000000004441 ) ) ;
#3681 = DIRECTION ( 'NONE',  ( 1.225217227755425346E-16, -1.000000000000000000, 0.000000000000000000 ) ) ;
#3682 = DIRECTION ( 'NONE',  ( 0.000000000000000000, 1.000000000000000000, 0.000000000000000000 ) ) ;
#3683 = FACE_BOUND ( 'NONE', #2956, .T. ) ;
#3684 = VECTOR ( 'NONE', #1413, 1000.000000000000000 ) ;
#3685 = ORIENTED_EDGE ( 'NONE', *, *, #1985, .T. ) ;
#3686 = DIRECTION ( 'NONE',  ( -0.000000000000000000, 0.000000000000000000, 1.000000000000000000 ) ) ;
#3687 = VERTEX_POINT ( 'NONE', #2301 ) ;
#3688 = CARTESIAN_POINT ( 'NONE',  ( -2.274911254358251256, 7.686011890752845410, 2.000000000000000000 ) ) ;
#3689 = CARTESIAN_POINT ( 'NONE',  ( 46.00000000000000000, 0.9999999999999997780, 0.5000000000000004441 ) ) ;
#3690 = EDGE_CURVE ( 'NONE', #2550, #756, #1972, .T. ) ;
#3691 = ORIENTED_EDGE ( 'NONE', *, *, #966, .F. ) ;
#3692 = CARTESIAN_POINT ( 'NONE',  ( 3.000000000000000444, 3.673940397442060361E-16, 0.000000000000000000 ) ) ;
#3693 = VERTEX_POINT ( 'NONE', #861 ) ;
#3694 = ORIENTED_EDGE ( 'NONE', *, *, #1204, .F. ) ;
#3695 = ORIENTED_EDGE ( 'NONE', *, *, #514, .F. ) ;
#3696 = LINE ( 'NONE', #956, #1281 ) ;
#3697 = DIRECTION ( 'NONE',  ( 0.000000000000000000, 0.000000000000000000, 1.000000000000000000 ) ) ;
#3698 = EDGE_CURVE ( 'NONE', #1615, #3424, #1608, .T. ) ;
#3699 = LINE ( 'NONE', #16, #1354 ) ;
#3700 = DIRECTION ( 'NONE',  ( -0.000000000000000000, 1.000000000000000000, -0.000000000000000000 ) ) ;
#3701 = DIRECTION ( 'NONE',  ( 0.000000000000000000, 0.000000000000000000, 1.000000000000000000 ) ) ;
#3702 = EDGE_CURVE ( 'NONE', #756, #1576, #2636, .T. ) ;
#3703 = CARTESIAN_POINT ( 'NONE',  ( 0.000000000000000000, 0.000000000000000000, 9.000000000000000000 ) ) ;
#3704 = AXIS2_PLACEMENT_3D ( 'NONE', #3644, #3304, #3 ) ;
#3705 = ORIENTED_EDGE ( 'NONE', *, *, #304, .F. ) ;
#3706 = PLANE ( 'NONE',  #967 ) ;
#3707 = ORIENTED_EDGE ( 'NONE', *, *, #1168, .T. ) ;
#3708 = DIRECTION ( 'NONE',  ( 0.000000000000000000, 0.000000000000000000, 1.000000000000000000 ) ) ;
#3709 = ORIENTED_EDGE ( 'NONE', *, *, #694, .T. ) ;
#3710 = TOROIDAL_SURFACE ( 'NONE', #2824, 0.5000000000000000000, 0.5000000000000000000 ) ;
#3711 = CARTESIAN_POINT ( 'NONE',  ( -1.145790152893387148, 6.398215761095631393, 2.000000000000000000 ) ) ;
#3712 = ORIENTED_EDGE ( 'NONE', *, *, #601, .T. ) ;
#3713 = ORIENTED_EDGE ( 'NONE', *, *, #3509, .F. ) ;
#3714 = ADVANCED_FACE ( 'NONE', ( #561 ), #1774, .F. ) ;
#3715 = AXIS2_PLACEMENT_3D ( 'NONE', #789, #2249, #716 ) ;
#3716 = LINE ( 'NONE', #2103, #1821 ) ;
#3717 = ORIENTED_EDGE ( 'NONE', *, *, #2850, .F. ) ;
#3718 = AXIS2_PLACEMENT_3D ( 'NONE', #3403, #3081, #386 ) ;
#3719 = ORIENTED_EDGE ( 'NONE', *, *, #1825, .F. ) ;
#3720 = AXIS2_PLACEMENT_3D ( 'NONE', #3963, #2787, #3052 ) ;
#3721 = DIRECTION ( 'NONE',  ( 1.000000000000000000, 0.000000000000000000, 0.000000000000000000 ) ) ;
#3722 = DIRECTION ( 'NONE',  ( 0.000000000000000000, 0.000000000000000000, 1.000000000000000000 ) ) ;
#3723 = CARTESIAN_POINT ( 'NONE',  ( 8.507343783604972869E-16, 5.000000000000000888, -55.78619639847313039 ) ) ;
#3724 = FACE_OUTER_BOUND ( 'NONE', #3736, .T. ) ;
#3725 = CARTESIAN_POINT ( 'NONE',  ( 0.000000000000000000, 0.000000000000000000, 2.000000000000000000 ) ) ;
#3726 = VECTOR ( 'NONE', #984, 1000.000000000000000 ) ;
#3727 = EDGE_CURVE ( 'NONE', #3344, #3824, #1126, .T. ) ;
#3728 = EDGE_LOOP ( 'NONE', ( #180, #325, #3504, #896 ) ) ;
#3729 = EDGE_CURVE ( 'NONE', #2793, #7, #507, .T. ) ;
#3730 = CARTESIAN_POINT ( 'NONE',  ( -5.232730334595009580, 3.862032378975668312, 6.979520036498028546 ) ) ;
#3731 = CARTESIAN_POINT ( 'NONE',  ( 14.43759652688043538, 16.67529620340123842, 6.499999999999999112 ) ) ;
#3732 = DIRECTION ( 'NONE',  ( -0.000000000000000000, 0.000000000000000000, 1.000000000000000000 ) ) ;
#3733 = EDGE_LOOP ( 'NONE', ( #1375, #455, #1154, #640 ) ) ;
#3734 = DIRECTION ( 'NONE',  ( 1.000000000000000000, 0.000000000000000000, 0.000000000000000000 ) ) ;
#3735 = EDGE_CURVE ( 'NONE', #1172, #3059, #3318, .T. ) ;
#3736 = EDGE_LOOP ( 'NONE', ( #3111, #699, #3712, #3296 ) ) ;
#3737 = VECTOR ( 'NONE', #3228, 1000.000000000000000 ) ;
#3738 = CARTESIAN_POINT ( 'NONE',  ( 14.68759652688043538, 16.24228350150902145, 0.000000000000000000 ) ) ;
#3739 = ORIENTED_EDGE ( 'NONE', *, *, #431, .F. ) ;
#3740 = ORIENTED_EDGE ( 'NONE', *, *, #3947, .T. ) ;
#3741 = FACE_OUTER_BOUND ( 'NONE', #3546, .T. ) ;
#3742 = CARTESIAN_POINT ( 'NONE',  ( 4.810746594971043354E-17, 0.5000000000000045519, 6.500000000000000888 ) ) ;
#3743 = APPROVAL_DATE_TIME ( #1044, #1945 ) ;
#3744 = CARTESIAN_POINT ( 'NONE',  ( 44.00000000000000000, 4.000000000000000000, 7.000000000000000000 ) ) ;
#3745 = DIRECTION ( 'NONE',  ( -0.000000000000000000, -0.000000000000000000, -1.000000000000000000 ) ) ;
#3746 = AXIS2_PLACEMENT_3D ( 'NONE', #216, #3879, #1696 ) ;
#3747 = EDGE_LOOP ( 'NONE', ( #3958, #3777, #631, #511 ) ) ;
#3748 = VECTOR ( 'NONE', #3656, 1000.000000000000000 ) ;
#3749 = PLANE ( 'NONE',  #1097 ) ;
#3750 = CARTESIAN_POINT ( 'NONE',  ( 40.99999999999999289, 0.5000000000000006661, 7.000000000000000000 ) ) ;
#3751 = CARTESIAN_POINT ( 'NONE',  ( 4.440485190459277476, 9.000000000000000000, 2.000000000000000000 ) ) ;
#3752 = AXIS2_PLACEMENT_3D ( 'NONE', #3762, #1620, #2237 ) ;
#3753 = ORIENTED_EDGE ( 'NONE', *, *, #2284, .T. ) ;
#3754 = DIRECTION ( 'NONE',  ( 1.000000000000000000, 0.000000000000000000, 0.000000000000000000 ) ) ;
#3755 = EDGE_CURVE ( 'NONE', #2028, #506, #2040, .T. ) ;
#3756 = ORIENTED_EDGE ( 'NONE', *, *, #927, .F. ) ;
#3757 = VERTEX_POINT ( 'NONE', #1476 ) ;
#3758 = EDGE_CURVE ( 'NONE', #3090, #114, #2706, .T. ) ;
#3759 = CARTESIAN_POINT ( 'NONE',  ( 7.500000000000008882, 5.500000000000000000, 7.000000000000000000 ) ) ;
#3760 = ORIENTED_EDGE ( 'NONE', *, *, #2681, .F. ) ;
#3761 = ORIENTED_EDGE ( 'NONE', *, *, #205, .F. ) ;
#3762 = CARTESIAN_POINT ( 'NONE',  ( 4.810746594971043354E-17, 0.5000000000000045519, 0.5000000000000000000 ) ) ;
#3763 = DIRECTION ( 'NONE',  ( -0.000000000000000000, 1.000000000000000000, -0.000000000000000000 ) ) ;
#3764 = CALENDAR_DATE ( 2026, 28, 7 ) ;
#3765 = CARTESIAN_POINT ( 'NONE',  ( 29.82881710519338725, 0.1243716531440732381, 0.1592909176484969269 ) ) ;
#3766 = DIRECTION ( 'NONE',  ( -0.000000000000000000, -0.000000000000000000, -1.000000000000000000 ) ) ;
#3767 = EDGE_CURVE ( 'NONE', #156, #1317, #1479, .T. ) ;
#3768 = ORIENTED_EDGE ( 'NONE', *, *, #714, .F. ) ;
#3769 = CARTESIAN_POINT ( 'NONE',  ( 15.23148915302668449, 16.21377929680427243, 7.000000000000000000 ) ) ;
#3770 = LINE ( 'NONE', #1088, #3166 ) ;
#3771 = APPLICATION_CONTEXT ( 'configuration controlled 3d designs of mechanical parts and assemblies' ) ;
#3772 = CARTESIAN_POINT ( 'NONE',  ( 2.382114233318553875, -0.7586381083370300482, 7.000000000000000000 ) ) ;
#3773 = CIRCLE ( 'NONE', #575, 2.000000000000001776 ) ;
#3774 = VECTOR ( 'NONE', #3338, 1000.000000000000000 ) ;
#3775 = VERTEX_POINT ( 'NONE', #2631 ) ;
#3776 = DIRECTION ( 'NONE',  ( 0.000000000000000000, 0.000000000000000000, -1.000000000000000000 ) ) ;
#3777 = ORIENTED_EDGE ( 'NONE', *, *, #580, .F. ) ;
#3778 = EDGE_LOOP ( 'NONE', ( #2140, #617, #1960, #3028 ) ) ;
#3779 = ADVANCED_FACE ( 'NONE', ( #581 ), #3847, .F. ) ;
#3780 = DIRECTION ( 'NONE',  ( 1.000000000000000000, 0.000000000000000000, 0.000000000000000000 ) ) ;
#3781 = AXIS2_PLACEMENT_3D ( 'NONE', #2613, #1952, #769 ) ;
#3782 = EDGE_CURVE ( 'NONE', #1299, #2535, #1402, .T. ) ;
#3783 = EDGE_LOOP ( 'NONE', ( #3871, #775, #1191, #894, #399 ) ) ;
#3784 = LINE ( 'NONE', #2540, #3039 ) ;
#3785 = VECTOR ( 'NONE', #1701, 1000.000000000000000 ) ;
#3786 = DIRECTION ( 'NONE',  ( 0.000000000000000000, 0.000000000000000000, 1.000000000000000000 ) ) ;
#3787 = VECTOR ( 'NONE', #3514, 1000.000000000000000 ) ;
#3788 = APPROVAL_STATUS ( 'not_yet_approved' ) ;
#3789 = CARTESIAN_POINT ( 'NONE',  ( -3.305847586396943593E-15, 10.00000000000000000, 2.000000000000000000 ) ) ;
#3790 = DIRECTION ( 'NONE',  ( -0.000000000000000000, -0.000000000000000000, 1.000000000000000000 ) ) ;
#3791 = ADVANCED_FACE ( 'NONE', ( #1438 ), #2322, .T. ) ;
#3792 = EDGE_LOOP ( 'NONE', ( #1223, #1310, #2255, #1482 ) ) ;
#3793 = LINE ( 'NONE', #1049, #781 ) ;
#3794 = DIRECTION ( 'NONE',  ( 1.000000000000000000, 0.000000000000000000, 0.000000000000000000 ) ) ;
#3795 = CARTESIAN_POINT ( 'NONE',  ( -6.193497006628223112, 1.972459081676275705, 6.499999999999999112 ) ) ;
#3796 = ORIENTED_EDGE ( 'NONE', *, *, #3139, .F. ) ;
#3797 = ORIENTED_EDGE ( 'NONE', *, *, #1177, .F. ) ;
#3798 = FACE_OUTER_BOUND ( 'NONE', #1112, .T. ) ;
#3799 = ORIENTED_EDGE ( 'NONE', *, *, #514, .T. ) ;
#3800 = AXIS2_PLACEMENT_3D ( 'NONE', #3751, #1329, #1632 ) ;
#3801 = LINE ( 'NONE', #2000, #843 ) ;
#3802 = ORIENTED_EDGE ( 'NONE', *, *, #479, .F. ) ;
#3803 = DIRECTION ( 'NONE',  ( -1.000000000000000000, -1.225217227755426578E-16, 0.000000000000000000 ) ) ;
#3804 = ORIENTED_EDGE ( 'NONE', *, *, #1357, .F. ) ;
#3805 = CARTESIAN_POINT ( 'NONE',  ( 0.000000000000000000, 11.50000000000000000, 6.499999999999999112 ) ) ;
#3806 = EDGE_CURVE ( 'NONE', #2365, #228, #1178, .T. ) ;
#3807 = PERSON_AND_ORGANIZATION_ROLE ( 'design_supplier' ) ;
#3808 = LINE ( 'NONE', #1064, #1150 ) ;
#3809 = CARTESIAN_POINT ( 'NONE',  ( 8.507343783604972869E-16, 5.000000000000000888, 0.000000000000000000 ) ) ;
#3810 = EDGE_CURVE ( 'NONE', #2253, #2165, #1162, .T. ) ;
#3811 = CARTESIAN_POINT ( 'NONE',  ( 14.43759652688043538, 16.67529620340123842, 0.5000000000000004441 ) ) ;
#3812 = DIRECTION ( 'NONE',  ( -0.000000000000000000, -0.000000000000000000, 1.000000000000000000 ) ) ;
#3813 = LINE ( 'NONE', #2933, #282 ) ;
#3814 = VECTOR ( 'NONE', #2036, 1000.000000000000000 ) ;
#3815 = VERTEX_POINT ( 'NONE', #2981 ) ;
#3816 = ORIENTED_EDGE ( 'NONE', *, *, #1897, .F. ) ;
#3817 = DIRECTION ( 'NONE',  ( -1.000000000000000000, -0.000000000000000000, -0.000000000000000000 ) ) ;
#3818 = ORIENTED_EDGE ( 'NONE', *, *, #3632, .F. ) ;
#3819 = AXIS2_PLACEMENT_3D ( 'NONE', #463, #1680, #2661 ) ;
#3820 = EDGE_CURVE ( 'NONE', #1462, #1458, #845, .T. ) ;
#3821 = CYLINDRICAL_SURFACE ( 'NONE', #526, 0.9999999999999993339 ) ;
#3822 = CARTESIAN_POINT ( 'NONE',  ( 34.99999999999999289, 4.999999999999944933, 2.000000000000000000 ) ) ;
#3823 = DIRECTION ( 'NONE',  ( -0.000000000000000000, -0.000000000000000000, -1.000000000000000000 ) ) ;
#3824 = VERTEX_POINT ( 'NONE', #544 ) ;
#3825 = LINE ( 'NONE', #1305, #3549 ) ;
#3826 = ADVANCED_FACE ( 'NONE', ( #1756 ), #150, .T. ) ;
#3827 = DIRECTION ( 'NONE',  ( 1.000000000000000000, 0.000000000000000000, 0.000000000000000000 ) ) ;
#3828 = DIRECTION ( 'NONE',  ( 1.000000000000000000, 1.225217227755426578E-16, -0.000000000000000000 ) ) ;
#3829 = ADVANCED_FACE ( 'NONE', ( #1455 ), #3298, .T. ) ;
#3830 = DIRECTION ( 'NONE',  ( 0.000000000000000000, 0.000000000000000000, 1.000000000000000000 ) ) ;
#3831 = LINE ( 'NONE', #151, #158 ) ;
#3832 = ORIENTED_EDGE ( 'NONE', *, *, #912, .F. ) ;
#3833 = ORIENTED_EDGE ( 'NONE', *, *, #1232, .T. ) ;
#3834 = VECTOR ( 'NONE', #178, 1000.000000000000000 ) ;
#3835 = FACE_OUTER_BOUND ( 'NONE', #93, .T. ) ;
#3836 = CIRCLE ( 'NONE', #1924, 0.5000000000000015543 ) ;
#3837 = EDGE_CURVE ( 'NONE', #692, #506, #1282, .T. ) ;
#3838 = CARTESIAN_POINT ( 'NONE',  ( -6.499999999999999112, -0.1860257410970453384, 0.01526685581409723165 ) ) ;
#3839 = CARTESIAN_POINT ( 'NONE',  ( 36.00000000000000000, 4.500000000000000000, 6.500000000000000888 ) ) ;
#3840 = CARTESIAN_POINT ( 'NONE',  ( 41.99999999999999289, 1.301042606982605321E-14, 2.000000000000000000 ) ) ;
#3841 = VECTOR ( 'NONE', #3882, 1000.000000000000000 ) ;
#3842 = DIRECTION ( 'NONE',  ( -0.000000000000000000, -0.000000000000000000, 1.000000000000000000 ) ) ;
#3843 = LINE ( 'NONE', #2610, #3326 ) ;
#3844 = AXIS2_PLACEMENT_3D ( 'NONE', #2183, #3124, #22 ) ;
#3845 = VECTOR ( 'NONE', #3766, 1000.000000000000000 ) ;
#3846 = ORIENTED_EDGE ( 'NONE', *, *, #3505, .T. ) ;
#3847 = CYLINDRICAL_SURFACE ( 'NONE', #83, 0.9999999999999991118 ) ;
#3848 = CARTESIAN_POINT ( 'NONE',  ( 30.32491969623291084, 0.5000000000000016653, 0.000000000000000000 ) ) ;
#3849 = CARTESIAN_POINT ( 'NONE',  ( 41.99999999999999289, 1.301042606982605321E-14, 2.000000000000000000 ) ) ;
#3850 = ORIENTED_EDGE ( 'NONE', *, *, #111, .F. ) ;
#3851 = EDGE_CURVE ( 'NONE', #2308, #2346, #1166, .T. ) ;
#3852 = AXIS2_PLACEMENT_3D ( 'NONE', #2966, #1179, #2362 ) ;
#3853 = ADVANCED_FACE ( 'NONE', ( #3339 ), #365, .T. ) ;
#3854 = VERTEX_POINT ( 'NONE', #2788 ) ;
#3855 = EDGE_LOOP ( 'NONE', ( #3265, #3971, #974, #2146, #2339 ) ) ;
#3856 = DIRECTION ( 'NONE',  ( -6.938893903907221278E-15, -1.000000000000000000, -6.938893903907209445E-15 ) ) ;
#3857 = EDGE_CURVE ( 'NONE', #1330, #2391, #3360, .T. ) ;
#3858 = CARTESIAN_POINT ( 'NONE',  ( 40.99999999999999289, 1.000000000000013101, 2.000000000000000000 ) ) ;
#3859 = ORIENTED_EDGE ( 'NONE', *, *, #2938, .F. ) ;
#3860 = LINE ( 'NONE', #2032, #2862 ) ;
#3861 = VECTOR ( 'NONE', #3121, 1000.000000000000000 ) ;
#3862 = DIRECTION ( 'NONE',  ( 0.000000000000000000, -0.000000000000000000, 1.000000000000000000 ) ) ;
#3863 = ORIENTED_EDGE ( 'NONE', *, *, #3917, .T. ) ;
#3864 = CARTESIAN_POINT ( 'NONE',  ( 29.61470737093983630, 0.2799314807392032645, 0.03699734486087852964 ) ) ;
#3865 = CARTESIAN_POINT ( 'NONE',  ( 19.00000000000000000, 8.000000000000000000, 7.000000000000000000 ) ) ;
#3866 = ORIENTED_EDGE ( 'NONE', *, *, #1811, .F. ) ;
#3867 = CARTESIAN_POINT ( 'NONE',  ( 43.00000000000000000, 5.000000000000000000, 2.000000000000000000 ) ) ;
#3868 = DIRECTION ( 'NONE',  ( 1.000000000000000000, 0.000000000000000000, 0.000000000000000000 ) ) ;
#3869 = FACE_OUTER_BOUND ( 'NONE', #1658, .T. ) ;
#3870 = ORIENTED_EDGE ( 'NONE', *, *, #1241, .F. ) ;
#3871 = ORIENTED_EDGE ( 'NONE', *, *, #410, .T. ) ;
#3872 = EDGE_CURVE ( 'NONE', #337, #1594, #3214, .T. ) ;
#3873 = LINE ( 'NONE', #2675, #833 ) ;
#3874 = CIRCLE ( 'NONE', #808, 0.4999999999999998890 ) ;
#3875 = AXIS2_PLACEMENT_3D ( 'NONE', #1750, #3590, #237 ) ;
#3876 = DIRECTION ( 'NONE',  ( 0.000000000000000000, 0.000000000000000000, -1.000000000000000000 ) ) ;
#3877 = ADVANCED_FACE ( 'NONE', ( #321 ), #3635, .F. ) ;
#3878 = LINE ( 'NONE', #2923, #2077 ) ;
#3879 = DIRECTION ( 'NONE',  ( 0.000000000000000000, -0.000000000000000000, -1.000000000000000000 ) ) ;
#3880 = CIRCLE ( 'NONE', #435, 0.5000000000000004441 ) ;
#3881 = ORIENTED_EDGE ( 'NONE', *, *, #1710, .T. ) ;
#3882 = DIRECTION ( 'NONE',  ( 0.000000000000000000, 0.000000000000000000, 1.000000000000000000 ) ) ;
#3883 = PLANE ( 'NONE',  #1574 ) ;
#3884 = DIRECTION ( 'NONE',  ( -1.000000000000000000, 9.621493189941999193E-17, -0.000000000000000000 ) ) ;
#3885 = CARTESIAN_POINT ( 'NONE',  ( 37.00000000000000000, 4.076600168545496672E-14, 2.000000000000000000 ) ) ;
#3886 = CARTESIAN_POINT ( 'NONE',  ( 37.00000000000000000, 4.999999999999958256, 2.000000000000000000 ) ) ;
#3887 = ORIENTED_EDGE ( 'NONE', *, *, #1626, .T. ) ;
#3888 = VERTEX_POINT ( 'NONE', #2437 ) ;
#3889 = DIRECTION ( 'NONE',  ( -1.000000000000000000, 0.000000000000000000, -0.000000000000000000 ) ) ;
#3890 = CARTESIAN_POINT ( 'NONE',  ( 7.499999999999999112, 4.000000000000000000, 6.499999999999999112 ) ) ;
#3891 = EDGE_LOOP ( 'NONE', ( #2372, #788, #1295, #3953 ) ) ;
#3892 = DIRECTION ( 'NONE',  ( 1.000000000000000000, 0.000000000000000000, 0.000000000000000000 ) ) ;
#3893 = ORIENTED_EDGE ( 'NONE', *, *, #3483, .F. ) ;
#3894 = ORIENTED_EDGE ( 'NONE', *, *, #890, .T. ) ;
#3895 = AXIS2_PLACEMENT_3D ( 'NONE', #3093, #3330, #1555 ) ;
#3896 = EDGE_CURVE ( 'NONE', #2762, #54, #592, .T. ) ;
#3897 = EDGE_CURVE ( 'NONE', #2528, #2738, #3152, .T. ) ;
#3898 = CARTESIAN_POINT ( 'NONE',  ( 15.52538177917292117, 16.61828779399174749, -55.78619639847313039 ) ) ;
#3899 = VECTOR ( 'NONE', #1511, 1000.000000000000000 ) ;
#3900 = PLANE ( 'NONE',  #618 ) ;
#3901 = DIRECTION ( 'NONE',  ( 0.8660254037844379305, 0.5000000000000013323, -0.000000000000000000 ) ) ;
#3902 = FACE_OUTER_BOUND ( 'NONE', #2124, .T. ) ;
#3903 = TOROIDAL_SURFACE ( 'NONE', #1034, 1.500000000000000222, 0.5000000000000000000 ) ;
#3904 = DIRECTION ( 'NONE',  ( -0.000000000000000000, -0.000000000000000000, -1.000000000000000000 ) ) ;
#3905 = TOROIDAL_SURFACE ( 'NONE', #1352, 0.5000000000000004441, 0.5000000000000000000 ) ;
#3906 = AXIS2_PLACEMENT_3D ( 'NONE', #1395, #498, #3496 ) ;
#3907 = VERTEX_POINT ( 'NONE', #1262 ) ;
#3908 = VERTEX_POINT ( 'NONE', #2479 ) ;
#3909 = CARTESIAN_POINT ( 'NONE',  ( 37.00000000000000000, 1.000000000000040856, 7.000000000000000000 ) ) ;
#3910 = CARTESIAN_POINT ( 'NONE',  ( -6.475712268301545116, -0.5613827733096785622, 0.000000000000000000 ) ) ;
#3911 = ORIENTED_EDGE ( 'NONE', *, *, #1975, .T. ) ;
#3912 = APPROVAL_PERSON_ORGANIZATION ( #1341, #3495, #3481 ) ;
#3913 = FACE_OUTER_BOUND ( 'NONE', #1525, .T. ) ;
#3914 = ORIENTED_EDGE ( 'NONE', *, *, #3261, .F. ) ;
#3915 = CARTESIAN_POINT ( 'NONE',  ( 15.23148915302668449, 16.21377929680427243, 0.5000000000000000000 ) ) ;
#3916 = DIRECTION ( 'NONE',  ( -0.000000000000000000, 0.000000000000000000, 1.000000000000000000 ) ) ;
#3917 = EDGE_CURVE ( 'NONE', #1236, #3117, #1196, .T. ) ;
#3918 = VECTOR ( 'NONE', #1181, 1000.000000000000000 ) ;
#3919 = DIRECTION ( 'NONE',  ( 1.000000000000000000, -9.621493189941999193E-17, 0.000000000000000000 ) ) ;
#3920 = CYLINDRICAL_SURFACE ( 'NONE', #2344, 2.000000000000001776 ) ;
#3921 = EDGE_CURVE ( 'NONE', #1520, #1015, #2415, .T. ) ;
#3922 = LINE ( 'NONE', #2672, #3414 ) ;
#3923 = ORIENTED_EDGE ( 'NONE', *, *, #2235, .F. ) ;
#3924 = ORIENTED_EDGE ( 'NONE', *, *, #3673, .T. ) ;
#3925 = DIRECTION ( 'NONE',  ( 1.000000000000000000, 0.000000000000000000, 0.000000000000000000 ) ) ;
#3926 = FACE_OUTER_BOUND ( 'NONE', #1761, .T. ) ;
#3927 = ORIENTED_EDGE ( 'NONE', *, *, #2556, .T. ) ;
#3928 = AXIS2_PLACEMENT_3D ( 'NONE', #3840, #2316, #3538 ) ;
#3929 = FACE_OUTER_BOUND ( 'NONE', #2485, .T. ) ;
#3930 = EDGE_LOOP ( 'NONE', ( #612, #27, #3818, #3628 ) ) ;
#3931 = EDGE_CURVE ( 'NONE', #2861, #2801, #2133, .T. ) ;
#3932 = ORIENTED_EDGE ( 'NONE', *, *, #407, .F. ) ;
#3933 = AXIS2_PLACEMENT_3D ( 'NONE', #2086, #2667, #559 ) ;
#3934 = CIRCLE ( 'NONE', #1323, 0.5000000000000004441 ) ;
#3935 = CARTESIAN_POINT ( 'NONE',  ( 7.499999999999999112, 4.000000000000000000, 6.499999999999999112 ) ) ;
#3936 = ORIENTED_EDGE ( 'NONE', *, *, #653, .F. ) ;
#3937 = CARTESIAN_POINT ( 'NONE',  ( 9.999999999999998224, 8.000000000000000000, -55.78619639847313039 ) ) ;
#3938 = VECTOR ( 'NONE', #1420, 1000.000000000000000 ) ;
#3939 = DIRECTION ( 'NONE',  ( 0.3034552433348116085, 0.9528456933274191965, 0.000000000000000000 ) ) ;
#3940 = ADVANCED_FACE ( 'NONE', ( #2767 ), #17, .T. ) ;
#3941 = CARTESIAN_POINT ( 'NONE',  ( 3.659200057818312590, 6.546774391779697666, 2.000000000000000000 ) ) ;
#3942 = LINE ( 'NONE', #18, #414 ) ;
#3943 = CARTESIAN_POINT ( 'NONE',  ( 30.95982486344823315, 4.786474508437577491, 7.000000000000000000 ) ) ;
#3944 = EDGE_CURVE ( 'NONE', #2440, #908, #3337, .T. ) ;
#3945 = VERTEX_POINT ( 'NONE', #647 ) ;
#3946 = VERTEX_POINT ( 'NONE', #1861 ) ;
#3947 = EDGE_CURVE ( 'NONE', #327, #2872, #1873, .T. ) ;
#3948 = DIRECTION ( 'NONE',  ( 0.8090169943749476733, -0.5877852522924730261, -3.058934627954112656E-15 ) ) ;
#3949 = CARTESIAN_POINT ( 'NONE',  ( 39.99999999999999289, 1.000000000000026867, 2.000000000000000000 ) ) ;
#3950 = FACE_OUTER_BOUND ( 'NONE', #3493, .T. ) ;
#3951 = ORIENTED_EDGE ( 'NONE', *, *, #1065, .F. ) ;
#3952 = DIRECTION ( 'NONE',  ( 0.000000000000000000, 0.000000000000000000, 1.000000000000000000 ) ) ;
#3953 = ORIENTED_EDGE ( 'NONE', *, *, #3115, .F. ) ;
#3954 = VERTEX_POINT ( 'NONE', #961 ) ;
#3955 = EDGE_CURVE ( 'NONE', #2430, #998, #3401, .T. ) ;
#3956 = ORIENTED_EDGE ( 'NONE', *, *, #1475, .T. ) ;
#3957 = CARTESIAN_POINT ( 'NONE',  ( -6.475712268301545116, -0.5613827733096785622, 0.000000000000000000 ) ) ;
#3958 = ORIENTED_EDGE ( 'NONE', *, *, #3345, .T. ) ;
#3959 = CARTESIAN_POINT ( 'NONE',  ( 43.00000000000000000, -8.673617379884035472E-16, 7.000000000000000000 ) ) ;
#3960 = AXIS2_PLACEMENT_3D ( 'NONE', #1355, #1336, #1077 ) ;
#3961 = ORIENTED_EDGE ( 'NONE', *, *, #457, .T. ) ;
#3962 = VECTOR ( 'NONE', #1016, 1000.000000000000000 ) ;
#3963 = CARTESIAN_POINT ( 'NONE',  ( 46.50000000000000000, 1.000000000000007105, 6.500000000000000888 ) ) ;
#3964 = DIRECTION ( 'NONE',  ( 0.000000000000000000, 0.000000000000000000, -1.000000000000000000 ) ) ;
#3965 = CARTESIAN_POINT ( 'NONE',  ( 44.00000000000000000, 4.500000000000000888, 6.500000000000000888 ) ) ;
#3966 = PLANE ( 'NONE',  #840 ) ;
#3967 = VECTOR ( 'NONE', #2943, 1000.000000000000000 ) ;
#3968 = ORIENTED_EDGE ( 'NONE', *, *, #2830, .T. ) ;
#3969 = VECTOR ( 'NONE', #3970, 1000.000000000000000 ) ;
#3970 = DIRECTION ( 'NONE',  ( 0.000000000000000000, 0.000000000000000000, 1.000000000000000000 ) ) ;
#3971 = ORIENTED_EDGE ( 'NONE', *, *, #2349, .F. ) ;
ENDSEC;
END-ISO-10303-21;
