ISO-10303-21;
HEADER;
FILE_DESCRIPTION (( 'STEP AP203' ),
    '1' );
FILE_NAME ('CSWP_18_18.STEP',
    '2026-07-27T18:14:09',
    ( '' ),
    ( '' ),
    'SwSTEP 2.0',
    'SolidWorks 2026',
    '' );
FILE_SCHEMA (( 'CONFIG_CONTROL_DESIGN' ));
ENDSEC;

DATA;
#1 = CC_DESIGN_PERSON_AND_ORGANIZATION_ASSIGNMENT ( #2295, #1021, ( #826 ) ) ;
#2 = CARTESIAN_POINT ( 'NONE',  ( -87.08037051303897158, 22.00000000000000355, -26.48389821729080040 ) ) ;
#3 = ORIENTED_EDGE ( 'NONE', *, *, #99, .F. ) ;
#4 = CARTESIAN_POINT ( 'NONE',  ( -64.43674818434678286, 97.38829605075247287, -20.17220854242748018 ) ) ;
#5 = EDGE_CURVE ( 'NONE', #1595, #1946, #394, .T. ) ;
#6 = CARTESIAN_POINT ( 'NONE',  ( 86.29996452191683431, 22.00000000000000355, -25.60313089668542830 ) ) ;
#7 = FACE_OUTER_BOUND ( 'NONE', #767, .T. ) ;
#8 = CARTESIAN_POINT ( 'NONE',  ( 57.19951628124292142, 110.3629259841093955, -9.424132005488276675 ) ) ;
#9 = CARTESIAN_POINT ( 'NONE',  ( 87.62332124381180165, 21.58928800369849199, -27.99820954507118742 ) ) ;
#10 = FACE_OUTER_BOUND ( 'NONE', #1861, .T. ) ;
#11 = AXIS2_PLACEMENT_3D ( 'NONE', #1763, #160, #1414 ) ;
#12 = ORIENTED_EDGE ( 'NONE', *, *, #486, .F. ) ;
#13 = AXIS2_PLACEMENT_3D ( 'NONE', #1089, #2157, #364 ) ;
#14 = CARTESIAN_POINT ( 'NONE',  ( 57.73868684970192078, 108.3885069932934755, -10.41745348281261663 ) ) ;
#15 = DIRECTION ( 'NONE',  ( 0.9577571689462873739, -0.2875781725583366755, 0.000000000000000000 ) ) ;
#16 = VERTEX_POINT ( 'NONE', #2237 ) ;
#17 = DIRECTION ( 'NONE',  ( 0.000000000000000000, 0.000000000000000000, 1.000000000000000000 ) ) ;
#18 = DIRECTION ( 'NONE',  ( -0.000000000000000000, 1.000000000000000000, -0.000000000000000000 ) ) ;
#19 = CARTESIAN_POINT ( 'NONE',  ( -73.95102779380997049, 67.12381849714994075, 23.57103615805565511 ) ) ;
#20 = CARTESIAN_POINT ( 'NONE',  ( 56.71005936985284990, 111.0444668097322847, 10.12513236136945949 ) ) ;
#21 = CARTESIAN_POINT ( 'NONE',  ( -107.9999999999999716, 22.00000000000000000, -35.00000000000000711 ) ) ;
#22 = CARTESIAN_POINT ( 'NONE',  ( 35.05240778962534165, 20.99999980264368915, -25.00000000000000355 ) ) ;
#23 = VERTEX_POINT ( 'NONE', #624 ) ;
#24 = CARTESIAN_POINT ( 'NONE',  ( 65.64446111366167713, 90.74740255010456735, -19.41662410622073764 ) ) ;
#25 = B_SPLINE_CURVE_WITH_KNOTS ( 'NONE', 3,
 ( #1714, #1889, #788, #1498, #2039, #2221, #1852, #2015, #221, #43 ),
 .UNSPECIFIED., .F., .F.,
 ( 4, 2, 2, 2, 4 ),
 ( 0.000000000000000000, 0.01787445800333002308, 0.03574891600666004615, 0.05362337400999006576, 0.07149783201332009230 ),
 .UNSPECIFIED. ) ;
#26 = CARTESIAN_POINT ( 'NONE',  ( 59.28829134793659250, 107.4019049458997728, -22.99754499375092820 ) ) ;
#27 = ORIENTED_EDGE ( 'NONE', *, *, #415, .F. ) ;
#28 = CARTESIAN_POINT ( 'NONE',  ( -56.35121289722523130, 110.5191223590346397, -6.974385345582308382 ) ) ;
#29 = CARTESIAN_POINT ( 'NONE',  ( -65.16332336082101051, 95.61524798235029721, -19.27764793078939576 ) ) ;
#30 = CARTESIAN_POINT ( 'NONE',  ( -64.47366009910028595, 97.51730068244498284, 24.38673552762494978 ) ) ;
#31 = CARTESIAN_POINT ( 'NONE',  ( 55.87283877156605882, 112.1813938892357783, -5.631080399221607635 ) ) ;
#32 = CARTESIAN_POINT ( 'NONE',  ( 78.93656127136445377, 50.51987951734834326, -27.02158011035038498 ) ) ;
#33 = CARTESIAN_POINT ( 'NONE',  ( 7.141597779005873114, 137.1314483176152237, 18.81933015294708866 ) ) ;
#34 = ORIENTED_EDGE ( 'NONE', *, *, #2187, .F. ) ;
#35 = CARTESIAN_POINT ( 'NONE',  ( 81.64292209862369987, 32.21994901551038737, 24.87355333138208735 ) ) ;
#36 = EDGE_CURVE ( 'NONE', #537, #423, #1579, .T. ) ;
#37 = CARTESIAN_POINT ( 'NONE',  ( 38.78499878763015829, 128.3921401736443784, -17.36978338752548012 ) ) ;
#38 = ORIENTED_EDGE ( 'NONE', *, *, #897, .T. ) ;
#39 = CARTESIAN_POINT ( 'NONE',  ( -58.84414478900236389, 106.5566420863963799, 12.38184147232837518 ) ) ;
#40 = CARTESIAN_POINT ( 'NONE',  ( -56.24743911678135078, 111.6854255814979666, 6.952805031341805275 ) ) ;
#41 = DIRECTION ( 'NONE',  ( 0.2850078432617629276, 0.9491968832735450112, -0.1334009222721743715 ) ) ;
#42 = CARTESIAN_POINT ( 'NONE',  ( 66.19902357258592929, 92.80570302743593913, -19.98654917148393295 ) ) ;
#43 = CARTESIAN_POINT ( 'NONE',  ( 67.04300182624014326, 90.13047207908356029, 22.01426644627216334 ) ) ;
#44 = CARTESIAN_POINT ( 'NONE',  ( -1.533495552763468441E-14, 22.00000000000000000, -8.499999999999838352 ) ) ;
#45 = CARTESIAN_POINT ( 'NONE',  ( 61.35492071944857173, 103.9041570979896107, 20.66384947280297624 ) ) ;
#46 = VECTOR ( 'NONE', #2162, 1000.000000000000000 ) ;
#47 = ORIENTED_EDGE ( 'NONE', *, *, #1492, .T. ) ;
#48 = DIRECTION ( 'NONE',  ( -1.000000000000000000, -0.000000000000000000, 1.804112415015879773E-15 ) ) ;
#49 = ADVANCED_FACE ( 'NONE', ( #507 ), #362, .F. ) ;
#50 = VECTOR ( 'NONE', #1797, 1000.000000000000114 ) ;
#51 = CARTESIAN_POINT ( 'NONE',  ( -119.9999999999999716, 22.00000000000000000, 34.99999999999999289 ) ) ;
#52 = CARTESIAN_POINT ( 'NONE',  ( 28.85856769535349642, 133.8822976779651697, -19.27596849592532280 ) ) ;
#53 = ORIENTED_EDGE ( 'NONE', *, *, #897, .F. ) ;
#54 = CARTESIAN_POINT ( 'NONE',  ( -58.00622773329895665, 107.9572093095446661, 10.93396475153773295 ) ) ;
#55 = CARTESIAN_POINT ( 'NONE',  ( -54.80957825237283032, 113.5422033753713293, -3.124290094357250691 ) ) ;
#56 = CARTESIAN_POINT ( 'NONE',  ( -119.9999999999999716, 0.000000000000000000, 22.99999999999999645 ) ) ;
#57 = CARTESIAN_POINT ( 'NONE',  ( 58.50855101059291030, 108.4333721204953207, -13.47388494553706906 ) ) ;
#58 = DIRECTION ( 'NONE',  ( -0.2850078432617642599, 0.9491968832735447892, -0.1334009222721725951 ) ) ;
#59 = CARTESIAN_POINT ( 'NONE',  ( 87.50000000000000000, 22.00000000000000000, -27.99687342189882600 ) ) ;
#60 = CARTESIAN_POINT ( 'NONE',  ( -55.33991292985528787, 119.0922901940132732, 21.35456849296654269 ) ) ;
#61 = ORIENTED_EDGE ( 'NONE', *, *, #1218, .F. ) ;
#62 = CARTESIAN_POINT ( 'NONE',  ( 61.17492757273968351, 102.2069776864702106, 15.49754442301145652 ) ) ;
#63 = CARTESIAN_POINT ( 'NONE',  ( 56.37945406693301464, 111.4897807250149100, -9.233316551569872743 ) ) ;
#64 = CARTESIAN_POINT ( 'NONE',  ( 67.04300182624012905, 90.13047207908357450, -22.51665329702235496 ) ) ;
#65 = VERTEX_POINT ( 'NONE', #2182 ) ;
#66 = CARTESIAN_POINT ( 'NONE',  ( -57.35518045455739866, 108.9933853320562349, 9.598913573698510504 ) ) ;
#67 = CARTESIAN_POINT ( 'NONE',  ( -54.91507832172714387, 113.4094794134238242, -3.869220733218809993 ) ) ;
#68 = CARTESIAN_POINT ( 'NONE',  ( -85.00000000000000000, 0.000000000000000000, 8.499999999999989342 ) ) ;
#69 = EDGE_CURVE ( 'NONE', #23, #672, #1636, .T. ) ;
#70 = DIRECTION ( 'NONE',  ( -0.000000000000000000, -0.000000000000000000, -1.000000000000000000 ) ) ;
#71 = CARTESIAN_POINT ( 'NONE',  ( -85.00000000000000000, 0.000000000000000000, 8.499999999999989342 ) ) ;
#72 = CARTESIAN_POINT ( 'NONE',  ( 44.59140145276767697, 124.0880020498942997, 20.65246697883414484 ) ) ;
#73 = VERTEX_POINT ( 'NONE', #734 ) ;
#74 = CARTESIAN_POINT ( 'NONE',  ( 87.50000000000000000, 22.00000000000000000, -32.09176671168476247 ) ) ;
#75 = FACE_OUTER_BOUND ( 'NONE', #205, .T. ) ;
#76 = DIRECTION ( 'NONE',  ( 0.000000000000000000, -1.000000000000000000, 0.000000000000000000 ) ) ;
#77 = CARTESIAN_POINT ( 'NONE',  ( -61.46244190387506023, 101.6153461316129096, -15.81591036768643654 ) ) ;
#78 = CARTESIAN_POINT ( 'NONE',  ( -58.49919002780511335, 108.4515934607439647, -11.95159993551158450 ) ) ;
#79 = FACE_OUTER_BOUND ( 'NONE', #1437, .T. ) ;
#80 = CARTESIAN_POINT ( 'NONE',  ( 62.76684390283850945, 101.0020860244087118, -17.29031811075862279 ) ) ;
#81 = ADVANCED_FACE ( 'NONE', ( #578 ), #2323, .F. ) ;
#82 = CARTESIAN_POINT ( 'NONE',  ( -85.00000000000000000, 0.000000000000000000, -8.499999999999989342 ) ) ;
#83 = CARTESIAN_POINT ( 'NONE',  ( 70.42255228630824604, 78.87513704391392366, -23.99762556607084463 ) ) ;
#84 = CARTESIAN_POINT ( 'NONE',  ( 14.82761353974338192, 138.5132107095498100, 16.00832070208533509 ) ) ;
#85 = ORIENTED_EDGE ( 'NONE', *, *, #1663, .F. ) ;
#86 = DIRECTION ( 'NONE',  ( 0.000000000000000000, 0.9902680687415703620, 0.1391731009600656321 ) ) ;
#87 = AXIS2_PLACEMENT_3D ( 'NONE', #170, #503, #15 ) ;
#88 = CC_DESIGN_APPROVAL ( #2141, ( #1111 ) ) ;
#89 = CARTESIAN_POINT ( 'NONE',  ( 60.64832008746000014, 104.9606844794411415, 16.42956230552535501 ) ) ;
#90 = CARTESIAN_POINT ( 'NONE',  ( -67.04300182624014326, 90.13047207908356029, 35.00000000000000000 ) ) ;
#91 = VECTOR ( 'NONE', #1691, 1000.000000000000000 ) ;
#92 = CARTESIAN_POINT ( 'NONE',  ( -58.22388731229244740, 108.8595528794667047, -12.99633461633570519 ) ) ;
#93 = AXIS2_PLACEMENT_3D ( 'NONE', #1697, #759, #810 ) ;
#94 = CARTESIAN_POINT ( 'NONE',  ( -86.43973544064276382, 22.00000000000000000, -25.73755579742262256 ) ) ;
#95 =( NAMED_UNIT ( * ) SI_UNIT ( $, .STERADIAN. ) SOLID_ANGLE_UNIT ( ) );
#96 = FACE_OUTER_BOUND ( 'NONE', #1938, .T. ) ;
#97 = CARTESIAN_POINT ( 'NONE',  ( -54.62477279593706214, 113.7736701603908500, 0.7572635960022331414 ) ) ;
#98 = CARTESIAN_POINT ( 'NONE',  ( 25.54627543536416212, 135.2786793401612044, 16.44342228039161569 ) ) ;
#99 = EDGE_CURVE ( 'NONE', #1488, #860, #1596, .T. ) ;
#100 = ORIENTED_EDGE ( 'NONE', *, *, #1310, .F. ) ;
#101 = CARTESIAN_POINT ( 'NONE',  ( 67.04300182624014326, 90.13047207908356029, 22.01426644627216334 ) ) ;
#102 = CARTESIAN_POINT ( 'NONE',  ( 56.78778443421253286, 110.9373563451631668, 10.30294094358571044 ) ) ;
#103 = CARTESIAN_POINT ( 'NONE',  ( -72.23816762209038700, 66.62659195473342777, -22.76814083739485994 ) ) ;
#104 = CARTESIAN_POINT ( 'NONE',  ( -65.18940493360729249, 92.23716953223359383, 19.10803659907377750 ) ) ;
#105 = CARTESIAN_POINT ( 'NONE',  ( -7.141597779001453539, 137.1314483176211354, 18.81933015294625022 ) ) ;
#106 = PERSON_AND_ORGANIZATION_ROLE ( 'design_supplier' ) ;
#107 = CARTESIAN_POINT ( 'NONE',  ( -55.21436233558863194, 113.0282225616189891, -5.455142943675626910 ) ) ;
#108 = CARTESIAN_POINT ( 'NONE',  ( 65.62635582768473341, 90.81363215295915836, 19.40512376557380136 ) ) ;
#109 = CARTESIAN_POINT ( 'NONE',  ( 84.43638059940742835, 22.00000000000000000, 24.99364585592259402 ) ) ;
#110 = EDGE_CURVE ( 'NONE', #400, #1754, #1801, .T. ) ;
#111 = CARTESIAN_POINT ( 'NONE',  ( -107.9999999999999716, 22.00000000000000000, -35.00000000000000711 ) ) ;
#112 = B_SPLINE_CURVE_WITH_KNOTS ( 'NONE', 3,
 ( #2324, #328, #531, #340, #351, #1787, #2120, #683, #1964, #6, #902, #1274, #1053, #699, #1076, #876 ),
 .UNSPECIFIED., .F., .F.,
 ( 4, 2, 2, 2, 2, 2, 2, 4 ),
 ( 3.469446951953614189E-18, 0.0005904425683280198952, 0.001180885136656036321, 0.001771327704984052747, 0.002361770273312069172, 0.003542655409968102024, 0.004133097978296138182, 0.004723540546624173907 ),
 .UNSPECIFIED. ) ;
#113 = LINE ( 'NONE', #1908, #1370 ) ;
#114 = CARTESIAN_POINT ( 'NONE',  ( -62.52460393575931619, 101.4836323739614130, 18.45999280698946521 ) ) ;
#115 = CARTESIAN_POINT ( 'NONE',  ( -44.59140145274396616, 124.0880020498343868, 20.65246697880441218 ) ) ;
#116 = APPROVAL_DATE_TIME ( #1194, #2141 ) ;
#117 = CARTESIAN_POINT ( 'NONE',  ( -119.9999999999999716, 22.00000000000000000, -35.00000000000000711 ) ) ;
#118 = CARTESIAN_POINT ( 'NONE',  ( 0.000000000000000000, 22.00000000000000000, 0.000000000000000000 ) ) ;
#119 = CARTESIAN_POINT ( 'NONE',  ( 0.000000000000000000, 140.0000000000000000, 15.80832129166909894 ) ) ;
#120 = CARTESIAN_POINT ( 'NONE',  ( 67.04300182624014326, 90.13047207908356029, -22.01426644627216334 ) ) ;
#121 = ADVANCED_FACE ( 'NONE', ( #183 ), #550, .T. ) ;
#122 = APPROVAL_PERSON_ORGANIZATION ( #1368, #1897, #326 ) ;
#123 = CARTESIAN_POINT ( 'NONE',  ( -58.62874013055307643, 106.9239394414524753, 12.03161431561616368 ) ) ;
#124 = CARTESIAN_POINT ( 'NONE',  ( -87.37725822027481115, 12.39435532316519151, 36.34998532073694832 ) ) ;
#125 = AXIS2_PLACEMENT_3D ( 'NONE', #1385, #1554, #1738 ) ;
#126 = AXIS2_PLACEMENT_3D ( 'NONE', #1876, #1851, #233 ) ;
#127 = FACE_BOUND ( 'NONE', #373, .T. ) ;
#128 = ORIENTED_EDGE ( 'NONE', *, *, #224, .F. ) ;
#129 = CARTESIAN_POINT ( 'NONE',  ( 65.19224131824618951, 92.22764790263697421, 19.10990323592618978 ) ) ;
#130 = CARTESIAN_POINT ( 'NONE',  ( 81.35452216304717865, 33.27506398249163055, -24.84483448224588997 ) ) ;
#131 = CARTESIAN_POINT ( 'NONE',  ( 61.29326500520976850, 103.8397863711126945, -17.19339515280184472 ) ) ;
#132 = DIRECTION ( 'NONE',  ( 0.000000000000000000, 0.000000000000000000, -1.000000000000000000 ) ) ;
#133 = CARTESIAN_POINT ( 'NONE',  ( 85.00000000000000000, 0.000000000000000000, 8.499999999999989342 ) ) ;
#134 = COORDINATED_UNIVERSAL_TIME_OFFSET ( 5, 30, .AHEAD. ) ;
#135 = ORIENTED_EDGE ( 'NONE', *, *, #1729, .F. ) ;
#136 = ADVANCED_FACE ( 'NONE', ( #1586 ), #1576, .T. ) ;
#137 = CARTESIAN_POINT ( 'NONE',  ( -63.25460065205692928, 100.0175830162748980, 19.15899278655274784 ) ) ;
#138 = ORIENTED_EDGE ( 'NONE', *, *, #546, .T. ) ;
#139 = CARTESIAN_POINT ( 'NONE',  ( 63.21492341718508357, 100.1012746324127249, 19.12313263094614868 ) ) ;
#140 = CYLINDRICAL_SURFACE ( 'NONE', #627, 12.00000000000000355 ) ;
#141 =( BOUNDED_CURVE ( )  B_SPLINE_CURVE ( 3, ( #1984, #393, #1831, #405 ),
 .UNSPECIFIED., .F., .F. ) 
 B_SPLINE_CURVE_WITH_KNOTS ( ( 4, 4 ),
 ( 4.712388980384689674, 7.853981633974482790 ),
 .UNSPECIFIED. ) 
 CURVE ( )  GEOMETRIC_REPRESENTATION_ITEM ( )  RATIONAL_B_SPLINE_CURVE ( ( 1.000000000000000000, 0.3333333333333333703, 0.3333333333333333703, 1.000000000000000000 ) ) 
 REPRESENTATION_ITEM ( '' )  );
#142 = ORIENTED_EDGE ( 'NONE', *, *, #338, .F. ) ;
#143 = DIRECTION ( 'NONE',  ( 0.2850078432617629831, 0.9491968832735452333, 0.1334009222721730670 ) ) ;
#144 = CARTESIAN_POINT ( 'NONE',  ( -61.81378740075070510, 100.8724096393249710, 16.19129384966437968 ) ) ;
#145 = CARTESIAN_POINT ( 'NONE',  ( -86.72552328481751260, 22.00000000000000355, -26.01162589831139016 ) ) ;
#146 = VERTEX_POINT ( 'NONE', #1724 ) ;
#147 = CARTESIAN_POINT ( 'NONE',  ( -87.50000000000000000, 22.00000000000000000, 27.99687342189882244 ) ) ;
#148 = CARTESIAN_POINT ( 'NONE',  ( -80.73333973925842599, 44.53584587764397185, 27.38680881032339087 ) ) ;
#149 = ORIENTED_EDGE ( 'NONE', *, *, #1435, .F. ) ;
#150 = CARTESIAN_POINT ( 'NONE',  ( 61.22707804986657010, 103.9369393426572117, 17.10199278463313277 ) ) ;
#151 =( BOUNDED_CURVE ( )  B_SPLINE_CURVE ( 3, ( #1585, #1758, #1730, #1026 ),
 .UNSPECIFIED., .F., .F. ) 
 B_SPLINE_CURVE_WITH_KNOTS ( ( 4, 4 ),
 ( 5.004086210214387265, 6.283185307179586232 ),
 .UNSPECIFIED. ) 
 CURVE ( )  GEOMETRIC_REPRESENTATION_ITEM ( )  RATIONAL_B_SPLINE_CURVE ( ( 1.000000000000000000, 0.8682431227284626019, 0.8682431227284626019, 1.000000000000000000 ) ) 
 REPRESENTATION_ITEM ( '' )  );
#152 = DIRECTION ( 'NONE',  ( -0.000000000000000000, 1.000000000000000000, -0.000000000000000000 ) ) ;
#153 = CARTESIAN_POINT ( 'NONE',  ( -76.93270487273953506, 49.45220336522114479, -24.14211369153131415 ) ) ;
#154 = VERTEX_POINT ( 'NONE', #1223 ) ;
#155 = CARTESIAN_POINT ( 'NONE',  ( 66.59610295077159492, 91.61883469703300875, -21.73679418364294591 ) ) ;
#156 = CARTESIAN_POINT ( 'NONE',  ( -82.89509493542402652, 27.63883950822033242, 24.96555318658118949 ) ) ;
#157 = CARTESIAN_POINT ( 'NONE',  ( -87.50000000000000000, 22.00000000000000000, -27.99687342189881178 ) ) ;
#158 = LINE ( 'NONE', #696, #776 ) ;
#159 = CARTESIAN_POINT ( 'NONE',  ( -63.43125264099325022, 99.64494361403679079, -17.90352568017026158 ) ) ;
#160 = DIRECTION ( 'NONE',  ( 0.2850078432617642599, -0.9491968832735449002, 0.1334009222721726229 ) ) ;
#161 = CARTESIAN_POINT ( 'NONE',  ( -72.23816762212763365, 66.62659195469169049, 22.76814083741339090 ) ) ;
#162 = EDGE_LOOP ( 'NONE', ( #946, #1253, #214, #551 ) ) ;
#163 = CARTESIAN_POINT ( 'NONE',  ( 55.76485666850578582, 111.3709366294505827, 4.760913128554470575 ) ) ;
#164 = VECTOR ( 'NONE', #2171, 1000.000000000000000 ) ;
#165 = CARTESIAN_POINT ( 'NONE',  ( 67.12201098940447253, 89.86733808751567665, -20.54150613646948642 ) ) ;
#166 = CIRCLE ( 'NONE', #284, 2.999999999999999112 ) ;
#167 = CARTESIAN_POINT ( 'NONE',  ( 135.0524077896253345, 20.99999980264368915, 25.00000000000001066 ) ) ;
#168 = VERTEX_POINT ( 'NONE', #643 ) ;
#169 = CARTESIAN_POINT ( 'NONE',  ( 66.02241630454454935, 89.36483271959872354, 19.65669838347740850 ) ) ;
#170 = CARTESIAN_POINT ( 'NONE',  ( -87.37725822027481115, 11.97683602028499905, -33.37918111451223524 ) ) ;
#171 = DIRECTION ( 'NONE',  ( 0.000000000000000000, 0.000000000000000000, -1.000000000000000000 ) ) ;
#172 = CARTESIAN_POINT ( 'NONE',  ( -84.07276815924693381, 33.41413423668780069, 27.84798639182074353 ) ) ;
#173 = CARTESIAN_POINT ( 'NONE',  ( -70.54235294130893408, 78.47615010034702721, 22.31241075035586618 ) ) ;
#174 = EDGE_LOOP ( 'NONE', ( #34, #1588, #701, #884 ) ) ;
#175 = CARTESIAN_POINT ( 'NONE',  ( 55.39566721363232205, 111.8948342472141775, -2.675592486189306562 ) ) ;
#176 = DIRECTION ( 'NONE',  ( 0.000000000000000000, 0.000000000000000000, -1.000000000000000000 ) ) ;
#177 = CARTESIAN_POINT ( 'NONE',  ( 85.05240778962534876, 20.99999980264368205, -25.00000000000000711 ) ) ;
#178 = ORIENTED_EDGE ( 'NONE', *, *, #358, .F. ) ;
#179 = CARTESIAN_POINT ( 'NONE',  ( 66.02241630454454935, 89.36483271959869512, -19.65669838347740850 ) ) ;
#180 = EDGE_CURVE ( 'NONE', #1474, #353, #200, .T. ) ;
#181 = CARTESIAN_POINT ( 'NONE',  ( -14.82761353974351870, 138.5132107095498384, -16.00832070209211722 ) ) ;
#182 = ORIENTED_EDGE ( 'NONE', *, *, #2331, .T. ) ;
#183 = FACE_OUTER_BOUND ( 'NONE', #1094, .T. ) ;
#184 = CARTESIAN_POINT ( 'NONE',  ( -80.64852540642537804, 44.81831354400966205, 27.37096651591292584 ) ) ;
#185 = CARTESIAN_POINT ( 'NONE',  ( 85.40849772721732336, 22.00000000000000000, 25.15833640974831198 ) ) ;
#186 = CARTESIAN_POINT ( 'NONE',  ( 55.40436225345021626, 112.7934966511205772, 2.939744036686888329 ) ) ;
#187 = CARTESIAN_POINT ( 'NONE',  ( 84.17761808922774946, 33.06493954221819820, -27.85833750353378591 ) ) ;
#188 = CARTESIAN_POINT ( 'NONE',  ( 28.27797647605059694, 150.2638496785980067, -25.00000000000000355 ) ) ;
#189 = ORIENTED_EDGE ( 'NONE', *, *, #2203, .F. ) ;
#190 = CARTESIAN_POINT ( 'NONE',  ( 63.85000419846907960, 96.07528531487272971, -18.08924664171195928 ) ) ;
#191 = CARTESIAN_POINT ( 'NONE',  ( -52.60391549062132555, 116.3333723210563164, -21.74230911370160513 ) ) ;
#192 = ORIENTED_EDGE ( 'NONE', *, *, #733, .T. ) ;
#193 = CARTESIAN_POINT ( 'NONE',  ( -61.22707804988357339, 103.9369393426272694, -17.10199278461983496 ) ) ;
#194 = CARTESIAN_POINT ( 'NONE',  ( -79.01061336330809581, 50.27325467338499720, 27.03889565253874849 ) ) ;
#195 = CARTESIAN_POINT ( 'NONE',  ( 57.21063154629250391, 110.3523006079643665, 9.520425170520562475 ) ) ;
#196 = B_SPLINE_CURVE_WITH_KNOTS ( 'NONE', 3,
 ( #681, #2064, #451, #1174, #1886, #274, #999, #1709, #94, #145, #348, #2, #1097, #1073, #1086, #1785, #900, #157 ),
 .UNSPECIFIED., .F., .F.,
 ( 4, 2, 2, 2, 2, 2, 2, 2, 4 ),
 ( 0.000000000000000000, 0.0005905330015919048499, 0.001181066003183809700, 0.001771599004775714550, 0.002362132006367619400, 0.002952665007959524249, 0.003543198009551429099, 0.004133731011143334383, 0.004724264012735238799 ),
 .UNSPECIFIED. ) ;
#197 = AXIS2_PLACEMENT_3D ( 'NONE', #305, #1552, #1743 ) ;
#198 = LINE ( 'NONE', #21, #2278 ) ;
#199 = CARTESIAN_POINT ( 'NONE',  ( -87.62332124381184428, 21.58928800369847778, -27.99820954507119097 ) ) ;
#200 = CIRCLE ( 'NONE', #1526, 8.499999999999989342 ) ;
#201 = EDGE_LOOP ( 'NONE', ( #346, #230, #419, #1633 ) ) ;
#202 = AXIS2_PLACEMENT_3D ( 'NONE', #1024, #152, #1553 ) ;
#203 = CARTESIAN_POINT ( 'NONE',  ( 79.08687462244218125, 50.01927236709526170, 24.74752415468470090 ) ) ;
#204 = CARTESIAN_POINT ( 'NONE',  ( -7.424207487559273844, 139.7039596438076785, -18.45778726389378122 ) ) ;
#205 = EDGE_LOOP ( 'NONE', ( #871, #380, #2224, #1269, #327 ) ) ;
#206 = CARTESIAN_POINT ( 'NONE',  ( -65.64513212756557436, 90.74494796394775165, -19.41705032917492701 ) ) ;
#207 = EDGE_CURVE ( 'NONE', #73, #1197, #469, .T. ) ;
#208 = CARTESIAN_POINT ( 'NONE',  ( -60.54996807068507536, 105.1307885637472452, -16.31098680196952699 ) ) ;
#209 = DIRECTION ( 'NONE',  ( -0.9577571689462879290, 0.2875781725583351212, 0.000000000000000000 ) ) ;
#210 = CARTESIAN_POINT ( 'NONE',  ( 54.75937847976444317, 113.6073834547612336, -2.996223596517963994 ) ) ;
#211 = EDGE_CURVE ( 'NONE', #893, #804, #1143, .T. ) ;
#212 = CARTESIAN_POINT ( 'NONE',  ( 66.02241630454452093, 89.36483271959873775, -19.65669838347740139 ) ) ;
#213 = CARTESIAN_POINT ( 'NONE',  ( 0.000000000000000000, 140.0000000000000000, 18.41618150511777685 ) ) ;
#214 = ORIENTED_EDGE ( 'NONE', *, *, #676, .F. ) ;
#215 = CARTESIAN_POINT ( 'NONE',  ( 78.50314347345103272, 43.70681350525258324, 24.45266444041152454 ) ) ;
#216 = CARTESIAN_POINT ( 'NONE',  ( 61.84197614401031728, 96.44290556370702916, -24.53773191440529189 ) ) ;
#217 = EDGE_LOOP ( 'NONE', ( #1219, #510, #2211, #1892, #1249, #1501 ) ) ;
#218 = CARTESIAN_POINT ( 'NONE',  ( -55.60902561334346217, 111.5923134373623640, 3.905123448398640562 ) ) ;
#219 = CARTESIAN_POINT ( 'NONE',  ( -54.66557614430121959, 113.7228558970795547, -1.605290607946625370 ) ) ;
#220 = LINE ( 'NONE', #251, #1707 ) ;
#221 = CARTESIAN_POINT ( 'NONE',  ( 68.72933533809623441, 84.51426694137647644, 23.10816493349626910 ) ) ;
#222 = FACE_OUTER_BOUND ( 'NONE', #240, .T. ) ;
#223 = CARTESIAN_POINT ( 'NONE',  ( 35.45431272966754932, 130.4719190922770338, 19.75526594900548361 ) ) ;
#224 = EDGE_CURVE ( 'NONE', #1977, #1383, #1103, .T. ) ;
#225 = ORIENTED_EDGE ( 'NONE', *, *, #2285, .F. ) ;
#226 = CARTESIAN_POINT ( 'NONE',  ( 63.86020208858579394, 96.04784806692678956, 18.09737470741674414 ) ) ;
#227 =( BOUNDED_CURVE ( )  B_SPLINE_CURVE ( 3, ( #1512, #1867, #2233, #773 ),
 .UNSPECIFIED., .F., .F. ) 
 B_SPLINE_CURVE_WITH_KNOTS ( ( 4, 4 ),
 ( 1.862493556624594149, 4.420691750554992083 ),
 .UNSPECIFIED. ) 
 CURVE ( )  GEOMETRIC_REPRESENTATION_ITEM ( )  RATIONAL_B_SPLINE_CURVE ( ( 1.000000000000000000, 0.5250521150388910430, 0.5250521150388910430, 1.000000000000000000 ) ) 
 REPRESENTATION_ITEM ( '' )  );
#228 = CARTESIAN_POINT ( 'NONE',  ( -67.04300182624014326, 90.13047207908356029, -22.01426644627216334 ) ) ;
#229 = CARTESIAN_POINT ( 'NONE',  ( 45.54731199472580272, 119.6840709730801677, -21.27139912831563962 ) ) ;
#230 = ORIENTED_EDGE ( 'NONE', *, *, #434, .T. ) ;
#231 = CARTESIAN_POINT ( 'NONE',  ( -55.31308929113339445, 112.0082983065388618, 1.421925651889633935 ) ) ;
#232 = CARTESIAN_POINT ( 'NONE',  ( -57.21063154630316916, 110.3523006079856401, -9.520425170531346737 ) ) ;
#233 = DIRECTION ( 'NONE',  ( -1.000000000000000000, 0.000000000000000000, 1.804112415015879773E-15 ) ) ;
#234 = MECHANICAL_CONTEXT ( 'NONE', #1722, 'mechanical' ) ;
#235 = CARTESIAN_POINT ( 'NONE',  ( -97.50000000000000000, 0.000000000000000000, 1.530808498934274352E-15 ) ) ;
#236 = LINE ( 'NONE', #117, #1258 ) ;
#237 = CARTESIAN_POINT ( 'NONE',  ( 59.45796945564041636, 107.1304192438937406, 20.22986025106386165 ) ) ;
#238 = PRODUCT_DEFINITION_FORMATION_WITH_SPECIFIED_SOURCE ( 'ANY', '', #2167, .NOT_KNOWN. ) ;
#239 = EDGE_CURVE ( 'NONE', #1595, #1981, #1771, .T. ) ;
#240 = EDGE_LOOP ( 'NONE', ( #278, #135, #1003, #1642 ) ) ;
#241 = CARTESIAN_POINT ( 'NONE',  ( 59.73016372555388642, 104.9886189795762732, 13.69467392264088268 ) ) ;
#242 = AXIS2_PLACEMENT_3D ( 'NONE', #1574, #679, #1396 ) ;
#243 = CIRCLE ( 'NONE', #970, 8.500000000000000000 ) ;
#244 = EDGE_CURVE ( 'NONE', #1468, #1835, #1878, .T. ) ;
#245 = DESIGN_CONTEXT ( 'detailed design', #376, 'design' ) ;
#246 = LINE ( 'NONE', #1535, #926 ) ;
#247 = CARTESIAN_POINT ( 'NONE',  ( 35.61326300313641724, 130.3789173742335379, -17.10252677536486487 ) ) ;
#248 = EDGE_LOOP ( 'NONE', ( #1316, #1260, #1147, #178 ) ) ;
#249 = CARTESIAN_POINT ( 'NONE',  ( 87.50000000000000000, 22.00000000000000000, 32.09176671168475536 ) ) ;
#250 = CARTESIAN_POINT ( 'NONE',  ( -55.74726025387268180, 112.3361179704759536, -7.456231203399940277 ) ) ;
#251 = CARTESIAN_POINT ( 'NONE',  ( -67.04300182624014326, 90.13047207908356029, 35.00000000000000000 ) ) ;
#252 = CARTESIAN_POINT ( 'NONE',  ( 60.84502566710171578, 104.6396276888983721, -15.29245177714554238 ) ) ;
#253 = CARTESIAN_POINT ( 'NONE',  ( 1.179611963664229219E-15, 22.00000000000000000, 8.500000000000001776 ) ) ;
#254 = CARTESIAN_POINT ( 'NONE',  ( 67.04300182624014326, 90.13047207908356029, 35.00000000000000000 ) ) ;
#255 = CARTESIAN_POINT ( 'NONE',  ( 18.46311101675080479, 137.6241946096085940, 16.12790906407313329 ) ) ;
#256 = CARTESIAN_POINT ( 'NONE',  ( 84.99999999999933209, 0.000000000000000000, 0.000000000000000000 ) ) ;
#257 = CARTESIAN_POINT ( 'NONE',  ( -128.2779764760505827, 150.2638496785980067, 25.00000000000001066 ) ) ;
#258 = CARTESIAN_POINT ( 'NONE',  ( 58.28963653129466849, 108.7638051460192656, -13.11777420059701349 ) ) ;
#259 = CARTESIAN_POINT ( 'NONE',  ( 28.99386532217585710, 133.8222056865368188, -16.63934370241303640 ) ) ;
#260 = EDGE_CURVE ( 'NONE', #1544, #168, #2258, .T. ) ;
#261 = CARTESIAN_POINT ( 'NONE',  ( -61.17492757273964799, 102.2069776864701680, -15.49754442301144763 ) ) ;
#262 = CARTESIAN_POINT ( 'NONE',  ( -55.76485666850572187, 111.3709366294350218, -4.760913128549285389 ) ) ;
#263 = CARTESIAN_POINT ( 'NONE',  ( -64.61101985194103747, 97.19070206352370178, 21.56692770818341387 ) ) ;
#264 = CARTESIAN_POINT ( 'NONE',  ( 60.95009917580454584, 102.6820602861280634, -15.25640828679825489 ) ) ;
#265 = CARTESIAN_POINT ( 'NONE',  ( -64.16973031940128180, 89.68525686428876043, -25.48745750324707515 ) ) ;
#266 = DIRECTION ( 'NONE',  ( -1.000000000000000000, 0.000000000000000000, 0.000000000000000000 ) ) ;
#267 = CARTESIAN_POINT ( 'NONE',  ( 14.19214438803464695, 135.9944495534407167, 18.97912490831976129 ) ) ;
#268 = ORIENTED_EDGE ( 'NONE', *, *, #910, .F. ) ;
#269 = PLANE ( 'NONE',  #355 ) ;
#270 = CARTESIAN_POINT ( 'NONE',  ( 61.65649217759047218, 103.1508970762892403, 17.57192729364985695 ) ) ;
#271 = DIRECTION ( 'NONE',  ( 0.000000000000000000, 0.000000000000000000, -1.000000000000000000 ) ) ;
#272 = CARTESIAN_POINT ( 'NONE',  ( -56.44219561247516737, 110.3859011611619962, -7.276351546881987709 ) ) ;
#273 = EDGE_CURVE ( 'NONE', #494, #537, #1074, .T. ) ;
#274 = CARTESIAN_POINT ( 'NONE',  ( -85.77648810908318922, 22.00000000000000355, -25.30856952949093142 ) ) ;
#275 = CARTESIAN_POINT ( 'NONE',  ( 62.66212890796330015, 98.98027054432242267, -17.03287066993276966 ) ) ;
#276 = LINE ( 'NONE', #1485, #658 ) ;
#277 = DIRECTION ( 'NONE',  ( 0.2875781725583363979, -0.9577571689462874849, 0.000000000000000000 ) ) ;
#278 = ORIENTED_EDGE ( 'NONE', *, *, #957, .F. ) ;
#279 = CARTESIAN_POINT ( 'NONE',  ( -135.0524077896253345, 20.99999980264368915, -25.00000000000002132 ) ) ;
#280 = CARTESIAN_POINT ( 'NONE',  ( 60.31160534884556768, 105.5377698378241433, 16.01821418088753290 ) ) ;
#281 = FACE_OUTER_BOUND ( 'NONE', #685, .T. ) ;
#282 = VECTOR ( 'NONE', #2054, 1000.000000000000000 ) ;
#283 = CARTESIAN_POINT ( 'NONE',  ( -65.15304684046294881, 95.64191990698456891, 19.27035045272188540 ) ) ;
#284 = AXIS2_PLACEMENT_3D ( 'NONE', #2067, #2040, #2055 ) ;
#285 = CARTESIAN_POINT ( 'NONE',  ( -17.67183483030835589, 135.1435341435393980, 19.09871327028842103 ) ) ;
#286 = CALENDAR_DATE ( 2026, 27, 7 ) ;
#287 = CARTESIAN_POINT ( 'NONE',  ( -55.80522426718238194, 112.2588903860449676, -7.614716361011664603 ) ) ;
#288 = CARTESIAN_POINT ( 'NONE',  ( 67.12201098940448674, 89.86733808751566244, 20.54150613646947576 ) ) ;
#289 = ORIENTED_EDGE ( 'NONE', *, *, #180, .F. ) ;
#290 = EDGE_CURVE ( 'NONE', #23, #1272, #1527, .T. ) ;
#291 = LINE ( 'NONE', #465, #1669 ) ;
#292 = CARTESIAN_POINT ( 'NONE',  ( 55.80522426718237483, 112.2588903860449960, 7.614716361011676149 ) ) ;
#293 = DIRECTION ( 'NONE',  ( -0.000000000000000000, -1.000000000000000000, 0.000000000000000000 ) ) ;
#294 = CARTESIAN_POINT ( 'NONE',  ( 97.50000000000000000, 0.000000000000000000, -8.499999999999998224 ) ) ;
#295 = CARTESIAN_POINT ( 'NONE',  ( -38.78499878763826558, 128.3921401736383814, 17.36978338753170803 ) ) ;
#296 = APPROVAL_STATUS ( 'not_yet_approved' ) ;
#297 = CARTESIAN_POINT ( 'NONE',  ( -56.15732767562091965, 111.7899452461388563, -8.646960662120784846 ) ) ;
#298 = CARTESIAN_POINT ( 'NONE',  ( 66.68381038603064326, 91.34821030670680386, 20.28771367046300966 ) ) ;
#299 = ORIENTED_EDGE ( 'NONE', *, *, #260, .F. ) ;
#300 = PLANE ( 'NONE',  #1598 ) ;
#301 = CARTESIAN_POINT ( 'NONE',  ( -119.9999999999999716, 22.00000000000000000, 34.99999999999999289 ) ) ;
#302 = CARTESIAN_POINT ( 'NONE',  ( -60.36408567395254465, 103.8219187504031993, 14.55611039237047777 ) ) ;
#303 = LINE ( 'NONE', #124, #889 ) ;
#304 = CARTESIAN_POINT ( 'NONE',  ( -54.91268095880207767, 113.4125640422161325, 3.859754595029082580 ) ) ;
#305 = CARTESIAN_POINT ( 'NONE',  ( 67.88218524730146441, 76.90368958810455524, -24.25430691949091866 ) ) ;
#306 = B_SPLINE_CURVE_WITH_KNOTS ( 'NONE', 3,
 ( #2140, #322, #853, #668, #514, #526, #1747, #1200, #1035, #1046 ),
 .UNSPECIFIED., .F., .F.,
 ( 4, 2, 2, 2, 4 ),
 ( 0.000000000000000000, 0.01751450703123338601, 0.03502901406246677202, 0.05254352109370015456, 0.07005802812493354403 ),
 .UNSPECIFIED. ) ;
#307 = CARTESIAN_POINT ( 'NONE',  ( -85.00000000000000000, 0.000000000000000000, -8.499999999999989342 ) ) ;
#308 = EDGE_CURVE ( 'NONE', #168, #1272, #736, .T. ) ;
#309 = LINE ( 'NONE', #1233, #1374 ) ;
#310 = APPROVAL_PERSON_ORGANIZATION ( #1050, #2250, #2277 ) ;
#311 = ADVANCED_FACE ( 'NONE', ( #96 ), #1687, .F. ) ;
#312 = CARTESIAN_POINT ( 'NONE',  ( -65.62538822843035291, 90.81717165626533017, 19.40450915386134056 ) ) ;
#313 = LINE ( 'NONE', #1038, #500 ) ;
#314 = CIRCLE ( 'NONE', #2242, 2.999999999999995115 ) ;
#315 = AXIS2_PLACEMENT_3D ( 'NONE', #1520, #76, #271 ) ;
#316 = DIRECTION ( 'NONE',  ( 0.000000000000000000, 1.000000000000000000, -0.000000000000000000 ) ) ;
#317 = CARTESIAN_POINT ( 'NONE',  ( -59.61486055505304904, 106.6945582290021690, 15.10779228905558824 ) ) ;
#318 = VERTEX_POINT ( 'NONE', #801 ) ;
#319 = CARTESIAN_POINT ( 'NONE',  ( 66.58913358123196247, 91.64204565070254205, 21.73246701538075243 ) ) ;
#320 = DIRECTION ( 'NONE',  ( 0.000000000000000000, -1.000000000000000000, 0.000000000000000000 ) ) ;
#321 = VERTEX_POINT ( 'NONE', #2195 ) ;
#322 = CARTESIAN_POINT ( 'NONE',  ( -67.54361515175403952, 83.80024812574907855, -20.62295238029238575 ) ) ;
#323 = CARTESIAN_POINT ( 'NONE',  ( 108.0000000000000142, 22.00000000000000000, -23.00000000000001066 ) ) ;
#324 = CARTESIAN_POINT ( 'NONE',  ( -37.12278455385620646, 126.3071391833816506, -20.34058759374899594 ) ) ;
#325 = EDGE_CURVE ( 'NONE', #525, #904, #25, .T. ) ;
#326 = APPROVAL_ROLE ( '' ) ;
#327 = ORIENTED_EDGE ( 'NONE', *, *, #1887, .T. ) ;
#328 = CARTESIAN_POINT ( 'NONE',  ( 87.50000000000001421, 22.00000000000000355, -27.79717015310639994 ) ) ;
#329 = CARTESIAN_POINT ( 'NONE',  ( -55.38933836037937652, 112.8034342196442594, -6.187253061958131184 ) ) ;
#330 = VERTEX_POINT ( 'NONE', #265 ) ;
#331 = CARTESIAN_POINT ( 'NONE',  ( 58.71058739014418393, 108.1203293570310251, 13.78331244267925904 ) ) ;
#332 = CYLINDRICAL_SURFACE ( 'NONE', #389, 2.999999999999995115 ) ;
#333 = CARTESIAN_POINT ( 'NONE',  ( 87.50000000000000000, 22.00000000000000000, 35.00000000000000000 ) ) ;
#334 = ORIENTED_EDGE ( 'NONE', *, *, #546, .F. ) ;
#335 = LINE ( 'NONE', #301, #1220 ) ;
#336 = CARTESIAN_POINT ( 'NONE',  ( -73.66268436680871901, 61.41523414251280144, 23.25415419485085167 ) ) ;
#337 = CARTESIAN_POINT ( 'NONE',  ( -84.43638059940755625, 22.00000000000000711, 24.99364585592260468 ) ) ;
#338 = EDGE_CURVE ( 'NONE', #154, #2158, #2049, .T. ) ;
#339 = CARTESIAN_POINT ( 'NONE',  ( -64.25694296686329210, 94.98258092396380903, -18.41336791756469538 ) ) ;
#340 = CARTESIAN_POINT ( 'NONE',  ( 87.39886163694326626, 21.99999999999999645, -27.21545318289551929 ) ) ;
#341 = CARTESIAN_POINT ( 'NONE',  ( -79.08687462216673225, 50.01927236703880908, 24.74752415475450817 ) ) ;
#342 = ORIENTED_EDGE ( 'NONE', *, *, #1568, .F. ) ;
#343 = CARTESIAN_POINT ( 'NONE',  ( 57.57060629010354091, 108.6678431252057635, 10.11933819953043567 ) ) ;
#344 = EDGE_CURVE ( 'NONE', #1105, #1960, #2309, .T. ) ;
#345 = CARTESIAN_POINT ( 'NONE',  ( 72.23816762213094478, 66.62659195477495189, -22.76814083741745875 ) ) ;
#346 = ORIENTED_EDGE ( 'NONE', *, *, #1198, .T. ) ;
#347 = CARTESIAN_POINT ( 'NONE',  ( 75.57473973371550358, 61.71616972865835038, 26.09500142723149452 ) ) ;
#348 = CARTESIAN_POINT ( 'NONE',  ( -86.85373808032798593, 22.00000000000000000, -26.16082166134443199 ) ) ;
#349 = AXIS2_PLACEMENT_3D ( 'NONE', #2260, #417, #1676 ) ;
#350 = CARTESIAN_POINT ( 'NONE',  ( -59.51790749271413006, 105.3730219621858453, -13.39703455053578551 ) ) ;
#351 = CARTESIAN_POINT ( 'NONE',  ( 87.33786675463899485, 22.00000000000000000, -27.02398099507232132 ) ) ;
#352 = CARTESIAN_POINT ( 'NONE',  ( -84.78397068884227394, 20.72833120778212646, 24.99840184977976776 ) ) ;
#353 = VERTEX_POINT ( 'NONE', #82 ) ;
#354 = CARTESIAN_POINT ( 'NONE',  ( 58.22388731228999603, 108.8595528794704279, 12.99633461633537301 ) ) ;
#355 = AXIS2_PLACEMENT_3D ( 'NONE', #994, #1703, #86 ) ;
#356 = CARTESIAN_POINT ( 'NONE',  ( 84.78397068884227394, 20.72833120778211935, -24.99840184977976776 ) ) ;
#357 = CARTESIAN_POINT ( 'NONE',  ( 7.461370813881041286, 139.7011198661321032, 15.84852594673209047 ) ) ;
#358 = EDGE_CURVE ( 'NONE', #330, #678, #227, .T. ) ;
#359 = EDGE_LOOP ( 'NONE', ( #1110, #613, #1237, #1493 ) ) ;
#360 = CARTESIAN_POINT ( 'NONE',  ( 57.35518045455744129, 108.9933853320562207, -9.598913573698554913 ) ) ;
#361 = CARTESIAN_POINT ( 'NONE',  ( -52.80994740147416167, 111.8042345490666492, -22.37883791666480349 ) ) ;
#362 = CYLINDRICAL_SURFACE ( 'NONE', #1152, 8.500000000000000000 ) ;
#363 = CARTESIAN_POINT ( 'NONE',  ( -107.9999999999999716, 22.00000000000000000, 34.99999999999999289 ) ) ;
#364 = DIRECTION ( 'NONE',  ( 0.000000000000000000, 0.000000000000000000, 1.000000000000000000 ) ) ;
#365 = EDGE_LOOP ( 'NONE', ( #406, #53, #2178, #583 ) ) ;
#366 = CARTESIAN_POINT ( 'NONE',  ( 56.42980167571135297, 111.4227624377697623, -9.380039316427396301 ) ) ;
#367 = CARTESIAN_POINT ( 'NONE',  ( 76.93270487258384094, 49.45220336515934889, -24.14211369147844266 ) ) ;
#368 = CARTESIAN_POINT ( 'NONE',  ( 35.05240778962534165, 20.99999980264368915, 25.00000000000001066 ) ) ;
#369 = ORIENTED_EDGE ( 'NONE', *, *, #1109, .T. ) ;
#370 = CARTESIAN_POINT ( 'NONE',  ( 83.21323681888355850, 26.47490864664951715, 24.98404593879281066 ) ) ;
#371 =( BOUNDED_SURFACE ( )  B_SPLINE_SURFACE ( 3, 1, ( 
 ( #1279, #1994 ),
 ( #167, #379 ),
 ( #1816, #1473 ),
 ( #177, #1641 ),
 ( #22, #188 ),
 ( #368, #751 ),
 ( #1806, #2186 ) ),
 .UNSPECIFIED., .T., .F., .F. ) 
 B_SPLINE_SURFACE_WITH_KNOTS ( ( 4, 3, 4 ),
 ( 2, 2 ),
 ( 0.000000000000000000, 0.5000000000000000000, 1.000000000000000000 ),
 ( 0.000000000000000000, 1.000000000000000000 ),
 .UNSPECIFIED. ) 
 GEOMETRIC_REPRESENTATION_ITEM ( )  RATIONAL_B_SPLINE_SURFACE ( (
 ( 1.000000000000000000, 1.000000000000000000),
 ( 0.3333333333333333703, 0.3333333333333333703),
 ( 0.3333333333333333703, 0.3333333333333333703),
 ( 1.000000000000000000, 1.000000000000000000),
 ( 0.3333333333333333703, 0.3333333333333333703),
 ( 0.3333333333333333703, 0.3333333333333333703),
 ( 1.000000000000000000, 1.000000000000000000) ) ) 
 REPRESENTATION_ITEM ( '' )  SURFACE ( )  );
#372 = CARTESIAN_POINT ( 'NONE',  ( -52.78817222950382160, 116.1229556477407812, -19.02020533187016227 ) ) ;
#373 = EDGE_LOOP ( 'NONE', ( #2135, #561, #2337, #1796 ) ) ;
#374 = CARTESIAN_POINT ( 'NONE',  ( -61.56668882924562070, 103.3175103122871690, -17.47543790061939006 ) ) ;
#375 = CARTESIAN_POINT ( 'NONE',  ( 84.63596503453923958, 21.99999999999585754, 24.99814658624200803 ) ) ;
#376 = APPLICATION_CONTEXT ( 'configuration controlled 3d designs of mechanical parts and assemblies' ) ;
#377 = CARTESIAN_POINT ( 'NONE',  ( 58.61578157814492585, 108.2762957791032647, -12.15834333253324928 ) ) ;
#378 = CARTESIAN_POINT ( 'NONE',  ( 68.84085017340815682, 84.14287528993600063, -21.53885433030931651 ) ) ;
#379 = CARTESIAN_POINT ( 'NONE',  ( 128.2779764760505827, 150.2638496785980067, 25.00000000000001066 ) ) ;
#380 = ORIENTED_EDGE ( 'NONE', *, *, #290, .T. ) ;
#381 = CARTESIAN_POINT ( 'NONE',  ( 55.82103191630210404, 111.2902454812878261, 4.989499206435010770 ) ) ;
#382 = ORIENTED_EDGE ( 'NONE', *, *, #224, .T. ) ;
#383 = EDGE_CURVE ( 'NONE', #353, #993, #276, .T. ) ;
#384 = CARTESIAN_POINT ( 'NONE',  ( 7.141597779004293045, 137.1314483176203396, -18.81933015294636746 ) ) ;
#385 = VERTEX_POINT ( 'NONE', #1339 ) ;
#386 = ADVANCED_FACE ( 'NONE', ( #1236 ), #1099, .F. ) ;
#387 = CARTESIAN_POINT ( 'NONE',  ( -119.9999999999999716, 22.00000000000000000, 34.99999999999999289 ) ) ;
#388 = CARTESIAN_POINT ( 'NONE',  ( -63.14283543928117837, 93.10525193686929413, 25.00680854106853701 ) ) ;
#389 = AXIS2_PLACEMENT_3D ( 'NONE', #1948, #2302, #840 ) ;
#390 = CARTESIAN_POINT ( 'NONE',  ( 55.23164862173793210, 113.0162579192062111, 0.7771126857436511104 ) ) ;
#391 = VECTOR ( 'NONE', #843, 1000.000000000000000 ) ;
#392 = DIRECTION ( 'NONE',  ( 0.000000000000000000, 1.000000000000000000, -0.000000000000000000 ) ) ;
#393 = CARTESIAN_POINT ( 'NONE',  ( -35.00000000000001421, 140.0000000000000000, 18.41618150511778040 ) ) ;
#394 = CIRCLE ( 'NONE', #1821, 8.499999999999989342 ) ;
#395 = ORIENTED_EDGE ( 'NONE', *, *, #415, .T. ) ;
#396 = AXIS2_PLACEMENT_3D ( 'NONE', #1459, #1415, #877 ) ;
#397 = CARTESIAN_POINT ( 'NONE',  ( 70.44350471394392343, 78.80535658180016867, 24.00867065126933753 ) ) ;
#398 = PRODUCT_RELATED_PRODUCT_CATEGORY ( 'detail', '', ( #2167 ) ) ;
#399 = CARTESIAN_POINT ( 'NONE',  ( 52.80994740148662459, 111.8042345490911345, -22.37883791666136801 ) ) ;
#400 = VERTEX_POINT ( 'NONE', #566 ) ;
#401 = CARTESIAN_POINT ( 'NONE',  ( -55.45306398034616535, 111.8123012385580637, 2.845630896246551522 ) ) ;
#402 = CARTESIAN_POINT ( 'NONE',  ( -57.73876240475659216, 109.5870605041634462, 10.57101154877894622 ) ) ;
#403 = EDGE_CURVE ( 'NONE', #1985, #993, #158, .T. ) ;
#404 = CARTESIAN_POINT ( 'NONE',  ( 75.52202236865596774, 61.89174089202089846, -26.07737669434859029 ) ) ;
#405 = CARTESIAN_POINT ( 'NONE',  ( 35.00000000000000000, 70.00000000000000000, 28.25403993428519556 ) ) ;
#406 = ORIENTED_EDGE ( 'NONE', *, *, #418, .F. ) ;
#407 = CARTESIAN_POINT ( 'NONE',  ( 59.44103017011694590, 105.5104046765698911, 13.28771375607155392 ) ) ;
#408 = CARTESIAN_POINT ( 'NONE',  ( -87.18006508883804884, 22.00000000000000000, 26.66115857028782798 ) ) ;
#409 = CARTESIAN_POINT ( 'NONE',  ( 65.84616139408331037, 94.04544315670027288, -24.87467328226221852 ) ) ;
#410 = VERTEX_POINT ( 'NONE', #249 ) ;
#411 = CARTESIAN_POINT ( 'NONE',  ( -55.28119572704301987, 112.0525706856164163, -0.7473099753720484628 ) ) ;
#412 = CARTESIAN_POINT ( 'NONE',  ( -58.06378416144595889, 109.0982655902776344, -12.72336736152413650 ) ) ;
#413 = CARTESIAN_POINT ( 'NONE',  ( 120.0000000000000284, 22.00000000000000000, 34.99999999999999289 ) ) ;
#414 = CARTESIAN_POINT ( 'NONE',  ( 66.02241630454454935, 89.36483271959872354, -19.65669838347739073 ) ) ;
#415 = EDGE_CURVE ( 'NONE', #1383, #1055, #1970, .T. ) ;
#416 = CARTESIAN_POINT ( 'NONE',  ( 67.88218524730143599, 77.32120889098476368, 27.22511112571562819 ) ) ;
#417 = DIRECTION ( 'NONE',  ( 0.000000000000000000, -1.000000000000000000, 0.000000000000000000 ) ) ;
#418 = EDGE_CURVE ( 'NONE', #321, #1930, #487, .T. ) ;
#419 = ORIENTED_EDGE ( 'NONE', *, *, #2331, .F. ) ;
#420 = CARTESIAN_POINT ( 'NONE',  ( 108.0000000000000142, 22.00000000000000000, -35.00000000000000711 ) ) ;
#421 = CARTESIAN_POINT ( 'NONE',  ( 61.32014070707722198, 103.7684546931939167, 17.20580233238931456 ) ) ;
#422 = CARTESIAN_POINT ( 'NONE',  ( 37.12278455385610698, 126.3071391833817358, -20.34058759374898528 ) ) ;
#423 = VERTEX_POINT ( 'NONE', #851 ) ;
#424 = CARTESIAN_POINT ( 'NONE',  ( -61.99562958569015336, 100.4786700923776266, 16.37870656687473314 ) ) ;
#425 = CARTESIAN_POINT ( 'NONE',  ( -57.07716970867466699, 109.4320311671275334, -9.041459070161080191 ) ) ;
#426 = DIRECTION ( 'NONE',  ( -1.000000000000000000, 0.000000000000000000, 0.000000000000000000 ) ) ;
#427 = CARTESIAN_POINT ( 'NONE',  ( 65.62538822838050123, 90.81717165623723531, -19.40450915382094266 ) ) ;
#428 = CARTESIAN_POINT ( 'NONE',  ( 67.04300182624014326, 90.13047207908356029, 35.00000000000000000 ) ) ;
#429 = PLANE ( 'NONE',  #1824 ) ;
#430 = CARTESIAN_POINT ( 'NONE',  ( -84.99999999999933209, 22.00000000000000000, 0.000000000000000000 ) ) ;
#431 = CC_DESIGN_SECURITY_CLASSIFICATION ( #1111, ( #238 ) ) ;
#432 = ORIENTED_EDGE ( 'NONE', *, *, #1014, .T. ) ;
#433 = LINE ( 'NONE', #420, #1408 ) ;
#434 = EDGE_CURVE ( 'NONE', #828, #1488, #1517, .T. ) ;
#435 = VECTOR ( 'NONE', #58, 1000.000000000000114 ) ;
#436 = CARTESIAN_POINT ( 'NONE',  ( 58.16194117941337538, 108.9521297937960327, 12.89173486581854000 ) ) ;
#437 = CARTESIAN_POINT ( 'NONE',  ( 52.60391549066031303, 116.3333723210297563, -21.74230911369556196 ) ) ;
#438 = EDGE_LOOP ( 'NONE', ( #2099, #1615, #1506, #483 ) ) ;
#439 = CARTESIAN_POINT ( 'NONE',  ( -62.27263423535941200, 99.86720258747469359, 16.65628769613708116 ) ) ;
#440 = CARTESIAN_POINT ( 'NONE',  ( -57.06754344226520459, 109.4417451788174418, 8.951768222371184081 ) ) ;
#441 = PLANE ( 'NONE',  #93 ) ;
#442 = APPLICATION_PROTOCOL_DEFINITION ( 'international standard', 'config_control_design', 1994, #1722 ) ;
#443 = CARTESIAN_POINT ( 'NONE',  ( 67.04300182624014326, 90.13047207908356029, -22.01426644627216334 ) ) ;
#444 = CARTESIAN_POINT ( 'NONE',  ( 67.04300182624014326, 90.13047207908356029, 22.51665329702235852 ) ) ;
#445 = EDGE_LOOP ( 'NONE', ( #1682, #142, #2122, #878 ) ) ;
#446 = CARTESIAN_POINT ( 'NONE',  ( 61.46244190387507444, 101.6153461316129381, 15.81591036768645964 ) ) ;
#447 = CARTESIAN_POINT ( 'NONE',  ( 65.05038986426734482, 95.89845489451428762, 20.64868118726070989 ) ) ;
#448 = CARTESIAN_POINT ( 'NONE',  ( -70.44350471394049862, 78.80535658181160841, -24.00867065130049127 ) ) ;
#449 = CARTESIAN_POINT ( 'NONE',  ( -57.73868684970188525, 108.3885069932934755, 10.41745348281257399 ) ) ;
#450 = CARTESIAN_POINT ( 'NONE',  ( -55.23164862173258882, 113.0162579192221841, -0.7771126857441863489 ) ) ;
#451 = CARTESIAN_POINT ( 'NONE',  ( -84.83208319429050448, 22.00000000000000355, -25.02067539855331546 ) ) ;
#452 = CARTESIAN_POINT ( 'NONE',  ( 65.00368484433056437, 96.01736193886179649, -20.61356934467302437 ) ) ;
#453 = DIRECTION ( 'NONE',  ( 1.156482317317871331E-15, 0.000000000000000000, -1.000000000000000000 ) ) ;
#454 = CARTESIAN_POINT ( 'NONE',  ( 73.81886406489417141, 67.56397971587445284, -25.48317402536004295 ) ) ;
#455 = DIRECTION ( 'NONE',  ( 0.000000000000000000, -1.000000000000000000, 0.000000000000000000 ) ) ;
#456 = ORIENTED_EDGE ( 'NONE', *, *, #957, .T. ) ;
#457 = CARTESIAN_POINT ( 'NONE',  ( 108.0000000000000142, 22.00000000000000000, -35.00000000000000711 ) ) ;
#458 = CARTESIAN_POINT ( 'NONE',  ( 57.37116459136129976, 110.1226438450285627, 11.50848984132393582 ) ) ;
#459 = CARTESIAN_POINT ( 'NONE',  ( -97.50000000000000000, 0.000000000000000000, -8.499999999999998224 ) ) ;
#460 = CARTESIAN_POINT ( 'NONE',  ( -63.39143381590487536, 99.70351203765119408, 17.85787030772015171 ) ) ;
#461 = CARTESIAN_POINT ( 'NONE',  ( -38.61755002147727822, 128.5018361326702347, 20.03214305258950745 ) ) ;
#462 = EDGE_CURVE ( 'NONE', #804, #1960, #1208, .T. ) ;
#463 = CARTESIAN_POINT ( 'NONE',  ( -61.65649217759049350, 103.1508970762892403, -17.57192729364985695 ) ) ;
#464 = DIRECTION ( 'NONE',  ( 0.000000000000000000, -0.000000000000000000, -1.000000000000000000 ) ) ;
#465 = CARTESIAN_POINT ( 'NONE',  ( 87.50000000000000000, 22.00000000000000000, 35.00000000000000000 ) ) ;
#466 = CARTESIAN_POINT ( 'NONE',  ( 54.91268095880209898, 113.4125640422162036, -3.859754595029082136 ) ) ;
#467 = DIRECTION ( 'NONE',  ( -0.000000000000000000, 1.000000000000000000, -0.000000000000000000 ) ) ;
#468 = AXIS2_PLACEMENT_3D ( 'NONE', #1674, #70, #1176 ) ;
#469 = LINE ( 'NONE', #294, #504 ) ;
#470 = CARTESIAN_POINT ( 'NONE',  ( -45.54731199473856407, 119.6840709730825694, 21.27139912831530566 ) ) ;
#471 = DATE_TIME_ROLE ( 'classification_date' ) ;
#472 =( BOUNDED_SURFACE ( )  B_SPLINE_SURFACE ( 3, 2, ( 
 ( #1409, #2128, #1950 ),
 ( #1060, #1597, #1961 ),
 ( #397, #729, #1106 ),
 ( #2006, #899, #1443 ),
 ( #347, #1465, #552 ),
 ( #1795, #203, #1784 ),
 ( #1072, #1643, #215 ),
 ( #1654, #719, #35 ),
 ( #1305, #765, #370 ),
 ( #920, #2168, #744 ) ),
 .UNSPECIFIED., .F., .F., .F. ) 
 B_SPLINE_SURFACE_WITH_KNOTS ( ( 4, 2, 2, 2, 4 ),
 ( 3, 3 ),
 ( 0.000000000000000000, 0.01796448298188372400, 0.03592896596376744800, 0.05389344894565117200, 0.07185793192753489600 ),
 ( 0.000000000000000000, 1.000000000000000000 ),
 .UNSPECIFIED. ) 
 GEOMETRIC_REPRESENTATION_ITEM ( )  RATIONAL_B_SPLINE_SURFACE ( (
 ( 1.000000000000000000, 0.8946457150024845761, 1.000000000000000000),
 ( 1.000000000000000000, 0.8810696950905885227, 1.000000000000000000),
 ( 1.000000000000000000, 0.8671266696087640558, 1.000000000000000000),
 ( 1.000000000000000000, 0.8384251168518268571, 1.000000000000000000),
 ( 1.000000000000000000, 0.8236672785775296379, 1.000000000000000000),
 ( 1.000000000000000000, 0.7932152712168014652, 1.000000000000000000),
 ( 1.000000000000000000, 0.7775151690672656990, 1.000000000000000000),
 ( 1.000000000000000000, 0.7450898175725719774, 1.000000000000000000),
 ( 1.000000000000000000, 0.7283551534213310585, 1.000000000000000000),
 ( 1.000000000000000000, 0.7109851462120454491, 1.000000000000000000) ) ) 
 REPRESENTATION_ITEM ( '' )  SURFACE ( )  );
#473 = EDGE_CURVE ( 'NONE', #672, #2312, #1034, .T. ) ;
#474 = CARTESIAN_POINT ( 'NONE',  ( -58.16194117941334696, 108.9521297937960185, -12.89173486581854355 ) ) ;
#475 = ORIENTED_EDGE ( 'NONE', *, *, #1857, .F. ) ;
#476 = CARTESIAN_POINT ( 'NONE',  ( 66.02241630454454935, 89.36483271959869512, -19.65669838347740850 ) ) ;
#477 = CARTESIAN_POINT ( 'NONE',  ( 84.73730042185135858, 21.18653341047409455, -35.11432527349447241 ) ) ;
#478 = CARTESIAN_POINT ( 'NONE',  ( -79.01061336327033757, 50.27325467351081301, -27.03889565255954963 ) ) ;
#479 = CARTESIAN_POINT ( 'NONE',  ( -66.02241630454447829, 89.36483271959872354, 19.65669838347740139 ) ) ;
#480 = CARTESIAN_POINT ( 'NONE',  ( -42.85298156794649316, 122.0447670908248767, 20.93962492544910603 ) ) ;
#481 = CARTESIAN_POINT ( 'NONE',  ( 0.000000000000000000, 0.000000000000000000, 0.000000000000000000 ) ) ;
#482 = FACE_BOUND ( 'NONE', #1226, .T. ) ;
#483 = ORIENTED_EDGE ( 'NONE', *, *, #650, .F. ) ;
#484 = EDGE_CURVE ( 'NONE', #678, #1960, #2007, .T. ) ;
#485 = DIRECTION ( 'NONE',  ( 1.804112415015879773E-15, 0.000000000000000000, -1.000000000000000000 ) ) ;
#486 = EDGE_CURVE ( 'NONE', #1083, #1532, #112, .T. ) ;
#487 =( BOUNDED_CURVE ( )  B_SPLINE_CURVE ( 3, ( #2011, #1479, #2204, #806 ),
 .UNSPECIFIED., .F., .F. ) 
 B_SPLINE_CURVE_WITH_KNOTS ( ( 4, 4 ),
 ( 5.865096972166941036, 7.395859460014643005 ),
 .UNSPECIFIED. ) 
 CURVE ( )  GEOMETRIC_REPRESENTATION_ITEM ( )  RATIONAL_B_SPLINE_CURVE ( ( 1.000000000000000000, 0.8140788529966020981, 0.8140788529966020981, 1.000000000000000000 ) ) 
 REPRESENTATION_ITEM ( '' )  );
#488 = CARTESIAN_POINT ( 'NONE',  ( -64.16973031940128180, 89.26773756140855198, -22.51665329702236207 ) ) ;
#489 = CARTESIAN_POINT ( 'NONE',  ( -64.59161411328658176, 97.02369929504948232, 18.85588905234835622 ) ) ;
#490 = CARTESIAN_POINT ( 'NONE',  ( -107.9999999999999716, 22.00000000000000000, 34.99999999999999289 ) ) ;
#491 = CALENDAR_DATE ( 2026, 27, 7 ) ;
#492 = ORIENTED_EDGE ( 'NONE', *, *, #1310, .T. ) ;
#493 = CARTESIAN_POINT ( 'NONE',  ( -59.27976820363293342, 107.2328938378104937, 14.64117401222394577 ) ) ;
#494 = VERTEX_POINT ( 'NONE', #508 ) ;
#495 = CARTESIAN_POINT ( 'NONE',  ( -35.00000000000000000, 70.00000000000000000, -28.25403993428518490 ) ) ;
#496 = DIRECTION ( 'NONE',  ( -1.000000000000000000, 0.000000000000000000, 0.000000000000000000 ) ) ;
#497 = ADVANCED_FACE ( 'NONE', ( #2335 ), #914, .T. ) ;
#498 = ORIENTED_EDGE ( 'NONE', *, *, #2027, .T. ) ;
#499 = CARTESIAN_POINT ( 'NONE',  ( -35.00000000000000000, 70.00000000000000000, -28.25403993428518490 ) ) ;
#500 = VECTOR ( 'NONE', #1750, 1000.000000000000000 ) ;
#501 = AXIS2_PLACEMENT_3D ( 'NONE', #800, #2232, #1839 ) ;
#502 = CARTESIAN_POINT ( 'NONE',  ( -63.49339981406253486, 99.48139861344530743, 19.36160440168032437 ) ) ;
#503 = DIRECTION ( 'NONE',  ( -0.2850078432617642599, -0.9491968832735449002, -0.1334009222721726229 ) ) ;
#504 = VECTOR ( 'NONE', #1732, 1000.000000000000000 ) ;
#505 = DATE_TIME_ROLE ( 'creation_date' ) ;
#506 = CIRCLE ( 'NONE', #1905, 2.999999999999995115 ) ;
#507 = FACE_OUTER_BOUND ( 'NONE', #1542, .T. ) ;
#508 = CARTESIAN_POINT ( 'NONE',  ( -119.9999999999999716, 22.00000000000000000, 22.99999999999999645 ) ) ;
#509 = CARTESIAN_POINT ( 'NONE',  ( -58.64844863050824131, 108.2157943767947188, -13.68637944632982695 ) ) ;
#510 = ORIENTED_EDGE ( 'NONE', *, *, #1925, .T. ) ;
#511 = CARTESIAN_POINT ( 'NONE',  ( 61.27050126080164461, 102.0123761993264822, 15.60447036645133601 ) ) ;
#512 = B_SPLINE_CURVE_WITH_KNOTS ( 'NONE', 3,
 ( #1706, #832, #1058, #704, #1420, #2264, #996, #1364, #1768, #2138 ),
 .UNSPECIFIED., .F., .F.,
 ( 4, 2, 2, 2, 4 ),
 ( 1.430489624538199204E-17, 0.01751450703123347274, 0.03502901406246693161, 0.05254352109370039048, 0.07005802812493384935 ),
 .UNSPECIFIED. ) ;
#513 = ORIENTED_EDGE ( 'NONE', *, *, #1466, .F. ) ;
#514 = CARTESIAN_POINT ( 'NONE',  ( -73.66228375967999398, 61.41669970088737784, -23.25402161058363149 ) ) ;
#515 = EDGE_CURVE ( 'NONE', #2043, #1848, #1575, .T. ) ;
#516 = CARTESIAN_POINT ( 'NONE',  ( -81.35452216304724971, 33.27506398249138897, 24.84483448224589353 ) ) ;
#517 = CARTESIAN_POINT ( 'NONE',  ( -28.99386532217590329, 133.8222056865368188, -16.63934370240682981 ) ) ;
#518 = ORIENTED_EDGE ( 'NONE', *, *, #2303, .F. ) ;
#519 = CARTESIAN_POINT ( 'NONE',  ( -87.47938873952628569, 22.00000000000000355, 27.60101141742463682 ) ) ;
#520 = CARTESIAN_POINT ( 'NONE',  ( -67.04300182624014326, 90.13047207908356029, -22.51665329702236207 ) ) ;
#521 = VERTEX_POINT ( 'NONE', #1227 ) ;
#522 = CARTESIAN_POINT ( 'NONE',  ( 57.07716970867213035, 109.4320311671069845, 9.041459070149997501 ) ) ;
#523 = CARTESIAN_POINT ( 'NONE',  ( -64.28030224809147342, 89.31700548955767260, -25.53921185883208267 ) ) ;
#524 = CARTESIAN_POINT ( 'NONE',  ( -67.04300182624014326, 90.13047207908354608, -22.01426644627217044 ) ) ;
#525 = VERTEX_POINT ( 'NONE', #722 ) ;
#526 = CARTESIAN_POINT ( 'NONE',  ( -76.73461358732811277, 50.17690688272367083, -24.09631967757670523 ) ) ;
#527 = CC_DESIGN_PERSON_AND_ORGANIZATION_ASSIGNMENT ( #1578, #1734, ( #2167 ) ) ;
#528 = CARTESIAN_POINT ( 'NONE',  ( -17.67183483031921298, 135.1435341434754491, -19.09871327029739874 ) ) ;
#529 = CARTESIAN_POINT ( 'NONE',  ( -62.57060050207982727, 101.4161522156228017, -18.52377903742315723 ) ) ;
#530 = EDGE_CURVE ( 'NONE', #1848, #1977, #2105, .T. ) ;
#531 = CARTESIAN_POINT ( 'NONE',  ( 87.47938873952627148, 22.00000000000000000, -27.60101141742453024 ) ) ;
#532 = CARTESIAN_POINT ( 'NONE',  ( -42.56276022001752324, 171.6600495408108884, -11.54948563630666847 ) ) ;
#533 = ORIENTED_EDGE ( 'NONE', *, *, #2276, .F. ) ;
#534 = CARTESIAN_POINT ( 'NONE',  ( 56.44219561247652450, 110.3859011611723560, 7.276351546887553035 ) ) ;
#535 = CARTESIAN_POINT ( 'NONE',  ( 78.50314347341219445, 43.70681350527353004, -24.45266444040527176 ) ) ;
#536 = LINE ( 'NONE', #1082, #46 ) ;
#537 = VERTEX_POINT ( 'NONE', #363 ) ;
#538 = CARTESIAN_POINT ( 'NONE',  ( 57.23032234262975493, 109.1879871184006419, -9.318755720841796375 ) ) ;
#539 = CARTESIAN_POINT ( 'NONE',  ( -55.17457191201881983, 113.2398517497510397, -19.40803371043834602 ) ) ;
#540 = CARTESIAN_POINT ( 'NONE',  ( -61.52247456187901520, 103.4036323984172014, -16.03339450781406583 ) ) ;
#541 = CARTESIAN_POINT ( 'NONE',  ( -85.22166480872350292, 21.99999999999999289, 25.10145318929975389 ) ) ;
#542 = AXIS2_PLACEMENT_3D ( 'NONE', #235, #1699, #951 ) ;
#543 = CARTESIAN_POINT ( 'NONE',  ( -64.46929443569896989, 97.31135054795548456, 20.19825054854059232 ) ) ;
#544 = ORIENTED_EDGE ( 'NONE', *, *, #1530, .T. ) ;
#545 = CARTESIAN_POINT ( 'NONE',  ( 56.83553470556282861, 109.7955087827687919, -8.376129176230097784 ) ) ;
#546 = EDGE_CURVE ( 'NONE', #65, #385, #1162, .T. ) ;
#547 = VECTOR ( 'NONE', #968, 1000.000000000000000 ) ;
#548 = LINE ( 'NONE', #1419, #2052 ) ;
#549 = CARTESIAN_POINT ( 'NONE',  ( 0.000000000000000000, 137.4175193028802084, 18.77912549789380847 ) ) ;
#550 =( BOUNDED_SURFACE ( )  B_SPLINE_SURFACE ( 3, 2, ( 
 ( #1786, #1812, #1064 ),
 ( #1953, #924, #1827 ),
 ( #937, #2144, #1647 ),
 ( #339, #29, #1978 ),
 ( #1623, #2334, #4 ),
 ( #1773, #159, #1448 ),
 ( #555, #758, #529 ),
 ( #1990, #1246, #374 ),
 ( #1100, #540, #193 ),
 ( #747, #1458, #208 ),
 ( #1470, #2000, #890 ),
 ( #350, #1434, #2192 ),
 ( #1601, #1963, #901 ),
 ( #1612, #721, #2155 ),
 ( #1164, #1685, #1495 ),
 ( #948, #1850, #92 ),
 ( #823, #78, #412 ),
 ( #1522, #797, #1149 ),
 ( #425, #232, #1125 ),
 ( #272, #1885, #2244 ),
 ( #2217, #2024, #250 ),
 ( #602, #615, #987 ),
 ( #262, #1322, #1137 ),
 ( #998, #1658, #67 ),
 ( #1538, #1708, #55 ),
 ( #1695, #631, #219 ),
 ( #2256, #450, #1309 ),
 ( #2036, #785, #978 ),
 ( #962, #1864, #1348 ),
 ( #2051, #1671, #2063 ),
 ( #1508, #40, #1296 ),
 ( #1335, #2230, #1875 ),
 ( #440, #2012, #809 ),
 ( #1173, #402, #769 ),
 ( #1837, #1480, #2205 ),
 ( #589, #1202, #1019 ),
 ( #123, #2074, #1358 ),
 ( #680, #1564, #1940 ),
 ( #1365, #1918, #1548 ),
 ( #302, #1397, #2266 ),
 ( #1009, #2114, #2095 ),
 ( #144, #661, #1183 ),
 ( #1739, #2084, #114 ),
 ( #1037, #460, #1898 ),
 ( #1759, #855, #502 ),
 ( #1927, #489, #1027 ),
 ( #1210, #283, #1192 ),
 ( #104, #873, #1749 ),
 ( #312, #864, #2283 ),
 ( #479, #669, #1909 ) ),
 .UNSPECIFIED., .F., .F., .F. ) 
 B_SPLINE_SURFACE_WITH_KNOTS ( ( 4, 2, 2, 2, 2, 2, 2, 2, 2, 2, 2, 2, 2, 2, 2, 2, 2, 2, 2, 2, 2, 2, 2, 2, 4 ),
 ( 3, 3 ),
 ( -1.387778780781445676E-17, 0.004547641092461331830, 0.009095282184922677537, 0.01364292327738402325, 0.01591674382361469436, 0.01819056436984536895, 0.02046438491607604354, 0.02160129518919137737, 0.02273820546230671466, 0.02728584655476806037, 0.02955966710099873149, 0.03183348764722940261, 0.03410730819346007719, 0.03638112873969075178, 0.04092876983215210096, 0.04547641092461344320, 0.04775023147084411779, 0.05002405201707478544, 0.05229787256330546003, 0.05457169310953613461, 0.05911933420199748379, 0.06139315474822815838, 0.06366697529445883297, 0.06821461638692016827, 0.07276225747938151744 ),
 ( 0.000000000000000000, 1.000000000000000000 ),
 .UNSPECIFIED. ) 
 GEOMETRIC_REPRESENTATION_ITEM ( )  RATIONAL_B_SPLINE_SURFACE ( (
 ( 1.000000000000000000, 0.8946457150024836880, 1.000000000000000000),
 ( 1.000000000000000000, 0.8971976399732009000, 1.000000000000000000),
 ( 1.000000000000000000, 0.8999990164087100508, 1.000000000000000000),
 ( 1.000000000000000000, 0.9059295368968033335, 1.000000000000000000),
 ( 1.000000000000000000, 0.9090587306971164017, 1.000000000000000000),
 ( 1.000000000000000000, 0.9154687716065158520, 1.000000000000000000),
 ( 1.000000000000000000, 0.9187496502064195214, 1.000000000000000000),
 ( 1.000000000000000000, 0.9236487188199372644, 1.000000000000000000),
 ( 1.000000000000000000, 0.9252716993652710942, 1.000000000000000000),
 ( 1.000000000000000000, 0.9284349389313942824, 1.000000000000000000),
 ( 1.000000000000000000, 0.9299808447329511729, 1.000000000000000000),
 ( 1.000000000000000000, 0.9329793504118699676, 1.000000000000000000),
 ( 1.000000000000000000, 0.9344319764457623689, 1.000000000000000000),
 ( 1.000000000000000000, 0.9365256563610415697, 1.000000000000000000),
 ( 1.000000000000000000, 0.9372093490536018701, 1.000000000000000000),
 ( 1.000000000000000000, 0.9385458346926779383, 1.000000000000000000),
 ( 1.000000000000000000, 0.9391988552193912820, 1.000000000000000000),
 ( 1.000000000000000000, 0.9423467277966093292, 1.000000000000000000),
 ( 1.000000000000000000, 0.9445192998944910157, 1.000000000000000000),
 ( 1.000000000000000000, 0.9472089993111917350, 1.000000000000000000),
 ( 1.000000000000000000, 0.9480149488528126778, 1.000000000000000000),
 ( 1.000000000000000000, 0.9493888408357529229, 1.000000000000000000),
 ( 1.000000000000000000, 0.9499617508253508369, 1.000000000000000000),
 ( 1.000000000000000000, 0.9508861945228519463, 1.000000000000000000),
 ( 1.000000000000000000, 0.9512378458225115851, 1.000000000000000000),
 ( 1.000000000000000000, 0.9517158438108012097, 1.000000000000000000),
 ( 1.000000000000000000, 0.9518407858865173266, 1.000000000000000000),
 ( 1.000000000000000000, 0.9518581125765681605, 1.000000000000000000),
 ( 1.000000000000000000, 0.9514127404683411227, 1.000000000000000000),
 ( 1.000000000000000000, 0.9495723445877620739, 1.000000000000000000),
 ( 1.000000000000000000, 0.9482156888383597160, 1.000000000000000000),
 ( 1.000000000000000000, 0.9455445449796738844, 1.000000000000000000),
 ( 1.000000000000000000, 0.9445433912254203035, 1.000000000000000000),
 ( 1.000000000000000000, 0.9423776592001590346, 1.000000000000000000),
 ( 1.000000000000000000, 0.9412083864974334357, 1.000000000000000000),
 ( 1.000000000000000000, 0.9387094301933498475, 1.000000000000000000),
 ( 1.000000000000000000, 0.9373796708112677178, 1.000000000000000000),
 ( 1.000000000000000000, 0.9345729528699479038, 1.000000000000000000),
 ( 1.000000000000000000, 0.9331147272751032506, 1.000000000000000000),
 ( 1.000000000000000000, 0.9286174435916104697, 1.000000000000000000),
 ( 1.000000000000000000, 0.9254509624241102905, 1.000000000000000000),
 ( 1.000000000000000000, 0.9205861550197108611, 1.000000000000000000),
 ( 1.000000000000000000, 0.9189455183176928887, 1.000000000000000000),
 ( 1.000000000000000000, 0.9156511515655130218, 1.000000000000000000),
 ( 1.000000000000000000, 0.9140064897337869532, 1.000000000000000000),
 ( 1.000000000000000000, 0.9091449075207065356, 1.000000000000000000),
 ( 1.000000000000000000, 0.9059879084489351753, 1.000000000000000000),
 ( 1.000000000000000000, 0.9000174221936775298, 1.000000000000000000),
 ( 1.000000000000000000, 0.8972038275219886838, 1.000000000000000000),
 ( 1.000000000000000000, 0.8946457150024860194, 1.000000000000000000) ) ) 
 REPRESENTATION_ITEM ( '' )  SURFACE ( )  );
#551 = ORIENTED_EDGE ( 'NONE', *, *, #1140, .T. ) ;
#552 = CARTESIAN_POINT ( 'NONE',  ( 73.80050646941541004, 60.91103336460610507, 23.29956175856059630 ) ) ;
#553 = B_SPLINE_CURVE_WITH_KNOTS ( 'NONE', 3,
 ( #443, #1351, #83, #454, #404, #32, #1153, #761, #1472, #59 ),
 .UNSPECIFIED., .F., .F.,
 ( 4, 2, 2, 2, 4 ),
 ( 0.000000000000000000, 0.01785401052659061488, 0.03570802105318122976, 0.05356203157977184465, 0.07141604210636245953 ),
 .UNSPECIFIED. ) ;
#554 = ORIENTED_EDGE ( 'NONE', *, *, #1729, .T. ) ;
#555 = CARTESIAN_POINT ( 'NONE',  ( -62.13888442724864802, 100.1876569636282710, -16.54045966320805761 ) ) ;
#556 = CARTESIAN_POINT ( 'NONE',  ( -75.52202236865596774, 61.89174089202085582, -26.07737669434860095 ) ) ;
#557 = CARTESIAN_POINT ( 'NONE',  ( -83.21323681886919132, 26.47490864664476362, 24.98404593879264013 ) ) ;
#558 = CARTESIAN_POINT ( 'NONE',  ( 55.26775468494421517, 112.9699562328579390, 1.510663723153775395 ) ) ;
#559 = FACE_OUTER_BOUND ( 'NONE', #2139, .T. ) ;
#560 = LINE ( 'NONE', #581, #732 ) ;
#561 = ORIENTED_EDGE ( 'NONE', *, *, #636, .T. ) ;
#562 = CARTESIAN_POINT ( 'NONE',  ( 55.27981240350922576, 112.0544962875701032, -0.7031016098487989918 ) ) ;
#563 = ADVANCED_FACE ( 'NONE', ( #2213, #75 ), #780, .F. ) ;
#564 = DIRECTION ( 'NONE',  ( 1.000000000000000000, 0.000000000000000000, -1.387778780781445922E-16 ) ) ;
#565 = ORIENTED_EDGE ( 'NONE', *, *, #473, .T. ) ;
#566 = CARTESIAN_POINT ( 'NONE',  ( -107.9999999999999716, 0.000000000000000000, 34.99999999999999289 ) ) ;
#567 = DIRECTION ( 'NONE',  ( 1.000000000000000000, 0.000000000000000000, 0.000000000000000000 ) ) ;
#568 = CARTESIAN_POINT ( 'NONE',  ( 42.56276022001755166, 171.6600495408108884, -11.54948563630666847 ) ) ;
#569 = CARTESIAN_POINT ( 'NONE',  ( 58.38309302444584148, 107.3332607154280538, 11.60520810017555071 ) ) ;
#570 = FACE_OUTER_BOUND ( 'NONE', #217, .T. ) ;
#571 = CARTESIAN_POINT ( 'NONE',  ( -97.50000000000000000, 0.000000000000000000, 8.499999999999989342 ) ) ;
#572 = VERTEX_POINT ( 'NONE', #995 ) ;
#573 = CARTESIAN_POINT ( 'NONE',  ( 65.22985964764758648, 92.10558073252065014, -19.13557958294974881 ) ) ;
#574 = EDGE_CURVE ( 'NONE', #1946, #1835, #246, .T. ) ;
#575 = CARTESIAN_POINT ( 'NONE',  ( 42.85298156795880686, 122.0447670907997235, -20.93962492545263743 ) ) ;
#576 = ORIENTED_EDGE ( 'NONE', *, *, #1394, .F. ) ;
#577 = CARTESIAN_POINT ( 'NONE',  ( -55.93349942866639424, 111.1309116700452080, 5.644569729973832217 ) ) ;
#578 = FACE_OUTER_BOUND ( 'NONE', #728, .T. ) ;
#579 = PLANE ( 'NONE',  #126 ) ;
#580 = DIRECTION ( 'NONE',  ( 0.000000000000000000, 0.000000000000000000, -1.000000000000000000 ) ) ;
#581 = CARTESIAN_POINT ( 'NONE',  ( 35.00000000000000000, 70.00000000000000000, 35.00000000000000000 ) ) ;
#582 = AXIS2_PLACEMENT_3D ( 'NONE', #1247, #1401, #958 ) ;
#583 = ORIENTED_EDGE ( 'NONE', *, *, #1140, .F. ) ;
#584 = AXIS2_PLACEMENT_3D ( 'NONE', #2196, #1868, #580 ) ;
#585 = CARTESIAN_POINT ( 'NONE',  ( 55.31687261397055266, 112.0030342255267328, 1.484023091870200206 ) ) ;
#586 = CARTESIAN_POINT ( 'NONE',  ( -7.461370813880716213, 139.7011198661321885, -15.84852594672529413 ) ) ;
#587 = ORIENTED_EDGE ( 'NONE', *, *, #180, .T. ) ;
#588 = CARTESIAN_POINT ( 'NONE',  ( -64.33265207592522472, 94.76950711027032526, 18.47181073377309346 ) ) ;
#589 = CARTESIAN_POINT ( 'NONE',  ( -58.35023088896111432, 107.3906762401130095, 11.55822662675456058 ) ) ;
#590 = CARTESIAN_POINT ( 'NONE',  ( -64.16973031940128180, 89.26773756140855198, 22.51665329702236207 ) ) ;
#591 = CARTESIAN_POINT ( 'NONE',  ( 62.93808909055857725, 98.33141670318538274, -17.28847334063767960 ) ) ;
#592 = DIRECTION ( 'NONE',  ( -0.000000000000000000, -0.000000000000000000, -1.000000000000000000 ) ) ;
#593 = CYLINDRICAL_SURFACE ( 'NONE', #1107, 35.00000000000000000 ) ;
#594 = CARTESIAN_POINT ( 'NONE',  ( 65.97012660856292143, 93.70360115899211451, 22.03600434835591670 ) ) ;
#595 = B_SPLINE_CURVE_WITH_KNOTS ( 'NONE', 3,
 ( #1285, #375, #1590, #1803, #185, #2134, #1625, #1813, #927, #1054, #748, #2311, #700, #2231, #2246, #1138, #2193, #2025 ),
 .UNSPECIFIED., .F., .F.,
 ( 4, 2, 2, 2, 2, 2, 2, 2, 4 ),
 ( 4.220764384040162172E-17, 0.0005905330015918097654, 0.001181066003183577464, 0.001771599004775345054, 0.002362132006367112427, 0.002952665007958879800, 0.003543198009550647606, 0.004133731011142415847, 0.004724264012734183220 ),
 .UNSPECIFIED. ) ;
#596 = ORIENTED_EDGE ( 'NONE', *, *, #574, .T. ) ;
#597 = CARTESIAN_POINT ( 'NONE',  ( 85.00000000000000000, 0.000000000000000000, -8.499999999999989342 ) ) ;
#598 = CARTESIAN_POINT ( 'NONE',  ( -97.50000000000000000, 22.00000000000000000, 8.499999999999989342 ) ) ;
#599 = CARTESIAN_POINT ( 'NONE',  ( 61.35492071943879466, 103.9041570980097333, -20.66384947279776796 ) ) ;
#600 = ORIENTED_EDGE ( 'NONE', *, *, #1025, .T. ) ;
#601 = CARTESIAN_POINT ( 'NONE',  ( -55.41194247188389710, 111.8699622845019803, 2.490869625532315723 ) ) ;
#602 = CARTESIAN_POINT ( 'NONE',  ( -55.90897118470201832, 111.1647775795011626, -5.401447721380367106 ) ) ;
#603 = LINE ( 'NONE', #1150, #2245 ) ;
#604 = CARTESIAN_POINT ( 'NONE',  ( 59.50761901267955523, 106.8682105141353418, -14.96044797463235021 ) ) ;
#605 = EDGE_CURVE ( 'NONE', #1977, #756, #1533, .T. ) ;
#606 = CARTESIAN_POINT ( 'NONE',  ( 0.000000000000000000, 140.0000000000000000, 15.80832129166909894 ) ) ;
#607 = CARTESIAN_POINT ( 'NONE',  ( -35.00000000000000000, 70.00000000000000000, 28.25403993428519556 ) ) ;
#608 = CARTESIAN_POINT ( 'NONE',  ( 0.000000000000000000, 137.4175193028802084, 18.77912549789380847 ) ) ;
#609 = VERTEX_POINT ( 'NONE', #598 ) ;
#610 = CARTESIAN_POINT ( 'NONE',  ( -135.0524077896253345, 20.99999980264368915, 25.00000000000001066 ) ) ;
#611 = CARTESIAN_POINT ( 'NONE',  ( 56.51169965239141391, 111.3095838778186248, -9.562825054293581317 ) ) ;
#612 = CARTESIAN_POINT ( 'NONE',  ( 66.93242989754990901, 90.49872345381467653, -25.37313222975258498 ) ) ;
#613 = ORIENTED_EDGE ( 'NONE', *, *, #290, .F. ) ;
#614 = CARTESIAN_POINT ( 'NONE',  ( -57.74809842002479598, 108.3862057690708269, -10.47953334771933243 ) ) ;
#615 = CARTESIAN_POINT ( 'NONE',  ( -55.92211570009139621, 112.1149853865954213, -5.690221697904479292 ) ) ;
#616 = CARTESIAN_POINT ( 'NONE',  ( -35.00000000000000000, 70.00000000000000000, 35.00000000000000000 ) ) ;
#617 = CARTESIAN_POINT ( 'NONE',  ( 61.19625870952025792, 104.0153102564559902, -17.08559664676153744 ) ) ;
#618 =( BOUNDED_SURFACE ( )  B_SPLINE_SURFACE ( 3, 2, ( 
 ( #2280, #288, #1186 ),
 ( #108, #298, #319 ),
 ( #129, #1013, #861 ),
 ( #838, #1571, #1216 ),
 ( #2123, #1727, #1056 ),
 ( #1382, #2300, #139 ),
 ( #1922, #2098, #2270 ),
 ( #511, #1031, #1417 ),
 ( #686, #2289, #150 ),
 ( #655, #1766, #675 ),
 ( #1391, #2109, #1934 ),
 ( #1043, #1755, #1023 ),
 ( #879, #1736, #869 ),
 ( #1947, #1230, #331 ),
 ( #1592, #2313, #1068 ),
 ( #569, #1265, #354 ),
 ( #2159, #1814, #1982 ),
 ( #343, #1616, #916 ),
 ( #522, #195, #20 ),
 ( #534, #1286, #1777 ),
 ( #928, #939, #1115 ),
 ( #1605, #1638, #749 ),
 ( #163, #1829, #2001 ),
 ( #2148, #1438, #2338 ),
 ( #1241, #186, #1649 ),
 ( #1091, #558, #1079 ),
 ( #894, #390, #2327 ),
 ( #1460, #2184, #714 ),
 ( #175, #1958, #210 ),
 ( #905, #31, #1428 ),
 ( #760, #2136, #738 ),
 ( #545, #1250, #366 ),
 ( #1626, #8, #1967 ),
 ( #1804, #1790, #1451 ),
 ( #725, #2174, #1276 ),
 ( #1992, #377, #1102 ),
 ( #1337, #2220, #57 ),
 ( #1350, #965, #1000 ),
 ( #1166, #1324, #604 ),
 ( #1673, #252, #1877 ),
 ( #264, #1698, #617 ),
 ( #787, #1483, #2038 ),
 ( #949, #80, #1312 ),
 ( #275, #1660, #1711 ),
 ( #591, #990, #811 ),
 ( #1525, #1888, #1175 ),
 ( #1299, #2207, #452 ),
 ( #2247, #42, #1497 ),
 ( #427, #2026, #772 ),
 ( #414, #1151, #2194 ) ),
 .UNSPECIFIED., .F., .F., .F. ) 
 B_SPLINE_SURFACE_WITH_KNOTS ( ( 4, 2, 2, 2, 2, 2, 2, 2, 2, 2, 2, 2, 2, 2, 2, 2, 2, 2, 2, 2, 2, 2, 2, 2, 4 ),
 ( 3, 3 ),
 ( -2.775557561562891351E-17, 0.004547641092461317952, 0.009095282184922663660, 0.01364292327738400937, 0.01591674382361468049, 0.01819056436984535507, 0.02046438491607602966, 0.02160129518919136349, 0.02273820546230670078, 0.02728584655476804649, 0.02955966710099871761, 0.03183348764722938873, 0.03410730819346006332, 0.03638112873969073791, 0.04092876983215208708, 0.04547641092461342932, 0.04775023147084410391, 0.05002405201707477156, 0.05229787256330544615, 0.05457169310953612074, 0.05911933420199746297, 0.06139315474822813756, 0.06366697529445880521, 0.06821461638692015439, 0.07276225747938150357 ),
 ( 0.000000000000000000, 1.000000000000000000 ),
 .UNSPECIFIED. ) 
 GEOMETRIC_REPRESENTATION_ITEM ( )  RATIONAL_B_SPLINE_SURFACE ( (
 ( 1.000000000000000000, 0.8946457150024836880, 1.000000000000000000),
 ( 1.000000000000000000, 0.8971976399722516593, 1.000000000000000000),
 ( 1.000000000000000000, 0.8999990164099752610, 1.000000000000000000),
 ( 1.000000000000000000, 0.9059295368955383454, 1.000000000000000000),
 ( 1.000000000000000000, 0.9090587306966106951, 1.000000000000000000),
 ( 1.000000000000000000, 0.9154687716070211145, 1.000000000000000000),
 ( 1.000000000000000000, 0.9187496502075304106, 1.000000000000000000),
 ( 1.000000000000000000, 0.9236487188193814868, 1.000000000000000000),
 ( 1.000000000000000000, 0.9252716993645473398, 1.000000000000000000),
 ( 1.000000000000000000, 0.9284349389321175927, 1.000000000000000000),
 ( 1.000000000000000000, 0.9299808447327813088, 1.000000000000000000),
 ( 1.000000000000000000, 0.9329793504120396097, 1.000000000000000000),
 ( 1.000000000000000000, 0.9344319764452938548, 1.000000000000000000),
 ( 1.000000000000000000, 0.9365256563612758267, 1.000000000000000000),
 ( 1.000000000000000000, 0.9372093490534946225, 1.000000000000000000),
 ( 1.000000000000000000, 0.9385458346927847417, 1.000000000000000000),
 ( 1.000000000000000000, 0.9391988552195413842, 1.000000000000000000),
 ( 1.000000000000000000, 0.9423467277960112520, 1.000000000000000000),
 ( 1.000000000000000000, 0.9445192998945757257, 1.000000000000000000),
 ( 1.000000000000000000, 0.9472089993111485473, 1.000000000000000000),
 ( 1.000000000000000000, 0.9480149488526421475, 1.000000000000000000),
 ( 1.000000000000000000, 0.9493888408359236752, 1.000000000000000000),
 ( 1.000000000000000000, 0.9499617508251404496, 1.000000000000000000),
 ( 1.000000000000000000, 0.9508861945230638879, 1.000000000000000000),
 ( 1.000000000000000000, 0.9512378458225115851, 1.000000000000000000),
 ( 1.000000000000000000, 0.9517158438108012097, 1.000000000000000000),
 ( 1.000000000000000000, 0.9518407858865166604, 1.000000000000000000),
 ( 1.000000000000000000, 0.9518581125765674944, 1.000000000000000000),
 ( 1.000000000000000000, 0.9514127404680817746, 1.000000000000000000),
 ( 1.000000000000000000, 0.9495723445880198677, 1.000000000000000000),
 ( 1.000000000000000000, 0.9482156888382744508, 1.000000000000000000),
 ( 1.000000000000000000, 0.9455445449797169610, 1.000000000000000000),
 ( 1.000000000000000000, 0.9445433912255905007, 1.000000000000000000),
 ( 1.000000000000000000, 0.9423776591999875052, 1.000000000000000000),
 ( 1.000000000000000000, 0.9412083864969224001, 1.000000000000000000),
 ( 1.000000000000000000, 0.9387094301938613272, 1.000000000000000000),
 ( 1.000000000000000000, 0.9373796708109242148, 1.000000000000000000),
 ( 1.000000000000000000, 0.9345729528702918509, 1.000000000000000000),
 ( 1.000000000000000000, 0.9331147272749326094, 1.000000000000000000),
 ( 1.000000000000000000, 0.9286174435919497538, 1.000000000000000000),
 ( 1.000000000000000000, 0.9254509624241956667, 1.000000000000000000),
 ( 1.000000000000000000, 0.9205861550196687837, 1.000000000000000000),
 ( 1.000000000000000000, 0.9189455183174367603, 1.000000000000000000),
 ( 1.000000000000000000, 0.9156511515657702605, 1.000000000000000000),
 ( 1.000000000000000000, 0.9140064897344694073, 1.000000000000000000),
 ( 1.000000000000000000, 0.9091449075193456242, 1.000000000000000000),
 ( 1.000000000000000000, 0.9059879084480029210, 1.000000000000000000),
 ( 1.000000000000000000, 0.9000174221946120046, 1.000000000000000000),
 ( 1.000000000000000000, 0.8972038275212890213, 1.000000000000000000),
 ( 1.000000000000000000, 0.8946457150024818006, 1.000000000000000000) ) ) 
 REPRESENTATION_ITEM ( '' )  SURFACE ( )  );
#619 = DIRECTION ( 'NONE',  ( -0.000000000000000000, 1.000000000000000000, -0.000000000000000000 ) ) ;
#620 = DIRECTION ( 'NONE',  ( 1.000000000000000000, 0.000000000000000000, -1.804112415015879773E-15 ) ) ;
#621 = CARTESIAN_POINT ( 'NONE',  ( 34.08698030300433857, 128.2087687896484454, 20.07333098158947848 ) ) ;
#622 = EDGE_CURVE ( 'NONE', #65, #321, #2080, .T. ) ;
#623 =( GEOMETRIC_REPRESENTATION_CONTEXT ( 3 ) GLOBAL_UNCERTAINTY_ASSIGNED_CONTEXT ( ( #1144 ) ) GLOBAL_UNIT_ASSIGNED_CONTEXT ( ( #2065, #633, #95 ) ) REPRESENTATION_CONTEXT ( 'NONE', 'WORKASPACE' ) );
#624 = CARTESIAN_POINT ( 'NONE',  ( 84.49304724073394368, 22.00000000000000000, 34.99999999999999289 ) ) ;
#625 = DIRECTION ( 'NONE',  ( 0.000000000000000000, 0.000000000000000000, -1.000000000000000000 ) ) ;
#626 = VECTOR ( 'NONE', #567, 1000.000000000000000 ) ;
#627 = AXIS2_PLACEMENT_3D ( 'NONE', #1583, #1015, #1728 ) ;
#628 = CARTESIAN_POINT ( 'NONE',  ( 66.59696833799492310, 91.61595259089217791, 21.73733148853248309 ) ) ;
#629 = PLANE ( 'NONE',  #691 ) ;
#630 = CARTESIAN_POINT ( 'NONE',  ( -64.33942806639281287, 94.75021084916376424, -18.47699221221660792 ) ) ;
#631 = CARTESIAN_POINT ( 'NONE',  ( -55.26775468494155064, 112.9699562328366511, -1.510663723152109172 ) ) ;
#632 = DIRECTION ( 'NONE',  ( -1.000000000000000000, -0.000000000000000000, -0.000000000000000000 ) ) ;
#633 =( NAMED_UNIT ( * ) PLANE_ANGLE_UNIT ( ) SI_UNIT ( $, .RADIAN. ) );
#634 = CARTESIAN_POINT ( 'NONE',  ( 64.61101985192620134, 97.19070206355428354, 21.56692770817820204 ) ) ;
#635 =( BOUNDED_CURVE ( )  B_SPLINE_CURVE ( 3, ( #1775, #568, #532, #520 ),
 .UNSPECIFIED., .F., .F. ) 
 B_SPLINE_CURVE_WITH_KNOTS ( ( 4, 4 ),
 ( 1.862493556624594149, 4.420691750554992083 ),
 .UNSPECIFIED. ) 
 CURVE ( )  GEOMETRIC_REPRESENTATION_ITEM ( )  RATIONAL_B_SPLINE_CURVE ( ( 1.000000000000000000, 0.5250521150388910430, 0.5250521150388910430, 1.000000000000000000 ) ) 
 REPRESENTATION_ITEM ( '' )  );
#636 = EDGE_CURVE ( 'NONE', #1946, #971, #1519, .T. ) ;
#637 = ORIENTED_EDGE ( 'NONE', *, *, #1096, .F. ) ;
#638 = CARTESIAN_POINT ( 'NONE',  ( -128.2779764760505827, 150.2638496785980067, -25.00000000000002132 ) ) ;
#639 = CARTESIAN_POINT ( 'NONE',  ( 120.0000000000000284, 22.00000000000000000, -23.00000000000001421 ) ) ;
#640 = EDGE_CURVE ( 'NONE', #904, #1105, #1798, .T. ) ;
#641 = CARTESIAN_POINT ( 'NONE',  ( 58.64844863050823420, 108.2157943767946620, 13.68637944632981451 ) ) ;
#642 = CARTESIAN_POINT ( 'NONE',  ( 108.0000000000000284, 22.00000000000000000, 22.99999999999999645 ) ) ;
#643 = CARTESIAN_POINT ( 'NONE',  ( 67.04300182624014326, 90.13047207908356029, 22.51665329702235852 ) ) ;
#644 = CARTESIAN_POINT ( 'NONE',  ( -28.85856769534177957, 133.8822976780127476, 19.27596849591399319 ) ) ;
#645 = CARTESIAN_POINT ( 'NONE',  ( -64.48296184984002366, 97.27832931423073148, -20.20890861240098246 ) ) ;
#646 = CARTESIAN_POINT ( 'NONE',  ( 52.80994740148659616, 111.8042345490920297, 22.37883791666124722 ) ) ;
#647 = CARTESIAN_POINT ( 'NONE',  ( -107.9999999999999716, 0.000000000000000000, -23.00000000000001421 ) ) ;
#648 = CARTESIAN_POINT ( 'NONE',  ( 55.69545212026834946, 112.4033584680258144, 7.260059797601181586 ) ) ;
#649 = CARTESIAN_POINT ( 'NONE',  ( -68.84085017341702439, 84.14287528992076659, -21.53885433028952789 ) ) ;
#650 = EDGE_CURVE ( 'NONE', #678, #893, #863, .T. ) ;
#651 = DIRECTION ( 'NONE',  ( 0.000000000000000000, 1.000000000000000000, 0.000000000000000000 ) ) ;
#652 = CARTESIAN_POINT ( 'NONE',  ( 64.16973031940123917, 89.26773756140852356, -22.01426644627215623 ) ) ;
#653 = COORDINATED_UNIVERSAL_TIME_OFFSET ( 5, 30, .AHEAD. ) ;
#654 = CARTESIAN_POINT ( 'NONE',  ( -55.34021040425103166, 112.8681011898595585, 6.141964632408492442 ) ) ;
#655 = CARTESIAN_POINT ( 'NONE',  ( 60.39162640861705711, 103.7528831202406963, 14.56479611115210027 ) ) ;
#656 = CARTESIAN_POINT ( 'NONE',  ( 72.12937349822071553, 67.02459196740164771, -22.72622246185336436 ) ) ;
#657 = CIRCLE ( 'NONE', #1969, 8.499999999999989342 ) ;
#658 = VECTOR ( 'NONE', #619, 1000.000000000000000 ) ;
#659 = DIRECTION ( 'NONE',  ( -0.000000000000000000, -0.000000000000000000, -1.000000000000000000 ) ) ;
#660 = CARTESIAN_POINT ( 'NONE',  ( -75.66191898491109669, 61.42582588168256308, -24.04493926812384785 ) ) ;
#661 = CARTESIAN_POINT ( 'NONE',  ( -62.45027695892503772, 101.6346887389581610, 16.98795646754235733 ) ) ;
#662 = EDGE_CURVE ( 'NONE', #385, #1055, #1113, .T. ) ;
#663 = CARTESIAN_POINT ( 'NONE',  ( -1.236939247008002502E-13, 140.0000000000000000, 18.41618150511777685 ) ) ;
#664 = APPROVAL_DATE_TIME ( #1911, #1897 ) ;
#665 = CARTESIAN_POINT ( 'NONE',  ( 84.43638059940630569, 22.00000000000001066, -24.99364585592257271 ) ) ;
#666 = PLANE ( 'NONE',  #1524 ) ;
#667 = DIRECTION ( 'NONE',  ( -0.000000000000000000, 1.000000000000000000, -0.000000000000000000 ) ) ;
#668 = CARTESIAN_POINT ( 'NONE',  ( -72.12905349799514454, 67.02576261924460255, -22.72609870632150120 ) ) ;
#669 = CARTESIAN_POINT ( 'NONE',  ( -67.12201098940441568, 89.86733808751564823, 20.54150613646949353 ) ) ;
#670 = CARTESIAN_POINT ( 'NONE',  ( -25.42385775267560177, 135.3257319935690646, 19.07310703236151284 ) ) ;
#671 = DATE_AND_TIME ( #286, #2119 ) ;
#672 = VERTEX_POINT ( 'NONE', #690 ) ;
#673 = CARTESIAN_POINT ( 'NONE',  ( -58.61547632275475195, 108.2701611868920679, 13.64376972434062374 ) ) ;
#674 = ORIENTED_EDGE ( 'NONE', *, *, #244, .F. ) ;
#675 = CARTESIAN_POINT ( 'NONE',  ( 60.54996807070209286, 105.1307885637172461, 16.31098680195622919 ) ) ;
#676 = EDGE_CURVE ( 'NONE', #1930, #893, #309, .T. ) ;
#677 = DIRECTION ( 'NONE',  ( -0.000000000000000000, -0.000000000000000000, -1.000000000000000000 ) ) ;
#678 = VERTEX_POINT ( 'NONE', #1017 ) ;
#679 = DIRECTION ( 'NONE',  ( 0.2827012408235690111, 0.9415149197871086617, 0.1833839258361787683 ) ) ;
#680 = CARTESIAN_POINT ( 'NONE',  ( -59.20115624271154076, 105.9357898484468166, 12.93497929276961855 ) ) ;
#681 = CARTESIAN_POINT ( 'NONE',  ( -84.43638059940633411, 21.99999999999999289, -24.99364585592257626 ) ) ;
#682 = VERTEX_POINT ( 'NONE', #499 ) ;
#683 = CARTESIAN_POINT ( 'NONE',  ( 86.85698544903274865, 22.00000000000000355, -26.16479621710362835 ) ) ;
#684 = DIRECTION ( 'NONE',  ( 0.2850078432617641488, -0.9491968832735447892, 0.1334009222721726229 ) ) ;
#685 = EDGE_LOOP ( 'NONE', ( #817, #2151, #513, #533 ) ) ;
#686 = CARTESIAN_POINT ( 'NONE',  ( 60.97686282134436908, 102.6069047974341686, 15.27104447148527733 ) ) ;
#687 = FACE_OUTER_BOUND ( 'NONE', #705, .T. ) ;
#688 = EDGE_CURVE ( 'NONE', #1055, #756, #306, .T. ) ;
#689 = EDGE_LOOP ( 'NONE', ( #12, #1765, #475, #1881 ) ) ;
#690 = CARTESIAN_POINT ( 'NONE',  ( 108.0000000000000142, 22.00000000000000000, 34.99999999999999289 ) ) ;
#691 = AXIS2_PLACEMENT_3D ( 'NONE', #90, #1884, #1172 ) ;
#692 = LOCAL_TIME ( 23, 44, 8.000000000000000000, #1225 ) ;
#693 = CARTESIAN_POINT ( 'NONE',  ( -67.54369461555194221, 83.79995744512812905, 20.62300285509548914 ) ) ;
#694 = CARTESIAN_POINT ( 'NONE',  ( -61.84197614399467113, 96.44290556368574130, -24.53773191440828327 ) ) ;
#695 = AXIS2_PLACEMENT_3D ( 'NONE', #1075, #18, #1284 ) ;
#696 = CARTESIAN_POINT ( 'NONE',  ( 1.533495552763468441E-14, 22.00000000000000000, -8.499999999999838352 ) ) ;
#697 = VECTOR ( 'NONE', #684, 1000.000000000000114 ) ;
#698 = VERTEX_POINT ( 'NONE', #111 ) ;
#699 = CARTESIAN_POINT ( 'NONE',  ( 84.83273652988901858, 22.00000000000000000, -25.02066276271558465 ) ) ;
#700 = CARTESIAN_POINT ( 'NONE',  ( 87.17920075445094596, 22.00000000000000000, 26.65956608249647530 ) ) ;
#701 = ORIENTED_EDGE ( 'NONE', *, *, #1811, .T. ) ;
#702 = LINE ( 'NONE', #847, #1710 ) ;
#703 = DIRECTION ( 'NONE',  ( 0.000000000000000000, 1.000000000000000000, -0.000000000000000000 ) ) ;
#704 = CARTESIAN_POINT ( 'NONE',  ( 72.12905349799518717, 67.02576261924448886, 22.72609870632150475 ) ) ;
#705 = EDGE_LOOP ( 'NONE', ( #1045, #1782, #1702, #2005 ) ) ;
#706 = DIRECTION ( 'NONE',  ( -0.9577571689462879290, 0.2875781725583351212, 0.000000000000000000 ) ) ;
#707 = EDGE_CURVE ( 'NONE', #423, #23, #335, .T. ) ;
#708 = CARTESIAN_POINT ( 'NONE',  ( -24.45143505956233554, 132.8985409570645402, -19.41422648661676575 ) ) ;
#709 = B_SPLINE_CURVE_WITH_KNOTS ( 'NONE', 3,
 ( #1726, #2121, #2077, #2259, #645, #2298, #1902, #463, #2279, #1389, #1402, #1185, #1921, #2107, #509, #1228, #474, #1912, #1560, #297, #1371, #287, #1945, #329, #107, #837, #1022, #1195, #1381, #97, #1715, #1012, #304, #654, #859, #1030, #1041, #1551, #2269, #1742, #1569, #2287, #673, #493, #317, #1214, #1932, #1753, #137, #543, #2146, #1263, #1101, #1450 ),
 .UNSPECIFIED., .F., .F.,
 ( 4, 2, 2, 2, 2, 2, 2, 2, 2, 2, 2, 2, 2, 2, 2, 2, 2, 2, 2, 2, 2, 2, 2, 2, 2, 2, 4 ),
 ( 0.000000000000000000, 0.004665571558096377573, 0.009331143116192755146, 0.01399671467428913185, 0.01632950045333734015, 0.01866228623238555193, 0.02099507201143376023, 0.02216146490095784530, 0.02332785779048193384, 0.02799342934857832269, 0.02915982223810242510, 0.03032621512762652405, 0.03265900090667470806, 0.03499178668572289902, 0.03732457246477108304, 0.03965735824381928093, 0.04199014402286745801, 0.04665571558096384686, 0.04782210847048794233, 0.04898850136001204475, 0.05132128713906025652, 0.05365407291810847523, 0.05598685869715668006, 0.06065243025525311749, 0.06531800181334954103, 0.06998357337144597845, 0.07464914492954238812 ),
 .UNSPECIFIED. ) ;
#710 = CARTESIAN_POINT ( 'NONE',  ( -119.9999999999999716, 0.000000000000000000, 34.99999999999999289 ) ) ;
#711 = CARTESIAN_POINT ( 'NONE',  ( -87.50000000000000000, 22.00000000000000000, -27.99687342189881178 ) ) ;
#712 = CARTESIAN_POINT ( 'NONE',  ( -85.90023919541940245, 27.32788133937911113, 27.98212619382766064 ) ) ;
#713 = ORIENTED_EDGE ( 'NONE', *, *, #1610, .T. ) ;
#714 = CARTESIAN_POINT ( 'NONE',  ( 54.62226524344676193, 113.7767994618062914, -1.480420794246271932 ) ) ;
#715 = CARTESIAN_POINT ( 'NONE',  ( 79.08687462202050256, 50.01927236718691461, -24.74752415476120859 ) ) ;
#716 = CARTESIAN_POINT ( 'NONE',  ( 0.000000000000000000, 140.0000000000000000, 15.80832129166909894 ) ) ;
#717 =( BOUNDED_CURVE ( )  B_SPLINE_CURVE ( 3, ( #1513, #1700, #813, #867 ),
 .UNSPECIFIED., .F., .F. ) 
 B_SPLINE_CURVE_WITH_KNOTS ( ( 4, 4 ),
 ( 4.712388980384689674, 7.853981633974482790 ),
 .UNSPECIFIED. ) 
 CURVE ( )  GEOMETRIC_REPRESENTATION_ITEM ( )  RATIONAL_B_SPLINE_CURVE ( ( 1.000000000000000000, 0.3333333333333333703, 0.3333333333333333703, 1.000000000000000000 ) ) 
 REPRESENTATION_ITEM ( '' )  );
#718 = ORIENTED_EDGE ( 'NONE', *, *, #515, .F. ) ;
#719 = CARTESIAN_POINT ( 'NONE',  ( 84.23609329711450755, 32.87019232254615986, 25.17693663664303116 ) ) ;
#720 = CARTESIAN_POINT ( 'NONE',  ( -47.58674387509385895, 121.4725166703692167, -18.30059492208837568 ) ) ;
#721 = CARTESIAN_POINT ( 'NONE',  ( -59.11610014144384451, 107.4957065205675377, -12.94241690494504304 ) ) ;
#722 = CARTESIAN_POINT ( 'NONE',  ( 87.50000000000000000, 22.00000000000000000, 27.99687342189881889 ) ) ;
#723 = CARTESIAN_POINT ( 'NONE',  ( -84.17761808921855504, 33.06493954224872311, 27.85833750351298477 ) ) ;
#724 = ORIENTED_EDGE ( 'NONE', *, *, #2262, .T. ) ;
#725 = CARTESIAN_POINT ( 'NONE',  ( 57.81396276595920369, 108.2681450127996499, -10.56449630220155456 ) ) ;
#726 = CARTESIAN_POINT ( 'NONE',  ( 97.50000000000000000, 0.000000000000000000, 1.530808498934274352E-15 ) ) ;
#727 = CARTESIAN_POINT ( 'NONE',  ( -87.62561171479069344, 21.58165976480697879, -25.03103999167394278 ) ) ;
#728 = EDGE_LOOP ( 'NONE', ( #791, #919, #1573, #764 ) ) ;
#729 = CARTESIAN_POINT ( 'NONE',  ( 70.54235294139195389, 78.47615010030186511, 22.31241075033591059 ) ) ;
#730 = CARTESIAN_POINT ( 'NONE',  ( 85.00000000000000000, 22.00000000000000000, -8.499999999999989342 ) ) ;
#731 = ORIENTED_EDGE ( 'NONE', *, *, #1568, .T. ) ;
#732 = VECTOR ( 'NONE', #931, 1000.000000000000000 ) ;
#733 = EDGE_CURVE ( 'NONE', #168, #904, #885, .T. ) ;
#734 = CARTESIAN_POINT ( 'NONE',  ( 97.50000000000000000, 0.000000000000000000, -8.499999999999998224 ) ) ;
#735 = CARTESIAN_POINT ( 'NONE',  ( -86.85698544903304708, 22.00000000000000355, 26.16479621710406889 ) ) ;
#736 = CIRCLE ( 'NONE', #819, 2.999999999999995115 ) ;
#737 = CARTESIAN_POINT ( 'NONE',  ( -67.56935950308363203, 83.70607462413222777, 20.63930499741358560 ) ) ;
#738 = CARTESIAN_POINT ( 'NONE',  ( 55.69689888946876977, 112.4090381244421195, -7.389970732665500641 ) ) ;
#739 = AXIS2_PLACEMENT_3D ( 'NONE', #2284, #2294, #1387 ) ;
#740 = ADVANCED_FACE ( 'NONE', ( #842 ), #1221, .F. ) ;
#741 = CARTESIAN_POINT ( 'NONE',  ( 0.000000000000000000, 22.00000000000000000, 0.000000000000000000 ) ) ;
#742 = CARTESIAN_POINT ( 'NONE',  ( -81.64292209866425765, 32.21994901544796619, -24.87355333138826552 ) ) ;
#743 = ORIENTED_EDGE ( 'NONE', *, *, #207, .F. ) ;
#744 = CARTESIAN_POINT ( 'NONE',  ( 84.78397068884230237, 20.72833120778210869, 24.99840184977977131 ) ) ;
#745 = CARTESIAN_POINT ( 'NONE',  ( 59.45796945563282065, 107.1304192439045693, -20.22986025105762664 ) ) ;
#746 = VERTEX_POINT ( 'NONE', #2305 ) ;
#747 = CARTESIAN_POINT ( 'NONE',  ( -60.39162640862593889, 103.7528831202773176, -14.56479611116663442 ) ) ;
#748 = CARTESIAN_POINT ( 'NONE',  ( 86.85373808032831278, 22.00000000000000000, 26.16082166134481568 ) ) ;
#749 = CARTESIAN_POINT ( 'NONE',  ( 55.35498648048091752, 112.8477465261458548, 6.048772722553132475 ) ) ;
#750 = DIRECTION ( 'NONE',  ( -0.000000000000000000, 1.000000000000000000, -0.000000000000000000 ) ) ;
#751 = CARTESIAN_POINT ( 'NONE',  ( 28.27797647605059694, 150.2638496785980067, 25.00000000000001066 ) ) ;
#752 = EDGE_CURVE ( 'NONE', #1272, #521, #151, .T. ) ;
#753 = ORIENTED_EDGE ( 'NONE', *, *, #640, .F. ) ;
#754 = CARTESIAN_POINT ( 'NONE',  ( 55.93349942866642976, 111.1309116700451938, -5.644569729973848204 ) ) ;
#755 = CARTESIAN_POINT ( 'NONE',  ( -3.711172211896955009, 140.0000000000000000, -18.41618150511777685 ) ) ;
#756 = VERTEX_POINT ( 'NONE', #2093 ) ;
#757 = CARTESIAN_POINT ( 'NONE',  ( -65.23187216688414480, 92.09877462335491316, -19.13689832032756755 ) ) ;
#758 = CARTESIAN_POINT ( 'NONE',  ( -62.81245544361804889, 100.9329253279490644, -17.35162310994499180 ) ) ;
#759 = DIRECTION ( 'NONE',  ( 0.9577571689462875959, -0.2875781725583364534, 0.000000000000000000 ) ) ;
#760 = CARTESIAN_POINT ( 'NONE',  ( 56.20364940375736040, 110.7431634791087873, -6.599097048165237567 ) ) ;
#761 = CARTESIAN_POINT ( 'NONE',  ( 84.07276815924693381, 33.41413423668780069, -27.84798639182074709 ) ) ;
#762 = DIRECTION ( 'NONE',  ( 0.000000000000000000, 0.000000000000000000, -1.000000000000000000 ) ) ;
#763 = EDGE_CURVE ( 'NONE', #330, #146, #314, .T. ) ;
#764 = ORIENTED_EDGE ( 'NONE', *, *, #1127, .T. ) ;
#765 = CARTESIAN_POINT ( 'NONE',  ( 85.95354827857200064, 27.15033950539599061, 25.15854260903327244 ) ) ;
#766 = CARTESIAN_POINT ( 'NONE',  ( 44.59140145275470246, 124.0880020498854606, -20.65246697880424520 ) ) ;
#767 = EDGE_LOOP ( 'NONE', ( #1457, #128, #2010, #718 ) ) ;
#768 = CARTESIAN_POINT ( 'NONE',  ( -60.59864822120674432, 103.3533324710838599, -14.82059444859195452 ) ) ;
#769 = CARTESIAN_POINT ( 'NONE',  ( -57.26544351758274587, 110.2604876735216664, 11.24808664465198049 ) ) ;
#770 = DIRECTION ( 'NONE',  ( -0.000000000000000000, -0.000000000000000000, -1.000000000000000000 ) ) ;
#771 = CC_DESIGN_APPROVAL ( #2250, ( #238 ) ) ;
#772 = CARTESIAN_POINT ( 'NONE',  ( 66.58802467945128001, 91.64573876350277715, -21.73177851628412682 ) ) ;
#773 = CARTESIAN_POINT ( 'NONE',  ( 64.16973031940128180, 89.68525686428876043, -25.48745750324707515 ) ) ;
#774 = CARTESIAN_POINT ( 'NONE',  ( 120.0000000000000284, 22.00000000000000000, -23.00000000000001421 ) ) ;
#775 = CARTESIAN_POINT ( 'NONE',  ( 64.47366009914519225, 97.51730068250394368, 24.38673552758767826 ) ) ;
#776 = VECTOR ( 'NONE', #1600, 1000.000000000000000 ) ;
#777 = ORIENTED_EDGE ( 'NONE', *, *, #1781, .F. ) ;
#778 = CARTESIAN_POINT ( 'NONE',  ( 65.23187216688414480, 92.09877462335491316, 19.13689832032757110 ) ) ;
#779 = DIRECTION ( 'NONE',  ( 0.000000000000000000, 0.000000000000000000, -1.000000000000000000 ) ) ;
#780 = PLANE ( 'NONE',  #1005 ) ;
#781 = CARTESIAN_POINT ( 'NONE',  ( 38.61755002146319526, 128.5018361326218042, -20.03214305258934047 ) ) ;
#782 = ORIENTED_EDGE ( 'NONE', *, *, #2265, .T. ) ;
#783 = ADVANCED_FACE ( 'NONE', ( #872 ), #472, .T. ) ;
#784 = CARTESIAN_POINT ( 'NONE',  ( -65.64446111366162029, 90.74740255010460999, 19.41662410622069501 ) ) ;
#785 = CARTESIAN_POINT ( 'NONE',  ( -55.22665977012446348, 113.0226694272826080, 1.392974721386557757 ) ) ;
#786 = LINE ( 'NONE', #616, #2201 ) ;
#787 = CARTESIAN_POINT ( 'NONE',  ( 61.81378740075134459, 100.8724096393250420, -16.19129384966515772 ) ) ;
#788 = CARTESIAN_POINT ( 'NONE',  ( 84.07276815924693381, 33.41413423668780780, 27.84798639182074709 ) ) ;
#789 = DIRECTION ( 'NONE',  ( -1.000000000000000000, 0.000000000000000000, -0.000000000000000000 ) ) ;
#790 = CARTESIAN_POINT ( 'NONE',  ( -64.16973031940126759, 89.68525686428876043, 25.48745750324707515 ) ) ;
#791 = ORIENTED_EDGE ( 'NONE', *, *, #2009, .F. ) ;
#792 = CARTESIAN_POINT ( 'NONE',  ( 60.30896773938969346, 103.9100885303875543, 14.46112552605854518 ) ) ;
#793 = CARTESIAN_POINT ( 'NONE',  ( -36.61790747832620241, 22.00000000000000711, 23.91531501483284927 ) ) ;
#794 = CARTESIAN_POINT ( 'NONE',  ( 85.00000000000000000, 0.000000000000000000, 8.499999999999989342 ) ) ;
#795 = VERTEX_POINT ( 'NONE', #169 ) ;
#796 = CARTESIAN_POINT ( 'NONE',  ( -56.66706862126132904, 110.0486384260708803, -7.907767767045252860 ) ) ;
#797 = CARTESIAN_POINT ( 'NONE',  ( -57.75580812809841547, 109.5739657967998966, -10.65248041852858130 ) ) ;
#798 = EDGE_CURVE ( 'NONE', #16, #795, #833, .T. ) ;
#799 = CARTESIAN_POINT ( 'NONE',  ( 85.00000000000000000, 22.00000000000000000, 8.499999999999989342 ) ) ;
#800 = CARTESIAN_POINT ( 'NONE',  ( 0.000000000000000000, 0.000000000000000000, 0.000000000000000000 ) ) ;
#801 = CARTESIAN_POINT ( 'NONE',  ( 35.00000000000000000, 70.00000000000000000, 28.25403993428519556 ) ) ;
#802 = DIRECTION ( 'NONE',  ( -1.387778780781445922E-16, 0.000000000000000000, 1.000000000000000000 ) ) ;
#803 = CARTESIAN_POINT ( 'NONE',  ( 47.40316193869168870, 121.6405155652098529, 20.99643877227224920 ) ) ;
#804 = VERTEX_POINT ( 'NONE', #74 ) ;
#805 = LINE ( 'NONE', #1132, #91 ) ;
#806 = CARTESIAN_POINT ( 'NONE',  ( -84.49304724073394368, 22.00000000000000000, -34.99999999999999289 ) ) ;
#807 = CARTESIAN_POINT ( 'NONE',  ( -84.99999999999933209, 0.000000000000000000, 0.000000000000000000 ) ) ;
#808 = CARTESIAN_POINT ( 'NONE',  ( -56.30444667199524389, 110.5963927159286584, 6.936348761390260798 ) ) ;
#809 = CARTESIAN_POINT ( 'NONE',  ( -56.69886511142987473, 111.0545561911358448, 10.02469446257406638 ) ) ;
#810 = DIRECTION ( 'NONE',  ( 0.2875781725583363979, 0.9577571689462874849, 0.000000000000000000 ) ) ;
#811 = CARTESIAN_POINT ( 'NONE',  ( 63.49339981406792788, 99.48139861343315715, -19.36160440167365593 ) ) ;
#812 = VECTOR ( 'NONE', #1675, 1000.000000000000000 ) ;
#813 = CARTESIAN_POINT ( 'NONE',  ( -34.99999999999999289, 1.387778780781445676E-14, -38.09189836345259295 ) ) ;
#814 = CARTESIAN_POINT ( 'NONE',  ( 55.17457191200356448, 113.2398517497727966, 19.40803371043211101 ) ) ;
#815 = CIRCLE ( 'NONE', #1741, 12.00000000000000000 ) ;
#816 = EDGE_CURVE ( 'NONE', #353, #154, #805, .T. ) ;
#817 = ORIENTED_EDGE ( 'NONE', *, *, #473, .F. ) ;
#818 = CARTESIAN_POINT ( 'NONE',  ( 66.02241630454454935, 89.36483271959872354, 19.65669838347740850 ) ) ;
#819 = AXIS2_PLACEMENT_3D ( 'NONE', #2248, #1128, #967 ) ;
#820 = VECTOR ( 'NONE', #703, 1000.000000000000000 ) ;
#821 = CARTESIAN_POINT ( 'NONE',  ( 59.30712569072412066, 107.1892435049725663, 14.67999330941387193 ) ) ;
#822 = CARTESIAN_POINT ( 'NONE',  ( -119.9999999999999716, 22.00000000000000000, 34.99999999999999289 ) ) ;
#823 = CARTESIAN_POINT ( 'NONE',  ( -58.24493895411548294, 107.5625335846777659, -11.36147419461476105 ) ) ;
#824 = CARTESIAN_POINT ( 'NONE',  ( -18.46311101673468613, 137.6241946096139088, 16.12790906406986480 ) ) ;
#825 = DIRECTION ( 'NONE',  ( 0.000000000000000000, -0.000000000000000000, -1.000000000000000000 ) ) ;
#826 = PRODUCT_DEFINITION ( 'UNKNOWN', '', #238, #245 ) ;
#827 = CARTESIAN_POINT ( 'NONE',  ( 38.78499878762074360, 128.3921401736514269, 17.36978338752150819 ) ) ;
#828 = VERTEX_POINT ( 'NONE', #1543 ) ;
#829 = LINE ( 'NONE', #1678, #1713 ) ;
#830 = EDGE_CURVE ( 'NONE', #1427, #1668, #829, .T. ) ;
#831 = CARTESIAN_POINT ( 'NONE',  ( 54.66541858997377545, 113.7230691283774746, 1.615856931648960826 ) ) ;
#832 = CARTESIAN_POINT ( 'NONE',  ( 67.54361515175409636, 83.80024812574907855, 20.62295238029238931 ) ) ;
#833 = B_SPLINE_CURVE_WITH_KNOTS ( 'NONE', 3,
 ( #179, #24, #573, #2179, #190, #1630, #1808, #909, #1609, #1084, #1475, #944, #1290, #2152, #1270, #1620, #14, #360, #538, #1833, #2341, #1455, #754, #1095, #1986, #2189, #2198, #2330, #562, #1120, #585, #1432, #1281, #1996, #381, #1819, #933, #1254, #1975, #2212, #1665, #2031, #1330, #1503, #983, #407, #241, #792, #2070, #62, #446, #972, #1354, #226, #2225, #778, #2019, #818 ),
 .UNSPECIFIED., .F., .F.,
 ( 4, 2, 2, 2, 2, 2, 2, 2, 2, 2, 2, 2, 2, 2, 2, 2, 2, 2, 2, 2, 2, 2, 2, 2, 2, 2, 2, 2, 4 ),
 ( 0.000000000000000000, 0.004330527673434877989, 0.008661055346869755978, 0.01082631918358719150, 0.01299158302030462876, 0.01732211069373946338, 0.01948737453045688503, 0.02165263836717430321, 0.02381790220389172139, 0.02490053412225042354, 0.02598316604060912569, 0.03031369371404393775, 0.03139632563240264684, 0.03247895755076135593, 0.03464422138747876717, 0.03680948522419618535, 0.03897474906091360353, 0.04005738097927230568, 0.04114001289763100783, 0.04222264481598971692, 0.04330527673434841213, 0.04763580440778319991, 0.04980106824450060421, 0.05196633208121800157, 0.05413159591793540587, 0.05629685975465280323, 0.06062738742808756326, 0.06495791510152232329, 0.06928844277495709025 ),
 .UNSPECIFIED. ) ;
#834 = DIRECTION ( 'NONE',  ( 0.000000000000000000, 0.000000000000000000, 1.000000000000000000 ) ) ;
#835 = CARTESIAN_POINT ( 'NONE',  ( -50.52582199109100003, 114.5637768514399113, 21.99100953809271175 ) ) ;
#836 = COORDINATED_UNIVERSAL_TIME_OFFSET ( 5, 30, .AHEAD. ) ;
#837 = CARTESIAN_POINT ( 'NONE',  ( -54.92814816050355375, 113.3929981056351863, -3.955737230099438673 ) ) ;
#838 = CARTESIAN_POINT ( 'NONE',  ( 64.25694296686648954, 94.98258092399557029, 18.41336791756897640 ) ) ;
#839 = ORIENTED_EDGE ( 'NONE', *, *, #273, .T. ) ;
#840 = DIRECTION ( 'NONE',  ( -0.9577571689462879290, 0.2875781725583351212, 0.000000000000000000 ) ) ;
#841 = EDGE_CURVE ( 'NONE', #860, #1454, #433, .T. ) ;
#842 = FACE_OUTER_BOUND ( 'NONE', #2291, .T. ) ;
#843 = DIRECTION ( 'NONE',  ( -0.000000000000000000, -0.000000000000000000, -1.000000000000000000 ) ) ;
#844 = CARTESIAN_POINT ( 'NONE',  ( -34.08698030300875104, 128.2087687895931367, 20.07333098159725893 ) ) ;
#845 = COORDINATED_UNIVERSAL_TIME_OFFSET ( 5, 30, .AHEAD. ) ;
#846 = FACE_OUTER_BOUND ( 'NONE', #2164, .T. ) ;
#847 = CARTESIAN_POINT ( 'NONE',  ( 120.0000000000000284, 22.00000000000000000, 34.99999999999999289 ) ) ;
#848 = ORIENTED_EDGE ( 'NONE', *, *, #882, .T. ) ;
#849 = CARTESIAN_POINT ( 'NONE',  ( 76.73517592746806315, 50.17484960064155075, -24.09645108407672609 ) ) ;
#850 = ORGANIZATION ( 'UNSPECIFIED', 'UNSPECIFIED', '' ) ;
#851 = CARTESIAN_POINT ( 'NONE',  ( -84.49304724073392947, 22.00000000000000000, 34.99999999999999289 ) ) ;
#852 = VECTOR ( 'NONE', #2240, 1000.000000000000000 ) ;
#853 = CARTESIAN_POINT ( 'NONE',  ( -69.06974207192492088, 78.21745318150949799, -21.40973909576566570 ) ) ;
#854 = AXIS2_PLACEMENT_3D ( 'NONE', #481, #1204, #825 ) ;
#855 = CARTESIAN_POINT ( 'NONE',  ( -63.69769219188121667, 99.04092341063147842, 18.12132059467058909 ) ) ;
#856 = DIRECTION ( 'NONE',  ( -0.2850078432617642599, -0.9491968832735447892, 0.1334009222721725951 ) ) ;
#857 = ADVANCED_FACE ( 'NONE', ( #956 ), #883, .F. ) ;
#858 = PERSON_AND_ORGANIZATION_ROLE ( 'creator' ) ;
#859 = CARTESIAN_POINT ( 'NONE',  ( -55.75000076981419994, 112.3397371518699259, 7.563470054867349468 ) ) ;
#860 = VERTEX_POINT ( 'NONE', #457 ) ;
#861 = CARTESIAN_POINT ( 'NONE',  ( 66.09052120253841167, 93.11701135248289063, 21.40178181259871693 ) ) ;
#862 = LINE ( 'NONE', #1593, #1300 ) ;
#863 = LINE ( 'NONE', #477, #2163 ) ;
#864 = CARTESIAN_POINT ( 'NONE',  ( -66.68274286440238541, 91.35181793182113097, 20.28709539421269170 ) ) ;
#865 = CARTESIAN_POINT ( 'NONE',  ( -14.82761353974976970, 138.5132107095487584, 16.00832070209832025 ) ) ;
#866 = EDGE_LOOP ( 'NONE', ( #1213, #382, #395, #1999 ) ) ;
#867 = CARTESIAN_POINT ( 'NONE',  ( -35.00000000000000000, 70.00000000000000000, -28.25403993428518490 ) ) ;
#868 = ORIENTED_EDGE ( 'NONE', *, *, #1367, .T. ) ;
#869 = CARTESIAN_POINT ( 'NONE',  ( 59.20434942002556511, 107.3525814059569541, 14.53270082971687138 ) ) ;
#870 = CARTESIAN_POINT ( 'NONE',  ( 67.54369461555194221, 83.79995744512808642, -20.62300285509549269 ) ) ;
#871 = ORIENTED_EDGE ( 'NONE', *, *, #707, .T. ) ;
#872 = FACE_OUTER_BOUND ( 'NONE', #2030, .T. ) ;
#873 = CARTESIAN_POINT ( 'NONE',  ( -66.19902357260778558, 92.80570302743450384, 19.98654917148165922 ) ) ;
#874 = CARTESIAN_POINT ( 'NONE',  ( -59.45796945562522495, 107.1304192439153979, -20.22986025105762664 ) ) ;
#875 = ORIENTED_EDGE ( 'NONE', *, *, #973, .T. ) ;
#876 = CARTESIAN_POINT ( 'NONE',  ( 84.43638059940630569, 22.00000000000001066, -24.99364585592257271 ) ) ;
#877 = DIRECTION ( 'NONE',  ( 1.000000000000000000, 0.000000000000000000, -0.000000000000000000 ) ) ;
#878 = ORIENTED_EDGE ( 'NONE', *, *, #1914, .F. ) ;
#879 = CARTESIAN_POINT ( 'NONE',  ( 59.22937198554932081, 105.8860436574684769, 12.97702035370679496 ) ) ;
#880 = CARTESIAN_POINT ( 'NONE',  ( 73.66268436680867637, 61.41523414251292223, -23.25415419485084456 ) ) ;
#881 = CARTESIAN_POINT ( 'NONE',  ( -80.80572976293490228, 44.29475642514695721, -24.96648238533148501 ) ) ;
#882 = EDGE_CURVE ( 'NONE', #572, #2034, #1901, .T. ) ;
#883 =( BOUNDED_SURFACE ( )  B_SPLINE_SURFACE ( 3, 1, ( 
 ( #1534, #1142 ),
 ( #2253, #1516 ),
 ( #1871, #1157 ),
 ( #1845, #1856 ),
 ( #279, #638 ),
 ( #610, #257 ),
 ( #2238, #1489 ) ),
 .UNSPECIFIED., .T., .F., .F. ) 
 B_SPLINE_SURFACE_WITH_KNOTS ( ( 4, 3, 4 ),
 ( 2, 2 ),
 ( 0.000000000000000000, 0.5000000000000000000, 1.000000000000000000 ),
 ( 0.000000000000000000, 1.000000000000000000 ),
 .UNSPECIFIED. ) 
 GEOMETRIC_REPRESENTATION_ITEM ( )  RATIONAL_B_SPLINE_SURFACE ( (
 ( 1.000000000000000000, 1.000000000000000000),
 ( 0.3333333333333333703, 0.3333333333333333703),
 ( 0.3333333333333333703, 0.3333333333333333703),
 ( 1.000000000000000000, 1.000000000000000000),
 ( 0.3333333333333333703, 0.3333333333333333703),
 ( 0.3333333333333333703, 0.3333333333333333703),
 ( 1.000000000000000000, 1.000000000000000000) ) ) 
 REPRESENTATION_ITEM ( '' )  SURFACE ( )  );
#884 = ORIENTED_EDGE ( 'NONE', *, *, #515, .T. ) ;
#885 = LINE ( 'NONE', #1926, #2314 ) ;
#886 = CARTESIAN_POINT ( 'NONE',  ( 85.00000000000000000, 0.000000000000000000, -8.499999999999989342 ) ) ;
#887 = CARTESIAN_POINT ( 'NONE',  ( -42.85298156795890634, 122.0447670907996383, -20.93962492545264809 ) ) ;
#888 = AXIS2_PLACEMENT_3D ( 'NONE', #647, #1004, #625 ) ;
#889 = VECTOR ( 'NONE', #856, 1000.000000000000114 ) ;
#890 = CARTESIAN_POINT ( 'NONE',  ( -60.21131476563321883, 105.7074118366876263, -15.89225868208374592 ) ) ;
#891 = CARTESIAN_POINT ( 'NONE',  ( -85.78589854877903065, 27.70868414178783112, -27.97572998413111733 ) ) ;
#892 = CARTESIAN_POINT ( 'NONE',  ( -75.57473973369606313, 61.71616972872314477, 26.09500142724188976 ) ) ;
#893 = VERTEX_POINT ( 'NONE', #1893 ) ;
#894 = CARTESIAN_POINT ( 'NONE',  ( 55.28206038858130000, 112.0513670616353323, 0.7375029498333875999 ) ) ;
#895 = DIRECTION ( 'NONE',  ( 0.2850078432617642599, 0.9491968832735447892, 0.1334009222721725951 ) ) ;
#896 = CARTESIAN_POINT ( 'NONE',  ( 97.50000000000000000, 22.00000000000000000, 1.530808498934274352E-15 ) ) ;
#897 = EDGE_CURVE ( 'NONE', #146, #321, #1720, .T. ) ;
#898 = ORIENTED_EDGE ( 'NONE', *, *, #308, .F. ) ;
#899 = CARTESIAN_POINT ( 'NONE',  ( 73.95102779372683699, 67.12381849718762794, 23.57103615807730179 ) ) ;
#900 = CARTESIAN_POINT ( 'NONE',  ( -87.49999999999997158, 22.00000000000000000, -27.79697648012118449 ) ) ;
#901 = CARTESIAN_POINT ( 'NONE',  ( -59.20434942003118550, 107.3525814059481860, -14.53270082970754018 ) ) ;
#902 = CARTESIAN_POINT ( 'NONE',  ( 85.95958811967398105, 22.00000000000000000, -25.38368551212221291 ) ) ;
#903 = CARTESIAN_POINT ( 'NONE',  ( 85.00000000000000000, 0.000000000000000000, -8.499999999999989342 ) ) ;
#904 = VERTEX_POINT ( 'NONE', #101 ) ;
#905 = CARTESIAN_POINT ( 'NONE',  ( 55.86415136186599284, 111.2302491002511573, -5.344230298461975615 ) ) ;
#906 = CARTESIAN_POINT ( 'NONE',  ( 67.04300182624014326, 90.13047207908356029, -22.01426644627216334 ) ) ;
#907 = LINE ( 'NONE', #2017, #1559 ) ;
#908 = ORIENTED_EDGE ( 'NONE', *, *, #1793, .F. ) ;
#909 = CARTESIAN_POINT ( 'NONE',  ( 62.27263423535944753, 99.86720258747466517, -16.65628769613711668 ) ) ;
#910 = EDGE_CURVE ( 'NONE', #73, #1595, #2261, .T. ) ;
#911 = CARTESIAN_POINT ( 'NONE',  ( -14.75318797862846587, 138.5283694685834348, -18.62300568836544201 ) ) ;
#912 = ORIENTED_EDGE ( 'NONE', *, *, #1016, .F. ) ;
#913 = ADVANCED_FACE ( 'NONE', ( #1170, #1882 ), #269, .T. ) ;
#914 = CYLINDRICAL_SURFACE ( 'NONE', #11, 2.999999999999995115 ) ;
#915 = CARTESIAN_POINT ( 'NONE',  ( -85.95354827844204237, 27.15033950533556251, 25.15854260873349446 ) ) ;
#916 = CARTESIAN_POINT ( 'NONE',  ( 57.28223153593000916, 110.2490298429918596, 11.33225839539349700 ) ) ;
#917 = CARTESIAN_POINT ( 'NONE',  ( 97.50000000000000000, 22.00000000000000000, -8.499999999999998224 ) ) ;
#918 = CARTESIAN_POINT ( 'NONE',  ( 108.0000000000000142, 0.000000000000000000, -23.00000000000001066 ) ) ;
#919 = ORIENTED_EDGE ( 'NONE', *, *, #2073, .T. ) ;
#920 = CARTESIAN_POINT ( 'NONE',  ( 87.62332124381184428, 21.58928800369848489, 27.99820954507119097 ) ) ;
#921 = CARTESIAN_POINT ( 'NONE',  ( -45.54731199473811643, 119.6840709731055767, -21.27139912831206559 ) ) ;
#922 = ORIENTED_EDGE ( 'NONE', *, *, #207, .T. ) ;
#923 = CIRCLE ( 'NONE', #1778, 8.500000000000000000 ) ;
#924 = CARTESIAN_POINT ( 'NONE',  ( -66.68381038593473420, 91.34821030665031572, -20.28771367046107343 ) ) ;
#925 = EDGE_CURVE ( 'NONE', #410, #525, #291, .T. ) ;
#926 = VECTOR ( 'NONE', #2032, 1000.000000000000000 ) ;
#927 = CARTESIAN_POINT ( 'NONE',  ( 86.43973544064326120, 22.00000000000000000, 25.73755579742307020 ) ) ;
#928 = CARTESIAN_POINT ( 'NONE',  ( 56.24709530901953514, 110.6731191645211112, 6.658259476226221274 ) ) ;
#929 = AXIS2_PLACEMENT_3D ( 'NONE', #1117, #1890, #789 ) ;
#930 = CARTESIAN_POINT ( 'NONE',  ( 68.73973932205515780, 84.47961726635557511, -23.11491383702904301 ) ) ;
#931 = DIRECTION ( 'NONE',  ( -0.000000000000000000, -0.000000000000000000, -1.000000000000000000 ) ) ;
#932 = ORIENTED_EDGE ( 'NONE', *, *, #1718, .T. ) ;
#933 = CARTESIAN_POINT ( 'NONE',  ( 56.06670253643988389, 110.9357692625054028, 5.997213267002320158 ) ) ;
#934 = CARTESIAN_POINT ( 'NONE',  ( 14.75318797862842146, 138.5283694685834348, -18.62300568836544201 ) ) ;
#935 = ORIENTED_EDGE ( 'NONE', *, *, #1466, .T. ) ;
#936 = CARTESIAN_POINT ( 'NONE',  ( -59.44103017011693169, 105.5104046765698769, -13.28771375607156457 ) ) ;
#937 = CARTESIAN_POINT ( 'NONE',  ( -65.19224131824938695, 92.22764790266879231, -19.10990323593047080 ) ) ;
#938 = CARTESIAN_POINT ( 'NONE',  ( -65.97012660855612864, 93.70360115901478082, 22.03600434834145716 ) ) ;
#939 = CARTESIAN_POINT ( 'NONE',  ( 56.29468418103584781, 111.6151975430621235, 7.012828767172039512 ) ) ;
#940 = ADVANCED_FACE ( 'NONE', ( #2079 ), #332, .T. ) ;
#941 = CARTESIAN_POINT ( 'NONE',  ( 67.04300182624014326, 90.13047207908357450, -22.01426644627217044 ) ) ;
#942 = CARTESIAN_POINT ( 'NONE',  ( 3.711189136462799798, 139.9999999998017870, 18.41618150511158447 ) ) ;
#943 = ORIENTED_EDGE ( 'NONE', *, *, #733, .F. ) ;
#944 = CARTESIAN_POINT ( 'NONE',  ( 59.71077204327765742, 105.0239666811948354, -13.66786713172533574 ) ) ;
#945 = CARTESIAN_POINT ( 'NONE',  ( 54.99285587994387470, 113.4697266537834395, -22.14476826605581294 ) ) ;
#946 = ORIENTED_EDGE ( 'NONE', *, *, #358, .T. ) ;
#947 = CARTESIAN_POINT ( 'NONE',  ( -58.86770127364918181, 106.5160935357738481, -12.41918782989811199 ) ) ;
#948 = CARTESIAN_POINT ( 'NONE',  ( -58.38309302444685045, 107.3332607154252116, -11.60520810017716009 ) ) ;
#949 = CARTESIAN_POINT ( 'NONE',  ( 62.09920040638693450, 100.2524726312591099, -16.48350670612553870 ) ) ;
#950 =( BOUNDED_SURFACE ( )  B_SPLINE_SURFACE ( 3, 2, ( 
 ( #1239, #2183, #2173 ),
 ( #737, #1275, #1980 ),
 ( #1614, #173, #1603 ),
 ( #161, #19, #1637 ),
 ( #1956, #1248, #892 ),
 ( #1066, #341, #194 ),
 ( #1965, #1764, #148 ),
 ( #2325, #2336, #723 ),
 ( #557, #915, #712 ),
 ( #352, #1426, #1991 ) ),
 .UNSPECIFIED., .F., .F., .T. ) 
 B_SPLINE_SURFACE_WITH_KNOTS ( ( 4, 2, 2, 2, 4 ),
 ( 3, 3 ),
 ( 0.000000000000000000, 0.01796448298188372400, 0.03592896596376744800, 0.05389344894565117200, 0.07185793192753489600 ),
 ( 0.000000000000000000, 1.000000000000000000 ),
 .UNSPECIFIED. ) 
 GEOMETRIC_REPRESENTATION_ITEM ( )  RATIONAL_B_SPLINE_SURFACE ( (
 ( 1.000000000000000000, 0.8946457150024829108, 1.000000000000000000),
 ( 1.000000000000000000, 0.8810696950910886782, 1.000000000000000000),
 ( 1.000000000000000000, 0.8671266696080991432, 1.000000000000000000),
 ( 1.000000000000000000, 0.8384251168524915476, 1.000000000000000000),
 ( 1.000000000000000000, 0.8236672785678816888, 1.000000000000000000),
 ( 1.000000000000000000, 0.7932152712264469718, 1.000000000000000000),
 ( 1.000000000000000000, 0.7775151690719245279, 1.000000000000000000),
 ( 1.000000000000000000, 0.7450898175679158131, 1.000000000000000000),
 ( 1.000000000000000000, 0.7283551534248289272, 1.000000000000000000),
 ( 1.000000000000000000, 0.7109851462120486687, 1.000000000000000000) ) ) 
 REPRESENTATION_ITEM ( '' )  SURFACE ( )  );
#951 = DIRECTION ( 'NONE',  ( 0.000000000000000000, 0.000000000000000000, 1.000000000000000000 ) ) ;
#952 = CARTESIAN_POINT ( 'NONE',  ( -85.00000000000000000, 0.000000000000000000, 8.499999999999989342 ) ) ;
#953 = CC_DESIGN_PERSON_AND_ORGANIZATION_ASSIGNMENT ( #1751, #1558, ( #1111 ) ) ;
#954 = CARTESIAN_POINT ( 'NONE',  ( 17.67183483031363878, 135.1435341435107489, 19.09871327029244625 ) ) ;
#955 = ORIENTED_EDGE ( 'NONE', *, *, #2177, .F. ) ;
#956 = FACE_OUTER_BOUND ( 'NONE', #866, .T. ) ;
#957 = EDGE_CURVE ( 'NONE', #1474, #1800, #1373, .T. ) ;
#958 = DIRECTION ( 'NONE',  ( 0.9577571689462879290, 0.2875781725583351212, 0.000000000000000000 ) ) ;
#959 = CARTESIAN_POINT ( 'NONE',  ( 64.61101985193587893, 97.19070206353435992, -21.56692770818337479 ) ) ;
#960 = ORIENTED_EDGE ( 'NONE', *, *, #1939, .F. ) ;
#961 = CARTESIAN_POINT ( 'NONE',  ( -55.45343470497164162, 111.8118644823756398, -2.916322981801361180 ) ) ;
#962 = CARTESIAN_POINT ( 'NONE',  ( -55.39566721363231494, 111.8948342472147033, 2.675592486189600994 ) ) ;
#963 = PLANE ( 'NONE',  #1746 ) ;
#964 = VECTOR ( 'NONE', #1917, 1000.000000000000000 ) ;
#965 = CARTESIAN_POINT ( 'NONE',  ( 59.55653017585562736, 106.7952623378369879, -13.59874980082987506 ) ) ;
#966 = AXIS2_PLACEMENT_3D ( 'NONE', #1748, #1295, #779 ) ;
#967 = DIRECTION ( 'NONE',  ( 0.9577571689462879290, 0.2875781725583351212, 0.000000000000000000 ) ) ;
#968 = DIRECTION ( 'NONE',  ( -0.000000000000000000, 1.000000000000000000, -0.000000000000000000 ) ) ;
#969 = CARTESIAN_POINT ( 'NONE',  ( 108.0000000000000142, 22.00000000000000000, 34.99999999999999289 ) ) ;
#970 = AXIS2_PLACEMENT_3D ( 'NONE', #726, #392, #2185 ) ;
#971 = VERTEX_POINT ( 'NONE', #1406 ) ;
#972 = CARTESIAN_POINT ( 'NONE',  ( 62.30531811523827912, 99.81628426859357717, 16.70405481173350992 ) ) ;
#973 = EDGE_CURVE ( 'NONE', #1800, #609, #862, .T. ) ;
#974 = CARTESIAN_POINT ( 'NONE',  ( 66.10736559836341542, 93.06727987996602280, 21.41296521211643622 ) ) ;
#975 = CARTESIAN_POINT ( 'NONE',  ( 61.19349736121750283, 104.1938643696805400, -23.44840569404599506 ) ) ;
#976 = ORIENTED_EDGE ( 'NONE', *, *, #1887, .F. ) ;
#977 = CARTESIAN_POINT ( 'NONE',  ( -55.74870220584290337, 111.3936398825536997, -4.649192826067515938 ) ) ;
#978 = CARTESIAN_POINT ( 'NONE',  ( -54.62226524346446865, 113.7767994617841367, 1.480420794247025995 ) ) ;
#979 = DIRECTION ( 'NONE',  ( -0.000000000000000000, -0.000000000000000000, -1.000000000000000000 ) ) ;
#980 = CARTESIAN_POINT ( 'NONE',  ( 97.50000000000000000, 0.000000000000000000, 8.499999999999989342 ) ) ;
#981 = CARTESIAN_POINT ( 'NONE',  ( 52.78817222948727306, 116.1229556477578058, 19.02020533186932383 ) ) ;
#982 = DIRECTION ( 'NONE',  ( 0.000000000000000000, 0.000000000000000000, -1.000000000000000000 ) ) ;
#983 = CARTESIAN_POINT ( 'NONE',  ( 58.86770127364919603, 106.5160935357738197, 12.41918782989809955 ) ) ;
#984 = CARTESIAN_POINT ( 'NONE',  ( -87.50000000000000000, 22.00000000000000000, 35.00000000000000000 ) ) ;
#985 = CARTESIAN_POINT ( 'NONE',  ( 35.45431272967909564, 130.4719190922710368, -19.75526594899388400 ) ) ;
#986 = CARTESIAN_POINT ( 'NONE',  ( -57.23058401997387534, 109.1959512829277088, -9.400753213765792538 ) ) ;
#987 = CARTESIAN_POINT ( 'NONE',  ( -55.35498648048312020, 112.8477465261429984, -6.048772722547453462 ) ) ;
#988 = FACE_OUTER_BOUND ( 'NONE', #2147, .T. ) ;
#989 = ADVANCED_FACE ( 'NONE', ( #687 ), #300, .F. ) ;
#990 = CARTESIAN_POINT ( 'NONE',  ( 63.69769219185481290, 99.04092341060972160, -18.12132059466944867 ) ) ;
#991 = FACE_OUTER_BOUND ( 'NONE', #2252, .T. ) ;
#992 = CARTESIAN_POINT ( 'NONE',  ( 61.19349736118373073, 104.1938643697252758, 23.44840569408523123 ) ) ;
#993 = VERTEX_POINT ( 'NONE', #1362 ) ;
#994 = CARTESIAN_POINT ( 'NONE',  ( -119.9999999999999716, 22.00000000000000000, -34.99999999999999289 ) ) ;
#995 = CARTESIAN_POINT ( 'NONE',  ( -119.9999999999999716, 0.000000000000000000, -23.00000000000001421 ) ) ;
#996 = CARTESIAN_POINT ( 'NONE',  ( 78.27414709689350047, 44.54458940818444290, 24.41017832386014774 ) ) ;
#997 = CC_DESIGN_DATE_AND_TIME_ASSIGNMENT ( #1212, #505, ( #826 ) ) ;
#998 = CARTESIAN_POINT ( 'NONE',  ( -55.52984832272640858, 111.7046337678829389, -3.455160204739357699 ) ) ;
#999 = CARTESIAN_POINT ( 'NONE',  ( -85.95115822942887007, 22.00000000000000000, -25.39960574970157836 ) ) ;
#1000 = CARTESIAN_POINT ( 'NONE',  ( 59.17166928558122407, 107.4043872810319300, -14.48561614807656284 ) ) ;
#1001 = CARTESIAN_POINT ( 'NONE',  ( -34.99999999999999289, 1.387778780781445676E-14, 38.09189836345261426 ) ) ;
#1002 = FACE_OUTER_BOUND ( 'NONE', #438, .T. ) ;
#1003 = ORIENTED_EDGE ( 'NONE', *, *, #1380, .T. ) ;
#1004 = DIRECTION ( 'NONE',  ( 0.000000000000000000, -1.000000000000000000, 0.000000000000000000 ) ) ;
#1005 = AXIS2_PLACEMENT_3D ( 'NONE', #51, #1345, #1721 ) ;
#1006 = VECTOR ( 'NONE', #176, 1000.000000000000000 ) ;
#1007 = CARTESIAN_POINT ( 'NONE',  ( 56.03622855455314777, 111.9520912655396501, 8.308236662568242892 ) ) ;
#1008 = CARTESIAN_POINT ( 'NONE',  ( -66.02241630454452093, 89.36483271959870933, -19.65669838347740139 ) ) ;
#1009 = CARTESIAN_POINT ( 'NONE',  ( -60.95009917580584613, 102.6820602861280918, 15.25640828679985184 ) ) ;
#1010 = CARTESIAN_POINT ( 'NONE',  ( -44.77177178739246699, 123.9389155993386709, 17.96882071922052049 ) ) ;
#1011 = CALENDAR_DATE ( 2026, 27, 7 ) ;
#1012 = CARTESIAN_POINT ( 'NONE',  ( -54.80466663008931505, 113.5483847147719842, 3.088809532143595327 ) ) ;
#1013 = CARTESIAN_POINT ( 'NONE',  ( 66.20215018034183174, 92.79600820542965778, 19.98842390853265982 ) ) ;
#1014 = EDGE_CURVE ( 'NONE', #410, #23, #2082, .T. ) ;
#1015 = DIRECTION ( 'NONE',  ( -0.000000000000000000, -1.000000000000000000, 0.000000000000000000 ) ) ;
#1016 = EDGE_CURVE ( 'NONE', #698, #746, #2166, .T. ) ;
#1017 = CARTESIAN_POINT ( 'NONE',  ( 64.16973031940128180, 89.68525686428876043, -25.48745750324707515 ) ) ;
#1018 = LINE ( 'NONE', #333, #391 ) ;
#1019 = CARTESIAN_POINT ( 'NONE',  ( -58.18582223171742385, 108.9193436886905886, 12.94371645747629884 ) ) ;
#1020 = CARTESIAN_POINT ( 'NONE',  ( -55.17457191199964939, 113.2398517497784098, 19.40803371043838155 ) ) ;
#1021 = PERSON_AND_ORGANIZATION_ROLE ( 'creator' ) ;
#1022 = CARTESIAN_POINT ( 'NONE',  ( -54.81687728567560214, 113.5330303134195873, -3.188460084112255899 ) ) ;
#1023 = CARTESIAN_POINT ( 'NONE',  ( 59.53851085667434972, 106.8183026611850295, 15.00310554575775868 ) ) ;
#1024 = CARTESIAN_POINT ( 'NONE',  ( -107.9999999999999716, 22.00000000000000000, -23.00000000000001421 ) ) ;
#1025 = EDGE_CURVE ( 'NONE', #1668, #1544, #1379, .T. ) ;
#1026 = CARTESIAN_POINT ( 'NONE',  ( 0.000000000000000000, 137.4175193028802084, 18.77912549789380847 ) ) ;
#1027 = CARTESIAN_POINT ( 'NONE',  ( -64.42079605414303956, 97.42662524561690418, 20.15970693570912076 ) ) ;
#1028 = CARTESIAN_POINT ( 'NONE',  ( -1.243449787580175325E-13, 140.0000000000000000, 15.80832129166909894 ) ) ;
#1029 = APPLICATION_PROTOCOL_DEFINITION ( 'international standard', 'config_control_design', 1994, #376 ) ;
#1030 = CARTESIAN_POINT ( 'NONE',  ( -56.37945406693302886, 111.4897807250149526, 9.233316551569890507 ) ) ;
#1031 = CARTESIAN_POINT ( 'NONE',  ( 61.84792634668212941, 102.7973768031858697, 16.37956287579582693 ) ) ;
#1032 = CYLINDRICAL_SURFACE ( 'NONE', #1189, 70.00000000000000000 ) ;
#1033 = CARTESIAN_POINT ( 'NONE',  ( 67.15357375493034908, 89.76222070435247247, -22.56840765260736958 ) ) ;
#1034 = CIRCLE ( 'NONE', #966, 12.00000000000000000 ) ;
#1035 = CARTESIAN_POINT ( 'NONE',  ( -82.89515883895009551, 27.63860571526673127, -24.96555435133643641 ) ) ;
#1036 = AXIS2_PLACEMENT_3D ( 'NONE', #254, #2249, #277 ) ;
#1037 = CARTESIAN_POINT ( 'NONE',  ( -62.66212890796679602, 98.98027054434892591, 17.03287066993819465 ) ) ;
#1038 = CARTESIAN_POINT ( 'NONE',  ( -119.9999999999999716, 0.000000000000000000, 34.99999999999999289 ) ) ;
#1039 = APPROVAL_DATE_TIME ( #671, #2250 ) ;
#1040 = ORIENTED_EDGE ( 'NONE', *, *, #2111, .T. ) ;
#1041 = CARTESIAN_POINT ( 'NONE',  ( -56.51169965239142812, 111.3095838778185822, 9.562825054293588423 ) ) ;
#1042 = ORIENTED_EDGE ( 'NONE', *, *, #636, .F. ) ;
#1043 = CARTESIAN_POINT ( 'NONE',  ( 59.51790749270980996, 105.3730219621593562, 13.39703455052717729 ) ) ;
#1044 = DIRECTION ( 'NONE',  ( -1.000000000000000000, 0.000000000000000000, -1.804112415015879773E-15 ) ) ;
#1045 = ORIENTED_EDGE ( 'NONE', *, *, #2085, .F. ) ;
#1046 = CARTESIAN_POINT ( 'NONE',  ( -84.43638059940633411, 21.99999999999999289, -24.99364585592257626 ) ) ;
#1047 = CARTESIAN_POINT ( 'NONE',  ( -84.99999999999933209, 0.000000000000000000, 0.000000000000000000 ) ) ;
#1048 = ADVANCED_FACE ( 'NONE', ( #1737 ), #140, .T. ) ;
#1049 = CYLINDRICAL_SURFACE ( 'NONE', #87, 2.999999999999996891 ) ;
#1050 = PERSON_AND_ORGANIZATION ( #1418, #850 ) ;
#1051 = ORIENTED_EDGE ( 'NONE', *, *, #325, .T. ) ;
#1052 = EDGE_CURVE ( 'NONE', #1532, #16, #1510, .T. ) ;
#1053 = CARTESIAN_POINT ( 'NONE',  ( 85.22166480872249394, 22.00000000000000000, -25.10145318929947322 ) ) ;
#1054 = CARTESIAN_POINT ( 'NONE',  ( 86.72552328481786788, 22.00000000000000355, 26.01162589831179872 ) ) ;
#1055 = VERTEX_POINT ( 'NONE', #1562 ) ;
#1056 = CARTESIAN_POINT ( 'NONE',  ( 64.43674818433672158, 97.38829605077481233, 20.17220854242221151 ) ) ;
#1057 = CARTESIAN_POINT ( 'NONE',  ( 84.49304724073394368, 22.00000000000000000, 34.99999999999999289 ) ) ;
#1058 = CARTESIAN_POINT ( 'NONE',  ( 69.06974207192493509, 78.21745318150941273, 21.40973909576567635 ) ) ;
#1059 = VERTEX_POINT ( 'NONE', #109 ) ;
#1060 = CARTESIAN_POINT ( 'NONE',  ( 68.73973932205994686, 84.47961726633960211, 23.11491383701135405 ) ) ;
#1061 = CARTESIAN_POINT ( 'NONE',  ( -66.02241630454447829, 89.36483271959875196, 19.65669838347738363 ) ) ;
#1062 = CARTESIAN_POINT ( 'NONE',  ( -27.75127109408082404, 131.5044876028554768, -19.61014790863698209 ) ) ;
#1063 = CC_DESIGN_PERSON_AND_ORGANIZATION_ASSIGNMENT ( #2087, #858, ( #238 ) ) ;
#1064 = CARTESIAN_POINT ( 'NONE',  ( -67.04300182624015747, 90.13047207908357450, -22.01426644627217044 ) ) ;
#1065 = CARTESIAN_POINT ( 'NONE',  ( -85.95958811967470581, 22.00000000000000000, 25.38368551212261792 ) ) ;
#1066 = CARTESIAN_POINT ( 'NONE',  ( -76.93270487262796564, 49.45220336507632197, 24.14211369149165520 ) ) ;
#1067 = ORIENTED_EDGE ( 'NONE', *, *, #830, .F. ) ;
#1068 = CARTESIAN_POINT ( 'NONE',  ( 58.54725383452525733, 108.3706264241577202, 13.52620625356249029 ) ) ;
#1069 = CARTESIAN_POINT ( 'NONE',  ( 80.73333973924928841, 44.53584587767449676, -27.38680881030260394 ) ) ;
#1070 = CARTESIAN_POINT ( 'NONE',  ( -80.73333973923782025, 44.53584587771265291, -27.38680881029220515 ) ) ;
#1071 = ORIENTED_EDGE ( 'NONE', *, *, #2042, .T. ) ;
#1072 = CARTESIAN_POINT ( 'NONE',  ( 80.73333973926189344, 44.53584587763250369, 27.38680881030260394 ) ) ;
#1073 = CARTESIAN_POINT ( 'NONE',  ( -87.33687209829194842, 22.00000000000000355, -27.02130386637855963 ) ) ;
#1074 = CIRCLE ( 'NONE', #1935, 12.00000000000000000 ) ;
#1075 = CARTESIAN_POINT ( 'NONE',  ( 108.0000000000000142, 22.00000000000000000, -23.00000000000001066 ) ) ;
#1076 = CARTESIAN_POINT ( 'NONE',  ( 84.63580329106738986, 21.99999999999999645, -24.99814293884461591 ) ) ;
#1077 = FACE_OUTER_BOUND ( 'NONE', #1719, .T. ) ;
#1078 = ORIENTED_EDGE ( 'NONE', *, *, #486, .T. ) ;
#1079 = CARTESIAN_POINT ( 'NONE',  ( 54.66557614429186174, 113.7228558970912928, 1.605290607948124837 ) ) ;
#1080 = LINE ( 'NONE', #1791, #1006 ) ;
#1081 = ADVANCED_FACE ( 'NONE', ( #2092 ), #1767, .T. ) ;
#1082 = CARTESIAN_POINT ( 'NONE',  ( -67.04300182624014326, 90.13047207908356029, 35.00000000000000000 ) ) ;
#1083 = VERTEX_POINT ( 'NONE', #2281 ) ;
#1084 = CARTESIAN_POINT ( 'NONE',  ( 61.15444044673366619, 102.2697821169559234, -15.48926758253761449 ) ) ;
#1085 = ADVANCED_FACE ( 'NONE', ( #1924 ), #1032, .T. ) ;
#1086 = CARTESIAN_POINT ( 'NONE',  ( -87.39708135506086251, 22.00000000000000000, -27.20875009461706995 ) ) ;
#1087 = DIRECTION ( 'NONE',  ( 1.000000000000000000, -0.000000000000000000, 0.000000000000000000 ) ) ;
#1088 = CARTESIAN_POINT ( 'NONE',  ( -80.64852540642536383, 44.81831354400964784, -27.37096651591292229 ) ) ;
#1089 = CARTESIAN_POINT ( 'NONE',  ( 0.000000000000000000, 137.0000000000000000, 15.80832129166909894 ) ) ;
#1090 = ORIENTED_EDGE ( 'NONE', *, *, #1392, .T. ) ;
#1091 = CARTESIAN_POINT ( 'NONE',  ( 55.31484769224812226, 112.0058275864735293, 1.433505594732443766 ) ) ;
#1092 = LINE ( 'NONE', #523, #2004 ) ;
#1093 = CARTESIAN_POINT ( 'NONE',  ( -84.17761808923920341, 33.06493954218005626, -27.85833750354417759 ) ) ;
#1094 = EDGE_LOOP ( 'NONE', ( #1156, #27, #637, #342 ) ) ;
#1095 = CARTESIAN_POINT ( 'NONE',  ( 55.60902561334346217, 111.5923134373623355, -3.905123448398660102 ) ) ;
#1096 = EDGE_CURVE ( 'NONE', #2043, #1383, #1155, .T. ) ;
#1097 = CARTESIAN_POINT ( 'NONE',  ( -87.17920075445077543, 22.00000000000000000, -26.65956608249614845 ) ) ;
#1098 = ORIENTED_EDGE ( 'NONE', *, *, #2009, .T. ) ;
#1099 = CYLINDRICAL_SURFACE ( 'NONE', #1561, 8.499999999999989342 ) ;
#1100 = CARTESIAN_POINT ( 'NONE',  ( -60.97686282133547309, 102.6069047973976041, -15.27104447147074140 ) ) ;
#1101 = CARTESIAN_POINT ( 'NONE',  ( -66.59610295077158071, 91.61883469703298033, 21.73679418364293525 ) ) ;
#1102 = CARTESIAN_POINT ( 'NONE',  ( 58.18582223172647616, 108.9193436886772730, -12.94371645746897137 ) ) ;
#1103 = B_SPLINE_CURVE_WITH_KNOTS ( 'NONE', 3,
 ( #1556, #156, #516, #1234, #1951, #336, #2130, #2306, #693, #1061 ),
 .UNSPECIFIED., .F., .F.,
 ( 4, 2, 2, 2, 4 ),
 ( 4.115800985520526874E-15, 0.01753202663797251079, 0.03506405327594090682, 0.05259607991390931325, 0.07012810655187773357 ),
 .UNSPECIFIED. ) ;
#1104 = CARTESIAN_POINT ( 'NONE',  ( 83.21323681883254153, 26.47490864665925869, -24.98404593879223512 ) ) ;
#1105 = VERTEX_POINT ( 'NONE', #906 ) ;
#1106 = CARTESIAN_POINT ( 'NONE',  ( 69.12263046379469245, 78.02397975693926924, 21.43715445531210761 ) ) ;
#1107 = AXIS2_PLACEMENT_3D ( 'NONE', #1841, #2028, #266 ) ;
#1108 = CARTESIAN_POINT ( 'NONE',  ( 47.40316193867034400, 121.6405155652306149, -20.99643877230116118 ) ) ;
#1109 = EDGE_CURVE ( 'NONE', #860, #893, #548, .T. ) ;
#1110 = ORIENTED_EDGE ( 'NONE', *, *, #308, .T. ) ;
#1111 = SECURITY_CLASSIFICATION ( '', '', #1929 ) ;
#1112 = CARTESIAN_POINT ( 'NONE',  ( -119.9999999999999716, 22.00000000000000000, 34.99999999999999289 ) ) ;
#1113 = CIRCLE ( 'NONE', #242, 2.999999999999995115 ) ;
#1114 = FACE_OUTER_BOUND ( 'NONE', #1293, .T. ) ;
#1115 = CARTESIAN_POINT ( 'NONE',  ( 55.74726025387486317, 112.3361179704730830, 7.456231203394289686 ) ) ;
#1116 = AXIS2_PLACEMENT_3D ( 'NONE', #1393, #2110, #1830 ) ;
#1117 = CARTESIAN_POINT ( 'NONE',  ( -119.9999999999999716, 22.00000000000000000, 34.99999999999999289 ) ) ;
#1118 = CARTESIAN_POINT ( 'NONE',  ( -84.78397068884230237, 20.72833120778210159, -24.99840184977977131 ) ) ;
#1119 = EDGE_LOOP ( 'NONE', ( #518, #1283 ) ) ;
#1120 = CARTESIAN_POINT ( 'NONE',  ( 55.28119572704299145, 112.0525706856163879, 0.7473099753720388039 ) ) ;
#1121 = CARTESIAN_POINT ( 'NONE',  ( -14.19214438803600054, 135.9944495534356861, -18.97912490832046828 ) ) ;
#1122 = ORIENTED_EDGE ( 'NONE', *, *, #418, .T. ) ;
#1123 = CARTESIAN_POINT ( 'NONE',  ( -59.42088789803698035, 105.5464526631570692, 13.25874052046533436 ) ) ;
#1124 =( BOUNDED_CURVE ( )  B_SPLINE_CURVE ( 3, ( #1486, #1879, #1001, #607 ),
 .UNSPECIFIED., .F., .F. ) 
 B_SPLINE_CURVE_WITH_KNOTS ( ( 4, 4 ),
 ( 1.570796326794896558, 4.712388980384689674 ),
 .UNSPECIFIED. ) 
 CURVE ( )  GEOMETRIC_REPRESENTATION_ITEM ( )  RATIONAL_B_SPLINE_CURVE ( ( 1.000000000000000000, 0.3333333333333333703, 0.3333333333333333703, 1.000000000000000000 ) ) 
 REPRESENTATION_ITEM ( '' )  );
#1125 = CARTESIAN_POINT ( 'NONE',  ( -56.71005936984826690, 111.0444668097383385, -10.12513236137875872 ) ) ;
#1126 = CARTESIAN_POINT ( 'NONE',  ( 36.61790747832401394, 22.00000000000001066, -23.91531501483039435 ) ) ;
#1127 = EDGE_CURVE ( 'NONE', #1794, #494, #1278, .T. ) ;
#1128 = DIRECTION ( 'NONE',  ( 0.2850078432617629831, -0.9491968832735452333, 0.1334009222721730670 ) ) ;
#1129 = CARTESIAN_POINT ( 'NONE',  ( -87.49999999999998579, 22.00000000000000711, 33.80919263221650795 ) ) ;
#1130 = CARTESIAN_POINT ( 'NONE',  ( 14.75318797862819764, 138.5283694685879254, 18.62300568836480963 ) ) ;
#1131 = ORIENTED_EDGE ( 'NONE', *, *, #1367, .F. ) ;
#1132 = CARTESIAN_POINT ( 'NONE',  ( -85.00000000000000000, 0.000000000000000000, -8.499999999999989342 ) ) ;
#1133 = CARTESIAN_POINT ( 'NONE',  ( -73.81886406489418562, 67.56397971587442441, -25.48317402536005005 ) ) ;
#1134 = CARTESIAN_POINT ( 'NONE',  ( 3.730705699343180193, 140.0000000000000000, -15.80832129166909894 ) ) ;
#1135 = ORIENTED_EDGE ( 'NONE', *, *, #1954, .F. ) ;
#1136 = CARTESIAN_POINT ( 'NONE',  ( -55.55385992864305678, 111.6708546384666221, -3.617813354245142055 ) ) ;
#1137 = CARTESIAN_POINT ( 'NONE',  ( -55.18777164009075875, 113.0622641233259884, -5.331466629941494340 ) ) ;
#1138 = CARTESIAN_POINT ( 'NONE',  ( 87.47897272916897293, 22.00000000000000355, 27.59724720612520699 ) ) ;
#1139 = CARTESIAN_POINT ( 'NONE',  ( 120.0000000000000284, 22.00000000000000000, 22.99999999999999645 ) ) ;
#1140 = EDGE_CURVE ( 'NONE', #1930, #330, #1092, .T. ) ;
#1141 = ORIENTED_EDGE ( 'NONE', *, *, #1355, .F. ) ;
#1142 = CARTESIAN_POINT ( 'NONE',  ( -78.27797647605059694, 150.2638496785980635, 25.00000000000000711 ) ) ;
#1143 =( BOUNDED_CURVE ( )  B_SPLINE_CURVE ( 3, ( #2103, #2274, #1377, #2293 ),
 .UNSPECIFIED., .F., .F. ) 
 B_SPLINE_CURVE_WITH_KNOTS ( ( 4, 4 ),
 ( 2.028918500754727905, 3.559680988602437868 ),
 .UNSPECIFIED. ) 
 CURVE ( )  GEOMETRIC_REPRESENTATION_ITEM ( )  RATIONAL_B_SPLINE_CURVE ( ( 1.000000000000000000, 0.8140788529966000997, 0.8140788529966000997, 1.000000000000000000 ) ) 
 REPRESENTATION_ITEM ( '' )  );
#1144 = UNCERTAINTY_MEASURE_WITH_UNIT (LENGTH_MEASURE( 1.000000000000000082E-05 ), #2065, 'distance_accuracy_value', 'NONE');
#1145 = CARTESIAN_POINT ( 'NONE',  ( 55.21436233558863194, 113.0282225616189749, 5.455142943675626022 ) ) ;
#1146 = PLANE ( 'NONE',  #2117 ) ;
#1147 = ORIENTED_EDGE ( 'NONE', *, *, #484, .F. ) ;
#1148 = CARTESIAN_POINT ( 'NONE',  ( -59.71077204327762189, 105.0239666811948211, 13.66786713172530376 ) ) ;
#1149 = CARTESIAN_POINT ( 'NONE',  ( -57.28223153593994965, 110.2490298429772508, -11.33225839537746893 ) ) ;
#1150 = CARTESIAN_POINT ( 'NONE',  ( -119.9999999999999716, 0.000000000000000000, -35.00000000000000711 ) ) ;
#1151 = CARTESIAN_POINT ( 'NONE',  ( 67.12201098940451516, 89.86733808751564823, -20.54150613646947932 ) ) ;
#1152 = AXIS2_PLACEMENT_3D ( 'NONE', #1424, #1261, #1273 ) ;
#1153 = CARTESIAN_POINT ( 'NONE',  ( 80.64852540642539225, 44.81831354400966205, -27.37096651591292584 ) ) ;
#1154 = CARTESIAN_POINT ( 'NONE',  ( 54.99285587997071900, 113.4697266537733498, 22.14476826607238280 ) ) ;
#1155 = CIRCLE ( 'NONE', #1116, 3.000000000000002220 ) ;
#1156 = ORIENTED_EDGE ( 'NONE', *, *, #662, .T. ) ;
#1157 = CARTESIAN_POINT ( 'NONE',  ( -28.27797647605059694, 150.2638496785980067, -25.00000000000000355 ) ) ;
#1158 = ADVANCED_FACE ( 'NONE', ( #1242 ), #1619, .T. ) ;
#1159 = CARTESIAN_POINT ( 'NONE',  ( 57.35802725856714801, 110.1286068011689849, -11.43325963691532721 ) ) ;
#1160 = CARTESIAN_POINT ( 'NONE',  ( 58.72542411716258925, 102.8686410966741391, -23.63465367902527703 ) ) ;
#1161 = ORIENTED_EDGE ( 'NONE', *, *, #1925, .F. ) ;
#1162 = B_SPLINE_CURVE_WITH_KNOTS ( 'NONE', 3,
 ( #711, #891, #1602, #1088, #2172, #556, #1133, #1425, #1846, #228 ),
 .UNSPECIFIED., .F., .F.,
 ( 4, 2, 2, 2, 4 ),
 ( 0.000000000000000000, 0.01787445800333001961, 0.03574891600666003921, 0.05362337400999005882, 0.07149783201332007843 ),
 .UNSPECIFIED. ) ;
#1163 = CARTESIAN_POINT ( 'NONE',  ( -60.30896773938971478, 103.9100885303875117, -14.46112552605853097 ) ) ;
#1164 = CARTESIAN_POINT ( 'NONE',  ( -58.66216298315207212, 106.8636930631060551, -12.07833054704439490 ) ) ;
#1165 = CARTESIAN_POINT ( 'NONE',  ( -61.35492071943387771, 103.9041570980198941, 20.66384947279780704 ) ) ;
#1166 = CARTESIAN_POINT ( 'NONE',  ( 59.49123090250840562, 105.4209424346677793, -13.35894665207503706 ) ) ;
#1167 = CARTESIAN_POINT ( 'NONE',  ( -87.50000000000000000, 22.00000000000000000, 32.09176671168475536 ) ) ;
#1168 = CARTESIAN_POINT ( 'NONE',  ( 59.28829134788849586, 107.4019049459397337, 22.99754499373005601 ) ) ;
#1169 = EDGE_LOOP ( 'NONE', ( #1478, #1664, #1757, #1870 ) ) ;
#1170 = FACE_BOUND ( 'NONE', #1119, .T. ) ;
#1171 = CARTESIAN_POINT ( 'NONE',  ( 62.64696586398736855, 101.2630402627191160, 18.59689016916421167 ) ) ;
#1172 = DIRECTION ( 'NONE',  ( 0.2875781725583363979, 0.9577571689462874849, 0.000000000000000000 ) ) ;
#1173 = CARTESIAN_POINT ( 'NONE',  ( -57.55618917515533184, 108.6788964527405881, 10.04417372556601329 ) ) ;
#1174 = CARTESIAN_POINT ( 'NONE',  ( -85.21764047546491838, 21.99999999999999645, -25.10047067020791900 ) ) ;
#1175 = CARTESIAN_POINT ( 'NONE',  ( 64.42079605413202614, 97.42662524564113369, -20.15970693572240791 ) ) ;
#1176 = DIRECTION ( 'NONE',  ( -1.000000000000000000, 0.000000000000000000, 0.000000000000000000 ) ) ;
#1177 = PLANE ( 'NONE',  #1036 ) ;
#1178 = CARTESIAN_POINT ( 'NONE',  ( 37.12278455386510956, 126.3071391833910440, 20.34058759374768144 ) ) ;
#1179 = EDGE_LOOP ( 'NONE', ( #2132, #2069, #1329, #1161 ) ) ;
#1180 = DIRECTION ( 'NONE',  ( 0.2850078432617641488, 0.9491968832735447892, -0.1334009222721726229 ) ) ;
#1181 = CARTESIAN_POINT ( 'NONE',  ( 56.15732767562089833, 111.7899452461388421, 8.646960662120774188 ) ) ;
#1182 = CARTESIAN_POINT ( 'NONE',  ( -67.12201098940447253, 89.86733808751561980, -20.54150613646947576 ) ) ;
#1183 = CARTESIAN_POINT ( 'NONE',  ( -62.19477606545186177, 102.1296698261850651, 18.13270069831178333 ) ) ;
#1184 = CARTESIAN_POINT ( 'NONE',  ( -27.75127109407597459, 131.5044876029046179, 19.61014790863008983 ) ) ;
#1185 = CARTESIAN_POINT ( 'NONE',  ( -59.64101375306685071, 106.6520436443529150, -15.14341832605454030 ) ) ;
#1186 = CARTESIAN_POINT ( 'NONE',  ( 67.04300182624015747, 90.13047207908357450, 22.01426644627217044 ) ) ;
#1187 = DIRECTION ( 'NONE',  ( -0.000000000000000000, -0.000000000000000000, -1.000000000000000000 ) ) ;
#1188 = VECTOR ( 'NONE', #592, 1000.000000000000000 ) ;
#1189 = AXIS2_PLACEMENT_3D ( 'NONE', #1936, #677, #496 ) ;
#1190 = CARTESIAN_POINT ( 'NONE',  ( 55.34021040425104587, 112.8681011898596012, -6.141964632408492442 ) ) ;
#1191 = FACE_OUTER_BOUND ( 'NONE', #174, .T. ) ;
#1192 = CARTESIAN_POINT ( 'NONE',  ( -65.00368484432452476, 96.01736193887811055, 20.61356934467039181 ) ) ;
#1193 = CARTESIAN_POINT ( 'NONE',  ( -47.40316193870060602, 121.6405155652144288, 20.99643877230190014 ) ) ;
#1194 = DATE_AND_TIME ( #1011, #2083 ) ;
#1195 = CARTESIAN_POINT ( 'NONE',  ( -54.66541858997376124, 113.7230691283774604, -1.615856931648963046 ) ) ;
#1196 = FACE_OUTER_BOUND ( 'NONE', #2170, .T. ) ;
#1197 = VERTEX_POINT ( 'NONE', #917 ) ;
#1198 = EDGE_CURVE ( 'NONE', #2018, #828, #1080, .T. ) ;
#1199 = CARTESIAN_POINT ( 'NONE',  ( -85.00000000000000000, 0.000000000000000000, 8.499999999999989342 ) ) ;
#1200 = CARTESIAN_POINT ( 'NONE',  ( -81.35409313928742847, 33.27663357490057905, -24.84479755447505411 ) ) ;
#1201 = CARTESIAN_POINT ( 'NONE',  ( -79.08687462239180377, 50.01927236716445435, -24.74752415471483857 ) ) ;
#1202 = CARTESIAN_POINT ( 'NONE',  ( -58.61578157814777512, 108.2762957791190530, 12.15834333253620514 ) ) ;
#1203 = CARTESIAN_POINT ( 'NONE',  ( -25.54627543537990420, 135.2786793401560033, 16.44342228039487352 ) ) ;
#1204 = DIRECTION ( 'NONE',  ( 0.000000000000000000, -1.000000000000000000, 0.000000000000000000 ) ) ;
#1205 = CARTESIAN_POINT ( 'NONE',  ( 120.0000000000000284, 22.00000000000000000, 22.99999999999999645 ) ) ;
#1206 = EDGE_LOOP ( 'NONE', ( #576, #1042, #596, #674 ) ) ;
#1207 = CARTESIAN_POINT ( 'NONE',  ( 87.50000000000000000, 22.00000000000000711, 33.80919263221650795 ) ) ;
#1208 = LINE ( 'NONE', #1033, #50 ) ;
#1209 = CARTESIAN_POINT ( 'NONE',  ( 65.04133449625746266, 95.92166610235371138, -20.64190871368156976 ) ) ;
#1210 = CARTESIAN_POINT ( 'NONE',  ( -64.24766999129973044, 95.00871245773339524, 18.40621329335325029 ) ) ;
#1211 = DIRECTION ( 'NONE',  ( 0.000000000000000000, -1.000000000000000000, 0.000000000000000000 ) ) ;
#1212 = DATE_AND_TIME ( #1550, #2308 ) ;
#1213 = ORIENTED_EDGE ( 'NONE', *, *, #605, .F. ) ;
#1214 = CARTESIAN_POINT ( 'NONE',  ( -60.62120965905398151, 105.0251017122467374, 16.42494618816519392 ) ) ;
#1215 = ORIENTED_EDGE ( 'NONE', *, *, #841, .T. ) ;
#1216 = CARTESIAN_POINT ( 'NONE',  ( 65.01436207540371015, 95.99011217025258702, 20.62158328767700155 ) ) ;
#1217 = VECTOR ( 'NONE', #455, 1000.000000000000000 ) ;
#1218 = EDGE_CURVE ( 'NONE', #971, #73, #243, .T. ) ;
#1219 = ORIENTED_EDGE ( 'NONE', *, *, #36, .F. ) ;
#1220 = VECTOR ( 'NONE', #2102, 1000.000000000000000 ) ;
#1221 = PLANE ( 'NONE',  #125 ) ;
#1222 = ADVANCED_FACE ( 'NONE', ( #1627, #559 ), #1440, .F. ) ;
#1223 = CARTESIAN_POINT ( 'NONE',  ( -97.50000000000000000, 0.000000000000000000, -8.500000000000012434 ) ) ;
#1224 = CARTESIAN_POINT ( 'NONE',  ( -65.84616139393698120, 94.04544315667678234, -24.87467328224916230 ) ) ;
#1225 = COORDINATED_UNIVERSAL_TIME_OFFSET ( 5, 30, .AHEAD. ) ;
#1226 = EDGE_LOOP ( 'NONE', ( #2286, #498, #1677, #1995 ) ) ;
#1227 = CARTESIAN_POINT ( 'NONE',  ( 0.000000000000000000, 137.4175193028802084, 18.77912549789380847 ) ) ;
#1228 = CARTESIAN_POINT ( 'NONE',  ( -58.32343985364696692, 108.7099965157946855, -13.16243132359917034 ) ) ;
#1229 = ORIENTED_EDGE ( 'NONE', *, *, #882, .F. ) ;
#1230 = CARTESIAN_POINT ( 'NONE',  ( 59.11610014144256553, 107.4957065205648377, 12.94241690494246377 ) ) ;
#1231 = CARTESIAN_POINT ( 'NONE',  ( -57.81781947895329665, 120.8542382444673677, 18.38376428674182961 ) ) ;
#1232 = VERTEX_POINT ( 'NONE', #2175 ) ;
#1233 = CARTESIAN_POINT ( 'NONE',  ( -119.9999999999999716, 22.00000000000000000, -34.99999999999999289 ) ) ;
#1234 = CARTESIAN_POINT ( 'NONE',  ( -78.27483982084829961, 44.54205509632219417, 24.41029968023998009 ) ) ;
#1235 = CARTESIAN_POINT ( 'NONE',  ( -65.97012660856066191, 93.70360115899967468, -22.03600434834648425 ) ) ;
#1236 = FACE_OUTER_BOUND ( 'NONE', #1169, .T. ) ;
#1237 = ORIENTED_EDGE ( 'NONE', *, *, #1014, .F. ) ;
#1238 = CARTESIAN_POINT ( 'NONE',  ( -86.72631415525111720, 22.00000000000000000, 26.01257834088330156 ) ) ;
#1239 = CARTESIAN_POINT ( 'NONE',  ( -66.02241630454454935, 89.36483271959872354, 19.65669838347739784 ) ) ;
#1240 = ORIENTED_EDGE ( 'NONE', *, *, #1511, .F. ) ;
#1241 = CARTESIAN_POINT ( 'NONE',  ( 55.43893589856075010, 111.8321971078318313, 2.789950055735774814 ) ) ;
#1242 = FACE_OUTER_BOUND ( 'NONE', #689, .T. ) ;
#1243 = CARTESIAN_POINT ( 'NONE',  ( -73.86095727346604178, 67.42379149534635019, -25.49967010851102600 ) ) ;
#1244 = EDGE_LOOP ( 'NONE', ( #1135, #1855, #2058, #334 ) ) ;
#1245 = CARTESIAN_POINT ( 'NONE',  ( -64.16973031940128180, 89.68525686428874621, -25.48745750324706805 ) ) ;
#1246 = CARTESIAN_POINT ( 'NONE',  ( -61.84792634667429923, 102.7973768031694846, -16.37956287579734749 ) ) ;
#1247 = CARTESIAN_POINT ( 'NONE',  ( 64.16973031940128180, 89.26773756140855198, -22.51665329702236207 ) ) ;
#1248 = CARTESIAN_POINT ( 'NONE',  ( -75.66191898510291480, 61.42582588188648174, 24.04493926808051185 ) ) ;
#1249 = ORIENTED_EDGE ( 'NONE', *, *, #69, .F. ) ;
#1250 = CARTESIAN_POINT ( 'NONE',  ( 56.94351510438972497, 110.7228001322014848, -8.819265017740587354 ) ) ;
#1251 = CARTESIAN_POINT ( 'NONE',  ( 85.95354827835981837, 27.15033950533899443, -25.15854260883503102 ) ) ;
#1252 = FACE_OUTER_BOUND ( 'NONE', #445, .T. ) ;
#1253 = ORIENTED_EDGE ( 'NONE', *, *, #650, .T. ) ;
#1254 = CARTESIAN_POINT ( 'NONE',  ( 56.25216783766236972, 110.6648595227358243, 6.652170491090261706 ) ) ;
#1255 = LOCAL_TIME ( 23, 44, 8.000000000000000000, #845 ) ;
#1256 = VECTOR ( 'NONE', #1894, 1000.000000000000000 ) ;
#1257 = CARTESIAN_POINT ( 'NONE',  ( -38.78499878760645458, 128.3921401736620282, -17.36978338752549078 ) ) ;
#1258 = VECTOR ( 'NONE', #1580, 1000.000000000000000 ) ;
#1259 = PRODUCT_DEFINITION_SHAPE ( 'NONE', 'NONE',  #826 ) ;
#1260 = ORIENTED_EDGE ( 'NONE', *, *, #1610, .F. ) ;
#1261 = DIRECTION ( 'NONE',  ( -0.000000000000000000, 1.000000000000000000, -0.000000000000000000 ) ) ;
#1262 = CARTESIAN_POINT ( 'NONE',  ( -84.83273652989018387, 22.00000000000000000, 25.02066276271574452 ) ) ;
#1263 = CARTESIAN_POINT ( 'NONE',  ( -66.10471085655666457, 93.07542348792323139, 21.41126781252015476 ) ) ;
#1264 = ORIENTED_EDGE ( 'NONE', *, *, #798, .F. ) ;
#1265 = CARTESIAN_POINT ( 'NONE',  ( 58.65184239616687023, 108.2182694996702139, 12.20690146211605587 ) ) ;
#1266 = CARTESIAN_POINT ( 'NONE',  ( 69.12263046373018938, 78.02397975689871146, -21.43715445527688246 ) ) ;
#1267 = CARTESIAN_POINT ( 'NONE',  ( -84.23609329716559557, 32.87019232245378220, -25.17693663661168557 ) ) ;
#1268 = EDGE_CURVE ( 'NONE', #2034, #698, #198, .T. ) ;
#1269 = ORIENTED_EDGE ( 'NONE', *, *, #2285, .T. ) ;
#1270 = CARTESIAN_POINT ( 'NONE',  ( 58.55832126313760000, 107.0423972367467940, -11.91524374443774903 ) ) ;
#1271 = CARTESIAN_POINT ( 'NONE',  ( -61.19349736123623273, 104.1938643697197620, -23.44840569406733266 ) ) ;
#1272 = VERTEX_POINT ( 'NONE', #1461 ) ;
#1273 = DIRECTION ( 'NONE',  ( 0.000000000000000000, 0.000000000000000000, 1.000000000000000000 ) ) ;
#1274 = CARTESIAN_POINT ( 'NONE',  ( 85.41275970059274414, 22.00000000000000000, -25.15989583308703104 ) ) ;
#1275 = CARTESIAN_POINT ( 'NONE',  ( -68.84085017294631825, 84.14287528971350127, 21.53885433018436046 ) ) ;
#1276 = CARTESIAN_POINT ( 'NONE',  ( 57.56427702448303307, 109.8328913410517202, -11.83080607248078842 ) ) ;
#1277 =( BOUNDED_CURVE ( )  B_SPLINE_CURVE ( 3, ( #608, #1716, #60, #790 ),
 .UNSPECIFIED., .F., .F. ) 
 B_SPLINE_CURVE_WITH_KNOTS ( ( 4, 4 ),
 ( 0.000000000000000000, 1.279099096965199189 ),
 .UNSPECIFIED. ) 
 CURVE ( )  GEOMETRIC_REPRESENTATION_ITEM ( )  RATIONAL_B_SPLINE_CURVE ( ( 1.000000000000000000, 0.8682431227284623798, 0.8682431227284623798, 1.000000000000000000 ) ) 
 REPRESENTATION_ITEM ( '' )  );
#1278 = LINE ( 'NONE', #2137, #820 ) ;
#1279 = CARTESIAN_POINT ( 'NONE',  ( 85.05240778962534876, 20.99999980264368205, 25.00000000000000711 ) ) ;
#1280 = ORIENTED_EDGE ( 'NONE', *, *, #1663, .T. ) ;
#1281 = CARTESIAN_POINT ( 'NONE',  ( 55.55385992864305678, 111.6708546384666079, 3.617813354245146495 ) ) ;
#1282 = CARTESIAN_POINT ( 'NONE',  ( 24.45143505956846397, 132.8985409570159391, -19.41422648662360118 ) ) ;
#1283 = ORIENTED_EDGE ( 'NONE', *, *, #1492, .F. ) ;
#1284 = DIRECTION ( 'NONE',  ( -1.156482317317871331E-15, 0.000000000000000000, -1.000000000000000000 ) ) ;
#1285 = CARTESIAN_POINT ( 'NONE',  ( 84.43638059940742835, 22.00000000000000000, 24.99364585592259402 ) ) ;
#1286 = CARTESIAN_POINT ( 'NONE',  ( 56.50980582709011912, 111.3230825459102959, 7.663087891400929941 ) ) ;
#1287 = PLANE ( 'NONE',  #929 ) ;
#1288 = DIRECTION ( 'NONE',  ( 0.000000000000000000, 0.000000000000000000, -1.000000000000000000 ) ) ;
#1289 = ORIENTED_EDGE ( 'NONE', *, *, #1954, .T. ) ;
#1290 = CARTESIAN_POINT ( 'NONE',  ( 59.42088789803702298, 105.5464526631571118, -13.25874052046536811 ) ) ;
#1291 = AXIS2_PLACEMENT_3D ( 'NONE', #642, #2081, #1357 ) ;
#1292 = CARTESIAN_POINT ( 'NONE',  ( 14.19214438803595613, 135.9944495534356861, -18.97912490832046828 ) ) ;
#1293 = EDGE_LOOP ( 'NONE', ( #1570, #268, #922, #149 ) ) ;
#1294 = ADVANCED_FACE ( 'NONE', ( #570 ), #1287, .F. ) ;
#1295 = DIRECTION ( 'NONE',  ( -0.000000000000000000, 1.000000000000000000, -0.000000000000000000 ) ) ;
#1296 = CARTESIAN_POINT ( 'NONE',  ( -55.69689888947579703, 112.4090381244326977, 7.389970732677554111 ) ) ;
#1297 = VECTOR ( 'NONE', #2118, 1000.000000000000000 ) ;
#1298 = CARTESIAN_POINT ( 'NONE',  ( -85.00000000000000000, 22.00000000000000000, 8.499999999999989342 ) ) ;
#1299 = CARTESIAN_POINT ( 'NONE',  ( 64.24766999129862199, 95.00871245772269447, -18.40621329335180434 ) ) ;
#1300 = VECTOR ( 'NONE', #1906, 1000.000000000000000 ) ;
#1301 = CARTESIAN_POINT ( 'NONE',  ( 67.04300182624014326, 90.13047207908356029, 22.51665329702235852 ) ) ;
#1302 = CARTESIAN_POINT ( 'NONE',  ( -97.50000000000000000, 0.000000000000000000, 8.499999999999989342 ) ) ;
#1303 = CARTESIAN_POINT ( 'NONE',  ( -85.95354827822451682, 27.15033950532347973, -25.15854260905926765 ) ) ;
#1304 = ORIENTED_EDGE ( 'NONE', *, *, #2088, .F. ) ;
#1305 = CARTESIAN_POINT ( 'NONE',  ( 85.90023919542207409, 27.32788133937036079, 27.98212619375450672 ) ) ;
#1306 = CARTESIAN_POINT ( 'NONE',  ( 34.08698030300381987, 128.2087687896431305, -20.07333098159022100 ) ) ;
#1307 = ORIENTED_EDGE ( 'NONE', *, *, #530, .T. ) ;
#1308 = CARTESIAN_POINT ( 'NONE',  ( -61.15444044673369461, 102.2697821169559660, 15.48926758253760383 ) ) ;
#1309 = CARTESIAN_POINT ( 'NONE',  ( -54.62752501936350313, 113.7702355273531936, -0.8258820185961267546 ) ) ;
#1310 = EDGE_CURVE ( 'NONE', #423, #1427, #1862, .T. ) ;
#1311 = CARTESIAN_POINT ( 'NONE',  ( -59.28829134793732436, 107.4019049458737101, 22.99754499375732664 ) ) ;
#1312 = CARTESIAN_POINT ( 'NONE',  ( 62.52460393575081099, 101.4836323739787360, -18.45999280699614786 ) ) ;
#1313 = DIRECTION ( 'NONE',  ( -0.000000000000000000, 1.000000000000000000, -0.000000000000000000 ) ) ;
#1314 = LINE ( 'NONE', #980, #812 ) ;
#1315 = CARTESIAN_POINT ( 'NONE',  ( 66.93242989754993744, 90.49872345381464811, 25.37313222975259919 ) ) ;
#1316 = ORIENTED_EDGE ( 'NONE', *, *, #763, .T. ) ;
#1317 = CARTESIAN_POINT ( 'NONE',  ( -87.61057192869019161, 21.63174862526890507, -32.14352106726976643 ) ) ;
#1318 = CARTESIAN_POINT ( 'NONE',  ( 54.62477279593707635, 113.7736701603909069, -0.7572635960022289225 ) ) ;
#1319 = FACE_OUTER_BOUND ( 'NONE', #1206, .T. ) ;
#1320 = ORIENTED_EDGE ( 'NONE', *, *, #2042, .F. ) ;
#1321 = CARTESIAN_POINT ( 'NONE',  ( -65.22985964764758648, 92.10558073252073541, 19.13557958294975592 ) ) ;
#1322 = CARTESIAN_POINT ( 'NONE',  ( -55.76330702267468808, 112.3246289838761669, -5.015721942584736581 ) ) ;
#1323 = CARTESIAN_POINT ( 'NONE',  ( -59.45796945564468672, 107.1304192438876157, 20.22986025105766217 ) ) ;
#1324 = CARTESIAN_POINT ( 'NONE',  ( 59.87745051535356566, 106.2709215287993061, -14.04155286189074836 ) ) ;
#1325 = CARTESIAN_POINT ( 'NONE',  ( 32.07886838287593889, 140.0000000000000000, 15.80832129166909894 ) ) ;
#1326 = CARTESIAN_POINT ( 'NONE',  ( -87.50000000000000000, 22.00000000000000000, 32.09176671168475536 ) ) ;
#1327 = CARTESIAN_POINT ( 'NONE',  ( 56.90977076468691820, 105.9566348648920666, 23.20066445728415161 ) ) ;
#1328 = ADVANCED_FACE ( 'NONE', ( #1528 ), #1177, .F. ) ;
#1329 = ORIENTED_EDGE ( 'NONE', *, *, #2265, .F. ) ;
#1330 = CARTESIAN_POINT ( 'NONE',  ( 57.74809842002478177, 108.3862057690707985, 10.47953334771932532 ) ) ;
#1331 = CARTESIAN_POINT ( 'NONE',  ( 56.92513852219072845, 110.7380743031471297, -10.51772219202337055 ) ) ;
#1332 = CARTESIAN_POINT ( 'NONE',  ( 64.16973031940126759, 89.68525686428877464, -25.48745750324706805 ) ) ;
#1333 = EDGE_LOOP ( 'NONE', ( #3, #1431, #1949, #1604 ) ) ;
#1334 = CARTESIAN_POINT ( 'NONE',  ( -58.58284573269539663, 107.0010815313197554, -11.95651785120502275 ) ) ;
#1335 = CARTESIAN_POINT ( 'NONE',  ( -56.83553470556100962, 109.7955087827740783, 8.376129176225370898 ) ) ;
#1336 = CARTESIAN_POINT ( 'NONE',  ( -67.04300182624014326, 90.13047207908354608, 22.51665329702236207 ) ) ;
#1337 = CARTESIAN_POINT ( 'NONE',  ( 58.62874013055459699, 106.9239394414524469, -12.03161431561882999 ) ) ;
#1338 = AXIS2_PLACEMENT_3D ( 'NONE', #323, #1386, #132 ) ;
#1339 = CARTESIAN_POINT ( 'NONE',  ( -67.04300182624014326, 90.13047207908356029, -22.01426644627216334 ) ) ;
#1340 = CARTESIAN_POINT ( 'NONE',  ( -66.02241630454447829, 89.36483271959875196, 19.65669838347738363 ) ) ;
#1341 = CARTESIAN_POINT ( 'NONE',  ( 65.84616139403067336, 94.04544315672121968, 24.87467328225887897 ) ) ;
#1342 = CIRCLE ( 'NONE', #315, 8.499999999999989342 ) ;
#1343 = EDGE_LOOP ( 'NONE', ( #1973, #1591, #898, #299 ) ) ;
#1344 = DIRECTION ( 'NONE',  ( -0.2850078432617641488, -0.9491968832735447892, -0.1334009222721726229 ) ) ;
#1345 = DIRECTION ( 'NONE',  ( 0.000000000000000000, -0.1391731009600656321, -0.9902680687415703620 ) ) ;
#1346 = CYLINDRICAL_SURFACE ( 'NONE', #1858, 8.499999999999989342 ) ;
#1347 = CARTESIAN_POINT ( 'NONE',  ( -56.06670253643989099, 110.9357692625054312, -5.997213267002328152 ) ) ;
#1348 = CARTESIAN_POINT ( 'NONE',  ( -54.75937847976031492, 113.6073834547664063, 2.996223596520008137 ) ) ;
#1349 = CARTESIAN_POINT ( 'NONE',  ( -66.93242989754993744, 90.49872345381463390, 25.37313222975259919 ) ) ;
#1350 = CARTESIAN_POINT ( 'NONE',  ( 59.20115624270999177, 105.9357898484469303, -12.93497929276694158 ) ) ;
#1351 = CARTESIAN_POINT ( 'NONE',  ( 68.72933533809623441, 84.51426694137650486, -23.10816493349626555 ) ) ;
#1352 = LINE ( 'NONE', #1139, #1217 ) ;
#1353 = EDGE_LOOP ( 'NONE', ( #100, #976, #1584, #1067 ) ) ;
#1354 = CARTESIAN_POINT ( 'NONE',  ( 62.84318751928372393, 98.58084902699683028, 17.21074555111467319 ) ) ;
#1355 = EDGE_CURVE ( 'NONE', #795, #904, #166, .T. ) ;
#1356 = CARTESIAN_POINT ( 'NONE',  ( 58.81235475179185102, 107.9631489222280152, 13.94035632391375046 ) ) ;
#1357 = DIRECTION ( 'NONE',  ( 0.000000000000000000, 0.000000000000000000, -1.000000000000000000 ) ) ;
#1358 = CARTESIAN_POINT ( 'NONE',  ( -58.50855101059458008, 108.4333721204927059, 13.47388494553371707 ) ) ;
#1359 = CARTESIAN_POINT ( 'NONE',  ( -28.99386532214600365, 133.8222056865523939, 16.63934370240753680 ) ) ;
#1360 = CARTESIAN_POINT ( 'NONE',  ( 0.000000000000000000, 140.0000000000000000, 15.80832129166909894 ) ) ;
#1361 = CARTESIAN_POINT ( 'NONE',  ( 61.84197614399465692, 96.44290556371112189, 24.53773191440471990 ) ) ;
#1362 = CARTESIAN_POINT ( 'NONE',  ( -85.00000000000000000, 22.00000000000000000, -8.499999999999989342 ) ) ;
#1363 = CARTESIAN_POINT ( 'NONE',  ( 59.64101375306685071, 106.6520436443529292, 15.14341832605454030 ) ) ;
#1364 = CARTESIAN_POINT ( 'NONE',  ( 81.35409313928742847, 33.27663357490030904, 24.84479755447505056 ) ) ;
#1365 = CARTESIAN_POINT ( 'NONE',  ( -59.49123090250422763, 105.4209424346577038, 13.35894665206792098 ) ) ;
#1366 = CARTESIAN_POINT ( 'NONE',  ( -37.12278455386864096, 126.3071391833564263, 20.34058759375254510 ) ) ;
#1367 = EDGE_CURVE ( 'NONE', #318, #2181, #1124, .T. ) ;
#1368 = PERSON_AND_ORGANIZATION ( #1418, #850 ) ;
#1369 = EDGE_LOOP ( 'NONE', ( #1622, #724, #875, #1567 ) ) ;
#1370 = VECTOR ( 'NONE', #293, 1000.000000000000000 ) ;
#1371 = CARTESIAN_POINT ( 'NONE',  ( -56.03622855455314777, 111.9520912655396501, -8.308236662568232234 ) ) ;
#1372 = CARTESIAN_POINT ( 'NONE',  ( 34.99999999999999289, 140.0000000000000000, -18.41618150511776975 ) ) ;
#1373 = LINE ( 'NONE', #1199, #2316 ) ;
#1374 = VECTOR ( 'NONE', #2113, 1000.000000000000000 ) ;
#1375 = CARTESIAN_POINT ( 'NONE',  ( 59.61486055505308457, 106.6945582290022116, -15.10779228905559712 ) ) ;
#1376 = CARTESIAN_POINT ( 'NONE',  ( -73.80050646944674497, 60.91103336458478168, -23.29956175857065759 ) ) ;
#1377 = CARTESIAN_POINT ( 'NONE',  ( 87.50000000000002842, 22.00000000000000000, -33.80919263221652216 ) ) ;
#1378 = CARTESIAN_POINT ( 'NONE',  ( -87.50000000000000000, 22.00000000000000000, 27.99687342189882244 ) ) ;
#1379 =( BOUNDED_CURVE ( )  B_SPLINE_CURVE ( 3, ( #1756, #1231, #2290, #119 ),
 .UNSPECIFIED., .F., .F. ) 
 B_SPLINE_CURVE_WITH_KNOTS ( ( 4, 4 ),
 ( 5.004086210214387265, 6.283185307179586232 ),
 .UNSPECIFIED. ) 
 CURVE ( )  GEOMETRIC_REPRESENTATION_ITEM ( )  RATIONAL_B_SPLINE_CURVE ( ( 1.000000000000000000, 0.8682431227284626019, 0.8682431227284626019, 1.000000000000000000 ) ) 
 REPRESENTATION_ITEM ( '' )  );
#1380 = EDGE_CURVE ( 'NONE', #2158, #609, #2234, .T. ) ;
#1381 = CARTESIAN_POINT ( 'NONE',  ( -54.62667707584562038, 113.7712937205392905, -0.8178190136134744215 ) ) ;
#1382 = CARTESIAN_POINT ( 'NONE',  ( 62.69671961683914674, 98.92604582724662521, 17.07556713282566463 ) ) ;
#1383 = VERTEX_POINT ( 'NONE', #1340 ) ;
#1384 = CARTESIAN_POINT ( 'NONE',  ( 84.43638059940630569, 22.00000000000001066, -24.99364585592257271 ) ) ;
#1385 = CARTESIAN_POINT ( 'NONE',  ( 67.04300182624014326, 90.13047207908356029, 35.00000000000000000 ) ) ;
#1386 = DIRECTION ( 'NONE',  ( 0.000000000000000000, -1.000000000000000000, 0.000000000000000000 ) ) ;
#1387 = DIRECTION ( 'NONE',  ( 0.000000000000000000, 0.000000000000000000, -1.000000000000000000 ) ) ;
#1388 = ORIENTED_EDGE ( 'NONE', *, *, #2143, .F. ) ;
#1389 = CARTESIAN_POINT ( 'NONE',  ( -60.64832008746002856, 104.9606844794411700, -16.42956230552537633 ) ) ;
#1390 = ORIENTED_EDGE ( 'NONE', *, *, #1268, .T. ) ;
#1391 = CARTESIAN_POINT ( 'NONE',  ( 60.09903004246651648, 104.3064470775831012, 14.19093149215056116 ) ) ;
#1392 = EDGE_CURVE ( 'NONE', #1105, #1083, #553, .T. ) ;
#1393 = CARTESIAN_POINT ( 'NONE',  ( -64.16973031940128180, 89.26773756140855198, 22.01426644627217755 ) ) ;
#1394 = EDGE_CURVE ( 'NONE', #971, #1468, #1314, .T. ) ;
#1395 = ORIENTED_EDGE ( 'NONE', *, *, #2203, .T. ) ;
#1396 = DIRECTION ( 'NONE',  ( -0.9577571689462879290, 0.2875781725583351212, 0.000000000000000000 ) ) ;
#1397 = CARTESIAN_POINT ( 'NONE',  ( -60.84502566714989769, 104.6396276889191768, 15.29245177714316206 ) ) ;
#1398 = CARTESIAN_POINT ( 'NONE',  ( -54.99285587994528868, 113.4697266537243934, -22.14476826607848281 ) ) ;
#1399 = APPROVAL_ROLE ( '' ) ;
#1400 = CARTESIAN_POINT ( 'NONE',  ( -119.9999999999999716, 22.00000000000000000, 34.99999999999999289 ) ) ;
#1401 = DIRECTION ( 'NONE',  ( 0.2850078432617630941, -0.9491968832735452333, -0.1334009222721730670 ) ) ;
#1402 = CARTESIAN_POINT ( 'NONE',  ( -60.31160534884557478, 105.5377698378241860, -16.01821418088754356 ) ) ;
#1403 = ORIENTED_EDGE ( 'NONE', *, *, #798, .T. ) ;
#1404 = FACE_OUTER_BOUND ( 'NONE', #1807, .T. ) ;
#1405 = VECTOR ( 'NONE', #1594, 1000.000000000000000 ) ;
#1406 = CARTESIAN_POINT ( 'NONE',  ( 97.50000000000000000, 0.000000000000000000, 8.499999999999989342 ) ) ;
#1407 = ORIENTED_EDGE ( 'NONE', *, *, #344, .F. ) ;
#1408 = VECTOR ( 'NONE', #2044, 1000.000000000000000 ) ;
#1409 = CARTESIAN_POINT ( 'NONE',  ( 67.04300182624014326, 90.13047207908354608, 22.01426644627217044 ) ) ;
#1410 = CIRCLE ( 'NONE', #1974, 2.999999999999999112 ) ;
#1411 = DIRECTION ( 'NONE',  ( -0.000000000000000000, 1.000000000000000000, -0.000000000000000000 ) ) ;
#1412 = CARTESIAN_POINT ( 'NONE',  ( -44.77177178742426378, 123.9389155993150240, -17.96882071922673063 ) ) ;
#1413 = ORIENTED_EDGE ( 'NONE', *, *, #110, .F. ) ;
#1414 = DIRECTION ( 'NONE',  ( 0.9577571689462879290, 0.2875781725583351212, 0.000000000000000000 ) ) ;
#1415 = DIRECTION ( 'NONE',  ( 0.000000000000000000, 0.000000000000000000, 1.000000000000000000 ) ) ;
#1416 = ORIENTED_EDGE ( 'NONE', *, *, #2187, .T. ) ;
#1417 = CARTESIAN_POINT ( 'NONE',  ( 61.56668882924297748, 103.3175103122922280, 17.47543790061940072 ) ) ;
#1418 = PERSON ( 'UNSPECIFIED', 'UNSPECIFIED', 'UNSPECIFIED', ('UNSPECIFIED'), ('UNSPECIFIED'), ('UNSPECIFIED') ) ;
#1419 = CARTESIAN_POINT ( 'NONE',  ( -119.9999999999999716, 22.00000000000000000, -35.00000000000000711 ) ) ;
#1420 = CARTESIAN_POINT ( 'NONE',  ( 73.66228375968003661, 61.41669970088728547, 23.25402161058364214 ) ) ;
#1421 = ORIENTED_EDGE ( 'NONE', *, *, #1511, .T. ) ;
#1422 = CARTESIAN_POINT ( 'NONE',  ( 66.10471085655666457, 93.07542348792324560, -21.41126781252016542 ) ) ;
#1423 = CARTESIAN_POINT ( 'NONE',  ( -18.46311101675961552, 137.6241946096056665, -16.12790906406516811 ) ) ;
#1424 = CARTESIAN_POINT ( 'NONE',  ( 97.50000000000000000, 0.000000000000000000, 1.530808498934274352E-15 ) ) ;
#1425 = CARTESIAN_POINT ( 'NONE',  ( -70.42255228630821762, 78.87513704391388103, -23.99762556607084107 ) ) ;
#1426 = CARTESIAN_POINT ( 'NONE',  ( -87.62561171479066502, 21.58165976480699655, 25.03103999167396410 ) ) ;
#1427 = VERTEX_POINT ( 'NONE', #1167 ) ;
#1428 = CARTESIAN_POINT ( 'NONE',  ( 55.30299068030481635, 112.9158787056118740, -5.984692879292614620 ) ) ;
#1429 = CARTESIAN_POINT ( 'NONE',  ( 73.95102779380992786, 67.12381849723446692, -23.57103615806621377 ) ) ;
#1430 = CARTESIAN_POINT ( 'NONE',  ( 7.424207487557772822, 139.7039596438034437, 18.45778726389438162 ) ) ;
#1431 = ORIENTED_EDGE ( 'NONE', *, *, #434, .F. ) ;
#1432 = CARTESIAN_POINT ( 'NONE',  ( 55.45343470497162031, 111.8118644823756114, 2.916322981801361180 ) ) ;
#1433 = FACE_OUTER_BOUND ( 'NONE', #248, .T. ) ;
#1434 = CARTESIAN_POINT ( 'NONE',  ( -59.90696484726569793, 106.2221217466006067, -14.08131482475894636 ) ) ;
#1435 = EDGE_CURVE ( 'NONE', #1981, #1197, #2016, .T. ) ;
#1436 = CARTESIAN_POINT ( 'NONE',  ( -87.08375432212292822, 22.00000000000000000, 26.48939615936416203 ) ) ;
#1437 = EDGE_LOOP ( 'NONE', ( #1789, #138, #2048, #38 ) ) ;
#1438 = CARTESIAN_POINT ( 'NONE',  ( 55.50449940793388492, 112.6637926377564156, 3.640628202441682504 ) ) ;
#1439 =( BOUNDED_CURVE ( )  B_SPLINE_CURVE ( 3, ( #495, #1913, #1372, #2090 ),
 .UNSPECIFIED., .F., .F. ) 
 B_SPLINE_CURVE_WITH_KNOTS ( ( 4, 4 ),
 ( 1.570796326794896558, 4.712388980384689674 ),
 .UNSPECIFIED. ) 
 CURVE ( )  GEOMETRIC_REPRESENTATION_ITEM ( )  RATIONAL_B_SPLINE_CURVE ( ( 1.000000000000000000, 0.3333333333333333703, 0.3333333333333333703, 1.000000000000000000 ) ) 
 REPRESENTATION_ITEM ( '' )  );
#1440 = PLANE ( 'NONE',  #1817 ) ;
#1441 = CYLINDRICAL_SURFACE ( 'NONE', #1931, 8.500000000000000000 ) ;
#1442 = VERTEX_POINT ( 'NONE', #2209 ) ;
#1443 = CARTESIAN_POINT ( 'NONE',  ( 72.23816762206647013, 66.62659195473437990, 22.76814083738225847 ) ) ;
#1444 = CC_DESIGN_APPROVAL ( #1897, ( #826 ) ) ;
#1445 = CARTESIAN_POINT ( 'NONE',  ( -61.35492071944353398, 103.9041570979999847, -20.66384947279673057 ) ) ;
#1446 = VECTOR ( 'NONE', #620, 1000.000000000000000 ) ;
#1447 = ORIENTED_EDGE ( 'NONE', *, *, #1016, .T. ) ;
#1448 = CARTESIAN_POINT ( 'NONE',  ( -63.21492341717502228, 100.1012746324350076, -19.12313263094088001 ) ) ;
#1449 = CARTESIAN_POINT ( 'NONE',  ( -85.41275970059368206, 21.99999999999999645, 25.15989583308733657 ) ) ;
#1450 = CARTESIAN_POINT ( 'NONE',  ( -67.04300182624014326, 90.13047207908356029, 22.01426644627217755 ) ) ;
#1451 = CARTESIAN_POINT ( 'NONE',  ( 57.26544351758165874, 110.2604876735232011, -11.24808664465397356 ) ) ;
#1452 = DIRECTION ( 'NONE',  ( 0.000000000000000000, -1.000000000000000000, 0.000000000000000000 ) ) ;
#1453 = CARTESIAN_POINT ( 'NONE',  ( -97.50000000000000000, 0.000000000000000000, 1.530808498934274352E-15 ) ) ;
#1454 = VERTEX_POINT ( 'NONE', #1853 ) ;
#1455 = CARTESIAN_POINT ( 'NONE',  ( 56.30444667199524389, 110.5963927159286868, -6.936348761390306983 ) ) ;
#1456 = CARTESIAN_POINT ( 'NONE',  ( 64.47366009913065454, 97.51730068250934380, -24.38673552763270891 ) ) ;
#1457 = ORIENTED_EDGE ( 'NONE', *, *, #1096, .T. ) ;
#1458 = CARTESIAN_POINT ( 'NONE',  ( -60.87415247020866360, 104.5716363858621207, -15.29882382939596219 ) ) ;
#1459 = CARTESIAN_POINT ( 'NONE',  ( -119.9999999999999716, 22.00000000000000000, -35.00000000000000711 ) ) ;
#1460 = CARTESIAN_POINT ( 'NONE',  ( 55.27752815356623728, 112.0576759997529308, -1.321998394473078653 ) ) ;
#1461 = CARTESIAN_POINT ( 'NONE',  ( 64.16973031940128180, 89.68525686428876043, 25.48745750324707160 ) ) ;
#1462 = ADVANCED_FACE ( 'NONE', ( #991 ), #593, .F. ) ;
#1463 = DIRECTION ( 'NONE',  ( 0.000000000000000000, 0.000000000000000000, 1.000000000000000000 ) ) ;
#1464 = ORIENTED_EDGE ( 'NONE', *, *, #344, .T. ) ;
#1465 = CARTESIAN_POINT ( 'NONE',  ( 75.66191898487771539, 61.42582588169849345, 24.04493926815597149 ) ) ;
#1466 = EDGE_CURVE ( 'NONE', #2018, #1754, #1865, .T. ) ;
#1467 = CARTESIAN_POINT ( 'NONE',  ( 7.461370813877649333, 139.7011198661326716, -15.84852594672529413 ) ) ;
#1468 = VERTEX_POINT ( 'NONE', #1688 ) ;
#1469 = CARTESIAN_POINT ( 'NONE',  ( -66.02241630454450672, 89.36483271959872354, -19.65669838347739073 ) ) ;
#1470 = CARTESIAN_POINT ( 'NONE',  ( -60.09903004246221059, 104.3064470775566548, -14.19093149214194582 ) ) ;
#1471 = CARTESIAN_POINT ( 'NONE',  ( 108.0000000000000142, 0.000000000000000000, 34.99999999999999289 ) ) ;
#1472 = CARTESIAN_POINT ( 'NONE',  ( 85.78589854877905907, 27.70868414178783823, -27.97572998413112089 ) ) ;
#1473 = CARTESIAN_POINT ( 'NONE',  ( 128.2779764760505827, 150.2638496785980067, -25.00000000000002132 ) ) ;
#1474 = VERTEX_POINT ( 'NONE', #952 ) ;
#1475 = CARTESIAN_POINT ( 'NONE',  ( 60.57858973460911756, 103.4091765508852774, -14.82030496336594716 ) ) ;
#1476 = ADVANCED_FACE ( 'NONE', ( #222 ), #429, .F. ) ;
#1477 = CARTESIAN_POINT ( 'NONE',  ( -3.730705699343445314, 140.0000000000000000, -15.80832129166909894 ) ) ;
#1478 = ORIENTED_EDGE ( 'NONE', *, *, #574, .F. ) ;
#1479 = CARTESIAN_POINT ( 'NONE',  ( -87.50000000000002842, 21.99999999999999645, -33.80919263221650795 ) ) ;
#1480 = CARTESIAN_POINT ( 'NONE',  ( -58.02343314784348394, 109.1690871548886008, 11.11686677921408695 ) ) ;
#1481 = CLOSED_SHELL ( 'NONE', ( #1843, #311, #1085, #1683, #1328, #1462, #1294, #740, #2014, #2318, #1712, #1639, #81, #1222, #1545, #857, #2154, #563, #913, #1048, #1081, #136, #2059, #1158, #2333, #783, #940, #2218, #497, #1968, #1987, #2301, #2100, #121, #1635, #386, #1696, #49, #1997, #2057, #1476, #2129, #989 ) ) ;
#1482 = CARTESIAN_POINT ( 'NONE',  ( -58.72542411717519428, 102.8686410966983829, 23.63465367902187353 ) ) ;
#1483 = CARTESIAN_POINT ( 'NONE',  ( 62.45027695892503772, 101.6346887389581610, -16.98795646754235023 ) ) ;
#1484 = VECTOR ( 'NONE', #1211, 1000.000000000000000 ) ;
#1485 = CARTESIAN_POINT ( 'NONE',  ( -85.00000000000000000, 0.000000000000000000, -8.499999999999989342 ) ) ;
#1486 = CARTESIAN_POINT ( 'NONE',  ( 35.00000000000000000, 70.00000000000000000, 28.25403993428519556 ) ) ;
#1487 = CARTESIAN_POINT ( 'NONE',  ( 27.75127109408008508, 131.5044876028494230, 19.61014790863783830 ) ) ;
#1488 = VERTEX_POINT ( 'NONE', #774 ) ;
#1489 = CARTESIAN_POINT ( 'NONE',  ( -78.27797647605059694, 150.2638496785980635, 25.00000000000000711 ) ) ;
#1490 = CARTESIAN_POINT ( 'NONE',  ( -84.43638059940633411, 21.99999999999999289, -24.99364585592257626 ) ) ;
#1491 = CARTESIAN_POINT ( 'NONE',  ( 3.570818312228471125, 137.4175193028802084, -18.77912549789380847 ) ) ;
#1492 = EDGE_CURVE ( 'NONE', #1232, #682, #717, .T. ) ;
#1493 = ORIENTED_EDGE ( 'NONE', *, *, #1530, .F. ) ;
#1494 = CARTESIAN_POINT ( 'NONE',  ( -55.55146559643791448, 111.6736759516457056, 3.552039908876468033 ) ) ;
#1495 = CARTESIAN_POINT ( 'NONE',  ( -58.54725383452279885, 108.3706264241614150, -13.52620625356215278 ) ) ;
#1496 = CARTESIAN_POINT ( 'NONE',  ( -64.16973031940128180, 89.68525686428874621, 25.48745750324707515 ) ) ;
#1497 = CARTESIAN_POINT ( 'NONE',  ( 66.08726524265941293, 93.12694399061767569, -21.39969092104576021 ) ) ;
#1498 = CARTESIAN_POINT ( 'NONE',  ( 80.64852540642533540, 44.81831354400964074, 27.37096651591292229 ) ) ;
#1499 = CARTESIAN_POINT ( 'NONE',  ( -84.49304724073392947, 22.00000000000000000, 34.99999999999999289 ) ) ;
#1500 = CARTESIAN_POINT ( 'NONE',  ( 28.99386532217832624, 133.8222056865355398, 16.63934370240768956 ) ) ;
#1501 = ORIENTED_EDGE ( 'NONE', *, *, #707, .F. ) ;
#1502 =( BOUNDED_SURFACE ( )  B_SPLINE_SURFACE ( 3, 2, ( 
 ( #1496, #1349, #1336 ),
 ( #388, #1659, #938 ),
 ( #1648, #30, #263 ),
 ( #1482, #2219, #1165 ),
 ( #2206, #1311, #1323 ),
 ( #2037, #2053, #1020 ),
 ( #835, #1910, #1539 ),
 ( #470, #1193, #2076 ),
 ( #480, #115, #1010 ),
 ( #1366, #461, #295 ),
 ( #844, #1557, #2257 ),
 ( #1184, #644, #1359 ),
 ( #1899, #670, #1203 ),
 ( #285, #1725, #824 ),
 ( #2086, #2096, #865 ),
 ( #105, #1549, #1565 ),
 ( #1733, #2267, #2275 ),
 ( #1740, #663, #1028 ) ),
 .UNSPECIFIED., .F., .F., .F. ) 
 B_SPLINE_SURFACE_WITH_KNOTS ( ( 4, 2, 2, 2, 2, 2, 2, 2, 4 ),
 ( 3, 3 ),
 ( 5.004086210214387265, 5.163973597335036914, 5.323860984455686562, 5.483748371576336211, 5.643635758696986748, 5.803523145817637285, 5.963410532938286934, 6.123297920058936583, 6.283185307179586232 ),
 ( 0.000000000000000000, 1.000000000000000000 ),
 .UNSPECIFIED. ) 
 GEOMETRIC_REPRESENTATION_ITEM ( )  RATIONAL_B_SPLINE_SURFACE ( (
 ( 1.000000000000000000, 0.7211182794949011488, 1.000000000000000000),
 ( 1.000000000000000000, 0.7235812129512689816, 1.000000000000000000),
 ( 1.000000000000000000, 0.7259720042751712787, 1.000000000000000000),
 ( 1.000000000000000000, 0.7305540045271342597, 1.000000000000000000),
 ( 1.000000000000000000, 0.7327450995385798027, 1.000000000000000000),
 ( 1.000000000000000000, 0.7368776889890891191, 1.000000000000000000),
 ( 1.000000000000000000, 0.7388191635830431148, 1.000000000000000000),
 ( 1.000000000000000000, 0.7424094023724209235, 1.000000000000000000),
 ( 1.000000000000000000, 0.7440581517916547982, 1.000000000000000000),
 ( 1.000000000000000000, 0.7470270779561470897, 1.000000000000000000),
 ( 1.000000000000000000, 0.7483472440280339866, 1.000000000000000000),
 ( 1.000000000000000000, 0.7506307670519446473, 1.000000000000000000),
 ( 1.000000000000000000, 0.7515941166646863403, 1.000000000000000000),
 ( 1.000000000000000000, 0.7531436635011766745, 1.000000000000000000),
 ( 1.000000000000000000, 0.7537298561491341253, 1.000000000000000000),
 ( 1.000000000000000000, 0.7545128156065814551, 1.000000000000000000),
 ( 1.000000000000000000, 0.7547097084251535026, 1.000000000000000000),
 ( 1.000000000000000000, 0.7547095802227722361, 1.000000000000000000) ) ) 
 REPRESENTATION_ITEM ( '' )  SURFACE ( )  );
#1503 = CARTESIAN_POINT ( 'NONE',  ( 58.58284573269538242, 107.0010815313196844, 11.95651785120501565 ) ) ;
#1504 = DIRECTION ( 'NONE',  ( -0.000000000000000000, -0.000000000000000000, -1.000000000000000000 ) ) ;
#1505 = DIRECTION ( 'NONE',  ( 1.387778780781445922E-16, 0.000000000000000000, 1.000000000000000000 ) ) ;
#1506 = ORIENTED_EDGE ( 'NONE', *, *, #211, .F. ) ;
#1507 = CARTESIAN_POINT ( 'NONE',  ( -66.02241630454447829, 89.36483271959875196, 19.65669838347738363 ) ) ;
#1508 = CARTESIAN_POINT ( 'NONE',  ( -56.20364940376103391, 110.7431634790983139, 6.599097048174752622 ) ) ;
#1509 = FACE_OUTER_BOUND ( 'NONE', #201, .T. ) ;
#1510 = B_SPLINE_CURVE_WITH_KNOTS ( 'NONE', 3,
 ( #1384, #1745, #130, #2271, #849, #880, #656, #2315, #870, #476 ),
 .UNSPECIFIED., .F., .F.,
 ( 4, 2, 2, 2, 4 ),
 ( 5.721958498152796815E-17, 0.01753202663796835439, 0.03506405327593665328, 0.05259607991390496257, 0.07012810655187327880 ),
 .UNSPECIFIED. ) ;
#1511 = EDGE_CURVE ( 'NONE', #1930, #698, #236, .T. ) ;
#1512 = CARTESIAN_POINT ( 'NONE',  ( -64.16973031940128180, 89.68525686428876043, -25.48745750324707515 ) ) ;
#1513 = CARTESIAN_POINT ( 'NONE',  ( 35.00000000000000000, 70.00000000000000000, -28.25403993428518490 ) ) ;
#1514 = CARTESIAN_POINT ( 'NONE',  ( 64.16973031940128180, 89.68525686428876043, 25.48745750324707160 ) ) ;
#1515 = ORIENTED_EDGE ( 'NONE', *, *, #2088, .T. ) ;
#1516 = CARTESIAN_POINT ( 'NONE',  ( -28.27797647605059694, 150.2638496785980067, 25.00000000000001066 ) ) ;
#1517 = LINE ( 'NONE', #639, #1256 ) ;
#1518 =( BOUNDED_SURFACE ( )  B_SPLINE_SURFACE ( 3, 2, ( 
 ( #1621, #1809, #1245 ),
 ( #1235, #1224, #1772 ),
 ( #1611, #1962, #694 ),
 ( #1445, #1271, #1988 ),
 ( #874, #2332, #2169 ),
 ( #539, #1398, #361 ),
 ( #372, #191, #2307 ),
 ( #720, #2115, #921 ),
 ( #1412, #2153, #887 ),
 ( #1257, #1941, #324 ),
 ( #1632, #1976, #2131 ),
 ( #517, #1952, #1062 ),
 ( #1799, #2321, #708 ),
 ( #1423, #2142, #528 ),
 ( #181, #911, #1121 ),
 ( #586, #204, #2227 ),
 ( #1477, #755, #2180 ),
 ( #1134, #2008, #1491 ),
 ( #1467, #2200, #384 ),
 ( #1847, #934, #1292 ),
 ( #1644, #1873, #1860 ),
 ( #1681, #2214, #1282 ),
 ( #259, #52, #2190 ),
 ( #247, #985, #1306 ),
 ( #37, #781, #422 ),
 ( #2033, #766, #575 ),
 ( #2047, #1108, #229 ),
 ( #1693, #437, #1834 ),
 ( #2021, #945, #399 ),
 ( #745, #26, #1823 ),
 ( #599, #975, #1160 ),
 ( #959, #1456, #216 ),
 ( #1667, #409, #1655 ),
 ( #64, #612, #1332 ) ),
 .UNSPECIFIED., .F., .F., .F. ) 
 B_SPLINE_SURFACE_WITH_KNOTS ( ( 4, 2, 2, 2, 2, 2, 2, 2, 2, 2, 2, 2, 2, 2, 2, 2, 4 ),
 ( 3, 3 ),
 ( 1.862493556624594149, 2.022380943745243798, 2.182268330865893891, 2.342155717986543983, 2.502043105107193632, 2.661930492227843281, 2.821817879348493374, 2.981705266469143467, 3.141592653589793116, 3.301480040710442765, 3.461367427831092858, 3.621254814951742951, 3.781142202072392600, 3.941029589193042693, 4.100916976313692786, 4.260804363434342434, 4.420691750554992083 ),
 ( 0.000000000000000000, 1.000000000000000000 ),
 .UNSPECIFIED. ) 
 GEOMETRIC_REPRESENTATION_ITEM ( )  RATIONAL_B_SPLINE_SURFACE ( (
 ( 1.000000000000000000, 0.7211182794949007047, 1.000000000000000000),
 ( 1.000000000000000000, 0.7235812129507204205, 1.000000000000000000),
 ( 1.000000000000000000, 0.7259720042759018055, 1.000000000000000000),
 ( 1.000000000000000000, 0.7305540045264037330, 1.000000000000000000),
 ( 1.000000000000000000, 0.7327450995425716096, 1.000000000000000000),
 ( 1.000000000000000000, 0.7368776889850997547, 1.000000000000000000),
 ( 1.000000000000000000, 0.7388191635822982661, 1.000000000000000000),
 ( 1.000000000000000000, 0.7424094023731624414, 1.000000000000000000),
 ( 1.000000000000000000, 0.7440581517894667707, 1.000000000000000000),
 ( 1.000000000000000000, 0.7470270779583351173, 1.000000000000000000),
 ( 1.000000000000000000, 0.7483472440283973626, 1.000000000000000000),
 ( 1.000000000000000000, 0.7506307670515814934, 1.000000000000000000),
 ( 1.000000000000000000, 0.7515941166646632476, 1.000000000000000000),
 ( 1.000000000000000000, 0.7531436635011997671, 1.000000000000000000),
 ( 1.000000000000000000, 0.7537298561491341253, 1.000000000000000000),
 ( 1.000000000000000000, 0.7545128156065814551, 1.000000000000000000),
 ( 1.000000000000000000, 0.7547095802227722361, 1.000000000000000000),
 ( 1.000000000000000000, 0.7547095802227722361, 1.000000000000000000),
 ( 1.000000000000000000, 0.7545128156065814551, 1.000000000000000000),
 ( 1.000000000000000000, 0.7537298561491341253, 1.000000000000000000),
 ( 1.000000000000000000, 0.7531436635010013703, 1.000000000000000000),
 ( 1.000000000000000000, 0.7515941166648616445, 1.000000000000000000),
 ( 1.000000000000000000, 0.7506307670515811603, 1.000000000000000000),
 ( 1.000000000000000000, 0.7483472440283970295, 1.000000000000000000),
 ( 1.000000000000000000, 0.7470270779557479646, 1.000000000000000000),
 ( 1.000000000000000000, 0.7440581517920514809, 1.000000000000000000),
 ( 1.000000000000000000, 0.7424094023735630099, 1.000000000000000000),
 ( 1.000000000000000000, 0.7388191635819019165, 1.000000000000000000),
 ( 1.000000000000000000, 0.7368776889888891679, 1.000000000000000000),
 ( 1.000000000000000000, 0.7327450995387788657, 1.000000000000000000),
 ( 1.000000000000000000, 0.7305540045295328966, 1.000000000000000000),
 ( 1.000000000000000000, 0.7259720042727748623, 1.000000000000000000),
 ( 1.000000000000000000, 0.7235812129530670989, 1.000000000000000000),
 ( 1.000000000000000000, 0.7211182794949012598, 1.000000000000000000) ) ) 
 REPRESENTATION_ITEM ( '' )  SURFACE ( )  );
#1519 = LINE ( 'NONE', #1680, #852 ) ;
#1520 = CARTESIAN_POINT ( 'NONE',  ( 84.99999999999933209, 22.00000000000000000, 0.000000000000000000 ) ) ;
#1521 = CARTESIAN_POINT ( 'NONE',  ( -62.84318751928368130, 98.58084902699680185, -17.21074555111466253 ) ) ;
#1522 = CARTESIAN_POINT ( 'NONE',  ( -57.57060629009814789, 108.6678431251947927, -10.11933819951841684 ) ) ;
#1523 = DIRECTION ( 'NONE',  ( 0.000000000000000000, 0.000000000000000000, 1.000000000000000000 ) ) ;
#1524 = AXIS2_PLACEMENT_3D ( 'NONE', #118, #1903, #464 ) ;
#1525 = CARTESIAN_POINT ( 'NONE',  ( 63.74185931724263554, 96.36030906246770655, -18.00101531455185366 ) ) ;
#1526 = AXIS2_PLACEMENT_3D ( 'NONE', #1047, #651, #834 ) ;
#1527 = LINE ( 'NONE', #416, #435 ) ;
#1528 = FACE_OUTER_BOUND ( 'NONE', #2106, .T. ) ;
#1529 = DIRECTION ( 'NONE',  ( 0.000000000000000000, 0.000000000000000000, -1.000000000000000000 ) ) ;
#1530 = EDGE_CURVE ( 'NONE', #168, #410, #1540, .T. ) ;
#1531 = CIRCLE ( 'NONE', #13, 2.999999999999999112 ) ;
#1532 = VERTEX_POINT ( 'NONE', #665 ) ;
#1533 =( BOUNDED_CURVE ( )  B_SPLINE_CURVE ( 3, ( #1705, #793, #2254, #1490 ),
 .UNSPECIFIED., .F., .F. ) 
 B_SPLINE_CURVE_WITH_KNOTS ( ( 4, 4 ),
 ( 0.0005566864215999093105, 0.07759934858855879747 ),
 .UNSPECIFIED. ) 
 CURVE ( )  GEOMETRIC_REPRESENTATION_ITEM ( )  RATIONAL_B_SPLINE_CURVE ( ( 0.9779522847778470140, 0.3406825717407330756, 0.3406825717407176990, 0.9779522847778009398 ) ) 
 REPRESENTATION_ITEM ( '' )  );
#1534 = CARTESIAN_POINT ( 'NONE',  ( -85.05240778962534876, 20.99999980264368205, 25.00000000000000711 ) ) ;
#1535 = CARTESIAN_POINT ( 'NONE',  ( 85.00000000000000000, 0.000000000000000000, 8.499999999999989342 ) ) ;
#1536 = CARTESIAN_POINT ( 'NONE',  ( 120.0000000000000284, 0.000000000000000000, 22.99999999999999645 ) ) ;
#1537 = ADVANCED_BREP_SHAPE_REPRESENTATION ( 'CSWP_18_18', ( #1704, #501 ), #623 ) ;
#1538 = CARTESIAN_POINT ( 'NONE',  ( -55.43893589855982640, 111.8321971078529629, -2.789950055737908219 ) ) ;
#1539 = CARTESIAN_POINT ( 'NONE',  ( -52.78817222949567167, 116.1229556477491371, 19.02020533186849960 ) ) ;
#1540 = LINE ( 'NONE', #1735, #697 ) ;
#1541 = CARTESIAN_POINT ( 'NONE',  ( 63.14283543933733966, 93.10525193686360979, 25.00680854106933282 ) ) ;
#1542 = EDGE_LOOP ( 'NONE', ( #743, #61, #2197, #955 ) ) ;
#1543 = CARTESIAN_POINT ( 'NONE',  ( 120.0000000000000284, 0.000000000000000000, -23.00000000000001421 ) ) ;
#1544 = VERTEX_POINT ( 'NONE', #1360 ) ;
#1545 = ADVANCED_FACE ( 'NONE', ( #2097, #127, #846 ), #2089, .T. ) ;
#1546 = CARTESIAN_POINT ( 'NONE',  ( 54.62667707584562038, 113.7712937205392620, 0.8178190136134741994 ) ) ;
#1547 = CARTESIAN_POINT ( 'NONE',  ( -75.57473973373387821, 61.71616972859730765, -26.09500142722110638 ) ) ;
#1548 = CARTESIAN_POINT ( 'NONE',  ( -59.50761901268231924, 106.8682105141306806, 14.96044797463033582 ) ) ;
#1549 = CARTESIAN_POINT ( 'NONE',  ( -7.424207487556397034, 139.7039596438076217, 18.45778726388140711 ) ) ;
#1550 = CALENDAR_DATE ( 2026, 27, 7 ) ;
#1551 = CARTESIAN_POINT ( 'NONE',  ( -56.78451490531391954, 110.9337609404365139, 10.20487945150759401 ) ) ;
#1552 = DIRECTION ( 'NONE',  ( -0.2850078432617642599, 0.9491968832735449002, 0.1334009222721726229 ) ) ;
#1553 = DIRECTION ( 'NONE',  ( 0.000000000000000000, 0.000000000000000000, -1.000000000000000000 ) ) ;
#1554 = DIRECTION ( 'NONE',  ( -0.9577571689462875959, -0.2875781725583364534, 0.000000000000000000 ) ) ;
#1555 = FACE_OUTER_BOUND ( 'NONE', #1244, .T. ) ;
#1556 = CARTESIAN_POINT ( 'NONE',  ( -84.43638059940755625, 22.00000000000000711, 24.99364585592260468 ) ) ;
#1557 = CARTESIAN_POINT ( 'NONE',  ( -35.45431272969420178, 130.4719190922216967, 19.75526594900550137 ) ) ;
#1558 = PERSON_AND_ORGANIZATION_ROLE ( 'classification_officer' ) ;
#1559 = VECTOR ( 'NONE', #1618, 1000.000000000000000 ) ;
#1560 = CARTESIAN_POINT ( 'NONE',  ( -56.78778443421250444, 110.9373563451630815, -10.30294094358572288 ) ) ;
#1561 = AXIS2_PLACEMENT_3D ( 'NONE', #2322, #1634, #17 ) ;
#1562 = CARTESIAN_POINT ( 'NONE',  ( -66.02241630454450672, 89.36483271959872354, -19.65669838347739073 ) ) ;
#1563 = CARTESIAN_POINT ( 'NONE',  ( 62.60859393775898241, 101.3394231245284374, -18.55969880444772002 ) ) ;
#1564 = CARTESIAN_POINT ( 'NONE',  ( -59.55653017586113407, 106.7952623378367321, 13.59874980082937945 ) ) ;
#1565 = CARTESIAN_POINT ( 'NONE',  ( -7.461370813874899532, 139.7011198661330980, 15.84852594671910531 ) ) ;
#1566 = PERSON_AND_ORGANIZATION ( #1418, #850 ) ;
#1567 = ORIENTED_EDGE ( 'NONE', *, *, #1914, .T. ) ;
#1568 = EDGE_CURVE ( 'NONE', #385, #2043, #709, .T. ) ;
#1569 = CARTESIAN_POINT ( 'NONE',  ( -57.66126986585130965, 109.6924712484177462, 12.01302541991917749 ) ) ;
#1570 = ORIENTED_EDGE ( 'NONE', *, *, #239, .F. ) ;
#1571 = CARTESIAN_POINT ( 'NONE',  ( 65.16332336080979815, 95.61524798238376377, 19.27764793078889838 ) ) ;
#1572 = CARTESIAN_POINT ( 'NONE',  ( -107.9999999999999716, 22.00000000000000000, 22.99999999999999645 ) ) ;
#1573 = ORIENTED_EDGE ( 'NONE', *, *, #1939, .T. ) ;
#1574 = CARTESIAN_POINT ( 'NONE',  ( -64.16973031940128180, 89.26773756140855198, -22.01426644627216334 ) ) ;
#1575 = B_SPLINE_CURVE_WITH_KNOTS ( 'NONE', 3,
 ( #2020, #2145, #1802, #2297, #2133, #2310, #184, #172, #1613, #1589 ),
 .UNSPECIFIED., .F., .F.,
 ( 4, 2, 2, 2, 4 ),
 ( 0.000000000000000000, 0.01785401052659061488, 0.03570802105318122976, 0.05356203157977184465, 0.07141604210636245953 ),
 .UNSPECIFIED. ) ;
#1576 = CYLINDRICAL_SURFACE ( 'NONE', #1338, 12.00000000000000000 ) ;
#1577 = DIRECTION ( 'NONE',  ( -0.9577571689462867077, -0.2875781725583393955, 0.000000000000000000 ) ) ;
#1578 = PERSON_AND_ORGANIZATION ( #1418, #850 ) ;
#1579 = LINE ( 'NONE', #1400, #1297 ) ;
#1580 = DIRECTION ( 'NONE',  ( -1.000000000000000000, -0.000000000000000000, -0.000000000000000000 ) ) ;
#1581 = EDGE_LOOP ( 'NONE', ( #587, #2319, #2296, #554 ) ) ;
#1582 = DIRECTION ( 'NONE',  ( 0.000000000000000000, 0.000000000000000000, -1.000000000000000000 ) ) ;
#1583 = CARTESIAN_POINT ( 'NONE',  ( -107.9999999999999716, 22.00000000000000000, -23.00000000000001421 ) ) ;
#1584 = ORIENTED_EDGE ( 'NONE', *, *, #1718, .F. ) ;
#1585 = CARTESIAN_POINT ( 'NONE',  ( 64.16973031940128180, 89.68525686428876043, 25.48745750324707160 ) ) ;
#1586 = FACE_OUTER_BOUND ( 'NONE', #1333, .T. ) ;
#1587 = FACE_OUTER_BOUND ( 'NONE', #365, .T. ) ;
#1588 = ORIENTED_EDGE ( 'NONE', *, *, #830, .T. ) ;
#1589 = CARTESIAN_POINT ( 'NONE',  ( -87.50000000000000000, 22.00000000000000000, 27.99687342189882244 ) ) ;
#1590 = CARTESIAN_POINT ( 'NONE',  ( 84.83208319429158450, 22.00000000000000355, 25.02067539855347533 ) ) ;
#1591 = ORIENTED_EDGE ( 'NONE', *, *, #752, .F. ) ;
#1592 = CARTESIAN_POINT ( 'NONE',  ( 58.66216298315308109, 106.8636930631032413, 12.07833054704601139 ) ) ;
#1593 = CARTESIAN_POINT ( 'NONE',  ( -1.179611963664229219E-15, 22.00000000000000000, 8.500000000000001776 ) ) ;
#1594 = DIRECTION ( 'NONE',  ( -0.000000000000000000, -0.000000000000000000, 1.000000000000000000 ) ) ;
#1595 = VERTEX_POINT ( 'NONE', #903 ) ;
#1596 = CIRCLE ( 'NONE', #695, 12.00000000000000000 ) ;
#1597 = CARTESIAN_POINT ( 'NONE',  ( 68.84085017343802804, 84.14287528992102239, 21.53885433027378227 ) ) ;
#1598 = AXIS2_PLACEMENT_3D ( 'NONE', #307, #485, #1044 ) ;
#1599 = CARTESIAN_POINT ( 'NONE',  ( -97.50000000000000000, 22.00000000000000000, -8.499999999999998224 ) ) ;
#1600 = DIRECTION ( 'NONE',  ( 1.000000000000000000, 0.000000000000000000, 1.804112415015879773E-15 ) ) ;
#1601 = CARTESIAN_POINT ( 'NONE',  ( -59.22937198554674154, 105.8860436574628494, -12.97702035370183182 ) ) ;
#1602 = CARTESIAN_POINT ( 'NONE',  ( -84.07276815924693381, 33.41413423668781491, -27.84798639182074709 ) ) ;
#1603 = CARTESIAN_POINT ( 'NONE',  ( -70.44350471392561985, 78.80535658186119008, 24.00867065129010314 ) ) ;
#1604 = ORIENTED_EDGE ( 'NONE', *, *, #841, .F. ) ;
#1605 = CARTESIAN_POINT ( 'NONE',  ( 55.90897118470266491, 111.1647775795115649, 5.401447721385210343 ) ) ;
#1606 = CARTESIAN_POINT ( 'NONE',  ( 75.66191898520769143, 61.42582588186363779, -24.04493926806670601 ) ) ;
#1607 = DIRECTION ( 'NONE',  ( 0.000000000000000000, -1.000000000000000000, 0.000000000000000000 ) ) ;
#1608 = ORIENTED_EDGE ( 'NONE', *, *, #69, .T. ) ;
#1609 = CARTESIAN_POINT ( 'NONE',  ( 61.99562958569014626, 100.4786700923775413, -16.37870656687474735 ) ) ;
#1610 = EDGE_CURVE ( 'NONE', #1960, #146, #635, .T. ) ;
#1611 = CARTESIAN_POINT ( 'NONE',  ( -64.61101985193126040, 97.19070206354385277, -21.56692770818444771 ) ) ;
#1612 = CARTESIAN_POINT ( 'NONE',  ( -58.80313932458140869, 106.6233181762047622, -12.30789929375398017 ) ) ;
#1613 = CARTESIAN_POINT ( 'NONE',  ( -85.78589854877905907, 27.70868414178783823, 27.97572998413113154 ) ) ;
#1614 = CARTESIAN_POINT ( 'NONE',  ( -69.12263046373352893, 78.02397975698198707, 21.43715445528095387 ) ) ;
#1615 = ORIENTED_EDGE ( 'NONE', *, *, #462, .F. ) ;
#1616 = CARTESIAN_POINT ( 'NONE',  ( 57.75580812810869702, 109.5739657968110805, 10.65248041853456584 ) ) ;
#1617 = CARTESIAN_POINT ( 'NONE',  ( 75.57473973372353271, 61.71616972863157713, -26.09500142728347072 ) ) ;
#1618 = DIRECTION ( 'NONE',  ( -0.000000000000000000, -0.000000000000000000, -1.000000000000000000 ) ) ;
#1619 =( BOUNDED_SURFACE ( )  B_SPLINE_SURFACE ( 3, 2, ( 
 ( #212, #165, #941 ),
 ( #2149, #378, #930 ),
 ( #1266, #1983, #2161 ),
 ( #345, #1429, #2002 ),
 ( #1640, #1606, #1617 ),
 ( #367, #715, #2328 ),
 ( #535, #2339, #1069 ),
 ( #1805, #1971, #187 ),
 ( #1104, #1251, #1779 ),
 ( #356, #1993, #9 ) ),
 .UNSPECIFIED., .F., .F., .F. ) 
 B_SPLINE_SURFACE_WITH_KNOTS ( ( 4, 2, 2, 2, 4 ),
 ( 3, 3 ),
 ( 0.000000000000000000, 0.01796448298188373094, 0.03592896596376746188, 0.05389344894565119282, 0.07185793192753492376 ),
 ( 0.000000000000000000, 1.000000000000000000 ),
 .UNSPECIFIED. ) 
 GEOMETRIC_REPRESENTATION_ITEM ( )  RATIONAL_B_SPLINE_SURFACE ( (
 ( 1.000000000000000000, 0.8946457150024846872, 1.000000000000000000),
 ( 1.000000000000000000, 0.8810696950910887892, 1.000000000000000000),
 ( 1.000000000000000000, 0.8671266696080992542, 1.000000000000000000),
 ( 1.000000000000000000, 0.8384251168524916586, 1.000000000000000000),
 ( 1.000000000000000000, 0.8236672785592343837, 1.000000000000000000),
 ( 1.000000000000000000, 0.7932152712350973855, 1.000000000000000000),
 ( 1.000000000000000000, 0.7775151690709252161, 1.000000000000000000),
 ( 1.000000000000000000, 0.7450898175689124603, 1.000000000000000000),
 ( 1.000000000000000000, 0.7283551534240800818, 1.000000000000000000),
 ( 1.000000000000000000, 0.7109851462120486687, 1.000000000000000000) ) ) 
 REPRESENTATION_ITEM ( '' )  SURFACE ( )  );
#1620 = CARTESIAN_POINT ( 'NONE',  ( 58.00622773329897086, 107.9572093095447087, -10.93396475153775604 ) ) ;
#1621 = CARTESIAN_POINT ( 'NONE',  ( -67.04300182624014326, 90.13047207908354608, -22.51665329702235496 ) ) ;
#1622 = ORIENTED_EDGE ( 'NONE', *, *, #403, .T. ) ;
#1623 = CARTESIAN_POINT ( 'NONE',  ( -63.75570075903724643, 96.32354776011966635, -18.01217647563468205 ) ) ;
#1624 = CARTESIAN_POINT ( 'NONE',  ( -87.33786675463909432, 22.00000000000000000, 27.02398099507256291 ) ) ;
#1625 = CARTESIAN_POINT ( 'NONE',  ( 85.95115822942952377, 22.00000000000000000, 25.39960574970196916 ) ) ;
#1626 = CARTESIAN_POINT ( 'NONE',  ( 57.06754344226558118, 109.4417451788222593, -8.951768222372731287 ) ) ;
#1627 = FACE_BOUND ( 'NONE', #1369, .T. ) ;
#1628 = DIRECTION ( 'NONE',  ( -0.000000000000000000, 1.000000000000000000, -0.000000000000000000 ) ) ;
#1629 = EDGE_LOOP ( 'NONE', ( #912, #1825, #1229, #1989 ) ) ;
#1630 = CARTESIAN_POINT ( 'NONE',  ( 63.07994458716281372, 97.99011155544371832, -17.41675116873350504 ) ) ;
#1631 = AXIS2_PLACEMENT_3D ( 'NONE', #387, #1087, #171 ) ;
#1632 = CARTESIAN_POINT ( 'NONE',  ( -35.61326300313645277, 130.3789173742335379, -17.10252677537107502 ) ) ;
#1633 = ORIENTED_EDGE ( 'NONE', *, *, #2276, .T. ) ;
#1634 = DIRECTION ( 'NONE',  ( -0.000000000000000000, 1.000000000000000000, -0.000000000000000000 ) ) ;
#1635 = ADVANCED_FACE ( 'NONE', ( #7 ), #950, .T. ) ;
#1636 = LINE ( 'NONE', #1112, #626 ) ;
#1637 = CARTESIAN_POINT ( 'NONE',  ( -73.86095727348092055, 67.42379149529681115, 25.49967010852141414 ) ) ;
#1638 = CARTESIAN_POINT ( 'NONE',  ( 55.92211570009407495, 112.1149853866166666, 5.690221697911943544 ) ) ;
#1639 = ADVANCED_FACE ( 'NONE', ( #1077 ), #1788, .F. ) ;
#1640 = CARTESIAN_POINT ( 'NONE',  ( 73.80050646960235383, 60.91103336464660600, -23.29956175862352907 ) ) ;
#1641 = CARTESIAN_POINT ( 'NONE',  ( 78.27797647605059694, 150.2638496785980635, -25.00000000000000711 ) ) ;
#1642 = ORIENTED_EDGE ( 'NONE', *, *, #973, .F. ) ;
#1643 = CARTESIAN_POINT ( 'NONE',  ( 80.80572976296771515, 44.29475642511216904, 24.96648238530046982 ) ) ;
#1644 = CARTESIAN_POINT ( 'NONE',  ( 18.46311101673915189, 137.6241946096124593, -16.12790906406516811 ) ) ;
#1645 = ORIENTED_EDGE ( 'NONE', *, *, #1025, .F. ) ;
#1646 = CARTESIAN_POINT ( 'NONE',  ( -58.55832126313760000, 107.0423972367468082, 11.91524374443773482 ) ) ;
#1647 = CARTESIAN_POINT ( 'NONE',  ( -66.09052120252457030, 93.11701135251989569, -21.40178181261452650 ) ) ;
#1648 = CARTESIAN_POINT ( 'NONE',  ( -61.84197614399793963, 96.44290556368231648, 24.53773191440877000 ) ) ;
#1649 = CARTESIAN_POINT ( 'NONE',  ( 54.80957825238218106, 113.5422033753596054, 3.124290094355754999 ) ) ;
#1650 = DIRECTION ( 'NONE',  ( -1.000000000000000000, -0.000000000000000000, -0.000000000000000000 ) ) ;
#1651 = CARTESIAN_POINT ( 'NONE',  ( 3.730724320723117771, 140.0000000000000000, 15.80832129167529132 ) ) ;
#1652 = EDGE_CURVE ( 'NONE', #521, #1544, #1531, .T. ) ;
#1653 = ORIENTED_EDGE ( 'NONE', *, *, #1781, .T. ) ;
#1654 = CARTESIAN_POINT ( 'NONE',  ( 84.17761808921514444, 33.06493954226017706, 27.85833750353378591 ) ) ;
#1655 = CARTESIAN_POINT ( 'NONE',  ( 63.14283543937732190, 93.10525193688212653, -25.00680854106673223 ) ) ;
#1656 = ORIENTED_EDGE ( 'NONE', *, *, #925, .F. ) ;
#1657 = CARTESIAN_POINT ( 'NONE',  ( -62.30531811523827912, 99.81628426859357717, -16.70405481173348861 ) ) ;
#1658 = CARTESIAN_POINT ( 'NONE',  ( -55.50449940793912162, 112.6637926377828762, -3.640628202448433548 ) ) ;
#1659 = CARTESIAN_POINT ( 'NONE',  ( -65.84616139394532297, 94.04544315671917332, 24.87467328227475605 ) ) ;
#1660 = CARTESIAN_POINT ( 'NONE',  ( 63.39143381589407511, 99.70351203763533476, -17.85787030772006645 ) ) ;
#1661 = DIRECTION ( 'NONE',  ( 1.000000000000000000, 0.000000000000000000, 1.387778780781445922E-16 ) ) ;
#1662 = CARTESIAN_POINT ( 'NONE',  ( 58.72542411717833488, 102.8686410966698475, 23.63465367902588099 ) ) ;
#1663 = EDGE_CURVE ( 'NONE', #1059, #525, #595, .T. ) ;
#1664 = ORIENTED_EDGE ( 'NONE', *, *, #5, .F. ) ;
#1665 = CARTESIAN_POINT ( 'NONE',  ( 56.66706862126130062, 110.0486384260708519, 7.907767767045248419 ) ) ;
#1666 = CARTESIAN_POINT ( 'NONE',  ( 56.78451490531391244, 110.9337609404365566, -10.20487945150758868 ) ) ;
#1667 = CARTESIAN_POINT ( 'NONE',  ( 65.97012660855864397, 93.70360115900638220, -22.03600434833887789 ) ) ;
#1668 = VERTEX_POINT ( 'NONE', #1828 ) ;
#1669 = VECTOR ( 'NONE', #1187, 1000.000000000000000 ) ;
#1670 = CARTESIAN_POINT ( 'NONE',  ( -56.55858776835263058, 110.2111200005133895, -7.601866920557863061 ) ) ;
#1671 = CARTESIAN_POINT ( 'NONE',  ( -55.87283877157148027, 112.1813938892356077, 5.631080399220669719 ) ) ;
#1672 = CARTESIAN_POINT ( 'NONE',  ( 36.61790747832633031, 22.00000000000001066, 23.91531501483206057 ) ) ;
#1673 = CARTESIAN_POINT ( 'NONE',  ( 60.36408567394425262, 103.8219187503832615, -14.55611039235629178 ) ) ;
#1674 = CARTESIAN_POINT ( 'NONE',  ( 0.000000000000000000, 70.00000000000000000, 35.00000000000000000 ) ) ;
#1675 = DIRECTION ( 'NONE',  ( -0.000000000000000000, 1.000000000000000000, -0.000000000000000000 ) ) ;
#1676 = DIRECTION ( 'NONE',  ( 0.000000000000000000, 0.000000000000000000, -1.000000000000000000 ) ) ;
#1677 = ORIENTED_EDGE ( 'NONE', *, *, #1435, .T. ) ;
#1678 = CARTESIAN_POINT ( 'NONE',  ( -67.51762252706306811, 88.54978403624794225, 22.73880451396657065 ) ) ;
#1679 =( BOUNDED_SURFACE ( )  B_SPLINE_SURFACE ( 3, 2, ( 
 ( #524, #1182, #1008 ),
 ( #2061, #649, #1896 ),
 ( #448, #2273, #2094 ),
 ( #1243, #1723, #103 ),
 ( #1547, #660, #1376 ),
 ( #478, #1201, #153 ),
 ( #1070, #881, #1792 ),
 ( #1093, #1267, #742 ),
 ( #2176, #1303, #2150 ),
 ( #199, #727, #1118 ) ),
 .UNSPECIFIED., .F., .F., .F. ) 
 B_SPLINE_SURFACE_WITH_KNOTS ( ( 4, 2, 2, 2, 4 ),
 ( 3, 3 ),
 ( -1.387778780781445676E-17, 0.01796448298188371359, 0.03592896596376744106, 0.05389344894565116506, 0.07185793192753489600 ),
 ( 0.000000000000000000, 1.000000000000000000 ),
 .UNSPECIFIED. ) 
 GEOMETRIC_REPRESENTATION_ITEM ( )  RATIONAL_B_SPLINE_SURFACE ( (
 ( 1.000000000000000000, 0.8946457150024845761, 1.000000000000000000),
 ( 1.000000000000000000, 0.8810696950915865022, 1.000000000000000000),
 ( 1.000000000000000000, 0.8671266696074343416, 1.000000000000000000),
 ( 1.000000000000000000, 0.8384251168531563492, 1.000000000000000000),
 ( 1.000000000000000000, 0.8236672785738690106, 1.000000000000000000),
 ( 1.000000000000000000, 0.7932152712204589839, 1.000000000000000000),
 ( 1.000000000000000000, 0.7775151690709254382, 1.000000000000000000),
 ( 1.000000000000000000, 0.7450898175689126823, 1.000000000000000000),
 ( 1.000000000000000000, 0.7283551534240813030, 1.000000000000000000),
 ( 1.000000000000000000, 0.7109851462120454491, 1.000000000000000000) ) ) 
 REPRESENTATION_ITEM ( '' )  SURFACE ( )  );
#1680 = CARTESIAN_POINT ( 'NONE',  ( 85.00000000000000000, 0.000000000000000000, 8.499999999999989342 ) ) ;
#1681 = CARTESIAN_POINT ( 'NONE',  ( 25.54627543537575463, 135.2786793401573675, -16.44342228039957376 ) ) ;
#1682 = ORIENTED_EDGE ( 'NONE', *, *, #1380, .F. ) ;
#1683 = ADVANCED_FACE ( 'NONE', ( #79 ), #441, .F. ) ;
#1684 = CARTESIAN_POINT ( 'NONE',  ( -55.31687261397055977, 112.0030342255267612, -1.484023091870195765 ) ) ;
#1685 = CARTESIAN_POINT ( 'NONE',  ( -58.96025574110346668, 107.7403842830190257, -12.70221570801087196 ) ) ;
#1686 = DIRECTION ( 'NONE',  ( 1.000000000000000000, -0.000000000000000000, 1.387778780781445922E-16 ) ) ;
#1687 = CYLINDRICAL_SURFACE ( 'NONE', #468, 35.00000000000000000 ) ;
#1688 = CARTESIAN_POINT ( 'NONE',  ( 97.50000000000000000, 22.00000000000000000, 8.499999999999989342 ) ) ;
#1689 = CARTESIAN_POINT ( 'NONE',  ( 28.85856769536653488, 133.8822976779584621, 19.27596849591387951 ) ) ;
#1690 = ORIENTED_EDGE ( 'NONE', *, *, #676, .T. ) ;
#1691 = DIRECTION ( 'NONE',  ( -1.000000000000000000, 0.000000000000000000, -1.804112415015879773E-15 ) ) ;
#1692 = CARTESIAN_POINT ( 'NONE',  ( 55.38933836037938363, 112.8034342196442594, 6.187253061958134737 ) ) ;
#1693 = CARTESIAN_POINT ( 'NONE',  ( 52.78817222951000332, 116.1229556477344147, -19.02020533186395923 ) ) ;
#1694 = CARTESIAN_POINT ( 'NONE',  ( -55.82103191630211825, 111.2902454812877977, -4.989499206435019651 ) ) ;
#1695 = CARTESIAN_POINT ( 'NONE',  ( -55.31484769224904596, 112.0058275864523978, -1.433505594730307031 ) ) ;
#1696 = ADVANCED_FACE ( 'NONE', ( #1114 ), #579, .F. ) ;
#1697 = CARTESIAN_POINT ( 'NONE',  ( -67.04300182624014326, 90.13047207908356029, 35.00000000000000000 ) ) ;
#1698 = CARTESIAN_POINT ( 'NONE',  ( 61.49437305152525823, 103.4771736759711303, -16.02033241715453826 ) ) ;
#1699 = DIRECTION ( 'NONE',  ( 0.000000000000000000, 1.000000000000000000, 0.000000000000000000 ) ) ;
#1700 = CARTESIAN_POINT ( 'NONE',  ( 35.00000000000001421, 1.387778780781445676E-14, -38.09189836345259295 ) ) ;
#1701 = LINE ( 'NONE', #969, #2239 ) ;
#1702 = ORIENTED_EDGE ( 'NONE', *, *, #383, .T. ) ;
#1703 = DIRECTION ( 'NONE',  ( 0.000000000000000000, 0.1391731009600656321, -0.9902680687415703620 ) ) ;
#1704 = MANIFOLD_SOLID_BREP ( 'Cut-Extrude3', #1481 ) ;
#1705 = CARTESIAN_POINT ( 'NONE',  ( -84.43638059940757046, 22.00000000000000355, 24.99364585592260468 ) ) ;
#1706 = CARTESIAN_POINT ( 'NONE',  ( 66.02241630454454935, 89.36483271959872354, 19.65669838347740850 ) ) ;
#1707 = VECTOR ( 'NONE', #979, 1000.000000000000000 ) ;
#1708 = CARTESIAN_POINT ( 'NONE',  ( -55.40436225345288790, 112.7934966511418651, -2.939744036688551443 ) ) ;
#1709 = CARTESIAN_POINT ( 'NONE',  ( -86.28199189009102099, 22.00000000000000355, -25.61327242475423915 ) ) ;
#1710 = VECTOR ( 'NONE', #1582, 1000.000000000000000 ) ;
#1711 = CARTESIAN_POINT ( 'NONE',  ( 63.17481438057686915, 100.1577192897938744, -19.07531182564527938 ) ) ;
#1712 = ADVANCED_FACE ( 'NONE', ( #1509 ), #963, .F. ) ;
#1713 = VECTOR ( 'NONE', #1180, 1000.000000000000114 ) ;
#1714 = CARTESIAN_POINT ( 'NONE',  ( 87.50000000000000000, 22.00000000000000000, 27.99687342189881889 ) ) ;
#1715 = CARTESIAN_POINT ( 'NONE',  ( -54.66090009145624151, 113.7287010656942954, 1.538522196122549479 ) ) ;
#1716 = CARTESIAN_POINT ( 'NONE',  ( -30.70405973789553400, 137.4175193028802084, 18.77912549789380847 ) ) ;
#1717 = CIRCLE ( 'NONE', #739, 8.500000000000000000 ) ;
#1718 = EDGE_CURVE ( 'NONE', #1668, #1442, #506, .T. ) ;
#1719 = EDGE_LOOP ( 'NONE', ( #1653, #1390, #1240, #1690, #2127, #1215 ) ) ;
#1720 = LINE ( 'NONE', #1317, #2199 ) ;
#1721 = DIRECTION ( 'NONE',  ( 0.000000000000000000, 0.9902680687415703620, -0.1391731009600656321 ) ) ;
#1722 = APPLICATION_CONTEXT ( 'configuration controlled 3d designs of mechanical parts and assemblies' ) ;
#1723 = CARTESIAN_POINT ( 'NONE',  ( -73.95102779376634317, 67.12381849719677973, -23.57103615803400842 ) ) ;
#1724 = CARTESIAN_POINT ( 'NONE',  ( -67.04300182624014326, 90.13047207908356029, -22.51665329702236207 ) ) ;
#1725 = CARTESIAN_POINT ( 'NONE',  ( -18.37268048931522202, 137.6476378033143249, 18.74678445176509456 ) ) ;
#1726 = CARTESIAN_POINT ( 'NONE',  ( -67.04300182624014326, 90.13047207908356029, -22.01426644627216334 ) ) ;
#1727 = CARTESIAN_POINT ( 'NONE',  ( 64.60693956391391168, 96.98621510081157737, 18.86728120492091065 ) ) ;
#1728 = DIRECTION ( 'NONE',  ( 0.000000000000000000, 0.000000000000000000, -1.000000000000000000 ) ) ;
#1729 = EDGE_CURVE ( 'NONE', #2158, #1474, #1866, .T. ) ;
#1730 = CARTESIAN_POINT ( 'NONE',  ( 30.70405973789552689, 137.4175193028802084, 18.77912549789381202 ) ) ;
#1731 = FACE_OUTER_BOUND ( 'NONE', #1844, .T. ) ;
#1732 = DIRECTION ( 'NONE',  ( -0.000000000000000000, 1.000000000000000000, -0.000000000000000000 ) ) ;
#1733 = CARTESIAN_POINT ( 'NONE',  ( -3.570836135548689949, 137.4175193027821820, 18.77912549790758945 ) ) ;
#1734 = PERSON_AND_ORGANIZATION_ROLE ( 'design_owner' ) ;
#1735 = CARTESIAN_POINT ( 'NONE',  ( 67.51762252706306811, 88.54978403624794225, 22.73880451396657065 ) ) ;
#1736 = CARTESIAN_POINT ( 'NONE',  ( 59.58773252337580573, 106.7446210281376437, 13.64266431499854093 ) ) ;
#1737 = FACE_OUTER_BOUND ( 'NONE', #1629, .T. ) ;
#1738 = DIRECTION ( 'NONE',  ( 0.2875781725583363979, -0.9577571689462874849, 0.000000000000000000 ) ) ;
#1739 = CARTESIAN_POINT ( 'NONE',  ( -62.09920040638343153, 100.2524726312325924, 16.48350670612012436 ) ) ;
#1740 = CARTESIAN_POINT ( 'NONE',  ( -1.190159082398167811E-13, 137.4175193028802084, 18.77912549789380847 ) ) ;
#1741 = AXIS2_PLACEMENT_3D ( 'NONE', #918, #2340, #762 ) ;
#1742 = CARTESIAN_POINT ( 'NONE',  ( -57.35802725856714801, 110.1286068011689849, 11.43325963691534142 ) ) ;
#1743 = DIRECTION ( 'NONE',  ( -0.9577571689462879290, -0.2875781725583351212, 0.000000000000000000 ) ) ;
#1744 = VECTOR ( 'NONE', #1411, 1000.000000000000000 ) ;
#1745 = CARTESIAN_POINT ( 'NONE',  ( 82.89509493542281859, 27.63883950822451752, -24.96555318658111844 ) ) ;
#1746 = AXIS2_PLACEMENT_3D ( 'NONE', #413, #426, #1523 ) ;
#1747 = CARTESIAN_POINT ( 'NONE',  ( -78.27414709689348626, 44.54458940818466317, -24.41017832386014064 ) ) ;
#1748 = CARTESIAN_POINT ( 'NONE',  ( 108.0000000000000284, 22.00000000000000000, 22.99999999999999645 ) ) ;
#1749 = CARTESIAN_POINT ( 'NONE',  ( -66.08726524266558044, 93.12694399060144690, 21.39969092104842829 ) ) ;
#1750 = DIRECTION ( 'NONE',  ( -0.000000000000000000, -0.000000000000000000, 1.000000000000000000 ) ) ;
#1751 = PERSON_AND_ORGANIZATION ( #1418, #850 ) ;
#1752 = ORIENTED_EDGE ( 'NONE', *, *, #1857, .T. ) ;
#1753 = CARTESIAN_POINT ( 'NONE',  ( -62.60859393775898241, 101.3394231245284516, 18.55969880444770226 ) ) ;
#1754 = VERTEX_POINT ( 'NONE', #1471 ) ;
#1755 = CARTESIAN_POINT ( 'NONE',  ( 59.90696484725516768, 106.2221217465740750, 14.08131482475041985 ) ) ;
#1756 = CARTESIAN_POINT ( 'NONE',  ( -67.04300182624014326, 90.13047207908356029, 22.51665329702236207 ) ) ;
#1757 = ORIENTED_EDGE ( 'NONE', *, *, #239, .T. ) ;
#1758 = CARTESIAN_POINT ( 'NONE',  ( 55.33991292985530208, 119.0922901940132732, 21.35456849296654624 ) ) ;
#1759 = CARTESIAN_POINT ( 'NONE',  ( -62.93808909056855327, 98.33141670320608796, 17.28847334064887065 ) ) ;
#1760 = CARTESIAN_POINT ( 'NONE',  ( 67.04300182624014326, 90.13047207908356029, -22.51665329702236207 ) ) ;
#1761 = CALENDAR_DATE ( 2026, 27, 7 ) ;
#1762 = ORIENTED_EDGE ( 'NONE', *, *, #2143, .T. ) ;
#1763 = CARTESIAN_POINT ( 'NONE',  ( 64.64435102022422086, 87.68704951857293395, 22.73880451396657065 ) ) ;
#1764 = CARTESIAN_POINT ( 'NONE',  ( -80.80572976297774801, 44.29475642507870958, 24.96648238535199127 ) ) ;
#1765 = ORIENTED_EDGE ( 'NONE', *, *, #1392, .F. ) ;
#1766 = CARTESIAN_POINT ( 'NONE',  ( 60.87415247017704445, 104.5716363858138465, 15.29882382938959573 ) ) ;
#1767 = CYLINDRICAL_SURFACE ( 'NONE', #1937, 12.00000000000000000 ) ;
#1768 = CARTESIAN_POINT ( 'NONE',  ( 82.89515883895124659, 27.63860571526259591, 24.96555435133650391 ) ) ;
#1769 = ORIENTED_EDGE ( 'NONE', *, *, #211, .T. ) ;
#1770 = CARTESIAN_POINT ( 'NONE',  ( 60.62120965905398862, 105.0251017122467090, -16.42494618816520102 ) ) ;
#1771 = LINE ( 'NONE', #886, #1744 ) ;
#1772 = CARTESIAN_POINT ( 'NONE',  ( -63.14283543930260123, 93.10525193687237788, -25.00680854106810003 ) ) ;
#1773 = CARTESIAN_POINT ( 'NONE',  ( -62.69671961683720696, 98.92604582726701778, -17.07556713282478711 ) ) ;
#1774 = CARTESIAN_POINT ( 'NONE',  ( -84.63580329106859779, 22.00000000000000000, 24.99814293884465854 ) ) ;
#1775 = CARTESIAN_POINT ( 'NONE',  ( 67.04300182624014326, 90.13047207908356029, -22.51665329702236207 ) ) ;
#1776 = ORIENTED_EDGE ( 'NONE', *, *, #1052, .T. ) ;
#1777 = CARTESIAN_POINT ( 'NONE',  ( 55.97358374764309730, 112.0372179717265766, 8.148416180868792935 ) ) ;
#1778 = AXIS2_PLACEMENT_3D ( 'NONE', #896, #1607, #1288 ) ;
#1779 = CARTESIAN_POINT ( 'NONE',  ( 85.90023919541252440, 27.32788133940202258, -27.98212619381732225 ) ) ;
#1780 = FACE_OUTER_BOUND ( 'NONE', #1343, .T. ) ;
#1781 = EDGE_CURVE ( 'NONE', #1454, #2034, #603, .T. ) ;
#1782 = ORIENTED_EDGE ( 'NONE', *, *, #816, .F. ) ;
#1783 = VECTOR ( 'NONE', #48, 1000.000000000000000 ) ;
#1784 = CARTESIAN_POINT ( 'NONE',  ( 76.93270487277081315, 49.45220336519982141, 24.14211369154136122 ) ) ;
#1785 = CARTESIAN_POINT ( 'NONE',  ( -87.47897272916897293, 22.00000000000000355, -27.59724720612509685 ) ) ;
#1786 = CARTESIAN_POINT ( 'NONE',  ( -66.02241630454452093, 89.36483271959873775, -19.65669838347739429 ) ) ;
#1787 = CARTESIAN_POINT ( 'NONE',  ( 87.18006508883782146, 22.00000000000000000, -26.66115857028749048 ) ) ;
#1788 = PLANE ( 'NONE',  #396 ) ;
#1789 = ORIENTED_EDGE ( 'NONE', *, *, #622, .F. ) ;
#1790 = CARTESIAN_POINT ( 'NONE',  ( 57.73876240474592691, 109.5870605041580603, -10.57101154878304605 ) ) ;
#1791 = CARTESIAN_POINT ( 'NONE',  ( 120.0000000000000284, 0.000000000000000000, 34.99999999999999289 ) ) ;
#1792 = CARTESIAN_POINT ( 'NONE',  ( -78.50314347341046073, 43.70681350531502574, -24.45266444040533926 ) ) ;
#1793 = EDGE_CURVE ( 'NONE', #1532, #1059, #2075, .T. ) ;
#1794 = VERTEX_POINT ( 'NONE', #56 ) ;
#1795 = CARTESIAN_POINT ( 'NONE',  ( 79.01061336328862694, 50.27325467344976317, 27.03889565254914018 ) ) ;
#1796 = ORIENTED_EDGE ( 'NONE', *, *, #910, .T. ) ;
#1797 = DIRECTION ( 'NONE',  ( -0.2850078432617641488, 0.9491968832735447892, 0.1334009222721726229 ) ) ;
#1798 = B_SPLINE_CURVE_WITH_KNOTS ( 'NONE', 3,
 ( #2060, #628, #974, #447, #1883, #2226, #1171, #270, #421, #89, #280, #1363, #821, #1356, #641, #2071, #436, #458, #102, #1181, #1007, #292, #648, #1692, #1145, #1895, #2046, #831, #1546, #1318, #1859, #2263, #466, #1190, #1907, #63, #611, #1666, #1331, #1159, #1872, #258, #1916, #2272, #1375, #1770, #131, #1563, #2320, #2292, #1209, #1422, #155, #120 ),
 .UNSPECIFIED., .F., .F.,
 ( 4, 2, 2, 2, 2, 2, 2, 2, 2, 2, 2, 2, 2, 2, 2, 2, 2, 2, 2, 2, 2, 2, 2, 2, 2, 2, 4 ),
 ( 0.000000000000000000, 0.004665571558096387114, 0.009331143116192774228, 0.01399671467428916134, 0.01632950045333737485, 0.01866228623238559009, 0.02099507201143379492, 0.02216146490095789734, 0.02332785779048199282, 0.02799342934857841289, 0.02915982223810251531, 0.03032621512762662119, 0.03265900090667481215, 0.03499178668572301004, 0.03732457246477120100, 0.03965735824381939195, 0.04199014402286758291, 0.04665571558096396482, 0.04782210847048806723, 0.04898850136001215577, 0.05132128713906036060, 0.05365407291810856544, 0.05598685869715676333, 0.06065243025525317300, 0.06531800181334958266, 0.06998357337144597845, 0.07464914492954238812 ),
 .UNSPECIFIED. ) ;
#1799 = CARTESIAN_POINT ( 'NONE',  ( -25.54627543535543666, 135.2786793401640750, -16.44342228039957376 ) ) ;
#1800 = VERTEX_POINT ( 'NONE', #1298 ) ;
#1801 = LINE ( 'NONE', #710, #164 ) ;
#1802 = CARTESIAN_POINT ( 'NONE',  ( -70.42255228630821762, 78.87513704391390945, 23.99762556607083752 ) ) ;
#1803 = CARTESIAN_POINT ( 'NONE',  ( 85.21764047546587051, 21.99999999999999645, 25.10047067020818545 ) ) ;
#1804 = CARTESIAN_POINT ( 'NONE',  ( 57.55618917515494104, 108.6788964527357990, -10.04417372556444832 ) ) ;
#1805 = CARTESIAN_POINT ( 'NONE',  ( 81.64292209866252392, 32.21994901548945478, -24.87355333138834368 ) ) ;
#1806 = CARTESIAN_POINT ( 'NONE',  ( 85.05240778962534876, 20.99999980264368205, 25.00000000000000711 ) ) ;
#1807 = EDGE_LOOP ( 'NONE', ( #182, #1818, #369, #1769, #1304, #1078, #1904, #1280, #1656, #432, #1608, #565 ) ) ;
#1808 = CARTESIAN_POINT ( 'NONE',  ( 62.81559053867234610, 98.62105899813263932, -17.17605140104140915 ) ) ;
#1809 = CARTESIAN_POINT ( 'NONE',  ( -66.93242989754993744, 90.49872345381461969, -25.37313222975259208 ) ) ;
#1810 = ORIENTED_EDGE ( 'NONE', *, *, #325, .F. ) ;
#1811 = EDGE_CURVE ( 'NONE', #1668, #2043, #220, .T. ) ;
#1812 = CARTESIAN_POINT ( 'NONE',  ( -67.12201098940448674, 89.86733808751566244, -20.54150613646947576 ) ) ;
#1813 = CARTESIAN_POINT ( 'NONE',  ( 86.28199189009157521, 22.00000000000000355, 25.61327242475466903 ) ) ;
#1814 = CARTESIAN_POINT ( 'NONE',  ( 58.49919002780241328, 108.4515934607413215, 11.95159993550985789 ) ) ;
#1815 = DIRECTION ( 'NONE',  ( 0.000000000000000000, -0.000000000000000000, -1.000000000000000000 ) ) ;
#1816 = CARTESIAN_POINT ( 'NONE',  ( 135.0524077896253345, 20.99999980264368915, -25.00000000000002132 ) ) ;
#1817 = AXIS2_PLACEMENT_3D ( 'NONE', #741, #1452, #1815 ) ;
#1818 = ORIENTED_EDGE ( 'NONE', *, *, #99, .T. ) ;
#1819 = CARTESIAN_POINT ( 'NONE',  ( 55.97993286185809581, 111.0614569891224619, 5.663213228486149831 ) ) ;
#1820 = CIRCLE ( 'NONE', #349, 12.00000000000000000 ) ;
#1821 = AXIS2_PLACEMENT_3D ( 'NONE', #256, #316, #982 ) ;
#1822 = CC_DESIGN_PERSON_AND_ORGANIZATION_ASSIGNMENT ( #1942, #106, ( #238 ) ) ;
#1823 = CARTESIAN_POINT ( 'NONE',  ( 56.90977076468694662, 105.9566348648929193, -23.20066445728403082 ) ) ;
#1824 = AXIS2_PLACEMENT_3D ( 'NONE', #71, #802, #1661 ) ;
#1825 = ORIENTED_EDGE ( 'NONE', *, *, #1268, .F. ) ;
#1826 = CARTESIAN_POINT ( 'NONE',  ( -56.98755675352253292, 109.5624523410243540, 8.742741693188460061 ) ) ;
#1827 = CARTESIAN_POINT ( 'NONE',  ( -66.58913358124010529, 91.64204565067544195, -21.73246701537613035 ) ) ;
#1828 = CARTESIAN_POINT ( 'NONE',  ( -67.04300182624014326, 90.13047207908356029, 22.51665329702236207 ) ) ;
#1829 = CARTESIAN_POINT ( 'NONE',  ( 55.76330702267999584, 112.3246289839025280, 5.015721942591849114 ) ) ;
#1830 = DIRECTION ( 'NONE',  ( 0.9577571689462880400, -0.2875781725583344550, 0.000000000000000000 ) ) ;
#1831 = CARTESIAN_POINT ( 'NONE',  ( 34.99999999999999289, 140.0000000000000000, 18.41618150511778040 ) ) ;
#1832 = ORIENTED_EDGE ( 'NONE', *, *, #462, .T. ) ;
#1833 = CARTESIAN_POINT ( 'NONE',  ( 56.98755675352256844, 109.5624523410244109, -8.742741693188477825 ) ) ;
#1834 = CARTESIAN_POINT ( 'NONE',  ( 50.52582199110367611, 114.5637768514424124, -21.99100953809236003 ) ) ;
#1835 = VERTEX_POINT ( 'NONE', #799 ) ;
#1836 = CARTESIAN_POINT ( 'NONE',  ( -56.86929736748216868, 109.7428419957804664, 8.445889836696913733 ) ) ;
#1837 = CARTESIAN_POINT ( 'NONE',  ( -57.81396276595830841, 108.2681450127836200, 10.56449630219801250 ) ) ;
#1838 = CARTESIAN_POINT ( 'NONE',  ( 84.43638059940742835, 22.00000000000000000, 24.99364585592259402 ) ) ;
#1839 = DIRECTION ( 'NONE',  ( 1.000000000000000000, 0.000000000000000000, 0.000000000000000000 ) ) ;
#1840 = EDGE_CURVE ( 'NONE', #2181, #682, #786, .T. ) ;
#1841 = CARTESIAN_POINT ( 'NONE',  ( 0.000000000000000000, 70.00000000000000000, 35.00000000000000000 ) ) ;
#1842 = CARTESIAN_POINT ( 'NONE',  ( 35.61326300313375981, 130.3789173742349305, 17.10252677537020460 ) ) ;
#1843 = ADVANCED_FACE ( 'NONE', ( #988 ), #1502, .T. ) ;
#1844 = EDGE_LOOP ( 'NONE', ( #2191, #289, #456, #2288 ) ) ;
#1845 = CARTESIAN_POINT ( 'NONE',  ( -85.05240778962534876, 20.99999980264368205, -25.00000000000000711 ) ) ;
#1846 = CARTESIAN_POINT ( 'NONE',  ( -68.72933533809622020, 84.51426694137647644, -23.10816493349627265 ) ) ;
#1847 = CARTESIAN_POINT ( 'NONE',  ( 14.82761353974649232, 138.5132107095493268, -16.00832070209211722 ) ) ;
#1848 = VERTEX_POINT ( 'NONE', #1378 ) ;
#1849 = CARTESIAN_POINT ( 'NONE',  ( -56.25216783766237683, 110.6648595227358669, -6.652170491090267923 ) ) ;
#1850 = CARTESIAN_POINT ( 'NONE',  ( -58.65184239617221351, 108.2182694996675565, -12.20690146211435767 ) ) ;
#1851 = DIRECTION ( 'NONE',  ( -1.804112415015879773E-15, 0.000000000000000000, -1.000000000000000000 ) ) ;
#1852 = CARTESIAN_POINT ( 'NONE',  ( 73.81886406489421404, 67.56397971587443863, 25.48317402536005716 ) ) ;
#1853 = CARTESIAN_POINT ( 'NONE',  ( 108.0000000000000142, 0.000000000000000000, -35.00000000000000711 ) ) ;
#1854 = CARTESIAN_POINT ( 'NONE',  ( 42.85298156794991087, 122.0447670907903444, 20.93962492545395548 ) ) ;
#1855 = ORIENTED_EDGE ( 'NONE', *, *, #688, .F. ) ;
#1856 = CARTESIAN_POINT ( 'NONE',  ( -78.27797647605059694, 150.2638496785980635, -25.00000000000000711 ) ) ;
#1857 = EDGE_CURVE ( 'NONE', #16, #1105, #1410, .T. ) ;
#1858 = AXIS2_PLACEMENT_3D ( 'NONE', #807, #467, #1959 ) ;
#1859 = CARTESIAN_POINT ( 'NONE',  ( 54.66090009145624862, 113.7287010656942954, -1.538522196122544594 ) ) ;
#1860 = CARTESIAN_POINT ( 'NONE',  ( 17.67183483031294600, 135.1435341435241071, -19.09871327029056332 ) ) ;
#1861 = EDGE_LOOP ( 'NONE', ( #1403, #1071, #908, #1776 ) ) ;
#1862 =( BOUNDED_CURVE ( )  B_SPLINE_CURVE ( 3, ( #1499, #2222, #1129, #1326 ),
 .UNSPECIFIED., .F., .F. ) 
 B_SPLINE_CURVE_WITH_KNOTS ( ( 4, 4 ),
 ( 2.028918500754732346, 3.559680988602440532 ),
 .UNSPECIFIED. ) 
 CURVE ( )  GEOMETRIC_REPRESENTATION_ITEM ( )  RATIONAL_B_SPLINE_CURVE ( ( 1.000000000000000000, 0.8140788529966007658, 0.8140788529966007658, 1.000000000000000000 ) ) 
 REPRESENTATION_ITEM ( '' )  );
#1863 = CARTESIAN_POINT ( 'NONE',  ( -57.23032234262970519, 109.1879871184005708, 9.318755720841767953 ) ) ;
#1864 = CARTESIAN_POINT ( 'NONE',  ( -55.35692234034902270, 112.8568626368985122, 2.820646753322700206 ) ) ;
#1865 = CIRCLE ( 'NONE', #584, 12.00000000000000000 ) ;
#1866 = LINE ( 'NONE', #68, #2126 ) ;
#1867 = CARTESIAN_POINT ( 'NONE',  ( -40.73864192487393154, 167.7207095776562937, -14.52028984253137800 ) ) ;
#1868 = DIRECTION ( 'NONE',  ( 0.000000000000000000, -1.000000000000000000, 0.000000000000000000 ) ) ;
#1869 = CARTESIAN_POINT ( 'NONE',  ( 45.54731199473831538, 119.6840709730696801, 21.27139912831711399 ) ) ;
#1870 = ORIENTED_EDGE ( 'NONE', *, *, #2027, .F. ) ;
#1871 = CARTESIAN_POINT ( 'NONE',  ( -35.05240778962534165, 20.99999980264368915, -25.00000000000000355 ) ) ;
#1872 = CARTESIAN_POINT ( 'NONE',  ( 57.66126986585129544, 109.6924712484177178, -12.01302541991914730 ) ) ;
#1873 = CARTESIAN_POINT ( 'NONE',  ( 18.37268048931495201, 137.6476378033490278, -18.74678445175400654 ) ) ;
#1874 = CARTESIAN_POINT ( 'NONE',  ( -63.07994458716273556, 97.99011155544377516, 17.41675116873347662 ) ) ;
#1875 = CARTESIAN_POINT ( 'NONE',  ( -56.42980167570784999, 111.4227624377745229, 9.380039316421404649 ) ) ;
#1876 = CARTESIAN_POINT ( 'NONE',  ( 85.00000000000000000, 0.000000000000000000, -8.499999999999989342 ) ) ;
#1877 = CARTESIAN_POINT ( 'NONE',  ( 60.51819949009476574, 105.2027583971532749, -16.30125317844574084 ) ) ;
#1878 = LINE ( 'NONE', #253, #282 ) ;
#1879 = CARTESIAN_POINT ( 'NONE',  ( 35.00000000000000711, 1.387778780781445676E-14, 38.09189836345261426 ) ) ;
#1880 = DIRECTION ( 'NONE',  ( 0.000000000000000000, -1.000000000000000000, 0.000000000000000000 ) ) ;
#1881 = ORIENTED_EDGE ( 'NONE', *, *, #1052, .F. ) ;
#1882 = FACE_OUTER_BOUND ( 'NONE', #162, .T. ) ;
#1883 = CARTESIAN_POINT ( 'NONE',  ( 64.48296184984002366, 97.27832931423071727, 20.20890861240099667 ) ) ;
#1884 = DIRECTION ( 'NONE',  ( 0.9577571689462875959, -0.2875781725583364534, 0.000000000000000000 ) ) ;
#1885 = CARTESIAN_POINT ( 'NONE',  ( -56.50980582708476163, 111.3230825458996094, -7.663087891395628404 ) ) ;
#1886 = CARTESIAN_POINT ( 'NONE',  ( -85.40849772721642807, 22.00000000000000000, -25.15833640974798868 ) ) ;
#1887 = EDGE_CURVE ( 'NONE', #1442, #423, #303, .T. ) ;
#1888 = CARTESIAN_POINT ( 'NONE',  ( 64.59161411334082459, 97.02369929509015378, -18.85588905235176327 ) ) ;
#1889 = CARTESIAN_POINT ( 'NONE',  ( 85.78589854877904486, 27.70868414178783112, 27.97572998413112799 ) ) ;
#1890 = DIRECTION ( 'NONE',  ( 0.000000000000000000, 0.000000000000000000, -1.000000000000000000 ) ) ;
#1891 = CARTESIAN_POINT ( 'NONE',  ( 52.60391549065990091, 116.3333723210291737, 21.74230911372762876 ) ) ;
#1892 = ORIENTED_EDGE ( 'NONE', *, *, #2236, .T. ) ;
#1893 = CARTESIAN_POINT ( 'NONE',  ( 84.49304724073394368, 22.00000000000000000, -34.99999999999999289 ) ) ;
#1894 = DIRECTION ( 'NONE',  ( -0.000000000000000000, 1.000000000000000000, -0.000000000000000000 ) ) ;
#1895 = CARTESIAN_POINT ( 'NONE',  ( 54.92814816050355375, 113.3929981056351863, 3.955737230099438673 ) ) ;
#1896 = CARTESIAN_POINT ( 'NONE',  ( -67.56935950343513753, 83.70607462431912893, -20.63930499769753268 ) ) ;
#1897 = APPROVAL ( #296, 'UNSPECIFIED' ) ;
#1898 = CARTESIAN_POINT ( 'NONE',  ( -63.17481438056837817, 100.1577192898112116, 19.07531182565197270 ) ) ;
#1899 = CARTESIAN_POINT ( 'NONE',  ( -24.45143505957275565, 132.8985409570007903, 19.41422648662573991 ) ) ;
#1900 = DATE_AND_TIME ( #1761, #692 ) ;
#1901 = CIRCLE ( 'NONE', #888, 12.00000000000000355 ) ;
#1902 = CARTESIAN_POINT ( 'NONE',  ( -62.64696586398736855, 101.2630402627191160, -18.59689016916420456 ) ) ;
#1903 = DIRECTION ( 'NONE',  ( 0.000000000000000000, -1.000000000000000000, 0.000000000000000000 ) ) ;
#1904 = ORIENTED_EDGE ( 'NONE', *, *, #1793, .T. ) ;
#1905 = AXIS2_PLACEMENT_3D ( 'NONE', #590, #41, #209 ) ;
#1906 = DIRECTION ( 'NONE',  ( -1.000000000000000000, 0.000000000000000000, -1.387778780781445922E-16 ) ) ;
#1907 = CARTESIAN_POINT ( 'NONE',  ( 55.75000076981419994, 112.3397371518699259, -7.563470054867337922 ) ) ;
#1908 = CARTESIAN_POINT ( 'NONE',  ( -119.9999999999999716, 22.00000000000000000, -23.00000000000001421 ) ) ;
#1909 = CARTESIAN_POINT ( 'NONE',  ( -67.04300182624008642, 90.13047207908354608, 22.01426644627215623 ) ) ;
#1910 = CARTESIAN_POINT ( 'NONE',  ( -52.60391549062195082, 116.3333723210541706, 21.74230911369370034 ) ) ;
#1911 = DATE_AND_TIME ( #491, #1255 ) ;
#1912 = CARTESIAN_POINT ( 'NONE',  ( -57.37116459136127133, 110.1226438450285343, -11.50848984132394293 ) ) ;
#1913 = CARTESIAN_POINT ( 'NONE',  ( -35.00000000000000711, 140.0000000000000000, -18.41618150511776975 ) ) ;
#1914 = EDGE_CURVE ( 'NONE', #609, #1985, #1717, .T. ) ;
#1915 = CARTESIAN_POINT ( 'NONE',  ( 86.26877088413178285, 22.00000000000000711, 34.99999999999999289 ) ) ;
#1916 = CARTESIAN_POINT ( 'NONE',  ( 58.61547632275470221, 108.2701611868920253, -13.64376972434059709 ) ) ;
#1917 = DIRECTION ( 'NONE',  ( -0.000000000000000000, 1.000000000000000000, -0.000000000000000000 ) ) ;
#1918 = CARTESIAN_POINT ( 'NONE',  ( -59.87745051532974117, 106.2709215287885485, 14.04155286189212859 ) ) ;
#1919 = DIRECTION ( 'NONE',  ( -0.2827012408235728413, 0.9415149197871064413, 0.1833839258361838198 ) ) ;
#1920 = SHAPE_DEFINITION_REPRESENTATION ( #1259, #1537 ) ;
#1921 = CARTESIAN_POINT ( 'NONE',  ( -59.30712569072414198, 107.1892435049725947, -14.67999330941388614 ) ) ;
#1922 = CARTESIAN_POINT ( 'NONE',  ( 62.13888442724977779, 100.1876569636072674, 16.54045966320807537 ) ) ;
#1923 = CC_DESIGN_DATE_AND_TIME_ASSIGNMENT ( #1900, #471, ( #1111 ) ) ;
#1924 = FACE_OUTER_BOUND ( 'NONE', #2228, .T. ) ;
#1925 = EDGE_CURVE ( 'NONE', #537, #400, #2104, .T. ) ;
#1926 = CARTESIAN_POINT ( 'NONE',  ( 67.04300182624014326, 90.13047207908356029, 35.00000000000000000 ) ) ;
#1927 = CARTESIAN_POINT ( 'NONE',  ( -63.74185931722288245, 96.36030906242633876, 18.00101531452949644 ) ) ;
#1928 = CARTESIAN_POINT ( 'NONE',  ( -84.49304724073394368, 22.00000000000000000, -34.99999999999999289 ) ) ;
#1929 = SECURITY_CLASSIFICATION_LEVEL ( 'unclassified' ) ;
#1930 = VERTEX_POINT ( 'NONE', #1928 ) ;
#1931 = AXIS2_PLACEMENT_3D ( 'NONE', #1453, #1628, #1463 ) ;
#1932 = CARTESIAN_POINT ( 'NONE',  ( -61.29326500520979693, 103.8397863711127087, 17.19339515280183761 ) ) ;
#1933 = ORIENTED_EDGE ( 'NONE', *, *, #36, .T. ) ;
#1934 = CARTESIAN_POINT ( 'NONE',  ( 60.21131476562359808, 105.7074118367034856, 15.89225868209501158 ) ) ;
#1935 = AXIS2_PLACEMENT_3D ( 'NONE', #2066, #1313, #453 ) ;
#1936 = CARTESIAN_POINT ( 'NONE',  ( 0.000000000000000000, 70.00000000000000000, 35.00000000000000000 ) ) ;
#1937 = AXIS2_PLACEMENT_3D ( 'NONE', #1572, #320, #2101 ) ;
#1938 = EDGE_LOOP ( 'NONE', ( #1131, #1762, #47, #2202 ) ) ;
#1939 = EDGE_CURVE ( 'NONE', #572, #1794, #313, .T. ) ;
#1940 = CARTESIAN_POINT ( 'NONE',  ( -59.17166928557957561, 107.4043872810344595, 14.48561614807992548 ) ) ;
#1941 = CARTESIAN_POINT ( 'NONE',  ( -38.61755002147361893, 128.5018361327134073, -20.03214305255939465 ) ) ;
#1942 = PERSON_AND_ORGANIZATION ( #1418, #850 ) ;
#1943 = EDGE_LOOP ( 'NONE', ( #1395, #868 ) ) ;
#1944 = CARTESIAN_POINT ( 'NONE',  ( -87.50000000000002842, 22.00000000000000355, 27.79717015310644612 ) ) ;
#1945 = CARTESIAN_POINT ( 'NONE',  ( -55.69545212026837788, 112.4033584680258429, -7.260059797601179810 ) ) ;
#1946 = VERTEX_POINT ( 'NONE', #133 ) ;
#1947 = CARTESIAN_POINT ( 'NONE',  ( 58.80313932458011550, 106.6233181762019910, 12.30789929375151281 ) ) ;
#1948 = CARTESIAN_POINT ( 'NONE',  ( -64.64435102022422086, 87.68704951857293395, 22.73880451396657065 ) ) ;
#1949 = ORIENTED_EDGE ( 'NONE', *, *, #2111, .F. ) ;
#1950 = CARTESIAN_POINT ( 'NONE',  ( 66.02241630454452093, 89.36483271959870933, 19.65669838347740139 ) ) ;
#1951 = CARTESIAN_POINT ( 'NONE',  ( -76.73517592746809157, 50.17484960064138733, 24.09645108407674030 ) ) ;
#1952 = CARTESIAN_POINT ( 'NONE',  ( -28.85856769535354616, 133.8822976779651697, -19.27596849591913042 ) ) ;
#1953 = CARTESIAN_POINT ( 'NONE',  ( -65.62635582764798414, 90.81363215292108748, -19.40512376554335816 ) ) ;
#1954 = EDGE_CURVE ( 'NONE', #756, #65, #196, .T. ) ;
#1955 = CARTESIAN_POINT ( 'NONE',  ( -86.29996452191743117, 22.00000000000000355, 25.60313089668586173 ) ) ;
#1956 = CARTESIAN_POINT ( 'NONE',  ( -73.80050646955827176, 60.91103336472963292, 23.29956175861030232 ) ) ;
#1957 = ORIENTED_EDGE ( 'NONE', *, *, #622, .T. ) ;
#1958 = CARTESIAN_POINT ( 'NONE',  ( 55.35692234035434467, 112.8568626368986401, -2.820646753320943834 ) ) ;
#1959 = DIRECTION ( 'NONE',  ( 0.000000000000000000, 0.000000000000000000, 1.000000000000000000 ) ) ;
#1960 = VERTEX_POINT ( 'NONE', #1760 ) ;
#1961 = CARTESIAN_POINT ( 'NONE',  ( 67.56935950333550522, 83.70607462428523604, 20.63930499761783821 ) ) ;
#1962 = CARTESIAN_POINT ( 'NONE',  ( -64.47366009909782747, 97.51730068249834460, -24.38673552760725016 ) ) ;
#1963 = CARTESIAN_POINT ( 'NONE',  ( -59.58773252337298487, 106.7446210281325278, -13.64266431499294896 ) ) ;
#1964 = CARTESIAN_POINT ( 'NONE',  ( 86.72631415525073351, 22.00000000000000355, -26.01257834088290011 ) ) ;
#1965 = CARTESIAN_POINT ( 'NONE',  ( -78.50314347345604915, 43.70681350525285325, 24.45266444041235232 ) ) ;
#1966 = ORIENTED_EDGE ( 'NONE', *, *, #1840, .T. ) ;
#1967 = CARTESIAN_POINT ( 'NONE',  ( 56.69886511143093344, 111.0545561911343526, -10.02469446257205554 ) ) ;
#1968 = ADVANCED_FACE ( 'NONE', ( #1587 ), #1049, .T. ) ;
#1969 = AXIS2_PLACEMENT_3D ( 'NONE', #430, #1880, #1529 ) ;
#1970 = B_SPLINE_CURVE_WITH_KNOTS ( 'NONE', 3,
 ( #1507, #784, #1321, #588, #2035, #1874, #2229, #439, #424, #1308, #2062, #1148, #1123, #39, #1646, #54, #449, #66, #1863, #1826, #1836, #808, #577, #218, #1494, #401, #601, #231, #2216, #411, #1684, #961, #1136, #977, #1694, #2023, #1347, #1849, #28, #1670, #796, #986, #614, #1334, #947, #936, #2050, #1163, #768, #261, #77, #1657, #1521, #2243, #630, #757, #206, #1469 ),
 .UNSPECIFIED., .F., .F.,
 ( 4, 2, 2, 2, 2, 2, 2, 2, 2, 2, 2, 2, 2, 2, 2, 2, 2, 2, 2, 2, 2, 2, 2, 2, 2, 2, 2, 2, 4 ),
 ( 0.000000000000000000, 0.004330527673434796457, 0.008661055346869592914, 0.01082631918358698334, 0.01299158302030437376, 0.01732211069373919277, 0.01948737453045661441, 0.02165263836717404300, 0.02381790220389146465, 0.02490053412225016680, 0.02598316604060886548, 0.03031369371404370530, 0.03139632563240241786, 0.03247895755076113389, 0.03464422138747855207, 0.03680948522419597024, 0.03897474906091339536, 0.04005738097927210445, 0.04114001289763081354, 0.04222264481598951569, 0.04330527673434822478, 0.04763580440778304032, 0.04980106824450043768, 0.05196633208121782116, 0.05413159591793521158, 0.05629685975465260200, 0.06062738742808737591, 0.06495791510152214288, 0.06928844277495692372 ),
 .UNSPECIFIED. ) ;
#1971 = CARTESIAN_POINT ( 'NONE',  ( 84.23609329716559557, 32.87019232249627976, -25.17693663660107006 ) ) ;
#1972 = CARTESIAN_POINT ( 'NONE',  ( 3.570836135545171430, 137.4175193027821820, 18.77912549790758945 ) ) ;
#1973 = ORIENTED_EDGE ( 'NONE', *, *, #1652, .F. ) ;
#1974 = AXIS2_PLACEMENT_3D ( 'NONE', #652, #1919, #1577 ) ;
#1975 = CARTESIAN_POINT ( 'NONE',  ( 56.35121289722525972, 110.5191223590346965, 6.974385345582303053 ) ) ;
#1976 = CARTESIAN_POINT ( 'NONE',  ( -35.45431272967914538, 130.4719190922710368, -19.75526594900009769 ) ) ;
#1977 = VERTEX_POINT ( 'NONE', #337 ) ;
#1978 = CARTESIAN_POINT ( 'NONE',  ( -65.01436207541755152, 95.99011217021563880, -20.62158328766119197 ) ) ;
#1979 = CARTESIAN_POINT ( 'NONE',  ( -84.43638059940755625, 22.00000000000000711, 24.99364585592260468 ) ) ;
#1980 = CARTESIAN_POINT ( 'NONE',  ( -68.73973932208393478, 84.47961726625982237, 23.11491383680601785 ) ) ;
#1981 = VERTEX_POINT ( 'NONE', #730 ) ;
#1982 = CARTESIAN_POINT ( 'NONE',  ( 58.06378416144844579, 109.0982655902739538, 12.72336736152012371 ) ) ;
#1983 = CARTESIAN_POINT ( 'NONE',  ( 70.54235294130891987, 78.47615010026527216, -22.31241075034563792 ) ) ;
#1984 = CARTESIAN_POINT ( 'NONE',  ( -35.00000000000000000, 70.00000000000000000, 28.25403993428519556 ) ) ;
#1985 = VERTEX_POINT ( 'NONE', #1599 ) ;
#1986 = CARTESIAN_POINT ( 'NONE',  ( 55.55146559643790027, 111.6736759516456772, -3.552039908876469809 ) ) ;
#1987 = ADVANCED_FACE ( 'NONE', ( #1433 ), #1518, .T. ) ;
#1988 = CARTESIAN_POINT ( 'NONE',  ( -58.72542411717834909, 102.8686410966951712, -23.63465367902232117 ) ) ;
#1989 = ORIENTED_EDGE ( 'NONE', *, *, #2073, .F. ) ;
#1990 = CARTESIAN_POINT ( 'NONE',  ( -61.27050126080218462, 102.0123761993159377, -15.60447036645133601 ) ) ;
#1991 = CARTESIAN_POINT ( 'NONE',  ( -87.62332124381180165, 21.58928800369849910, 27.99820954507118742 ) ) ;
#1992 = CARTESIAN_POINT ( 'NONE',  ( 58.35023088896019061, 107.3906762400969797, -11.55822662675101142 ) ) ;
#1993 = CARTESIAN_POINT ( 'NONE',  ( 87.62561171479066502, 21.58165976480698944, -25.03103999167396410 ) ) ;
#1994 = CARTESIAN_POINT ( 'NONE',  ( 78.27797647605059694, 150.2638496785980635, 25.00000000000000711 ) ) ;
#1995 = ORIENTED_EDGE ( 'NONE', *, *, #2177, .T. ) ;
#1996 = CARTESIAN_POINT ( 'NONE',  ( 55.74870220584291047, 111.3936398825537708, 4.649192826067521267 ) ) ;
#1997 = ADVANCED_FACE ( 'NONE', ( #1319 ), #1146, .F. ) ;
#1998 = LINE ( 'NONE', #822, #1405 ) ;
#1999 = ORIENTED_EDGE ( 'NONE', *, *, #688, .T. ) ;
#2000 = CARTESIAN_POINT ( 'NONE',  ( -60.55012991309526171, 105.1357558493151032, -14.90944185142094902 ) ) ;
#2001 = CARTESIAN_POINT ( 'NONE',  ( 55.18777164008253067, 113.0622641233364476, 5.331466629946467251 ) ) ;
#2002 = CARTESIAN_POINT ( 'NONE',  ( 73.86095727345802686, 67.42379149537303817, -25.49967010853179872 ) ) ;
#2003 = CARTESIAN_POINT ( 'NONE',  ( -35.00000000000000000, 70.00000000000000000, 28.25403993428519556 ) ) ;
#2004 = VECTOR ( 'NONE', #895, 1000.000000000000114 ) ;
#2005 = ORIENTED_EDGE ( 'NONE', *, *, #403, .F. ) ;
#2006 = CARTESIAN_POINT ( 'NONE',  ( 73.86095727346261697, 67.42379149535780414, 25.49967010854220106 ) ) ;
#2007 = CIRCLE ( 'NONE', #582, 2.999999999999995115 ) ;
#2008 = CARTESIAN_POINT ( 'NONE',  ( 3.711172211896690332, 140.0000000000000000, -18.41618150511777685 ) ) ;
#2009 = EDGE_CURVE ( 'NONE', #746, #494, #1998, .T. ) ;
#2010 = ORIENTED_EDGE ( 'NONE', *, *, #530, .F. ) ;
#2011 = CARTESIAN_POINT ( 'NONE',  ( -87.50000000000000000, 22.00000000000000000, -32.09176671168476247 ) ) ;
#2012 = CARTESIAN_POINT ( 'NONE',  ( -57.19951628123221354, 110.3629259841041090, 9.424132005492181108 ) ) ;
#2013 = CARTESIAN_POINT ( 'NONE',  ( 84.43638059940630569, 22.00000000000001066, -24.99364585592257626 ) ) ;
#2014 = ADVANCED_FACE ( 'NONE', ( #1191 ), #629, .F. ) ;
#2015 = CARTESIAN_POINT ( 'NONE',  ( 70.42255228630824604, 78.87513704391390945, 23.99762556607083752 ) ) ;
#2016 = LINE ( 'NONE', #44, #1446 ) ;
#2017 = CARTESIAN_POINT ( 'NONE',  ( -87.50000000000000000, 22.00000000000000000, 35.00000000000000000 ) ) ;
#2018 = VERTEX_POINT ( 'NONE', #1536 ) ;
#2019 = CARTESIAN_POINT ( 'NONE',  ( 65.64513212756558858, 90.74494796394769480, 19.41705032917493057 ) ) ;
#2020 = CARTESIAN_POINT ( 'NONE',  ( -67.04300182624014326, 90.13047207908356029, 22.01426644627217755 ) ) ;
#2021 = CARTESIAN_POINT ( 'NONE',  ( 55.17457191201120281, 113.2398517497619252, -19.40803371043834602 ) ) ;
#2022 = ORIENTED_EDGE ( 'NONE', *, *, #2160, .F. ) ;
#2023 = CARTESIAN_POINT ( 'NONE',  ( -55.97993286185813844, 111.0614569891224050, -5.663213228486155160 ) ) ;
#2024 = CARTESIAN_POINT ( 'NONE',  ( -56.29468418103849103, 111.6151975430835392, -7.012828767179236422 ) ) ;
#2025 = CARTESIAN_POINT ( 'NONE',  ( 87.50000000000000000, 22.00000000000000000, 27.99687342189881889 ) ) ;
#2026 = CARTESIAN_POINT ( 'NONE',  ( 66.68274286419618591, 91.35181793176600706, -20.28709539426460395 ) ) ;
#2027 = EDGE_CURVE ( 'NONE', #1835, #1981, #1342, .T. ) ;
#2028 = DIRECTION ( 'NONE',  ( -0.000000000000000000, -0.000000000000000000, -1.000000000000000000 ) ) ;
#2029 = CARTESIAN_POINT ( 'NONE',  ( 44.77177178740988239, 123.9389155993257390, 17.96882071923070612 ) ) ;
#2030 = EDGE_LOOP ( 'NONE', ( #85, #1320, #2091, #1810 ) ) ;
#2031 = CARTESIAN_POINT ( 'NONE',  ( 57.23058401997385403, 109.1959512829277088, 9.400753213765787208 ) ) ;
#2032 = DIRECTION ( 'NONE',  ( -0.000000000000000000, 1.000000000000000000, -0.000000000000000000 ) ) ;
#2033 = CARTESIAN_POINT ( 'NONE',  ( 44.77177178740034691, 123.9389155993328160, -17.96882071922671997 ) ) ;
#2034 = VERTEX_POINT ( 'NONE', #2317 ) ;
#2035 = CARTESIAN_POINT ( 'NONE',  ( -63.85000419846899433, 96.07528531487275814, 18.08924664171193442 ) ) ;
#2036 = CARTESIAN_POINT ( 'NONE',  ( -55.27752815356791416, 112.0576759997206864, 1.321998394474409144 ) ) ;
#2037 = CARTESIAN_POINT ( 'NONE',  ( -52.80994740148677380, 111.8042345490909071, 22.37883791666139999 ) ) ;
#2038 = CARTESIAN_POINT ( 'NONE',  ( 62.19477606545185466, 102.1296698261851077, -18.13270069831442299 ) ) ;
#2039 = CARTESIAN_POINT ( 'NONE',  ( 78.93656127136442535, 50.51987951734832194, 27.02158011035039209 ) ) ;
#2040 = DIRECTION ( 'NONE',  ( 0.2827012408235735075, -0.9415149197871064413, 0.1833839258361824043 ) ) ;
#2041 = CARTESIAN_POINT ( 'NONE',  ( 47.58674387511052828, 121.4725166703520927, 18.30059492208923189 ) ) ;
#2042 = EDGE_CURVE ( 'NONE', #795, #1059, #512, .T. ) ;
#2043 = VERTEX_POINT ( 'NONE', #2241 ) ;
#2044 = DIRECTION ( 'NONE',  ( 0.000000000000000000, -1.000000000000000000, 0.000000000000000000 ) ) ;
#2045 = APPROVAL_PERSON_ORGANIZATION ( #1566, #2141, #1399 ) ;
#2046 = CARTESIAN_POINT ( 'NONE',  ( 54.81687728567561635, 113.5330303134196157, 3.188460084112251902 ) ) ;
#2047 = CARTESIAN_POINT ( 'NONE',  ( 47.58674387508796144, 121.4725166703753274, -18.30059492209461780 ) ) ;
#2048 = ORIENTED_EDGE ( 'NONE', *, *, #2160, .T. ) ;
#2049 = CIRCLE ( 'NONE', #542, 8.500000000000000000 ) ;
#2050 = CARTESIAN_POINT ( 'NONE',  ( -59.73016372555386511, 104.9886189795762306, -13.69467392264086136 ) ) ;
#2051 = CARTESIAN_POINT ( 'NONE',  ( -55.86415136186595731, 111.2302491002505462, 5.344230298461734918 ) ) ;
#2052 = VECTOR ( 'NONE', #1650, 1000.000000000000000 ) ;
#2053 = CARTESIAN_POINT ( 'NONE',  ( -54.99285587994462077, 113.4697266538072711, 22.14476826604974491 ) ) ;
#2054 = DIRECTION ( 'NONE',  ( -1.000000000000000000, 0.000000000000000000, 1.387778780781445922E-16 ) ) ;
#2055 = DIRECTION ( 'NONE',  ( 0.9577571689462867077, 0.2875781725583393955, 0.000000000000000000 ) ) ;
#2056 = CARTESIAN_POINT ( 'NONE',  ( 38.61755002147096860, 128.5018361325977594, 20.03214305256170391 ) ) ;
#2057 = ADVANCED_FACE ( 'NONE', ( #1731 ), #1346, .F. ) ;
#2058 = ORIENTED_EDGE ( 'NONE', *, *, #662, .F. ) ;
#2059 = ADVANCED_FACE ( 'NONE', ( #281 ), #2255, .T. ) ;
#2060 = CARTESIAN_POINT ( 'NONE',  ( 67.04300182624014326, 90.13047207908356029, 22.01426644627216334 ) ) ;
#2061 = CARTESIAN_POINT ( 'NONE',  ( -68.73973932205844051, 84.47961726634457591, -23.11491383706396618 ) ) ;
#2062 = CARTESIAN_POINT ( 'NONE',  ( -60.57858973460910335, 103.4091765508852774, 14.82030496336591519 ) ) ;
#2063 = CARTESIAN_POINT ( 'NONE',  ( -55.30299068030891618, 112.9158787056065876, 5.984692879290617995 ) ) ;
#2064 = CARTESIAN_POINT ( 'NONE',  ( -84.63596503453814535, 22.00000000000001421, -24.99814658624200092 ) ) ;
#2065 =( LENGTH_UNIT ( ) NAMED_UNIT ( * ) SI_UNIT ( .MILLI., .METRE. ) );
#2066 = CARTESIAN_POINT ( 'NONE',  ( -107.9999999999999716, 22.00000000000000000, 22.99999999999999645 ) ) ;
#2067 = CARTESIAN_POINT ( 'NONE',  ( 64.16973031940132444, 89.26773756140855198, 22.01426644627218110 ) ) ;
#2068 = DIRECTION ( 'NONE',  ( -0.000000000000000000, 1.000000000000000000, -0.000000000000000000 ) ) ;
#2069 = ORIENTED_EDGE ( 'NONE', *, *, #1127, .F. ) ;
#2070 = CARTESIAN_POINT ( 'NONE',  ( 60.59864822120676564, 103.3533324710838741, 14.82059444859196340 ) ) ;
#2071 = CARTESIAN_POINT ( 'NONE',  ( 58.32343985364700245, 108.7099965157947139, 13.16243132359916501 ) ) ;
#2072 = LINE ( 'NONE', #459, #964 ) ;
#2073 = EDGE_CURVE ( 'NONE', #746, #572, #113, .T. ) ;
#2074 = CARTESIAN_POINT ( 'NONE',  ( -58.92363739858707561, 107.8011539660541160, 12.65398802481560203 ) ) ;
#2075 =( BOUNDED_CURVE ( )  B_SPLINE_CURVE ( 3, ( #2013, #1126, #1672, #1838 ),
 .UNSPECIFIED., .F., .F. ) 
 B_SPLINE_CURVE_WITH_KNOTS ( ( 4, 4 ),
 ( 0.07956270764913536686, 0.1574365719879677883 ),
 .UNSPECIFIED. ) 
 CURVE ( )  GEOMETRIC_REPRESENTATION_ITEM ( )  RATIONAL_B_SPLINE_CURVE ( ( 0.9779522847777993855, 0.3406825717407228615, 0.3406825717407335752, 0.9779522847778315819 ) ) 
 REPRESENTATION_ITEM ( '' )  );
#2076 = CARTESIAN_POINT ( 'NONE',  ( -47.58674387510237125, 121.4725166703605055, 18.30059492209009520 ) ) ;
#2077 = CARTESIAN_POINT ( 'NONE',  ( -66.10736559836341542, 93.06727987996602280, -21.41296521211643622 ) ) ;
#2078 = CARTESIAN_POINT ( 'NONE',  ( 25.42385775266707171, 135.3257319935970031, 19.07310703235835447 ) ) ;
#2079 = FACE_OUTER_BOUND ( 'NONE', #1353, .T. ) ;
#2080 = LINE ( 'NONE', #984, #2124 ) ;
#2081 = DIRECTION ( 'NONE',  ( 0.000000000000000000, -1.000000000000000000, 0.000000000000000000 ) ) ;
#2082 =( BOUNDED_CURVE ( )  B_SPLINE_CURVE ( 3, ( #2125, #1207, #1915, #1057 ),
 .UNSPECIFIED., .F., .T. ) 
 B_SPLINE_CURVE_WITH_KNOTS ( ( 4, 4 ),
 ( 5.865096972166938372, 7.395859460014643005 ),
 .UNSPECIFIED. ) 
 CURVE ( )  GEOMETRIC_REPRESENTATION_ITEM ( )  RATIONAL_B_SPLINE_CURVE ( ( 1.000000000000000000, 0.8140788529966014320, 0.8140788529966014320, 1.000000000000000000 ) ) 
 REPRESENTATION_ITEM ( '' )  );
#2083 = LOCAL_TIME ( 23, 44, 8.000000000000000000, #134 ) ;
#2084 = CARTESIAN_POINT ( 'NONE',  ( -62.76684390282792947, 101.0020860243925256, 17.29031811075869740 ) ) ;
#2085 = EDGE_CURVE ( 'NONE', #154, #1985, #2072, .T. ) ;
#2086 = CARTESIAN_POINT ( 'NONE',  ( -14.19214438803930278, 135.9944495534347482, 18.97912490832059618 ) ) ;
#2087 = PERSON_AND_ORGANIZATION ( #1418, #850 ) ;
#2088 = EDGE_CURVE ( 'NONE', #1083, #804, #1018, .T. ) ;
#2089 = PLANE ( 'NONE',  #854 ) ;
#2090 = CARTESIAN_POINT ( 'NONE',  ( 35.00000000000000000, 70.00000000000000000, -28.25403993428518490 ) ) ;
#2091 = ORIENTED_EDGE ( 'NONE', *, *, #1355, .T. ) ;
#2092 = FACE_OUTER_BOUND ( 'NONE', #1179, .T. ) ;
#2093 = CARTESIAN_POINT ( 'NONE',  ( -84.43638059940633411, 21.99999999999999289, -24.99364585592257626 ) ) ;
#2094 = CARTESIAN_POINT ( 'NONE',  ( -69.12263046377077558, 78.02397975694017873, -21.43715445529948482 ) ) ;
#2095 = CARTESIAN_POINT ( 'NONE',  ( -61.19625870952027213, 104.0153102564559617, 17.08559664676686296 ) ) ;
#2096 = CARTESIAN_POINT ( 'NONE',  ( -14.75318797863178233, 138.5283694685833495, 18.62300568837784454 ) ) ;
#2097 = FACE_BOUND ( 'NONE', #1581, .T. ) ;
#2098 = CARTESIAN_POINT ( 'NONE',  ( 62.81245544360120192, 100.9329253279184258, 17.35162310994689250 ) ) ;
#2099 = ORIENTED_EDGE ( 'NONE', *, *, #484, .T. ) ;
#2100 = ADVANCED_FACE ( 'NONE', ( #1555 ), #1679, .T. ) ;
#2101 = DIRECTION ( 'NONE',  ( 0.000000000000000000, 0.000000000000000000, -1.000000000000000000 ) ) ;
#2102 = DIRECTION ( 'NONE',  ( 1.000000000000000000, -0.000000000000000000, -0.000000000000000000 ) ) ;
#2103 = CARTESIAN_POINT ( 'NONE',  ( 84.49304724073394368, 22.00000000000000000, -34.99999999999999289 ) ) ;
#2104 = LINE ( 'NONE', #490, #1484 ) ;
#2105 = B_SPLINE_CURVE_WITH_KNOTS ( 'NONE', 3,
 ( #147, #1944, #519, #2156, #1624, #408, #1436, #735, #1238, #1955, #1065, #1449, #541, #1262, #1774, #1979 ),
 .UNSPECIFIED., .F., .F.,
 ( 4, 2, 2, 2, 2, 2, 2, 4 ),
 ( 0.000000000000000000, 0.0005904425683278695164, 0.001180885136655739033, 0.001771327704983608657, 0.002361770273311478065, 0.003542655409967194764, 0.004133097978295053113, 0.004723540546622910161 ),
 .UNSPECIFIED. ) ;
#2106 = EDGE_LOOP ( 'NONE', ( #1407, #1090, #1515, #1832 ) ) ;
#2107 = CARTESIAN_POINT ( 'NONE',  ( -58.81235475179187944, 107.9631489222280010, -13.94035632391376112 ) ) ;
#2108 = ORIENTED_EDGE ( 'NONE', *, *, #605, .T. ) ;
#2109 = CARTESIAN_POINT ( 'NONE',  ( 60.55012991310594117, 105.1357558493415354, 14.90944185142965139 ) ) ;
#2110 = DIRECTION ( 'NONE',  ( -0.2827012408235697882, -0.9415149197871115483, 0.1833839258361630031 ) ) ;
#2111 = EDGE_CURVE ( 'NONE', #1454, #828, #815, .T. ) ;
#2112 = ORIENTED_EDGE ( 'NONE', *, *, #925, .T. ) ;
#2113 = DIRECTION ( 'NONE',  ( 1.000000000000000000, -0.000000000000000000, -0.000000000000000000 ) ) ;
#2114 = CARTESIAN_POINT ( 'NONE',  ( -61.49437305152522981, 103.4771736759712297, 16.02033241715450274 ) ) ;
#2115 = CARTESIAN_POINT ( 'NONE',  ( -47.40316193870606298, 121.6405155652073233, -20.99643877229474853 ) ) ;
#2116 = APPROVAL_STATUS ( 'not_yet_approved' ) ;
#2117 = AXIS2_PLACEMENT_3D ( 'NONE', #794, #1505, #564 ) ;
#2118 = DIRECTION ( 'NONE',  ( 1.000000000000000000, -0.000000000000000000, -0.000000000000000000 ) ) ;
#2119 = LOCAL_TIME ( 23, 44, 8.000000000000000000, #653 ) ;
#2120 = CARTESIAN_POINT ( 'NONE',  ( 87.08375432212274347, 21.99999999999999645, -26.48939615936377834 ) ) ;
#2121 = CARTESIAN_POINT ( 'NONE',  ( -66.59696833799493731, 91.61595259089217791, -21.73733148853248309 ) ) ;
#2122 = ORIENTED_EDGE ( 'NONE', *, *, #2085, .T. ) ;
#2123 = CARTESIAN_POINT ( 'NONE',  ( 63.75570075903530665, 96.32354776014010156, 18.01217647563380453 ) ) ;
#2124 = VECTOR ( 'NONE', #1504, 1000.000000000000000 ) ;
#2125 = CARTESIAN_POINT ( 'NONE',  ( 87.50000000000000000, 22.00000000000000000, 32.09176671168475536 ) ) ;
#2126 = VECTOR ( 'NONE', #1686, 1000.000000000000000 ) ;
#2127 = ORIENTED_EDGE ( 'NONE', *, *, #1109, .F. ) ;
#2128 = CARTESIAN_POINT ( 'NONE',  ( 67.12201098940447253, 89.86733808751561980, 20.54150613646947576 ) ) ;
#2129 = ADVANCED_FACE ( 'NONE', ( #1252 ), #1441, .F. ) ;
#2130 = CARTESIAN_POINT ( 'NONE',  ( -72.12937349822072974, 67.02459196740159086, 22.72622246185337147 ) ) ;
#2131 = CARTESIAN_POINT ( 'NONE',  ( -34.08698030300386250, 128.2087687896422779, -20.07333098159034890 ) ) ;
#2132 = ORIENTED_EDGE ( 'NONE', *, *, #273, .F. ) ;
#2133 = CARTESIAN_POINT ( 'NONE',  ( -75.52202236865591090, 61.89174089202087714, 26.07737669434859029 ) ) ;
#2134 = CARTESIAN_POINT ( 'NONE',  ( 85.77648810908394239, 22.00000000000000355, 25.30856952949132577 ) ) ;
#2135 = ORIENTED_EDGE ( 'NONE', *, *, #5, .T. ) ;
#2136 = CARTESIAN_POINT ( 'NONE',  ( 56.24743911677595065, 111.6854255815193397, -6.952805031336333208 ) ) ;
#2137 = CARTESIAN_POINT ( 'NONE',  ( -119.9999999999999716, 22.00000000000000000, 22.99999999999999645 ) ) ;
#2138 = CARTESIAN_POINT ( 'NONE',  ( 84.43638059940742835, 22.00000000000000000, 24.99364585592259402 ) ) ;
#2139 = EDGE_LOOP ( 'NONE', ( #1421, #1447, #1098, #839, #1933, #492, #1416, #1307, #2108, #1289, #1957, #1122 ) ) ;
#2140 = CARTESIAN_POINT ( 'NONE',  ( -66.02241630454450672, 89.36483271959872354, -19.65669838347739073 ) ) ;
#2141 = APPROVAL ( #2116, 'UNSPECIFIED' ) ;
#2142 = CARTESIAN_POINT ( 'NONE',  ( -18.37268048932214626, 137.6476378032496370, -18.74678445176024510 ) ) ;
#2143 = EDGE_CURVE ( 'NONE', #318, #1232, #560, .T. ) ;
#2144 = CARTESIAN_POINT ( 'NONE',  ( -66.20215018033196941, 92.79600820545940110, -19.98842390853315720 ) ) ;
#2145 = CARTESIAN_POINT ( 'NONE',  ( -68.72933533809623441, 84.51426694137650486, 23.10816493349627621 ) ) ;
#2146 = CARTESIAN_POINT ( 'NONE',  ( -65.04133449625747687, 95.92166610235371138, 20.64190871368156976 ) ) ;
#2147 = EDGE_LOOP ( 'NONE', ( #225, #2304, #1645, #932 ) ) ;
#2148 = CARTESIAN_POINT ( 'NONE',  ( 55.52984832272637306, 111.7046337678673495, 3.455160204734216034 ) ) ;
#2149 = CARTESIAN_POINT ( 'NONE',  ( 67.56935950330777985, 83.70607462428655765, -20.63930499759610626 ) ) ;
#2150 = CARTESIAN_POINT ( 'NONE',  ( -83.21323681866728350, 26.47490864664559140, -24.98404593879036284 ) ) ;
#2151 = ORIENTED_EDGE ( 'NONE', *, *, #2236, .F. ) ;
#2152 = CARTESIAN_POINT ( 'NONE',  ( 58.84414478900239232, 106.5566420863964083, -12.38184147232840715 ) ) ;
#2153 = CARTESIAN_POINT ( 'NONE',  ( -44.59140145276519718, 124.0880020497780976, -20.65246697883646121 ) ) ;
#2154 = ADVANCED_FACE ( 'NONE', ( #10 ), #371, .F. ) ;
#2155 = CARTESIAN_POINT ( 'NONE',  ( -58.71058739014136307, 108.1203293570353736, -13.78331244268390599 ) ) ;
#2156 = CARTESIAN_POINT ( 'NONE',  ( -87.39886163694333732, 22.00000000000000000, 27.21545318289572535 ) ) ;
#2157 = DIRECTION ( 'NONE',  ( -1.000000000000000000, 0.000000000000000000, -0.000000000000000000 ) ) ;
#2158 = VERTEX_POINT ( 'NONE', #571 ) ;
#2159 = CARTESIAN_POINT ( 'NONE',  ( 58.24493895411414002, 107.5625335846750090, 11.36147419461175367 ) ) ;
#2160 = EDGE_CURVE ( 'NONE', #385, #146, #536, .T. ) ;
#2161 = CARTESIAN_POINT ( 'NONE',  ( 70.44350471394848512, 78.80535658178496305, -24.00867065127971145 ) ) ;
#2162 = DIRECTION ( 'NONE',  ( -0.000000000000000000, -0.000000000000000000, -1.000000000000000000 ) ) ;
#2163 = VECTOR ( 'NONE', #2282, 1000.000000000000114 ) ;
#2164 = EDGE_LOOP ( 'NONE', ( #960, #848, #777, #1040, #2299, #935, #1413, #782 ) ) ;
#2165 =( BOUNDED_SURFACE ( )  B_SPLINE_SURFACE ( 3, 2, ( 
 ( #549, #213, #716 ),
 ( #1972, #942, #1651 ),
 ( #33, #1430, #357 ),
 ( #267, #1130, #84 ),
 ( #954, #2251, #255 ),
 ( #2235, #2078, #98 ),
 ( #1487, #1689, #1500 ),
 ( #621, #223, #1842 ),
 ( #1178, #2056, #827 ),
 ( #1854, #72, #2029 ),
 ( #1869, #803, #2041 ),
 ( #2210, #1891, #981 ),
 ( #646, #1154, #814 ),
 ( #1327, #1168, #237 ),
 ( #1662, #992, #45 ),
 ( #1361, #775, #634 ),
 ( #1541, #1341, #594 ),
 ( #1514, #1315, #444 ) ),
 .UNSPECIFIED., .F., .F., .F. ) 
 B_SPLINE_SURFACE_WITH_KNOTS ( ( 4, 2, 2, 2, 2, 2, 2, 2, 4 ),
 ( 3, 3 ),
 ( 0.000000000000000000, 0.1598873871206498709, 0.3197747742412997418, 0.4796621613619496127, 0.6395495484825994836, 0.7994369356032493545, 0.9593243227238992255, 1.119211709844549096, 1.279099096965198967 ),
 ( 0.000000000000000000, 1.000000000000000000 ),
 .UNSPECIFIED. ) 
 GEOMETRIC_REPRESENTATION_ITEM ( )  RATIONAL_B_SPLINE_SURFACE ( (
 ( 1.000000000000000000, 0.7547095802227722361, 1.000000000000000000),
 ( 1.000000000000000000, 0.7547097084253044930, 1.000000000000000000),
 ( 1.000000000000000000, 0.7545128156063802827, 1.000000000000000000),
 ( 1.000000000000000000, 0.7537298561493352977, 1.000000000000000000),
 ( 1.000000000000000000, 0.7531436635011911074, 1.000000000000000000),
 ( 1.000000000000000000, 0.7515941166646719074, 1.000000000000000000),
 ( 1.000000000000000000, 0.7506307670517757824, 1.000000000000000000),
 ( 1.000000000000000000, 0.7483472440282028515, 1.000000000000000000),
 ( 1.000000000000000000, 0.7470270779583227938, 1.000000000000000000),
 ( 1.000000000000000000, 0.7440581517894766517, 1.000000000000000000),
 ( 1.000000000000000000, 0.7424094023765788197, 1.000000000000000000),
 ( 1.000000000000000000, 0.7388191635788874390, 1.000000000000000000),
 ( 1.000000000000000000, 0.7368776889852999279, 1.000000000000000000),
 ( 1.000000000000000000, 0.7327450995423725466, 1.000000000000000000),
 ( 1.000000000000000000, 0.7305540045252053583, 1.000000000000000000),
 ( 1.000000000000000000, 0.7259720042771008464, 1.000000000000000000),
 ( 1.000000000000000000, 0.7235812129498195855, 1.000000000000000000),
 ( 1.000000000000000000, 0.7211182794949011488, 1.000000000000000000) ) ) 
 REPRESENTATION_ITEM ( '' )  SURFACE ( )  );
#2166 = CIRCLE ( 'NONE', #202, 12.00000000000000355 ) ;
#2167 = PRODUCT ( 'CSWP_18_18', 'CSWP_18_18', '', ( #234 ) ) ;
#2168 = CARTESIAN_POINT ( 'NONE',  ( 87.62561171479069344, 21.58165976480698589, 25.03103999167394278 ) ) ;
#2169 = CARTESIAN_POINT ( 'NONE',  ( -56.90977076469942375, 105.9566348649173193, -23.20066445728059179 ) ) ;
#2170 = EDGE_LOOP ( 'NONE', ( #1752, #753, #1141, #1264 ) ) ;
#2171 = DIRECTION ( 'NONE',  ( 1.000000000000000000, 0.000000000000000000, 0.000000000000000000 ) ) ;
#2172 = CARTESIAN_POINT ( 'NONE',  ( -78.93656127136446798, 50.51987951734830773, -27.02158011035039920 ) ) ;
#2173 = CARTESIAN_POINT ( 'NONE',  ( -67.04300182624017168, 90.13047207908357450, 22.01426644627218110 ) ) ;
#2174 = CARTESIAN_POINT ( 'NONE',  ( 58.02343314784597794, 109.1690871549047870, -11.11686677921646016 ) ) ;
#2175 = CARTESIAN_POINT ( 'NONE',  ( 35.00000000000000000, 70.00000000000000000, -28.25403993428518490 ) ) ;
#2176 = CARTESIAN_POINT ( 'NONE',  ( -85.90023919540394104, 27.32788133943073206, -27.98212619382768196 ) ) ;
#2177 = EDGE_CURVE ( 'NONE', #1197, #1468, #923, .T. ) ;
#2178 = ORIENTED_EDGE ( 'NONE', *, *, #763, .F. ) ;
#2179 = CARTESIAN_POINT ( 'NONE',  ( 64.33265207592521051, 94.76950711027025420, -18.47181073377308991 ) ) ;
#2180 = CARTESIAN_POINT ( 'NONE',  ( -3.570818312228725588, 137.4175193028802084, -18.77912549789380847 ) ) ;
#2181 = VERTEX_POINT ( 'NONE', #2003 ) ;
#2182 = CARTESIAN_POINT ( 'NONE',  ( -87.50000000000000000, 22.00000000000000000, -27.99687342189881178 ) ) ;
#2183 = CARTESIAN_POINT ( 'NONE',  ( -67.12201098940451516, 89.86733808751564823, 20.54150613646947576 ) ) ;
#2184 = CARTESIAN_POINT ( 'NONE',  ( 55.22665977011379823, 113.0226694273146251, -1.392974721385443315 ) ) ;
#2185 = DIRECTION ( 'NONE',  ( 0.000000000000000000, 0.000000000000000000, -1.000000000000000000 ) ) ;
#2186 = CARTESIAN_POINT ( 'NONE',  ( 78.27797647605059694, 150.2638496785980635, 25.00000000000000711 ) ) ;
#2187 = EDGE_CURVE ( 'NONE', #1427, #1848, #907, .T. ) ;
#2188 = ORIENTED_EDGE ( 'NONE', *, *, #1811, .F. ) ;
#2189 = CARTESIAN_POINT ( 'NONE',  ( 55.45306398034615114, 111.8123012385580068, -2.845630896246554631 ) ) ;
#2190 = CARTESIAN_POINT ( 'NONE',  ( 27.75127109408078141, 131.5044876028546241, -19.61014790863709933 ) ) ;
#2191 = ORIENTED_EDGE ( 'NONE', *, *, #383, .F. ) ;
#2192 = CARTESIAN_POINT ( 'NONE',  ( -59.53851085666475029, 106.8183026612009172, -15.00310554576902788 ) ) ;
#2193 = CARTESIAN_POINT ( 'NONE',  ( 87.49999999999997158, 22.00000000000000000, 27.79697648012123778 ) ) ;
#2194 = CARTESIAN_POINT ( 'NONE',  ( 67.04300182624018589, 90.13047207908357450, -22.01426644627218110 ) ) ;
#2195 = CARTESIAN_POINT ( 'NONE',  ( -87.50000000000000000, 22.00000000000000000, -32.09176671168476247 ) ) ;
#2196 = CARTESIAN_POINT ( 'NONE',  ( 108.0000000000000284, 0.000000000000000000, 22.99999999999999645 ) ) ;
#2197 = ORIENTED_EDGE ( 'NONE', *, *, #1394, .T. ) ;
#2198 = CARTESIAN_POINT ( 'NONE',  ( 55.41194247188390420, 111.8699622845020230, -2.490869625532334819 ) ) ;
#2199 = VECTOR ( 'NONE', #1344, 1000.000000000000114 ) ;
#2200 = CARTESIAN_POINT ( 'NONE',  ( 7.424207487559224106, 139.7039596438076785, -18.45778726389378122 ) ) ;
#2201 = VECTOR ( 'NONE', #770, 1000.000000000000000 ) ;
#2202 = ORIENTED_EDGE ( 'NONE', *, *, #1840, .F. ) ;
#2203 = EDGE_CURVE ( 'NONE', #2181, #318, #141, .T. ) ;
#2204 = CARTESIAN_POINT ( 'NONE',  ( -86.26877088413178285, 21.99999999999999645, -34.99999999999999289 ) ) ;
#2205 = CARTESIAN_POINT ( 'NONE',  ( -57.56427702449211381, 109.8328913410383905, 11.83080607247346805 ) ) ;
#2206 = CARTESIAN_POINT ( 'NONE',  ( -56.90977076468708873, 105.9566348648926919, 23.20066445728406279 ) ) ;
#2207 = CARTESIAN_POINT ( 'NONE',  ( 65.15304684048349770, 95.64191990698596157, -19.27035045271886204 ) ) ;
#2208 = CARTESIAN_POINT ( 'NONE',  ( 57.81781947895328955, 120.8542382444673819, 18.38376428674182961 ) ) ;
#2209 = CARTESIAN_POINT ( 'NONE',  ( -64.16973031940126759, 89.68525686428876043, 25.48745750324707515 ) ) ;
#2210 = CARTESIAN_POINT ( 'NONE',  ( 50.52582199109101424, 114.5637768514530563, 21.99100953809086434 ) ) ;
#2211 = ORIENTED_EDGE ( 'NONE', *, *, #110, .T. ) ;
#2212 = CARTESIAN_POINT ( 'NONE',  ( 56.55858776835263768, 110.2111200005133895, 7.601866920557853291 ) ) ;
#2213 = FACE_BOUND ( 'NONE', #1943, .T. ) ;
#2214 = CARTESIAN_POINT ( 'NONE',  ( 25.42385775267453596, 135.3257319935346743, -19.07310703237254756 ) ) ;
#2215 = ORIENTED_EDGE ( 'NONE', *, *, #260, .T. ) ;
#2216 = CARTESIAN_POINT ( 'NONE',  ( -55.27981240350921155, 112.0544962875700890, 0.7031016098487875565 ) ) ;
#2217 = CARTESIAN_POINT ( 'NONE',  ( -56.24709530902019594, 110.6731191645315420, -6.658259476231035201 ) ) ;
#2218 = ADVANCED_FACE ( 'NONE', ( #1780 ), #2165, .T. ) ;
#2219 = CARTESIAN_POINT ( 'NONE',  ( -61.19349736123716355, 104.1938643697658762, 23.44840569405072728 ) ) ;
#2220 = CARTESIAN_POINT ( 'NONE',  ( 58.92363739859232652, 107.8011539660543434, -12.65398802481475649 ) ) ;
#2221 = CARTESIAN_POINT ( 'NONE',  ( 75.52202236865592511, 61.89174089202085582, 26.07737669434859029 ) ) ;
#2222 = CARTESIAN_POINT ( 'NONE',  ( -86.26877088413178285, 22.00000000000000711, 34.99999999999999289 ) ) ;
#2223 = CYLINDRICAL_SURFACE ( 'NONE', #197, 2.999999999999995115 ) ;
#2224 = ORIENTED_EDGE ( 'NONE', *, *, #752, .T. ) ;
#2225 = CARTESIAN_POINT ( 'NONE',  ( 64.33942806639279866, 94.75021084916369318, 18.47699221221660437 ) ) ;
#2226 = CARTESIAN_POINT ( 'NONE',  ( 63.28130098751110211, 99.96058351286860955, 19.18283801054608517 ) ) ;
#2227 = CARTESIAN_POINT ( 'NONE',  ( -7.141597779004338342, 137.1314483176203396, -18.81933015294636746 ) ) ;
#2228 = EDGE_LOOP ( 'NONE', ( #192, #2326, #1464, #713, #2022, #731, #2188, #600, #2215 ) ) ;
#2229 = CARTESIAN_POINT ( 'NONE',  ( -62.81559053867226083, 98.62105899813263932, 17.17605140104136652 ) ) ;
#2230 = CARTESIAN_POINT ( 'NONE',  ( -56.94351510438706754, 110.7228001322122282, 8.819265017737960122 ) ) ;
#2231 = CARTESIAN_POINT ( 'NONE',  ( 87.33687209829203368, 22.00000000000000355, 27.02130386637878701 ) ) ;
#2232 = DIRECTION ( 'NONE',  ( 0.000000000000000000, 0.000000000000000000, 1.000000000000000000 ) ) ;
#2233 = CARTESIAN_POINT ( 'NONE',  ( 40.73864192487390312, 167.7207095776563222, -14.52028984253137800 ) ) ;
#2234 = LINE ( 'NONE', #1302, #547 ) ;
#2235 = CARTESIAN_POINT ( 'NONE',  ( 24.45143505956783514, 132.8985409570293257, 19.41422648662172534 ) ) ;
#2236 = EDGE_CURVE ( 'NONE', #1754, #672, #1701, .T. ) ;
#2237 = CARTESIAN_POINT ( 'NONE',  ( 66.02241630454454935, 89.36483271959869512, -19.65669838347740850 ) ) ;
#2238 = CARTESIAN_POINT ( 'NONE',  ( -85.05240778962534876, 20.99999980264368205, 25.00000000000000711 ) ) ;
#2239 = VECTOR ( 'NONE', #2068, 1000.000000000000000 ) ;
#2240 = DIRECTION ( 'NONE',  ( 1.000000000000000000, 0.000000000000000000, -1.387778780781445922E-16 ) ) ;
#2241 = CARTESIAN_POINT ( 'NONE',  ( -67.04300182624014326, 90.13047207908356029, 22.01426644627217755 ) ) ;
#2242 = AXIS2_PLACEMENT_3D ( 'NONE', #488, #143, #706 ) ;
#2243 = CARTESIAN_POINT ( 'NONE',  ( -63.86020208858579394, 96.04784806692681798, -18.09737470741674059 ) ) ;
#2244 = CARTESIAN_POINT ( 'NONE',  ( -55.97358374764530708, 112.0372179717234786, -8.148416180864106906 ) ) ;
#2245 = VECTOR ( 'NONE', #632, 1000.000000000000000 ) ;
#2246 = CARTESIAN_POINT ( 'NONE',  ( 87.39708135506087672, 22.00000000000000000, 27.20875009461726179 ) ) ;
#2247 = CARTESIAN_POINT ( 'NONE',  ( 65.18940493360831567, 92.23716953224422355, -19.10803659907521634 ) ) ;
#2248 = CARTESIAN_POINT ( 'NONE',  ( 64.16973031940128180, 89.26773756140855198, 22.51665329702235852 ) ) ;
#2249 = DIRECTION ( 'NONE',  ( -0.9577571689462875959, -0.2875781725583364534, 0.000000000000000000 ) ) ;
#2250 = APPROVAL ( #2268, 'UNSPECIFIED' ) ;
#2251 = CARTESIAN_POINT ( 'NONE',  ( 18.37268048932424236, 137.6476378032862442, 18.74678445176826003 ) ) ;
#2252 = EDGE_LOOP ( 'NONE', ( #1388, #189, #1966, #2329 ) ) ;
#2253 = CARTESIAN_POINT ( 'NONE',  ( -35.05240778962534165, 20.99999980264368915, 25.00000000000001066 ) ) ;
#2254 = CARTESIAN_POINT ( 'NONE',  ( -36.61790747832289838, 22.00000000000000711, -23.91531501483045830 ) ) ;
#2255 = CYLINDRICAL_SURFACE ( 'NONE', #1291, 12.00000000000000000 ) ;
#2256 = CARTESIAN_POINT ( 'NONE',  ( -55.28206038858045446, 112.0513670616513906, -0.7375029498340307521 ) ) ;
#2257 = CARTESIAN_POINT ( 'NONE',  ( -35.61326300316640214, 130.3789173742179628, 17.10252677537038579 ) ) ;
#2258 =( BOUNDED_CURVE ( )  B_SPLINE_CURVE ( 3, ( #606, #1325, #2208, #1301 ),
 .UNSPECIFIED., .F., .F. ) 
 B_SPLINE_CURVE_WITH_KNOTS ( ( 4, 4 ),
 ( 0.000000000000000000, 1.279099096965199189 ),
 .UNSPECIFIED. ) 
 CURVE ( )  GEOMETRIC_REPRESENTATION_ITEM ( )  RATIONAL_B_SPLINE_CURVE ( ( 1.000000000000000000, 0.8682431227284623798, 0.8682431227284623798, 1.000000000000000000 ) ) 
 REPRESENTATION_ITEM ( '' )  );
#2259 = CARTESIAN_POINT ( 'NONE',  ( -65.05038986426735903, 95.89845489451428762, -20.64868118726071700 ) ) ;
#2260 = CARTESIAN_POINT ( 'NONE',  ( -107.9999999999999716, 0.000000000000000000, 22.99999999999999645 ) ) ;
#2261 = LINE ( 'NONE', #597, #1783 ) ;
#2262 = EDGE_CURVE ( 'NONE', #993, #1800, #657, .T. ) ;
#2263 = CARTESIAN_POINT ( 'NONE',  ( 54.80466663008935768, 113.5483847147719985, -3.088809532143590886 ) ) ;
#2264 = CARTESIAN_POINT ( 'NONE',  ( 76.73461358732812698, 50.17690688272349320, 24.09631967757671234 ) ) ;
#2265 = EDGE_CURVE ( 'NONE', #400, #1794, #1820, .T. ) ;
#2266 = CARTESIAN_POINT ( 'NONE',  ( -60.51819949008918798, 105.2027583971623557, 16.30125317844970567 ) ) ;
#2267 = CARTESIAN_POINT ( 'NONE',  ( -3.711189136465510963, 139.9999999998018154, 18.41618150511158447 ) ) ;
#2268 = APPROVAL_STATUS ( 'not_yet_approved' ) ;
#2269 = CARTESIAN_POINT ( 'NONE',  ( -56.92513852219073556, 110.7380743031471440, 10.51772219202338476 ) ) ;
#2270 = CARTESIAN_POINT ( 'NONE',  ( 62.57060050208517055, 101.4161522156127404, 18.52377903742316434 ) ) ;
#2271 = CARTESIAN_POINT ( 'NONE',  ( 78.27483982084824277, 44.54205509632239313, -24.41029968023996943 ) ) ;
#2272 = CARTESIAN_POINT ( 'NONE',  ( 59.27976820363292632, 107.2328938378105221, -14.64117401222393511 ) ) ;
#2273 = CARTESIAN_POINT ( 'NONE',  ( -70.54235294134851131, 78.47615010031037741, -22.31241075037582533 ) ) ;
#2274 = CARTESIAN_POINT ( 'NONE',  ( 86.26877088413179706, 22.00000000000000000, -35.00000000000000000 ) ) ;
#2275 = CARTESIAN_POINT ( 'NONE',  ( -3.730724320727934806, 140.0000000000000000, 15.80832129167529132 ) ) ;
#2276 = EDGE_CURVE ( 'NONE', #2312, #2018, #1352, .T. ) ;
#2277 = APPROVAL_ROLE ( '' ) ;
#2278 = VECTOR ( 'NONE', #750, 1000.000000000000000 ) ;
#2279 = CARTESIAN_POINT ( 'NONE',  ( -61.32014070707722198, 103.7684546931939309, -17.20580233238932522 ) ) ;
#2280 = CARTESIAN_POINT ( 'NONE',  ( 66.02241630454452093, 89.36483271959873775, 19.65669838347739429 ) ) ;
#2281 = CARTESIAN_POINT ( 'NONE',  ( 87.50000000000000000, 22.00000000000000000, -27.99687342189882600 ) ) ;
#2282 = DIRECTION ( 'NONE',  ( 0.2850078432617642599, -0.9491968832735447892, -0.1334009222721725951 ) ) ;
#2283 = CARTESIAN_POINT ( 'NONE',  ( -66.58802467944589409, 91.64573876352032755, 21.73177851631240287 ) ) ;
#2284 = CARTESIAN_POINT ( 'NONE',  ( -97.50000000000000000, 22.00000000000000000, 1.530808498934274352E-15 ) ) ;
#2285 = EDGE_CURVE ( 'NONE', #521, #1442, #1277, .T. ) ;
#2286 = ORIENTED_EDGE ( 'NONE', *, *, #244, .T. ) ;
#2287 = CARTESIAN_POINT ( 'NONE',  ( -58.28963653129469691, 108.7638051460193367, 13.11777420059703125 ) ) ;
#2288 = ORIENTED_EDGE ( 'NONE', *, *, #2262, .F. ) ;
#2289 = CARTESIAN_POINT ( 'NONE',  ( 61.52247456191123831, 103.4036323984646515, 16.03339450782101139 ) ) ;
#2290 = CARTESIAN_POINT ( 'NONE',  ( -32.07886838287592468, 140.0000000000000284, 15.80832129166909894 ) ) ;
#2291 = EDGE_LOOP ( 'NONE', ( #2112, #1051, #943, #544 ) ) ;
#2292 = CARTESIAN_POINT ( 'NONE',  ( 64.46929443569896989, 97.31135054795548456, -20.19825054854057456 ) ) ;
#2293 = CARTESIAN_POINT ( 'NONE',  ( 87.50000000000000000, 22.00000000000000000, -32.09176671168476247 ) ) ;
#2294 = DIRECTION ( 'NONE',  ( 0.000000000000000000, -1.000000000000000000, 0.000000000000000000 ) ) ;
#2295 = PERSON_AND_ORGANIZATION ( #1418, #850 ) ;
#2296 = ORIENTED_EDGE ( 'NONE', *, *, #338, .T. ) ;
#2297 = CARTESIAN_POINT ( 'NONE',  ( -73.81886406489414298, 67.56397971587441020, 25.48317402536004295 ) ) ;
#2298 = CARTESIAN_POINT ( 'NONE',  ( -63.28130098751110211, 99.96058351286856691, -19.18283801054607096 ) ) ;
#2299 = ORIENTED_EDGE ( 'NONE', *, *, #1198, .F. ) ;
#2300 = CARTESIAN_POINT ( 'NONE',  ( 63.43125264098307525, 99.64494361400458899, 17.90352568018101920 ) ) ;
#2301 = ADVANCED_FACE ( 'NONE', ( #1002 ), #2223, .T. ) ;
#2302 = DIRECTION ( 'NONE',  ( 0.2850078432617642599, 0.9491968832735449002, -0.1334009222721726229 ) ) ;
#2303 = EDGE_CURVE ( 'NONE', #682, #1232, #1439, .T. ) ;
#2304 = ORIENTED_EDGE ( 'NONE', *, *, #1652, .T. ) ;
#2305 = CARTESIAN_POINT ( 'NONE',  ( -119.9999999999999716, 22.00000000000000000, -23.00000000000001421 ) ) ;
#2306 = CARTESIAN_POINT ( 'NONE',  ( -69.06990150514489812, 78.21686995150544419, 21.40982162853079984 ) ) ;
#2307 = CARTESIAN_POINT ( 'NONE',  ( -50.52582199109108529, 114.5637768514172592, -21.99100953809589143 ) ) ;
#2308 = LOCAL_TIME ( 23, 44, 8.000000000000000000, #836 ) ;
#2309 = LINE ( 'NONE', #428, #1188 ) ;
#2310 = CARTESIAN_POINT ( 'NONE',  ( -78.93656127136443956, 50.51987951734832194, 27.02158011035038498 ) ) ;
#2311 = CARTESIAN_POINT ( 'NONE',  ( 87.08037051303919895, 22.00000000000000355, 26.48389821729113791 ) ) ;
#2312 = VERTEX_POINT ( 'NONE', #1205 ) ;
#2313 = CARTESIAN_POINT ( 'NONE',  ( 58.96025574110884548, 107.7403842830163541, 12.70221570800921640 ) ) ;
#2314 = VECTOR ( 'NONE', #659, 1000.000000000000000 ) ;
#2315 = CARTESIAN_POINT ( 'NONE',  ( 69.06990150514492655, 78.21686995150544419, -21.40982162853079984 ) ) ;
#2316 = VECTOR ( 'NONE', #667, 1000.000000000000000 ) ;
#2317 = CARTESIAN_POINT ( 'NONE',  ( -107.9999999999999716, 0.000000000000000000, -35.00000000000000711 ) ) ;
#2318 = ADVANCED_FACE ( 'NONE', ( #482, #1404 ), #666, .F. ) ;
#2319 = ORIENTED_EDGE ( 'NONE', *, *, #816, .T. ) ;
#2320 = CARTESIAN_POINT ( 'NONE',  ( 63.25460065205690086, 100.0175830162748980, -19.15899278655273363 ) ) ;
#2321 = CARTESIAN_POINT ( 'NONE',  ( -25.42385775266933123, 135.3257319936336387, -19.07310703236638716 ) ) ;
#2322 = CARTESIAN_POINT ( 'NONE',  ( 84.99999999999933209, 0.000000000000000000, 0.000000000000000000 ) ) ;
#2323 = PLANE ( 'NONE',  #1631 ) ;
#2324 = CARTESIAN_POINT ( 'NONE',  ( 87.50000000000000000, 22.00000000000000000, -27.99687342189882600 ) ) ;
#2325 = CARTESIAN_POINT ( 'NONE',  ( -81.64292209861864080, 32.21994901551013157, 24.87355333138125602 ) ) ;
#2326 = ORIENTED_EDGE ( 'NONE', *, *, #640, .T. ) ;
#2327 = CARTESIAN_POINT ( 'NONE',  ( 54.62752501937235650, 113.7702355273422086, 0.8258820185957722604 ) ) ;
#2328 = CARTESIAN_POINT ( 'NONE',  ( 79.01061336328058360, 50.27325467347656485, -27.03889565249716753 ) ) ;
#2329 = ORIENTED_EDGE ( 'NONE', *, *, #2303, .T. ) ;
#2330 = CARTESIAN_POINT ( 'NONE',  ( 55.31308929113342288, 112.0082983065389044, -1.421925651889650588 ) ) ;
#2331 = EDGE_CURVE ( 'NONE', #2312, #1488, #702, .T. ) ;
#2332 = CARTESIAN_POINT ( 'NONE',  ( -59.28829134791295274, 107.4019049459905091, -22.99754499372369310 ) ) ;
#2333 = ADVANCED_FACE ( 'NONE', ( #1196 ), #618, .T. ) ;
#2334 = CARTESIAN_POINT ( 'NONE',  ( -64.60693956390301196, 96.98621510078056929, -18.86728120493120997 ) ) ;
#2335 = FACE_OUTER_BOUND ( 'NONE', #359, .T. ) ;
#2336 = CARTESIAN_POINT ( 'NONE',  ( -84.23609329712542149, 32.87019232250969480, 25.17693663659059311 ) ) ;
#2337 = ORIENTED_EDGE ( 'NONE', *, *, #1218, .T. ) ;
#2338 = CARTESIAN_POINT ( 'NONE',  ( 54.91507832173540038, 113.4094794134133082, 3.869220733213882824 ) ) ;
#2339 = CARTESIAN_POINT ( 'NONE',  ( 80.80572976293485965, 44.29475642510623601, -24.96648238534167774 ) ) ;
#2340 = DIRECTION ( 'NONE',  ( 0.000000000000000000, -1.000000000000000000, 0.000000000000000000 ) ) ;
#2341 = CARTESIAN_POINT ( 'NONE',  ( 56.86929736748218289, 109.7428419957805232, -8.445889836696954589 ) ) ;
ENDSEC;
END-ISO-10303-21;
