ISO-10303-21;
HEADER;
FILE_DESCRIPTION (( 'STEP AP203' ),
    '1' );
FILE_NAME ('CSWP_18_17B.STEP',
    '2026-07-24T22:02:00',
    ( '' ),
    ( '' ),
    'SwSTEP 2.0',
    'SolidWorks 2026',
    '' );
FILE_SCHEMA (( 'CONFIG_CONTROL_DESIGN' ));
ENDSEC;

DATA;
#1 = LINE ( 'NONE', #974, #177 ) ;
#2 = CARTESIAN_POINT ( 'NONE',  ( -60.00000000000001421, 242.5000000000000000, -18.50000000000000000 ) ) ;
#3 = DIRECTION ( 'NONE',  ( 1.000000000000000000, 0.000000000000000000, -1.156482317317871725E-16 ) ) ;
#4 = EDGE_LOOP ( 'NONE', ( #385, #692 ) ) ;
#5 = EDGE_CURVE ( 'NONE', #1258, #74, #1001, .T. ) ;
#6 = CONICAL_SURFACE ( 'NONE', #627, 1.500000000000001332, 1.029744258676655200 ) ;
#7 = ORIENTED_EDGE ( 'NONE', *, *, #1507, .T. ) ;
#8 = FACE_OUTER_BOUND ( 'NONE', #477, .T. ) ;
#9 = VECTOR ( 'NONE', #1116, 1000.000000000000114 ) ;
#10 = AXIS2_PLACEMENT_3D ( 'NONE', #213, #87, #334 ) ;
#11 = VECTOR ( 'NONE', #1160, 1000.000000000000114 ) ;
#12 = CARTESIAN_POINT ( 'NONE',  ( -40.00000000000002132, 210.0000000000000284, 16.49999999999996803 ) ) ;
#13 = DIRECTION ( 'NONE',  ( -0.000000000000000000, -0.000000000000000000, 1.000000000000000000 ) ) ;
#14 = ORIENTED_EDGE ( 'NONE', *, *, #877, .T. ) ;
#15 = APPROVAL ( #398, 'UNSPECIFIED' ) ;
#16 = ORIENTED_EDGE ( 'NONE', *, *, #109, .F. ) ;
#17 = CARTESIAN_POINT ( 'NONE',  ( -2.000000000000010214, 250.0000000000000000, 18.50000000000000000 ) ) ;
#18 = ADVANCED_FACE ( 'NONE', ( #1009 ), #890, .T. ) ;
#19 = APPROVAL_DATE_TIME ( #909, #518 ) ;
#20 = CYLINDRICAL_SURFACE ( 'NONE', #1421, 1.500000000000001332 ) ;
#21 = ORIENTED_EDGE ( 'NONE', *, *, #275, .F. ) ;
#22 = ORIENTED_EDGE ( 'NONE', *, *, #1295, .T. ) ;
#23 = CARTESIAN_POINT ( 'NONE',  ( -30.00000000000000000, -3.673940397442059178E-15, 16.49999999999996803 ) ) ;
#24 = VECTOR ( 'NONE', #222, 1000.000000000000000 ) ;
#25 = CONICAL_SURFACE ( 'NONE', #1439, 1.500000000000001332, 1.029744258676655200 ) ;
#26 = EDGE_CURVE ( 'NONE', #1222, #574, #983, .T. ) ;
#27 = APPROVAL_DATE_TIME ( #1247, #15 ) ;
#28 = CARTESIAN_POINT ( 'NONE',  ( -30.00000000000002487, 210.0000000000000284, -16.49999999999996803 ) ) ;
#29 = ORIENTED_EDGE ( 'NONE', *, *, #1216, .T. ) ;
#30 = ORIENTED_EDGE ( 'NONE', *, *, #818, .F. ) ;
#31 = DIRECTION ( 'NONE',  ( 1.000000000000000000, 0.000000000000000000, -1.349229370204183433E-16 ) ) ;
#32 = AXIS2_PLACEMENT_3D ( 'NONE', #1170, #559, #1537 ) ;
#33 = CARTESIAN_POINT ( 'NONE',  ( -90.00000000000001421, 210.0000000000000284, -18.50000000000000000 ) ) ;
#34 = CIRCLE ( 'NONE', #1188, 1.500000000000001332 ) ;
#35 = EDGE_CURVE ( 'NONE', #680, #1175, #1522, .T. ) ;
#36 = EDGE_CURVE ( 'NONE', #928, #371, #598, .T. ) ;
#37 = APPLICATION_PROTOCOL_DEFINITION ( 'international standard', 'config_control_design', 1994, #578 ) ;
#38 = DIRECTION ( 'NONE',  ( -1.000000000000000000, 0.000000000000000000, 0.000000000000000000 ) ) ;
#39 = EDGE_CURVE ( 'NONE', #1330, #733, #315, .T. ) ;
#40 = ORIENTED_EDGE ( 'NONE', *, *, #1512, .F. ) ;
#41 = DIRECTION ( 'NONE',  ( 0.000000000000000000, 0.000000000000000000, -1.000000000000000000 ) ) ;
#42 = CARTESIAN_POINT ( 'NONE',  ( -45.00000000000001421, 275.0000000000000000, 6.164999999999994706 ) ) ;
#43 = DIRECTION ( 'NONE',  ( 0.000000000000000000, 0.000000000000000000, 1.000000000000000000 ) ) ;
#44 = CARTESIAN_POINT ( 'NONE',  ( -25.00000000000001066, 250.0000000000000000, -18.50000000000000000 ) ) ;
#45 = CARTESIAN_POINT ( 'NONE',  ( -90.00000000000001421, 210.0000000000000284, 16.49999999999996803 ) ) ;
#46 = VECTOR ( 'NONE', #677, 1000.000000000000114 ) ;
#47 = APPROVAL_STATUS ( 'not_yet_approved' ) ;
#48 = VECTOR ( 'NONE', #140, 1000.000000000000000 ) ;
#49 = CYLINDRICAL_SURFACE ( 'NONE', #1398, 1.500000000000001332 ) ;
#50 = EDGE_CURVE ( 'NONE', #1335, #1483, #798, .T. ) ;
#51 = DIRECTION ( 'NONE',  ( 1.000000000000000000, 1.224646799147353207E-16, 0.000000000000000000 ) ) ;
#52 = LINE ( 'NONE', #425, #1233 ) ;
#53 = ADVANCED_FACE ( 'NONE', ( #178 ), #1169, .T. ) ;
#54 = EDGE_LOOP ( 'NONE', ( #181, #1293 ) ) ;
#55 = DIRECTION ( 'NONE',  ( -0.000000000000000000, -0.000000000000000000, 1.000000000000000000 ) ) ;
#56 = AXIS2_PLACEMENT_3D ( 'NONE', #1241, #1578, #359 ) ;
#57 = CIRCLE ( 'NONE', #1217, 14.62500000000000000 ) ;
#58 = ORIENTED_EDGE ( 'NONE', *, *, #1377, .F. ) ;
#59 = AXIS2_PLACEMENT_3D ( 'NONE', #1434, #1286, #950 ) ;
#60 = VECTOR ( 'NONE', #812, 1000.000000000000000 ) ;
#61 = DIRECTION ( 'NONE',  ( -1.000000000000000000, -0.000000000000000000, -0.000000000000000000 ) ) ;
#62 = DIRECTION ( 'NONE',  ( 0.000000000000000000, 0.000000000000000000, 1.000000000000000000 ) ) ;
#63 = DIRECTION ( 'NONE',  ( -1.000000000000000000, 0.000000000000000000, 0.000000000000000000 ) ) ;
#64 = ORIENTED_EDGE ( 'NONE', *, *, #408, .T. ) ;
#65 = FACE_OUTER_BOUND ( 'NONE', #123, .T. ) ;
#66 = VERTEX_POINT ( 'NONE', #667 ) ;
#67 = ADVANCED_FACE ( 'NONE', ( #68 ), #1411, .F. ) ;
#68 = FACE_OUTER_BOUND ( 'NONE', #1539, .T. ) ;
#69 = DIRECTION ( 'NONE',  ( 1.000000000000000000, 1.233581138472396507E-15, -1.156482317317871725E-16 ) ) ;
#70 = CARTESIAN_POINT ( 'NONE',  ( -45.00000000000001421, -0.001000000000028755665, -6.164999999999994706 ) ) ;
#71 = ORIENTED_EDGE ( 'NONE', *, *, #324, .F. ) ;
#72 = CARTESIAN_POINT ( 'NONE',  ( -8.349864539641047315E-15, 250.0000000000000000, 16.49999999999999645 ) ) ;
#73 = ADVANCED_FACE ( 'NONE', ( #326 ), #811, .F. ) ;
#74 = VERTEX_POINT ( 'NONE', #1303 ) ;
#75 = VECTOR ( 'NONE', #249, 1000.000000000000000 ) ;
#76 = FACE_BOUND ( 'NONE', #4, .T. ) ;
#77 = CONICAL_SURFACE ( 'NONE', #643, 23.00000000000002132, 0.7853981633974430610 ) ;
#78 = LINE ( 'NONE', #319, #748 ) ;
#79 = CARTESIAN_POINT ( 'NONE',  ( -25.00000000000000711, 275.0000000000000000, -16.49999999999999645 ) ) ;
#80 = EDGE_LOOP ( 'NONE', ( #1307, #253, #432 ) ) ;
#81 = EDGE_LOOP ( 'NONE', ( #1381, #752, #58, #688, #1562, #589 ) ) ;
#82 = FACE_BOUND ( 'NONE', #945, .T. ) ;
#83 = ORIENTED_EDGE ( 'NONE', *, *, #1227, .T. ) ;
#84 = PRODUCT_DEFINITION_FORMATION_WITH_SPECIFIED_SOURCE ( 'ANY', '', #331, .NOT_KNOWN. ) ;
#85 = EDGE_CURVE ( 'NONE', #603, #1547, #89, .T. ) ;
#86 = VECTOR ( 'NONE', #634, 1000.000000000000000 ) ;
#87 = DIRECTION ( 'NONE',  ( -0.000000000000000000, 0.000000000000000000, 1.000000000000000000 ) ) ;
#88 = CARTESIAN_POINT ( 'NONE',  ( -70.00000000000000000, 270.0000000000000000, 13.83000000000000007 ) ) ;
#89 = CIRCLE ( 'NONE', #59, 1.500000000000001332 ) ;
#90 = DIRECTION ( 'NONE',  ( 1.224646799147353207E-16, -1.000000000000000000, 0.000000000000000000 ) ) ;
#91 = CARTESIAN_POINT ( 'NONE',  ( -25.00000000000000711, 273.0000000000000000, 18.50000000000000000 ) ) ;
#92 = EDGE_CURVE ( 'NONE', #528, #66, #702, .T. ) ;
#93 = ORIENTED_EDGE ( 'NONE', *, *, #1040, .T. ) ;
#94 = DIRECTION ( 'NONE',  ( -1.000000000000000000, -0.000000000000000000, -0.000000000000000000 ) ) ;
#95 = VERTEX_POINT ( 'NONE', #1550 ) ;
#96 = DIRECTION ( 'NONE',  ( 0.000000000000000000, 0.000000000000000000, -1.000000000000000000 ) ) ;
#97 = DIRECTION ( 'NONE',  ( 0.7071067811865475727, 2.361698335187710194E-17, 0.7071067811865475727 ) ) ;
#98 = CARTESIAN_POINT ( 'NONE',  ( -27.99999999999996803, -3.238150488490036491E-15, -18.50000000000000000 ) ) ;
#99 = ORIENTED_EDGE ( 'NONE', *, *, #1008, .F. ) ;
#100 = EDGE_CURVE ( 'NONE', #1056, #1564, #683, .T. ) ;
#101 = VERTEX_POINT ( 'NONE', #429 ) ;
#102 = DIRECTION ( 'NONE',  ( 0.000000000000000000, 0.000000000000000000, 1.000000000000000000 ) ) ;
#103 = ORIENTED_EDGE ( 'NONE', *, *, #422, .F. ) ;
#104 = CARTESIAN_POINT ( 'NONE',  ( 0.000000000000000000, 0.000000000000000000, -18.50000000000000000 ) ) ;
#105 = DIRECTION ( 'NONE',  ( 0.000000000000000000, 0.000000000000000000, 1.000000000000000000 ) ) ;
#106 = AXIS2_PLACEMENT_3D ( 'NONE', #479, #618, #524 ) ;
#107 = AXIS2_PLACEMENT_3D ( 'NONE', #746, #484, #132 ) ;
#108 = DIRECTION ( 'NONE',  ( 1.000000000000000000, -0.000000000000000000, -0.000000000000000000 ) ) ;
#109 = EDGE_CURVE ( 'NONE', #342, #843, #116, .T. ) ;
#110 = ORIENTED_EDGE ( 'NONE', *, *, #818, .T. ) ;
#111 = DIRECTION ( 'NONE',  ( 1.000000000000000000, 1.224646799147353207E-16, -0.000000000000000000 ) ) ;
#112 = ORIENTED_EDGE ( 'NONE', *, *, #1442, .T. ) ;
#113 = DIRECTION ( 'NONE',  ( -1.000000000000000000, -0.000000000000000000, -0.000000000000000000 ) ) ;
#114 = CARTESIAN_POINT ( 'NONE',  ( -90.00000000000001421, 270.0000000000000000, 10.82999999999999829 ) ) ;
#115 = DIRECTION ( 'NONE',  ( -1.000000000000000000, 0.000000000000000000, 0.000000000000000000 ) ) ;
#116 = CIRCLE ( 'NONE', #572, 6.119999999999995666 ) ;
#117 = CIRCLE ( 'NONE', #244, 14.62500000000000000 ) ;
#118 = ORIENTED_EDGE ( 'NONE', *, *, #801, .T. ) ;
#119 = FACE_BOUND ( 'NONE', #1587, .T. ) ;
#120 = CARTESIAN_POINT ( 'NONE',  ( -90.00000000000001421, 210.0000000000000284, -16.49999999999996803 ) ) ;
#121 = DIRECTION ( 'NONE',  ( 0.000000000000000000, 0.000000000000000000, 1.000000000000000000 ) ) ;
#122 = ORIENTED_EDGE ( 'NONE', *, *, #1244, .F. ) ;
#123 = EDGE_LOOP ( 'NONE', ( #810, #1067, #851, #850, #152 ) ) ;
#124 = CARTESIAN_POINT ( 'NONE',  ( -90.00000000000001421, 215.0000000000000284, 12.32999999999999829 ) ) ;
#125 = EDGE_CURVE ( 'NONE', #700, #1529, #462, .T. ) ;
#126 = FACE_OUTER_BOUND ( 'NONE', #1341, .T. ) ;
#127 = DIRECTION ( 'NONE',  ( 0.000000000000000000, 0.000000000000000000, -1.000000000000000000 ) ) ;
#128 = DIRECTION ( 'NONE',  ( -1.000000000000000000, -0.000000000000000000, -0.000000000000000000 ) ) ;
#129 = VERTEX_POINT ( 'NONE', #1068 ) ;
#130 = AXIS2_PLACEMENT_3D ( 'NONE', #1173, #176, #1025 ) ;
#131 = ORIENTED_EDGE ( 'NONE', *, *, #1429, .F. ) ;
#132 = DIRECTION ( 'NONE',  ( 1.156482317317871478E-16, -1.000000000000000000, 0.000000000000000000 ) ) ;
#133 = DIRECTION ( 'NONE',  ( 0.000000000000000000, 0.000000000000000000, 1.000000000000000000 ) ) ;
#134 = EDGE_CURVE ( 'NONE', #657, #650, #1543, .T. ) ;
#135 = DIRECTION ( 'NONE',  ( -0.000000000000000000, -0.000000000000000000, 1.000000000000000000 ) ) ;
#136 = ORIENTED_EDGE ( 'NONE', *, *, #1291, .F. ) ;
#137 = CIRCLE ( 'NONE', #296, 1.500000000000001332 ) ;
#138 = ADVANCED_BREP_SHAPE_REPRESENTATION ( 'CSWP_18_17B', ( #1016, #954 ), #774 ) ;
#139 = ORIENTED_EDGE ( 'NONE', *, *, #1545, .F. ) ;
#140 = DIRECTION ( 'NONE',  ( 1.000000000000000000, 0.000000000000000000, 0.000000000000000000 ) ) ;
#141 = EDGE_CURVE ( 'NONE', #1118, #1245, #793, .T. ) ;
#142 = VECTOR ( 'NONE', #584, 1000.000000000000000 ) ;
#143 = FACE_OUTER_BOUND ( 'NONE', #765, .T. ) ;
#144 = CARTESIAN_POINT ( 'NONE',  ( -30.00000000000000000, 10.00000000000000000, 0.000000000000000000 ) ) ;
#145 = VERTEX_POINT ( 'NONE', #550 ) ;
#146 = ADVANCED_FACE ( 'NONE', ( #558 ), #924, .F. ) ;
#147 = ORIENTED_EDGE ( 'NONE', *, *, #512, .T. ) ;
#148 = PLANE ( 'NONE',  #107 ) ;
#149 = ADVANCED_FACE ( 'NONE', ( #76, #1051 ), #447, .F. ) ;
#150 = DIRECTION ( 'NONE',  ( 0.000000000000000000, 0.000000000000000000, 1.000000000000000000 ) ) ;
#151 = EDGE_LOOP ( 'NONE', ( #1283, #283, #739, #139 ) ) ;
#152 = ORIENTED_EDGE ( 'NONE', *, *, #1575, .T. ) ;
#153 = FACE_OUTER_BOUND ( 'NONE', #864, .T. ) ;
#154 = VECTOR ( 'NONE', #356, 1000.000000000000114 ) ;
#155 = EDGE_CURVE ( 'NONE', #535, #1257, #1011, .T. ) ;
#156 = AXIS2_PLACEMENT_3D ( 'NONE', #911, #1140, #662 ) ;
#157 = CARTESIAN_POINT ( 'NONE',  ( -45.00000000000001421, -0.001000000000028755665, 6.164999999999994706 ) ) ;
#158 = APPROVAL_DATE_TIME ( #280, #1364 ) ;
#159 = EDGE_CURVE ( 'NONE', #274, #1529, #1134, .T. ) ;
#160 = FACE_OUTER_BOUND ( 'NONE', #802, .T. ) ;
#161 = ORIENTED_EDGE ( 'NONE', *, *, #50, .T. ) ;
#162 = CARTESIAN_POINT ( 'NONE',  ( 0.000000000000000000, 0.000000000000000000, -18.50000000000000000 ) ) ;
#163 = LINE ( 'NONE', #651, #232 ) ;
#164 = DIRECTION ( 'NONE',  ( 0.000000000000000000, 0.7071067811865474617, 0.7071067811865474617 ) ) ;
#165 = VECTOR ( 'NONE', #1530, 1000.000000000000000 ) ;
#166 = CONICAL_SURFACE ( 'NONE', #499, 12.00000000000003908, 0.7853981633974504994 ) ;
#167 = APPROVAL_ROLE ( '' ) ;
#168 = LINE ( 'NONE', #541, #573 ) ;
#169 = VERTEX_POINT ( 'NONE', #1225 ) ;
#170 = DIRECTION ( 'NONE',  ( 1.000000000000000000, -0.000000000000000000, -0.000000000000000000 ) ) ;
#171 = DIRECTION ( 'NONE',  ( 0.000000000000000000, 0.000000000000000000, 1.000000000000000000 ) ) ;
#172 = DATE_TIME_ROLE ( 'creation_date' ) ;
#173 = EDGE_CURVE ( 'NONE', #733, #535, #1103, .T. ) ;
#174 = CARTESIAN_POINT ( 'NONE',  ( -30.00000000000002487, 210.0000000000000284, -16.49999999999996803 ) ) ;
#175 = CARTESIAN_POINT ( 'NONE',  ( -27.99999999999996803, -3.442643933978481086E-15, 18.50000000000000000 ) ) ;
#176 = DIRECTION ( 'NONE',  ( -1.000000000000000000, -0.000000000000000000, -0.000000000000000000 ) ) ;
#177 = VECTOR ( 'NONE', #854, 1000.000000000000000 ) ;
#178 = FACE_OUTER_BOUND ( 'NONE', #1123, .T. ) ;
#179 = CARTESIAN_POINT ( 'NONE',  ( -30.00000000000000000, -3.673940397442059178E-15, -18.50000000000000000 ) ) ;
#180 = FACE_OUTER_BOUND ( 'NONE', #923, .T. ) ;
#181 = ORIENTED_EDGE ( 'NONE', *, *, #877, .F. ) ;
#182 = DIRECTION ( 'NONE',  ( -1.000000000000000000, -0.000000000000000000, -0.000000000000000000 ) ) ;
#183 = EDGE_CURVE ( 'NONE', #1483, #556, #497, .T. ) ;
#184 = CIRCLE ( 'NONE', #1346, 23.00000000000001776 ) ;
#185 = ORIENTED_EDGE ( 'NONE', *, *, #1557, .F. ) ;
#186 = AXIS2_PLACEMENT_3D ( 'NONE', #1313, #1194, #105 ) ;
#187 = DIRECTION ( 'NONE',  ( -1.000000000000000000, -0.000000000000000000, -0.000000000000000000 ) ) ;
#188 = DIRECTION ( 'NONE',  ( -1.000000000000000000, -0.000000000000000000, -0.000000000000000000 ) ) ;
#189 = CARTESIAN_POINT ( 'NONE',  ( -40.00000000000002132, 210.0000000000000284, 18.50000000000000000 ) ) ;
#190 = EDGE_CURVE ( 'NONE', #1308, #657, #1, .T. ) ;
#191 = ORIENTED_EDGE ( 'NONE', *, *, #1279, .T. ) ;
#192 = CARTESIAN_POINT ( 'NONE',  ( -2.000000000000010214, 250.0000000000000000, 18.50000000000000000 ) ) ;
#193 = ORIENTED_EDGE ( 'NONE', *, *, #5, .F. ) ;
#194 = DIRECTION ( 'NONE',  ( 1.000000000000000000, 0.000000000000000000, 0.000000000000000000 ) ) ;
#195 = CARTESIAN_POINT ( 'NONE',  ( -70.00000000000000000, 215.0000000000000284, 10.82999999999999829 ) ) ;
#196 = DIRECTION ( 'NONE',  ( 0.000000000000000000, 0.000000000000000000, 1.000000000000000000 ) ) ;
#197 = ORIENTED_EDGE ( 'NONE', *, *, #488, .F. ) ;
#198 = DIRECTION ( 'NONE',  ( 0.000000000000000000, 0.000000000000000000, 1.000000000000000000 ) ) ;
#199 = CC_DESIGN_PERSON_AND_ORGANIZATION_ASSIGNMENT ( #886, #654, ( #331 ) ) ;
#200 = ORIENTED_EDGE ( 'NONE', *, *, #1377, .T. ) ;
#201 = AXIS2_PLACEMENT_3D ( 'NONE', #318, #1176, #803 ) ;
#202 = DESIGN_CONTEXT ( 'detailed design', #767, 'design' ) ;
#203 = DIRECTION ( 'NONE',  ( -0.000000000000000000, 0.7071067811865475727, 0.7071067811865475727 ) ) ;
#204 = AXIS2_PLACEMENT_3D ( 'NONE', #1400, #299, #782 ) ;
#205 = DIRECTION ( 'NONE',  ( -1.000000000000000000, -0.000000000000000000, -0.000000000000000000 ) ) ;
#206 = ADVANCED_FACE ( 'NONE', ( #126 ), #344, .F. ) ;
#207 = LINE ( 'NONE', #320, #489 ) ;
#208 = ORIENTED_EDGE ( 'NONE', *, *, #1208, .F. ) ;
#209 = DIRECTION ( 'NONE',  ( -1.000000000000000000, 0.000000000000000000, 0.000000000000000000 ) ) ;
#210 = ORIENTED_EDGE ( 'NONE', *, *, #1024, .F. ) ;
#211 = VECTOR ( 'NONE', #1298, 1000.000000000000000 ) ;
#212 = EDGE_CURVE ( 'NONE', #1302, #1245, #1204, .T. ) ;
#213 = CARTESIAN_POINT ( 'NONE',  ( -40.00000000000002132, 200.0000000000000000, -18.50000000000000000 ) ) ;
#214 = CARTESIAN_POINT ( 'NONE',  ( -27.99999999999996803, -3.429011037612585332E-15, 18.50000000000000000 ) ) ;
#215 = VECTOR ( 'NONE', #1352, 1000.000000000000000 ) ;
#216 = CIRCLE ( 'NONE', #420, 22.49999999999999289 ) ;
#217 = LINE ( 'NONE', #952, #269 ) ;
#218 = ORIENTED_EDGE ( 'NONE', *, *, #92, .T. ) ;
#219 = ORIENTED_EDGE ( 'NONE', *, *, #1143, .F. ) ;
#220 = DIRECTION ( 'NONE',  ( -1.000000000000000000, -0.000000000000000000, -0.000000000000000000 ) ) ;
#221 = VERTEX_POINT ( 'NONE', #885 ) ;
#222 = DIRECTION ( 'NONE',  ( -1.000000000000000000, 0.000000000000000000, 0.000000000000000000 ) ) ;
#223 = FACE_BOUND ( 'NONE', #937, .T. ) ;
#224 = EDGE_CURVE ( 'NONE', #246, #603, #471, .T. ) ;
#225 = CARTESIAN_POINT ( 'NONE',  ( -69.09870907145867136, 215.0000000000000284, -12.32999999999999829 ) ) ;
#226 = ORIENTED_EDGE ( 'NONE', *, *, #301, .T. ) ;
#227 = VERTEX_POINT ( 'NONE', #485 ) ;
#228 = FACE_OUTER_BOUND ( 'NONE', #898, .T. ) ;
#229 = ORIENTED_EDGE ( 'NONE', *, *, #212, .F. ) ;
#230 = LINE ( 'NONE', #646, #360 ) ;
#231 = DIRECTION ( 'NONE',  ( -1.000000000000000000, 0.000000000000000000, 0.000000000000000000 ) ) ;
#232 = VECTOR ( 'NONE', #529, 1000.000000000000000 ) ;
#233 = CARTESIAN_POINT ( 'NONE',  ( -60.00000000000001421, 242.5000000000000000, -18.50000000000000000 ) ) ;
#234 = ORIENTED_EDGE ( 'NONE', *, *, #656, .T. ) ;
#235 = ORIENTED_EDGE ( 'NONE', *, *, #1463, .T. ) ;
#236 = LINE ( 'NONE', #1424, #154 ) ;
#237 = EDGE_CURVE ( 'NONE', #74, #451, #238, .T. ) ;
#238 = LINE ( 'NONE', #104, #1560 ) ;
#239 = CARTESIAN_POINT ( 'NONE',  ( -60.00000000000001421, 242.5000000000000284, 6.164999999999990266 ) ) ;
#240 = CONICAL_SURFACE ( 'NONE', #672, 1.500000000000001332, 1.029744258676655200 ) ;
#241 = DIRECTION ( 'NONE',  ( -1.000000000000000000, -0.000000000000000000, -0.000000000000000000 ) ) ;
#242 = VECTOR ( 'NONE', #1426, 1000.000000000000114 ) ;
#243 = ORIENTED_EDGE ( 'NONE', *, *, #1415, .T. ) ;
#244 = AXIS2_PLACEMENT_3D ( 'NONE', #751, #1220, #1242 ) ;
#245 = VECTOR ( 'NONE', #423, 1000.000000000000114 ) ;
#246 = VERTEX_POINT ( 'NONE', #278 ) ;
#247 = LINE ( 'NONE', #388, #1075 ) ;
#248 = EDGE_CURVE ( 'NONE', #1221, #881, #1378, .T. ) ;
#249 = DIRECTION ( 'NONE',  ( -0.000000000000000000, -0.000000000000000000, -1.000000000000000000 ) ) ;
#250 = DIRECTION ( 'NONE',  ( -1.000000000000000000, -0.000000000000000000, -0.000000000000000000 ) ) ;
#251 = FACE_OUTER_BOUND ( 'NONE', #445, .T. ) ;
#252 = VERTEX_POINT ( 'NONE', #959 ) ;
#253 = ORIENTED_EDGE ( 'NONE', *, *, #1429, .T. ) ;
#254 = DIRECTION ( 'NONE',  ( 0.000000000000000000, 0.000000000000000000, 1.000000000000000000 ) ) ;
#255 = ADVANCED_FACE ( 'NONE', ( #761 ), #848, .F. ) ;
#256 = EDGE_CURVE ( 'NONE', #1330, #1300, #1472, .T. ) ;
#257 = LINE ( 'NONE', #861, #1262 ) ;
#258 = ADVANCED_FACE ( 'NONE', ( #1455 ), #1252, .F. ) ;
#259 = DIRECTION ( 'NONE',  ( 0.000000000000000000, -1.000000000000000000, 0.000000000000000000 ) ) ;
#260 = ORIENTED_EDGE ( 'NONE', *, *, #1254, .T. ) ;
#261 = AXIS2_PLACEMENT_3D ( 'NONE', #530, #1017, #1511 ) ;
#262 = ORIENTED_EDGE ( 'NONE', *, *, #1227, .F. ) ;
#263 = DIRECTION ( 'NONE',  ( 0.000000000000000000, 0.000000000000000000, -1.000000000000000000 ) ) ;
#264 = CIRCLE ( 'NONE', #410, 6.119999999999995666 ) ;
#265 = DIRECTION ( 'NONE',  ( -1.349229370204183433E-16, -0.000000000000000000, -1.000000000000000000 ) ) ;
#266 = DIRECTION ( 'NONE',  ( -0.5150380749100536004, 0.000000000000000000, 0.8571673007021125557 ) ) ;
#267 = ORIENTED_EDGE ( 'NONE', *, *, #248, .F. ) ;
#268 = CIRCLE ( 'NONE', #1135, 22.49999999999999289 ) ;
#269 = VECTOR ( 'NONE', #1290, 1000.000000000000000 ) ;
#270 = ORIENTED_EDGE ( 'NONE', *, *, #310, .F. ) ;
#271 = CARTESIAN_POINT ( 'NONE',  ( -90.00000000000001421, 215.0000000000000284, 12.32999999999999829 ) ) ;
#272 =( NAMED_UNIT ( * ) SI_UNIT ( $, .STERADIAN. ) SOLID_ANGLE_UNIT ( ) );
#273 = CARTESIAN_POINT ( 'NONE',  ( -70.00000000000000000, 270.0000000000000000, -10.82999999999999829 ) ) ;
#274 = VERTEX_POINT ( 'NONE', #120 ) ;
#275 = EDGE_CURVE ( 'NONE', #451, #1300, #230, .T. ) ;
#276 = ORIENTED_EDGE ( 'NONE', *, *, #978, .T. ) ;
#277 = CARTESIAN_POINT ( 'NONE',  ( -40.00000000000002132, 210.0000000000000284, -16.49999999999996803 ) ) ;
#278 = CARTESIAN_POINT ( 'NONE',  ( -70.00000000000000000, 215.0000000000000284, 10.82999999999999829 ) ) ;
#279 = ADVANCED_FACE ( 'NONE', ( #1331 ), #1210, .F. ) ;
#280 = DATE_AND_TIME ( #894, #416 ) ;
#281 = DIRECTION ( 'NONE',  ( 0.000000000000000000, 0.000000000000000000, 1.000000000000000000 ) ) ;
#282 = EDGE_LOOP ( 'NONE', ( #276, #1359, #1476, #1489 ) ) ;
#283 = ORIENTED_EDGE ( 'NONE', *, *, #1040, .F. ) ;
#284 = FACE_BOUND ( 'NONE', #54, .T. ) ;
#285 = CIRCLE ( 'NONE', #386, 1.500000000000001332 ) ;
#286 = CIRCLE ( 'NONE', #204, 25.00000000000000355 ) ;
#287 = DIRECTION ( 'NONE',  ( 0.000000000000000000, 0.000000000000000000, -1.000000000000000000 ) ) ;
#288 = CALENDAR_DATE ( 2026, 25, 7 ) ;
#289 = LINE ( 'NONE', #520, #1084 ) ;
#290 = ORIENTED_EDGE ( 'NONE', *, *, #918, .T. ) ;
#291 = CARTESIAN_POINT ( 'NONE',  ( -40.00000000000002132, 212.0000000000000568, 18.50000000000000000 ) ) ;
#292 = AXIS2_PLACEMENT_3D ( 'NONE', #1171, #1448, #834 ) ;
#293 = DIRECTION ( 'NONE',  ( -1.000000000000000000, 0.000000000000000000, 0.000000000000000000 ) ) ;
#294 = VECTOR ( 'NONE', #1042, 1000.000000000000000 ) ;
#295 = ADVANCED_FACE ( 'NONE', ( #727 ), #1584, .T. ) ;
#296 = AXIS2_PLACEMENT_3D ( 'NONE', #1332, #1078, #133 ) ;
#297 = COORDINATED_UNIVERSAL_TIME_OFFSET ( 5, 30, .AHEAD. ) ;
#298 = DIRECTION ( 'NONE',  ( 1.000000000000000000, 0.000000000000000000, -1.349229370204183433E-16 ) ) ;
#299 = DIRECTION ( 'NONE',  ( 0.000000000000000000, 0.000000000000000000, -1.000000000000000000 ) ) ;
#300 = CARTESIAN_POINT ( 'NONE',  ( -30.00000000000002487, 210.0000000000000284, -18.50000000000000000 ) ) ;
#301 = EDGE_CURVE ( 'NONE', #820, #436, #1284, .T. ) ;
#302 = DIRECTION ( 'NONE',  ( 1.000000000000000000, 0.000000000000000000, 0.000000000000000000 ) ) ;
#303 = DIRECTION ( 'NONE',  ( 0.000000000000000000, 0.000000000000000000, 1.000000000000000000 ) ) ;
#304 = EDGE_CURVE ( 'NONE', #66, #705, #285, .T. ) ;
#305 = DIRECTION ( 'NONE',  ( 1.000000000000000000, 3.339945815856419182E-17, -0.000000000000000000 ) ) ;
#306 = ORIENTED_EDGE ( 'NONE', *, *, #155, .F. ) ;
#307 = ORIENTED_EDGE ( 'NONE', *, *, #1064, .F. ) ;
#308 = CARTESIAN_POINT ( 'NONE',  ( -90.00000000000001421, 270.0000000000000000, 10.82999999999999829 ) ) ;
#309 = CARTESIAN_POINT ( 'NONE',  ( -90.00000000000001421, -0.001000000000028755665, -6.165000000000000036 ) ) ;
#310 = EDGE_CURVE ( 'NONE', #843, #342, #1275, .T. ) ;
#311 = DIRECTION ( 'NONE',  ( 1.000000000000000000, 0.000000000000000000, 0.000000000000000000 ) ) ;
#312 = CARTESIAN_POINT ( 'NONE',  ( 0.000000000000000000, 0.000000000000000000, -18.50000000000000000 ) ) ;
#313 = VERTEX_POINT ( 'NONE', #45 ) ;
#314 = CARTESIAN_POINT ( 'NONE',  ( -82.50000000000000000, 242.5000000000000284, 6.164999999999992930 ) ) ;
#315 = LINE ( 'NONE', #1471, #242 ) ;
#316 = ORIENTED_EDGE ( 'NONE', *, *, #1553, .F. ) ;
#317 = CIRCLE ( 'NONE', #32, 12.00000000000003908 ) ;
#318 = CARTESIAN_POINT ( 'NONE',  ( -60.00000000000001421, 242.5000000000000000, 18.50100000000000122 ) ) ;
#319 = CARTESIAN_POINT ( 'NONE',  ( -25.00000000000000711, 275.0000000000000000, -18.50000000000000000 ) ) ;
#320 = CARTESIAN_POINT ( 'NONE',  ( -45.00000000000001421, -0.001000000000028755665, 6.164999999999994706 ) ) ;
#321 = ADVANCED_FACE ( 'NONE', ( #418, #1273, #675 ), #1519, .T. ) ;
#322 = ORIENTED_EDGE ( 'NONE', *, *, #773, .T. ) ;
#323 = DIRECTION ( 'NONE',  ( -0.5150380749100536004, 0.000000000000000000, 0.8571673007021125557 ) ) ;
#324 = EDGE_CURVE ( 'NONE', #274, #593, #772, .T. ) ;
#325 = ORIENTED_EDGE ( 'NONE', *, *, #671, .T. ) ;
#326 = FACE_OUTER_BOUND ( 'NONE', #1319, .T. ) ;
#327 = DIRECTION ( 'NONE',  ( -1.000000000000000000, -0.000000000000000000, -0.000000000000000000 ) ) ;
#328 = DIRECTION ( 'NONE',  ( -1.000000000000000000, -0.000000000000000000, -0.000000000000000000 ) ) ;
#329 = ORIENTED_EDGE ( 'NONE', *, *, #1499, .T. ) ;
#330 = CARTESIAN_POINT ( 'NONE',  ( -90.00000000000001421, 270.0000000000000000, -12.32999999999999829 ) ) ;
#331 = PRODUCT ( 'CSWP_18_17B', 'CSWP_18_17B', '', ( #1379 ) ) ;
#332 = ADVANCED_FACE ( 'NONE', ( #65 ), #779, .F. ) ;
#333 = ORIENTED_EDGE ( 'NONE', *, *, #889, .T. ) ;
#334 = DIRECTION ( 'NONE',  ( -1.000000000000000000, 0.000000000000000000, 0.000000000000000000 ) ) ;
#335 = AXIS2_PLACEMENT_3D ( 'NONE', #395, #884, #63 ) ;
#336 = CARTESIAN_POINT ( 'NONE',  ( -27.99999999999999289, 200.0000000000000000, -18.50000000000000000 ) ) ;
#337 = DIRECTION ( 'NONE',  ( 1.000000000000000000, -0.000000000000000000, -1.349229370204183433E-16 ) ) ;
#338 = ORIENTED_EDGE ( 'NONE', *, *, #324, .T. ) ;
#339 = ORIENTED_EDGE ( 'NONE', *, *, #860, .F. ) ;
#340 = CARTESIAN_POINT ( 'NONE',  ( 0.000000000000000000, 0.000000000000000000, 16.49999999999999645 ) ) ;
#341 = EDGE_CURVE ( 'NONE', #221, #393, #800, .T. ) ;
#342 = VERTEX_POINT ( 'NONE', #783 ) ;
#343 = CIRCLE ( 'NONE', #1288, 2.749999999999996447 ) ;
#344 = CYLINDRICAL_SURFACE ( 'NONE', #434, 6.119999999999995666 ) ;
#345 = LINE ( 'NONE', #1043, #396 ) ;
#346 = CIRCLE ( 'NONE', #548, 1.500000000000001332 ) ;
#347 = DIRECTION ( 'NONE',  ( 0.000000000000000000, 0.000000000000000000, 1.000000000000000000 ) ) ;
#348 = ORIENTED_EDGE ( 'NONE', *, *, #741, .T. ) ;
#349 = ORIENTED_EDGE ( 'NONE', *, *, #1295, .F. ) ;
#350 = FACE_OUTER_BOUND ( 'NONE', #912, .T. ) ;
#351 = VERTEX_POINT ( 'NONE', #1038 ) ;
#352 = DIRECTION ( 'NONE',  ( 0.000000000000000000, 0.000000000000000000, -1.000000000000000000 ) ) ;
#353 = PLANE ( 'NONE',  #1191 ) ;
#354 = CARTESIAN_POINT ( 'NONE',  ( -30.00000000000000000, 10.00000000000000000, -2.749999999999996447 ) ) ;
#355 = ORIENTED_EDGE ( 'NONE', *, *, #506, .T. ) ;
#356 = DIRECTION ( 'NONE',  ( -0.5150380749100536004, 1.049727191138618942E-16, -0.8571673007021125557 ) ) ;
#357 = ORIENTED_EDGE ( 'NONE', *, *, #1507, .F. ) ;
#358 = DIRECTION ( 'NONE',  ( 0.000000000000000000, 0.000000000000000000, 1.000000000000000000 ) ) ;
#359 = DIRECTION ( 'NONE',  ( -3.339945815856419182E-17, 1.000000000000000000, 0.000000000000000000 ) ) ;
#360 = VECTOR ( 'NONE', #839, 1000.000000000000114 ) ;
#361 = VECTOR ( 'NONE', #1045, 1000.000000000000114 ) ;
#362 = LINE ( 'NONE', #849, #571 ) ;
#363 = ORIENTED_EDGE ( 'NONE', *, *, #85, .F. ) ;
#364 = ORIENTED_EDGE ( 'NONE', *, *, #770, .T. ) ;
#365 = DIRECTION ( 'NONE',  ( 1.000000000000000000, 0.000000000000000000, 0.000000000000000000 ) ) ;
#366 = CARTESIAN_POINT ( 'NONE',  ( -30.00000000000002487, 200.0000000000000000, -18.50000000000000000 ) ) ;
#367 = CARTESIAN_POINT ( 'NONE',  ( -90.00000000000001421, 215.0000000000000284, 13.83000000000000007 ) ) ;
#368 = AXIS2_PLACEMENT_3D ( 'NONE', #1339, #507, #626 ) ;
#369 = AXIS2_PLACEMENT_3D ( 'NONE', #737, #856, #1340 ) ;
#370 = LINE ( 'NONE', #384, #673 ) ;
#371 = VERTEX_POINT ( 'NONE', #913 ) ;
#372 = EDGE_CURVE ( 'NONE', #145, #393, #659, .T. ) ;
#373 = AXIS2_PLACEMENT_3D ( 'NONE', #2, #127, #231 ) ;
#374 = VERTEX_POINT ( 'NONE', #538 ) ;
#375 = DIRECTION ( 'NONE',  ( -1.000000000000000000, 0.000000000000000000, 0.000000000000000000 ) ) ;
#376 = EDGE_CURVE ( 'NONE', #313, #858, #433, .T. ) ;
#377 = DIRECTION ( 'NONE',  ( 0.000000000000000000, 0.000000000000000000, -1.000000000000000000 ) ) ;
#378 = DIRECTION ( 'NONE',  ( 0.000000000000000000, 0.7071067811865474617, 0.7071067811865474617 ) ) ;
#379 = ORIENTED_EDGE ( 'NONE', *, *, #1528, .T. ) ;
#380 = ORIENTED_EDGE ( 'NONE', *, *, #988, .F. ) ;
#381 = CARTESIAN_POINT ( 'NONE',  ( 0.000000000000000000, 273.0000000000000000, -18.50000000000000000 ) ) ;
#382 = EDGE_CURVE ( 'NONE', #528, #101, #640, .T. ) ;
#383 = FACE_OUTER_BOUND ( 'NONE', #467, .T. ) ;
#384 = CARTESIAN_POINT ( 'NONE',  ( 9.561413512059544891E-16, 10.00000000000000000, 6.119999999999995666 ) ) ;
#385 = ORIENTED_EDGE ( 'NONE', *, *, #1054, .F. ) ;
#386 = AXIS2_PLACEMENT_3D ( 'NONE', #427, #182, #1147 ) ;
#387 = ORIENTED_EDGE ( 'NONE', *, *, #1553, .T. ) ;
#388 = CARTESIAN_POINT ( 'NONE',  ( -25.00000000000003553, 275.0000000000000000, 16.49999999999999645 ) ) ;
#389 = CONICAL_SURFACE ( 'NONE', #156, 12.00000000000003908, 0.7853981633974504994 ) ;
#390 = ADVANCED_FACE ( 'NONE', ( #681, #1417 ), #652, .F. ) ;
#391 = PERSON_AND_ORGANIZATION ( #424, #778 ) ;
#392 = LINE ( 'NONE', #28, #446 ) ;
#393 = VERTEX_POINT ( 'NONE', #72 ) ;
#394 = ORIENTED_EDGE ( 'NONE', *, *, #224, .T. ) ;
#395 = CARTESIAN_POINT ( 'NONE',  ( -25.00000000000001066, 250.0000000000000000, 18.50000000000000000 ) ) ;
#396 = VECTOR ( 'NONE', #1287, 1000.000000000000000 ) ;
#397 = CARTESIAN_POINT ( 'NONE',  ( -45.00000000000001421, -0.001000000000028755665, -6.164999999999994706 ) ) ;
#398 = APPROVAL_STATUS ( 'not_yet_approved' ) ;
#399 = DIRECTION ( 'NONE',  ( -0.000000000000000000, 1.000000000000000000, -0.000000000000000000 ) ) ;
#400 = ORIENTED_EDGE ( 'NONE', *, *, #248, .T. ) ;
#401 = ORIENTED_EDGE ( 'NONE', *, *, #908, .T. ) ;
#402 = DIRECTION ( 'NONE',  ( -0.000000000000000000, -0.000000000000000000, -1.000000000000000000 ) ) ;
#403 = DIRECTION ( 'NONE',  ( 0.000000000000000000, 0.000000000000000000, 1.000000000000000000 ) ) ;
#404 = SECURITY_CLASSIFICATION_LEVEL ( 'unclassified' ) ;
#405 = CARTESIAN_POINT ( 'NONE',  ( -40.00000000000002132, 200.0000000000000000, -16.49999999999996803 ) ) ;
#406 = VERTEX_POINT ( 'NONE', #314 ) ;
#407 = CARTESIAN_POINT ( 'NONE',  ( 9.561413512059544891E-16, 10.00000000000000000, 0.000000000000000000 ) ) ;
#408 = EDGE_CURVE ( 'NONE', #1022, #227, #892, .T. ) ;
#409 = VECTOR ( 'NONE', #1336, 1000.000000000000000 ) ;
#410 = AXIS2_PLACEMENT_3D ( 'NONE', #610, #1590, #263 ) ;
#411 = CARTESIAN_POINT ( 'NONE',  ( -70.00000000000000000, 215.0000000000000284, 13.83000000000000007 ) ) ;
#412 = PERSON_AND_ORGANIZATION ( #424, #778 ) ;
#413 = CARTESIAN_POINT ( 'NONE',  ( -3.579999999999999183, 10.00000000000000000, 2.749999999999999112 ) ) ;
#414 = ORIENTED_EDGE ( 'NONE', *, *, #780, .F. ) ;
#415 = CARTESIAN_POINT ( 'NONE',  ( -69.09870907145867136, 215.0000000000000284, 12.32999999999999829 ) ) ;
#416 = LOCAL_TIME ( 3, 32, 0.000000000000000000, #1514 ) ;
#417 = PRODUCT_DEFINITION ( 'UNKNOWN', '', #84, #202 ) ;
#418 = FACE_BOUND ( 'NONE', #1108, .T. ) ;
#419 = VECTOR ( 'NONE', #187, 1000.000000000000000 ) ;
#420 = AXIS2_PLACEMENT_3D ( 'NONE', #1248, #150, #649 ) ;
#421 = CALENDAR_DATE ( 2026, 25, 7 ) ;
#422 = EDGE_CURVE ( 'NONE', #556, #274, #1155, .T. ) ;
#423 = DIRECTION ( 'NONE',  ( -0.5150380749100536004, 0.000000000000000000, 0.8571673007021125557 ) ) ;
#424 = PERSON ( 'UNSPECIFIED', 'UNSPECIFIED', 'UNSPECIFIED', ('UNSPECIFIED'), ('UNSPECIFIED'), ('UNSPECIFIED') ) ;
#425 = CARTESIAN_POINT ( 'NONE',  ( -8.349864539641047315E-15, 250.0000000000000000, -16.49999999999999645 ) ) ;
#426 = ORIENTED_EDGE ( 'NONE', *, *, #1050, .F. ) ;
#427 = CARTESIAN_POINT ( 'NONE',  ( -90.00000000000001421, 215.0000000000000284, -12.32999999999999829 ) ) ;
#428 = EDGE_LOOP ( 'NONE', ( #1230, #1418, #883 ) ) ;
#429 = CARTESIAN_POINT ( 'NONE',  ( -70.00000000000000000, 215.0000000000000284, -13.83000000000000007 ) ) ;
#430 = LINE ( 'NONE', #309, #882 ) ;
#431 = FACE_OUTER_BOUND ( 'NONE', #642, .T. ) ;
#432 = ORIENTED_EDGE ( 'NONE', *, *, #845, .T. ) ;
#433 = LINE ( 'NONE', #1294, #591 ) ;
#434 = AXIS2_PLACEMENT_3D ( 'NONE', #1350, #1338, #1479 ) ;
#435 = VECTOR ( 'NONE', #919, 1000.000000000000000 ) ;
#436 = VERTEX_POINT ( 'NONE', #546 ) ;
#437 = ADVANCED_FACE ( 'NONE', ( #1386 ), #690, .F. ) ;
#438 = CARTESIAN_POINT ( 'NONE',  ( -2.000000000000001776, -6.679891631712844528E-17, 18.50000000000000000 ) ) ;
#439 = CARTESIAN_POINT ( 'NONE',  ( -90.00000000000001421, 270.0000000000000000, -12.32999999999999829 ) ) ;
#440 = EDGE_CURVE ( 'NONE', #987, #101, #236, .T. ) ;
#441 = ORIENTED_EDGE ( 'NONE', *, *, #1279, .F. ) ;
#442 = VECTOR ( 'NONE', #985, 1000.000000000000000 ) ;
#443 = DIRECTION ( 'NONE',  ( -1.000000000000000000, 0.000000000000000000, 0.000000000000000000 ) ) ;
#444 = VECTOR ( 'NONE', #135, 1000.000000000000000 ) ;
#445 = EDGE_LOOP ( 'NONE', ( #453, #1423, #824, #938, #1316, #1453, #1145, #234 ) ) ;
#446 = VECTOR ( 'NONE', #781, 1000.000000000000000 ) ;
#447 = PLANE ( 'NONE',  #917 ) ;
#448 = DIRECTION ( 'NONE',  ( 0.000000000000000000, 0.000000000000000000, 1.000000000000000000 ) ) ;
#449 = CARTESIAN_POINT ( 'NONE',  ( -45.37500000000001421, 242.5000000000000000, -18.50000000000000000 ) ) ;
#450 = EDGE_LOOP ( 'NONE', ( #790, #466 ) ) ;
#451 = VERTEX_POINT ( 'NONE', #340 ) ;
#452 = CARTESIAN_POINT ( 'NONE',  ( 9.561413512059544891E-16, 10.00000000000000000, 0.000000000000000000 ) ) ;
#453 = ORIENTED_EDGE ( 'NONE', *, *, #1446, .T. ) ;
#454 = CARTESIAN_POINT ( 'NONE',  ( -3.579999999999999183, 10.00000000000000000, 0.000000000000000000 ) ) ;
#455 = CARTESIAN_POINT ( 'NONE',  ( -30.00000000000000000, -3.673940397442059178E-15, -16.49999999999996803 ) ) ;
#456 = FACE_OUTER_BOUND ( 'NONE', #80, .T. ) ;
#457 = ORIENTED_EDGE ( 'NONE', *, *, #1410, .T. ) ;
#458 = VERTEX_POINT ( 'NONE', #1460 ) ;
#459 = CARTESIAN_POINT ( 'NONE',  ( -37.50000000000002132, 242.5000000000000284, 18.50000000000000000 ) ) ;
#460 = VERTEX_POINT ( 'NONE', #1048 ) ;
#461 = VECTOR ( 'NONE', #590, 1000.000000000000114 ) ;
#462 = LINE ( 'NONE', #1159, #142 ) ;
#463 = CONICAL_SURFACE ( 'NONE', #335, 23.00000000000001776, 0.7853981633974430610 ) ;
#464 = DIRECTION ( 'NONE',  ( -0.5150380749100536004, 1.049727191138618942E-16, -0.8571673007021125557 ) ) ;
#465 = FACE_OUTER_BOUND ( 'NONE', #588, .T. ) ;
#466 = ORIENTED_EDGE ( 'NONE', *, *, #310, .T. ) ;
#467 = EDGE_LOOP ( 'NONE', ( #193, #687, #414, #339 ) ) ;
#468 = CARTESIAN_POINT ( 'NONE',  ( -30.00000000000000000, 10.00000000000000000, 0.000000000000000000 ) ) ;
#469 = ORIENTED_EDGE ( 'NONE', *, *, #1463, .F. ) ;
#470 = LOCAL_TIME ( 3, 32, 0.000000000000000000, #1018 ) ;
#471 = LINE ( 'NONE', #832, #1491 ) ;
#472 = DIRECTION ( 'NONE',  ( 0.000000000000000000, 0.000000000000000000, 1.000000000000000000 ) ) ;
#473 = ADVANCED_FACE ( 'NONE', ( #228 ), #570, .T. ) ;
#474 = CARTESIAN_POINT ( 'NONE',  ( -45.00000000000001421, 275.0000000000000000, 6.164999999999993818 ) ) ;
#475 = EDGE_LOOP ( 'NONE', ( #270, #977, #483, #635 ) ) ;
#476 = DIRECTION ( 'NONE',  ( -1.000000000000000000, -0.000000000000000000, -0.000000000000000000 ) ) ;
#477 = EDGE_LOOP ( 'NONE', ( #1107, #716, #1091, #1501 ) ) ;
#478 = ADVANCED_FACE ( 'NONE', ( #350 ), #1556, .F. ) ;
#479 = CARTESIAN_POINT ( 'NONE',  ( -70.00000000000000000, 270.0000000000000000, -12.32999999999999829 ) ) ;
#480 = DIRECTION ( 'NONE',  ( 0.000000000000000000, 0.000000000000000000, 1.000000000000000000 ) ) ;
#481 = CARTESIAN_POINT ( 'NONE',  ( -25.00000000000000711, 275.0000000000000000, -16.49999999999999645 ) ) ;
#482 = ORIENTED_EDGE ( 'NONE', *, *, #1089, .T. ) ;
#483 = ORIENTED_EDGE ( 'NONE', *, *, #613, .T. ) ;
#484 = DIRECTION ( 'NONE',  ( -1.000000000000000000, -1.156482317317871478E-16, 0.000000000000000000 ) ) ;
#485 = CARTESIAN_POINT ( 'NONE',  ( -45.00000000000001421, 275.0000000000000000, -6.164999999999994706 ) ) ;
#486 = CARTESIAN_POINT ( 'NONE',  ( -70.00000000000000000, 215.0000000000000284, 12.32999999999999829 ) ) ;
#487 = VECTOR ( 'NONE', #563, 1000.000000000000114 ) ;
#488 = EDGE_CURVE ( 'NONE', #928, #1467, #846, .T. ) ;
#489 = VECTOR ( 'NONE', #1437, 1000.000000000000000 ) ;
#490 = DIRECTION ( 'NONE',  ( -1.000000000000000000, -0.000000000000000000, -0.000000000000000000 ) ) ;
#491 = CARTESIAN_POINT ( 'NONE',  ( -90.00000000000001421, 275.0000000000000000, -18.50000000000000000 ) ) ;
#492 = VERTEX_POINT ( 'NONE', #1082 ) ;
#493 = ADVANCED_FACE ( 'NONE', ( #816 ), #714, .F. ) ;
#494 = ORIENTED_EDGE ( 'NONE', *, *, #871, .F. ) ;
#495 = CARTESIAN_POINT ( 'NONE',  ( -90.00000000000001421, 215.0000000000000284, -12.32999999999999829 ) ) ;
#496 = EDGE_CURVE ( 'NONE', #101, #705, #939, .T. ) ;
#497 = LINE ( 'NONE', #1218, #24 ) ;
#498 = FACE_OUTER_BOUND ( 'NONE', #1014, .T. ) ;
#499 = AXIS2_PLACEMENT_3D ( 'NONE', #1234, #736, #1569 ) ;
#500 = AXIS2_PLACEMENT_3D ( 'NONE', #1122, #1106, #3 ) ;
#501 = LINE ( 'NONE', #1495, #9 ) ;
#502 = ORIENTED_EDGE ( 'NONE', *, *, #1385, .F. ) ;
#503 = CIRCLE ( 'NONE', #1370, 22.49999999999999289 ) ;
#504 = ORIENTED_EDGE ( 'NONE', *, *, #496, .F. ) ;
#505 = DIRECTION ( 'NONE',  ( -1.000000000000000000, -0.000000000000000000, -0.000000000000000000 ) ) ;
#506 = EDGE_CURVE ( 'NONE', #994, #1355, #582, .T. ) ;
#507 = DIRECTION ( 'NONE',  ( -0.000000000000000000, -0.000000000000000000, 1.000000000000000000 ) ) ;
#508 = DIRECTION ( 'NONE',  ( 0.000000000000000000, 0.000000000000000000, 1.000000000000000000 ) ) ;
#509 = ORIENTED_EDGE ( 'NONE', *, *, #706, .T. ) ;
#510 = EDGE_LOOP ( 'NONE', ( #608, #122, #1535, #1189 ) ) ;
#511 = LINE ( 'NONE', #1109, #819 ) ;
#512 = EDGE_CURVE ( 'NONE', #227, #252, #1452, .T. ) ;
#513 =( NAMED_UNIT ( * ) PLANE_ANGLE_UNIT ( ) SI_UNIT ( $, .RADIAN. ) );
#514 = DIRECTION ( 'NONE',  ( -1.000000000000000000, -0.000000000000000000, -0.000000000000000000 ) ) ;
#515 = EDGE_LOOP ( 'NONE', ( #1168, #191, #1296 ) ) ;
#516 = ORIENTED_EDGE ( 'NONE', *, *, #1024, .T. ) ;
#517 = CARTESIAN_POINT ( 'NONE',  ( -45.00000000000001421, 210.0000000000000284, 6.164999999999994706 ) ) ;
#518 = APPROVAL ( #47, 'UNSPECIFIED' ) ;
#519 = PERSON_AND_ORGANIZATION_ROLE ( 'design_supplier' ) ;
#520 = CARTESIAN_POINT ( 'NONE',  ( -45.00000000000001421, -0.001000000000028755665, 6.164999999999994706 ) ) ;
#521 = ORIENTED_EDGE ( 'NONE', *, *, #85, .T. ) ;
#522 = ORIENTED_EDGE ( 'NONE', *, *, #1039, .T. ) ;
#523 = DIRECTION ( 'NONE',  ( -1.000000000000000000, 0.000000000000000000, 0.000000000000000000 ) ) ;
#524 = DIRECTION ( 'NONE',  ( 0.000000000000000000, 0.000000000000000000, 1.000000000000000000 ) ) ;
#525 = CALENDAR_DATE ( 2026, 25, 7 ) ;
#526 = EDGE_CURVE ( 'NONE', #95, #1258, #1309, .T. ) ;
#527 = CARTESIAN_POINT ( 'NONE',  ( -70.00000000000000000, 270.0000000000000000, -13.83000000000000007 ) ) ;
#528 = VERTEX_POINT ( 'NONE', #1432 ) ;
#529 = DIRECTION ( 'NONE',  ( -3.339945815856419182E-17, 1.000000000000000000, 0.000000000000000000 ) ) ;
#530 = CARTESIAN_POINT ( 'NONE',  ( -70.00000000000000000, 270.0000000000000000, -12.32999999999999829 ) ) ;
#531 = COORDINATED_UNIVERSAL_TIME_OFFSET ( 5, 30, .AHEAD. ) ;
#532 = PLANE ( 'NONE',  #1449 ) ;
#533 = ADVANCED_FACE ( 'NONE', ( #708 ), #537, .F. ) ;
#534 = EDGE_CURVE ( 'NONE', #1076, #1517, #601, .T. ) ;
#535 = VERTEX_POINT ( 'NONE', #1074 ) ;
#536 = DIRECTION ( 'NONE',  ( -0.7071067811865474617, 0.000000000000000000, -0.7071067811865475727 ) ) ;
#537 = CONICAL_SURFACE ( 'NONE', #1436, 1.500000000000001332, 1.029744258676655200 ) ;
#538 = CARTESIAN_POINT ( 'NONE',  ( -25.00000000000000711, 273.0000000000000000, -18.50000000000000000 ) ) ;
#539 = EDGE_CURVE ( 'NONE', #1166, #1076, #844, .T. ) ;
#540 = CARTESIAN_POINT ( 'NONE',  ( 0.000000000000000000, 0.000000000000000000, 0.000000000000000000 ) ) ;
#541 = CARTESIAN_POINT ( 'NONE',  ( -45.00000000000001421, -0.001000000000028755665, 6.164999999999994706 ) ) ;
#542 = CARTESIAN_POINT ( 'NONE',  ( -70.00000000000000000, 215.0000000000000284, 12.32999999999999829 ) ) ;
#543 = CIRCLE ( 'NONE', #1447, 25.00000000000000355 ) ;
#544 = CONICAL_SURFACE ( 'NONE', #749, 1.500000000000001332, 1.029744258676655200 ) ;
#545 = ORIENTED_EDGE ( 'NONE', *, *, #1494, .T. ) ;
#546 = CARTESIAN_POINT ( 'NONE',  ( -70.00000000000000000, 215.0000000000000284, 13.83000000000000007 ) ) ;
#547 = CLOSED_SHELL ( 'NONE', ( #67, #1454, #73, #1289, #478, #437, #279, #1003, #1349, #866, #831, #332, #807, #555, #295, #841, #18, #701, #321, #1178, #822, #390, #149, #258, #1034, #1129, #1508, #473, #146, #602, #1470, #726, #1224, #771, #1566, #1579, #867, #255, #1403, #760, #53, #493, #1397, #206, #533, #587, #1464, #1271, #560, #653, #1430, #1120 ) ) ;
#548 = AXIS2_PLACEMENT_3D ( 'NONE', #711, #794, #1559 ) ;
#549 = VERTEX_POINT ( 'NONE', #1301 ) ;
#550 = CARTESIAN_POINT ( 'NONE',  ( -2.000000000000010214, 250.0000000000000000, 18.50000000000000000 ) ) ;
#551 = CARTESIAN_POINT ( 'NONE',  ( -2.000000000000001776, -2.449293598294708880E-16, 18.50000000000000000 ) ) ;
#552 = CARTESIAN_POINT ( 'NONE',  ( -90.00000000000001421, 273.0000000000000000, 18.50000000000000000 ) ) ;
#553 = ORIENTED_EDGE ( 'NONE', *, *, #256, .T. ) ;
#554 = DIRECTION ( 'NONE',  ( 0.000000000000000000, -1.000000000000000000, 0.000000000000000000 ) ) ;
#555 = ADVANCED_FACE ( 'NONE', ( #119, #82, #1441 ), #1320, .T. ) ;
#556 = VERTEX_POINT ( 'NONE', #931 ) ;
#557 = UNCERTAINTY_MEASURE_WITH_UNIT (LENGTH_MEASURE( 1.000000000000000082E-05 ), #1096, 'distance_accuracy_value', 'NONE');
#558 = FACE_OUTER_BOUND ( 'NONE', #615, .T. ) ;
#559 = DIRECTION ( 'NONE',  ( 0.000000000000000000, -0.000000000000000000, -1.000000000000000000 ) ) ;
#560 = ADVANCED_FACE ( 'NONE', ( #689 ), #25, .F. ) ;
#561 = CARTESIAN_POINT ( 'NONE',  ( -70.00000000000000000, 270.0000000000000000, -10.82999999999999829 ) ) ;
#562 = ORIENTED_EDGE ( 'NONE', *, *, #1244, .T. ) ;
#563 = DIRECTION ( 'NONE',  ( -0.5150380749100536004, 0.000000000000000000, 0.8571673007021125557 ) ) ;
#564 = AXIS2_PLACEMENT_3D ( 'NONE', #1538, #1326, #196 ) ;
#565 = ORIENTED_EDGE ( 'NONE', *, *, #173, .T. ) ;
#566 = CARTESIAN_POINT ( 'NONE',  ( -90.00000000000001421, 215.0000000000000284, -12.32999999999999829 ) ) ;
#567 = FACE_OUTER_BOUND ( 'NONE', #428, .T. ) ;
#568 = CARTESIAN_POINT ( 'NONE',  ( -40.00000000000002132, 212.0000000000000568, 18.50000000000000000 ) ) ;
#569 = ORIENTED_EDGE ( 'NONE', *, *, #722, .F. ) ;
#570 = PLANE ( 'NONE',  #1149 ) ;
#571 = VECTOR ( 'NONE', #241, 1000.000000000000000 ) ;
#572 = AXIS2_PLACEMENT_3D ( 'NONE', #454, #1193, #96 ) ;
#573 = VECTOR ( 'NONE', #399, 1000.000000000000000 ) ;
#574 = VERTEX_POINT ( 'NONE', #459 ) ;
#575 = SECURITY_CLASSIFICATION ( '', '', #404 ) ;
#576 = DIRECTION ( 'NONE',  ( 0.000000000000000000, 0.000000000000000000, 1.000000000000000000 ) ) ;
#577 = DIRECTION ( 'NONE',  ( -0.000000000000000000, 1.000000000000000000, -0.000000000000000000 ) ) ;
#578 = APPLICATION_CONTEXT ( 'configuration controlled 3d designs of mechanical parts and assemblies' ) ;
#579 = CARTESIAN_POINT ( 'NONE',  ( -45.00000000000001421, 275.0000000000000000, 6.164999999999994706 ) ) ;
#580 = ORIENTED_EDGE ( 'NONE', *, *, #304, .F. ) ;
#581 = EDGE_LOOP ( 'NONE', ( #1266, #147, #757, #1117 ) ) ;
#582 = LINE ( 'NONE', #955, #895 ) ;
#583 = ORIENTED_EDGE ( 'NONE', *, *, #1156, .F. ) ;
#584 = DIRECTION ( 'NONE',  ( -1.000000000000000000, 0.000000000000000000, -1.349229370204183433E-16 ) ) ;
#585 = DIRECTION ( 'NONE',  ( 0.000000000000000000, 0.000000000000000000, 1.000000000000000000 ) ) ;
#586 = DIRECTION ( 'NONE',  ( 0.000000000000000000, -0.7071067811865474617, -0.7071067811865474617 ) ) ;
#587 = ADVANCED_FACE ( 'NONE', ( #946 ), #1583, .F. ) ;
#588 = EDGE_LOOP ( 'NONE', ( #666, #1199, #1033, #1311 ) ) ;
#589 = ORIENTED_EDGE ( 'NONE', *, *, #190, .F. ) ;
#590 = DIRECTION ( 'NONE',  ( -0.000000000000000000, -0.7071067811865474617, -0.7071067811865474617 ) ) ;
#591 = VECTOR ( 'NONE', #164, 1000.000000000000114 ) ;
#592 = EDGE_CURVE ( 'NONE', #1300, #145, #1238, .T. ) ;
#593 = VERTEX_POINT ( 'NONE', #277 ) ;
#594 = VECTOR ( 'NONE', #171, 1000.000000000000000 ) ;
#595 = DIRECTION ( 'NONE',  ( -1.000000000000000000, -0.000000000000000000, -0.000000000000000000 ) ) ;
#596 = VECTOR ( 'NONE', #523, 1000.000000000000000 ) ;
#597 = LINE ( 'NONE', #195, #606 ) ;
#598 = LINE ( 'NONE', #1079, #215 ) ;
#599 = LINE ( 'NONE', #561, #1083 ) ;
#600 = ORIENTED_EDGE ( 'NONE', *, *, #770, .F. ) ;
#601 = LINE ( 'NONE', #1574, #461 ) ;
#602 = ADVANCED_FACE ( 'NONE', ( #996 ), #633, .T. ) ;
#603 = VERTEX_POINT ( 'NONE', #1100 ) ;
#604 = DIRECTION ( 'NONE',  ( 0.000000000000000000, 0.000000000000000000, 1.000000000000000000 ) ) ;
#605 = LINE ( 'NONE', #728, #826 ) ;
#606 = VECTOR ( 'NONE', #464, 1000.000000000000114 ) ;
#607 = CARTESIAN_POINT ( 'NONE',  ( -69.09870907145867136, 270.0000000000000000, -12.32999999999999829 ) ) ;
#608 = ORIENTED_EDGE ( 'NONE', *, *, #1415, .F. ) ;
#609 = ORIENTED_EDGE ( 'NONE', *, *, #1054, .T. ) ;
#610 = CARTESIAN_POINT ( 'NONE',  ( 9.561413512059540947E-16, 10.00000000000000000, 0.000000000000000000 ) ) ;
#611 = DIRECTION ( 'NONE',  ( -0.000000000000000000, -0.000000000000000000, -1.000000000000000000 ) ) ;
#612 = DIRECTION ( 'NONE',  ( -1.000000000000000000, 0.000000000000000000, 0.000000000000000000 ) ) ;
#613 = EDGE_CURVE ( 'NONE', #1154, #458, #264, .T. ) ;
#614 = CARTESIAN_POINT ( 'NONE',  ( -90.00000000000001421, 275.0000000000000000, -18.50000000000000000 ) ) ;
#615 = EDGE_LOOP ( 'NONE', ( #267, #962, #1383, #1213 ) ) ;
#616 = ORIENTED_EDGE ( 'NONE', *, *, #1382, .T. ) ;
#617 = CARTESIAN_POINT ( 'NONE',  ( -27.99999999999996803, -3.238150488490036491E-15, 18.50000000000000000 ) ) ;
#618 = DIRECTION ( 'NONE',  ( -1.000000000000000000, -0.000000000000000000, -0.000000000000000000 ) ) ;
#619 = DIRECTION ( 'NONE',  ( 1.000000000000000000, -0.000000000000000000, -0.000000000000000000 ) ) ;
#620 = VECTOR ( 'NONE', #754, 1000.000000000000000 ) ;
#621 = DIRECTION ( 'NONE',  ( -1.000000000000000000, -1.156482317317871478E-16, 0.000000000000000000 ) ) ;
#622 = ORIENTED_EDGE ( 'NONE', *, *, #638, .T. ) ;
#623 = ORIENTED_EDGE ( 'NONE', *, *, #671, .F. ) ;
#624 = LINE ( 'NONE', #381, #48 ) ;
#625 = CIRCLE ( 'NONE', #1004, 14.62500000000000000 ) ;
#626 = DIRECTION ( 'NONE',  ( 1.000000000000000000, 0.000000000000000000, 0.000000000000000000 ) ) ;
#627 = AXIS2_PLACEMENT_3D ( 'NONE', #1297, #327, #448 ) ;
#628 = CARTESIAN_POINT ( 'NONE',  ( -90.00000000000001421, 210.0000000000000284, -18.50000000000000000 ) ) ;
#629 = ORIENTED_EDGE ( 'NONE', *, *, #1280, .T. ) ;
#630 = CC_DESIGN_DATE_AND_TIME_ASSIGNMENT ( #762, #172, ( #417 ) ) ;
#631 = CIRCLE ( 'NONE', #1030, 10.00000000000000178 ) ;
#632 = ORIENTED_EDGE ( 'NONE', *, *, #155, .T. ) ;
#633 = PLANE ( 'NONE',  #870 ) ;
#634 = DIRECTION ( 'NONE',  ( 0.000000000000000000, 0.000000000000000000, 1.000000000000000000 ) ) ;
#635 = ORIENTED_EDGE ( 'NONE', *, *, #1485, .F. ) ;
#636 = ORIENTED_EDGE ( 'NONE', *, *, #893, .F. ) ;
#637 = CARTESIAN_POINT ( 'NONE',  ( 0.000000000000000000, 212.0000000000000568, 18.50000000000000000 ) ) ;
#638 = EDGE_CURVE ( 'NONE', #1517, #374, #624, .T. ) ;
#639 = APPROVAL_ROLE ( '' ) ;
#640 = CIRCLE ( 'NONE', #130, 1.500000000000001332 ) ;
#641 = DIRECTION ( 'NONE',  ( 0.7071067811865475727, 8.177564888977996636E-17, 0.7071067811865475727 ) ) ;
#642 = EDGE_LOOP ( 'NONE', ( #161, #1065, #723, #622, #93, #348, #732, #1496 ) ) ;
#643 = AXIS2_PLACEMENT_3D ( 'NONE', #44, #1518, #905 ) ;
#644 = CARTESIAN_POINT ( 'NONE',  ( -1.000000000000000888, -1.224646799147354440E-16, -17.49999999999999645 ) ) ;
#645 = DIRECTION ( 'NONE',  ( -1.000000000000000000, 0.000000000000000000, 0.000000000000000000 ) ) ;
#646 = CARTESIAN_POINT ( 'NONE',  ( 17.49999999999999645, 2.143131898507867854E-15, -1.000000000000000888 ) ) ;
#647 = PERSON_AND_ORGANIZATION ( #424, #778 ) ;
#648 = CIRCLE ( 'NONE', #373, 14.62500000000000000 ) ;
#649 = DIRECTION ( 'NONE',  ( 1.000000000000000000, 0.000000000000000000, 0.000000000000000000 ) ) ;
#650 = VERTEX_POINT ( 'NONE', #1002 ) ;
#651 = CARTESIAN_POINT ( 'NONE',  ( -9.184850993605153466E-15, 275.0000000000000000, -16.49999999999999645 ) ) ;
#652 = PLANE ( 'NONE',  #787 ) ;
#653 = ADVANCED_FACE ( 'NONE', ( #1376 ), #740, .F. ) ;
#654 = PERSON_AND_ORGANIZATION_ROLE ( 'design_owner' ) ;
#655 = CARTESIAN_POINT ( 'NONE',  ( -90.00000000000001421, 210.0000000000000284, -18.50000000000000000 ) ) ;
#656 = EDGE_CURVE ( 'NONE', #650, #492, #247, .T. ) ;
#657 = VERTEX_POINT ( 'NONE', #1093 ) ;
#658 = DIRECTION ( 'NONE',  ( 0.000000000000000000, 0.000000000000000000, -1.000000000000000000 ) ) ;
#659 = LINE ( 'NONE', #192, #1277 ) ;
#660 = DATE_TIME_ROLE ( 'classification_date' ) ;
#661 = CARTESIAN_POINT ( 'NONE',  ( -90.00000000000001421, 270.0000000000000000, -13.83000000000000007 ) ) ;
#662 = DIRECTION ( 'NONE',  ( -1.000000000000000000, 0.000000000000000000, 0.000000000000000000 ) ) ;
#663 = AXIS2_PLACEMENT_3D ( 'NONE', #1057, #443, #198 ) ;
#664 = AXIS2_PLACEMENT_3D ( 'NONE', #124, #1223, #254 ) ;
#665 = DIRECTION ( 'NONE',  ( 0.7071067811865474617, 0.000000000000000000, -0.7071067811865474617 ) ) ;
#666 = ORIENTED_EDGE ( 'NONE', *, *, #341, .F. ) ;
#667 = CARTESIAN_POINT ( 'NONE',  ( -90.00000000000001421, 215.0000000000000284, -10.82999999999999829 ) ) ;
#668 = CARTESIAN_POINT ( 'NONE',  ( -70.00000000000000000, 215.0000000000000284, -12.32999999999999829 ) ) ;
#669 = CARTESIAN_POINT ( 'NONE',  ( -60.00000000000001421, 242.5000000000000284, 18.50000000000000000 ) ) ;
#670 = LINE ( 'NONE', #291, #1152 ) ;
#671 = EDGE_CURVE ( 'NONE', #1547, #603, #691, .T. ) ;
#672 = AXIS2_PLACEMENT_3D ( 'NONE', #840, #250, #472 ) ;
#673 = VECTOR ( 'NONE', #1333, 1000.000000000000000 ) ;
#674 = ORIENTED_EDGE ( 'NONE', *, *, #1528, .F. ) ;
#675 = FACE_OUTER_BOUND ( 'NONE', #81, .T. ) ;
#676 = ORIENTED_EDGE ( 'NONE', *, *, #183, .F. ) ;
#677 = DIRECTION ( 'NONE',  ( -0.5150380749100536004, 1.049727191138618942E-16, -0.8571673007021125557 ) ) ;
#678 = DIRECTION ( 'NONE',  ( 0.000000000000000000, 0.000000000000000000, 1.000000000000000000 ) ) ;
#679 = CYLINDRICAL_SURFACE ( 'NONE', #292, 25.00000000000000000 ) ;
#680 = VERTEX_POINT ( 'NONE', #1498 ) ;
#681 = FACE_BOUND ( 'NONE', #1589, .T. ) ;
#682 = ORIENTED_EDGE ( 'NONE', *, *, #275, .T. ) ;
#683 = LINE ( 'NONE', #308, #419 ) ;
#684 = CARTESIAN_POINT ( 'NONE',  ( -90.00000000000001421, 210.0000000000000284, 18.50000000000000000 ) ) ;
#685 = DIRECTION ( 'NONE',  ( -0.000000000000000000, -0.000000000000000000, 1.000000000000000000 ) ) ;
#686 = PRODUCT_DEFINITION_SHAPE ( 'NONE', 'NONE',  #417 ) ;
#687 = ORIENTED_EDGE ( 'NONE', *, *, #741, .F. ) ;
#688 = ORIENTED_EDGE ( 'NONE', *, *, #893, .T. ) ;
#689 = FACE_OUTER_BOUND ( 'NONE', #515, .T. ) ;
#690 = CONICAL_SURFACE ( 'NONE', #261, 1.500000000000001332, 1.029744258676655200 ) ;
#691 = CIRCLE ( 'NONE', #1515, 1.500000000000001332 ) ;
#692 = ORIENTED_EDGE ( 'NONE', *, *, #940, .F. ) ;
#693 = CARTESIAN_POINT ( 'NONE',  ( -74.62500000000001421, 242.5000000000000000, -6.164999999999998259 ) ) ;
#694 = LINE ( 'NONE', #1428, #1255 ) ;
#695 = ORIENTED_EDGE ( 'NONE', *, *, #1151, .F. ) ;
#696 = ORIENTED_EDGE ( 'NONE', *, *, #1310, .F. ) ;
#697 = AXIS2_PLACEMENT_3D ( 'NONE', #1304, #205, #1185 ) ;
#698 = CARTESIAN_POINT ( 'NONE',  ( -70.00000000000000000, 215.0000000000000284, -12.32999999999999829 ) ) ;
#699 = AXIS2_PLACEMENT_3D ( 'NONE', #668, #1404, #303 ) ;
#700 = VERTEX_POINT ( 'NONE', #1246 ) ;
#701 = ADVANCED_FACE ( 'NONE', ( #1251, #990 ), #148, .T. ) ;
#702 = LINE ( 'NONE', #1419, #165 ) ;
#703 = CARTESIAN_POINT ( 'NONE',  ( -74.62500000000001421, 242.5000000000000000, -18.50000000000000000 ) ) ;
#704 = DIRECTION ( 'NONE',  ( -1.000000000000000000, -0.000000000000000000, -0.000000000000000000 ) ) ;
#705 = VERTEX_POINT ( 'NONE', #865 ) ;
#706 = EDGE_CURVE ( 'NONE', #1209, #371, #920, .T. ) ;
#707 = EDGE_LOOP ( 'NONE', ( #197, #1172 ) ) ;
#708 = FACE_OUTER_BOUND ( 'NONE', #1488, .T. ) ;
#709 = EDGE_LOOP ( 'NONE', ( #1367, #1229, #1182, #235 ) ) ;
#710 = CARTESIAN_POINT ( 'NONE',  ( 0.000000000000000000, 0.000000000000000000, 18.50000000000000000 ) ) ;
#711 = CARTESIAN_POINT ( 'NONE',  ( -70.00000000000000000, 270.0000000000000000, 12.32999999999999829 ) ) ;
#712 = DIRECTION ( 'NONE',  ( -1.000000000000000000, -0.000000000000000000, -0.000000000000000000 ) ) ;
#713 = ORIENTED_EDGE ( 'NONE', *, *, #159, .T. ) ;
#714 = CYLINDRICAL_SURFACE ( 'NONE', #1588, 2.749999999999996447 ) ;
#715 = VECTOR ( 'NONE', #604, 1000.000000000000000 ) ;
#716 = ORIENTED_EDGE ( 'NONE', *, *, #1261, .F. ) ;
#717 = AXIS2_PLACEMENT_3D ( 'NONE', #495, #734, #759 ) ;
#718 = DIRECTION ( 'NONE',  ( 0.000000000000000000, 0.000000000000000000, 1.000000000000000000 ) ) ;
#719 = FACE_OUTER_BOUND ( 'NONE', #830, .T. ) ;
#720 = DIRECTION ( 'NONE',  ( 0.000000000000000000, -0.000000000000000000, -1.000000000000000000 ) ) ;
#721 = ORIENTED_EDGE ( 'NONE', *, *, #1442, .F. ) ;
#722 = EDGE_CURVE ( 'NONE', #994, #1056, #511, .T. ) ;
#723 = ORIENTED_EDGE ( 'NONE', *, *, #1164, .F. ) ;
#724 = CARTESIAN_POINT ( 'NONE',  ( -90.00000000000001421, 275.0000000000000000, -16.49999999999999645 ) ) ;
#725 = APPROVAL_PERSON_ORGANIZATION ( #1148, #518, #1521 ) ;
#726 = ADVANCED_FACE ( 'NONE', ( #8 ), #1345, .T. ) ;
#727 = FACE_OUTER_BOUND ( 'NONE', #1461, .T. ) ;
#728 = CARTESIAN_POINT ( 'NONE',  ( 9.561413512059544891E-16, 10.00000000000000000, -6.119999999999995666 ) ) ;
#729 = VECTOR ( 'NONE', #1516, 1000.000000000000000 ) ;
#730 = CARTESIAN_POINT ( 'NONE',  ( -90.00000000000001421, 270.0000000000000000, -12.32999999999999829 ) ) ;
#731 = PLANE ( 'NONE',  #982 ) ;
#732 = ORIENTED_EDGE ( 'NONE', *, *, #526, .F. ) ;
#733 = VERTEX_POINT ( 'NONE', #23 ) ;
#734 = DIRECTION ( 'NONE',  ( -1.000000000000000000, -0.000000000000000000, -0.000000000000000000 ) ) ;
#735 = DIRECTION ( 'NONE',  ( -1.000000000000000000, 0.000000000000000000, -1.349229370204183433E-16 ) ) ;
#736 = DIRECTION ( 'NONE',  ( -0.000000000000000000, -0.000000000000000000, 1.000000000000000000 ) ) ;
#737 = CARTESIAN_POINT ( 'NONE',  ( -40.00000000000002132, 200.0000000000000000, -18.50000000000000000 ) ) ;
#738 = ORIENTED_EDGE ( 'NONE', *, *, #237, .T. ) ;
#739 = ORIENTED_EDGE ( 'NONE', *, *, #978, .F. ) ;
#740 = CYLINDRICAL_SURFACE ( 'NONE', #717, 1.500000000000001332 ) ;
#741 = EDGE_CURVE ( 'NONE', #873, #1258, #859, .T. ) ;
#742 = DIRECTION ( 'NONE',  ( 1.000000000000000000, 0.000000000000000000, 0.000000000000000000 ) ) ;
#743 = CARTESIAN_POINT ( 'NONE',  ( -82.50000000000000000, 242.5000000000000284, -57.47461030678925908 ) ) ;
#744 = ORIENTED_EDGE ( 'NONE', *, *, #496, .T. ) ;
#745 = ORIENTED_EDGE ( 'NONE', *, *, #1269, .F. ) ;
#746 = CARTESIAN_POINT ( 'NONE',  ( -30.00000000000002487, 210.0000000000000284, -18.50000000000000000 ) ) ;
#747 = PLANE ( 'NONE',  #56 ) ;
#748 = VECTOR ( 'NONE', #804, 1000.000000000000000 ) ;
#749 = AXIS2_PLACEMENT_3D ( 'NONE', #943, #712, #347 ) ;
#750 = VECTOR ( 'NONE', #298, 1000.000000000000000 ) ;
#751 = CARTESIAN_POINT ( 'NONE',  ( -60.00000000000001421, 242.5000000000000000, -6.164999999999996483 ) ) ;
#752 = ORIENTED_EDGE ( 'NONE', *, *, #376, .T. ) ;
#753 = VERTEX_POINT ( 'NONE', #517 ) ;
#754 = DIRECTION ( 'NONE',  ( -3.339945815856419182E-17, 1.000000000000000000, 0.000000000000000000 ) ) ;
#755 = EDGE_CURVE ( 'NONE', #145, #941, #1591, .T. ) ;
#756 = CARTESIAN_POINT ( 'NONE',  ( -90.00000000000001421, 210.0000000000000284, 6.165000000000000036 ) ) ;
#757 = ORIENTED_EDGE ( 'NONE', *, *, #1393, .F. ) ;
#758 = EDGE_LOOP ( 'NONE', ( #1243, #494, #136, #964 ) ) ;
#759 = DIRECTION ( 'NONE',  ( 0.000000000000000000, 0.000000000000000000, 1.000000000000000000 ) ) ;
#760 = ADVANCED_FACE ( 'NONE', ( #1361 ), #463, .T. ) ;
#761 = FACE_OUTER_BOUND ( 'NONE', #282, .T. ) ;
#762 = DATE_AND_TIME ( #525, #470 ) ;
#763 = VECTOR ( 'NONE', #1087, 1000.000000000000000 ) ;
#764 = CARTESIAN_POINT ( 'NONE',  ( -70.00000000000000000, 215.0000000000000284, -10.82999999999999829 ) ) ;
#765 = EDGE_LOOP ( 'NONE', ( #768, #522, #1554 ) ) ;
#766 = AXIS2_PLACEMENT_3D ( 'NONE', #1525, #1023, #31 ) ;
#767 = APPLICATION_CONTEXT ( 'configuration controlled 3d designs of mechanical parts and assemblies' ) ;
#768 = ORIENTED_EDGE ( 'NONE', *, *, #141, .F. ) ;
#769 = PLANE ( 'NONE',  #897 ) ;
#770 = EDGE_CURVE ( 'NONE', #129, #1330, #796, .T. ) ;
#771 = ADVANCED_FACE ( 'NONE', ( #180 ), #389, .F. ) ;
#772 = LINE ( 'NONE', #1401, #972 ) ;
#773 = EDGE_CURVE ( 'NONE', #941, #776, #1532, .T. ) ;
#774 =( GEOMETRIC_REPRESENTATION_CONTEXT ( 3 ) GLOBAL_UNCERTAINTY_ASSIGNED_CONTEXT ( ( #557 ) ) GLOBAL_UNIT_ASSIGNED_CONTEXT ( ( #1096, #513, #272 ) ) REPRESENTATION_CONTEXT ( 'NONE', 'WORKASPACE' ) );
#775 = CARTESIAN_POINT ( 'NONE',  ( -90.00000000000001421, 215.0000000000000284, 13.83000000000000007 ) ) ;
#776 = VERTEX_POINT ( 'NONE', #552 ) ;
#777 = CARTESIAN_POINT ( 'NONE',  ( -3.579999999999999183, 10.00000000000000000, 0.000000000000000000 ) ) ;
#778 = ORGANIZATION ( 'UNSPECIFIED', 'UNSPECIFIED', '' ) ;
#779 = CYLINDRICAL_SURFACE ( 'NONE', #1019, 22.49999999999999289 ) ;
#780 = EDGE_CURVE ( 'NONE', #221, #873, #52, .T. ) ;
#781 = DIRECTION ( 'NONE',  ( 1.156482317317871478E-16, -1.000000000000000000, 0.000000000000000000 ) ) ;
#782 = DIRECTION ( 'NONE',  ( -1.000000000000000000, 0.000000000000000000, 0.000000000000000000 ) ) ;
#783 = CARTESIAN_POINT ( 'NONE',  ( -3.579999999999999183, 10.00000000000000000, -6.119999999999995666 ) ) ;
#784 = CC_DESIGN_PERSON_AND_ORGANIZATION_ASSIGNMENT ( #412, #901, ( #575 ) ) ;
#785 = CARTESIAN_POINT ( 'NONE',  ( -90.00000000000001421, 275.0000000000000000, -18.50000000000000000 ) ) ;
#786 = LINE ( 'NONE', #1373, #11 ) ;
#787 = AXIS2_PLACEMENT_3D ( 'NONE', #907, #1260, #1141 ) ;
#788 = DIRECTION ( 'NONE',  ( -3.339945815856419182E-17, 1.000000000000000000, 0.000000000000000000 ) ) ;
#789 = CIRCLE ( 'NONE', #1389, 1.500000000000001332 ) ;
#790 = ORIENTED_EDGE ( 'NONE', *, *, #109, .T. ) ;
#791 = CARTESIAN_POINT ( 'NONE',  ( -90.00000000000001421, 211.0000000000000284, -17.49999999999998579 ) ) ;
#792 = ORIENTED_EDGE ( 'NONE', *, *, #1557, .T. ) ;
#793 = LINE ( 'NONE', #1276, #46 ) ;
#794 = DIRECTION ( 'NONE',  ( -1.000000000000000000, -0.000000000000000000, -0.000000000000000000 ) ) ;
#795 = CC_DESIGN_DATE_AND_TIME_ASSIGNMENT ( #1396, #660, ( #575 ) ) ;
#796 = LINE ( 'NONE', #175, #435 ) ;
#797 = VECTOR ( 'NONE', #586, 1000.000000000000114 ) ;
#798 = CIRCLE ( 'NONE', #10, 12.00000000000003908 ) ;
#799 = ORIENTED_EDGE ( 'NONE', *, *, #956, .T. ) ;
#800 = LINE ( 'NONE', #1268, #594 ) ;
#801 = EDGE_CURVE ( 'NONE', #858, #979, #670, .T. ) ;
#802 = EDGE_LOOP ( 'NONE', ( #441, #1458, #29 ) ) ;
#803 = DIRECTION ( 'NONE',  ( -1.000000000000000000, 0.000000000000000000, 0.000000000000000000 ) ) ;
#804 = DIRECTION ( 'NONE',  ( -0.000000000000000000, 0.000000000000000000, -1.000000000000000000 ) ) ;
#805 = CARTESIAN_POINT ( 'NONE',  ( 9.561413512059540947E-16, 10.00000000000000000, 0.000000000000000000 ) ) ;
#806 = ORIENTED_EDGE ( 'NONE', *, *, #773, .F. ) ;
#807 = ADVANCED_FACE ( 'NONE', ( #1384 ), #1133, .F. ) ;
#808 = ORIENTED_EDGE ( 'NONE', *, *, #1291, .T. ) ;
#809 = DIRECTION ( 'NONE',  ( 0.000000000000000000, 0.000000000000000000, 1.000000000000000000 ) ) ;
#810 = ORIENTED_EDGE ( 'NONE', *, *, #1094, .T. ) ;
#811 = CYLINDRICAL_SURFACE ( 'NONE', #1114, 1.500000000000001332 ) ;
#812 = DIRECTION ( 'NONE',  ( -0.000000000000000000, -1.000000000000000000, -0.000000000000000000 ) ) ;
#813 = DIRECTION ( 'NONE',  ( 0.000000000000000000, 0.000000000000000000, -1.000000000000000000 ) ) ;
#814 = ORIENTED_EDGE ( 'NONE', *, *, #1310, .T. ) ;
#815 = ORIENTED_EDGE ( 'NONE', *, *, #237, .F. ) ;
#816 = FACE_OUTER_BOUND ( 'NONE', #1438, .T. ) ;
#817 = AXIS2_PLACEMENT_3D ( 'NONE', #1323, #1462, #1577 ) ;
#818 = EDGE_CURVE ( 'NONE', #371, #1209, #1281, .T. ) ;
#819 = VECTOR ( 'NONE', #1490, 1000.000000000000114 ) ;
#820 = VERTEX_POINT ( 'NONE', #415 ) ;
#821 = DIRECTION ( 'NONE',  ( -1.349229370204183433E-16, -0.000000000000000000, -1.000000000000000000 ) ) ;
#822 = ADVANCED_FACE ( 'NONE', ( #1162, #431 ), #1414, .T. ) ;
#823 = LINE ( 'NONE', #189, #828 ) ;
#824 = ORIENTED_EDGE ( 'NONE', *, *, #1064, .T. ) ;
#825 = ORIENTED_EDGE ( 'NONE', *, *, #1174, .T. ) ;
#826 = VECTOR ( 'NONE', #619, 1000.000000000000000 ) ;
#827 = DIRECTION ( 'NONE',  ( 0.000000000000000000, -1.000000000000000000, 0.000000000000000000 ) ) ;
#828 = VECTOR ( 'NONE', #935, 1000.000000000000000 ) ;
#829 = AXIS2_PLACEMENT_3D ( 'NONE', #1444, #203, #194 ) ;
#830 = EDGE_LOOP ( 'NONE', ( #583, #7, #1203, #401, #814 ) ) ;
#831 = ADVANCED_FACE ( 'NONE', ( #153 ), #1272, .F. ) ;
#832 = CARTESIAN_POINT ( 'NONE',  ( -90.00000000000001421, 215.0000000000000284, 10.82999999999999829 ) ) ;
#833 = LINE ( 'NONE', #1069, #1292 ) ;
#834 = DIRECTION ( 'NONE',  ( 1.000000000000000000, 0.000000000000000000, 0.000000000000000000 ) ) ;
#835 = ORIENTED_EDGE ( 'NONE', *, *, #755, .T. ) ;
#836 = ORIENTED_EDGE ( 'NONE', *, *, #39, .F. ) ;
#837 = CARTESIAN_POINT ( 'NONE',  ( 0.000000000000000000, 0.000000000000000000, -18.50000000000000000 ) ) ;
#838 = ORIENTED_EDGE ( 'NONE', *, *, #526, .T. ) ;
#839 = DIRECTION ( 'NONE',  ( -0.7071067811865474617, -8.659560562354932858E-17, 0.7071067811865474617 ) ) ;
#840 = CARTESIAN_POINT ( 'NONE',  ( -70.00000000000000000, 270.0000000000000000, -12.32999999999999829 ) ) ;
#841 = ADVANCED_FACE ( 'NONE', ( #284, #1029 ), #769, .T. ) ;
#842 = CARTESIAN_POINT ( 'NONE',  ( -25.00000000000001066, 250.0000000000000000, -18.50000000000000000 ) ) ;
#843 = VERTEX_POINT ( 'NONE', #1267 ) ;
#844 = LINE ( 'NONE', #724, #1232 ) ;
#845 = EDGE_CURVE ( 'NONE', #246, #436, #789, .T. ) ;
#846 = CIRCLE ( 'NONE', #1513, 2.749999999999996447 ) ;
#847 = VECTOR ( 'NONE', #1369, 1000.000000000000000 ) ;
#848 = PLANE ( 'NONE',  #817 ) ;
#849 = CARTESIAN_POINT ( 'NONE',  ( -90.00000000000001421, 270.0000000000000000, -10.82999999999999829 ) ) ;
#850 = ORIENTED_EDGE ( 'NONE', *, *, #908, .F. ) ;
#851 = ORIENTED_EDGE ( 'NONE', *, *, #26, .T. ) ;
#852 = DIRECTION ( 'NONE',  ( 1.000000000000000000, -0.000000000000000000, -0.000000000000000000 ) ) ;
#853 = VECTOR ( 'NONE', #337, 1000.000000000000000 ) ;
#854 = DIRECTION ( 'NONE',  ( -0.000000000000000000, 1.000000000000000000, -0.000000000000000000 ) ) ;
#855 = CARTESIAN_POINT ( 'NONE',  ( -30.00000000000000000, 10.00000000000000000, 2.749999999999996447 ) ) ;
#856 = DIRECTION ( 'NONE',  ( 0.000000000000000000, 0.000000000000000000, -1.000000000000000000 ) ) ;
#857 = ORIENTED_EDGE ( 'NONE', *, *, #488, .T. ) ;
#858 = VERTEX_POINT ( 'NONE', #1153 ) ;
#859 = LINE ( 'NONE', #875, #847 ) ;
#860 = EDGE_CURVE ( 'NONE', #74, #221, #163, .T. ) ;
#861 = CARTESIAN_POINT ( 'NONE',  ( -40.00000000000002132, 212.0000000000000568, -18.50000000000000000 ) ) ;
#862 = CARTESIAN_POINT ( 'NONE',  ( 9.561413512059540947E-16, 10.00000000000000000, 6.119999999999995666 ) ) ;
#863 = ORIENTED_EDGE ( 'NONE', *, *, #341, .T. ) ;
#864 = EDGE_LOOP ( 'NONE', ( #609, #400, #329, #40 ) ) ;
#865 = CARTESIAN_POINT ( 'NONE',  ( -90.00000000000001421, 215.0000000000000284, -13.83000000000000007 ) ) ;
#866 = ADVANCED_FACE ( 'NONE', ( #1015 ), #1510, .F. ) ;
#867 = ADVANCED_FACE ( 'NONE', ( #1146 ), #77, .T. ) ;
#868 = CARTESIAN_POINT ( 'NONE',  ( -90.00000000000001421, 273.0000000000000000, -18.50000000000000000 ) ) ;
#869 = AXIS2_PLACEMENT_3D ( 'NONE', #300, #554, #1504 ) ;
#870 = AXIS2_PLACEMENT_3D ( 'NONE', #617, #1356, #1484 ) ;
#871 = EDGE_CURVE ( 'NONE', #492, #393, #286, .T. ) ;
#872 = LINE ( 'NONE', #743, #444 ) ;
#873 = VERTEX_POINT ( 'NONE', #927 ) ;
#874 = ORIENTED_EDGE ( 'NONE', *, *, #1410, .F. ) ;
#875 = CARTESIAN_POINT ( 'NONE',  ( -2.000000000000001332, -6.679891631712842063E-17, -18.50000000000000000 ) ) ;
#876 = CC_DESIGN_APPROVAL ( #15, ( #417 ) ) ;
#877 = EDGE_CURVE ( 'NONE', #458, #1154, #1102, .T. ) ;
#878 = EDGE_CURVE ( 'NONE', #1245, #1302, #1536, .T. ) ;
#879 = CIRCLE ( 'NONE', #1317, 10.00000000000000178 ) ;
#880 = LINE ( 'NONE', #661, #1372 ) ;
#881 = VERTEX_POINT ( 'NONE', #449 ) ;
#882 = VECTOR ( 'NONE', #577, 1000.000000000000000 ) ;
#883 = ORIENTED_EDGE ( 'NONE', *, *, #1343, .T. ) ;
#884 = DIRECTION ( 'NONE',  ( 0.000000000000000000, 0.000000000000000000, -1.000000000000000000 ) ) ;
#885 = CARTESIAN_POINT ( 'NONE',  ( -8.349864539641047315E-15, 250.0000000000000000, -16.49999999999999645 ) ) ;
#886 = PERSON_AND_ORGANIZATION ( #424, #778 ) ;
#887 = DIRECTION ( 'NONE',  ( -0.000000000000000000, 1.000000000000000000, -0.000000000000000000 ) ) ;
#888 = EDGE_LOOP ( 'NONE', ( #1582, #1047 ) ) ;
#889 = EDGE_CURVE ( 'NONE', #1175, #680, #1469, .T. ) ;
#890 = PLANE ( 'NONE',  #929 ) ;
#891 = CARTESIAN_POINT ( 'NONE',  ( -60.00000000000001421, 242.5000000000000000, 18.50100000000000122 ) ) ;
#892 = LINE ( 'NONE', #42, #997 ) ;
#893 = EDGE_CURVE ( 'NONE', #776, #650, #1196, .T. ) ;
#894 = CALENDAR_DATE ( 2026, 25, 7 ) ;
#895 = VECTOR ( 'NONE', #323, 1000.000000000000114 ) ;
#896 = CARTESIAN_POINT ( 'NONE',  ( -70.00000000000000000, 215.0000000000000284, -12.32999999999999829 ) ) ;
#897 = AXIS2_PLACEMENT_3D ( 'NONE', #1259, #305, #788 ) ;
#898 = EDGE_LOOP ( 'NONE', ( #502, #208, #953 ) ) ;
#899 = DIRECTION ( 'NONE',  ( 1.000000000000000000, -0.000000000000000000, -0.000000000000000000 ) ) ;
#900 = DIRECTION ( 'NONE',  ( 1.000000000000000000, -0.000000000000000000, -0.000000000000000000 ) ) ;
#901 = PERSON_AND_ORGANIZATION_ROLE ( 'classification_officer' ) ;
#902 = LOCAL_TIME ( 3, 32, 0.000000000000000000, #297 ) ;
#903 = LINE ( 'NONE', #1020, #750 ) ;
#904 = ORIENTED_EDGE ( 'NONE', *, *, #26, .F. ) ;
#905 = DIRECTION ( 'NONE',  ( 1.000000000000000000, 0.000000000000000000, 0.000000000000000000 ) ) ;
#906 = VECTOR ( 'NONE', #62, 1000.000000000000000 ) ;
#907 = CARTESIAN_POINT ( 'NONE',  ( 0.000000000000000000, 0.000000000000000000, 18.50000000000000000 ) ) ;
#908 = EDGE_CURVE ( 'NONE', #169, #574, #694, .T. ) ;
#909 = DATE_AND_TIME ( #421, #926 ) ;
#910 = DIRECTION ( 'NONE',  ( -1.000000000000000000, -0.000000000000000000, -0.000000000000000000 ) ) ;
#911 = CARTESIAN_POINT ( 'NONE',  ( -40.00000000000002132, 200.0000000000000000, -18.50000000000000000 ) ) ;
#912 = EDGE_LOOP ( 'NONE', ( #932, #1157, #1533, #1497 ) ) ;
#913 = CARTESIAN_POINT ( 'NONE',  ( -3.579999999999999183, 10.00000000000000000, -2.749999999999999112 ) ) ;
#914 = PRODUCT_RELATED_PRODUCT_CATEGORY ( 'detail', '', ( #331 ) ) ;
#915 = ORIENTED_EDGE ( 'NONE', *, *, #190, .T. ) ;
#916 = FACE_OUTER_BOUND ( 'NONE', #475, .T. ) ;
#917 = AXIS2_PLACEMENT_3D ( 'NONE', #397, #1200, #735 ) ;
#918 = EDGE_CURVE ( 'NONE', #1355, #1056, #973, .T. ) ;
#919 = DIRECTION ( 'NONE',  ( 1.156482317317871478E-16, -1.000000000000000000, 0.000000000000000000 ) ) ;
#920 = CIRCLE ( 'NONE', #948, 2.749999999999999112 ) ;
#921 = ORIENTED_EDGE ( 'NONE', *, *, #304, .T. ) ;
#922 = CARTESIAN_POINT ( 'NONE',  ( -60.00000000000001421, 242.5000000000000284, -57.47461030678925908 ) ) ;
#923 = EDGE_LOOP ( 'NONE', ( #616, #1184, #185, #1576 ) ) ;
#924 = CYLINDRICAL_SURFACE ( 'NONE', #201, 14.62500000000000000 ) ;
#925 = FACE_OUTER_BOUND ( 'NONE', #1425, .T. ) ;
#926 = LOCAL_TIME ( 3, 32, 0.000000000000000000, #1493 ) ;
#927 = CARTESIAN_POINT ( 'NONE',  ( -2.000000000000009770, 250.0000000000000000, -18.50000000000000000 ) ) ;
#928 = VERTEX_POINT ( 'NONE', #354 ) ;
#929 = AXIS2_PLACEMENT_3D ( 'NONE', #162, #90, #51 ) ;
#930 = ORIENTED_EDGE ( 'NONE', *, *, #988, .T. ) ;
#931 = CARTESIAN_POINT ( 'NONE',  ( -90.00000000000001421, 212.0000000000000568, -18.50000000000000000 ) ) ;
#932 = ORIENTED_EDGE ( 'NONE', *, *, #878, .F. ) ;
#933 = DIRECTION ( 'NONE',  ( -1.000000000000000000, -0.000000000000000000, -0.000000000000000000 ) ) ;
#934 = DIRECTION ( 'NONE',  ( 1.000000000000000000, -0.000000000000000000, -0.000000000000000000 ) ) ;
#935 = DIRECTION ( 'NONE',  ( 0.000000000000000000, 0.000000000000000000, 1.000000000000000000 ) ) ;
#936 = EDGE_CURVE ( 'NONE', #351, #1022, #207, .T. ) ;
#937 = EDGE_LOOP ( 'NONE', ( #30, #1098 ) ) ;
#938 = ORIENTED_EDGE ( 'NONE', *, *, #512, .F. ) ;
#939 = LINE ( 'NONE', #1541, #1179 ) ;
#940 = EDGE_CURVE ( 'NONE', #1221, #1334, #625, .T. ) ;
#941 = VERTEX_POINT ( 'NONE', #91 ) ;
#942 = LINE ( 'NONE', #336, #957 ) ;
#943 = CARTESIAN_POINT ( 'NONE',  ( -70.00000000000000000, 215.0000000000000284, 12.32999999999999829 ) ) ;
#944 = ORIENTED_EDGE ( 'NONE', *, *, #1322, .T. ) ;
#945 = EDGE_LOOP ( 'NONE', ( #1509, #949 ) ) ;
#946 = FACE_OUTER_BOUND ( 'NONE', #1139, .T. ) ;
#947 = AXIS2_PLACEMENT_3D ( 'NONE', #1527, #900, #1394 ) ;
#948 = AXIS2_PLACEMENT_3D ( 'NONE', #980, #852, #971 ) ;
#949 = ORIENTED_EDGE ( 'NONE', *, *, #35, .F. ) ;
#950 = DIRECTION ( 'NONE',  ( 0.000000000000000000, 0.000000000000000000, 1.000000000000000000 ) ) ;
#951 = FACE_OUTER_BOUND ( 'NONE', #1466, .T. ) ;
#952 = CARTESIAN_POINT ( 'NONE',  ( 9.561413512059544891E-16, 10.00000000000000000, 2.749999999999996447 ) ) ;
#953 = ORIENTED_EDGE ( 'NONE', *, *, #1575, .F. ) ;
#954 = AXIS2_PLACEMENT_3D ( 'NONE', #540, #1402, #302 ) ;
#955 = CARTESIAN_POINT ( 'NONE',  ( -70.00000000000000000, 270.0000000000000000, 13.83000000000000007 ) ) ;
#956 = EDGE_CURVE ( 'NONE', #657, #1022, #1422, .T. ) ;
#957 = VECTOR ( 'NONE', #1201, 1000.000000000000114 ) ;
#958 = ORIENTED_EDGE ( 'NONE', *, *, #1485, .T. ) ;
#959 = CARTESIAN_POINT ( 'NONE',  ( -90.00000000000001421, 275.0000000000000000, -6.165000000000000036 ) ) ;
#960 = LINE ( 'NONE', #1211, #1570 ) ;
#961 = CARTESIAN_POINT ( 'NONE',  ( -90.00000000000001421, 260.0000000000000000, 31.50000000000000000 ) ) ;
#962 = ORIENTED_EDGE ( 'NONE', *, *, #940, .T. ) ;
#963 = DIRECTION ( 'NONE',  ( -1.000000000000000000, -0.000000000000000000, -0.000000000000000000 ) ) ;
#964 = ORIENTED_EDGE ( 'NONE', *, *, #755, .F. ) ;
#965 = DIRECTION ( 'NONE',  ( -1.156482317317871478E-16, 1.000000000000000000, 0.000000000000000000 ) ) ;
#966 = CARTESIAN_POINT ( 'NONE',  ( -30.00000000000002487, 210.0000000000000284, -16.49999999999996803 ) ) ;
#967 = DIRECTION ( 'NONE',  ( -0.000000000000000000, -1.000000000000000000, -0.000000000000000000 ) ) ;
#968 = ORIENTED_EDGE ( 'NONE', *, *, #1216, .F. ) ;
#969 = EDGE_CURVE ( 'NONE', #95, #1335, #1062, .T. ) ;
#970 = ORIENTED_EDGE ( 'NONE', *, *, #1494, .F. ) ;
#971 = DIRECTION ( 'NONE',  ( 0.000000000000000000, 0.000000000000000000, -1.000000000000000000 ) ) ;
#972 = VECTOR ( 'NONE', #1407, 1000.000000000000000 ) ;
#973 = CIRCLE ( 'NONE', #1181, 1.500000000000001332 ) ;
#974 = CARTESIAN_POINT ( 'NONE',  ( -90.00000000000001421, -0.001000000000028755665, 6.165000000000000036 ) ) ;
#975 = CARTESIAN_POINT ( 'NONE',  ( -25.00000000000001066, 250.0000000000000000, -16.49999999999999645 ) ) ;
#976 = DIRECTION ( 'NONE',  ( -1.000000000000000000, 0.000000000000000000, 0.000000000000000000 ) ) ;
#977 = ORIENTED_EDGE ( 'NONE', *, *, #1105, .T. ) ;
#978 = EDGE_CURVE ( 'NONE', #1166, #374, #1180, .T. ) ;
#979 = VERTEX_POINT ( 'NONE', #568 ) ;
#980 = CARTESIAN_POINT ( 'NONE',  ( -3.579999999999999183, 10.00000000000000000, 0.000000000000000000 ) ) ;
#981 = APPROVAL_PERSON_ORGANIZATION ( #391, #15, #167 ) ;
#982 = AXIS2_PLACEMENT_3D ( 'NONE', #614, #1097, #1586 ) ;
#983 = CIRCLE ( 'NONE', #1347, 22.49999999999999289 ) ;
#984 = CARTESIAN_POINT ( 'NONE',  ( -30.00000000000002487, 200.0000000000000000, 16.49999999999996803 ) ) ;
#985 = DIRECTION ( 'NONE',  ( -0.000000000000000000, -0.000000000000000000, -1.000000000000000000 ) ) ;
#986 = FACE_OUTER_BOUND ( 'NONE', #1214, .T. ) ;
#987 = VERTEX_POINT ( 'NONE', #225 ) ;
#988 = EDGE_CURVE ( 'NONE', #593, #1549, #823, .T. ) ;
#989 = ORIENTED_EDGE ( 'NONE', *, *, #141, .T. ) ;
#990 = FACE_OUTER_BOUND ( 'NONE', #1475, .T. ) ;
#991 = EDGE_CURVE ( 'NONE', #700, #227, #1457, .T. ) ;
#992 = CARTESIAN_POINT ( 'NONE',  ( -74.62500000000001421, 242.5000000000000000, 18.50100000000000122 ) ) ;
#993 = LINE ( 'NONE', #491, #86 ) ;
#994 = VERTEX_POINT ( 'NONE', #1053 ) ;
#995 = EDGE_LOOP ( 'NONE', ( #836, #600, #219, #1041 ) ) ;
#996 = FACE_OUTER_BOUND ( 'NONE', #995, .T. ) ;
#997 = VECTOR ( 'NONE', #287, 1000.000000000000000 ) ;
#998 = SHAPE_DEFINITION_REPRESENTATION ( #686, #138 ) ;
#999 = CYLINDRICAL_SURFACE ( 'NONE', #369, 10.00000000000000178 ) ;
#1000 = ORIENTED_EDGE ( 'NONE', *, *, #224, .F. ) ;
#1001 = LINE ( 'NONE', #644, #1318 ) ;
#1002 = CARTESIAN_POINT ( 'NONE',  ( -90.00000000000001421, 275.0000000000000000, 16.49999999999999645 ) ) ;
#1003 = ADVANCED_FACE ( 'NONE', ( #456 ), #544, .F. ) ;
#1004 = AXIS2_PLACEMENT_3D ( 'NONE', #1080, #1571, #1186 ) ;
#1005 = FACE_OUTER_BOUND ( 'NONE', #510, .T. ) ;
#1006 = ORIENTED_EDGE ( 'NONE', *, *, #36, .T. ) ;
#1007 = AXIS2_PLACEMENT_3D ( 'NONE', #1427, #934, #1052 ) ;
#1008 = EDGE_CURVE ( 'NONE', #1355, #460, #1315, .T. ) ;
#1009 = FACE_OUTER_BOUND ( 'NONE', #1573, .T. ) ;
#1010 = DIRECTION ( 'NONE',  ( -1.000000000000000000, 0.000000000000000000, -0.000000000000000000 ) ) ;
#1011 = LINE ( 'NONE', #366, #75 ) ;
#1012 = PERSON_AND_ORGANIZATION ( #424, #778 ) ;
#1013 = CARTESIAN_POINT ( 'NONE',  ( -45.37500000000001421, 242.5000000000000000, -6.164999999999994706 ) ) ;
#1014 = EDGE_LOOP ( 'NONE', ( #1482, #721, #695, #1440 ) ) ;
#1015 = FACE_OUTER_BOUND ( 'NONE', #1237, .T. ) ;
#1016 = MANIFOLD_SOLID_BREP ( '\X2\00d8\X0\3.0mm Dowel Hole1', #547 ) ;
#1017 = DIRECTION ( 'NONE',  ( -1.000000000000000000, -0.000000000000000000, -0.000000000000000000 ) ) ;
#1018 = COORDINATED_UNIVERSAL_TIME_OFFSET ( 5, 30, .AHEAD. ) ;
#1019 = AXIS2_PLACEMENT_3D ( 'NONE', #922, #55, #1534 ) ;
#1020 = CARTESIAN_POINT ( 'NONE',  ( -45.00000000000001421, 210.0000000000000284, 6.164999999999994706 ) ) ;
#1021 = AXIS2_PLACEMENT_3D ( 'NONE', #1125, #1468, #1231 ) ;
#1022 = VERTEX_POINT ( 'NONE', #474 ) ;
#1023 = DIRECTION ( 'NONE',  ( 1.349229370204183433E-16, 0.000000000000000000, 1.000000000000000000 ) ) ;
#1024 = EDGE_CURVE ( 'NONE', #1467, #1209, #217, .T. ) ;
#1025 = DIRECTION ( 'NONE',  ( 0.000000000000000000, 0.000000000000000000, 1.000000000000000000 ) ) ;
#1026 = APPLICATION_PROTOCOL_DEFINITION ( 'international standard', 'config_control_design', 1994, #767 ) ;
#1027 = CONICAL_SURFACE ( 'NONE', #1520, 1.500000000000001332, 1.029744258676655200 ) ;
#1028 = CARTESIAN_POINT ( 'NONE',  ( -90.00000000000001421, 270.0000000000000000, -12.32999999999999829 ) ) ;
#1029 = FACE_OUTER_BOUND ( 'NONE', #1031, .T. ) ;
#1030 = AXIS2_PLACEMENT_3D ( 'NONE', #405, #1138, #38 ) ;
#1031 = EDGE_LOOP ( 'NONE', ( #815, #1124, #863, #457 ) ) ;
#1032 = DIRECTION ( 'NONE',  ( -0.000000000000000000, -0.7071067811865474617, 0.7071067811865474617 ) ) ;
#1033 = ORIENTED_EDGE ( 'NONE', *, *, #1446, .F. ) ;
#1034 = ADVANCED_FACE ( 'NONE', ( #465 ), #679, .T. ) ;
#1035 = DIRECTION ( 'NONE',  ( 1.156482317317871478E-16, -1.000000000000000000, 0.000000000000000000 ) ) ;
#1036 = DIRECTION ( 'NONE',  ( 1.000000000000000000, 0.000000000000000000, 0.000000000000000000 ) ) ;
#1037 = ORIENTED_EDGE ( 'NONE', *, *, #1261, .T. ) ;
#1038 = CARTESIAN_POINT ( 'NONE',  ( -45.00000000000001421, 259.2705098312484324, 6.164999999999988489 ) ) ;
#1039 = EDGE_CURVE ( 'NONE', #1118, #1302, #599, .T. ) ;
#1040 = EDGE_CURVE ( 'NONE', #374, #873, #184, .T. ) ;
#1041 = ORIENTED_EDGE ( 'NONE', *, *, #173, .F. ) ;
#1042 = DIRECTION ( 'NONE',  ( 0.000000000000000000, 0.000000000000000000, 1.000000000000000000 ) ) ;
#1043 = CARTESIAN_POINT ( 'NONE',  ( 0.000000000000000000, 0.000000000000000000, 16.49999999999999645 ) ) ;
#1044 = AXIS2_PLACEMENT_3D ( 'NONE', #330, #476, #102 ) ;
#1045 = DIRECTION ( 'NONE',  ( 0.000000000000000000, 0.7071067811865474617, -0.7071067811865474617 ) ) ;
#1046 = AXIS2_PLACEMENT_3D ( 'NONE', #439, #704, #1070 ) ;
#1047 = ORIENTED_EDGE ( 'NONE', *, *, #1499, .F. ) ;
#1048 = CARTESIAN_POINT ( 'NONE',  ( -90.00000000000001421, 270.0000000000000000, 13.83000000000000007 ) ) ;
#1049 = ORIENTED_EDGE ( 'NONE', *, *, #1105, .F. ) ;
#1050 = EDGE_CURVE ( 'NONE', #1564, #460, #1371, .T. ) ;
#1051 = FACE_OUTER_BOUND ( 'NONE', #581, .T. ) ;
#1052 = DIRECTION ( 'NONE',  ( 0.000000000000000000, 0.000000000000000000, -1.000000000000000000 ) ) ;
#1053 = CARTESIAN_POINT ( 'NONE',  ( -69.09870907145867136, 270.0000000000000000, 12.32999999999999829 ) ) ;
#1054 = EDGE_CURVE ( 'NONE', #1334, #1221, #117, .T. ) ;
#1055 = CONICAL_SURFACE ( 'NONE', #699, 1.500000000000001332, 1.029744258676655200 ) ;
#1056 = VERTEX_POINT ( 'NONE', #1212 ) ;
#1057 = CARTESIAN_POINT ( 'NONE',  ( -90.00000000000001421, 210.0000000000000284, -18.50000000000000000 ) ) ;
#1058 = APPROVAL_PERSON_ORGANIZATION ( #1505, #1364, #639 ) ;
#1059 = ORIENTED_EDGE ( 'NONE', *, *, #5, .T. ) ;
#1060 = DIRECTION ( 'NONE',  ( 0.000000000000000000, 0.000000000000000000, 1.000000000000000000 ) ) ;
#1061 = PLANE ( 'NONE',  #1085 ) ;
#1062 = LINE ( 'NONE', #98, #211 ) ;
#1063 = ORIENTED_EDGE ( 'NONE', *, *, #534, .T. ) ;
#1064 = EDGE_CURVE ( 'NONE', #1076, #252, #993, .T. ) ;
#1065 = ORIENTED_EDGE ( 'NONE', *, *, #183, .T. ) ;
#1066 = DIRECTION ( 'NONE',  ( 0.000000000000000000, 0.000000000000000000, 1.000000000000000000 ) ) ;
#1067 = ORIENTED_EDGE ( 'NONE', *, *, #1156, .T. ) ;
#1068 = CARTESIAN_POINT ( 'NONE',  ( -27.99999999999999289, 200.0000000000000000, 18.50000000000000000 ) ) ;
#1069 = CARTESIAN_POINT ( 'NONE',  ( -13.99999999999998579, -1.714505518806292863E-15, -32.49999999999998579 ) ) ;
#1070 = DIRECTION ( 'NONE',  ( 0.000000000000000000, 0.000000000000000000, 1.000000000000000000 ) ) ;
#1071 = ORIENTED_EDGE ( 'NONE', *, *, #1343, .F. ) ;
#1072 = CC_DESIGN_PERSON_AND_ORGANIZATION_ASSIGNMENT ( #647, #519, ( #84 ) ) ;
#1073 = ORIENTED_EDGE ( 'NONE', *, *, #845, .F. ) ;
#1074 = CARTESIAN_POINT ( 'NONE',  ( -30.00000000000002487, 200.0000000000000000, 16.49999999999996803 ) ) ;
#1075 = VECTOR ( 'NONE', #365, 1000.000000000000000 ) ;
#1076 = VERTEX_POINT ( 'NONE', #1228 ) ;
#1077 = CARTESIAN_POINT ( 'NONE',  ( -45.37500000000001421, 242.5000000000000000, 18.50100000000000122 ) ) ;
#1078 = DIRECTION ( 'NONE',  ( -1.000000000000000000, -0.000000000000000000, -0.000000000000000000 ) ) ;
#1079 = CARTESIAN_POINT ( 'NONE',  ( 9.561413512059544891E-16, 10.00000000000000000, -2.749999999999996447 ) ) ;
#1080 = CARTESIAN_POINT ( 'NONE',  ( -60.00000000000001421, 242.5000000000000000, -6.164999999999996483 ) ) ;
#1081 = ORIENTED_EDGE ( 'NONE', *, *, #656, .F. ) ;
#1082 = CARTESIAN_POINT ( 'NONE',  ( -25.00000000000000711, 275.0000000000000000, 16.49999999999999645 ) ) ;
#1083 = VECTOR ( 'NONE', #266, 1000.000000000000114 ) ;
#1084 = VECTOR ( 'NONE', #887, 1000.000000000000000 ) ;
#1085 = AXIS2_PLACEMENT_3D ( 'NONE', #438, #97, #1420 ) ;
#1086 = EDGE_LOOP ( 'NONE', ( #1567, #1299, #713, #1502, #307, #1063 ) ) ;
#1087 = DIRECTION ( 'NONE',  ( 1.000000000000000000, 1.224646799147353207E-16, -0.000000000000000000 ) ) ;
#1088 = FACE_OUTER_BOUND ( 'NONE', #1250, .T. ) ;
#1089 = EDGE_CURVE ( 'NONE', #1467, #928, #343, .T. ) ;
#1090 = LINE ( 'NONE', #1353, #1137 ) ;
#1091 = ORIENTED_EDGE ( 'NONE', *, *, #1151, .T. ) ;
#1092 = ORIENTED_EDGE ( 'NONE', *, *, #1280, .F. ) ;
#1093 = CARTESIAN_POINT ( 'NONE',  ( -90.00000000000001421, 275.0000000000000000, 6.165000000000000036 ) ) ;
#1094 = EDGE_CURVE ( 'NONE', #549, #406, #1478, .T. ) ;
#1095 = CARTESIAN_POINT ( 'NONE',  ( -90.00000000000001421, 215.0000000000000284, 12.32999999999999829 ) ) ;
#1096 =( LENGTH_UNIT ( ) NAMED_UNIT ( * ) SI_UNIT ( .MILLI., .METRE. ) );
#1097 = DIRECTION ( 'NONE',  ( 0.000000000000000000, 1.000000000000000000, 0.000000000000000000 ) ) ;
#1098 = ORIENTED_EDGE ( 'NONE', *, *, #706, .F. ) ;
#1099 = ORIENTED_EDGE ( 'NONE', *, *, #372, .F. ) ;
#1100 = CARTESIAN_POINT ( 'NONE',  ( -90.00000000000001421, 215.0000000000000284, 10.82999999999999829 ) ) ;
#1101 = AXIS2_PLACEMENT_3D ( 'NONE', #1095, #113, #358 ) ;
#1102 = CIRCLE ( 'NONE', #1337, 6.119999999999995666 ) ;
#1103 = LINE ( 'NONE', #984, #1362 ) ;
#1104 = DIRECTION ( 'NONE',  ( 1.000000000000000000, 0.000000000000000000, -1.156482317317871725E-16 ) ) ;
#1105 = EDGE_CURVE ( 'NONE', #843, #1154, #370, .T. ) ;
#1106 = DIRECTION ( 'NONE',  ( -1.349229370204183433E-16, -0.000000000000000000, -1.000000000000000000 ) ) ;
#1107 = ORIENTED_EDGE ( 'NONE', *, *, #376, .F. ) ;
#1108 = EDGE_LOOP ( 'NONE', ( #469, #426 ) ) ;
#1109 = CARTESIAN_POINT ( 'NONE',  ( -70.00000000000000000, 270.0000000000000000, 10.82999999999999829 ) ) ;
#1110 = EDGE_CURVE ( 'NONE', #1360, #881, #57, .T. ) ;
#1111 = CIRCLE ( 'NONE', #697, 1.500000000000001332 ) ;
#1112 = VECTOR ( 'NONE', #1552, 1000.000000000000000 ) ;
#1113 = AXIS2_PLACEMENT_3D ( 'NONE', #1358, #128, #508 ) ;
#1114 = AXIS2_PLACEMENT_3D ( 'NONE', #566, #933, #1060 ) ;
#1115 = DIRECTION ( 'NONE',  ( -1.000000000000000000, -0.000000000000000000, -0.000000000000000000 ) ) ;
#1116 = DIRECTION ( 'NONE',  ( 0.7071067811865474617, 0.000000000000000000, 0.7071067811865474617 ) ) ;
#1117 = ORIENTED_EDGE ( 'NONE', *, *, #125, .F. ) ;
#1118 = VERTEX_POINT ( 'NONE', #607 ) ;
#1119 = DIRECTION ( 'NONE',  ( 0.000000000000000000, 0.000000000000000000, 1.000000000000000000 ) ) ;
#1120 = ADVANCED_FACE ( 'NONE', ( #1235 ), #20, .F. ) ;
#1121 = PERSON_AND_ORGANIZATION_ROLE ( 'creator' ) ;
#1122 = CARTESIAN_POINT ( 'NONE',  ( -60.00000000000001421, 242.5000000000000284, 6.164999999999990266 ) ) ;
#1123 = EDGE_LOOP ( 'NONE', ( #808, #1081, #636, #806 ) ) ;
#1124 = ORIENTED_EDGE ( 'NONE', *, *, #860, .T. ) ;
#1125 = CARTESIAN_POINT ( 'NONE',  ( -25.00000000000001066, 250.0000000000000000, 18.50000000000000000 ) ) ;
#1126 = CC_DESIGN_PERSON_AND_ORGANIZATION_ASSIGNMENT ( #1012, #1128, ( #84 ) ) ;
#1127 = AXIS2_PLACEMENT_3D ( 'NONE', #157, #1568, #352 ) ;
#1128 = PERSON_AND_ORGANIZATION_ROLE ( 'creator' ) ;
#1129 = ADVANCED_FACE ( 'NONE', ( #986 ), #999, .F. ) ;
#1130 = DIRECTION ( 'NONE',  ( -1.000000000000000000, -0.000000000000000000, -0.000000000000000000 ) ) ;
#1131 = ORIENTED_EDGE ( 'NONE', *, *, #1254, .F. ) ;
#1132 = DIRECTION ( 'NONE',  ( 0.7071067811865474617, 8.659560562354932858E-17, 0.7071067811865474617 ) ) ;
#1133 = PLANE ( 'NONE',  #766 ) ;
#1134 = LINE ( 'NONE', #33, #715 ) ;
#1135 = AXIS2_PLACEMENT_3D ( 'NONE', #1365, #265, #1104 ) ;
#1136 = AXIS2_PLACEMENT_3D ( 'NONE', #1312, #61, #576 ) ;
#1137 = VECTOR ( 'NONE', #378, 1000.000000000000114 ) ;
#1138 = DIRECTION ( 'NONE',  ( -0.000000000000000000, -0.000000000000000000, -1.000000000000000000 ) ) ;
#1139 = EDGE_LOOP ( 'NONE', ( #1000, #674, #629, #325 ) ) ;
#1140 = DIRECTION ( 'NONE',  ( -0.000000000000000000, -0.000000000000000000, -1.000000000000000000 ) ) ;
#1141 = DIRECTION ( 'NONE',  ( -1.000000000000000000, 0.000000000000000000, -0.000000000000000000 ) ) ;
#1142 = APPROVAL_STATUS ( 'not_yet_approved' ) ;
#1143 = EDGE_CURVE ( 'NONE', #535, #129, #501, .T. ) ;
#1144 = FACE_OUTER_BOUND ( 'NONE', #1540, .T. ) ;
#1145 = ORIENTED_EDGE ( 'NONE', *, *, #134, .T. ) ;
#1146 = FACE_OUTER_BOUND ( 'NONE', #151, .T. ) ;
#1147 = DIRECTION ( 'NONE',  ( 0.000000000000000000, 0.000000000000000000, 1.000000000000000000 ) ) ;
#1148 = PERSON_AND_ORGANIZATION ( #424, #778 ) ;
#1149 = AXIS2_PLACEMENT_3D ( 'NONE', #1198, #1548, #1329 ) ;
#1150 = DIRECTION ( 'NONE',  ( -1.000000000000000000, -0.000000000000000000, -0.000000000000000000 ) ) ;
#1151 = EDGE_CURVE ( 'NONE', #1549, #979, #1090, .T. ) ;
#1152 = VECTOR ( 'NONE', #1036, 1000.000000000000000 ) ;
#1153 = CARTESIAN_POINT ( 'NONE',  ( -90.00000000000001421, 212.0000000000000568, 18.50000000000000000 ) ) ;
#1154 = VERTEX_POINT ( 'NONE', #862 ) ;
#1155 = LINE ( 'NONE', #791, #1387 ) ;
#1156 = EDGE_CURVE ( 'NONE', #406, #1222, #872, .T. ) ;
#1157 = ORIENTED_EDGE ( 'NONE', *, *, #1269, .T. ) ;
#1158 = LOCAL_TIME ( 3, 32, 0.000000000000000000, #531 ) ;
#1159 = CARTESIAN_POINT ( 'NONE',  ( -45.00000000000001421, 210.0000000000000284, -6.164999999999994706 ) ) ;
#1160 = DIRECTION ( 'NONE',  ( 0.000000000000000000, 0.7071067811865474617, -0.7071067811865474617 ) ) ;
#1161 = DIRECTION ( 'NONE',  ( 0.000000000000000000, 0.000000000000000000, 1.000000000000000000 ) ) ;
#1162 = FACE_BOUND ( 'NONE', #888, .T. ) ;
#1163 = CIRCLE ( 'NONE', #1572, 22.49999999999999289 ) ;
#1164 = EDGE_CURVE ( 'NONE', #1517, #556, #1580, .T. ) ;
#1165 = EDGE_CURVE ( 'NONE', #535, #1549, #879, .T. ) ;
#1166 = VERTEX_POINT ( 'NONE', #481 ) ;
#1167 = CARTESIAN_POINT ( 'NONE',  ( -90.00000000000001421, 210.0000000000000284, -18.50000000000000000 ) ) ;
#1168 = ORIENTED_EDGE ( 'NONE', *, *, #440, .F. ) ;
#1169 = PLANE ( 'NONE',  #829 ) ;
#1170 = CARTESIAN_POINT ( 'NONE',  ( -40.00000000000002132, 200.0000000000000000, 18.50000000000000000 ) ) ;
#1171 = CARTESIAN_POINT ( 'NONE',  ( -25.00000000000001066, 250.0000000000000000, -18.50000000000000000 ) ) ;
#1172 = ORIENTED_EDGE ( 'NONE', *, *, #1089, .F. ) ;
#1173 = CARTESIAN_POINT ( 'NONE',  ( -70.00000000000000000, 215.0000000000000284, -12.32999999999999829 ) ) ;
#1174 = EDGE_CURVE ( 'NONE', #1302, #1175, #362, .T. ) ;
#1175 = VERTEX_POINT ( 'NONE', #1474 ) ;
#1176 = DIRECTION ( 'NONE',  ( -0.000000000000000000, -0.000000000000000000, -1.000000000000000000 ) ) ;
#1177 = CARTESIAN_POINT ( 'NONE',  ( -27.99999999999999289, 200.0000000000000000, -18.50000000000000000 ) ) ;
#1178 = ADVANCED_FACE ( 'NONE', ( #251 ), #731, .T. ) ;
#1179 = VECTOR ( 'NONE', #963, 1000.000000000000000 ) ;
#1180 = LINE ( 'NONE', #79, #797 ) ;
#1181 = AXIS2_PLACEMENT_3D ( 'NONE', #1546, #328, #1306 ) ;
#1182 = ORIENTED_EDGE ( 'NONE', *, *, #1008, .T. ) ;
#1183 = DIRECTION ( 'NONE',  ( -1.000000000000000000, -1.156482317317871478E-16, 0.000000000000000000 ) ) ;
#1184 = ORIENTED_EDGE ( 'NONE', *, *, #1322, .F. ) ;
#1185 = DIRECTION ( 'NONE',  ( 0.000000000000000000, 0.000000000000000000, 1.000000000000000000 ) ) ;
#1186 = DIRECTION ( 'NONE',  ( -1.000000000000000000, 0.000000000000000000, -1.186135710069611665E-16 ) ) ;
#1187 = ORIENTED_EDGE ( 'NONE', *, *, #382, .F. ) ;
#1188 = AXIS2_PLACEMENT_3D ( 'NONE', #896, #1500, #43 ) ;
#1189 = ORIENTED_EDGE ( 'NONE', *, *, #969, .F. ) ;
#1190 = DIRECTION ( 'NONE',  ( 0.000000000000000000, 0.000000000000000000, -1.000000000000000000 ) ) ;
#1191 = AXIS2_PLACEMENT_3D ( 'NONE', #966, #1357, #742 ) ;
#1192 = ORIENTED_EDGE ( 'NONE', *, *, #878, .T. ) ;
#1193 = DIRECTION ( 'NONE',  ( 1.000000000000000000, -0.000000000000000000, -0.000000000000000000 ) ) ;
#1194 = DIRECTION ( 'NONE',  ( -1.000000000000000000, 0.000000000000000000, 0.000000000000000000 ) ) ;
#1195 = CC_DESIGN_PERSON_AND_ORGANIZATION_ASSIGNMENT ( #1388, #1121, ( #417 ) ) ;
#1196 = LINE ( 'NONE', #961, #361 ) ;
#1197 = ORIENTED_EDGE ( 'NONE', *, *, #36, .F. ) ;
#1198 = CARTESIAN_POINT ( 'NONE',  ( -45.00000000000001421, -0.001000000000028755665, 6.164999999999994706 ) ) ;
#1199 = ORIENTED_EDGE ( 'NONE', *, *, #1545, .T. ) ;
#1200 = DIRECTION ( 'NONE',  ( 1.349229370204183433E-16, 0.000000000000000000, -1.000000000000000000 ) ) ;
#1201 = DIRECTION ( 'NONE',  ( -0.7071067811865474617, 0.000000000000000000, 0.7071067811865474617 ) ) ;
#1202 = CARTESIAN_POINT ( 'NONE',  ( -90.00000000000001421, 270.0000000000000000, 13.83000000000000007 ) ) ;
#1203 = ORIENTED_EDGE ( 'NONE', *, *, #1385, .T. ) ;
#1204 = CIRCLE ( 'NONE', #106, 1.500000000000001332 ) ;
#1205 = EDGE_LOOP ( 'NONE', ( #1073, #394, #521, #1092 ) ) ;
#1206 = CARTESIAN_POINT ( 'NONE',  ( -45.00000000000001421, 275.0000000000000000, -6.164999999999994706 ) ) ;
#1207 = AXIS2_PLACEMENT_3D ( 'NONE', #407, #170, #658 ) ;
#1208 = EDGE_CURVE ( 'NONE', #549, #351, #289, .T. ) ;
#1209 = VERTEX_POINT ( 'NONE', #413 ) ;
#1210 = CYLINDRICAL_SURFACE ( 'NONE', #1101, 1.500000000000001332 ) ;
#1211 = CARTESIAN_POINT ( 'NONE',  ( -45.00000000000001421, 210.0000000000000284, 6.164999999999994706 ) ) ;
#1212 = CARTESIAN_POINT ( 'NONE',  ( -70.00000000000000000, 270.0000000000000000, 10.82999999999999829 ) ) ;
#1213 = ORIENTED_EDGE ( 'NONE', *, *, #1110, .T. ) ;
#1214 = EDGE_LOOP ( 'NONE', ( #306, #1391, #380, #944 ) ) ;
#1215 = CARTESIAN_POINT ( 'NONE',  ( -70.00000000000000000, 215.0000000000000284, 12.32999999999999829 ) ) ;
#1216 = EDGE_CURVE ( 'NONE', #101, #528, #34, .T. ) ;
#1217 = AXIS2_PLACEMENT_3D ( 'NONE', #233, #1481, #115 ) ;
#1218 = CARTESIAN_POINT ( 'NONE',  ( 0.000000000000000000, 212.0000000000000568, -18.50000000000000000 ) ) ;
#1219 = LINE ( 'NONE', #992, #442 ) ;
#1220 = DIRECTION ( 'NONE',  ( -1.349229370204183433E-16, -0.000000000000000000, 1.000000000000000000 ) ) ;
#1221 = VERTEX_POINT ( 'NONE', #1013 ) ;
#1222 = VERTEX_POINT ( 'NONE', #1399 ) ;
#1223 = DIRECTION ( 'NONE',  ( -1.000000000000000000, -0.000000000000000000, -0.000000000000000000 ) ) ;
#1224 = ADVANCED_FACE ( 'NONE', ( #1005 ), #532, .F. ) ;
#1225 = CARTESIAN_POINT ( 'NONE',  ( -37.50000000000002132, 242.5000000000000284, 6.164999999999987601 ) ) ;
#1226 = CARTESIAN_POINT ( 'NONE',  ( -40.00000000000002132, 212.0000000000000568, -18.50000000000000000 ) ) ;
#1227 = EDGE_CURVE ( 'NONE', #1308, #753, #903, .T. ) ;
#1228 = CARTESIAN_POINT ( 'NONE',  ( -90.00000000000001421, 275.0000000000000000, -16.49999999999999645 ) ) ;
#1229 = ORIENTED_EDGE ( 'NONE', *, *, #918, .F. ) ;
#1230 = ORIENTED_EDGE ( 'NONE', *, *, #506, .F. ) ;
#1231 = DIRECTION ( 'NONE',  ( -1.000000000000000000, 0.000000000000000000, 0.000000000000000000 ) ) ;
#1232 = VECTOR ( 'NONE', #209, 1000.000000000000000 ) ;
#1233 = VECTOR ( 'NONE', #536, 1000.000000000000000 ) ;
#1234 = CARTESIAN_POINT ( 'NONE',  ( -40.00000000000002132, 200.0000000000000000, 18.50000000000000000 ) ) ;
#1235 = FACE_OUTER_BOUND ( 'NONE', #709, .T. ) ;
#1236 = EDGE_LOOP ( 'NONE', ( #1433, #989, #1192 ) ) ;
#1237 = EDGE_LOOP ( 'NONE', ( #857, #516, #509, #1197 ) ) ;
#1238 = LINE ( 'NONE', #17, #620 ) ;
#1239 = AXIS2_PLACEMENT_3D ( 'NONE', #486, #1115, #480 ) ;
#1240 = VECTOR ( 'NONE', #1561, 1000.000000000000000 ) ;
#1241 = CARTESIAN_POINT ( 'NONE',  ( -9.184850993605153466E-15, 275.0000000000000000, -16.49999999999999645 ) ) ;
#1242 = DIRECTION ( 'NONE',  ( -1.000000000000000000, 0.000000000000000000, -1.186135710069611665E-16 ) ) ;
#1243 = ORIENTED_EDGE ( 'NONE', *, *, #372, .T. ) ;
#1244 = EDGE_CURVE ( 'NONE', #1257, #1374, #392, .T. ) ;
#1245 = VERTEX_POINT ( 'NONE', #527 ) ;
#1246 = CARTESIAN_POINT ( 'NONE',  ( -45.00000000000001421, 210.0000000000000284, -6.164999999999994706 ) ) ;
#1247 = DATE_AND_TIME ( #1274, #1158 ) ;
#1248 = CARTESIAN_POINT ( 'NONE',  ( -60.00000000000001421, 242.5000000000000284, 18.50000000000000000 ) ) ;
#1249 = EDGE_LOOP ( 'NONE', ( #1328, #1131, #262, #915, #799, #1558, #357 ) ) ;
#1250 = EDGE_LOOP ( 'NONE', ( #103, #676, #792, #71 ) ) ;
#1251 = FACE_BOUND ( 'NONE', #707, .T. ) ;
#1252 = PLANE ( 'NONE',  #1127 ) ;
#1253 = VECTOR ( 'NONE', #611, 1000.000000000000000 ) ;
#1254 = EDGE_CURVE ( 'NONE', #753, #549, #168, .T. ) ;
#1255 = VECTOR ( 'NONE', #685, 1000.000000000000000 ) ;
#1256 = LINE ( 'NONE', #775, #1348 ) ;
#1257 = VERTEX_POINT ( 'NONE', #1390 ) ;
#1258 = VERTEX_POINT ( 'NONE', #1270 ) ;
#1259 = CARTESIAN_POINT ( 'NONE',  ( -9.184850993605153466E-15, 275.0000000000000000, -18.50000000000000000 ) ) ;
#1260 = DIRECTION ( 'NONE',  ( 0.000000000000000000, 0.000000000000000000, -1.000000000000000000 ) ) ;
#1261 = EDGE_CURVE ( 'NONE', #1549, #313, #1506, .T. ) ;
#1262 = VECTOR ( 'NONE', #1486, 1000.000000000000114 ) ;
#1263 = VECTOR ( 'NONE', #967, 1000.000000000000000 ) ;
#1264 = LINE ( 'NONE', #655, #1523 ) ;
#1265 = CC_DESIGN_APPROVAL ( #1364, ( #84 ) ) ;
#1266 = ORIENTED_EDGE ( 'NONE', *, *, #991, .T. ) ;
#1267 = CARTESIAN_POINT ( 'NONE',  ( -3.579999999999999183, 10.00000000000000000, 6.119999999999995666 ) ) ;
#1268 = CARTESIAN_POINT ( 'NONE',  ( -8.349864539641047315E-15, 250.0000000000000000, -18.50000000000000000 ) ) ;
#1269 = EDGE_CURVE ( 'NONE', #1245, #680, #880, .T. ) ;
#1270 = CARTESIAN_POINT ( 'NONE',  ( -2.000000000000001332, -2.449293598294708386E-16, -18.50000000000000000 ) ) ;
#1271 = ADVANCED_FACE ( 'NONE', ( #1144 ), #49, .F. ) ;
#1272 = CYLINDRICAL_SURFACE ( 'NONE', #1492, 14.62500000000000000 ) ;
#1273 = FACE_BOUND ( 'NONE', #1581, .T. ) ;
#1274 = CALENDAR_DATE ( 2026, 25, 7 ) ;
#1275 = CIRCLE ( 'NONE', #947, 6.119999999999995666 ) ;
#1276 = CARTESIAN_POINT ( 'NONE',  ( -70.00000000000000000, 270.0000000000000000, -13.83000000000000007 ) ) ;
#1277 = VECTOR ( 'NONE', #665, 1000.000000000000114 ) ;
#1278 = LINE ( 'NONE', #179, #906 ) ;
#1279 = EDGE_CURVE ( 'NONE', #987, #528, #1524, .T. ) ;
#1280 = EDGE_CURVE ( 'NONE', #436, #1547, #1256, .T. ) ;
#1281 = CIRCLE ( 'NONE', #1563, 2.749999999999999112 ) ;
#1282 = DIRECTION ( 'NONE',  ( -1.000000000000000000, -0.000000000000000000, -0.000000000000000000 ) ) ;
#1283 = ORIENTED_EDGE ( 'NONE', *, *, #780, .T. ) ;
#1284 = LINE ( 'NONE', #411, #487 ) ;
#1285 = ORIENTED_EDGE ( 'NONE', *, *, #159, .F. ) ;
#1286 = DIRECTION ( 'NONE',  ( -1.000000000000000000, -0.000000000000000000, -0.000000000000000000 ) ) ;
#1287 = DIRECTION ( 'NONE',  ( 3.339945815856419182E-17, -1.000000000000000000, 0.000000000000000000 ) ) ;
#1288 = AXIS2_PLACEMENT_3D ( 'NONE', #144, #621, #259 ) ;
#1289 = ADVANCED_FACE ( 'NONE', ( #160 ), #1055, .F. ) ;
#1290 = DIRECTION ( 'NONE',  ( 1.000000000000000000, -0.000000000000000000, -0.000000000000000000 ) ) ;
#1291 = EDGE_CURVE ( 'NONE', #941, #492, #786, .T. ) ;
#1292 = VECTOR ( 'NONE', #1531, 1000.000000000000114 ) ;
#1293 = ORIENTED_EDGE ( 'NONE', *, *, #613, .F. ) ;
#1294 = CARTESIAN_POINT ( 'NONE',  ( -90.00000000000001421, 192.5000000000000284, -1.000000000000014655 ) ) ;
#1295 = EDGE_CURVE ( 'NONE', #1374, #733, #1278, .T. ) ;
#1296 = ORIENTED_EDGE ( 'NONE', *, *, #382, .T. ) ;
#1297 = CARTESIAN_POINT ( 'NONE',  ( -70.00000000000000000, 270.0000000000000000, 12.32999999999999829 ) ) ;
#1298 = DIRECTION ( 'NONE',  ( -1.156482317317871478E-16, 1.000000000000000000, 0.000000000000000000 ) ) ;
#1299 = ORIENTED_EDGE ( 'NONE', *, *, #422, .T. ) ;
#1300 = VERTEX_POINT ( 'NONE', #551 ) ;
#1301 = CARTESIAN_POINT ( 'NONE',  ( -45.00000000000001421, 225.7294901687515960, 6.164999999999988489 ) ) ;
#1302 = VERTEX_POINT ( 'NONE', #273 ) ;
#1303 = CARTESIAN_POINT ( 'NONE',  ( 0.000000000000000000, 0.000000000000000000, -16.49999999999999645 ) ) ;
#1304 = CARTESIAN_POINT ( 'NONE',  ( -90.00000000000001421, 270.0000000000000000, 12.32999999999999829 ) ) ;
#1305 = VECTOR ( 'NONE', #111, 1000.000000000000000 ) ;
#1306 = DIRECTION ( 'NONE',  ( 0.000000000000000000, 0.000000000000000000, 1.000000000000000000 ) ) ;
#1307 = ORIENTED_EDGE ( 'NONE', *, *, #301, .F. ) ;
#1308 = VERTEX_POINT ( 'NONE', #756 ) ;
#1309 = LINE ( 'NONE', #837, #1305 ) ;
#1310 = EDGE_CURVE ( 'NONE', #574, #1222, #216, .T. ) ;
#1311 = ORIENTED_EDGE ( 'NONE', *, *, #871, .T. ) ;
#1312 = CARTESIAN_POINT ( 'NONE',  ( -90.00000000000001421, 270.0000000000000000, 12.32999999999999829 ) ) ;
#1313 = CARTESIAN_POINT ( 'NONE',  ( -3.579999999999999183, 12.75000000000000000, 0.000000000000000000 ) ) ;
#1314 = CIRCLE ( 'NONE', #1239, 1.500000000000001332 ) ;
#1315 = LINE ( 'NONE', #1202, #1240 ) ;
#1316 = ORIENTED_EDGE ( 'NONE', *, *, #408, .F. ) ;
#1317 = AXIS2_PLACEMENT_3D ( 'NONE', #1465, #13, #1366 ) ;
#1318 = VECTOR ( 'NONE', #1132, 1000.000000000000114 ) ;
#1319 = EDGE_LOOP ( 'NONE', ( #968, #744, #545, #1555 ) ) ;
#1320 = PLANE ( 'NONE',  #663 ) ;
#1321 = ORIENTED_EDGE ( 'NONE', *, *, #1327, .F. ) ;
#1322 = EDGE_CURVE ( 'NONE', #593, #1257, #631, .T. ) ;
#1323 = CARTESIAN_POINT ( 'NONE',  ( -90.00000000000001421, 275.0000000000000000, -16.49999999999999645 ) ) ;
#1324 = PLANE ( 'NONE',  #186 ) ;
#1325 = DIRECTION ( 'NONE',  ( 0.000000000000000000, 0.000000000000000000, 1.000000000000000000 ) ) ;
#1326 = DIRECTION ( 'NONE',  ( -1.000000000000000000, -0.000000000000000000, -0.000000000000000000 ) ) ;
#1327 = EDGE_CURVE ( 'NONE', #1308, #313, #1264, .T. ) ;
#1328 = ORIENTED_EDGE ( 'NONE', *, *, #1094, .F. ) ;
#1329 = DIRECTION ( 'NONE',  ( 1.000000000000000000, 0.000000000000000000, -1.349229370204183433E-16 ) ) ;
#1330 = VERTEX_POINT ( 'NONE', #214 ) ;
#1331 = FACE_OUTER_BOUND ( 'NONE', #1205, .T. ) ;
#1332 = CARTESIAN_POINT ( 'NONE',  ( -90.00000000000001421, 215.0000000000000284, -12.32999999999999829 ) ) ;
#1333 = DIRECTION ( 'NONE',  ( 1.000000000000000000, -0.000000000000000000, -0.000000000000000000 ) ) ;
#1334 = VERTEX_POINT ( 'NONE', #693 ) ;
#1335 = VERTEX_POINT ( 'NONE', #1177 ) ;
#1336 = DIRECTION ( 'NONE',  ( -1.000000000000000000, 0.000000000000000000, -1.349229370204183433E-16 ) ) ;
#1337 = AXIS2_PLACEMENT_3D ( 'NONE', #805, #108, #813 ) ;
#1338 = DIRECTION ( 'NONE',  ( 1.000000000000000000, -0.000000000000000000, -0.000000000000000000 ) ) ;
#1339 = CARTESIAN_POINT ( 'NONE',  ( -60.00000000000001421, 242.5000000000000284, -57.47461030678925908 ) ) ;
#1340 = DIRECTION ( 'NONE',  ( -1.000000000000000000, 0.000000000000000000, 0.000000000000000000 ) ) ;
#1341 = EDGE_LOOP ( 'NONE', ( #1049, #16, #958, #14 ) ) ;
#1342 = CC_DESIGN_APPROVAL ( #518, ( #575 ) ) ;
#1343 = EDGE_CURVE ( 'NONE', #1056, #1355, #346, .T. ) ;
#1344 = ORIENTED_EDGE ( 'NONE', *, *, #39, .T. ) ;
#1345 = PLANE ( 'NONE',  #1412 ) ;
#1346 = AXIS2_PLACEMENT_3D ( 'NONE', #842, #720, #976 ) ;
#1347 = AXIS2_PLACEMENT_3D ( 'NONE', #669, #1161, #311 ) ;
#1348 = VECTOR ( 'NONE', #910, 1000.000000000000000 ) ;
#1349 = ADVANCED_FACE ( 'NONE', ( #916 ), #1435, .F. ) ;
#1350 = CARTESIAN_POINT ( 'NONE',  ( 9.561413512059544891E-16, 10.00000000000000000, 0.000000000000000000 ) ) ;
#1351 = DIRECTION ( 'NONE',  ( 1.000000000000000000, 0.000000000000000000, -1.156482317317871725E-16 ) ) ;
#1352 = DIRECTION ( 'NONE',  ( 1.000000000000000000, -0.000000000000000000, -0.000000000000000000 ) ) ;
#1353 = CARTESIAN_POINT ( 'NONE',  ( -40.00000000000002132, 210.0000000000000284, 16.49999999999996803 ) ) ;
#1354 = ORIENTED_EDGE ( 'NONE', *, *, #125, .T. ) ;
#1355 = VERTEX_POINT ( 'NONE', #88 ) ;
#1356 = DIRECTION ( 'NONE',  ( -0.7071067811865475727, -8.177564888977996636E-17, 0.7071067811865475727 ) ) ;
#1357 = DIRECTION ( 'NONE',  ( -0.000000000000000000, 0.7071067811865475727, 0.7071067811865475727 ) ) ;
#1358 = CARTESIAN_POINT ( 'NONE',  ( -90.00000000000001421, 270.0000000000000000, 12.32999999999999829 ) ) ;
#1359 = ORIENTED_EDGE ( 'NONE', *, *, #638, .F. ) ;
#1360 = VERTEX_POINT ( 'NONE', #703 ) ;
#1361 = FACE_OUTER_BOUND ( 'NONE', #758, .T. ) ;
#1362 = VECTOR ( 'NONE', #965, 1000.000000000000000 ) ;
#1363 = AXIS2_PLACEMENT_3D ( 'NONE', #312, #1405, #1010 ) ;
#1364 = APPROVAL ( #1142, 'UNSPECIFIED' ) ;
#1365 = CARTESIAN_POINT ( 'NONE',  ( -60.00000000000001421, 242.5000000000000284, 6.164999999999990266 ) ) ;
#1366 = DIRECTION ( 'NONE',  ( -1.000000000000000000, 0.000000000000000000, 0.000000000000000000 ) ) ;
#1367 = ORIENTED_EDGE ( 'NONE', *, *, #100, .F. ) ;
#1368 = ORIENTED_EDGE ( 'NONE', *, *, #100, .T. ) ;
#1369 = DIRECTION ( 'NONE',  ( 3.339945815856419182E-17, -1.000000000000000000, 0.000000000000000000 ) ) ;
#1370 = AXIS2_PLACEMENT_3D ( 'NONE', #239, #1585, #1351 ) ;
#1371 = CIRCLE ( 'NONE', #1113, 1.500000000000001332 ) ;
#1372 = VECTOR ( 'NONE', #1150, 1000.000000000000000 ) ;
#1373 = CARTESIAN_POINT ( 'NONE',  ( -25.00000000000000711, 273.0000000000000000, 18.50000000000000000 ) ) ;
#1374 = VERTEX_POINT ( 'NONE', #455 ) ;
#1375 = ORIENTED_EDGE ( 'NONE', *, *, #592, .T. ) ;
#1376 = FACE_OUTER_BOUND ( 'NONE', #1459, .T. ) ;
#1377 = EDGE_CURVE ( 'NONE', #776, #858, #1551, .T. ) ;
#1378 = LINE ( 'NONE', #1077, #1253 ) ;
#1379 = MECHANICAL_CONTEXT ( 'NONE', #578, 'mechanical' ) ;
#1380 = CARTESIAN_POINT ( 'NONE',  ( -90.00000000000001421, 210.0000000000000284, 16.49999999999996803 ) ) ;
#1381 = ORIENTED_EDGE ( 'NONE', *, *, #1327, .T. ) ;
#1382 = EDGE_CURVE ( 'NONE', #1335, #1257, #942, .T. ) ;
#1383 = ORIENTED_EDGE ( 'NONE', *, *, #1512, .T. ) ;
#1384 = FACE_OUTER_BOUND ( 'NONE', #1249, .T. ) ;
#1385 = EDGE_CURVE ( 'NONE', #351, #169, #1163, .T. ) ;
#1386 = FACE_OUTER_BOUND ( 'NONE', #1236, .T. ) ;
#1387 = VECTOR ( 'NONE', #1032, 1000.000000000000114 ) ;
#1388 = PERSON_AND_ORGANIZATION ( #424, #778 ) ;
#1389 = AXIS2_PLACEMENT_3D ( 'NONE', #542, #1282, #1392 ) ;
#1390 = CARTESIAN_POINT ( 'NONE',  ( -30.00000000000002487, 200.0000000000000000, -16.49999999999996803 ) ) ;
#1391 = ORIENTED_EDGE ( 'NONE', *, *, #1165, .T. ) ;
#1392 = DIRECTION ( 'NONE',  ( 0.000000000000000000, 0.000000000000000000, 1.000000000000000000 ) ) ;
#1393 = EDGE_CURVE ( 'NONE', #1529, #252, #430, .T. ) ;
#1394 = DIRECTION ( 'NONE',  ( 0.000000000000000000, 0.000000000000000000, -1.000000000000000000 ) ) ;
#1395 = CC_DESIGN_SECURITY_CLASSIFICATION ( #575, ( #84 ) ) ;
#1396 = DATE_AND_TIME ( #288, #902 ) ;
#1397 = ADVANCED_FACE ( 'NONE', ( #223, #1544 ), #1324, .F. ) ;
#1398 = AXIS2_PLACEMENT_3D ( 'NONE', #1028, #1130, #281 ) ;
#1399 = CARTESIAN_POINT ( 'NONE',  ( -82.50000000000000000, 242.5000000000000284, 18.50000000000000000 ) ) ;
#1400 = CARTESIAN_POINT ( 'NONE',  ( -25.00000000000001066, 250.0000000000000000, 16.49999999999999645 ) ) ;
#1401 = CARTESIAN_POINT ( 'NONE',  ( -30.00000000000002487, 210.0000000000000284, -16.49999999999996803 ) ) ;
#1402 = DIRECTION ( 'NONE',  ( 0.000000000000000000, 0.000000000000000000, 1.000000000000000000 ) ) ;
#1403 = ADVANCED_FACE ( 'NONE', ( #925 ), #1061, .T. ) ;
#1404 = DIRECTION ( 'NONE',  ( -1.000000000000000000, -0.000000000000000000, -0.000000000000000000 ) ) ;
#1405 = DIRECTION ( 'NONE',  ( 0.000000000000000000, 0.000000000000000000, -1.000000000000000000 ) ) ;
#1406 = ORIENTED_EDGE ( 'NONE', *, *, #1050, .T. ) ;
#1407 = DIRECTION ( 'NONE',  ( 1.000000000000000000, 0.000000000000000000, 0.000000000000000000 ) ) ;
#1408 = ORIENTED_EDGE ( 'NONE', *, *, #1208, .T. ) ;
#1409 = AXIS2_PLACEMENT_3D ( 'NONE', #1167, #293, #403 ) ;
#1410 = EDGE_CURVE ( 'NONE', #393, #451, #345, .T. ) ;
#1411 = CYLINDRICAL_SURFACE ( 'NONE', #1136, 1.500000000000001332 ) ;
#1412 = AXIS2_PLACEMENT_3D ( 'NONE', #637, #1477, #375 ) ;
#1413 = CARTESIAN_POINT ( 'NONE',  ( -60.00000000000001421, 242.5000000000000284, 6.164999999999990266 ) ) ;
#1414 = PLANE ( 'NONE',  #1363 ) ;
#1415 = EDGE_CURVE ( 'NONE', #1374, #95, #833, .T. ) ;
#1416 = ORIENTED_EDGE ( 'NONE', *, *, #592, .F. ) ;
#1417 = FACE_OUTER_BOUND ( 'NONE', #1542, .T. ) ;
#1418 = ORIENTED_EDGE ( 'NONE', *, *, #722, .T. ) ;
#1419 = CARTESIAN_POINT ( 'NONE',  ( -90.00000000000001421, 215.0000000000000284, -10.82999999999999829 ) ) ;
#1420 = DIRECTION ( 'NONE',  ( 3.339945815856419182E-17, -1.000000000000000000, 0.000000000000000000 ) ) ;
#1421 = AXIS2_PLACEMENT_3D ( 'NONE', #1487, #514, #121 ) ;
#1422 = LINE ( 'NONE', #579, #853 ) ;
#1423 = ORIENTED_EDGE ( 'NONE', *, *, #539, .T. ) ;
#1424 = CARTESIAN_POINT ( 'NONE',  ( -70.00000000000000000, 215.0000000000000284, -13.83000000000000007 ) ) ;
#1425 = EDGE_LOOP ( 'NONE', ( #21, #874, #1099, #1416 ) ) ;
#1426 = DIRECTION ( 'NONE',  ( -0.7071067811865474617, -8.659560562354932858E-17, -0.7071067811865474617 ) ) ;
#1427 = CARTESIAN_POINT ( 'NONE',  ( 9.561413512059544891E-16, 10.00000000000000000, 0.000000000000000000 ) ) ;
#1428 = CARTESIAN_POINT ( 'NONE',  ( -37.50000000000002132, 242.5000000000000284, -57.47461030678925908 ) ) ;
#1429 = EDGE_CURVE ( 'NONE', #820, #246, #597, .T. ) ;
#1430 = ADVANCED_FACE ( 'NONE', ( #951 ), #1027, .F. ) ;
#1431 = ORIENTED_EDGE ( 'NONE', *, *, #991, .F. ) ;
#1432 = CARTESIAN_POINT ( 'NONE',  ( -70.00000000000000000, 215.0000000000000284, -10.82999999999999829 ) ) ;
#1433 = ORIENTED_EDGE ( 'NONE', *, *, #1039, .F. ) ;
#1434 = CARTESIAN_POINT ( 'NONE',  ( -90.00000000000001421, 215.0000000000000284, 12.32999999999999829 ) ) ;
#1435 = CYLINDRICAL_SURFACE ( 'NONE', #1007, 6.119999999999995666 ) ;
#1436 = AXIS2_PLACEMENT_3D ( 'NONE', #1215, #220, #809 ) ;
#1437 = DIRECTION ( 'NONE',  ( -0.000000000000000000, 1.000000000000000000, -0.000000000000000000 ) ) ;
#1438 = EDGE_LOOP ( 'NONE', ( #210, #482, #1006, #110 ) ) ;
#1439 = AXIS2_PLACEMENT_3D ( 'NONE', #698, #94, #1066 ) ;
#1440 = ORIENTED_EDGE ( 'NONE', *, *, #1165, .F. ) ;
#1441 = FACE_OUTER_BOUND ( 'NONE', #1086, .T. ) ;
#1442 = EDGE_CURVE ( 'NONE', #979, #129, #317, .T. ) ;
#1443 = ORIENTED_EDGE ( 'NONE', *, *, #256, .F. ) ;
#1444 = CARTESIAN_POINT ( 'NONE',  ( 0.000000000000000000, 273.0000000000000000, 18.50000000000000000 ) ) ;
#1445 = CARTESIAN_POINT ( 'NONE',  ( -70.00000000000000000, 270.0000000000000000, 12.32999999999999829 ) ) ;
#1446 = EDGE_CURVE ( 'NONE', #492, #1166, #78, .T. ) ;
#1447 = AXIS2_PLACEMENT_3D ( 'NONE', #975, #1473, #612 ) ;
#1448 = DIRECTION ( 'NONE',  ( 0.000000000000000000, -0.000000000000000000, 1.000000000000000000 ) ) ;
#1449 = AXIS2_PLACEMENT_3D ( 'NONE', #174, #641, #1035 ) ;
#1450 = AXIS2_PLACEMENT_3D ( 'NONE', #730, #490, #1325 ) ;
#1451 = ORIENTED_EDGE ( 'NONE', *, *, #936, .T. ) ;
#1452 = LINE ( 'NONE', #1206, #409 ) ;
#1453 = ORIENTED_EDGE ( 'NONE', *, *, #956, .F. ) ;
#1454 = ADVANCED_FACE ( 'NONE', ( #567 ), #6, .F. ) ;
#1455 = FACE_OUTER_BOUND ( 'NONE', #1526, .T. ) ;
#1456 = CYLINDRICAL_SURFACE ( 'NONE', #368, 22.49999999999999289 ) ;
#1457 = LINE ( 'NONE', #70, #1112 ) ;
#1458 = ORIENTED_EDGE ( 'NONE', *, *, #440, .T. ) ;
#1459 = EDGE_LOOP ( 'NONE', ( #504, #1187, #218, #921 ) ) ;
#1460 = CARTESIAN_POINT ( 'NONE',  ( 9.561413512059540947E-16, 10.00000000000000000, -6.119999999999995666 ) ) ;
#1461 = EDGE_LOOP ( 'NONE', ( #930, #1037, #1321, #83, #387, #1354, #1285, #338 ) ) ;
#1462 = DIRECTION ( 'NONE',  ( 0.000000000000000000, -0.7071067811865475727, 0.7071067811865475727 ) ) ;
#1463 = EDGE_CURVE ( 'NONE', #460, #1564, #1111, .T. ) ;
#1464 = ADVANCED_FACE ( 'NONE', ( #143 ), #240, .F. ) ;
#1465 = CARTESIAN_POINT ( 'NONE',  ( -40.00000000000002132, 200.0000000000000000, 16.49999999999996803 ) ) ;
#1466 = EDGE_LOOP ( 'NONE', ( #569, #355, #290 ) ) ;
#1467 = VERTEX_POINT ( 'NONE', #855 ) ;
#1468 = DIRECTION ( 'NONE',  ( -0.000000000000000000, 0.000000000000000000, 1.000000000000000000 ) ) ;
#1469 = CIRCLE ( 'NONE', #1046, 1.500000000000001332 ) ;
#1470 = ADVANCED_FACE ( 'NONE', ( #498 ), #166, .F. ) ;
#1471 = CARTESIAN_POINT ( 'NONE',  ( -32.49999999999998579, -3.980102097228896259E-15, 13.99999999999998757 ) ) ;
#1472 = LINE ( 'NONE', #710, #763 ) ;
#1473 = DIRECTION ( 'NONE',  ( 0.000000000000000000, 0.000000000000000000, 1.000000000000000000 ) ) ;
#1474 = CARTESIAN_POINT ( 'NONE',  ( -90.00000000000001421, 270.0000000000000000, -10.82999999999999829 ) ) ;
#1475 = EDGE_LOOP ( 'NONE', ( #22, #565, #632, #562 ) ) ;
#1476 = ORIENTED_EDGE ( 'NONE', *, *, #534, .F. ) ;
#1477 = DIRECTION ( 'NONE',  ( 0.000000000000000000, -0.7071067811865475727, 0.7071067811865475727 ) ) ;
#1478 = CIRCLE ( 'NONE', #500, 22.49999999999999289 ) ;
#1479 = DIRECTION ( 'NONE',  ( 0.000000000000000000, 0.000000000000000000, -1.000000000000000000 ) ) ;
#1480 = CARTESIAN_POINT ( 'NONE',  ( -90.00000000000001421, 210.0000000000000284, -6.165000000000000036 ) ) ;
#1481 = DIRECTION ( 'NONE',  ( 0.000000000000000000, 0.000000000000000000, -1.000000000000000000 ) ) ;
#1482 = ORIENTED_EDGE ( 'NONE', *, *, #1143, .T. ) ;
#1483 = VERTEX_POINT ( 'NONE', #1226 ) ;
#1484 = DIRECTION ( 'NONE',  ( -1.156482317317871478E-16, 1.000000000000000000, 0.000000000000000000 ) ) ;
#1485 = EDGE_CURVE ( 'NONE', #342, #458, #605, .T. ) ;
#1486 = DIRECTION ( 'NONE',  ( 0.000000000000000000, -0.7071067811865474617, 0.7071067811865474617 ) ) ;
#1487 = CARTESIAN_POINT ( 'NONE',  ( -90.00000000000001421, 270.0000000000000000, 12.32999999999999829 ) ) ;
#1488 = EDGE_LOOP ( 'NONE', ( #131, #226, #379 ) ) ;
#1489 = ORIENTED_EDGE ( 'NONE', *, *, #539, .F. ) ;
#1490 = DIRECTION ( 'NONE',  ( -0.5150380749100536004, 1.049727191138618942E-16, -0.8571673007021125557 ) ) ;
#1491 = VECTOR ( 'NONE', #595, 1000.000000000000000 ) ;
#1492 = AXIS2_PLACEMENT_3D ( 'NONE', #891, #402, #645 ) ;
#1493 = COORDINATED_UNIVERSAL_TIME_OFFSET ( 5, 30, .AHEAD. ) ;
#1494 = EDGE_CURVE ( 'NONE', #705, #66, #137, .T. ) ;
#1495 = CARTESIAN_POINT ( 'NONE',  ( -30.00000000000002487, 200.0000000000000000, 16.49999999999996803 ) ) ;
#1496 = ORIENTED_EDGE ( 'NONE', *, *, #969, .T. ) ;
#1497 = ORIENTED_EDGE ( 'NONE', *, *, #1174, .F. ) ;
#1498 = CARTESIAN_POINT ( 'NONE',  ( -90.00000000000001421, 270.0000000000000000, -13.83000000000000007 ) ) ;
#1499 = EDGE_CURVE ( 'NONE', #881, #1360, #648, .T. ) ;
#1500 = DIRECTION ( 'NONE',  ( -1.000000000000000000, -0.000000000000000000, -0.000000000000000000 ) ) ;
#1501 = ORIENTED_EDGE ( 'NONE', *, *, #801, .F. ) ;
#1502 = ORIENTED_EDGE ( 'NONE', *, *, #1393, .T. ) ;
#1503 = CARTESIAN_POINT ( 'NONE',  ( -90.00000000000001421, 273.0000000000000000, 18.50000000000000000 ) ) ;
#1504 = DIRECTION ( 'NONE',  ( 0.000000000000000000, -0.000000000000000000, -1.000000000000000000 ) ) ;
#1505 = PERSON_AND_ORGANIZATION ( #424, #778 ) ;
#1506 = LINE ( 'NONE', #1380, #729 ) ;
#1507 = EDGE_CURVE ( 'NONE', #406, #351, #268, .T. ) ;
#1508 = ADVANCED_FACE ( 'NONE', ( #719 ), #1456, .F. ) ;
#1509 = ORIENTED_EDGE ( 'NONE', *, *, #889, .F. ) ;
#1510 = CYLINDRICAL_SURFACE ( 'NONE', #1207, 2.749999999999996447 ) ;
#1511 = DIRECTION ( 'NONE',  ( 0.000000000000000000, 0.000000000000000000, 1.000000000000000000 ) ) ;
#1512 = EDGE_CURVE ( 'NONE', #1334, #1360, #1219, .T. ) ;
#1513 = AXIS2_PLACEMENT_3D ( 'NONE', #468, #1183, #827 ) ;
#1514 = COORDINATED_UNIVERSAL_TIME_OFFSET ( 5, 30, .AHEAD. ) ;
#1515 = AXIS2_PLACEMENT_3D ( 'NONE', #271, #505, #1119 ) ;
#1516 = DIRECTION ( 'NONE',  ( -1.000000000000000000, 0.000000000000000000, 0.000000000000000000 ) ) ;
#1517 = VERTEX_POINT ( 'NONE', #868 ) ;
#1518 = DIRECTION ( 'NONE',  ( 0.000000000000000000, 0.000000000000000000, 1.000000000000000000 ) ) ;
#1519 = PLANE ( 'NONE',  #1409 ) ;
#1520 = AXIS2_PLACEMENT_3D ( 'NONE', #1445, #188, #678 ) ;
#1521 = APPROVAL_ROLE ( '' ) ;
#1522 = CIRCLE ( 'NONE', #1450, 1.500000000000001332 ) ;
#1523 = VECTOR ( 'NONE', #585, 1000.000000000000000 ) ;
#1524 = LINE ( 'NONE', #764, #245 ) ;
#1525 = CARTESIAN_POINT ( 'NONE',  ( -45.00000000000001421, -0.001000000000028755665, 6.164999999999994706 ) ) ;
#1526 = EDGE_LOOP ( 'NONE', ( #260, #1408, #1451, #64, #1431, #316 ) ) ;
#1527 = CARTESIAN_POINT ( 'NONE',  ( -3.579999999999999183, 10.00000000000000000, 0.000000000000000000 ) ) ;
#1528 = EDGE_CURVE ( 'NONE', #436, #246, #1314, .T. ) ;
#1529 = VERTEX_POINT ( 'NONE', #1480 ) ;
#1530 = DIRECTION ( 'NONE',  ( -1.000000000000000000, -0.000000000000000000, -0.000000000000000000 ) ) ;
#1531 = DIRECTION ( 'NONE',  ( 0.7071067811865474617, 8.659560562354932858E-17, -0.7071067811865474617 ) ) ;
#1532 = LINE ( 'NONE', #1503, #596 ) ;
#1533 = ORIENTED_EDGE ( 'NONE', *, *, #35, .T. ) ;
#1534 = DIRECTION ( 'NONE',  ( 1.000000000000000000, 0.000000000000000000, 0.000000000000000000 ) ) ;
#1535 = ORIENTED_EDGE ( 'NONE', *, *, #1382, .F. ) ;
#1536 = CIRCLE ( 'NONE', #564, 1.500000000000001332 ) ;
#1537 = DIRECTION ( 'NONE',  ( -1.000000000000000000, 0.000000000000000000, 0.000000000000000000 ) ) ;
#1538 = CARTESIAN_POINT ( 'NONE',  ( -70.00000000000000000, 270.0000000000000000, -12.32999999999999829 ) ) ;
#1539 = EDGE_LOOP ( 'NONE', ( #1071, #1368, #1406, #99 ) ) ;
#1540 = EDGE_LOOP ( 'NONE', ( #745, #229, #825, #333 ) ) ;
#1541 = CARTESIAN_POINT ( 'NONE',  ( -90.00000000000001421, 215.0000000000000284, -13.83000000000000007 ) ) ;
#1542 = EDGE_LOOP ( 'NONE', ( #200, #118, #112, #364, #553, #1375, #835, #322 ) ) ;
#1543 = LINE ( 'NONE', #785, #294 ) ;
#1544 = FACE_OUTER_BOUND ( 'NONE', #450, .T. ) ;
#1545 = EDGE_CURVE ( 'NONE', #221, #1166, #543, .T. ) ;
#1546 = CARTESIAN_POINT ( 'NONE',  ( -70.00000000000000000, 270.0000000000000000, 12.32999999999999829 ) ) ;
#1547 = VERTEX_POINT ( 'NONE', #367 ) ;
#1548 = DIRECTION ( 'NONE',  ( 1.349229370204183433E-16, 0.000000000000000000, 1.000000000000000000 ) ) ;
#1549 = VERTEX_POINT ( 'NONE', #12 ) ;
#1550 = CARTESIAN_POINT ( 'NONE',  ( -27.99999999999996803, -3.429011037612585332E-15, -18.50000000000000000 ) ) ;
#1551 = LINE ( 'NONE', #684, #60 ) ;
#1552 = DIRECTION ( 'NONE',  ( -0.000000000000000000, 1.000000000000000000, -0.000000000000000000 ) ) ;
#1553 = EDGE_CURVE ( 'NONE', #753, #700, #960, .T. ) ;
#1554 = ORIENTED_EDGE ( 'NONE', *, *, #212, .T. ) ;
#1555 = ORIENTED_EDGE ( 'NONE', *, *, #92, .F. ) ;
#1556 = CYLINDRICAL_SURFACE ( 'NONE', #1044, 1.500000000000001332 ) ;
#1557 = EDGE_CURVE ( 'NONE', #1483, #593, #257, .T. ) ;
#1558 = ORIENTED_EDGE ( 'NONE', *, *, #936, .F. ) ;
#1559 = DIRECTION ( 'NONE',  ( 0.000000000000000000, 0.000000000000000000, 1.000000000000000000 ) ) ;
#1560 = VECTOR ( 'NONE', #718, 1000.000000000000000 ) ;
#1561 = DIRECTION ( 'NONE',  ( -1.000000000000000000, -0.000000000000000000, -0.000000000000000000 ) ) ;
#1562 = ORIENTED_EDGE ( 'NONE', *, *, #134, .F. ) ;
#1563 = AXIS2_PLACEMENT_3D ( 'NONE', #777, #899, #41 ) ;
#1564 = VERTEX_POINT ( 'NONE', #114 ) ;
#1565 = DIRECTION ( 'NONE',  ( 1.000000000000000000, -0.000000000000000000, -0.000000000000000000 ) ) ;
#1566 = ADVANCED_FACE ( 'NONE', ( #1088 ), #353, .F. ) ;
#1567 = ORIENTED_EDGE ( 'NONE', *, *, #1164, .T. ) ;
#1568 = DIRECTION ( 'NONE',  ( 1.000000000000000000, 0.000000000000000000, 0.000000000000000000 ) ) ;
#1569 = DIRECTION ( 'NONE',  ( 1.000000000000000000, 0.000000000000000000, 0.000000000000000000 ) ) ;
#1570 = VECTOR ( 'NONE', #377, 1000.000000000000000 ) ;
#1571 = DIRECTION ( 'NONE',  ( -1.349229370204183433E-16, -0.000000000000000000, 1.000000000000000000 ) ) ;
#1572 = AXIS2_PLACEMENT_3D ( 'NONE', #1413, #821, #69 ) ;
#1573 = EDGE_LOOP ( 'NONE', ( #1443, #1344, #349, #243, #838, #1059, #738, #682 ) ) ;
#1574 = CARTESIAN_POINT ( 'NONE',  ( -90.00000000000001421, 241.5000000000000284, -50.00000000000000000 ) ) ;
#1575 = EDGE_CURVE ( 'NONE', #169, #549, #503, .T. ) ;
#1576 = ORIENTED_EDGE ( 'NONE', *, *, #50, .F. ) ;
#1577 = DIRECTION ( 'NONE',  ( -1.000000000000000000, 0.000000000000000000, 0.000000000000000000 ) ) ;
#1578 = DIRECTION ( 'NONE',  ( -0.7071067811865475727, -2.361698335187710194E-17, 0.7071067811865475727 ) ) ;
#1579 = ADVANCED_FACE ( 'NONE', ( #383 ), #747, .F. ) ;
#1580 = LINE ( 'NONE', #628, #1263 ) ;
#1581 = EDGE_LOOP ( 'NONE', ( #623, #363 ) ) ;
#1582 = ORIENTED_EDGE ( 'NONE', *, *, #1110, .F. ) ;
#1583 = CYLINDRICAL_SURFACE ( 'NONE', #664, 1.500000000000001332 ) ;
#1584 = PLANE ( 'NONE',  #869 ) ;
#1585 = DIRECTION ( 'NONE',  ( -1.349229370204183433E-16, -0.000000000000000000, -1.000000000000000000 ) ) ;
#1586 = DIRECTION ( 'NONE',  ( 0.000000000000000000, -0.000000000000000000, 1.000000000000000000 ) ) ;
#1587 = EDGE_LOOP ( 'NONE', ( #580, #970 ) ) ;
#1588 = AXIS2_PLACEMENT_3D ( 'NONE', #452, #1565, #1190 ) ;
#1589 = EDGE_LOOP ( 'NONE', ( #696, #904 ) ) ;
#1590 = DIRECTION ( 'NONE',  ( 1.000000000000000000, -0.000000000000000000, -0.000000000000000000 ) ) ;
#1591 = CIRCLE ( 'NONE', #1021, 23.00000000000001776 ) ;
ENDSEC;
END-ISO-10303-21;
