ISO-10303-21;
HEADER;
FILE_DESCRIPTION (( 'STEP AP203' ),
    '1' );
FILE_NAME ('CSWP_18_23.STEP',
    '2026-08-02T23:47:52',
    ( '' ),
    ( '' ),
    'SwSTEP 2.0',
    'SolidWorks 2026',
    '' );
FILE_SCHEMA (( 'CONFIG_CONTROL_DESIGN' ));
ENDSEC;

DATA;
#1 = CARTESIAN_POINT ( 'NONE',  ( 7.943894973032868734, 25.02816369504862948, 5.389156217884949918 ) ) ;
#2 = CARTESIAN_POINT ( 'NONE',  ( -10.81372110536530151, 19.91335704578264298, 6.280826988317796733 ) ) ;
#3 = CARTESIAN_POINT ( 'NONE',  ( 41.94736842105263008, -13.00000000000000000, -9.187942236892682857 ) ) ;
#4 = ORIENTED_EDGE ( 'NONE', *, *, #4380, .F. ) ;
#5 = DIRECTION ( 'NONE',  ( 0.000000000000000000, 1.000000000000000000, -0.000000000000000000 ) ) ;
#6 = FACE_OUTER_BOUND ( 'NONE', #946, .T. ) ;
#7 = DIRECTION ( 'NONE',  ( 0.000000000000000000, 1.000000000000000000, 0.000000000000000000 ) ) ;
#8 = ORIENTED_EDGE ( 'NONE', *, *, #1233, .T. ) ;
#9 = CARTESIAN_POINT ( 'NONE',  ( 5.644643406986703305, 8.971179383636144422, 11.99598189129831383 ) ) ;
#10 = ORIENTED_EDGE ( 'NONE', *, *, #767, .F. ) ;
#11 = DIRECTION ( 'NONE',  ( 1.000000000000000000, 0.000000000000000000, 1.224646799147353207E-16 ) ) ;
#12 = FACE_BOUND ( 'NONE', #2765, .T. ) ;
#13 = CIRCLE ( 'NONE', #4497, 28.00000000000000355 ) ;
#14 = B_SPLINE_CURVE_WITH_KNOTS ( 'NONE', 3,
 ( #3035, #949, #3084, #285, #32, #1446, #2509, #71, #191, #1560, #866, #3302, #1042, #2457 ),
 .UNSPECIFIED., .F., .F.,
 ( 4, 2, 2, 2, 2, 2, 4 ),
 ( 0.003493090159810869743, 0.005756796359962530057, 0.008020502560114189938, 0.01028420876026584982, 0.01141606186034167976, 0.01198198841037959733, 0.01254791496041751317 ),
 .UNSPECIFIED. ) ;
#15 = VECTOR ( 'NONE', #1850, 1000.000000000000000 ) ;
#16 = DIRECTION ( 'NONE',  ( -0.3947368421052632748, 0.000000000000000000, 0.9187942236892678860 ) ) ;
#17 = ORIENTED_EDGE ( 'NONE', *, *, #4096, .T. ) ;
#18 = EDGE_CURVE ( 'NONE', #2679, #2896, #1718, .T. ) ;
#19 = CARTESIAN_POINT ( 'NONE',  ( 8.314193029454125750, 16.75073884856704964, 9.392975583997822397 ) ) ;
#20 = CARTESIAN_POINT ( 'NONE',  ( 0.000000000000000000, -3.000000000000000888, 0.000000000000000000 ) ) ;
#21 = CARTESIAN_POINT ( 'NONE',  ( 0.000000000000000000, 24.00000000000000355, -28.00200000000001310 ) ) ;
#22 = CARTESIAN_POINT ( 'NONE',  ( 0.4953135694376802345, 7.281716560772704128, 14.24058048180992309 ) ) ;
#23 = CIRCLE ( 'NONE', #87, 4.499999999999998224 ) ;
#24 = DIRECTION ( 'NONE',  ( 0.000000000000000000, 0.000000000000000000, -1.000000000000000000 ) ) ;
#25 = CARTESIAN_POINT ( 'NONE',  ( 24.00000000000000355, -13.00000000000000000, -1.500000000000000000 ) ) ;
#26 = CARTESIAN_POINT ( 'NONE',  ( 8.447039004702748599, 26.49169368297001625, 4.347864109204245153 ) ) ;
#27 = CARTESIAN_POINT ( 'NONE',  ( 11.48912529307605546, 32.00000000000000000, 10.40432602334240464 ) ) ;
#28 = CARTESIAN_POINT ( 'NONE',  ( 0.000000000000000000, 0.000000000000000000, 0.000000000000000000 ) ) ;
#29 = CARTESIAN_POINT ( 'NONE',  ( -9.868421052631585866, -13.00000000000000000, 22.96985559223170270 ) ) ;
#30 = CARTESIAN_POINT ( 'NONE',  ( 2.383338885627996150E-11, 7.272727272727274261, 14.25157668528394517 ) ) ;
#31 = VERTEX_POINT ( 'NONE', #3563 ) ;
#32 = CARTESIAN_POINT ( 'NONE',  ( -7.113573139035737292, 37.65685424949237614, 11.49874550552159924 ) ) ;
#33 = CARTESIAN_POINT ( 'NONE',  ( 1.733603792574772262, 7.418397110091845548, 14.07210754235592987 ) ) ;
#34 = VERTEX_POINT ( 'NONE', #398 ) ;
#35 = CARTESIAN_POINT ( 'NONE',  ( -1.627777725229597516, 34.90920375662692265, 19.41653846205302258 ) ) ;
#36 = CARTESIAN_POINT ( 'NONE',  ( 0.000000000000000000, -12.99999999999999822, 24.00000000000000355 ) ) ;
#37 = AXIS2_PLACEMENT_3D ( 'NONE', #4284, #1829, #112 ) ;
#38 = EDGE_CURVE ( 'NONE', #2015, #478, #707, .T. ) ;
#39 = VECTOR ( 'NONE', #822, 1000.000000000000114 ) ;
#40 = ORIENTED_EDGE ( 'NONE', *, *, #1744, .F. ) ;
#41 = DIRECTION ( 'NONE',  ( 0.000000000000000000, -1.000000000000000000, 0.000000000000000000 ) ) ;
#42 = DIRECTION ( 'NONE',  ( 0.3947368421052625531, 0.000000000000000000, -0.9187942236892682191 ) ) ;
#43 = CARTESIAN_POINT ( 'NONE',  ( 38.00000000000000000, -3.000000000000000888, 0.000000000000000000 ) ) ;
#44 = CARTESIAN_POINT ( 'NONE',  ( -6.247000290632934494, 14.53013971900614365, 11.08682481033726397 ) ) ;
#45 = CARTESIAN_POINT ( 'NONE',  ( -6.405348780391884489, 19.20713999771200164, 10.70515017139844716 ) ) ;
#46 = ORIENTED_EDGE ( 'NONE', *, *, #2203, .T. ) ;
#47 = DIRECTION ( 'NONE',  ( -0.000000000000000000, 1.000000000000000000, -0.000000000000000000 ) ) ;
#48 = CARTESIAN_POINT ( 'NONE',  ( -38.00000000000000000, -3.000000000000000888, 7.499999999999998224 ) ) ;
#49 = CIRCLE ( 'NONE', #640, 21.00000000000000000 ) ;
#50 = ORIENTED_EDGE ( 'NONE', *, *, #4433, .F. ) ;
#51 = CARTESIAN_POINT ( 'NONE',  ( 2.971198470816014847, 16.56745523687227362, -9.027124093943156069 ) ) ;
#52 = CARTESIAN_POINT ( 'NONE',  ( 23.95307913400697331, -80.88225099390857054, 1.500000000000000000 ) ) ;
#53 = ORIENTED_EDGE ( 'NONE', *, *, #555, .T. ) ;
#54 = VECTOR ( 'NONE', #2537, 1000.000000000000000 ) ;
#55 = DIRECTION ( 'NONE',  ( 0.000000000000000000, 0.000000000000000000, 1.000000000000000000 ) ) ;
#56 = VECTOR ( 'NONE', #2321, 1000.000000000000000 ) ;
#57 = DIRECTION ( 'NONE',  ( 0.000000000000000000, 1.000000000000000000, 0.000000000000000000 ) ) ;
#58 = ORIENTED_EDGE ( 'NONE', *, *, #391, .T. ) ;
#59 = CARTESIAN_POINT ( 'NONE',  ( -23.95307913400697331, -80.88225099390857054, -1.500000000000000000 ) ) ;
#60 = CARTESIAN_POINT ( 'NONE',  ( 0.000000000000000000, 37.65685424949238325, -13.50000000000000178 ) ) ;
#61 = DIRECTION ( 'NONE',  ( 0.000000000000000000, 1.000000000000000000, -0.000000000000000000 ) ) ;
#62 = CARTESIAN_POINT ( 'NONE',  ( -8.572044078421843238, 23.03232560039106147, 4.095163046691451925 ) ) ;
#63 = EDGE_CURVE ( 'NONE', #718, #212, #2851, .T. ) ;
#64 = CARTESIAN_POINT ( 'NONE',  ( 7.991727865390716445, 24.40860378499735006, 5.312490137151758773 ) ) ;
#65 = CARTESIAN_POINT ( 'NONE',  ( 41.94736842105263008, -3.000000000000000888, -9.187942236892689962 ) ) ;
#66 = CARTESIAN_POINT ( 'NONE',  ( -7.997529788382954585, 24.30279252723504513, 6.661438706682592858 ) ) ;
#67 = DIRECTION ( 'NONE',  ( 0.000000000000000000, 1.000000000000000000, 0.000000000000000000 ) ) ;
#68 = DIRECTION ( 'NONE',  ( 0.000000000000000000, 0.000000000000000000, -1.000000000000000000 ) ) ;
#69 = ORIENTED_EDGE ( 'NONE', *, *, #3546, .T. ) ;
#70 = CARTESIAN_POINT ( 'NONE',  ( 1.949706324530607797E-15, 38.00000000000000711, 13.50000000000000178 ) ) ;
#71 = CARTESIAN_POINT ( 'NONE',  ( -3.994450421570348020, 37.65685424947842819, 12.90115756926713431 ) ) ;
#72 = ADVANCED_FACE ( 'NONE', ( #304, #1808 ), #4173, .T. ) ;
#73 = ORIENTED_EDGE ( 'NONE', *, *, #1081, .T. ) ;
#74 = CARTESIAN_POINT ( 'NONE',  ( 2.023989017818997649, 34.81982858724143171, 19.33586017662317502 ) ) ;
#75 = CARTESIAN_POINT ( 'NONE',  ( -1.034119551574041340, 16.06311196817423692, 19.46025226021482979 ) ) ;
#76 = CIRCLE ( 'NONE', #1333, 3.000000000000001776 ) ;
#77 = CYLINDRICAL_SURFACE ( 'NONE', #205, 9.500000000000001776 ) ;
#78 = CARTESIAN_POINT ( 'NONE',  ( 2.328925951587382137, 13.23398506915653172, 19.22827935417332057 ) ) ;
#79 = CARTESIAN_POINT ( 'NONE',  ( 4.282994335166983468, 37.35711558778206864, 15.92114606603367832 ) ) ;
#80 = TOROIDAL_SURFACE ( 'NONE', #2672, 15.50000000000000000, 6.000000000000000000 ) ;
#81 = ORIENTED_EDGE ( 'NONE', *, *, #772, .T. ) ;
#82 = CARTESIAN_POINT ( 'NONE',  ( -3.095720121807789216, 37.59166997339812610, 16.21455472735618031 ) ) ;
#83 = CARTESIAN_POINT ( 'NONE',  ( 7.883926538202981504, 25.38423178190793905, -5.301251684177914036 ) ) ;
#84 = CARTESIAN_POINT ( 'NONE',  ( 7.735634413777757956, 26.05059766808572874, 7.551295108901372011 ) ) ;
#85 = CARTESIAN_POINT ( 'NONE',  ( 4.282505756938609132, 17.23789151194712588, -11.74572218605137408 ) ) ;
#86 = CARTESIAN_POINT ( 'NONE',  ( -5.888169046112889049, 18.56071011327047415, 13.03791446437546320 ) ) ;
#87 = AXIS2_PLACEMENT_3D ( 'NONE', #807, #122, #384 ) ;
#88 = CARTESIAN_POINT ( 'NONE',  ( -7.742060098292511405, 26.05700470950347025, 7.541450813071165271 ) ) ;
#89 = CARTESIAN_POINT ( 'NONE',  ( 11.05263157894737169, -13.00000000000000000, 25.72623826329950703 ) ) ;
#90 = CARTESIAN_POINT ( 'NONE',  ( 10.29673343236147254, 20.09169730838263135, 7.136035248508648898 ) ) ;
#91 = ORIENTED_EDGE ( 'NONE', *, *, #1772, .F. ) ;
#92 = CARTESIAN_POINT ( 'NONE',  ( 7.306772507347043977, 31.37893967386628447, 6.084159130833404205 ) ) ;
#93 = VECTOR ( 'NONE', #3364, 1000.000000000000114 ) ;
#94 = ORIENTED_EDGE ( 'NONE', *, *, #638, .F. ) ;
#95 = CARTESIAN_POINT ( 'NONE',  ( 0.8112849015812211295, 34.97763771574107494, 19.47953509376181103 ) ) ;
#96 = EDGE_CURVE ( 'NONE', #1270, #2090, #4219, .T. ) ;
#97 = CARTESIAN_POINT ( 'NONE',  ( 0.000000000000000000, 3.000000000000000000, 0.000000000000000000 ) ) ;
#98 = DIRECTION ( 'NONE',  ( -0.000000000000000000, -1.000000000000000000, -0.000000000000000000 ) ) ;
#99 = DIRECTION ( 'NONE',  ( 0.9187942236892679970, 0.000000000000000000, -0.3947368421052631637 ) ) ;
#100 = CARTESIAN_POINT ( 'NONE',  ( -8.000000000000000000, 24.00000000000000355, -5.123475382979802539 ) ) ;
#101 = CARTESIAN_POINT ( 'NONE',  ( 4.186405394820708281, 34.17474345291606852, 18.71776367913299310 ) ) ;
#102 = ORIENTED_EDGE ( 'NONE', *, *, #2079, .T. ) ;
#103 = CARTESIAN_POINT ( 'NONE',  ( -5.719137770085357175, 36.97067959888776301, 15.40192427381134266 ) ) ;
#104 = CIRCLE ( 'NONE', #985, 25.00000000000000355 ) ;
#105 = CARTESIAN_POINT ( 'NONE',  ( -2.874540706661511180, 34.62796580422124038, 19.16266710278883778 ) ) ;
#106 = ORIENTED_EDGE ( 'NONE', *, *, #1486, .F. ) ;
#107 = CARTESIAN_POINT ( 'NONE',  ( 9.868421052631576984, -13.00000000000000000, -22.96985559223170270 ) ) ;
#108 = CARTESIAN_POINT ( 'NONE',  ( 3.706020939429386818, 31.10990105931787753, -8.762735728218327580 ) ) ;
#109 = CARTESIAN_POINT ( 'NONE',  ( 9.027169873131191125, 30.28571428571428825, 10.40432602334240642 ) ) ;
#110 = CARTESIAN_POINT ( 'NONE',  ( 2.636057293149561609, 13.31729959803257302, 19.09513163063747854 ) ) ;
#111 = CARTESIAN_POINT ( 'NONE',  ( 2.638844920315102982, 16.42940525553176556, -12.22854328193242246 ) ) ;
#112 = DIRECTION ( 'NONE',  ( 0.000000000000000000, 0.000000000000000000, 1.000000000000000000 ) ) ;
#113 = CARTESIAN_POINT ( 'NONE',  ( -6.319037240436235159, 29.11978209871689671, 7.357286256598828622 ) ) ;
#114 = CARTESIAN_POINT ( 'NONE',  ( 0.000000000000000000, 15.61249499599599488, 0.000000000000000000 ) ) ;
#115 = CARTESIAN_POINT ( 'NONE',  ( 9.493145549463617883, 37.65685424949238325, 9.628885247544518577 ) ) ;
#116 = CIRCLE ( 'NONE', #2920, 14.50000000000004086 ) ;
#117 = VERTEX_POINT ( 'NONE', #1086 ) ;
#118 = CIRCLE ( 'NONE', #302, 7.499999999999998224 ) ;
#119 = CARTESIAN_POINT ( 'NONE',  ( 11.48912529307605901, 32.00000000000000000, 10.40432602334240464 ) ) ;
#120 = ORIENTED_EDGE ( 'NONE', *, *, #2318, .T. ) ;
#121 = AXIS2_PLACEMENT_3D ( 'NONE', #1442, #3857, #2479 ) ;
#122 = DIRECTION ( 'NONE',  ( 0.000000000000000000, 1.000000000000000000, -0.000000000000000000 ) ) ;
#123 = CARTESIAN_POINT ( 'NONE',  ( 6.219234451298258470, 18.95841018079595131, 11.68100311537535418 ) ) ;
#124 = CARTESIAN_POINT ( 'NONE',  ( -7.160367784947640146, 20.39669437226100612, -6.251172229071176645 ) ) ;
#125 = CARTESIAN_POINT ( 'NONE',  ( 3.670712454637214517, 34.42108892251996366, 15.64804448018978889 ) ) ;
#126 = VERTEX_POINT ( 'NONE', #3899 ) ;
#127 = ADVANCED_FACE ( 'NONE', ( #351 ), #2086, .T. ) ;
#128 = AXIS2_PLACEMENT_3D ( 'NONE', #689, #2098, #3868 ) ;
#129 = AXIS2_PLACEMENT_3D ( 'NONE', #3577, #1457, #775 ) ;
#130 =( NAMED_UNIT ( * ) PLANE_ANGLE_UNIT ( ) SI_UNIT ( $, .RADIAN. ) );
#131 = DIRECTION ( 'NONE',  ( 0.000000000000000000, 0.000000000000000000, 1.000000000000000000 ) ) ;
#132 = VERTEX_POINT ( 'NONE', #1919 ) ;
#133 = CARTESIAN_POINT ( 'NONE',  ( 1.938753728256304765, 31.76639786900671680, -9.304082231530985680 ) ) ;
#134 = CARTESIAN_POINT ( 'NONE',  ( 10.99163532148678080, 24.46801352864469692, 5.991168263296924756 ) ) ;
#135 = CARTESIAN_POINT ( 'NONE',  ( 2.897484462749205569, 8.985130963088838740, 16.49125004472272948 ) ) ;
#136 = CARTESIAN_POINT ( 'NONE',  ( 0.2686971436733990859, 16.00000000000000711, -12.50000000000000178 ) ) ;
#137 = CARTESIAN_POINT ( 'NONE',  ( 9.868421052631576984, 0.000000000000000000, -22.96985559223170270 ) ) ;
#138 = CARTESIAN_POINT ( 'NONE',  ( 7.392219237966305201, 16.85420475115618544, 5.976979422301818445 ) ) ;
#139 = DIRECTION ( 'NONE',  ( 0.000000000000000000, 1.000000000000000000, -0.000000000000000000 ) ) ;
#140 = CARTESIAN_POINT ( 'NONE',  ( 0.000000000000000000, -13.00000000000000000, 0.000000000000000000 ) ) ;
#141 = CARTESIAN_POINT ( 'NONE',  ( 7.274106203030944684, 27.34875361938399507, 8.856318704583028278 ) ) ;
#142 = VERTEX_POINT ( 'NONE', #1529 ) ;
#143 = DIRECTION ( 'NONE',  ( 0.000000000000000000, 1.000000000000000000, -0.000000000000000000 ) ) ;
#144 = DIRECTION ( 'NONE',  ( 0.000000000000000000, 0.000000000000000000, -1.000000000000000000 ) ) ;
#145 = ORIENTED_EDGE ( 'NONE', *, *, #3267, .T. ) ;
#146 = CARTESIAN_POINT ( 'NONE',  ( 9.577828471431022450, 29.43392195041165849, 9.586577851398356387 ) ) ;
#147 = DIRECTION ( 'NONE',  ( 0.9187942236892681080, 0.000000000000000000, -0.3947368421052632748 ) ) ;
#148 = CARTESIAN_POINT ( 'NONE',  ( -8.144057941620543417, 31.39976363467560105, 14.43004750925652679 ) ) ;
#149 = CARTESIAN_POINT ( 'NONE',  ( 7.543073524153465215, 36.27897959861551413, 14.30018321584176455 ) ) ;
#150 = CARTESIAN_POINT ( 'NONE',  ( 8.899234713260375074, 12.50653191490576255, 11.26007248874402222 ) ) ;
#151 = ORIENTED_EDGE ( 'NONE', *, *, #311, .F. ) ;
#152 = CARTESIAN_POINT ( 'NONE',  ( 0.000000000000000000, 3.000000000000000000, 21.79449471770336544 ) ) ;
#153 = SPHERICAL_SURFACE ( 'NONE', #2743, 16.00000000000000000 ) ;
#154 = ADVANCED_FACE ( 'NONE', ( #2641 ), #4352, .T. ) ;
#155 = EDGE_LOOP ( 'NONE', ( #2712, #3161, #1572, #3179 ) ) ;
#156 = DIRECTION ( 'NONE',  ( -0.9187942236892678860, -0.000000000000000000, -0.3947368421052632748 ) ) ;
#157 = AXIS2_PLACEMENT_3D ( 'NONE', #2844, #4245, #1085 ) ;
#158 = EDGE_LOOP ( 'NONE', ( #3314, #4043, #4324, #3574 ) ) ;
#159 = AXIS2_PLACEMENT_3D ( 'NONE', #167, #4041, #4061 ) ;
#160 = AXIS2_PLACEMENT_3D ( 'NONE', #1843, #3252, #458 ) ;
#161 = CARTESIAN_POINT ( 'NONE',  ( 11.00075576969770275, 24.09460456576077192, 6.650051602661633865 ) ) ;
#162 = CARTESIAN_POINT ( 'NONE',  ( -2.911129680901997308, 8.988478058255374492, 16.48704601973226502 ) ) ;
#163 = CARTESIAN_POINT ( 'NONE',  ( 7.930277683793747201, 22.91388207173416447, 6.903850297053296892 ) ) ;
#164 = AXIS2_PLACEMENT_3D ( 'NONE', #1678, #7, #1017 ) ;
#165 = CARTESIAN_POINT ( 'NONE',  ( 0.7473318636123500447, 15.27930202695133488, 10.24395996262740383 ) ) ;
#166 = CARTESIAN_POINT ( 'NONE',  ( -7.870290903691656403, 29.61966192379463436, 5.330116146936433985 ) ) ;
#167 = CARTESIAN_POINT ( 'NONE',  ( -38.00000000000000000, -3.000000000000000888, 0.000000000000000000 ) ) ;
#168 = CARTESIAN_POINT ( 'NONE',  ( 0.5983326080123237967, 31.98310207115593329, 19.47873814739835296 ) ) ;
#169 = ORIENTED_EDGE ( 'NONE', *, *, #1660, .T. ) ;
#170 = CARTESIAN_POINT ( 'NONE',  ( 7.533181010878069905, 30.74238361630264649, 5.797584504327934596 ) ) ;
#171 = CARTESIAN_POINT ( 'NONE',  ( -10.64533263515241579, 26.82838147556649844, 7.541450813071165271 ) ) ;
#172 = ORIENTED_EDGE ( 'NONE', *, *, #244, .T. ) ;
#173 = CARTESIAN_POINT ( 'NONE',  ( 10.73299495594336861, 26.48329738777759346, 7.330286045287421892 ) ) ;
#174 = CARTESIAN_POINT ( 'NONE',  ( 38.00000000000000000, -13.00000000000000000, -7.499999999999998224 ) ) ;
#175 = CARTESIAN_POINT ( 'NONE',  ( -0.5380219895363245186, 16.01351084690810822, -12.49133959743193500 ) ) ;
#176 = VERTEX_POINT ( 'NONE', #824 ) ;
#177 = B_SPLINE_CURVE_WITH_KNOTS ( 'NONE', 3,
 ( #2748, #3396, #1624, #1605, #3417, #877, #2286, #3008, #2663, #4060, #3027, #2306, #2685, #3719, #557, #3376, #209, #4080, #919, #2327, #2601, #1839, #3977, #2993, #3343, #78, #1211, #1120, #1493, #1927, #4003, #2177, #3639, #2626, #2972, #2246, #3663, #860 ),
 .UNSPECIFIED., .F., .F.,
 ( 4, 2, 2, 2, 2, 2, 2, 2, 2, 2, 2, 2, 2, 2, 2, 2, 2, 2, 4 ),
 ( 3.878959614448864246E-18, 0.003550533558719341874, 0.005325800338079012160, 0.007101067117438682880, 0.008876333896798352732, 0.009763967286478186791, 0.01065160067615802258, 0.01153923406583785664, 0.01242686745551769070, 0.01331450084519752476, 0.01420213423487736229, 0.01508976762455719635, 0.01597740101423703041, 0.01775266779359669853, 0.01952793457295637011, 0.02130320135231603823, 0.02307846813167570635, 0.02485373491103537447, 0.02840426846975470723 ),
 .UNSPECIFIED. ) ;
#178 = DIRECTION ( 'NONE',  ( 0.000000000000000000, 0.000000000000000000, 1.000000000000000000 ) ) ;
#179 = CARTESIAN_POINT ( 'NONE',  ( -8.013102620740477633, 31.54254695512580398, 14.76172523368651390 ) ) ;
#180 = ORIENTED_EDGE ( 'NONE', *, *, #1602, .F. ) ;
#181 = CARTESIAN_POINT ( 'NONE',  ( -8.337215127302178175, 27.38875164801798689, 4.561395641619090391 ) ) ;
#182 = ORIENTED_EDGE ( 'NONE', *, *, #1852, .T. ) ;
#183 = CARTESIAN_POINT ( 'NONE',  ( 9.862664575913209219, 30.84910234348954461, 7.691238611115870150 ) ) ;
#184 = TOROIDAL_SURFACE ( 'NONE', #1514, 13.50000000000000178, 3.000000000000000000 ) ;
#185 = CARTESIAN_POINT ( 'NONE',  ( 0.5881848637072717434, 8.647038415917462473, 16.91068932214934506 ) ) ;
#186 = CARTESIAN_POINT ( 'NONE',  ( -5.333517919990041101, 18.03578640119266296, 14.59645232806816395 ) ) ;
#187 = EDGE_CURVE ( 'NONE', #2390, #329, #4330, .T. ) ;
#188 = CARTESIAN_POINT ( 'NONE',  ( -7.647786381572643677, 17.64249015359678197, 5.638126187477675799 ) ) ;
#189 = CARTESIAN_POINT ( 'NONE',  ( 1.936074032123932032, 35.07304335183717114, 8.649479481384299007 ) ) ;
#190 = EDGE_CURVE ( 'NONE', #4143, #976, #1522, .T. ) ;
#191 = CARTESIAN_POINT ( 'NONE',  ( -3.627635024234734828, 37.65685424949239035, 13.00909800483270828 ) ) ;
#192 = EDGE_CURVE ( 'NONE', #1820, #251, #2704, .T. ) ;
#193 = ORIENTED_EDGE ( 'NONE', *, *, #2440, .F. ) ;
#194 = VECTOR ( 'NONE', #1659, 1000.000000000000114 ) ;
#195 = DIRECTION ( 'NONE',  ( 0.000000000000000000, 1.000000000000000000, -0.000000000000000000 ) ) ;
#196 = CARTESIAN_POINT ( 'NONE',  ( 0.000000000000000000, 0.000000000000000000, 21.79449471770336544 ) ) ;
#197 = DIRECTION ( 'NONE',  ( 0.000000000000000000, 1.000000000000000000, 0.000000000000000000 ) ) ;
#198 = FACE_OUTER_BOUND ( 'NONE', #2366, .T. ) ;
#199 = CARTESIAN_POINT ( 'NONE',  ( 0.1338961041474128477, 31.99998218584442000, 13.49995203792118836 ) ) ;
#200 = CARTESIAN_POINT ( 'NONE',  ( -7.565794909573500426, 21.39256834237831484, 8.062337658819020092 ) ) ;
#201 = ORIENTED_EDGE ( 'NONE', *, *, #3258, .F. ) ;
#202 = AXIS2_PLACEMENT_3D ( 'NONE', #2151, #4221, #2454 ) ;
#203 = CARTESIAN_POINT ( 'NONE',  ( -2.090568235731843583, 31.72943121504147257, 19.16266901329750283 ) ) ;
#204 = EDGE_LOOP ( 'NONE', ( #1616, #1033, #4503, #1358 ) ) ;
#205 = AXIS2_PLACEMENT_3D ( 'NONE', #3137, #4557, #1361 ) ;
#206 = CARTESIAN_POINT ( 'NONE',  ( 9.027169873131189348, 30.28571428571428825, 10.40432602334240464 ) ) ;
#207 = CARTESIAN_POINT ( 'NONE',  ( 10.09154734377182727, 28.41071941792181832, 8.692510824850378626 ) ) ;
#208 = CARTESIAN_POINT ( 'NONE',  ( -1.469939631545140069, 12.99831523695812940, 14.55142992313980344 ) ) ;
#209 = CARTESIAN_POINT ( 'NONE',  ( -2.054609335553857274, 13.18972569340211720, 19.29805311861190020 ) ) ;
#210 = CARTESIAN_POINT ( 'NONE',  ( 6.456475587127603610, 28.72555594227929276, 11.57296548230124245 ) ) ;
#211 = DIRECTION ( 'NONE',  ( 1.000000000000000000, 0.000000000000000000, -0.000000000000000000 ) ) ;
#212 = VERTEX_POINT ( 'NONE', #3331 ) ;
#213 = ADVANCED_FACE ( 'NONE', ( #441 ), #1191, .T. ) ;
#214 = CARTESIAN_POINT ( 'NONE',  ( -10.60943673512309893, 20.99756008739942459, 6.658653199535160994 ) ) ;
#215 = ORIENTED_EDGE ( 'NONE', *, *, #2243, .T. ) ;
#216 = EDGE_CURVE ( 'NONE', #2979, #1924, #177, .T. ) ;
#217 = CARTESIAN_POINT ( 'NONE',  ( 9.027169873131189348, 30.28571428571428825, 10.40432602334240464 ) ) ;
#218 = CARTESIAN_POINT ( 'NONE',  ( -0.8842574763292386786, 37.99999999999997868, 16.49999999999998224 ) ) ;
#219 = EDGE_CURVE ( 'NONE', #3321, #1558, #2434, .T. ) ;
#220 = CARTESIAN_POINT ( 'NONE',  ( 2.606693901203120056, 37.65685424949246141, 16.29279432465266453 ) ) ;
#221 = CARTESIAN_POINT ( 'NONE',  ( 0.8886754875832310052, 32.00054758642163222, 13.52950823744403053 ) ) ;
#222 = DIRECTION ( 'NONE',  ( -0.9187942236892682191, 0.000000000000000000, 0.3947368421052626641 ) ) ;
#223 = B_SPLINE_CURVE_WITH_KNOTS ( 'NONE', 3,
 ( #1131, #2088, #331, #2913 ),
 .UNSPECIFIED., .F., .F.,
 ( 4, 4 ),
 ( 0.000000000000000000, 0.002166899484072983429 ),
 .UNSPECIFIED. ) ;
#224 = APPROVAL_STATUS ( 'not_yet_approved' ) ;
#225 = DIRECTION ( 'NONE',  ( 0.9638220225600061530, -0.2174136833883592024, -0.1542024614065721499 ) ) ;
#226 = ORIENTED_EDGE ( 'NONE', *, *, #1111, .T. ) ;
#227 = CYLINDRICAL_SURFACE ( 'NONE', #2053, 7.499999999999998224 ) ;
#228 = CARTESIAN_POINT ( 'NONE',  ( 7.331261400470511447, 15.79711648910997468, 14.60083270716202364 ) ) ;
#229 = CARTESIAN_POINT ( 'NONE',  ( -4.681040179361842135, 17.50614650666166483, 16.05330841901004035 ) ) ;
#230 = CARTESIAN_POINT ( 'NONE',  ( 8.575666802966418700, 23.39790577486563095, 4.087544022493516671 ) ) ;
#231 = TOROIDAL_SURFACE ( 'NONE', #1712, 25.00000000000000355, 3.000000000000000000 ) ;
#232 = CARTESIAN_POINT ( 'NONE',  ( 2.132749555529811492, 37.65685424949238325, 13.33046808380663961 ) ) ;
#233 = CARTESIAN_POINT ( 'NONE',  ( 2.606693901203077868, 37.65685424949238325, 16.29279432465256150 ) ) ;
#234 = B_SPLINE_CURVE_WITH_KNOTS ( 'NONE', 3,
 ( #3582, #3505, #2074, #1727, #2919, #688, #315, #1513, #2054, #3183, #790, #2899, #1750, #2391, #3268, #1708 ),
 .UNSPECIFIED., .F., .F.,
 ( 4, 2, 2, 2, 2, 2, 2, 4 ),
 ( 0.007780765744835491278, 0.008297230141974896306, 0.008813694539114300466, 0.009846623333393120930, 0.01087955212767194139, 0.01191248092195076186, 0.01397833851050840105, 0.01604419609906604025 ),
 .UNSPECIFIED. ) ;
#235 = CIRCLE ( 'NONE', #2444, 13.50000000000000178 ) ;
#236 = ORIENTED_EDGE ( 'NONE', *, *, #498, .F. ) ;
#237 = CARTESIAN_POINT ( 'NONE',  ( 8.000690598070432813, 23.95148933694154181, 6.649530285640782523 ) ) ;
#238 = CARTESIAN_POINT ( 'NONE',  ( -9.335607509300752227, 29.84275445483274325, 9.970839369331324420 ) ) ;
#239 = ORIENTED_EDGE ( 'NONE', *, *, #216, .F. ) ;
#240 = CARTESIAN_POINT ( 'NONE',  ( 0.000000000000000000, 58.00000000000000000, 0.000000000000000000 ) ) ;
#241 = CARTESIAN_POINT ( 'NONE',  ( 0.000000000000000000, 13.48351840563290338, 0.000000000000000000 ) ) ;
#242 = CARTESIAN_POINT ( 'NONE',  ( 0.000000000000000000, -13.00000000000000000, 0.000000000000000000 ) ) ;
#243 = AXIS2_PLACEMENT_3D ( 'NONE', #2551, #787, #447 ) ;
#244 = EDGE_CURVE ( 'NONE', #933, #3326, #3269, .T. ) ;
#245 = CARTESIAN_POINT ( 'NONE',  ( 9.680811224910462087, 13.48351840563290338, 9.245356966207754823 ) ) ;
#246 = CARTESIAN_POINT ( 'NONE',  ( 0.000000000000000000, 3.000000000000000000, 0.000000000000000000 ) ) ;
#247 = CARTESIAN_POINT ( 'NONE',  ( -6.832718087775943694, 19.82198427485631242, 9.876411727510504335 ) ) ;
#248 = ADVANCED_FACE ( 'NONE', ( #3593 ), #3295, .T. ) ;
#249 = DATE_AND_TIME ( #3410, #792 ) ;
#250 = CARTESIAN_POINT ( 'NONE',  ( -10.74789140320019598, 34.82842712474618452, 9.733079183126733369 ) ) ;
#251 = VERTEX_POINT ( 'NONE', #2921 ) ;
#252 = CARTESIAN_POINT ( 'NONE',  ( -8.433233834183063493, 26.68514456851218597, 4.376097060435683694 ) ) ;
#253 = DIRECTION ( 'NONE',  ( 0.000000000000000000, 1.000000000000000000, 0.000000000000000000 ) ) ;
#254 = CARTESIAN_POINT ( 'NONE',  ( 9.680811224910501167, 13.48351840563290338, 9.245356966207779692 ) ) ;
#255 = CARTESIAN_POINT ( 'NONE',  ( 0.2012997923502685971, 15.99922676177194170, 9.798491668776543762 ) ) ;
#256 = CARTESIAN_POINT ( 'NONE',  ( 4.069961688398600508, 37.65685424949905524, 12.87336281436748919 ) ) ;
#257 = DIRECTION ( 'NONE',  ( 0.9187942236892678860, 0.000000000000000000, -0.3947368421052632192 ) ) ;
#258 = ORIENTED_EDGE ( 'NONE', *, *, #418, .T. ) ;
#259 = VECTOR ( 'NONE', #2821, 1000.000000000000000 ) ;
#260 = ORIENTED_EDGE ( 'NONE', *, *, #360, .T. ) ;
#261 = DIRECTION ( 'NONE',  ( 0.000000000000000000, 0.000000000000000000, 1.000000000000000000 ) ) ;
#262 = CARTESIAN_POINT ( 'NONE',  ( 11.28692006082698640, 24.51393418042925632, 5.371918313165343406 ) ) ;
#263 = CARTESIAN_POINT ( 'NONE',  ( 1.760364712500790629, 31.80391671399573994, 19.25512056549848339 ) ) ;
#264 = DIRECTION ( 'NONE',  ( 0.000000000000000000, 1.000000000000000000, -0.000000000000000000 ) ) ;
#265 = CARTESIAN_POINT ( 'NONE',  ( 1.482048411296769785, 8.724000056688126392, 16.81615530343087173 ) ) ;
#266 = DIRECTION ( 'NONE',  ( 0.000000000000000000, 1.000000000000000000, -0.000000000000000000 ) ) ;
#267 = EDGE_CURVE ( 'NONE', #817, #4477, #3440, .T. ) ;
#268 = AXIS2_PLACEMENT_3D ( 'NONE', #3814, #3789, #385 ) ;
#269 = AXIS2_PLACEMENT_3D ( 'NONE', #4295, #2555, #99 ) ;
#270 = APPROVAL_ROLE ( '' ) ;
#271 = ORIENTED_EDGE ( 'NONE', *, *, #4339, .F. ) ;
#272 = TOROIDAL_SURFACE ( 'NONE', #1458, 15.50000000000000000, 6.000000000000000000 ) ;
#273 = EDGE_LOOP ( 'NONE', ( #2981, #952, #544, #2594 ) ) ;
#274 = CARTESIAN_POINT ( 'NONE',  ( 3.080638246876422404, 37.65685424949256799, 19.25512056549861128 ) ) ;
#275 = DIRECTION ( 'NONE',  ( 0.000000000000000000, 1.000000000000000000, -0.000000000000000000 ) ) ;
#276 = CARTESIAN_POINT ( 'NONE',  ( -6.692323177495329567, 19.44348511135759949, 6.983792504109217703 ) ) ;
#277 = CARTESIAN_POINT ( 'NONE',  ( 6.136724567010267251, 37.65685424948942028, 12.02596884734748350 ) ) ;
#278 = CARTESIAN_POINT ( 'NONE',  ( 7.472760649256808385, 36.30944233902359741, 14.35472232037838047 ) ) ;
#279 = ORIENTED_EDGE ( 'NONE', *, *, #994, .T. ) ;
#280 = CARTESIAN_POINT ( 'NONE',  ( -11.19288317846974223, 22.12264967573865704, 5.565542664701840003 ) ) ;
#281 = VERTEX_POINT ( 'NONE', #3085 ) ;
#282 = CARTESIAN_POINT ( 'NONE',  ( 8.000000000000000000, 24.00000000000000355, -9.604686356149274573 ) ) ;
#283 = CARTESIAN_POINT ( 'NONE',  ( -5.827710996899928553, 29.48548869463938260, 14.76172523369634249 ) ) ;
#284 = VERTEX_POINT ( 'NONE', #969 ) ;
#285 = CARTESIAN_POINT ( 'NONE',  ( -7.743934284748552166, 37.65685424949236904, 11.08396463160295120 ) ) ;
#286 = CARTESIAN_POINT ( 'NONE',  ( -41.94736842105262298, -3.000000000000000888, 9.187942236892679304 ) ) ;
#287 = DIRECTION ( 'NONE',  ( 0.9187942236892679970, 0.000000000000000000, -0.3947368421052631637 ) ) ;
#288 = VERTEX_POINT ( 'NONE', #1950 ) ;
#289 = DIRECTION ( 'NONE',  ( 0.000000000000000000, 0.000000000000000000, 1.000000000000000000 ) ) ;
#290 = EDGE_CURVE ( 'NONE', #1833, #2266, #3363, .T. ) ;
#291 = EDGE_CURVE ( 'NONE', #1629, #1258, #3594, .T. ) ;
#292 = ORIENTED_EDGE ( 'NONE', *, *, #965, .T. ) ;
#293 = CARTESIAN_POINT ( 'NONE',  ( 0.000000000000000000, 35.00000000000000000, 0.000000000000000000 ) ) ;
#294 = CARTESIAN_POINT ( 'NONE',  ( -9.680811224910462087, 13.48351840563290338, 9.245356966207753047 ) ) ;
#295 = DIRECTION ( 'NONE',  ( -0.000000000000000000, -0.000000000000000000, 1.000000000000000000 ) ) ;
#296 = CARTESIAN_POINT ( 'NONE',  ( 2.255922943132969039, 13.05302295007479785, 14.33848199725408357 ) ) ;
#297 = ADVANCED_FACE ( 'NONE', ( #2787 ), #1222, .F. ) ;
#298 = CARTESIAN_POINT ( 'NONE',  ( -0.4586064717762604603, 15.88820343068646679, 9.874257469156232148 ) ) ;
#299 = EDGE_CURVE ( 'NONE', #3001, #2550, #118, .T. ) ;
#300 = CARTESIAN_POINT ( 'NONE',  ( 1.836782444621311905, 32.70416289465897819, 11.54111979762152984 ) ) ;
#301 = DIRECTION ( 'NONE',  ( 0.000000000000000000, 0.000000000000000000, 1.000000000000000000 ) ) ;
#302 = AXIS2_PLACEMENT_3D ( 'NONE', #1613, #264, #3451 ) ;
#303 = ORIENTED_EDGE ( 'NONE', *, *, #558, .F. ) ;
#304 = FACE_BOUND ( 'NONE', #2659, .T. ) ;
#305 = CARTESIAN_POINT ( 'NONE',  ( 7.561170929449968270, 26.62643474831971346, -9.954318886404655231 ) ) ;
#306 = DIRECTION ( 'NONE',  ( 0.000000000000000000, -1.000000000000000000, 0.000000000000000000 ) ) ;
#307 = CARTESIAN_POINT ( 'NONE',  ( -6.456260845420265682, 28.72590168279016609, 11.57615102066692181 ) ) ;
#308 = ORIENTED_EDGE ( 'NONE', *, *, #2105, .T. ) ;
#309 = CARTESIAN_POINT ( 'NONE',  ( 5.377755208677129417, 18.05655890815435072, -7.843296319135193428 ) ) ;
#310 = AXIS2_PLACEMENT_3D ( 'NONE', #1861, #2224, #3296 ) ;
#311 = EDGE_CURVE ( 'NONE', #924, #2666, #3037, .T. ) ;
#312 = DIRECTION ( 'NONE',  ( 0.2915675256063208765, 0.3896612239149039314, -0.8735860052616152283 ) ) ;
#313 = DIRECTION ( 'NONE',  ( -0.000000000000000000, -1.000000000000000000, 0.000000000000000000 ) ) ;
#314 = ORIENTED_EDGE ( 'NONE', *, *, #4451, .T. ) ;
#315 = CARTESIAN_POINT ( 'NONE',  ( -10.87445050833716742, 22.31266265847663988, 6.980268016767591455 ) ) ;
#316 = CARTESIAN_POINT ( 'NONE',  ( -7.585973564675548175, 11.30972705668425071, 13.25262826909446012 ) ) ;
#317 = CARTESIAN_POINT ( 'NONE',  ( -7.890491231356378421, 25.34571248579285907, -9.695094179544357260 ) ) ;
#318 = CARTESIAN_POINT ( 'NONE',  ( 0.000000000000000000, 37.65685424949238325, 0.000000000000000000 ) ) ;
#319 = CARTESIAN_POINT ( 'NONE',  ( -0.5963349930295684942, 15.78449112225893103, 9.942942698388305800 ) ) ;
#320 = B_SPLINE_CURVE_WITH_KNOTS ( 'NONE', 3,
 ( #3178, #742, #2510, #1792, #3198, #404, #4271, #4180, #9, #2133, #2850, #3154, #1404, #3547, #1019, #3860, #4552, #3499, #33, #2435, #4254, #2827, #1043, #1746 ),
 .UNSPECIFIED., .F., .F.,
 ( 4, 2, 2, 2, 2, 2, 2, 2, 2, 2, 2, 4 ),
 ( 0.000000000000000000, 0.002980934742198097440, 0.003726168427747623534, 0.004471402113297150496, 0.005961869484396211359, 0.006707103169945741357, 0.007452336855495269620, 0.008942804226594330483, 0.009688037912143862215, 0.01043327159769339395, 0.01117850528324292568, 0.01192373896879245915 ),
 .UNSPECIFIED. ) ;
#321 = CARTESIAN_POINT ( 'NONE',  ( 3.925352531173185167, 30.97818406968567828, 18.07574753074507612 ) ) ;
#322 = CARTESIAN_POINT ( 'NONE',  ( 9.972799843057606139, 35.12451049027799144, 11.44218303949037185 ) ) ;
#323 = EDGE_LOOP ( 'NONE', ( #2403, #3984, #4311, #2119, #3197 ) ) ;
#324 = ADVANCED_FACE ( 'NONE', ( #1262, #3086 ), #4473, .T. ) ;
#325 = ADVANCED_FACE ( 'NONE', ( #632 ), #2406, .F. ) ;
#326 = CARTESIAN_POINT ( 'NONE',  ( 8.557965542849194307, 22.90849853662635738, 4.124881806410191309 ) ) ;
#327 = CARTESIAN_POINT ( 'NONE',  ( -10.41593485896954796, 20.38625933262417078, 6.967313920360538759 ) ) ;
#328 = DIRECTION ( 'NONE',  ( 0.000000000000000000, 0.000000000000000000, 1.000000000000000000 ) ) ;
#329 = VERTEX_POINT ( 'NONE', #4450 ) ;
#330 = CARTESIAN_POINT ( 'NONE',  ( -6.947616190602747821, 27.98204905413290433, 9.625651763202267119 ) ) ;
#331 = CARTESIAN_POINT ( 'NONE',  ( -0.7324570424346271702, 38.00000000000000711, 13.50000000000000178 ) ) ;
#332 = CARTESIAN_POINT ( 'NONE',  ( -1.794694268350176314, 32.56322210503020642, 11.76189411948837638 ) ) ;
#333 = EDGE_LOOP ( 'NONE', ( #2319, #4223, #3853, #3199 ) ) ;
#334 = EDGE_CURVE ( 'NONE', #3723, #1353, #2290, .T. ) ;
#335 = VECTOR ( 'NONE', #3015, 1000.000000000000000 ) ;
#336 = FACE_OUTER_BOUND ( 'NONE', #762, .T. ) ;
#337 = CARTESIAN_POINT ( 'NONE',  ( 0.5994071045016426957, 8.647597717158896913, 16.91000425440267563 ) ) ;
#338 = LINE ( 'NONE', #2116, #4455 ) ;
#339 = CIRCLE ( 'NONE', #1236, 3.000000000000000000 ) ;
#340 = ORIENTED_EDGE ( 'NONE', *, *, #2871, .F. ) ;
#341 = CARTESIAN_POINT ( 'NONE',  ( -7.749786367469400084, 11.44434817467519316, 13.04055829701198199 ) ) ;
#342 = LINE ( 'NONE', #3556, #54 ) ;
#343 = LINE ( 'NONE', #4296, #811 ) ;
#344 = CARTESIAN_POINT ( 'NONE',  ( 4.950470483496284047, 8.554732586425954466, 12.58459793640866486 ) ) ;
#345 = PLANE ( 'NONE',  #2968 ) ;
#346 = VERTEX_POINT ( 'NONE', #2383 ) ;
#347 = B_SPLINE_CURVE_WITH_KNOTS ( 'NONE', 3,
 ( #3580, #3920, #416, #3875, #1395, #2800, #349, #4196 ),
 .UNSPECIFIED., .F., .F.,
 ( 4, 2, 2, 4 ),
 ( 0.000000000000000000, 0.001231808242434823336, 0.002463616484869646673, 0.004927232969739293346 ),
 .UNSPECIFIED. ) ;
#348 = CARTESIAN_POINT ( 'NONE',  ( 7.787361736691176262, 25.92320384327350524, 5.629866579379617875 ) ) ;
#349 = CARTESIAN_POINT ( 'NONE',  ( -1.630543187482333956, 34.90857993882599430, 19.41597534640151324 ) ) ;
#350 = DIRECTION ( 'NONE',  ( 0.000000000000000000, 1.000000000000000000, -0.000000000000000000 ) ) ;
#351 = FACE_OUTER_BOUND ( 'NONE', #1025, .T. ) ;
#352 = CARTESIAN_POINT ( 'NONE',  ( -11.48912529307605723, 32.00000000000000000, 10.40432602334240464 ) ) ;
#353 = ADVANCED_FACE ( 'NONE', ( #3728 ), #3018, .F. ) ;
#354 = CARTESIAN_POINT ( 'NONE',  ( 0.000000000000000000, 15.61249499599599488, 0.000000000000000000 ) ) ;
#355 = CARTESIAN_POINT ( 'NONE',  ( -5.503240309310313272, 29.81095067784841390, 15.68117892000309155 ) ) ;
#356 = ORIENTED_EDGE ( 'NONE', *, *, #1396, .T. ) ;
#357 = CIRCLE ( 'NONE', #3888, 2.999999999999999556 ) ;
#358 = CARTESIAN_POINT ( 'NONE',  ( 8.142591509735636279, 19.56968232911854955, 4.895706162872466294 ) ) ;
#359 = DIRECTION ( 'NONE',  ( 0.000000000000000000, 0.000000000000000000, 1.000000000000000000 ) ) ;
#360 = EDGE_CURVE ( 'NONE', #1766, #505, #4488, .T. ) ;
#361 = AXIS2_PLACEMENT_3D ( 'NONE', #3456, #289, #2363 ) ;
#362 = ORIENTED_EDGE ( 'NONE', *, *, #4523, .T. ) ;
#363 = FACE_OUTER_BOUND ( 'NONE', #2530, .T. ) ;
#364 = ADVANCED_FACE ( 'NONE', ( #2044 ), #4276, .F. ) ;
#365 = DIRECTION ( 'NONE',  ( 0.000000000000000000, -0.9132672398347350118, -0.4073609562103915338 ) ) ;
#366 = ORIENTED_EDGE ( 'NONE', *, *, #4243, .T. ) ;
#367 = DIRECTION ( 'NONE',  ( 0.9187942236892679970, 0.000000000000000000, 0.3947368421052629972 ) ) ;
#368 = CARTESIAN_POINT ( 'NONE',  ( 38.00000000000000000, -3.000000000000000888, 7.499999999999998224 ) ) ;
#369 = CARTESIAN_POINT ( 'NONE',  ( 2.674070362360620567, 7.627317333520219123, 13.81073214815126704 ) ) ;
#370 = LINE ( 'NONE', #1780, #3557 ) ;
#371 = CARTESIAN_POINT ( 'NONE',  ( 7.833427689254903292, 25.63780377859984938, 7.235969167249608702 ) ) ;
#372 = CARTESIAN_POINT ( 'NONE',  ( -10.14820564497349054, 19.74690677256899818, 8.572800833741370141 ) ) ;
#373 = CARTESIAN_POINT ( 'NONE',  ( -11.28684177728158033, 24.51627573438295116, 5.372083208411708277 ) ) ;
#374 = EDGE_LOOP ( 'NONE', ( #366, #944, #193, #340, #453 ) ) ;
#375 = CARTESIAN_POINT ( 'NONE',  ( -3.741695327449131359, 31.08003633540487343, 18.24409804635656585 ) ) ;
#376 = CARTESIAN_POINT ( 'NONE',  ( 9.868421052631580537, -3.000000000000000000, 22.96985559223169915 ) ) ;
#377 = CC_DESIGN_PERSON_AND_ORGANIZATION_ASSIGNMENT ( #4504, #4141, ( #1246 ) ) ;
#378 = LINE ( 'NONE', #2152, #4074 ) ;
#379 = ORIENTED_EDGE ( 'NONE', *, *, #4492, .T. ) ;
#380 = CARTESIAN_POINT ( 'NONE',  ( 2.719907021055107510, 16.47161100829999825, -9.106285924446837043 ) ) ;
#381 = ADVANCED_FACE ( 'NONE', ( #198 ), #2691, .F. ) ;
#382 = DIRECTION ( 'NONE',  ( 0.000000000000000000, -1.000000000000000000, 0.000000000000000000 ) ) ;
#383 = ORIENTED_EDGE ( 'NONE', *, *, #1762, .F. ) ;
#384 = DIRECTION ( 'NONE',  ( 0.000000000000000000, 0.000000000000000000, 1.000000000000000000 ) ) ;
#385 = DIRECTION ( 'NONE',  ( 0.7412338898758745742, 0.000000000000000000, -0.6712468402156391845 ) ) ;
#386 = AXIS2_PLACEMENT_3D ( 'NONE', #4419, #920, #3332 ) ;
#387 = ORIENTED_EDGE ( 'NONE', *, *, #3651, .T. ) ;
#388 = CIRCLE ( 'NONE', #1931, 6.000000000000000888 ) ;
#389 = EDGE_CURVE ( 'NONE', #2220, #1299, #76, .T. ) ;
#390 = VERTEX_POINT ( 'NONE', #1656 ) ;
#391 = EDGE_CURVE ( 'NONE', #4120, #2083, #3909, .T. ) ;
#392 = CARTESIAN_POINT ( 'NONE',  ( -8.000000000000000000, 24.00000000000000355, -5.123475382979802539 ) ) ;
#393 = CARTESIAN_POINT ( 'NONE',  ( -3.324391464091284831, 34.49581233990290485, 19.03998365457561448 ) ) ;
#394 = CARTESIAN_POINT ( 'NONE',  ( 8.000000000000000000, 24.00000000000000355, -5.123475382979803427 ) ) ;
#395 = CARTESIAN_POINT ( 'NONE',  ( 7.140985390752872419, 27.78192256321193554, 6.494223764200921956 ) ) ;
#396 = CARTESIAN_POINT ( 'NONE',  ( -10.52263478009845521, 18.91339777668870425, 6.749666305463802196 ) ) ;
#397 = CARTESIAN_POINT ( 'NONE',  ( -11.20936036568579830, 15.61249499599599488, 10.70515017139845071 ) ) ;
#398 = CARTESIAN_POINT ( 'NONE',  ( 3.475392982267206074E-20, 16.00000000000000355, -12.50000000000000000 ) ) ;
#399 = DIRECTION ( 'NONE',  ( 1.000000000000000000, -0.000000000000000000, 1.224646799147353207E-16 ) ) ;
#400 = CARTESIAN_POINT ( 'NONE',  ( 11.15949110725637894, 21.84248078282869798, 5.632910120893376060 ) ) ;
#401 = ORIENTED_EDGE ( 'NONE', *, *, #2948, .T. ) ;
#402 = CARTESIAN_POINT ( 'NONE',  ( 2.200343572737828435, 16.30370068309151677, -9.245584119074077734 ) ) ;
#403 =( BOUNDED_SURFACE ( )  B_SPLINE_SURFACE ( 3, 2, ( 
 ( #2121, #2417, #2493 ),
 ( #2140, #1362, #4189 ),
 ( #3554, #1799, #3164 ),
 ( #4210, #2767, #1728 ),
 ( #3204, #1004, #4144 ),
 ( #3821, #4165, #358 ),
 ( #1327, #3176, #1354 ),
 ( #1012, #4516, #3146 ),
 ( #1370, #3079, #2728 ),
 ( #4491, #3828, #2426 ),
 ( #673, #1346, #4151 ),
 ( #2799, #3490, #326 ),
 ( #4195, #1394, #3399 ),
 ( #237, #1322, #1297 ),
 ( #2709, #4109, #3761 ),
 ( #3169, #64, #1479 ),
 ( #3190, #2883, #3560 ),
 ( #4303, #1, #3603 ),
 ( #3254, #2540, #1804 ),
 ( #4282, #348, #26 ),
 ( #371, #4241, #437 ),
 ( #84, #1438, #1782 ),
 ( #4217, #2841, #3579 ),
 ( #3537, #395, #1501 ),
 ( #1126, #2184, #3940 ),
 ( #1082, #2908, #777 ),
 ( #2498, #3233, #1845 ),
 ( #3896, #3919, #733 ) ),
 .UNSPECIFIED., .F., .F., .F. ) 
 B_SPLINE_SURFACE_WITH_KNOTS ( ( 4, 2, 2, 2, 2, 2, 2, 2, 2, 2, 2, 2, 2, 4 ),
 ( 3, 3 ),
 ( 0.000000000000000000, 0.002413840195108351780, 0.004827680390216703560, 0.006034600487770879450, 0.007241520585325055340, 0.008448440682879230362, 0.009655360780433407120, 0.01025882082921049550, 0.01086228087798758388, 0.01206920097554175890, 0.01327612107309593392, 0.01448304117065011068, 0.01689688136575846072, 0.01931072156086681424 ),
 ( 0.000000000000000000, 1.000000000000000000 ),
 .UNSPECIFIED. ) 
 GEOMETRIC_REPRESENTATION_ITEM ( )  RATIONAL_B_SPLINE_SURFACE ( (
 ( 1.000000000000000000, 0.8885468899242329188, 1.000000000000000000),
 ( 1.000000000000000000, 0.9005335631554353126, 1.000000000000000000),
 ( 1.000000000000000000, 0.9115947935550520187, 1.000000000000000000),
 ( 1.000000000000000000, 0.9316123546224518437, 1.000000000000000000),
 ( 1.000000000000000000, 0.9405764920386157080, 1.000000000000000000),
 ( 1.000000000000000000, 0.9521870873866888907, 1.000000000000000000),
 ( 1.000000000000000000, 0.9557534423641147470, 1.000000000000000000),
 ( 1.000000000000000000, 0.9620884667863045525, 1.000000000000000000),
 ( 1.000000000000000000, 0.9648732586778909770, 1.000000000000000000),
 ( 1.000000000000000000, 0.9695822131898812479, 1.000000000000000000),
 ( 1.000000000000000000, 0.9715142922483553933, 1.000000000000000000),
 ( 1.000000000000000000, 0.9742826000123953056, 1.000000000000000000),
 ( 1.000000000000000000, 0.9751338059969472116, 1.000000000000000000),
 ( 1.000000000000000000, 0.9755464398866060538, 1.000000000000000000),
 ( 1.000000000000000000, 0.9755382800404504007, 1.000000000000000000),
 ( 1.000000000000000000, 0.9752268773978924887, 1.000000000000000000),
 ( 1.000000000000000000, 0.9749260371448543738, 1.000000000000000000),
 ( 1.000000000000000000, 0.9736108668337426497, 1.000000000000000000),
 ( 1.000000000000000000, 0.9721851596251175343, 1.000000000000000000),
 ( 1.000000000000000000, 0.9683255495354731179, 1.000000000000000000),
 ( 1.000000000000000000, 0.9659156530497583493, 1.000000000000000000),
 ( 1.000000000000000000, 0.9603380922566774336, 1.000000000000000000),
 ( 1.000000000000000000, 0.9571596080000002171, 1.000000000000000000),
 ( 1.000000000000000000, 0.9465710864393660495, 1.000000000000000000),
 ( 1.000000000000000000, 0.9380686643563836968, 1.000000000000000000),
 ( 1.000000000000000000, 0.9189642877059894799, 1.000000000000000000),
 ( 1.000000000000000000, 0.9083271005875492854, 1.000000000000000000),
 ( 1.000000000000000000, 0.8967426974543969420, 1.000000000000000000) ) ) 
 REPRESENTATION_ITEM ( '' )  SURFACE ( )  );
#404 = CARTESIAN_POINT ( 'NONE',  ( 6.526783857531269106, 9.637885549795610629, 10.98066648111305277 ) ) ;
#405 = EDGE_LOOP ( 'NONE', ( #423, #239, #3488, #4119, #2463 ) ) ;
#406 = DIRECTION ( 'NONE',  ( 0.000000000000000000, 0.000000000000000000, 1.000000000000000000 ) ) ;
#407 = CARTESIAN_POINT ( 'NONE',  ( 4.329828837326960667, 17.26692658595014152, 16.66601204337015218 ) ) ;
#408 = CIRCLE ( 'NONE', #2622, 7.499999999999998224 ) ;
#409 = ORIENTED_EDGE ( 'NONE', *, *, #4339, .T. ) ;
#410 = EDGE_CURVE ( 'NONE', #3566, #4540, #4526, .T. ) ;
#411 = CARTESIAN_POINT ( 'NONE',  ( -3.455290292431254962, 31.22022078964113945, -8.853126566392742092 ) ) ;
#412 = CARTESIAN_POINT ( 'NONE',  ( 0.000000000000000000, -80.88225099390857054, 0.000000000000000000 ) ) ;
#413 = EDGE_CURVE ( 'NONE', #3596, #2805, #1923, .T. ) ;
#414 = CARTESIAN_POINT ( 'NONE',  ( -4.576785696068807141, 8.356913310127939809, 12.85604163624979357 ) ) ;
#415 = CARTESIAN_POINT ( 'NONE',  ( -4.869021949846128017, 13.79507043150102241, 12.68537675871583303 ) ) ;
#416 = CARTESIAN_POINT ( 'NONE',  ( 1.624681838975567061, 34.88703498681255866, 19.39699433047413635 ) ) ;
#417 = LINE ( 'NONE', #1128, #3060 ) ;
#418 = EDGE_CURVE ( 'NONE', #4010, #1002, #320, .T. ) ;
#419 = CARTESIAN_POINT ( 'NONE',  ( -7.488914808133046108, 26.84375068123386754, 8.287424633782777050 ) ) ;
#420 = CARTESIAN_POINT ( 'NONE',  ( -3.399573914499672167, 31.25355845191247184, 18.50874575555733870 ) ) ;
#421 = DIRECTION ( 'NONE',  ( 0.9187942236892678860, 0.000000000000000000, 0.3947368421052632748 ) ) ;
#422 = CIRCLE ( 'NONE', #4029, 21.79449471770336544 ) ;
#423 = ORIENTED_EDGE ( 'NONE', *, *, #2758, .T. ) ;
#424 = LINE ( 'NONE', #469, #1468 ) ;
#425 = CC_DESIGN_PERSON_AND_ORGANIZATION_ASSIGNMENT ( #3773, #2005, ( #1642 ) ) ;
#426 = VERTEX_POINT ( 'NONE', #1426 ) ;
#427 = LINE ( 'NONE', #472, #1430 ) ;
#428 = CIRCLE ( 'NONE', #4394, 11.27272727272727337 ) ;
#429 =( BOUNDED_SURFACE ( )  B_SPLINE_SURFACE ( 3, 2, ( 
 ( #1842, #2607, #3250 ),
 ( #105, #2560, #82 ),
 ( #393, #1866, #731 ),
 ( #1521, #3274, #1497 ),
 ( #2927, #4322, #1101 ),
 ( #1169, #2519, #3983 ),
 ( #1822, #816, #3916 ),
 ( #2142, #3558, #2229 ),
 ( #3644, #2007, #3323 ),
 ( #890, #3390, #2678 ),
 ( #1597, #1287, #3411 ),
 ( #179, #912, #3022 ),
 ( #4392, #4032, #868 ),
 ( #2697, #2317, #4075 ),
 ( #3751, #3733, #4411 ),
 ( #3043, #1911, #1935 ),
 ( #1307, #4095, #2300 ),
 ( #2978, #4434, #250 ) ),
 .UNSPECIFIED., .F., .F., .F. ) 
 B_SPLINE_SURFACE_WITH_KNOTS ( ( 4, 2, 2, 2, 2, 2, 2, 2, 4 ),
 ( 3, 3 ),
 ( 0.02064247267690880877, 0.02244506943554274575, 0.02424766619417667926, 0.02605026295281061277, 0.02785285971144454975, 0.02965545647007848673, 0.03145805322871242371, 0.03326064998734636069, 0.03506324674598029073 ),
 ( 0.000000000000000000, 1.000000000000000000 ),
 .UNSPECIFIED. ) 
 GEOMETRIC_REPRESENTATION_ITEM ( )  RATIONAL_B_SPLINE_SURFACE ( (
 ( 1.000000000000000000, 0.7192924026112155200, 1.000000000000000000),
 ( 1.000000000000000000, 0.7164625821454126964, 1.000000000000000000),
 ( 1.000000000000000000, 0.7129286567524633078, 1.000000000000000000),
 ( 1.000000000000000000, 0.7050835984971002279, 1.000000000000000000),
 ( 1.000000000000000000, 0.7008552762680021475, 1.000000000000000000),
 ( 1.000000000000000000, 0.6921936402140104194, 1.000000000000000000),
 ( 1.000000000000000000, 0.6877659025384903480, 1.000000000000000000),
 ( 1.000000000000000000, 0.6787217035262897991, 1.000000000000000000),
 ( 1.000000000000000000, 0.6742329587180736494, 1.000000000000000000),
 ( 1.000000000000000000, 0.6648865537570135542, 1.000000000000000000),
 ( 1.000000000000000000, 0.6600158329100309640, 1.000000000000000000),
 ( 1.000000000000000000, 0.6489146023775440586, 1.000000000000000000),
 ( 1.000000000000000000, 0.6428277428368098789, 1.000000000000000000),
 ( 1.000000000000000000, 0.6285017151288070369, 1.000000000000000000),
 ( 1.000000000000000000, 0.6202177989323388596, 1.000000000000000000),
 ( 1.000000000000000000, 0.6005491175625532474, 1.000000000000000000),
 ( 1.000000000000000000, 0.5892691055665989497, 1.000000000000000000),
 ( 1.000000000000000000, 0.5762017672644464961, 1.000000000000000000) ) ) 
 REPRESENTATION_ITEM ( '' )  SURFACE ( )  );
#430 = SPHERICAL_SURFACE ( 'NONE', #4541, 3.000000000000000000 ) ;
#431 = CC_DESIGN_SECURITY_CLASSIFICATION ( #1246, ( #650 ) ) ;
#432 = FACE_OUTER_BOUND ( 'NONE', #2857, .T. ) ;
#433 = ORIENTED_EDGE ( 'NONE', *, *, #3294, .F. ) ;
#434 = CARTESIAN_POINT ( 'NONE',  ( 0.000000000000000000, -13.00000000000000000, 0.000000000000000000 ) ) ;
#435 = DIRECTION ( 'NONE',  ( 0.000000000000000000, 1.000000000000000000, 0.000000000000000000 ) ) ;
#436 = CARTESIAN_POINT ( 'NONE',  ( 2.718249775877369601, 31.52892146629568515, -9.106727740696610951 ) ) ;
#437 = CARTESIAN_POINT ( 'NONE',  ( 8.401982924236152783, 26.86615661244557529, 4.434948844302256887 ) ) ;
#438 = CARTESIAN_POINT ( 'NONE',  ( 3.604424498365959018, 16.85324501467450276, -11.97146336151849866 ) ) ;
#439 = CARTESIAN_POINT ( 'NONE',  ( -2.744446613805063606, 14.75081757457301279, 8.494924577482983352 ) ) ;
#440 = EDGE_CURVE ( 'NONE', #1577, #1558, #3249, .T. ) ;
#441 = FACE_OUTER_BOUND ( 'NONE', #1547, .T. ) ;
#442 = CARTESIAN_POINT ( 'NONE',  ( -4.745012520788623789, 30.44252883389021491, 17.10186591190365846 ) ) ;
#443 = CARTESIAN_POINT ( 'NONE',  ( 0.2958476111619445237, 32.00008822939359021, 19.50011085231264119 ) ) ;
#444 = ORIENTED_EDGE ( 'NONE', *, *, #1992, .T. ) ;
#445 = CARTESIAN_POINT ( 'NONE',  ( 8.425123796272355747, 26.67782565398109540, 4.390626004865069376 ) ) ;
#446 = ORIENTED_EDGE ( 'NONE', *, *, #1885, .F. ) ;
#447 = DIRECTION ( 'NONE',  ( 0.7412338898758745742, 0.000000000000000000, 0.6712468402156390734 ) ) ;
#448 = CARTESIAN_POINT ( 'NONE',  ( 38.00000000000000000, -13.00000000000000000, -4.499999999999998224 ) ) ;
#449 = CARTESIAN_POINT ( 'NONE',  ( -7.384271707888559355, 32.15496156180805087, 15.96996742471732844 ) ) ;
#450 = DIRECTION ( 'NONE',  ( 0.9187942236892679970, 0.000000000000000000, 0.3947368421052630527 ) ) ;
#451 = CARTESIAN_POINT ( 'NONE',  ( 3.359939234761793347, 34.51338017416642145, 15.83433206535669946 ) ) ;
#452 = CIRCLE ( 'NONE', #2816, 13.50000000000000178 ) ;
#453 = ORIENTED_EDGE ( 'NONE', *, *, #3659, .F. ) ;
#454 = DIRECTION ( 'NONE',  ( 0.000000000000000000, 0.000000000000000000, 1.000000000000000000 ) ) ;
#455 = DIRECTION ( 'NONE',  ( 0.000000000000000000, 0.000000000000000000, 1.000000000000000000 ) ) ;
#456 = ORIENTED_EDGE ( 'NONE', *, *, #3465, .F. ) ;
#457 = CARTESIAN_POINT ( 'NONE',  ( 41.94736842105263719, 0.000000000000000000, 9.187942236892677528 ) ) ;
#458 = DIRECTION ( 'NONE',  ( 0.9187942236892679970, 0.000000000000000000, -0.3947368421052631637 ) ) ;
#459 = CARTESIAN_POINT ( 'NONE',  ( 10.71206208201880017, 26.53817957774733571, 6.485931209126017727 ) ) ;
#460 = CARTESIAN_POINT ( 'NONE',  ( 2.049051260888725245, 8.807684771779745958, 16.71268802515897178 ) ) ;
#461 = CARTESIAN_POINT ( 'NONE',  ( 7.629477970198910164, 21.58410310109871233, 7.875805237221490174 ) ) ;
#462 = DIRECTION ( 'NONE',  ( 0.000000000000000000, 1.000000000000000000, -0.000000000000000000 ) ) ;
#463 = CIRCLE ( 'NONE', #243, 5.999999999999999112 ) ;
#464 = CARTESIAN_POINT ( 'NONE',  ( -7.993639939917487780, 23.60461019774605518, 6.675469239478585060 ) ) ;
#465 = FACE_OUTER_BOUND ( 'NONE', #2574, .T. ) ;
#466 = CARTESIAN_POINT ( 'NONE',  ( 7.773258803285828300, 25.90189894153567707, 7.432265904049574878 ) ) ;
#467 = ORIENTED_EDGE ( 'NONE', *, *, #3959, .T. ) ;
#468 = EDGE_CURVE ( 'NONE', #3152, #3927, #2156, .T. ) ;
#469 = CARTESIAN_POINT ( 'NONE',  ( 0.000000000000000000, -13.00000000000000000, 28.00000000000000355 ) ) ;
#470 = ORIENTED_EDGE ( 'NONE', *, *, #1491, .F. ) ;
#471 = ADVANCED_FACE ( 'NONE', ( #4224, #336 ), #3219, .F. ) ;
#472 = CARTESIAN_POINT ( 'NONE',  ( -8.000000000000000000, 24.00000000000000355, -28.00000000000000355 ) ) ;
#473 = CARTESIAN_POINT ( 'NONE',  ( 4.799294098771647477, 17.59309189132319418, 15.82270747307248548 ) ) ;
#474 = EDGE_CURVE ( 'NONE', #426, #687, #2483, .T. ) ;
#475 = CARTESIAN_POINT ( 'NONE',  ( -2.674467134112977096, 34.67309730291992054, 19.20340696225835231 ) ) ;
#476 = CARTESIAN_POINT ( 'NONE',  ( -7.883512703114157638, 22.61357026007758719, -5.301863032209273463 ) ) ;
#477 = CARTESIAN_POINT ( 'NONE',  ( 4.806597299343981611, 33.89674272267717470, 18.41952651658158402 ) ) ;
#478 = VERTEX_POINT ( 'NONE', #703 ) ;
#479 = AXIS2_PLACEMENT_3D ( 'NONE', #3213, #1348, #4244 ) ;
#480 = CARTESIAN_POINT ( 'NONE',  ( 38.00000000000000000, -13.00000000000000000, -7.499999999999998224 ) ) ;
#481 = VECTOR ( 'NONE', #857, 1000.000000000000000 ) ;
#482 = DIRECTION ( 'NONE',  ( 0.000000000000000000, 1.000000000000000000, -0.000000000000000000 ) ) ;
#483 = EDGE_LOOP ( 'NONE', ( #2801, #4006, #595, #3304 ) ) ;
#484 = CARTESIAN_POINT ( 'NONE',  ( -8.000000000000000000, 24.00000000000000355, -5.123475382979802539 ) ) ;
#485 = CARTESIAN_POINT ( 'NONE',  ( 10.98884977668683227, 23.38533725770988525, 5.996360289465180848 ) ) ;
#486 = CARTESIAN_POINT ( 'NONE',  ( -1.873682436807398988, 13.15751051354157752, 19.34893470016639228 ) ) ;
#487 = CARTESIAN_POINT ( 'NONE',  ( 5.305877866593876391, 18.00724098530374917, -11.32008066273839120 ) ) ;
#488 = FACE_OUTER_BOUND ( 'NONE', #4127, .T. ) ;
#489 = CARTESIAN_POINT ( 'NONE',  ( -8.303983814220973869, 27.59975824138047429, 4.622179530350771337 ) ) ;
#490 = CARTESIAN_POINT ( 'NONE',  ( -11.48912529307605723, 32.00000000000000000, 10.40432602334240642 ) ) ;
#491 = DIRECTION ( 'NONE',  ( -0.000000000000000000, 0.000000000000000000, 1.000000000000000000 ) ) ;
#492 = VECTOR ( 'NONE', #4205, 1000.000000000000114 ) ;
#493 = VERTEX_POINT ( 'NONE', #2113 ) ;
#494 = AXIS2_PLACEMENT_3D ( 'NONE', #2236, #139, #514 ) ;
#495 = FACE_OUTER_BOUND ( 'NONE', #4290, .T. ) ;
#496 = CARTESIAN_POINT ( 'NONE',  ( -3.451313476093671451, 16.77788611836932375, -8.854671497024044768 ) ) ;
#497 = ORIENTED_EDGE ( 'NONE', *, *, #18, .F. ) ;
#498 = EDGE_CURVE ( 'NONE', #1057, #3168, #1767, .T. ) ;
#499 = CIRCLE ( 'NONE', #2256, 25.00000000000000355 ) ;
#500 = CARTESIAN_POINT ( 'NONE',  ( 10.99999999999999822, 24.33084211588229095, 6.652067347825037835 ) ) ;
#501 = CARTESIAN_POINT ( 'NONE',  ( 2.369824219807203924, 16.35588016626293850, 18.81816785555178839 ) ) ;
#502 = CARTESIAN_POINT ( 'NONE',  ( -4.812284787054188051, 33.90235372256334045, 18.43125113637890422 ) ) ;
#503 = CARTESIAN_POINT ( 'NONE',  ( 8.007331985264325880, 31.54337513820785333, 14.74811426892123301 ) ) ;
#504 = EDGE_CURVE ( 'NONE', #3409, #493, #4502, .T. ) ;
#505 = VERTEX_POINT ( 'NONE', #2843 ) ;
#506 = AXIS2_PLACEMENT_3D ( 'NONE', #4356, #2264, #3588 ) ;
#507 = LINE ( 'NONE', #2204, #1757 ) ;
#508 = ORIENTED_EDGE ( 'NONE', *, *, #3992, .T. ) ;
#509 = CARTESIAN_POINT ( 'NONE',  ( 6.069486182202401103, 29.23503863433182559, -7.321100676234781446 ) ) ;
#510 = CARTESIAN_POINT ( 'NONE',  ( 10.68072132062758683, 21.32999215510718471, 6.537620427223033381 ) ) ;
#511 = CARTESIAN_POINT ( 'NONE',  ( -1.930978629068913044, 13.02222662149452503, 14.44032765199140300 ) ) ;
#512 = DIRECTION ( 'NONE',  ( 0.000000000000000000, 1.000000000000000000, 0.000000000000000000 ) ) ;
#513 = DIRECTION ( 'NONE',  ( 0.000000000000000000, 0.000000000000000000, 1.000000000000000000 ) ) ;
#514 = DIRECTION ( 'NONE',  ( 0.000000000000000000, 0.000000000000000000, 1.000000000000000000 ) ) ;
#515 = DIRECTION ( 'NONE',  ( 0.000000000000000000, 0.000000000000000000, 1.000000000000000000 ) ) ;
#516 = CARTESIAN_POINT ( 'NONE',  ( 7.667413892471408587, 26.29162305107352537, 7.761679659114620655 ) ) ;
#517 = ORIENTED_EDGE ( 'NONE', *, *, #4020, .F. ) ;
#518 = CARTESIAN_POINT ( 'NONE',  ( 7.041721953820809787, 32.00000000000000000, 6.376844982048571531 ) ) ;
#519 = CARTESIAN_POINT ( 'NONE',  ( -1.924971895936911759, 16.23016529872772651, -9.306952075678491809 ) ) ;
#520 = VERTEX_POINT ( 'NONE', #3191 ) ;
#521 = DIRECTION ( 'NONE',  ( 0.3947368421052631082, 0.000000000000000000, -0.9187942236892679970 ) ) ;
#522 = CARTESIAN_POINT ( 'NONE',  ( 3.387855217246456441, 31.24986145077992816, 18.49918264572659510 ) ) ;
#523 = ADVANCED_FACE ( 'NONE', ( #1371 ), #986, .T. ) ;
#524 = CARTESIAN_POINT ( 'NONE',  ( -6.178340946111905652, 33.10338466050516359, 17.44535929353285297 ) ) ;
#525 = CARTESIAN_POINT ( 'NONE',  ( 4.878760831012845856, 34.00484663905994864, 14.60893507020679039 ) ) ;
#526 = CARTESIAN_POINT ( 'NONE',  ( 0.7148384447477982295, 37.97153891081690347, 13.48583198808739603 ) ) ;
#527 = VECTOR ( 'NONE', #3838, 1000.000000000000000 ) ;
#528 = EDGE_LOOP ( 'NONE', ( #1149, #2400, #991, #1495 ) ) ;
#529 = EDGE_CURVE ( 'NONE', #281, #3447, #1664, .T. ) ;
#530 = CARTESIAN_POINT ( 'NONE',  ( -9.199789656297898688, 35.49714723552601470, 12.59473096881767695 ) ) ;
#531 = CARTESIAN_POINT ( 'NONE',  ( -3.915662442970570201, 30.98345913588010703, 18.08426673410887275 ) ) ;
#532 = CARTESIAN_POINT ( 'NONE',  ( 7.773104037239456865, 25.91082414472836959, -5.462455556343869034 ) ) ;
#533 = AXIS2_PLACEMENT_3D ( 'NONE', #2467, #835, #2200 ) ;
#534 = ORIENTED_EDGE ( 'NONE', *, *, #3651, .F. ) ;
#535 = CIRCLE ( 'NONE', #4531, 9.999999999999998224 ) ;
#536 = EDGE_CURVE ( 'NONE', #520, #2788, #4229, .T. ) ;
#537 = AXIS2_PLACEMENT_3D ( 'NONE', #961, #899, #4126 ) ;
#538 = CARTESIAN_POINT ( 'NONE',  ( 10.94324880870875027, 25.17821607428470188, 6.080489763549302040 ) ) ;
#539 = CARTESIAN_POINT ( 'NONE',  ( 0.2430057448613007209, 12.99904789925283843, 14.69432699584314150 ) ) ;
#540 = CARTESIAN_POINT ( 'NONE',  ( 0.000000000000000000, 58.00000000000000000, 0.000000000000000000 ) ) ;
#541 = CARTESIAN_POINT ( 'NONE',  ( -1.006186249232277063, 7.310689574052240403, 14.20528456854575694 ) ) ;
#542 = DIRECTION ( 'NONE',  ( 0.000000000000000000, 0.000000000000000000, 1.000000000000000000 ) ) ;
#543 = FACE_OUTER_BOUND ( 'NONE', #4363, .T. ) ;
#544 = ORIENTED_EDGE ( 'NONE', *, *, #4451, .F. ) ;
#545 = PLANE ( 'NONE',  #4084 ) ;
#546 = DIRECTION ( 'NONE',  ( 0.000000000000000000, 0.000000000000000000, -1.000000000000000000 ) ) ;
#547 = CARTESIAN_POINT ( 'NONE',  ( 4.963566615652648117, 37.18800242610137019, 15.69946918362407473 ) ) ;
#548 = CARTESIAN_POINT ( 'NONE',  ( 0.5641381165119331298, 32.00410503039065446, 13.51527534241749251 ) ) ;
#549 = CARTESIAN_POINT ( 'NONE',  ( 41.94736842105263008, -3.000000000000000888, -9.187942236892682857 ) ) ;
#550 = ORIENTED_EDGE ( 'NONE', *, *, #4555, .F. ) ;
#551 = CARTESIAN_POINT ( 'NONE',  ( 0.000000000000000000, 0.000000000000000000, 0.000000000000000000 ) ) ;
#552 = CARTESIAN_POINT ( 'NONE',  ( 11.24405366920036009, 25.32790883010801153, 5.461107734838268613 ) ) ;
#553 = AXIS2_PLACEMENT_3D ( 'NONE', #114, #4220, #2129 ) ;
#554 = CARTESIAN_POINT ( 'NONE',  ( -3.987166255602696552, 9.299088090932142947, 16.09289573589545341 ) ) ;
#555 = EDGE_CURVE ( 'NONE', #2648, #2090, #3171, .T. ) ;
#556 = CARTESIAN_POINT ( 'NONE',  ( -2.682718501602260996, 7.629702144502330974, 13.80771669869806573 ) ) ;
#557 = CARTESIAN_POINT ( 'NONE',  ( -2.881913167437691659, 13.38053239646692560, 18.99379457875189914 ) ) ;
#558 = EDGE_CURVE ( 'NONE', #4489, #1376, #3864, .T. ) ;
#559 = CARTESIAN_POINT ( 'NONE',  ( 1.841211051137247035, 35.35576194281100015, 8.382549811203578116 ) ) ;
#560 = DIRECTION ( 'NONE',  ( -1.000000000000000000, 0.000000000000000000, 0.000000000000000000 ) ) ;
#561 = EDGE_LOOP ( 'NONE', ( #2195, #258, #4396, #3055, #2997 ) ) ;
#562 = CARTESIAN_POINT ( 'NONE',  ( -10.56903299651096262, 28.97656369240982244, 6.683406963045514182 ) ) ;
#563 = ORIENTED_EDGE ( 'NONE', *, *, #4515, .T. ) ;
#564 = AXIS2_PLACEMENT_3D ( 'NONE', #1330, #266, #1636 ) ;
#565 = CARTESIAN_POINT ( 'NONE',  ( -2.132749555551968434, 37.65685424949238325, 13.33046808380309223 ) ) ;
#566 = CARTESIAN_POINT ( 'NONE',  ( 6.565214453186319687, 28.57142857142857295, 10.40432602334240286 ) ) ;
#567 = CARTESIAN_POINT ( 'NONE',  ( 9.667953141758195201, 16.73719175088936240, 7.935176388664798353 ) ) ;
#568 = CARTESIAN_POINT ( 'NONE',  ( 1.471993333679816995, 31.86896594734560395, 19.33585980684319239 ) ) ;
#569 = CARTESIAN_POINT ( 'NONE',  ( -7.930749312492853420, 22.91743704158620432, 6.902182058034472156 ) ) ;
#570 = COORDINATED_UNIVERSAL_TIME_OFFSET ( 5, 30, .AHEAD. ) ;
#571 = DIRECTION ( 'NONE',  ( 0.000000000000000000, 0.000000000000000000, 1.000000000000000000 ) ) ;
#572 = VERTEX_POINT ( 'NONE', #4218 ) ;
#573 = AXIS2_PLACEMENT_3D ( 'NONE', #867, #4031, #2146 ) ;
#574 = PERSON ( 'UNSPECIFIED', 'UNSPECIFIED', 'UNSPECIFIED', ('UNSPECIFIED'), ('UNSPECIFIED'), ('UNSPECIFIED') ) ;
#575 = CARTESIAN_POINT ( 'NONE',  ( -2.125858084178234630, 31.73082967929731524, -12.32918733073211470 ) ) ;
#576 = CARTESIAN_POINT ( 'NONE',  ( 3.621811744473636185, 13.60085286692460294, 18.63728968535138009 ) ) ;
#577 = AXIS2_PLACEMENT_3D ( 'NONE', #3301, #2999, #1192 ) ;
#578 = CARTESIAN_POINT ( 'NONE',  ( -3.446306995659047967, 16.77829351108965383, 17.85079710525173624 ) ) ;
#579 = CARTESIAN_POINT ( 'NONE',  ( -7.774124851568273264, 22.06260889181155349, 7.433637381620664009 ) ) ;
#580 = CARTESIAN_POINT ( 'NONE',  ( 8.852497222397008869, 37.65685424965997186, 10.19984806567402913 ) ) ;
#581 = CARTESIAN_POINT ( 'NONE',  ( -9.577729566814074502, 29.43395352673285714, 9.586665343718726362 ) ) ;
#582 = ORIENTED_EDGE ( 'NONE', *, *, #4047, .F. ) ;
#583 = ADVANCED_FACE ( 'NONE', ( #1060 ), #3539, .T. ) ;
#584 = EDGE_CURVE ( 'NONE', #1672, #1685, #1289, .T. ) ;
#585 = DIRECTION ( 'NONE',  ( 0.000000000000000000, 1.000000000000000000, -0.000000000000000000 ) ) ;
#586 = ORIENTED_EDGE ( 'NONE', *, *, #2048, .T. ) ;
#587 = CARTESIAN_POINT ( 'NONE',  ( 10.75953932401654001, 21.69084517896090958, 7.262973036216378020 ) ) ;
#588 = CARTESIAN_POINT ( 'NONE',  ( 9.886956917588118898, 30.79700244964409350, 7.660486992941801354 ) ) ;
#589 = DIRECTION ( 'NONE',  ( -0.000000000000000000, -1.000000000000000000, -0.000000000000000000 ) ) ;
#590 = DIRECTION ( 'NONE',  ( -0.5714285714285713969, -0.8206518066482899609, 0.000000000000000000 ) ) ;
#591 = CARTESIAN_POINT ( 'NONE',  ( -1.346511516815541265, 16.10958577349369136, -12.43008024987229909 ) ) ;
#592 = CARTESIAN_POINT ( 'NONE',  ( -7.981694007016058912, 23.44197766245160963, 6.719138625033936663 ) ) ;
#593 = PERSON_AND_ORGANIZATION_ROLE ( 'design_supplier' ) ;
#594 = DIRECTION ( 'NONE',  ( 1.224646799147353207E-16, 0.000000000000000000, -1.000000000000000000 ) ) ;
#595 = ORIENTED_EDGE ( 'NONE', *, *, #3465, .T. ) ;
#596 = CARTESIAN_POINT ( 'NONE',  ( -3.607876400864704625, 31.15949695257397067, -11.97839533673006862 ) ) ;
#597 = CARTESIAN_POINT ( 'NONE',  ( 4.082166468666632575, 13.77435716060155180, 18.35222695043342611 ) ) ;
#598 = CARTESIAN_POINT ( 'NONE',  ( 0.3924427585801984475, 15.93905265169540719, 9.840618433203736970 ) ) ;
#599 = ADVANCED_FACE ( 'NONE', ( #1873 ), #755, .F. ) ;
#600 = CARTESIAN_POINT ( 'NONE',  ( -5.419025693222453199, 17.88898270113811151, 8.080800996597188757 ) ) ;
#601 = AXIS2_PLACEMENT_3D ( 'NONE', #666, #2077, #3483 ) ;
#602 = CARTESIAN_POINT ( 'NONE',  ( 4.683028519235495679, 30.48765783112332883, 17.19087152202466129 ) ) ;
#603 = LINE ( 'NONE', #2037, #748 ) ;
#604 = AXIS2_PLACEMENT_3D ( 'NONE', #4487, #2686, #4062 ) ;
#605 = ORIENTED_EDGE ( 'NONE', *, *, #3294, .T. ) ;
#606 = CARTESIAN_POINT ( 'NONE',  ( -10.94327044159441087, 25.17787226224259456, 6.080449735334716443 ) ) ;
#607 = EDGE_LOOP ( 'NONE', ( #91, #3380, #813, #1487 ) ) ;
#608 = CARTESIAN_POINT ( 'NONE',  ( 10.98329191639373015, 23.30754717510016150, 6.697255246237145521 ) ) ;
#609 = EDGE_CURVE ( 'NONE', #2562, #2648, #838, .T. ) ;
#610 = CARTESIAN_POINT ( 'NONE',  ( 0.000000000000000000, 35.00000000000000000, -9.500000000000001776 ) ) ;
#611 = CARTESIAN_POINT ( 'NONE',  ( 8.000000000000000000, 24.00000000000000355, -28.00000000000000355 ) ) ;
#612 = CARTESIAN_POINT ( 'NONE',  ( -4.280620442063558961, 17.23674946740257141, -11.74638695993404269 ) ) ;
#613 = CARTESIAN_POINT ( 'NONE',  ( 4.133659737955511559, 34.19686410546732702, 18.74058711964842416 ) ) ;
#614 = LINE ( 'NONE', #3408, #3586 ) ;
#615 = DATE_TIME_ROLE ( 'creation_date' ) ;
#616 = VERTEX_POINT ( 'NONE', #137 ) ;
#617 = ORIENTED_EDGE ( 'NONE', *, *, #1824, .F. ) ;
#618 = CARTESIAN_POINT ( 'NONE',  ( 8.911194165204822326, 30.45227171562919821, 11.46054897236399839 ) ) ;
#619 = FACE_OUTER_BOUND ( 'NONE', #4131, .T. ) ;
#620 = CARTESIAN_POINT ( 'NONE',  ( 5.878683699151920017, 10.15874494638090653, 14.94421004948520526 ) ) ;
#621 = CARTESIAN_POINT ( 'NONE',  ( 0.2414059383728931751, 7.272488409613915294, 14.25186923191865773 ) ) ;
#622 = CARTESIAN_POINT ( 'NONE',  ( 2.095864328850979952, 31.72823655141517207, 19.16118619392507938 ) ) ;
#623 = CARTESIAN_POINT ( 'NONE',  ( 11.20936036568579830, 15.61249499599599311, 10.70515017139845071 ) ) ;
#624 = ORIENTED_EDGE ( 'NONE', *, *, #2862, .F. ) ;
#625 = CIRCLE ( 'NONE', #4300, 3.000000000000000444 ) ;
#626 = AXIS2_PLACEMENT_3D ( 'NONE', #2085, #350, #735 ) ;
#627 = VERTEX_POINT ( 'NONE', #1106 ) ;
#628 = AXIS2_PLACEMENT_3D ( 'NONE', #1481, #2958, #4351 ) ;
#629 = CARTESIAN_POINT ( 'NONE',  ( 4.058653067101350764, 30.89895122973732811, -11.82519969226989076 ) ) ;
#630 = CARTESIAN_POINT ( 'NONE',  ( -1.841211051137252586, 35.35576194281100015, 8.382549811203588774 ) ) ;
#631 = EDGE_CURVE ( 'NONE', #2043, #4142, #417, .T. ) ;
#632 = FACE_OUTER_BOUND ( 'NONE', #1372, .T. ) ;
#633 = SPHERICAL_SURFACE ( 'NONE', #1046, 6.000000000000000000 ) ;
#634 = FACE_OUTER_BOUND ( 'NONE', #3468, .T. ) ;
#635 = ORIENTED_EDGE ( 'NONE', *, *, #2727, .T. ) ;
#636 = EDGE_CURVE ( 'NONE', #1249, #1270, #1463, .T. ) ;
#637 = DATE_AND_TIME ( #3093, #2125 ) ;
#638 = EDGE_CURVE ( 'NONE', #126, #2309, #2029, .T. ) ;
#639 = ORIENTED_EDGE ( 'NONE', *, *, #3656, .T. ) ;
#640 = AXIS2_PLACEMENT_3D ( 'NONE', #721, #1399, #2824 ) ;
#641 = VERTEX_POINT ( 'NONE', #1528 ) ;
#642 = DIRECTION ( 'NONE',  ( 0.9187942236892678860, 0.000000000000000000, 0.3947368421052632748 ) ) ;
#643 = CARTESIAN_POINT ( 'NONE',  ( -6.344499771649302566, 28.87980728905994710, -10.77181905727309186 ) ) ;
#644 = CARTESIAN_POINT ( 'NONE',  ( 6.433365630437264393, 15.06876218322938499, 16.05744679819649079 ) ) ;
#645 = CARTESIAN_POINT ( 'NONE',  ( 7.493496821003874153, 10.53110952998197014, 9.483509087910739765 ) ) ;
#646 = AXIS2_PLACEMENT_3D ( 'NONE', #3867, #2120, #2766 ) ;
#647 = CARTESIAN_POINT ( 'NONE',  ( 5.644177415590269753, 37.65685424950709859, 12.26486324859775756 ) ) ;
#648 = CARTESIAN_POINT ( 'NONE',  ( -9.027169873131189348, 30.28571428571428825, 10.40432602334240642 ) ) ;
#649 = ORIENTED_EDGE ( 'NONE', *, *, #219, .T. ) ;
#650 = PRODUCT_DEFINITION_FORMATION_WITH_SPECIFIED_SOURCE ( 'ANY', '', #3108, .NOT_KNOWN. ) ;
#651 = ORIENTED_EDGE ( 'NONE', *, *, #1139, .F. ) ;
#652 = CARTESIAN_POINT ( 'NONE',  ( -10.74789140320008762, 34.82842712474608504, 9.733079183126676526 ) ) ;
#653 = DIRECTION ( 'NONE',  ( 0.000000000000000000, 1.000000000000000000, -0.000000000000000000 ) ) ;
#654 = DIRECTION ( 'NONE',  ( 1.000000000000000000, 0.000000000000000000, 0.000000000000000000 ) ) ;
#655 = ORIENTED_EDGE ( 'NONE', *, *, #3714, .F. ) ;
#656 = CARTESIAN_POINT ( 'NONE',  ( 1.118916821428252328, 16.07373590900048299, -9.437977029798801709 ) ) ;
#657 = CARTESIAN_POINT ( 'NONE',  ( 0.000000000000000000, -3.000000000000000000, 0.000000000000000000 ) ) ;
#658 = EDGE_CURVE ( 'NONE', #2266, #3762, #3967, .T. ) ;
#659 = DIRECTION ( 'NONE',  ( 0.000000000000000000, 1.000000000000000000, -0.000000000000000000 ) ) ;
#660 = CARTESIAN_POINT ( 'NONE',  ( 0.000000000000000000, 15.61249499599599488, 0.000000000000000000 ) ) ;
#661 = ORIENTED_EDGE ( 'NONE', *, *, #2301, .T. ) ;
#662 = EDGE_CURVE ( 'NONE', #505, #520, #2936, .T. ) ;
#663 = CARTESIAN_POINT ( 'NONE',  ( -30.65153077165046724, -13.00000000000000000, 1.500000000000000000 ) ) ;
#664 = CARTESIAN_POINT ( 'NONE',  ( -8.898457887583946402, 12.50568933505894798, 11.26160974987271324 ) ) ;
#665 = CARTESIAN_POINT ( 'NONE',  ( 0.7290478516534539821, 37.96992671534113839, 13.48503102939518072 ) ) ;
#666 = CARTESIAN_POINT ( 'NONE',  ( 0.000000000000000000, 58.00000000000000000, 0.000000000000000000 ) ) ;
#667 = CARTESIAN_POINT ( 'NONE',  ( 4.432807868810489715, 17.33297192189066749, 16.49836343932599192 ) ) ;
#668 = CARTESIAN_POINT ( 'NONE',  ( 3.507321416302890071, 37.65685424949928972, 13.03793465286572939 ) ) ;
#669 = ADVANCED_FACE ( 'NONE', ( #4329 ), #2569, .F. ) ;
#670 = DIRECTION ( 'NONE',  ( -0.7231845397216644100, 0.000000000000000000, -0.6906548497676421317 ) ) ;
#671 = VECTOR ( 'NONE', #3426, 1000.000000000000000 ) ;
#672 = ORIENTED_EDGE ( 'NONE', *, *, #1134, .T. ) ;
#673 = CARTESIAN_POINT ( 'NONE',  ( 7.930874821115752482, 22.92651328884355166, 6.901566161986490755 ) ) ;
#674 = CYLINDRICAL_SURFACE ( 'NONE', #3622, 3.000000000000000000 ) ;
#675 = CARTESIAN_POINT ( 'NONE',  ( -11.48912529307605723, 32.00000000000000000, 10.40432602334240464 ) ) ;
#676 = DIRECTION ( 'NONE',  ( 0.9187942236892679970, 0.000000000000000000, 0.3947368421052629972 ) ) ;
#677 = VECTOR ( 'NONE', #156, 1000.000000000000227 ) ;
#678 = CARTESIAN_POINT ( 'NONE',  ( -7.903263916683639145, 25.26005203085775008, 6.998980546776840228 ) ) ;
#679 = CARTESIAN_POINT ( 'NONE',  ( -9.868421052631582313, 0.000000000000000000, 22.96985559223169915 ) ) ;
#680 = CYLINDRICAL_SURFACE ( 'NONE', #1500, 13.00000000000000178 ) ;
#681 = VERTEX_POINT ( 'NONE', #3256 ) ;
#682 = CARTESIAN_POINT ( 'NONE',  ( 3.694118111400429783, 16.89913737851664521, -8.755938180447557784 ) ) ;
#683 = DIRECTION ( 'NONE',  ( -0.1357478292767285988, -0.1949529773529292132, -0.9713731844496659162 ) ) ;
#684 = CARTESIAN_POINT ( 'NONE',  ( 9.265423623448434398, 32.00000000000000000, 8.390585502695488529 ) ) ;
#685 = LINE ( 'NONE', #4161, #492 ) ;
#686 = CIRCLE ( 'NONE', #3046, 6.000000000000000000 ) ;
#687 = VERTEX_POINT ( 'NONE', #3942 ) ;
#688 = CARTESIAN_POINT ( 'NONE',  ( -10.92043973907291488, 22.63775421989975101, 6.861724957367557387 ) ) ;
#689 = CARTESIAN_POINT ( 'NONE',  ( 0.000000000000000000, 35.00000000000000000, 0.000000000000000000 ) ) ;
#690 = CARTESIAN_POINT ( 'NONE',  ( -6.514188840693219795, 19.34961819457210552, -6.917522125604373073 ) ) ;
#691 = CARTESIAN_POINT ( 'NONE',  ( -0.1944328085301074704, 15.98578037912054661, 9.807800768386753631 ) ) ;
#692 = CARTESIAN_POINT ( 'NONE',  ( 1.340126708322576077, 32.05950143747596570, 13.03686619379968370 ) ) ;
#693 = CARTESIAN_POINT ( 'NONE',  ( -5.641562071554870883, 8.969086521203298190, 11.99903596668054995 ) ) ;
#694 = VERTEX_POINT ( 'NONE', #1176 ) ;
#695 = EDGE_CURVE ( 'NONE', #142, #2073, #1815, .T. ) ;
#696 = DIRECTION ( 'NONE',  ( 0.000000000000000000, 1.000000000000000000, 0.000000000000000000 ) ) ;
#697 = DIRECTION ( 'NONE',  ( -8.673617379884035472E-16, -0.6095514542075678444, 0.7927465071972498167 ) ) ;
#698 = DIRECTION ( 'NONE',  ( 0.000000000000000000, 0.000000000000000000, 1.000000000000000000 ) ) ;
#699 = CARTESIAN_POINT ( 'NONE',  ( -5.129256695586432713, 37.65685424949459303, 12.49311980025612634 ) ) ;
#700 = VERTEX_POINT ( 'NONE', #2910 ) ;
#701 = VECTOR ( 'NONE', #2235, 1000.000000000000114 ) ;
#702 = AXIS2_PLACEMENT_3D ( 'NONE', #240, #1563, #2970 ) ;
#703 = CARTESIAN_POINT ( 'NONE',  ( 0.000000000000000000, 37.65685424949238325, -16.50000000000000000 ) ) ;
#704 = CARTESIAN_POINT ( 'NONE',  ( 0.2982181391216992550, 8.636363636364341900, 16.92374731377383412 ) ) ;
#705 = DIRECTION ( 'NONE',  ( -0.000000000000000000, 1.000000000000000000, -0.000000000000000000 ) ) ;
#706 = CARTESIAN_POINT ( 'NONE',  ( 6.665168172106660904, 33.67788097140550008, 9.393437917272970950 ) ) ;
#707 = CIRCLE ( 'NONE', #1889, 16.50000000000000000 ) ;
#708 = ORIENTED_EDGE ( 'NONE', *, *, #3843, .T. ) ;
#709 = CARTESIAN_POINT ( 'NONE',  ( 0.000000000000000000, 58.00000000000000000, 0.000000000000000000 ) ) ;
#710 = CARTESIAN_POINT ( 'NONE',  ( -0.5671565033412361290, 31.99999999999999289, -9.500000000000000000 ) ) ;
#711 = CARTESIAN_POINT ( 'NONE',  ( 1.355763240273147208, 16.11335533780394869, 19.35153350280071294 ) ) ;
#712 = VECTOR ( 'NONE', #421, 1000.000000000000227 ) ;
#713 = EDGE_CURVE ( 'NONE', #1270, #3762, #3210, .T. ) ;
#714 = CARTESIAN_POINT ( 'NONE',  ( -3.351599276402574823, 7.828688053035380179, 13.55464347390877400 ) ) ;
#715 = ADVANCED_FACE ( 'NONE', ( #488 ), #1667, .T. ) ;
#716 = CARTESIAN_POINT ( 'NONE',  ( -6.436430246623688234, 15.07095144666068443, 16.05330841901064076 ) ) ;
#717 = DIRECTION ( 'NONE',  ( -0.5714285714285711748, -0.8206518066482899609, 0.000000000000000000 ) ) ;
#718 = VERTEX_POINT ( 'NONE', #4015 ) ;
#719 = ADVANCED_FACE ( 'NONE', ( #3675 ), #845, .F. ) ;
#720 = DIRECTION ( 'NONE',  ( 0.000000000000000000, 1.000000000000000000, 0.000000000000000000 ) ) ;
#721 = CARTESIAN_POINT ( 'NONE',  ( 0.000000000000000000, -3.000000000000000000, 0.000000000000000000 ) ) ;
#722 = CARTESIAN_POINT ( 'NONE',  ( -2.013339611799248807, 33.52558784193333707, 10.42386260175323187 ) ) ;
#723 = AXIS2_PLACEMENT_3D ( 'NONE', #3414, #253, #4481 ) ;
#724 = ADVANCED_FACE ( 'NONE', ( #1918 ), #1549, .T. ) ;
#725 = CARTESIAN_POINT ( 'NONE',  ( -9.696822885382911039, 16.79417666830669020, 7.900602819527969167 ) ) ;
#726 = VERTEX_POINT ( 'NONE', #3619 ) ;
#727 = CARTESIAN_POINT ( 'NONE',  ( 2.132749555529790619, 37.65685424949238325, 13.33046808380663961 ) ) ;
#728 = ORIENTED_EDGE ( 'NONE', *, *, #658, .F. ) ;
#729 = CARTESIAN_POINT ( 'NONE',  ( -0.5974133763817102150, 8.636363636362242246, 16.92374731377639563 ) ) ;
#730 = CARTESIAN_POINT ( 'NONE',  ( -38.00000000000000000, -13.00000000000000000, 0.000000000000000000 ) ) ;
#731 = CARTESIAN_POINT ( 'NONE',  ( -3.580250933660191759, 37.50758043164945121, 16.11216255426785793 ) ) ;
#732 = DIRECTION ( 'NONE',  ( 0.000000000000000000, 1.000000000000000000, 0.000000000000000000 ) ) ;
#733 = CARTESIAN_POINT ( 'NONE',  ( 7.041721953820810675, 32.00000000000000000, 6.376844982048572419 ) ) ;
#734 = CARTESIAN_POINT ( 'NONE',  ( -9.042743183548109798, 17.66628618374673110, 8.698855563099909816 ) ) ;
#735 = DIRECTION ( 'NONE',  ( 0.000000000000000000, 0.000000000000000000, 1.000000000000000000 ) ) ;
#736 = ORIENTED_EDGE ( 'NONE', *, *, #3905, .F. ) ;
#737 = CARTESIAN_POINT ( 'NONE',  ( -2.201187082120198202, 31.69436843070937826, 19.11749999776602138 ) ) ;
#738 = FACE_OUTER_BOUND ( 'NONE', #806, .T. ) ;
#739 = DIRECTION ( 'NONE',  ( 0.000000000000000000, 1.000000000000000000, 0.000000000000000000 ) ) ;
#740 = EDGE_LOOP ( 'NONE', ( #2943, #1562, #3080, #362 ) ) ;
#741 = CARTESIAN_POINT ( 'NONE',  ( 1.647236485845588842E-19, 16.00000000000000355, -9.500000000000001776 ) ) ;
#742 = CARTESIAN_POINT ( 'NONE',  ( 7.859322459663170335, 10.96304686957055452, 8.663260808358412390 ) ) ;
#743 = VERTEX_POINT ( 'NONE', #3303 ) ;
#744 = CARTESIAN_POINT ( 'NONE',  ( 10.74789140320008762, 34.82842712474608504, 9.733079183126676526 ) ) ;
#745 = CARTESIAN_POINT ( 'NONE',  ( -4.336933800068062617, 17.27153053494881263, 16.65440187768873415 ) ) ;
#746 = CIRCLE ( 'NONE', #3336, 7.499999999999998224 ) ;
#747 = CIRCLE ( 'NONE', #1784, 9.500000000000001776 ) ;
#748 = VECTOR ( 'NONE', #301, 1000.000000000000000 ) ;
#749 = ORIENTED_EDGE ( 'NONE', *, *, #187, .F. ) ;
#750 = CARTESIAN_POINT ( 'NONE',  ( 9.868421052631580537, -13.00000000000000000, 22.96985559223169915 ) ) ;
#751 = DIRECTION ( 'NONE',  ( 3.180326372624146997E-15, 0.6167441807741959048, 0.7871636522865915753 ) ) ;
#752 = DIRECTION ( 'NONE',  ( 0.000000000000000000, 1.000000000000000000, -0.000000000000000000 ) ) ;
#753 = FACE_OUTER_BOUND ( 'NONE', #405, .T. ) ;
#754 = CARTESIAN_POINT ( 'NONE',  ( -10.18610816734723734, 17.95145985602448846, 7.248061324684583973 ) ) ;
#755 = CYLINDRICAL_SURFACE ( 'NONE', #3427, 8.000000000000000000 ) ;
#756 = ORIENTED_EDGE ( 'NONE', *, *, #334, .T. ) ;
#757 = LINE ( 'NONE', #3607, #3360 ) ;
#758 = LINE ( 'NONE', #679, #712 ) ;
#759 = ORIENTED_EDGE ( 'NONE', *, *, #216, .T. ) ;
#760 = CARTESIAN_POINT ( 'NONE',  ( 8.000000000000000000, 23.72134837395440243, -5.123475382979803427 ) ) ;
#761 = B_SPLINE_CURVE_WITH_KNOTS ( 'NONE', 3,
 ( #1130, #1465, #737, #2478, #3629, #420, #375, #2868, #2150, #2545, #442, #3194, #3944, #3564, #4286, #1831, #4268, #3215, #4247, #1087, #1849, #1483 ),
 .UNSPECIFIED., .F., .F.,
 ( 4, 2, 2, 2, 2, 2, 2, 2, 2, 2, 4 ),
 ( 0.000000000000000000, 0.0007106149873467808688, 0.001421229974693561738, 0.002842459949387123475, 0.003553074936733910307, 0.004263689924080695838, 0.005684919898774279910, 0.007106149873467866585, 0.008527379848161452391, 0.009948609822855039933, 0.01136983979754862747 ),
 .UNSPECIFIED. ) ;
#762 = EDGE_LOOP ( 'NONE', ( #1907, #2526 ) ) ;
#763 = CARTESIAN_POINT ( 'NONE',  ( -38.00000000000000000, -13.00000000000000000, 0.000000000000000000 ) ) ;
#764 = CARTESIAN_POINT ( 'NONE',  ( -30.65153077165046724, -13.00000000000000000, -1.500000000000000000 ) ) ;
#765 = EDGE_CURVE ( 'NONE', #31, #1473, #1219, .T. ) ;
#766 = VERTEX_POINT ( 'NONE', #60 ) ;
#767 = EDGE_CURVE ( 'NONE', #2309, #687, #2840, .T. ) ;
#768 = AXIS2_PLACEMENT_3D ( 'NONE', #28, #1441, #4307 ) ;
#769 = CARTESIAN_POINT ( 'NONE',  ( -3.419026147716198949, 34.45833667371816489, 19.00151881308070045 ) ) ;
#770 = EDGE_CURVE ( 'NONE', #132, #1863, #3430, .T. ) ;
#771 = ORIENTED_EDGE ( 'NONE', *, *, #1538, .T. ) ;
#772 = EDGE_CURVE ( 'NONE', #2903, #1288, #936, .T. ) ;
#773 = CYLINDRICAL_SURFACE ( 'NONE', #128, 12.50000000000000000 ) ;
#774 = CIRCLE ( 'NONE', #3872, 6.000000000000000000 ) ;
#775 = DIRECTION ( 'NONE',  ( 1.000000000000000000, 0.000000000000000000, 0.000000000000000000 ) ) ;
#776 = CARTESIAN_POINT ( 'NONE',  ( 7.458610175161870970, 26.90385554205078478, -5.885867075711288088 ) ) ;
#777 = CARTESIAN_POINT ( 'NONE',  ( 7.495625077694060501, 30.84910234348954461, 5.845341344448033993 ) ) ;
#778 = CARTESIAN_POINT ( 'NONE',  ( 8.000000000000000000, 23.99999999999999645, 6.652067347825038723 ) ) ;
#779 = CARTESIAN_POINT ( 'NONE',  ( 0.000000000000000000, -3.000000000000000888, 0.000000000000000000 ) ) ;
#780 = CARTESIAN_POINT ( 'NONE',  ( -7.967227641163586505, 24.75858403918154593, 6.771728014559968756 ) ) ;
#781 = DIRECTION ( 'NONE',  ( 0.000000000000000000, 0.000000000000000000, 1.000000000000000000 ) ) ;
#782 = CARTESIAN_POINT ( 'NONE',  ( 7.419903173554650344, 27.01488087954108508, 8.474793320659586016 ) ) ;
#783 = CIRCLE ( 'NONE', #4390, 13.38636363636363491 ) ;
#784 = ORIENTED_EDGE ( 'NONE', *, *, #474, .F. ) ;
#785 = CARTESIAN_POINT ( 'NONE',  ( 7.884286278449154750, 22.61785244765722069, -5.300713264292665983 ) ) ;
#786 = VERTEX_POINT ( 'NONE', #4280 ) ;
#787 = DIRECTION ( 'NONE',  ( -0.6712468402156390734, 0.000000000000000000, 0.7412338898758746852 ) ) ;
#788 = AXIS2_PLACEMENT_3D ( 'NONE', #1181, #143, #3997 ) ;
#789 = CARTESIAN_POINT ( 'NONE',  ( -5.549750223401383131, 18.23421622336366710, 14.01927111813868265 ) ) ;
#790 = CARTESIAN_POINT ( 'NONE',  ( -10.44831205599160739, 20.54849005967474795, 7.966844283055775300 ) ) ;
#791 = PRODUCT_RELATED_PRODUCT_CATEGORY ( 'detail', '', ( #3108 ) ) ;
#792 = LOCAL_TIME ( 5, 17, 52.00000000000000000, #974 ) ;
#793 = ORIENTED_EDGE ( 'NONE', *, *, #1742, .T. ) ;
#794 = DIRECTION ( 'NONE',  ( 0.000000000000000000, 0.000000000000000000, 1.000000000000000000 ) ) ;
#795 = EDGE_CURVE ( 'NONE', #1863, #743, #2338, .T. ) ;
#796 = ORIENTED_EDGE ( 'NONE', *, *, #3258, .T. ) ;
#797 = CARTESIAN_POINT ( 'NONE',  ( -11.05263157894737347, -3.000000000000000888, 25.72623826329950347 ) ) ;
#798 = CARTESIAN_POINT ( 'NONE',  ( 9.335480187948979491, 29.84293730620312246, 9.971018310231087867 ) ) ;
#799 = CARTESIAN_POINT ( 'NONE',  ( -3.311490584899236200, 13.25292704446609626, 13.84869132819967419 ) ) ;
#800 = CARTESIAN_POINT ( 'NONE',  ( 3.475392982267206074E-20, 16.00000000000000355, -12.50000000000000000 ) ) ;
#801 = CARTESIAN_POINT ( 'NONE',  ( -9.868421052631578760, -3.000000000000000000, -22.96985559223169560 ) ) ;
#802 = CARTESIAN_POINT ( 'NONE',  ( 24.00000000000000355, -13.00000000000000000, 1.500000000000000000 ) ) ;
#803 = DIRECTION ( 'NONE',  ( -0.000000000000000000, -1.000000000000000000, 0.000000000000000000 ) ) ;
#804 = CARTESIAN_POINT ( 'NONE',  ( 0.000000000000000000, -13.00000000000000000, 0.000000000000000000 ) ) ;
#805 = ORIENTED_EDGE ( 'NONE', *, *, #2051, .F. ) ;
#806 = EDGE_LOOP ( 'NONE', ( #17, #4288, #3688, #4470 ) ) ;
#807 = CARTESIAN_POINT ( 'NONE',  ( 38.00000000000000000, 0.000000000000000000, 0.000000000000000000 ) ) ;
#808 = CARTESIAN_POINT ( 'NONE',  ( 3.621523352607366242, 16.86465393643653954, 17.64669512561851406 ) ) ;
#809 = CARTESIAN_POINT ( 'NONE',  ( -4.373075762331440686, 34.10602601540426804, 18.64886010401512095 ) ) ;
#810 = CARTESIAN_POINT ( 'NONE',  ( 5.798610626325179318, 33.66293351519463073, 13.26909210332292233 ) ) ;
#811 = VECTOR ( 'NONE', #450, 1000.000000000000114 ) ;
#812 = AXIS2_PLACEMENT_3D ( 'NONE', #4082, #560, #943 ) ;
#813 = ORIENTED_EDGE ( 'NONE', *, *, #2411, .F. ) ;
#814 = DESIGN_CONTEXT ( 'detailed design', #2579, 'design' ) ;
#815 = DIRECTION ( 'NONE',  ( 0.000000000000000000, 1.000000000000000000, -0.000000000000000000 ) ) ;
#816 = CARTESIAN_POINT ( 'NONE',  ( -4.508146400947991239, 34.14093172545745603, 15.00293125966981833 ) ) ;
#817 = VERTEX_POINT ( 'NONE', #1123 ) ;
#818 = DIRECTION ( 'NONE',  ( 0.000000000000000000, 1.000000000000000000, 0.000000000000000000 ) ) ;
#819 = CARTESIAN_POINT ( 'NONE',  ( 0.3644560044652963016, 38.00000000000000711, 13.50000000000000178 ) ) ;
#820 = CARTESIAN_POINT ( 'NONE',  ( -7.074753907098029870, 10.91269869788751734, 13.86422090724430767 ) ) ;
#821 = CARTESIAN_POINT ( 'NONE',  ( 6.355253815031551845, 19.11434820446967109, -10.76907538971931011 ) ) ;
#822 = DIRECTION ( 'NONE',  ( -0.9187942236892679970, 0.000000000000000000, 0.3947368421052631637 ) ) ;
#823 = AXIS2_PLACEMENT_3D ( 'NONE', #3180, #11, #4182 ) ;
#824 = CARTESIAN_POINT ( 'NONE',  ( 0.000000000000000000, 32.00000000000000000, -12.50000000000000000 ) ) ;
#825 = CARTESIAN_POINT ( 'NONE',  ( 38.00000000000000000, 0.000000000000000000, 0.000000000000000000 ) ) ;
#826 = CARTESIAN_POINT ( 'NONE',  ( 8.000000000000000000, 24.13332642178113119, 6.652067347825036059 ) ) ;
#827 = ORIENTED_EDGE ( 'NONE', *, *, #1000, .T. ) ;
#828 = EDGE_CURVE ( 'NONE', #329, #2178, #3956, .T. ) ;
#829 = CARTESIAN_POINT ( 'NONE',  ( 8.000000000000000000, 24.00000000000000355, -5.123475382979803427 ) ) ;
#830 = EDGE_CURVE ( 'NONE', #2788, #3458, #1312, .T. ) ;
#831 = ORIENTED_EDGE ( 'NONE', *, *, #3232, .F. ) ;
#832 = DIRECTION ( 'NONE',  ( -0.3947368421052631082, 0.000000000000000000, 0.9187942236892679970 ) ) ;
#833 = CARTESIAN_POINT ( 'NONE',  ( 0.5036403830005869997, 16.01193565881586522, 19.57038535142633151 ) ) ;
#834 = CARTESIAN_POINT ( 'NONE',  ( -2.420501479713743187, 34.73038548173846607, 19.25512056549335682 ) ) ;
#835 = DIRECTION ( 'NONE',  ( 0.000000000000000000, 0.000000000000000000, 1.000000000000000000 ) ) ;
#836 = CARTESIAN_POINT ( 'NONE',  ( 5.322805264470528819, 33.83852645820964966, 14.04439891277403873 ) ) ;
#837 = ORIENTED_EDGE ( 'NONE', *, *, #1001, .T. ) ;
#838 = CIRCLE ( 'NONE', #1879, 10.00000000000000178 ) ;
#839 = CARTESIAN_POINT ( 'NONE',  ( -7.290304238793868130, 36.38959409389257615, 14.50131879644784583 ) ) ;
#840 = AXIS2_PLACEMENT_3D ( 'NONE', #1475, #2205, #1148 ) ;
#841 = CARTESIAN_POINT ( 'NONE',  ( -6.870253127355810285, 15.61249499599599488, 6.561221072792601028 ) ) ;
#842 = CARTESIAN_POINT ( 'NONE',  ( 10.96333738134530655, 23.03107785550460207, 6.044071460821577979 ) ) ;
#843 = CARTESIAN_POINT ( 'NONE',  ( -0.4932091174070800665, 12.99528145024762615, 14.68686765211892897 ) ) ;
#844 = CARTESIAN_POINT ( 'NONE',  ( 7.946270987472945357, 22.92912120737946680, -9.650174137074323255 ) ) ;
#845 = SPHERICAL_SURFACE ( 'NONE', #2473, 16.00000000000000000 ) ;
#846 = ADVANCED_FACE ( 'NONE', ( #2905 ), #4261, .T. ) ;
#847 = CARTESIAN_POINT ( 'NONE',  ( 6.870253127355813838, 15.61249499599599488, 6.561221072792601916 ) ) ;
#848 = CARTESIAN_POINT ( 'NONE',  ( -7.897597359911948445, 22.70555752573682540, 7.018543124920645582 ) ) ;
#849 = DIRECTION ( 'NONE',  ( 0.000000000000000000, 0.000000000000000000, 1.000000000000000000 ) ) ;
#850 = CARTESIAN_POINT ( 'NONE',  ( 7.121858840182030193, 37.65685424949237614, 11.49409318260710933 ) ) ;
#851 = AXIS2_PLACEMENT_3D ( 'NONE', #2409, #313, #4228 ) ;
#852 = CLOSED_SHELL ( 'NONE', ( #4262, #3425, #4483, #325, #3019, #4409, #2698, #2476, #3918, #1690, #2018, #1092, #4240, #353, #907, #3595, #1117, #2080, #1819, #3883, #4551, #1023, #583, #3181, #1955, #471, #2346, #4179, #1318, #988, #997, #248, #968, #3431, #4318, #669, #2240, #2071, #2559, #2752, #1435, #4511, #4406, #3512, #324, #364, #72, #127, #2891, #3498, #4214, #2404, #3686, #3634, #297, #381, #1264, #858, #3353, #719, #2809, #3319, #1933, #2447, #1240, #3235, #2384, #3932, #3766, #4273, #2137, #3955, #3760, #1796, #2922, #3935, #724, #3489, #1135, #4128, #213, #1964, #523, #1024, #914, #846, #4291, #154, #3200, #3322, #4103, #2179, #1813, #3454, #3713, #1436, #2620, #715, #945, #2355, #599 ) ) ;
#853 = CARTESIAN_POINT ( 'NONE',  ( 7.161642828030880814, 20.39909088486626842, -6.249729730981446352 ) ) ;
#854 = CARTESIAN_POINT ( 'NONE',  ( -10.29725786118265951, 27.91015718669731882, 8.287424633782777050 ) ) ;
#855 = EDGE_CURVE ( 'NONE', #4143, #3971, #3958, .T. ) ;
#856 = ORIENTED_EDGE ( 'NONE', *, *, #1407, .F. ) ;
#857 = DIRECTION ( 'NONE',  ( 1.000000000000000000, 0.000000000000000000, 0.000000000000000000 ) ) ;
#858 = ADVANCED_FACE ( 'NONE', ( #1194 ), #429, .F. ) ;
#859 = CARTESIAN_POINT ( 'NONE',  ( 6.122159164948095977, 29.15148311045570395, 13.60783638875351542 ) ) ;
#860 = CARTESIAN_POINT ( 'NONE',  ( 8.807354573038841394, 17.40981749685399649, 10.70515017139845071 ) ) ;
#861 = CARTESIAN_POINT ( 'NONE',  ( 5.764145385756296314, 33.37776311397475126, 17.81128026029582401 ) ) ;
#862 = CARTESIAN_POINT ( 'NONE',  ( -7.784987347308735650, 22.13837789118672816, -9.780014946673274423 ) ) ;
#863 = VERTEX_POINT ( 'NONE', #1574 ) ;
#864 = CIRCLE ( 'NONE', #1242, 16.50000000000000000 ) ;
#865 = CARTESIAN_POINT ( 'NONE',  ( 8.000000000000000000, 24.00000000000000355, 50.00000000000000000 ) ) ;
#866 = CARTESIAN_POINT ( 'NONE',  ( -2.884182295113785433, 37.65685424949239035, 13.18969587391683973 ) ) ;
#867 = CARTESIAN_POINT ( 'NONE',  ( 38.00000000000000000, -13.00000000000000000, 0.000000000000000000 ) ) ;
#868 = CARTESIAN_POINT ( 'NONE',  ( -9.202958137688856510, 35.49564990568924117, 12.58956792995212304 ) ) ;
#869 = ORIENTED_EDGE ( 'NONE', *, *, #2643, .T. ) ;
#870 = CARTESIAN_POINT ( 'NONE',  ( -8.375281363857062900, 20.86952459796663817, 4.486987628859291810 ) ) ;
#871 = EDGE_LOOP ( 'NONE', ( #260, #2102, #2618, #2117 ) ) ;
#872 = CARTESIAN_POINT ( 'NONE',  ( 11.26048097743313647, 22.90849853662635738, 5.427476061066069946 ) ) ;
#873 = CARTESIAN_POINT ( 'NONE',  ( -1.194846170963463239, 8.681443869186976414, 16.86877542514810457 ) ) ;
#874 = CARTESIAN_POINT ( 'NONE',  ( 4.911987621514406932, 17.68035775146065802, -11.49647527515297263 ) ) ;
#875 = CARTESIAN_POINT ( 'NONE',  ( 0.1858611960143979336, 14.74195690677268367, 10.39515673498410919 ) ) ;
#876 = FACE_OUTER_BOUND ( 'NONE', #4208, .T. ) ;
#877 = CARTESIAN_POINT ( 'NONE',  ( -6.641666925848980441, 15.22349895376132345, 15.76020813363754058 ) ) ;
#878 = DIRECTION ( 'NONE',  ( 1.000000000000000000, 0.000000000000000000, 0.000000000000000000 ) ) ;
#879 = CARTESIAN_POINT ( 'NONE',  ( 0.000000000000000000, 24.00000000000000355, -28.00200000000001310 ) ) ;
#880 = ORIENTED_EDGE ( 'NONE', *, *, #3371, .F. ) ;
#881 = CARTESIAN_POINT ( 'NONE',  ( -9.862215684256515402, 30.84980716563102732, 7.691724877452708498 ) ) ;
#882 = VERTEX_POINT ( 'NONE', #1662 ) ;
#883 = FACE_BOUND ( 'NONE', #3172, .T. ) ;
#884 = CARTESIAN_POINT ( 'NONE',  ( 4.625850572865889632, 30.53367386345673751, 17.28998591002008567 ) ) ;
#885 = CARTESIAN_POINT ( 'NONE',  ( 5.186375063581099454, 37.12635431173979583, 15.61638605879871022 ) ) ;
#886 = DIRECTION ( 'NONE',  ( 0.000000000000000000, 1.000000000000000000, 0.000000000000000000 ) ) ;
#887 = DIRECTION ( 'NONE',  ( 0.000000000000000000, 1.000000000000000000, -0.000000000000000000 ) ) ;
#888 = AXIS2_PLACEMENT_3D ( 'NONE', #1976, #1634, #4428 ) ;
#889 = EDGE_CURVE ( 'NONE', #1167, #1600, #2570, .T. ) ;
#890 = CARTESIAN_POINT ( 'NONE',  ( -7.315843316214319714, 32.22266955609728711, 16.10014935598012187 ) ) ;
#891 = ORIENTED_EDGE ( 'NONE', *, *, #2111, .T. ) ;
#892 =( BOUNDED_SURFACE ( )  B_SPLINE_SURFACE ( 3, 2, ( 
 ( #1410, #19, #2030 ),
 ( #4121, #3118, #4225 ),
 ( #3839, #3087, #567 ),
 ( #4002, #1539, #1316 ),
 ( #3463, #3893, #2393 ),
 ( #3939, #90, #4105 ),
 ( #3972, #1277, #2623 ),
 ( #4289, #4369, #2610 ),
 ( #4035, #510, #1961 ),
 ( #2209, #2232, #1525 ),
 ( #3646, #1891, #3024 ),
 ( #1601, #842, #872 ),
 ( #3964, #485, #2255 ),
 ( #3306, #2660, #3003 ),
 ( #161, #2635, #4397 ),
 ( #2281, #134, #1622 ),
 ( #4012, #2303, #1915 ),
 ( #1251, #538, #552 ),
 ( #4057, #894, #2982 ),
 ( #3695, #1939, #3624 ),
 ( #1551, #459, #1152 ),
 ( #3370, #3327, #3716 ),
 ( #2955, #4326, #4347 ),
 ( #3351, #2931, #1198 ),
 ( #207, #3672, #1578 ),
 ( #1224, #2565, #183 ),
 ( #798, #1870, #3278 ),
 ( #109, #1173, #2586 ) ),
 .UNSPECIFIED., .F., .F., .T. ) 
 B_SPLINE_SURFACE_WITH_KNOTS ( ( 4, 2, 2, 2, 2, 2, 2, 2, 2, 2, 2, 2, 2, 4 ),
 ( 3, 3 ),
 ( 0.000000000000000000, 0.002413840195108351780, 0.004827680390216703560, 0.006034600487770879450, 0.007241520585325055340, 0.008448440682879230362, 0.009655360780433407120, 0.01025882082921049550, 0.01086228087798758388, 0.01206920097554175890, 0.01327612107309593392, 0.01448304117065011068, 0.01689688136575846072, 0.01931072156086681424 ),
 ( 0.000000000000000000, 1.000000000000000000 ),
 .UNSPECIFIED. ) 
 GEOMETRIC_REPRESENTATION_ITEM ( )  RATIONAL_B_SPLINE_SURFACE ( (
 ( 1.000000000000000000, 0.8885468899242329188, 1.000000000000000000),
 ( 1.000000000000000000, 0.9005335631554016729, 1.000000000000000000),
 ( 1.000000000000000000, 0.9115947935550967607, 1.000000000000000000),
 ( 1.000000000000000000, 0.9316123546224071017, 1.000000000000000000),
 ( 1.000000000000000000, 0.9405764920386157080, 1.000000000000000000),
 ( 1.000000000000000000, 0.9521870873866888907, 1.000000000000000000),
 ( 1.000000000000000000, 0.9557534423640922094, 1.000000000000000000),
 ( 1.000000000000000000, 0.9620884667863268680, 1.000000000000000000),
 ( 1.000000000000000000, 0.9648732586778909770, 1.000000000000000000),
 ( 1.000000000000000000, 0.9695822131898812479, 1.000000000000000000),
 ( 1.000000000000000000, 0.9715142922483553933, 1.000000000000000000),
 ( 1.000000000000000000, 0.9742826000123953056, 1.000000000000000000),
 ( 1.000000000000000000, 0.9751338059969922867, 1.000000000000000000),
 ( 1.000000000000000000, 0.9755464398865836273, 1.000000000000000000),
 ( 1.000000000000000000, 0.9755382800404504007, 1.000000000000000000),
 ( 1.000000000000000000, 0.9752268773978924887, 1.000000000000000000),
 ( 1.000000000000000000, 0.9749260371448543738, 1.000000000000000000),
 ( 1.000000000000000000, 0.9736108668337426497, 1.000000000000000000),
 ( 1.000000000000000000, 0.9721851596251175343, 1.000000000000000000),
 ( 1.000000000000000000, 0.9683255495354731179, 1.000000000000000000),
 ( 1.000000000000000000, 0.9659156530497807758, 1.000000000000000000),
 ( 1.000000000000000000, 0.9603380922566551181, 1.000000000000000000),
 ( 1.000000000000000000, 0.9571596079999777906, 1.000000000000000000),
 ( 1.000000000000000000, 0.9465710864394109025, 1.000000000000000000),
 ( 1.000000000000000000, 0.9380686643563838079, 1.000000000000000000),
 ( 1.000000000000000000, 0.9189642877059895909, 1.000000000000000000),
 ( 1.000000000000000000, 0.9083271005875492854, 1.000000000000000000),
 ( 1.000000000000000000, 0.8967426974543969420, 1.000000000000000000) ) ) 
 REPRESENTATION_ITEM ( '' )  SURFACE ( )  );
#893 = AXIS2_PLACEMENT_3D ( 'NONE', #1083, #3897, #1461 ) ;
#894 = CARTESIAN_POINT ( 'NONE',  ( 10.90046984663126040, 25.52578073714493456, 6.158712188871001025 ) ) ;
#895 = CARTESIAN_POINT ( 'NONE',  ( -2.648471363764557829, 13.32034470002140836, 19.09026381244340342 ) ) ;
#896 = CARTESIAN_POINT ( 'NONE',  ( 0.7469671776427428966, 15.50635366422938510, 10.11653245362368736 ) ) ;
#897 = CARTESIAN_POINT ( 'NONE',  ( -7.662293812392853454, 21.66477545466420551, 7.788225465947597570 ) ) ;
#898 = DIRECTION ( 'NONE',  ( -0.7412338898758745742, 0.000000000000000000, 0.6712468402156390734 ) ) ;
#899 = DIRECTION ( 'NONE',  ( 0.000000000000000000, 1.000000000000000000, -0.000000000000000000 ) ) ;
#900 = ORIENTED_EDGE ( 'NONE', *, *, #631, .T. ) ;
#901 = CARTESIAN_POINT ( 'NONE',  ( -10.68942167090626150, 21.33608722624028431, 7.433637381620664009 ) ) ;
#902 = CARTESIAN_POINT ( 'NONE',  ( -8.575693807582558392, 30.93409742120343608, 9.152229481851344772 ) ) ;
#903 = ORIENTED_EDGE ( 'NONE', *, *, #2888, .T. ) ;
#904 = CARTESIAN_POINT ( 'NONE',  ( 9.420419442020660838, 18.29505340473870589, 9.838075776618012469 ) ) ;
#905 = DIRECTION ( 'NONE',  ( 0.000000000000000000, 0.000000000000000000, 1.000000000000000000 ) ) ;
#906 = DIRECTION ( 'NONE',  ( 0.000000000000000000, 0.000000000000000000, 1.000000000000000000 ) ) ;
#907 = ADVANCED_FACE ( 'NONE', ( #4055 ), #153, .F. ) ;
#908 = CARTESIAN_POINT ( 'NONE',  ( -3.606042890683022417, 16.85411048041518711, -11.97095098712932959 ) ) ;
#909 = DIRECTION ( 'NONE',  ( 0.000000000000000000, 0.000000000000000000, 1.000000000000000000 ) ) ;
#910 = ORIENTED_EDGE ( 'NONE', *, *, #1233, .F. ) ;
#911 = EDGE_CURVE ( 'NONE', #681, #2172, #1573, .T. ) ;
#912 = CARTESIAN_POINT ( 'NONE',  ( -6.107131175785075250, 33.56137857233466093, 12.59082773693996238 ) ) ;
#913 = EDGE_LOOP ( 'NONE', ( #1324, #900, #2990, #4272, #1887, #433 ) ) ;
#914 = ADVANCED_FACE ( 'NONE', ( #2277 ), #4050, .T. ) ;
#915 = CARTESIAN_POINT ( 'NONE',  ( 1.790165131528720144, 37.76847848171614430, 13.38527837054423131 ) ) ;
#916 = AXIS2_PLACEMENT_3D ( 'NONE', #352, #1676, #697 ) ;
#917 = CARTESIAN_POINT ( 'NONE',  ( 2.571758278209441661E-15, -3.000000000000000000, -21.00000000000000000 ) ) ;
#918 = CARTESIAN_POINT ( 'NONE',  ( -1.095594419270491171, 14.49160988209366430, 9.946280648470976260 ) ) ;
#919 = CARTESIAN_POINT ( 'NONE',  ( -1.194833808782023610, 13.06110142985354905, 19.50047911517723520 ) ) ;
#920 = DIRECTION ( 'NONE',  ( 0.000000000000000000, 1.000000000000000000, -0.000000000000000000 ) ) ;
#921 = DIRECTION ( 'NONE',  ( -0.000000000000000000, -1.000000000000000000, 0.000000000000000000 ) ) ;
#922 = CARTESIAN_POINT ( 'NONE',  ( -10.82279198697098721, 21.99187443959009514, 6.296442357949069368 ) ) ;
#923 = CARTESIAN_POINT ( 'NONE',  ( -4.141660510890369906, 17.15056535335832777, -8.553306007206570527 ) ) ;
#924 = VERTEX_POINT ( 'NONE', #3881 ) ;
#925 = AXIS2_PLACEMENT_3D ( 'NONE', #1406, #4529, #2808 ) ;
#926 = CARTESIAN_POINT ( 'NONE',  ( 10.69108541353542741, 21.39442606971760696, 7.425976534778130578 ) ) ;
#927 = DIRECTION ( 'NONE',  ( -0.9187942236892679970, -0.000000000000000000, -0.3947368421052629972 ) ) ;
#928 = CARTESIAN_POINT ( 'NONE',  ( -11.48912529307605723, 32.00000000000000000, 10.40432602334240464 ) ) ;
#929 = CARTESIAN_POINT ( 'NONE',  ( -7.471850887814172282, 21.12964130713661248, -10.02183037555868950 ) ) ;
#930 = CARTESIAN_POINT ( 'NONE',  ( 0.000000000000000000, -3.000000000000000000, 0.000000000000000000 ) ) ;
#931 = PERSON_AND_ORGANIZATION ( #574, #3960 ) ;
#932 = CARTESIAN_POINT ( 'NONE',  ( -1.760364712501198303, 31.80391671399564757, 19.25512056549836970 ) ) ;
#933 = VERTEX_POINT ( 'NONE', #3808 ) ;
#934 = AXIS2_PLACEMENT_3D ( 'NONE', #1313, #295, #4145 ) ;
#935 = CARTESIAN_POINT ( 'NONE',  ( 7.525976595196604002, 32.03011806720126486, 15.75347244692490456 ) ) ;
#936 = CIRCLE ( 'NONE', #4320, 5.999999999999999112 ) ;
#937 = CARTESIAN_POINT ( 'NONE',  ( 2.132749555529790619, 37.65685424949238325, 13.33046808380663961 ) ) ;
#938 = CARTESIAN_POINT ( 'NONE',  ( 8.204752240108128092, 11.84420575288789124, 12.38888255288942553 ) ) ;
#939 = AXIS2_PLACEMENT_3D ( 'NONE', #4364, #1168, #454 ) ;
#940 = CARTESIAN_POINT ( 'NONE',  ( -1.362678135859863859, 16.11455310075750447, 19.34893470016639228 ) ) ;
#941 = CARTESIAN_POINT ( 'NONE',  ( -6.100455967118328715, 18.60167559048921149, 7.553725975092185685 ) ) ;
#942 = CARTESIAN_POINT ( 'NONE',  ( 3.696279973449562384, 37.65685424948570414, 12.98559096280172476 ) ) ;
#943 = DIRECTION ( 'NONE',  ( 0.000000000000000000, 0.000000000000000000, 1.000000000000000000 ) ) ;
#944 = ORIENTED_EDGE ( 'NONE', *, *, #1143, .F. ) ;
#945 = ADVANCED_FACE ( 'NONE', ( #4495 ), #1765, .T. ) ;
#946 = EDGE_LOOP ( 'NONE', ( #517, #3148, #4445, #1543 ) ) ;
#947 = CARTESIAN_POINT ( 'NONE',  ( -9.027169873131189348, 30.28571428571428825, 10.40432602334240642 ) ) ;
#948 = DIRECTION ( 'NONE',  ( 0.000000000000000000, 0.000000000000000000, -1.000000000000000000 ) ) ;
#949 = CARTESIAN_POINT ( 'NONE',  ( -9.498051796650019085, 37.65685424949239035, 9.623467454164975621 ) ) ;
#950 = CARTESIAN_POINT ( 'NONE',  ( -2.638590897405868052, 16.42917840866928714, -12.22867435462781494 ) ) ;
#951 = CYLINDRICAL_SURFACE ( 'NONE', #1452, 16.50000000000000000 ) ;
#952 = ORIENTED_EDGE ( 'NONE', *, *, #3263, .F. ) ;
#953 = VERTEX_POINT ( 'NONE', #3858 ) ;
#954 = ORIENTED_EDGE ( 'NONE', *, *, #3714, .T. ) ;
#955 = DIRECTION ( 'NONE',  ( 0.000000000000000000, 1.000000000000000000, -0.000000000000000000 ) ) ;
#956 = CARTESIAN_POINT ( 'NONE',  ( 4.487009424012344816, 9.487516548774753034, 15.84965054798613160 ) ) ;
#957 = CARTESIAN_POINT ( 'NONE',  ( -7.741442207183977686, 17.95145985602448846, 5.508526606760171695 ) ) ;
#958 = AXIS2_PLACEMENT_3D ( 'NONE', #246, #1658, #3062 ) ;
#959 = AXIS2_PLACEMENT_3D ( 'NONE', #2592, #2328, #542 ) ;
#960 = CARTESIAN_POINT ( 'NONE',  ( 4.911958618392000098, 30.31610028236675802, 16.84320004912113689 ) ) ;
#961 = CARTESIAN_POINT ( 'NONE',  ( 0.000000000000000000, -13.00000000000000000, 0.000000000000000000 ) ) ;
#962 = AXIS2_PLACEMENT_3D ( 'NONE', #43, #1009, #3167 ) ;
#963 = CARTESIAN_POINT ( 'NONE',  ( -10.96327437121478532, 23.03063729796558690, 6.044184264465697787 ) ) ;
#964 = ORIENTED_EDGE ( 'NONE', *, *, #1885, .T. ) ;
#965 = EDGE_CURVE ( 'NONE', #1113, #1167, #3341, .T. ) ;
#966 = CARTESIAN_POINT ( 'NONE',  ( -38.00000000000000000, 0.000000000000000000, 0.000000000000000000 ) ) ;
#967 = CARTESIAN_POINT ( 'NONE',  ( -6.130163389800340035, 37.65685424947006510, 12.03323671207247791 ) ) ;
#968 = ADVANCED_FACE ( 'NONE', ( #2042 ), #3449, .T. ) ;
#969 = CARTESIAN_POINT ( 'NONE',  ( 0.000000000000000000, -12.99999999999999822, 21.00000000000000000 ) ) ;
#970 = CARTESIAN_POINT ( 'NONE',  ( 2.420501479688609514, 34.73038548174415041, 19.25512056549858642 ) ) ;
#971 = CARTESIAN_POINT ( 'NONE',  ( 3.988162706972202987, 9.299335042046978472, 16.09258630888859187 ) ) ;
#972 = CARTESIAN_POINT ( 'NONE',  ( 2.571758278209441661E-15, -80.88225099390857054, -21.00000000000000000 ) ) ;
#973 = ORIENTED_EDGE ( 'NONE', *, *, #2294, .T. ) ;
#974 = COORDINATED_UNIVERSAL_TIME_OFFSET ( 5, 30, .AHEAD. ) ;
#975 = ORIENTED_EDGE ( 'NONE', *, *, #2103, .F. ) ;
#976 = VERTEX_POINT ( 'NONE', #2131 ) ;
#977 = CARTESIAN_POINT ( 'NONE',  ( -7.306825312763242763, 31.37881594143651043, 6.084100819699992613 ) ) ;
#978 = CARTESIAN_POINT ( 'NONE',  ( 43.13157894736842479, -3.000000000000000888, -11.94432490796049073 ) ) ;
#979 = CARTESIAN_POINT ( 'NONE',  ( 0.000000000000000000, 32.00000000000000000, -12.50000000000000000 ) ) ;
#980 = CARTESIAN_POINT ( 'NONE',  ( 5.204601829844422767, 9.810724513004522862, 15.41918337346839252 ) ) ;
#981 = CARTESIAN_POINT ( 'NONE',  ( 4.678811367590576253, 17.50455431507579362, 16.05744679819589749 ) ) ;
#982 = CARTESIAN_POINT ( 'NONE',  ( -38.00000000000000000, -13.00000000000000000, 0.000000000000000000 ) ) ;
#983 = CARTESIAN_POINT ( 'NONE',  ( -10.78539402868879726, 26.18293620459828475, 7.200262157510735506 ) ) ;
#984 = ORIENTED_EDGE ( 'NONE', *, *, #3599, .F. ) ;
#985 = AXIS2_PLACEMENT_3D ( 'NONE', #3056, #1653, #4359 ) ;
#986 = SPHERICAL_SURFACE ( 'NONE', #3282, 6.000000000000000000 ) ;
#987 = VERTEX_POINT ( 'NONE', #2804 ) ;
#988 = ADVANCED_FACE ( 'NONE', ( #1352 ), #3083, .T. ) ;
#989 = CARTESIAN_POINT ( 'NONE',  ( 1.354928172328215386, 31.88899558189305239, -12.42917861888751929 ) ) ;
#990 = DIRECTION ( 'NONE',  ( 0.000000000000000000, 0.000000000000000000, -1.000000000000000000 ) ) ;
#991 = ORIENTED_EDGE ( 'NONE', *, *, #4049, .T. ) ;
#992 = CARTESIAN_POINT ( 'NONE',  ( 4.151184037934535276, 17.15628538925287927, -8.548721139678930214 ) ) ;
#993 = B_SPLINE_CURVE_WITH_KNOTS ( 'NONE', 3,
 ( #3089, #4227, #2436, #2385, #3475, #4500 ),
 .UNSPECIFIED., .F., .F.,
 ( 4, 2, 4 ),
 ( 0.002635417670140108044, 0.003941295544199744337, 0.005247173418259381064 ),
 .UNSPECIFIED. ) ;
#994 = EDGE_CURVE ( 'NONE', #2491, #2178, #2756, .T. ) ;
#995 = CIRCLE ( 'NONE', #564, 4.499999999999998224 ) ;
#996 = CARTESIAN_POINT ( 'NONE',  ( -9.868421052631582313, -3.000000000000000888, -22.96985559223169915 ) ) ;
#997 = ADVANCED_FACE ( 'NONE', ( #3834 ), #680, .T. ) ;
#998 = CARTESIAN_POINT ( 'NONE',  ( -11.20936036568579830, 15.61249499599599488, 10.70515017139845071 ) ) ;
#999 = DIRECTION ( 'NONE',  ( 0.000000000000000000, 1.000000000000000000, 0.000000000000000000 ) ) ;
#1000 = EDGE_CURVE ( 'NONE', #2773, #3168, #378, .T. ) ;
#1001 = EDGE_CURVE ( 'NONE', #2135, #1991, #3196, .T. ) ;
#1002 = VERTEX_POINT ( 'NONE', #30 ) ;
#1003 = LINE ( 'NONE', #663, #4258 ) ;
#1004 = CARTESIAN_POINT ( 'NONE',  ( 6.962691607455199438, 19.87588034877370902, 6.700457888912335846 ) ) ;
#1005 = CARTESIAN_POINT ( 'NONE',  ( -38.00000000000000000, -13.00000000000000000, 7.499999999999998224 ) ) ;
#1006 = CARTESIAN_POINT ( 'NONE',  ( 3.485101100340360691, 13.29789168805216271, 13.74812416061873321 ) ) ;
#1007 = CARTESIAN_POINT ( 'NONE',  ( 2.439986915999318828, 7.566426074180059302, 13.88736845871388859 ) ) ;
#1008 = CARTESIAN_POINT ( 'NONE',  ( 1.695337474595625338, 32.34187853450817585, 12.17891829255645852 ) ) ;
#1009 = DIRECTION ( 'NONE',  ( -0.000000000000000000, -1.000000000000000000, 0.000000000000000000 ) ) ;
#1010 = ORIENTED_EDGE ( 'NONE', *, *, #2619, .T. ) ;
#1011 = AXIS2_PLACEMENT_3D ( 'NONE', #1216, #815, #2605 ) ;
#1012 = CARTESIAN_POINT ( 'NONE',  ( 7.766421920655087519, 22.06957062961811999, 7.454371529133198671 ) ) ;
#1013 = CARTESIAN_POINT ( 'NONE',  ( 0.000000000000000000, 24.00000000000000355, 50.00000000000000000 ) ) ;
#1014 = CARTESIAN_POINT ( 'NONE',  ( -11.20297551980860717, 22.22097727071671613, 5.545107514692705131 ) ) ;
#1015 = CARTESIAN_POINT ( 'NONE',  ( 0.000000000000000000, 24.00000000000000355, 50.00000000000000000 ) ) ;
#1016 = CARTESIAN_POINT ( 'NONE',  ( -7.273091729891469015, 27.35085393445170610, 8.858804283973658045 ) ) ;
#1017 = DIRECTION ( 'NONE',  ( 0.000000000000000000, 0.000000000000000000, 1.000000000000000000 ) ) ;
#1018 = ORIENTED_EDGE ( 'NONE', *, *, #413, .F. ) ;
#1019 = CARTESIAN_POINT ( 'NONE',  ( 3.358452805871322333, 7.831018982776399184, 13.55165162853776728 ) ) ;
#1020 = CARTESIAN_POINT ( 'NONE',  ( 11.20936036568584093, 15.61249499599598956, 10.70515017139848091 ) ) ;
#1021 = CARTESIAN_POINT ( 'NONE',  ( -11.20936036568579652, 15.61249499599599488, 10.70515017139845426 ) ) ;
#1022 = ORIENTED_EDGE ( 'NONE', *, *, #3689, .T. ) ;
#1023 = ADVANCED_FACE ( 'NONE', ( #2847 ), #4250, .T. ) ;
#1024 = ADVANCED_FACE ( 'NONE', ( #4430 ), #1518, .T. ) ;
#1025 = EDGE_LOOP ( 'NONE', ( #2867, #1812, #759, #2557, #2414, #2753 ) ) ;
#1026 = EDGE_CURVE ( 'NONE', #3682, #3980, #2296, .T. ) ;
#1027 = DIRECTION ( 'NONE',  ( 0.000000000000000000, 0.000000000000000000, 1.000000000000000000 ) ) ;
#1028 = CARTESIAN_POINT ( 'NONE',  ( -3.980024140728051218, 9.296567062979512741, 16.09613912526666724 ) ) ;
#1029 = CARTESIAN_POINT ( 'NONE',  ( -7.985466981323279256, 24.55709025486348551, -5.146373827169604454 ) ) ;
#1030 = CARTESIAN_POINT ( 'NONE',  ( 0.9499333984735551795, 14.49380207268114518, 10.02889162112019505 ) ) ;
#1031 = CARTESIAN_POINT ( 'NONE',  ( 2.044080928997633606, 33.82133216537299347, 10.06169104565833372 ) ) ;
#1032 = DIRECTION ( 'NONE',  ( -0.6906548497676421317, -0.000000000000000000, 0.7231845397216645210 ) ) ;
#1033 = ORIENTED_EDGE ( 'NONE', *, *, #4129, .T. ) ;
#1034 = CARTESIAN_POINT ( 'NONE',  ( -9.668245701520575608, 16.73754369781844531, 7.934905294725215441 ) ) ;
#1035 = CIRCLE ( 'NONE', #1490, 2.999999999999999556 ) ;
#1036 = ORIENTED_EDGE ( 'NONE', *, *, #2413, .T. ) ;
#1037 = CIRCLE ( 'NONE', #2218, 3.000000000000000000 ) ;
#1038 = CARTESIAN_POINT ( 'NONE',  ( 2.020667218593133100E-15, 58.00000000000000000, 16.50000000000000000 ) ) ;
#1039 = DIRECTION ( 'NONE',  ( 0.3947368421052624976, 0.000000000000000000, 0.9187942236892682191 ) ) ;
#1040 = CARTESIAN_POINT ( 'NONE',  ( -9.427800327956500581, 37.65685424935271897, 9.670772424990186522 ) ) ;
#1041 = ORIENTED_EDGE ( 'NONE', *, *, #795, .F. ) ;
#1042 = CARTESIAN_POINT ( 'NONE',  ( -2.319023090265892151, 37.65685424949183613, 13.30066606965996989 ) ) ;
#1043 = CARTESIAN_POINT ( 'NONE',  ( 0.2511310645235281802, 7.272727272727863124, 14.25157668528322397 ) ) ;
#1044 = DIRECTION ( 'NONE',  ( -0.000000000000000000, -1.000000000000000000, -0.000000000000000000 ) ) ;
#1045 = DIRECTION ( 'NONE',  ( -0.9187942236892679970, 0.000000000000000000, 0.3947368421052632192 ) ) ;
#1046 = AXIS2_PLACEMENT_3D ( 'NONE', #998, #2046, #3428 ) ;
#1047 = VERTEX_POINT ( 'NONE', #2654 ) ;
#1048 = SPHERICAL_SURFACE ( 'NONE', #1903, 6.000000000000000000 ) ;
#1049 = B_SPLINE_CURVE_WITH_KNOTS ( 'NONE', 3,
 ( #1305, #1593, #3345, #862, #1265, #4117, #929, #2339, #2273, #4051, #3687, #2674, #4387, #612, #3748, #908, #2314, #950, #1930, #591, #2002, #175, #3407, #2023 ),
 .UNSPECIFIED., .F., .F.,
 ( 4, 2, 2, 2, 2, 2, 2, 2, 2, 2, 2, 4 ),
 ( 0.01289223307075594398, 0.01450195296963993109, 0.01530681291908192465, 0.01611167286852391994, 0.01772139276740790706, 0.01933111266629189418, 0.02094083256517588129, 0.02174569251461788005, 0.02255055246405987535, 0.02416027236294386593, 0.02496513231238586122, 0.02576999226182785999 ),
 .UNSPECIFIED. ) ;
#1050 = FACE_OUTER_BOUND ( 'NONE', #871, .T. ) ;
#1051 = CARTESIAN_POINT ( 'NONE',  ( -7.927160591961612823, 25.11272521815544323, -5.235739816686038495 ) ) ;
#1052 = CARTESIAN_POINT ( 'NONE',  ( -5.374050981119649961, 18.05329011738211520, -7.845796121021065161 ) ) ;
#1053 = EDGE_CURVE ( 'NONE', #1075, #34, #1049, .T. ) ;
#1054 = CARTESIAN_POINT ( 'NONE',  ( 2.968848340848022627, 16.56316884407366175, 18.35222695043462693 ) ) ;
#1055 = EDGE_CURVE ( 'NONE', #1685, #2511, #1886, .T. ) ;
#1056 = DIRECTION ( 'NONE',  ( 1.000000000000000000, 0.000000000000000000, -0.000000000000000000 ) ) ;
#1057 = VERTEX_POINT ( 'NONE', #286 ) ;
#1058 = CARTESIAN_POINT ( 'NONE',  ( -8.490842908927774602, 16.98682003798272078, 11.91210658362187047 ) ) ;
#1059 = CARTESIAN_POINT ( 'NONE',  ( -8.692793367660900827, 17.19010805936424902, 9.054320320960217217 ) ) ;
#1060 = FACE_OUTER_BOUND ( 'NONE', #3923, .T. ) ;
#1061 = ORIENTED_EDGE ( 'NONE', *, *, #3735, .T. ) ;
#1062 = CARTESIAN_POINT ( 'NONE',  ( -11.05263157894737169, -3.000000000000004441, -25.72623826329950347 ) ) ;
#1063 = CARTESIAN_POINT ( 'NONE',  ( 10.83502368187041753, 20.04754819200563887, 6.235079809589718636 ) ) ;
#1064 = CARTESIAN_POINT ( 'NONE',  ( -1.994762042280389114, 34.81465833614824135, 8.919586878206990477 ) ) ;
#1065 = EDGE_LOOP ( 'NONE', ( #1214, #58 ) ) ;
#1066 = AXIS2_PLACEMENT_3D ( 'NONE', #657, #2806, #2459 ) ;
#1067 = VECTOR ( 'NONE', #2196, 1000.000000000000000 ) ;
#1068 = DIRECTION ( 'NONE',  ( 0.9187942236892678860, 0.000000000000000000, 0.3947368421052632748 ) ) ;
#1069 = AXIS2_PLACEMENT_3D ( 'NONE', #4301, #2538, #794 ) ;
#1070 = ORIENTED_EDGE ( 'NONE', *, *, #658, .T. ) ;
#1071 = DIRECTION ( 'NONE',  ( 0.000000000000000000, 0.000000000000000000, 1.000000000000000000 ) ) ;
#1072 = FACE_BOUND ( 'NONE', #1065, .T. ) ;
#1073 = VECTOR ( 'NONE', #3021, 1000.000000000000000 ) ;
#1074 = VECTOR ( 'NONE', #676, 1000.000000000000114 ) ;
#1075 = VERTEX_POINT ( 'NONE', #2460 ) ;
#1076 = CARTESIAN_POINT ( 'NONE',  ( -6.699354959971407730, 10.65079024392892215, 14.24885521043314895 ) ) ;
#1077 = CARTESIAN_POINT ( 'NONE',  ( -6.380108876206604052, 28.85134308764341426, -7.049132482052050008 ) ) ;
#1078 = CARTESIAN_POINT ( 'NONE',  ( 1.239420665974810154, 7.345459952587608754, 14.16228660468560108 ) ) ;
#1079 = CIRCLE ( 'NONE', #2008, 6.000000000000000888 ) ;
#1080 = LINE ( 'NONE', #2497, #1571 ) ;
#1081 = EDGE_CURVE ( 'NONE', #4540, #3358, #2458, .T. ) ;
#1082 = CARTESIAN_POINT ( 'NONE',  ( 6.988402327683807869, 27.91377276764871596, 9.537135877438075227 ) ) ;
#1083 = CARTESIAN_POINT ( 'NONE',  ( 11.48912529307605723, 32.00000000000000000, 10.40432602334240464 ) ) ;
#1084 = CARTESIAN_POINT ( 'NONE',  ( -11.08261407636015683, 26.77752368439558595, 5.784839299473278018 ) ) ;
#1085 = DIRECTION ( 'NONE',  ( 0.000000000000000000, 0.000000000000000000, 1.000000000000000000 ) ) ;
#1086 = CARTESIAN_POINT ( 'NONE',  ( -9.868421052631578760, 0.000000000000000000, 22.96985559223170270 ) ) ;
#1087 = CARTESIAN_POINT ( 'NONE',  ( -6.481322124187462563, 28.69064395254271460, 11.33543759057263500 ) ) ;
#1088 = CARTESIAN_POINT ( 'NONE',  ( 1.924683522861561089E-15, -3.000000000000000000, -15.71623364550171154 ) ) ;
#1089 = DIRECTION ( 'NONE',  ( 0.000000000000000000, 0.000000000000000000, 1.000000000000000000 ) ) ;
#1090 = ORIENTED_EDGE ( 'NONE', *, *, #4490, .T. ) ;
#1091 = AXIS2_PLACEMENT_3D ( 'NONE', #119, #2595, #3315 ) ;
#1092 = ADVANCED_FACE ( 'NONE', ( #2115 ), #2807, .T. ) ;
#1093 = CARTESIAN_POINT ( 'NONE',  ( -9.390088309253336263, 16.19297465087192478, 8.266405875594166730 ) ) ;
#1094 = ORIENTED_EDGE ( 'NONE', *, *, #63, .F. ) ;
#1095 = CARTESIAN_POINT ( 'NONE',  ( 0.3207917812161433235, 35.00019373420857960, 16.50012150499066621 ) ) ;
#1096 = DIRECTION ( 'NONE',  ( 0.000000000000000000, 0.000000000000000000, 1.000000000000000000 ) ) ;
#1097 = ORIENTED_EDGE ( 'NONE', *, *, #3522, .T. ) ;
#1098 = DIRECTION ( 'NONE',  ( 0.9187942236892678860, 0.000000000000000000, 0.3947368421052632748 ) ) ;
#1099 = ORIENTED_EDGE ( 'NONE', *, *, #2155, .T. ) ;
#1100 = CARTESIAN_POINT ( 'NONE',  ( -3.690814246483831607, 31.10256173190803253, -8.757318199230883948 ) ) ;
#1101 = CARTESIAN_POINT ( 'NONE',  ( -4.965663768026593594, 37.19161621742313173, 15.70667868818074631 ) ) ;
#1102 = DIRECTION ( 'NONE',  ( 0.000000000000000000, 1.000000000000000000, 0.000000000000000000 ) ) ;
#1103 = CARTESIAN_POINT ( 'NONE',  ( 10.38970789595776623, 34.94290732541923461, 10.61099267766684306 ) ) ;
#1104 = CARTESIAN_POINT ( 'NONE',  ( -7.333587139985814574, 15.79920630163948303, 14.59645232806816573 ) ) ;
#1105 = CARTESIAN_POINT ( 'NONE',  ( -10.06553471672660116, 19.52266351323019578, 7.462720923950181273 ) ) ;
#1106 = CARTESIAN_POINT ( 'NONE',  ( 7.041721953820809787, 32.00000000000000000, 6.376844982048571531 ) ) ;
#1107 = DIRECTION ( 'NONE',  ( 0.000000000000000000, 1.000000000000000000, -0.000000000000000000 ) ) ;
#1108 = VERTEX_POINT ( 'NONE', #3111 ) ;
#1109 = VECTOR ( 'NONE', #2091, 1000.000000000000000 ) ;
#1110 = CARTESIAN_POINT ( 'NONE',  ( 9.680811224910462087, 13.48351840563290338, 9.245356966207754823 ) ) ;
#1111 = EDGE_CURVE ( 'NONE', #142, #2135, #1747, .T. ) ;
#1112 = DIRECTION ( 'NONE',  ( 0.000000000000000000, 1.000000000000000000, 0.000000000000000000 ) ) ;
#1113 = VERTEX_POINT ( 'NONE', #2784 ) ;
#1114 = DIRECTION ( 'NONE',  ( 0.000000000000000000, 0.9804487857979976573, -0.1967744354006185359 ) ) ;
#1115 = ORIENTED_EDGE ( 'NONE', *, *, #2926, .T. ) ;
#1116 = CARTESIAN_POINT ( 'NONE',  ( 1.747718105491952167, 37.85654426971193232, 16.41303368836843291 ) ) ;
#1117 = ADVANCED_FACE ( 'NONE', ( #363 ), #3637, .F. ) ;
#1118 = CARTESIAN_POINT ( 'NONE',  ( 5.382338133129688451, 18.07623904362670331, 14.48439724910331172 ) ) ;
#1119 = CIRCLE ( 'NONE', #2966, 10.00000000000000178 ) ;
#1120 = CARTESIAN_POINT ( 'NONE',  ( 3.894770506252752451, 13.69883462112406036, 18.47644272302321511 ) ) ;
#1121 = ORIENTED_EDGE ( 'NONE', *, *, #2111, .F. ) ;
#1122 = CARTESIAN_POINT ( 'NONE',  ( -7.556470667138261099, 26.67472257443754557, -5.766076641751492815 ) ) ;
#1123 = CARTESIAN_POINT ( 'NONE',  ( 1.652597230041106929E-15, 11.35454181526981365, -11.27272727272727337 ) ) ;
#1124 = CARTESIAN_POINT ( 'NONE',  ( 0.000000000000000000, 34.82842712474608504, 0.000000000000000000 ) ) ;
#1125 = LINE ( 'NONE', #797, #677 ) ;
#1126 = CARTESIAN_POINT ( 'NONE',  ( 7.339307159107005596, 27.20779594030632964, 8.692510824850378626 ) ) ;
#1127 = FACE_OUTER_BOUND ( 'NONE', #1741, .T. ) ;
#1128 = CARTESIAN_POINT ( 'NONE',  ( 1.653273178848927064E-15, 58.00000000000000000, 13.50000000000000178 ) ) ;
#1129 = CARTESIAN_POINT ( 'NONE',  ( -7.041721953820809787, 32.00000000000000000, 6.376844982048572419 ) ) ;
#1130 = CARTESIAN_POINT ( 'NONE',  ( -1.760364712519086439, 31.80391671399161169, 19.25512056549336037 ) ) ;
#1131 = CARTESIAN_POINT ( 'NONE',  ( -2.132749555551968434, 37.65685424949238325, 13.33046808380309223 ) ) ;
#1132 = EDGE_LOOP ( 'NONE', ( #3906, #2878, #2263, #582 ) ) ;
#1133 = CARTESIAN_POINT ( 'NONE',  ( 8.081317623356023105, 28.76059972571855283, 5.000706097762853020 ) ) ;
#1134 = EDGE_CURVE ( 'NONE', #4010, #987, #686, .T. ) ;
#1135 = ADVANCED_FACE ( 'NONE', ( #3788 ), #633, .T. ) ;
#1136 = EDGE_LOOP ( 'NONE', ( #586, #1749, #383, #4198 ) ) ;
#1137 = DIRECTION ( 'NONE',  ( -0.7412338898758745742, 2.312964634635742267E-15, -0.6712468402156391845 ) ) ;
#1138 = CARTESIAN_POINT ( 'NONE',  ( 4.068939592620280266, 17.10376117345317226, 17.07135552610626306 ) ) ;
#1139 = EDGE_CURVE ( 'NONE', #1167, #953, #4215, .T. ) ;
#1140 = LINE ( 'NONE', #4533, #3012 ) ;
#1141 = CIRCLE ( 'NONE', #2472, 3.000000000000000000 ) ;
#1142 = CARTESIAN_POINT ( 'NONE',  ( -8.705571276155847471, 30.72591869986318258, 12.48107333420414911 ) ) ;
#1143 = EDGE_CURVE ( 'NONE', #1901, #2015, #993, .T. ) ;
#1144 = CARTESIAN_POINT ( 'NONE',  ( 8.049444573018808669, 36.05420809166862028, 13.88275965010268820 ) ) ;
#1145 = ORIENTED_EDGE ( 'NONE', *, *, #3910, .F. ) ;
#1146 = APPLICATION_PROTOCOL_DEFINITION ( 'international standard', 'config_control_design', 1994, #1779 ) ;
#1147 = CIRCLE ( 'NONE', #1378, 9.500000000000001776 ) ;
#1148 = DIRECTION ( 'NONE',  ( 0.000000000000000000, 0.000000000000000000, 1.000000000000000000 ) ) ;
#1149 = ORIENTED_EDGE ( 'NONE', *, *, #4299, .F. ) ;
#1150 = DIRECTION ( 'NONE',  ( -0.000000000000000000, -1.000000000000000000, -0.000000000000000000 ) ) ;
#1151 = CARTESIAN_POINT ( 'NONE',  ( 7.704666726546354205, 26.16927965234792097, -5.559269979994503785 ) ) ;
#1152 = CARTESIAN_POINT ( 'NONE',  ( 11.05524068978442820, 26.86615661244557529, 5.835459005660836418 ) ) ;
#1153 = CARTESIAN_POINT ( 'NONE',  ( 10.00665751332431519, 37.65685424949237614, 9.061832342911115390 ) ) ;
#1154 = CARTESIAN_POINT ( 'NONE',  ( 7.800211216410857240, 22.20801675836795752, 7.344861989792827117 ) ) ;
#1155 = CARTESIAN_POINT ( 'NONE',  ( -3.210606485252200937, 14.93757262998781776, 7.734443296050678818 ) ) ;
#1156 = CARTESIAN_POINT ( 'NONE',  ( -7.989111061310826933, 23.46385539702269440, 5.316727654849403351 ) ) ;
#1157 = LINE ( 'NONE', #89, #4524 ) ;
#1158 = CARTESIAN_POINT ( 'NONE',  ( 11.20936036568579830, 15.61249499599599488, 10.70515017139845071 ) ) ;
#1159 = ORIENTED_EDGE ( 'NONE', *, *, #662, .F. ) ;
#1160 = CARTESIAN_POINT ( 'NONE',  ( 8.578054171593795019, 24.50255233477563621, 4.082648854783166747 ) ) ;
#1161 = ORIENTED_EDGE ( 'NONE', *, *, #2831, .T. ) ;
#1162 = CARTESIAN_POINT ( 'NONE',  ( -1.302623280203567102, 34.94831499922404561, 16.46761245158130649 ) ) ;
#1163 = VECTOR ( 'NONE', #2834, 1000.000000000000114 ) ;
#1164 = CARTESIAN_POINT ( 'NONE',  ( 3.462024489438465302, 16.78551502508319970, 17.83391250195031930 ) ) ;
#1165 = LOCAL_TIME ( 5, 17, 52.00000000000000000, #2676 ) ;
#1166 = CARTESIAN_POINT ( 'NONE',  ( 6.295790801880031928, 33.51433730582339621, 12.03241254363985213 ) ) ;
#1167 = VERTEX_POINT ( 'NONE', #2829 ) ;
#1168 = DIRECTION ( 'NONE',  ( 0.000000000000000000, 1.000000000000000000, -0.000000000000000000 ) ) ;
#1169 = CARTESIAN_POINT ( 'NONE',  ( -5.384035859100079868, 33.60225631182643724, 18.08426673409919871 ) ) ;
#1170 = EDGE_LOOP ( 'NONE', ( #2481, #2928 ) ) ;
#1171 = EDGE_CURVE ( 'NONE', #3168, #4414, #2227, .T. ) ;
#1172 = FACE_OUTER_BOUND ( 'NONE', #3552, .T. ) ;
#1173 = CARTESIAN_POINT ( 'NONE',  ( 8.575693807582561945, 30.93409742120343608, 9.152229481851341220 ) ) ;
#1174 = CARTESIAN_POINT ( 'NONE',  ( -4.086513377654910073, 13.77611316088622573, 18.34930490082415133 ) ) ;
#1175 = CARTESIAN_POINT ( 'NONE',  ( -9.868421052631576984, -13.00000000000000000, -22.96985559223170625 ) ) ;
#1176 = CARTESIAN_POINT ( 'NONE',  ( -11.05263157894737169, -13.00000000000000000, -25.72623826329950347 ) ) ;
#1177 = CARTESIAN_POINT ( 'NONE',  ( -8.583958981405400479, 24.12582740457796859, 4.070109014664104130 ) ) ;
#1178 = FACE_OUTER_BOUND ( 'NONE', #3793, .T. ) ;
#1179 = DIRECTION ( 'NONE',  ( 0.000000000000000000, 0.9804487857979989895, -0.1967744354006125129 ) ) ;
#1180 = ORIENTED_EDGE ( 'NONE', *, *, #2952, .F. ) ;
#1181 = CARTESIAN_POINT ( 'NONE',  ( 38.00000000000000000, -3.000000000000000888, 0.000000000000000000 ) ) ;
#1182 = ORIENTED_EDGE ( 'NONE', *, *, #3708, .F. ) ;
#1183 = CARTESIAN_POINT ( 'NONE',  ( 2.606693901203102737, 37.65685424949253246, 16.29279432465255439 ) ) ;
#1184 = CARTESIAN_POINT ( 'NONE',  ( -1.276018874624295529, 16.09882496077856118, 19.38319633466453595 ) ) ;
#1185 = CARTESIAN_POINT ( 'NONE',  ( -6.924936982021441700, 19.96415107456938998, -6.514777220809934377 ) ) ;
#1186 = AXIS2_PLACEMENT_3D ( 'NONE', #3532, #2075, #3506 ) ;
#1187 = AXIS2_PLACEMENT_3D ( 'NONE', #4377, #3397, #1230 ) ;
#1188 = AXIS2_PLACEMENT_3D ( 'NONE', #3917, #752, #2839 ) ;
#1189 = VERTEX_POINT ( 'NONE', #4160 ) ;
#1190 = AXIS2_PLACEMENT_3D ( 'NONE', #1958, #225, #1268 ) ;
#1191 =( BOUNDED_SURFACE ( )  B_SPLINE_SURFACE ( 3, 2, ( 
 ( #2168, #4376, #1129 ),
 ( #3583, #3943, #2986 ),
 ( #3238, #113, #2260 ),
 ( #3311, #1555, #166 ),
 ( #419, #2937, #3652 ),
 ( #88, #2911, #489 ),
 ( #3628, #1504, #1848 ),
 ( #1482, #3283, #1830 ),
 ( #780, #1582, #1229 ),
 ( #66, #4306, #2189 ),
 ( #3257, #1203, #1177 ),
 ( #464, #1156, #1895 ),
 ( #2571, #3968, #2591 ),
 ( #2959, #2615, #4017 ),
 ( #848, #4440, #4401 ),
 ( #579, #1988, #1294 ),
 ( #897, #2035, #1691 ),
 ( #1646, #2724, #3442 ),
 ( #1943, #1965, #3074 ),
 ( #4102, #276, #957 ),
 ( #1339, #3099, #188 ),
 ( #2351, #941, #3756 ),
 ( #4485, #1255, #2375 ),
 ( #1275, #600, #4418 ) ),
 .UNSPECIFIED., .F., .F., .T. ) 
 B_SPLINE_SURFACE_WITH_KNOTS ( ( 4, 2, 2, 2, 2, 2, 2, 2, 2, 2, 2, 4 ),
 ( 3, 3 ),
 ( 0.000000000000000000, 0.002416365399531167010, 0.004832730799062334021, 0.007249096198593501031, 0.008457278898359083669, 0.009665461598124668041, 0.01087364429789025241, 0.01208182699765583505, 0.01449819239718700206, 0.01570637509695258643, 0.01691455779671816734, 0.01933092319624933608 ),
 ( 0.000000000000000000, 1.000000000000000000 ),
 .UNSPECIFIED. ) 
 GEOMETRIC_REPRESENTATION_ITEM ( )  RATIONAL_B_SPLINE_SURFACE ( (
 ( 1.000000000000000000, 0.8967426974543969420, 1.000000000000000000),
 ( 1.000000000000000000, 0.9083320123288070036, 1.000000000000000000),
 ( 1.000000000000000000, 0.9189477089094119089, 1.000000000000000000),
 ( 1.000000000000000000, 0.9379812387496123671, 1.000000000000000000),
 ( 1.000000000000000000, 0.9464094104398760310, 1.000000000000000000),
 ( 1.000000000000000000, 0.9606757916275810993, 1.000000000000000000),
 ( 1.000000000000000000, 0.9663762979920823559, 1.000000000000000000),
 ( 1.000000000000000000, 0.9721666232645117534, 1.000000000000000000),
 ( 1.000000000000000000, 0.9736115879291068476, 1.000000000000000000),
 ( 1.000000000000000000, 0.9753631111139339227, 1.000000000000000000),
 ( 1.000000000000000000, 0.9756852520016371377, 1.000000000000000000),
 ( 1.000000000000000000, 0.9751384694543122622, 1.000000000000000000),
 ( 1.000000000000000000, 0.9742804884531207632, 1.000000000000000000),
 ( 1.000000000000000000, 0.9715190444906313116, 1.000000000000000000),
 ( 1.000000000000000000, 0.9695972991543468922, 1.000000000000000000),
 ( 1.000000000000000000, 0.9625203033265179453, 1.000000000000000000),
 ( 1.000000000000000000, 0.9561461099806275454, 1.000000000000000000),
 ( 1.000000000000000000, 0.9445990171841338601, 1.000000000000000000),
 ( 1.000000000000000000, 0.9403999815204033830, 1.000000000000000000),
 ( 1.000000000000000000, 0.9314337269444792344, 1.000000000000000000),
 ( 1.000000000000000000, 0.9266708731382260478, 1.000000000000000000),
 ( 1.000000000000000000, 0.9116052548529649524, 1.000000000000000000),
 ( 1.000000000000000000, 0.9005246653703818938, 1.000000000000000000),
 ( 1.000000000000000000, 0.8885468899242329188, 1.000000000000000000) ) ) 
 REPRESENTATION_ITEM ( '' )  SURFACE ( )  );
#1192 = DIRECTION ( 'NONE',  ( 0.000000000000000000, 0.000000000000000000, -1.000000000000000000 ) ) ;
#1193 = EDGE_CURVE ( 'NONE', #700, #4194, #3413, .T. ) ;
#1194 = FACE_OUTER_BOUND ( 'NONE', #3241, .T. ) ;
#1195 = ORIENTED_EDGE ( 'NONE', *, *, #3572, .T. ) ;
#1196 = DIRECTION ( 'NONE',  ( 0.6906548497676421317, -0.000000000000000000, 0.7231845397216646321 ) ) ;
#1197 = VERTEX_POINT ( 'NONE', #684 ) ;
#1198 = CARTESIAN_POINT ( 'NONE',  ( 10.57310140810884924, 28.96236030390935667, 6.676787660522537138 ) ) ;
#1199 = CARTESIAN_POINT ( 'NONE',  ( 0.1185511313676688855, 13.00002345967532236, 14.69701028980591495 ) ) ;
#1200 = CYLINDRICAL_SURFACE ( 'NONE', #3115, 13.50000000000000178 ) ;
#1201 = DIRECTION ( 'NONE',  ( -0.000000000000000000, -1.000000000000000000, -0.000000000000000000 ) ) ;
#1202 = EDGE_CURVE ( 'NONE', #3497, #627, #463, .T. ) ;
#1203 = CARTESIAN_POINT ( 'NONE',  ( -8.005286043691491216, 24.09736339845082043, 5.290553342957407423 ) ) ;
#1204 = LINE ( 'NONE', #1256, #3913 ) ;
#1205 = DIRECTION ( 'NONE',  ( 0.5991075002860009047, 0.8006685975489855611, 0.000000000000000000 ) ) ;
#1206 = ORIENTED_EDGE ( 'NONE', *, *, #1111, .F. ) ;
#1207 = CARTESIAN_POINT ( 'NONE',  ( -10.89991417568849918, 25.52967270201938987, 6.159708542396641562 ) ) ;
#1208 = VERTEX_POINT ( 'NONE', #1878 ) ;
#1209 = DIRECTION ( 'NONE',  ( 0.9187942236892679970, 0.000000000000000000, -0.3947368421052631637 ) ) ;
#1210 = DIRECTION ( 'NONE',  ( 0.000000000000000000, 0.000000000000000000, 1.000000000000000000 ) ) ;
#1211 = CARTESIAN_POINT ( 'NONE',  ( 2.882113304175431434, 13.37095167189349709, 19.01077597419582688 ) ) ;
#1212 = CARTESIAN_POINT ( 'NONE',  ( 9.202733005582969028, 35.49659257264846701, 12.57799628385648916 ) ) ;
#1213 = CARTESIAN_POINT ( 'NONE',  ( 7.586810072616716916, 11.31041677464877715, 13.25154044467478265 ) ) ;
#1214 = ORIENTED_EDGE ( 'NONE', *, *, #1237, .T. ) ;
#1215 = VECTOR ( 'NONE', #2380, 1000.000000000000000 ) ;
#1216 = CARTESIAN_POINT ( 'NONE',  ( 0.000000000000000000, -12.99999999999999822, 0.000000000000000000 ) ) ;
#1217 = DIRECTION ( 'NONE',  ( 0.3947368421052631082, 0.000000000000000000, -0.9187942236892679970 ) ) ;
#1218 = CARTESIAN_POINT ( 'NONE',  ( -1.487139653108803028, 32.11794933649095896, 12.77402446031670280 ) ) ;
#1219 = CIRCLE ( 'NONE', #1069, 7.499999999999998224 ) ;
#1220 = ORIENTED_EDGE ( 'NONE', *, *, #1510, .F. ) ;
#1221 = PLANE ( 'NONE',  #160 ) ;
#1222 =( BOUNDED_SURFACE ( )  B_SPLINE_SURFACE ( 3, 2, ( 
 ( #4186, #706, #1773 ),
 ( #4230, #1451, #3664 ),
 ( #4048, #3297, #3344 ),
 ( #4315, #1166, #4297 ),
 ( #2602, #2272, #1212 ),
 ( #503, #2902, #4361 ),
 ( #1541, #1241, #2973 ),
 ( #3979, #810, #2225 ),
 ( #2946, #2201, #1144 ),
 ( #4005, #836, #149 ),
 ( #1906, #3616, #3320 ),
 ( #1592, #3640, #1566 ),
 ( #2627, #525, #4026 ),
 ( #861, #2994, #4386 ),
 ( #2556, #2653, #3270 ),
 ( #477, #1884, #885 ),
 ( #3707, #125, #547 ),
 ( #101, #451, #1516 ),
 ( #3247, #1862, #79 ),
 ( #1494, #3770, #2360 ),
 ( #2021, #2715, #1700 ),
 ( #970, #2336, #220 ) ),
 .UNSPECIFIED., .F., .F., .F. ) 
 B_SPLINE_SURFACE_WITH_KNOTS ( ( 4, 2, 2, 2, 2, 2, 2, 2, 2, 2, 4 ),
 ( 3, 3 ),
 ( 5.204170427930421283E-17, 0.003611687164865308615, 0.004514608956081623409, 0.005417530747297937335, 0.007223374329730565188, 0.008126296120946879115, 0.009029217912163194776, 0.01083506149459582263, 0.01173798328581213656, 0.01264090507702845048, 0.01444674865946107833 ),
 ( 0.000000000000000000, 1.000000000000000000 ),
 .UNSPECIFIED. ) 
 GEOMETRIC_REPRESENTATION_ITEM ( )  RATIONAL_B_SPLINE_SURFACE ( (
 ( 1.000000000000000000, 0.5762017672644471622, 1.000000000000000000),
 ( 1.000000000000000000, 0.6023804874200768822, 1.000000000000000000),
 ( 1.000000000000000000, 0.6209550986040203169, 1.000000000000000000),
 ( 1.000000000000000000, 0.6390725682461956270, 1.000000000000000000),
 ( 1.000000000000000000, 0.6424474899350304247, 1.000000000000000000),
 ( 1.000000000000000000, 0.6486963088437499581, 1.000000000000000000),
 ( 1.000000000000000000, 0.6515903270757453791, 1.000000000000000000),
 ( 1.000000000000000000, 0.6598036515899011745, 1.000000000000000000),
 ( 1.000000000000000000, 0.6646655707558085657, 1.000000000000000000),
 ( 1.000000000000000000, 0.6717302207899014110, 1.000000000000000000),
 ( 1.000000000000000000, 0.6740567656596034851, 1.000000000000000000),
 ( 1.000000000000000000, 0.6786390088816838251, 1.000000000000000000),
 ( 1.000000000000000000, 0.6808914809210535601, 1.000000000000000000),
 ( 1.000000000000000000, 0.6876059297667600489, 1.000000000000000000),
 ( 1.000000000000000000, 0.6920397579151650325, 1.000000000000000000),
 ( 1.000000000000000000, 0.6986159013690648178, 1.000000000000000000),
 ( 1.000000000000000000, 0.7007993661763947113, 1.000000000000000000),
 ( 1.000000000000000000, 0.7050161342201357595, 1.000000000000000000),
 ( 1.000000000000000000, 0.7070567604407945739, 1.000000000000000000),
 ( 1.000000000000000000, 0.7128959958661471585, 1.000000000000000000),
 ( 1.000000000000000000, 0.7164127569965634823, 1.000000000000000000),
 ( 1.000000000000000000, 0.7192924026113730607, 1.000000000000000000) ) ) 
 REPRESENTATION_ITEM ( '' )  SURFACE ( )  );
#1223 = EDGE_LOOP ( 'NONE', ( #4154, #2486, #771, #456 ) ) ;
#1224 = CARTESIAN_POINT ( 'NONE',  ( 9.609053200565540465, 29.38143755551636715, 9.537135877438075227 ) ) ;
#1225 = CARTESIAN_POINT ( 'NONE',  ( -2.345695136727225627, 8.862548094811540267, 16.64461041515309958 ) ) ;
#1226 = DIRECTION ( 'NONE',  ( 0.000000000000000000, 1.000000000000000000, 0.000000000000000000 ) ) ;
#1227 = CARTESIAN_POINT ( 'NONE',  ( -5.957687500714357931, 9.189641008747141626, 11.67513339557422292 ) ) ;
#1228 = CARTESIAN_POINT ( 'NONE',  ( 7.980132274008551185, 18.80443508990851242, 5.161680647918376330 ) ) ;
#1229 = CARTESIAN_POINT ( 'NONE',  ( -8.545494163811719446, 25.32752206858225463, 4.150413944489338647 ) ) ;
#1230 = DIRECTION ( 'NONE',  ( 0.000000000000000000, 0.000000000000000000, -1.000000000000000000 ) ) ;
#1231 = CARTESIAN_POINT ( 'NONE',  ( -1.184143668847412290, 31.91739836849601275, 19.39643778926340545 ) ) ;
#1232 = ORIENTED_EDGE ( 'NONE', *, *, #192, .T. ) ;
#1233 = EDGE_CURVE ( 'NONE', #1075, #3368, #427, .T. ) ;
#1234 = CARTESIAN_POINT ( 'NONE',  ( -10.55315456909755589, 27.18758537262146291, 6.753770055709829023 ) ) ;
#1235 = ORIENTED_EDGE ( 'NONE', *, *, #267, .F. ) ;
#1236 = AXIS2_PLACEMENT_3D ( 'NONE', #1429, #147, #2578 ) ;
#1237 = EDGE_CURVE ( 'NONE', #2083, #4120, #2680, .T. ) ;
#1238 = CARTESIAN_POINT ( 'NONE',  ( 9.868421052631576984, -3.000000000000000888, -22.96985559223170270 ) ) ;
#1239 = CARTESIAN_POINT ( 'NONE',  ( 41.94736842105263719, -13.00000000000000000, 9.187942236892679304 ) ) ;
#1240 = ADVANCED_FACE ( 'NONE', ( #2532 ), #4256, .F. ) ;
#1241 = CARTESIAN_POINT ( 'NONE',  ( 6.029815326362216510, 33.58690729916437334, 12.75993046147323717 ) ) ;
#1242 = AXIS2_PLACEMENT_3D ( 'NONE', #709, #3951, #4209 ) ;
#1243 = CARTESIAN_POINT ( 'NONE',  ( -1.760364712518662111, 31.80391671399170761, 19.25512056549347051 ) ) ;
#1244 = DIRECTION ( 'NONE',  ( -0.4832610166156041664, -0.6940307961444985851, -0.5336478650033994464 ) ) ;
#1245 = ORIENTED_EDGE ( 'NONE', *, *, #3298, .T. ) ;
#1246 = SECURITY_CLASSIFICATION ( '', '', #4094 ) ;
#1247 = CARTESIAN_POINT ( 'NONE',  ( -8.922310274574561717, 35.63479411806472541, 12.95508365410544727 ) ) ;
#1248 = CARTESIAN_POINT ( 'NONE',  ( -4.182857822545189563, 30.82601283734331687, 17.82154881342730590 ) ) ;
#1249 = VERTEX_POINT ( 'NONE', #3201 ) ;
#1250 = VERTEX_POINT ( 'NONE', #3975 ) ;
#1251 = CARTESIAN_POINT ( 'NONE',  ( 10.95492086006259669, 25.04335693792331341, 6.771773591067102416 ) ) ;
#1252 = CARTESIAN_POINT ( 'NONE',  ( -2.959182716121353973, 13.17293589615711547, 14.03395138701508849 ) ) ;
#1253 = CARTESIAN_POINT ( 'NONE',  ( -3.891906675483310707, 17.00854510570665568, 17.30077557121180831 ) ) ;
#1254 = CARTESIAN_POINT ( 'NONE',  ( 8.374983640196241197, 20.86775705644596002, 4.487537742174191990 ) ) ;
#1255 = CARTESIAN_POINT ( 'NONE',  ( -5.769667250534595837, 18.22436638165218525, 7.829211148872128767 ) ) ;
#1256 = CARTESIAN_POINT ( 'NONE',  ( 0.000000000000000000, -80.88225099390857054, 21.00000000000000000 ) ) ;
#1257 = CARTESIAN_POINT ( 'NONE',  ( 7.609214147627995750, 26.47709053351411157, 7.935698331228854485 ) ) ;
#1258 = VERTEX_POINT ( 'NONE', #1857 ) ;
#1259 = ORIENTED_EDGE ( 'NONE', *, *, #889, .T. ) ;
#1260 = CARTESIAN_POINT ( 'NONE',  ( 10.92938279552335246, 25.28380613887543404, 6.838496791362747906 ) ) ;
#1261 = CYLINDRICAL_SURFACE ( 'NONE', #1679, 13.50000000000000178 ) ;
#1262 = FACE_BOUND ( 'NONE', #3996, .T. ) ;
#1263 = EDGE_CURVE ( 'NONE', #1353, #3723, #23, .T. ) ;
#1264 = ADVANCED_FACE ( 'NONE', ( #3636 ), #2813, .F. ) ;
#1265 = CARTESIAN_POINT ( 'NONE',  ( -7.718060088257853835, 21.87843326486167683, -9.833174062596826914 ) ) ;
#1266 = CARTESIAN_POINT ( 'NONE',  ( -7.999999999999998224, 23.85821920272980989, 6.652067347825250110 ) ) ;
#1267 = AXIS2_PLACEMENT_3D ( 'NONE', #3904, #683, #1114 ) ;
#1268 = DIRECTION ( 'NONE',  ( 0.2200455890626009658, 0.9754895892494666043, 0.000000000000000000 ) ) ;
#1269 = AXIS2_PLACEMENT_3D ( 'NONE', #3305, #2609, #2633 ) ;
#1270 = VERTEX_POINT ( 'NONE', #2158 ) ;
#1271 = ORIENTED_EDGE ( 'NONE', *, *, #2298, .T. ) ;
#1272 = CARTESIAN_POINT ( 'NONE',  ( 0.000000000000000000, -80.88225099390857054, 0.000000000000000000 ) ) ;
#1273 = CARTESIAN_POINT ( 'NONE',  ( 0.6222217287409764763, 12.99402055466724626, 14.67380571237849196 ) ) ;
#1274 = CARTESIAN_POINT ( 'NONE',  ( -1.552038887504969100, 16.14965588198634805, 19.27270679637122797 ) ) ;
#1275 = CARTESIAN_POINT ( 'NONE',  ( -6.405348780391884489, 19.20713999771200164, 10.70515017139845071 ) ) ;
#1276 = CARTESIAN_POINT ( 'NONE',  ( 6.299261441700044983, 28.93317962980235691, 12.68748500055357376 ) ) ;
#1277 = CARTESIAN_POINT ( 'NONE',  ( 10.40506920914843825, 20.39301536624574851, 6.974327854753964218 ) ) ;
#1278 = CARTESIAN_POINT ( 'NONE',  ( -10.58320448068093889, 27.01256870059451032, 7.671754302543551063 ) ) ;
#1279 = ORIENTED_EDGE ( 'NONE', *, *, #418, .F. ) ;
#1280 = VECTOR ( 'NONE', #3525, 1000.000000000000000 ) ;
#1281 = EDGE_LOOP ( 'NONE', ( #3882, #1968, #2708, #1195 ) ) ;
#1282 = DIRECTION ( 'NONE',  ( 0.000000000000000000, 0.000000000000000000, 1.000000000000000000 ) ) ;
#1283 = CARTESIAN_POINT ( 'NONE',  ( -9.868421052631584089, -13.00000000000000000, 22.96985559223169915 ) ) ;
#1284 = CARTESIAN_POINT ( 'NONE',  ( 1.180277162148853254, 31.91802529690606605, 19.39722163185036408 ) ) ;
#1285 = DIRECTION ( 'NONE',  ( 0.3947368421052625531, 0.000000000000000000, 0.9187942236892682191 ) ) ;
#1286 = PERSON_AND_ORGANIZATION ( #574, #3960 ) ;
#1287 = CARTESIAN_POINT ( 'NONE',  ( -5.791977912732467537, 33.66522057636552034, 13.28252660431620136 ) ) ;
#1288 = VERTEX_POINT ( 'NONE', #1511 ) ;
#1289 = CIRCLE ( 'NONE', #2836, 3.000000000000000000 ) ;
#1290 = DIRECTION ( 'NONE',  ( -0.000000000000000000, 1.000000000000000000, -0.000000000000000000 ) ) ;
#1291 = CIRCLE ( 'NONE', #702, 16.50000000000000000 ) ;
#1292 = CARTESIAN_POINT ( 'NONE',  ( 0.000000000000000000, -3.000000000000000888, 0.000000000000000000 ) ) ;
#1293 = CARTESIAN_POINT ( 'NONE',  ( -5.430158962003272194, 18.12382784275401093, 14.34107353540067820 ) ) ;
#1294 = CARTESIAN_POINT ( 'NONE',  ( -8.338375850138227463, 20.60956556043533894, 4.556100330948059884 ) ) ;
#1295 = CARTESIAN_POINT ( 'NONE',  ( 5.510096950745339228, 29.80429688117473219, 15.66332737512055040 ) ) ;
#1296 = CARTESIAN_POINT ( 'NONE',  ( 3.532077253678664874, 37.51596758547995591, 16.12237161685198572 ) ) ;
#1297 = CARTESIAN_POINT ( 'NONE',  ( 8.581385883281324567, 23.91510633965109989, 4.075518562153607860 ) ) ;
#1298 = CARTESIAN_POINT ( 'NONE',  ( -9.582050610281591219, 31.43614609660939863, 8.040945639937069345 ) ) ;
#1299 = VERTEX_POINT ( 'NONE', #744 ) ;
#1300 = CIRCLE ( 'NONE', #2702, 21.00000000000000000 ) ;
#1301 = DIRECTION ( 'NONE',  ( 1.000000000000000000, 0.000000000000000000, 0.000000000000000000 ) ) ;
#1302 = CARTESIAN_POINT ( 'NONE',  ( 11.21542226125423625, 25.65350714841637014, 5.520319708107969348 ) ) ;
#1303 = CARTESIAN_POINT ( 'NONE',  ( -2.606693901230184185, 37.65685424949238325, 16.29279432464822364 ) ) ;
#1304 = CIRCLE ( 'NONE', #3880, 21.79449471770336544 ) ;
#1305 = CARTESIAN_POINT ( 'NONE',  ( -8.000000000000035527, 23.99999999999964473, -9.604686356149475301 ) ) ;
#1306 = CARTESIAN_POINT ( 'NONE',  ( 0.000000000000000000, -3.000000000000000000, 0.000000000000000000 ) ) ;
#1307 = CARTESIAN_POINT ( 'NONE',  ( -8.962083230728092431, 30.37918785939863753, 10.99708813727661827 ) ) ;
#1308 = EDGE_CURVE ( 'NONE', #4194, #3759, #1794, .T. ) ;
#1309 = B_SPLINE_CURVE_WITH_KNOTS ( 'NONE', 3,
 ( #3749, #1266, #2655, #592, #2694, #569, #2003, #3041, #2736, #1868, #200, #1979, #2207, #247, #2362, #4140 ),
 .UNSPECIFIED., .F., .F.,
 ( 4, 2, 2, 2, 2, 2, 2, 4 ),
 ( 0.006269886578242230696, 0.006687524720897176402, 0.007105162863552122975, 0.007940439148862006580, 0.008775715434171889318, 0.009610991719481768586, 0.01128154429010153059, 0.01295209686072129086 ),
 .UNSPECIFIED. ) ;
#1310 = ORIENTED_EDGE ( 'NONE', *, *, #498, .T. ) ;
#1311 = CIRCLE ( 'NONE', #4549, 28.00000000000000355 ) ;
#1312 = CIRCLE ( 'NONE', #3528, 3.000000000000000000 ) ;
#1313 = CARTESIAN_POINT ( 'NONE',  ( 0.000000000000000000, 24.00000000000000355, -28.00000000000000355 ) ) ;
#1314 = CARTESIAN_POINT ( 'NONE',  ( 8.095652814883846915, 16.52021654658980765, 13.03982499595720768 ) ) ;
#1315 = EDGE_CURVE ( 'NONE', #3359, #817, #3576, .T. ) ;
#1316 = CARTESIAN_POINT ( 'NONE',  ( 10.19233319284129635, 17.93903492974682123, 7.249323165410758385 ) ) ;
#1317 = CARTESIAN_POINT ( 'NONE',  ( -4.031907661267669418, 17.08852520205694603, 17.10571113125859810 ) ) ;
#1318 = ADVANCED_FACE ( 'NONE', ( #3221 ), #184, .T. ) ;
#1319 = CARTESIAN_POINT ( 'NONE',  ( 7.076004965942656710, 37.65685424954436655, 11.50252713310543484 ) ) ;
#1320 = CARTESIAN_POINT ( 'NONE',  ( -10.03996284335152112, 28.52326217345819614, 8.787239148732878036 ) ) ;
#1321 = EDGE_LOOP ( 'NONE', ( #728, #2740, #3420, #4187 ) ) ;
#1322 = CARTESIAN_POINT ( 'NONE',  ( 8.001181382729726010, 23.93418627173552693, 5.297195737717927955 ) ) ;
#1323 = EDGE_CURVE ( 'NONE', #1299, #1197, #625, .T. ) ;
#1324 = ORIENTED_EDGE ( 'NONE', *, *, #3039, .T. ) ;
#1325 = CARTESIAN_POINT ( 'NONE',  ( 6.920866599136532571, 28.04471049640643088, -10.41458700045015284 ) ) ;
#1326 = CARTESIAN_POINT ( 'NONE',  ( -9.717244331566723403, 37.65685424909316481, 9.381420971883235538 ) ) ;
#1327 = CARTESIAN_POINT ( 'NONE',  ( 7.654772436396761748, 21.66583506353016375, 7.800036574550259338 ) ) ;
#1328 = DIRECTION ( 'NONE',  ( 0.000000000000000000, -0.000000000000000000, 1.000000000000000000 ) ) ;
#1329 = DIRECTION ( 'NONE',  ( 0.000000000000000000, 0.000000000000000000, -1.000000000000000000 ) ) ;
#1330 = CARTESIAN_POINT ( 'NONE',  ( -38.00000000000000000, 0.000000000000000000, 0.000000000000000000 ) ) ;
#1331 = PERSON_AND_ORGANIZATION_ROLE ( 'creator' ) ;
#1332 = ORIENTED_EDGE ( 'NONE', *, *, #2730, .F. ) ;
#1333 = AXIS2_PLACEMENT_3D ( 'NONE', #27, #2001, #3406 ) ;
#1334 = ORIENTED_EDGE ( 'NONE', *, *, #440, .F. ) ;
#1335 = EDGE_CURVE ( 'NONE', #2805, #3596, #2170, .T. ) ;
#1336 = CARTESIAN_POINT ( 'NONE',  ( -38.00000000000000000, -13.00000000000000000, 4.499999999999998224 ) ) ;
#1337 = CARTESIAN_POINT ( 'NONE',  ( -6.923280478930641024, 28.04068489437217693, -10.41299429097219509 ) ) ;
#1338 = CYLINDRICAL_SURFACE ( 'NONE', #601, 16.50000000000000000 ) ;
#1339 = CARTESIAN_POINT ( 'NONE',  ( -7.130267002534558252, 20.36713723060505998, 9.199047990264565655 ) ) ;
#1340 = CIRCLE ( 'NONE', #2269, 3.000000000000000000 ) ;
#1341 = VECTOR ( 'NONE', #878, 1000.000000000000000 ) ;
#1342 = CARTESIAN_POINT ( 'NONE',  ( 1.525230193880985130, 32.15161307857608364, 12.67567134406026241 ) ) ;
#1343 = CARTESIAN_POINT ( 'NONE',  ( 8.924180584783025338, 35.63384706964938431, 12.95239622101819243 ) ) ;
#1344 = CIRCLE ( 'NONE', #812, 19.00000000000000000 ) ;
#1345 = EDGE_LOOP ( 'NONE', ( #3805, #954, #2516, #1099, #2288, #1161 ) ) ;
#1346 = CARTESIAN_POINT ( 'NONE',  ( 7.881816035060968062, 22.54722007592991773, 5.486447729432985199 ) ) ;
#1347 = CARTESIAN_POINT ( 'NONE',  ( -11.14580272484110601, 21.73472567015687673, 5.660115423140314128 ) ) ;
#1348 = DIRECTION ( 'NONE',  ( 1.000000000000000000, 0.000000000000000000, 0.000000000000000000 ) ) ;
#1349 = ORIENTED_EDGE ( 'NONE', *, *, #1844, .F. ) ;
#1350 = CARTESIAN_POINT ( 'NONE',  ( 2.645356987345611977, 31.56796438691413798, -12.22693500784795617 ) ) ;
#1351 = CARTESIAN_POINT ( 'NONE',  ( 0.000000000000000000, 0.000000000000000000, 0.000000000000000000 ) ) ;
#1352 = FACE_OUTER_BOUND ( 'NONE', #2576, .T. ) ;
#1353 = VERTEX_POINT ( 'NONE', #1997 ) ;
#1354 = CARTESIAN_POINT ( 'NONE',  ( 8.210360758818161742, 19.91521136110219103, 4.780667578095612491 ) ) ;
#1355 = CARTESIAN_POINT ( 'NONE',  ( 0.000000000000000000, 58.00000000000000000, 0.000000000000000000 ) ) ;
#1356 = CARTESIAN_POINT ( 'NONE',  ( 0.000000000000000000, -3.000000000000000888, 0.000000000000000000 ) ) ;
#1357 = DIRECTION ( 'NONE',  ( 0.3947368421052631082, 0.000000000000000000, 0.9187942236892679970 ) ) ;
#1358 = ORIENTED_EDGE ( 'NONE', *, *, #2727, .F. ) ;
#1359 = CALENDAR_DATE ( 2026, 3, 8 ) ;
#1360 = ORIENTED_EDGE ( 'NONE', *, *, #468, .T. ) ;
#1361 = DIRECTION ( 'NONE',  ( 0.000000000000000000, 0.000000000000000000, -1.000000000000000000 ) ) ;
#1362 = CARTESIAN_POINT ( 'NONE',  ( 5.769924242099397027, 18.22461219054327586, 7.829026754034660307 ) ) ;
#1363 = CARTESIAN_POINT ( 'NONE',  ( -4.921896540608604376, 30.32804880503926626, -11.49941873514842605 ) ) ;
#1364 = CARTESIAN_POINT ( 'NONE',  ( 6.090370999287095799, 10.27959230752596831, 14.77581846954834255 ) ) ;
#1365 = CARTESIAN_POINT ( 'NONE',  ( 0.2656080244456334172, 14.57343008007636342, 10.32292090462523326 ) ) ;
#1366 = CARTESIAN_POINT ( 'NONE',  ( 2.060158678083332973, 34.13033824295867191, 9.690174685801878240 ) ) ;
#1367 = CARTESIAN_POINT ( 'NONE',  ( -8.152262084135129427, 11.35454181526981365, 7.785563761017056272 ) ) ;
#1368 = ORIENTED_EDGE ( 'NONE', *, *, #2134, .F. ) ;
#1369 = AXIS2_PLACEMENT_3D ( 'NONE', #2169, #3584, #3239 ) ;
#1370 = CARTESIAN_POINT ( 'NONE',  ( 7.815176401304555931, 22.27651466160650529, 7.295613597000714989 ) ) ;
#1371 = FACE_OUTER_BOUND ( 'NONE', #2433, .T. ) ;
#1372 = EDGE_LOOP ( 'NONE', ( #4176, #2779, #805, #2502 ) ) ;
#1373 = CARTESIAN_POINT ( 'NONE',  ( -7.608003002286920946, 26.48085508699597312, 7.939278097120834765 ) ) ;
#1374 = EDGE_CURVE ( 'NONE', #2896, #616, #1141, .T. ) ;
#1375 = CARTESIAN_POINT ( 'NONE',  ( -5.965007454310907065, 29.33396889273760522, 14.27449227235799789 ) ) ;
#1376 = VERTEX_POINT ( 'NONE', #565 ) ;
#1377 = CARTESIAN_POINT ( 'NONE',  ( 4.371286196163402415, 17.29500809698606290, -8.437940171078047058 ) ) ;
#1378 = AXIS2_PLACEMENT_3D ( 'NONE', #660, #999, #3158 ) ;
#1379 = CARTESIAN_POINT ( 'NONE',  ( 8.000000000000000000, 24.00000000000000355, -28.00200000000001310 ) ) ;
#1380 = EDGE_CURVE ( 'NONE', #641, #4414, #3402, .T. ) ;
#1381 = DIRECTION ( 'NONE',  ( 0.000000000000000000, 0.000000000000000000, 1.000000000000000000 ) ) ;
#1382 = CARTESIAN_POINT ( 'NONE',  ( 5.025953947833141200, 33.78745623342012294, 18.29678643990589748 ) ) ;
#1383 = DIRECTION ( 'NONE',  ( 0.000000000000000000, -0.6167441807741945725, -0.7871636522865925745 ) ) ;
#1384 = AXIS2_PLACEMENT_3D ( 'NONE', #3684, #3403, #546 ) ;
#1385 = ORIENTED_EDGE ( 'NONE', *, *, #3232, .T. ) ;
#1386 = DIRECTION ( 'NONE',  ( 0.000000000000000000, 0.000000000000000000, -1.000000000000000000 ) ) ;
#1387 = DIRECTION ( 'NONE',  ( 0.000000000000000000, 1.000000000000000000, -0.000000000000000000 ) ) ;
#1388 = DIRECTION ( 'NONE',  ( 0.000000000000000000, 0.000000000000000000, -1.000000000000000000 ) ) ;
#1389 = CARTESIAN_POINT ( 'NONE',  ( -0.1875123360048533694, 14.74276191130543445, 10.39525574704445354 ) ) ;
#1390 = VECTOR ( 'NONE', #1474, 1000.000000000000000 ) ;
#1391 = CARTESIAN_POINT ( 'NONE',  ( 5.962197047362678859, 29.33504622614597679, 14.25936271488018825 ) ) ;
#1392 = DIRECTION ( 'NONE',  ( -0.000000000000000000, -1.000000000000000000, -0.000000000000000000 ) ) ;
#1393 = ORIENTED_EDGE ( 'NONE', *, *, #3735, .F. ) ;
#1394 = CARTESIAN_POINT ( 'NONE',  ( 7.988973074616484205, 23.46336128546314015, 5.316950448948325025 ) ) ;
#1395 = CARTESIAN_POINT ( 'NONE',  ( 0.3978277756092303830, 35.00038814937057907, 19.50035467253815114 ) ) ;
#1396 = EDGE_CURVE ( 'NONE', #1047, #1699, #1291, .T. ) ;
#1397 = ORIENTED_EDGE ( 'NONE', *, *, #4319, .F. ) ;
#1398 = CARTESIAN_POINT ( 'NONE',  ( -7.667050877346390791, 26.29294067469918872, 7.762804850840003823 ) ) ;
#1399 = DIRECTION ( 'NONE',  ( 0.000000000000000000, -1.000000000000000000, 0.000000000000000000 ) ) ;
#1400 = CARTESIAN_POINT ( 'NONE',  ( 9.868421052631580537, -3.000000000000000000, 22.96985559223169915 ) ) ;
#1401 = VERTEX_POINT ( 'NONE', #1630 ) ;
#1402 = EDGE_CURVE ( 'NONE', #4414, #1258, #104, .T. ) ;
#1403 = B_SPLINE_CURVE_WITH_KNOTS ( 'NONE', 3,
 ( #206, #618, #1620, #4413, #2320, #1984, #935, #2254, #1914, #3002, #3694, #2564, #4528, #1382, #3090, #4183, #613, #2437, #2024, #3501 ),
 .UNSPECIFIED., .F., .F.,
 ( 4, 2, 2, 2, 2, 2, 2, 2, 2, 4 ),
 ( 6.956219508664839751E-17, 0.003196705306407168073, 0.004795057959610719150, 0.006393410612814269360, 0.007192586939416050103, 0.007991763266017829978, 0.009590115919221387994, 0.01038929224582317221, 0.01118846857242495815, 0.01278682122562851790 ),
 .UNSPECIFIED. ) ;
#1404 = CARTESIAN_POINT ( 'NONE',  ( 4.387506503624522658, 8.263902921559671100, 12.98156416226117216 ) ) ;
#1405 = CARTESIAN_POINT ( 'NONE',  ( 2.831073017781857853E-11, 8.636363636363640239, 16.92374731377468322 ) ) ;
#1406 = CARTESIAN_POINT ( 'NONE',  ( 0.000000000000000000, -13.00000000000000000, 0.000000000000000000 ) ) ;
#1407 = EDGE_CURVE ( 'NONE', #3152, #2975, #408, .T. ) ;
#1408 = ORIENTED_EDGE ( 'NONE', *, *, #529, .T. ) ;
#1409 = CARTESIAN_POINT ( 'NONE',  ( 11.20936036568579830, 15.61249499599599488, 10.70515017139845071 ) ) ;
#1410 = CARTESIAN_POINT ( 'NONE',  ( 8.807354573038841394, 17.40981749685399649, 10.70515017139845426 ) ) ;
#1411 = CARTESIAN_POINT ( 'NONE',  ( -43.13157894736841058, -3.000000000000004441, 11.94432490796048008 ) ) ;
#1412 = LINE ( 'NONE', #1821, #1390 ) ;
#1413 = CARTESIAN_POINT ( 'NONE',  ( -7.717639137414016304, 21.82608969820053701, -5.543116700425279930 ) ) ;
#1414 = CARTESIAN_POINT ( 'NONE',  ( 5.018318554894354300, 17.76806599068741832, 15.34726349608170715 ) ) ;
#1415 = DIRECTION ( 'NONE',  ( 8.673617379884035472E-16, 0.9132672398347349008, 0.4073609562103919224 ) ) ;
#1416 = ORIENTED_EDGE ( 'NONE', *, *, #4463, .F. ) ;
#1417 = CARTESIAN_POINT ( 'NONE',  ( -7.209983425468997176, 15.27503381299190544, 9.219796733724562543 ) ) ;
#1418 = CARTESIAN_POINT ( 'NONE',  ( -9.513858728982913959, 18.43385589453519557, 8.163671069477253184 ) ) ;
#1419 = CARTESIAN_POINT ( 'NONE',  ( -3.080638246908400824, 37.65685424948532045, 19.25512056549335682 ) ) ;
#1420 = DIRECTION ( 'NONE',  ( 0.000000000000000000, 0.000000000000000000, -1.000000000000000000 ) ) ;
#1421 = AXIS2_PLACEMENT_3D ( 'NONE', #879, #4403, #4042 ) ;
#1422 = CARTESIAN_POINT ( 'NONE',  ( 11.00000000000000355, 23.64909535916207517, 6.652067347825038723 ) ) ;
#1423 = LINE ( 'NONE', #2869, #2636 ) ;
#1424 = CARTESIAN_POINT ( 'NONE',  ( -11.00000000000000000, 24.00000000000000355, -28.00200000000001310 ) ) ;
#1425 = ORIENTED_EDGE ( 'NONE', *, *, #504, .F. ) ;
#1426 = CARTESIAN_POINT ( 'NONE',  ( 23.95307913400697331, -3.000000000000002665, 1.500000000000000000 ) ) ;
#1427 = ORIENTED_EDGE ( 'NONE', *, *, #2324, .F. ) ;
#1428 = CARTESIAN_POINT ( 'NONE',  ( 1.190250329733569368, 8.691445319924909541, 16.85617279936284518 ) ) ;
#1429 = CARTESIAN_POINT ( 'NONE',  ( 9.868421052631582313, -3.000000000000000000, 22.96985559223170270 ) ) ;
#1430 = VECTOR ( 'NONE', #3549, 1000.000000000000000 ) ;
#1431 = ORIENTED_EDGE ( 'NONE', *, *, #2677, .F. ) ;
#1432 = CARTESIAN_POINT ( 'NONE',  ( 2.831073017781857853E-11, 8.636363636363640239, 16.92374731377468322 ) ) ;
#1433 = DIRECTION ( 'NONE',  ( 0.000000000000000000, 1.000000000000000000, -0.000000000000000000 ) ) ;
#1434 = CARTESIAN_POINT ( 'NONE',  ( 6.525016965173514372, 9.636406424482110822, 10.98301934152208936 ) ) ;
#1435 = ADVANCED_FACE ( 'NONE', ( #4424, #883 ), #545, .F. ) ;
#1436 = ADVANCED_FACE ( 'NONE', ( #3683 ), #3705, .T. ) ;
#1437 = CARTESIAN_POINT ( 'NONE',  ( -5.127924858828592392, 8.656022184298860722, 12.44346481200338417 ) ) ;
#1438 = CARTESIAN_POINT ( 'NONE',  ( 7.550604724834494519, 26.75604117866835097, 5.967104738203510728 ) ) ;
#1439 = CARTESIAN_POINT ( 'NONE',  ( -9.924179671278745118, 19.24757560122530720, 8.987596042437102639 ) ) ;
#1440 = ORIENTED_EDGE ( 'NONE', *, *, #2611, .T. ) ;
#1441 = DIRECTION ( 'NONE',  ( 0.000000000000000000, 1.000000000000000000, -0.000000000000000000 ) ) ;
#1442 = CARTESIAN_POINT ( 'NONE',  ( 0.000000000000000000, 37.65685424949238325, -13.50000000000000178 ) ) ;
#1443 = DIRECTION ( 'NONE',  ( 0.000000000000000000, 1.000000000000000000, 0.000000000000000000 ) ) ;
#1444 = ORIENTED_EDGE ( 'NONE', *, *, #244, .F. ) ;
#1445 = VECTOR ( 'NONE', #1554, 1000.000000000000000 ) ;
#1446 = CARTESIAN_POINT ( 'NONE',  ( -5.782240055795327294, 37.65685424949237614, 12.22251082807129308 ) ) ;
#1447 = ORIENTED_EDGE ( 'NONE', *, *, #4047, .T. ) ;
#1448 = CARTESIAN_POINT ( 'NONE',  ( -1.753013097052522395, 37.88443535914418447, 16.42937522670258232 ) ) ;
#1449 = CYLINDRICAL_SURFACE ( 'NONE', #2849, 28.00000000000000355 ) ;
#1450 = ORIENTED_EDGE ( 'NONE', *, *, #2754, .T. ) ;
#1451 = CARTESIAN_POINT ( 'NONE',  ( 6.678739272070132849, 33.51498741737235321, 10.22219368544459783 ) ) ;
#1452 = AXIS2_PLACEMENT_3D ( 'NONE', #3429, #4476, #2996 ) ;
#1453 = VECTOR ( 'NONE', #57, 1000.000000000000000 ) ;
#1454 = ORIENTED_EDGE ( 'NONE', *, *, #3523, .T. ) ;
#1455 = FACE_OUTER_BOUND ( 'NONE', #2584, .T. ) ;
#1456 = EDGE_CURVE ( 'NONE', #1833, #346, #2292, .T. ) ;
#1457 = DIRECTION ( 'NONE',  ( 0.000000000000000000, 0.000000000000000000, 1.000000000000000000 ) ) ;
#1458 = AXIS2_PLACEMENT_3D ( 'NONE', #354, #4287, #3216 ) ;
#1459 = CARTESIAN_POINT ( 'NONE',  ( 38.00000000000000000, -13.00000000000000000, 0.000000000000000000 ) ) ;
#1460 = CARTESIAN_POINT ( 'NONE',  ( 7.926852414718243978, 25.11474649623407984, -5.236206761973312140 ) ) ;
#1461 = DIRECTION ( 'NONE',  ( -0.5714285714285707307, 0.8206518066482901830, 0.000000000000000000 ) ) ;
#1462 = EDGE_CURVE ( 'NONE', #2178, #329, #3206, .T. ) ;
#1463 = LINE ( 'NONE', #3281, #1445 ) ;
#1464 = ORIENTED_EDGE ( 'NONE', *, *, #1936, .T. ) ;
#1465 = CARTESIAN_POINT ( 'NONE',  ( -1.984283398263977150, 31.75340636549542239, 19.19242701787175420 ) ) ;
#1466 = CYLINDRICAL_SURFACE ( 'NONE', #1610, 4.499999999999998224 ) ;
#1467 = ORIENTED_EDGE ( 'NONE', *, *, #1193, .T. ) ;
#1468 = VECTOR ( 'NONE', #1876, 1000.000000000000000 ) ;
#1469 = CARTESIAN_POINT ( 'NONE',  ( -10.23392343444892383, 18.04482018206897465, 7.191294050465202758 ) ) ;
#1470 = ORIENTED_EDGE ( 'NONE', *, *, #4492, .F. ) ;
#1471 = DIRECTION ( 'NONE',  ( 0.000000000000000000, 1.000000000000000000, 0.000000000000000000 ) ) ;
#1472 = LINE ( 'NONE', #764, #2855 ) ;
#1473 = VERTEX_POINT ( 'NONE', #1611 ) ;
#1474 = DIRECTION ( 'NONE',  ( 0.000000000000000000, 1.000000000000000000, 0.000000000000000000 ) ) ;
#1475 = CARTESIAN_POINT ( 'NONE',  ( 0.000000000000000000, -12.99999999999999822, 0.000000000000000000 ) ) ;
#1476 = CC_DESIGN_DATE_AND_TIME_ASSIGNMENT ( #3067, #2717, ( #1246 ) ) ;
#1477 = DIRECTION ( 'NONE',  ( 0.000000000000000000, 0.000000000000000000, 1.000000000000000000 ) ) ;
#1478 = DIRECTION ( 'NONE',  ( 0.9187942236892679970, 0.000000000000000000, -0.3947368421052631637 ) ) ;
#1479 = CARTESIAN_POINT ( 'NONE',  ( 8.575462163233664725, 24.52739078339190826, 4.087969399315837471 ) ) ;
#1480 = LINE ( 'NONE', #1175, #3985 ) ;
#1481 = CARTESIAN_POINT ( 'NONE',  ( 38.00000000000000000, -3.000000000000000888, 0.000000000000000000 ) ) ;
#1482 = CARTESIAN_POINT ( 'NONE',  ( -7.942213315173699328, 24.98531204273602313, 6.862093902106396470 ) ) ;
#1483 = CARTESIAN_POINT ( 'NONE',  ( -6.565214453186319687, 28.57142857142857295, 10.40432602334240286 ) ) ;
#1484 = CARTESIAN_POINT ( 'NONE',  ( 11.48912529307606434, 31.99999999999998579, 10.40432602334235490 ) ) ;
#1485 = ORIENTED_EDGE ( 'NONE', *, *, #1491, .T. ) ;
#1486 = EDGE_CURVE ( 'NONE', #726, #1991, #3340, .T. ) ;
#1487 = ORIENTED_EDGE ( 'NONE', *, *, #3873, .T. ) ;
#1488 = DIRECTION ( 'NONE',  ( 0.000000000000000000, 0.000000000000000000, -1.000000000000000000 ) ) ;
#1489 = CARTESIAN_POINT ( 'NONE',  ( -0.2726270464275872274, 16.00046788899214434, 19.59491511279565401 ) ) ;
#1490 = AXIS2_PLACEMENT_3D ( 'NONE', #65, #2864, #4265 ) ;
#1491 = EDGE_CURVE ( 'NONE', #2390, #2220, #2419, .T. ) ;
#1492 = FACE_OUTER_BOUND ( 'NONE', #3692, .T. ) ;
#1493 = CARTESIAN_POINT ( 'NONE',  ( 4.363532325089959585, 13.89106323642375784, 18.15746387809394946 ) ) ;
#1494 = CARTESIAN_POINT ( 'NONE',  ( 3.328037479421602551, 34.49450211309545722, 19.03868259482454306 ) ) ;
#1495 = ORIENTED_EDGE ( 'NONE', *, *, #1957, .F. ) ;
#1496 = DIRECTION ( 'NONE',  ( 0.000000000000000000, 1.000000000000000000, 0.000000000000000000 ) ) ;
#1497 = CARTESIAN_POINT ( 'NONE',  ( -4.519160997691553661, 37.30655624744190391, 15.85696203695209938 ) ) ;
#1498 = VERTEX_POINT ( 'NONE', #2670 ) ;
#1499 = CARTESIAN_POINT ( 'NONE',  ( 5.378920575423634887, 29.94234848037179830, -7.842473530130376069 ) ) ;
#1500 = AXIS2_PLACEMENT_3D ( 'NONE', #3902, #739, #1089 ) ;
#1501 = CARTESIAN_POINT ( 'NONE',  ( 8.035557070162703042, 28.96236030390935667, 5.074358621997165919 ) ) ;
#1502 = CYLINDRICAL_SURFACE ( 'NONE', #2147, 7.499999999999998224 ) ;
#1503 = CARTESIAN_POINT ( 'NONE',  ( -2.207251693432521034, 14.59577425125464245, 9.107206203788949850 ) ) ;
#1504 = CARTESIAN_POINT ( 'NONE',  ( -7.729314091936710263, 26.22301944452716427, 5.718037065942231045 ) ) ;
#1505 = DIRECTION ( 'NONE',  ( -0.000000000000000000, -1.000000000000000000, -0.000000000000000000 ) ) ;
#1506 = DIRECTION ( 'NONE',  ( 0.1357478292767241579, -0.1949529773529232735, -0.9713731844496676926 ) ) ;
#1507 = EDGE_LOOP ( 'NONE', ( #2681, #2280, #756, #4 ) ) ;
#1508 = CARTESIAN_POINT ( 'NONE',  ( 8.527558751398323977, 25.59710336378198292, 4.187556187598754143 ) ) ;
#1509 = ORIENTED_EDGE ( 'NONE', *, *, #3848, .F. ) ;
#1510 = EDGE_CURVE ( 'NONE', #1924, #2390, #1607, .T. ) ;
#1511 = CARTESIAN_POINT ( 'NONE',  ( -6.405348780391886265, 19.20713999771200164, 10.70515017139845426 ) ) ;
#1512 = CARTESIAN_POINT ( 'NONE',  ( 0.2444388837336681497, 15.99955694141826434, 19.59686755259302871 ) ) ;
#1513 = CARTESIAN_POINT ( 'NONE',  ( -10.75903866677756326, 21.68831919825445809, 7.264191726184392017 ) ) ;
#1514 = AXIS2_PLACEMENT_3D ( 'NONE', #2875, #4274, #1488 ) ;
#1515 = CARTESIAN_POINT ( 'NONE',  ( -8.895118574037933712, 30.47316144980212016, 11.45411041911205885 ) ) ;
#1516 = CARTESIAN_POINT ( 'NONE',  ( 4.512216146974378006, 37.30326386748873091, 15.85167732074029701 ) ) ;
#1517 = EDGE_LOOP ( 'NONE', ( #3792, #1018, #1627, #1279, #2368 ) ) ;
#1518 =( BOUNDED_SURFACE ( )  B_SPLINE_SURFACE ( 3, 2, ( 
 ( #3729, #2628, #1243 ),
 ( #3709, #2995, #3771 ),
 ( #1952, #1614, #3061 ),
 ( #3387, #199, #3020 ),
 ( #526, #1657, #4452 ),
 ( #1978, #548, #1284 ),
 ( #2693, #4408, #568 ),
 ( #4088, #221, #4027 ) ),
 .UNSPECIFIED., .F., .F., .T. ) 
 B_SPLINE_SURFACE_WITH_KNOTS ( ( 4, 2, 2, 4 ),
 ( 3, 3 ),
 ( -7.572067972638762967E-16, 0.003096545683921308936, 0.004644818525882342224, 0.006193091367843375078 ),
 ( 0.000000000000000000, 1.000000000000000000 ),
 .UNSPECIFIED. ) 
 GEOMETRIC_REPRESENTATION_ITEM ( )  RATIONAL_B_SPLINE_SURFACE ( (
 ( 1.000000000000000000, 0.7192924026116088720, 1.000000000000000000),
 ( 1.000000000000000000, 0.7113667734926155672, 1.000000000000000000),
 ( 1.000000000000000000, 0.7071366480505035801, 1.000000000000000000),
 ( 1.000000000000000000, 0.7070920851959345832, 1.000000000000000000),
 ( 1.000000000000000000, 0.7081443149132579107, 1.000000000000000000),
 ( 1.000000000000000000, 0.7122705412286586268, 1.000000000000000000),
 ( 1.000000000000000000, 0.7153333718120382656, 1.000000000000000000),
 ( 1.000000000000000000, 0.7192924026113636238, 1.000000000000000000) ) ) 
 REPRESENTATION_ITEM ( '' )  SURFACE ( )  );
#1519 = DIRECTION ( 'NONE',  ( 0.000000000000000000, 1.000000000000000000, 0.000000000000000000 ) ) ;
#1520 = AXIS2_PLACEMENT_3D ( 'NONE', #2315, #1244, #4410 ) ;
#1521 = CARTESIAN_POINT ( 'NONE',  ( -4.193201788419709253, 34.17991719232405501, 18.72518523486272812 ) ) ;
#1522 = CIRCLE ( 'NONE', #494, 12.99999999999999822 ) ;
#1523 = CARTESIAN_POINT ( 'NONE',  ( 30.65153077165046724, -13.00000000000000000, -1.500000000000000000 ) ) ;
#1524 = CARTESIAN_POINT ( 'NONE',  ( -30.50000000000000000, -13.00000000000000000, 1.500000000000000000 ) ) ;
#1525 = CARTESIAN_POINT ( 'NONE',  ( 11.14543199124018891, 21.73208572812816186, 5.660839847181780904 ) ) ;
#1526 = CARTESIAN_POINT ( 'NONE',  ( 0.2608046298491672466, 12.99974194231743674, 19.59632019377039569 ) ) ;
#1527 = CARTESIAN_POINT ( 'NONE',  ( 6.631060615479589693, 19.50878933170232443, 10.29155024975964317 ) ) ;
#1528 = CARTESIAN_POINT ( 'NONE',  ( 0.000000000000000000, -13.00000000000000000, 25.00000000000000355 ) ) ;
#1529 = CARTESIAN_POINT ( 'NONE',  ( 23.95307913400697331, -12.99999999999999822, -1.500000000000000000 ) ) ;
#1530 = CARTESIAN_POINT ( 'NONE',  ( -41.94736842105263008, -13.00000000000000000, -9.187942236892677528 ) ) ;
#1531 = CARTESIAN_POINT ( 'NONE',  ( 2.888197475026035299, 37.65685424947238147, 13.20960351968161284 ) ) ;
#1532 = ORIENTED_EDGE ( 'NONE', *, *, #2155, .F. ) ;
#1533 = CARTESIAN_POINT ( 'NONE',  ( -43.13157894736842479, -13.00000000000000000, -11.94432490796048008 ) ) ;
#1534 = ORIENTED_EDGE ( 'NONE', *, *, #1407, .T. ) ;
#1535 = CARTESIAN_POINT ( 'NONE',  ( 1.314063589213801508, 34.93040792141588469, 16.45630809299057873 ) ) ;
#1536 = AXIS2_PLACEMENT_3D ( 'NONE', #4021, #3680, #3262 ) ;
#1537 = CARTESIAN_POINT ( 'NONE',  ( 6.405348780391882713, 19.20713999771199454, 10.70515017139844716 ) ) ;
#1538 = EDGE_CURVE ( 'NONE', #3759, #2819, #2764, .T. ) ;
#1539 = CARTESIAN_POINT ( 'NONE',  ( 9.665045896889765231, 18.67990525748840014, 7.992043688240678456 ) ) ;
#1540 = EDGE_CURVE ( 'NONE', #1047, #1901, #2087, .T. ) ;
#1541 = CARTESIAN_POINT ( 'NONE',  ( 7.905100558194882332, 31.65071925638839190, 14.98348488630607633 ) ) ;
#1542 = EDGE_CURVE ( 'NONE', #718, #2951, #3786, .T. ) ;
#1543 = ORIENTED_EDGE ( 'NONE', *, *, #1263, .T. ) ;
#1544 = EDGE_CURVE ( 'NONE', #976, #288, #2019, .T. ) ;
#1545 = DIRECTION ( 'NONE',  ( 0.000000000000000000, 1.000000000000000000, -0.000000000000000000 ) ) ;
#1546 = CARTESIAN_POINT ( 'NONE',  ( 3.210606485252256004, 14.93757262998781421, 7.734443296050718786 ) ) ;
#1547 = EDGE_LOOP ( 'NONE', ( #1737, #1867, #2962, #4368, #2278 ) ) ;
#1548 = CARTESIAN_POINT ( 'NONE',  ( -11.20936036568580008, 15.61249499599599488, 10.70515017139845249 ) ) ;
#1549 =( BOUNDED_SURFACE ( )  B_SPLINE_SURFACE ( 3, 2, ( 
 ( #45, #1155, #4266 ),
 ( #2885, #439, #1847 ),
 ( #86, #1503, #4305 ),
 ( #1293, #3374, #2350 ),
 ( #186, #4039, #3026 ),
 ( #3355, #918, #3718 ),
 ( #3006, #4374, #1604 ),
 ( #229, #4059, #1227 ),
 ( #4400, #1942, #2639 ),
 ( #1317, #3050, #2325 ),
 ( #1253, #875, #2305 ),
 ( #4417, #4462, #2284 ),
 ( #578, #4438, #2662 ),
 ( #3698, #1987, #2373 ),
 ( #2705, #165, #2723 ),
 ( #3394, #896, #556 ),
 ( #1963, #1645, #4101 ),
 ( #1274, #2684, #2985 ),
 ( #940, #3755, #3778 ),
 ( #4079, #598, #541 ),
 ( #3416, #255, #1668 ),
 ( #3073, #4124, #621 ),
 ( #1581, #691, #22 ),
 ( #3509, #2445, #2747 ),
 ( #2422, #298, #1078 ),
 ( #711, #319, #2794 ),
 ( #2123, #1689, #2469 ),
 ( #4560, #3534, #1007 ),
 ( #3824, #1731, #369 ),
 ( #3141, #3894, #4236 ),
 ( #1054, #2495, #4191 ),
 ( #4537, #2770, #3098 ),
 ( #2817, #3849, #2835 ),
 ( #4484, #1389, #344 ),
 ( #4510, #4168, #1753 ),
 ( #667, #1365, #1711 ),
 ( #981, #4213, #2078 ),
 ( #1414, #1030, #2099 ),
 ( #4147, #3166, #1434 ),
 ( #3869, #1778, #3187 ),
 ( #2034, #3485, #2395 ),
 ( #3441, #3798, #645 ),
 ( #3122, #2057, #3464 ),
 ( #2950, #1546, #2859 ) ),
 .UNSPECIFIED., .F., .F., .F. ) 
 B_SPLINE_SURFACE_WITH_KNOTS ( ( 4, 2, 2, 2, 2, 2, 2, 2, 2, 2, 2, 2, 2, 2, 2, 2, 2, 2, 2, 2, 2, 4 ),
 ( 3, 3 ),
 ( 3.469446951953614189E-18, 0.004096472513116566037, 0.005120590641395706896, 0.006144708769674846888, 0.008192945026233128605, 0.009217063154512268597, 0.01024118128279141032, 0.01228941753934969031, 0.01331353566762883203, 0.01433765379590797202, 0.01638589005246625374, 0.01741000818074539547, 0.01843412630902453719, 0.01945824443730367892, 0.02048236256558281718, 0.02253059882214109716, 0.02355471695042023889, 0.02457883507869938061, 0.02662707133525766406, 0.02765118946353680579, 0.02867530759181594405, 0.03277178010493250748 ),
 ( 0.000000000000000000, 1.000000000000000000 ),
 .UNSPECIFIED. ) 
 GEOMETRIC_REPRESENTATION_ITEM ( )  RATIONAL_B_SPLINE_SURFACE ( (
 ( 1.000000000000000000, 0.7009963687030827950, 1.000000000000000000),
 ( 1.000000000000000000, 0.6860384152179708206, 1.000000000000000000),
 ( 1.000000000000000000, 0.6690712765190801603, 1.000000000000000000),
 ( 1.000000000000000000, 0.6461847014369384024, 1.000000000000000000),
 ( 1.000000000000000000, 0.6415241736934990113, 1.000000000000000000),
 ( 1.000000000000000000, 0.6320638456267958505, 1.000000000000000000),
 ( 1.000000000000000000, 0.6272459762669782002, 1.000000000000000000),
 ( 1.000000000000000000, 0.6127903018387621525, 1.000000000000000000),
 ( 1.000000000000000000, 0.6031553318986458967, 1.000000000000000000),
 ( 1.000000000000000000, 0.5890390828266671708, 1.000000000000000000),
 ( 1.000000000000000000, 0.5843906737263609985, 1.000000000000000000),
 ( 1.000000000000000000, 0.5752807224231620831, 1.000000000000000000),
 ( 1.000000000000000000, 0.5707986859434071025, 1.000000000000000000),
 ( 1.000000000000000000, 0.5579299461979708719, 1.000000000000000000),
 ( 1.000000000000000000, 0.5501529510243268195, 1.000000000000000000),
 ( 1.000000000000000000, 0.5402423898806018032, 1.000000000000000000),
 ( 1.000000000000000000, 0.5372329033654057451, 1.000000000000000000),
 ( 1.000000000000000000, 0.5319192997825497038, 1.000000000000000000),
 ( 1.000000000000000000, 0.5296612488104786021, 1.000000000000000000),
 ( 1.000000000000000000, 0.5241891603105494069, 1.000000000000000000),
 ( 1.000000000000000000, 0.5222582072962629329, 1.000000000000000000),
 ( 1.000000000000000000, 0.5222207164053416228, 1.000000000000000000),
 ( 1.000000000000000000, 0.5226946660388733790, 1.000000000000000000),
 ( 1.000000000000000000, 0.5245624721261601398, 1.000000000000000000),
 ( 1.000000000000000000, 0.5259533837322016847, 1.000000000000000000),
 ( 1.000000000000000000, 0.5295841210915832598, 1.000000000000000000),
 ( 1.000000000000000000, 0.5318239785533149799, 1.000000000000000000),
 ( 1.000000000000000000, 0.5370922413620604630, 1.000000000000000000),
 ( 1.000000000000000000, 0.5401241864330792453, 1.000000000000000000),
 ( 1.000000000000000000, 0.5500595435244759468, 1.000000000000000000),
 ( 1.000000000000000000, 0.5578519278170921414, 1.000000000000000000),
 ( 1.000000000000000000, 0.5707226691708232602, 1.000000000000000000),
 ( 1.000000000000000000, 0.5752063586612938817, 1.000000000000000000),
 ( 1.000000000000000000, 0.5843174495182548167, 1.000000000000000000),
 ( 1.000000000000000000, 0.5889652045271089875, 1.000000000000000000),
 ( 1.000000000000000000, 0.6030756275982303016, 1.000000000000000000),
 ( 1.000000000000000000, 0.6127015031351286112, 1.000000000000000000),
 ( 1.000000000000000000, 0.6271366511693431400, 1.000000000000000000),
 ( 1.000000000000000000, 0.6319615639107715177, 1.000000000000000000),
 ( 1.000000000000000000, 0.6414434820047588692, 1.000000000000000000),
 ( 1.000000000000000000, 0.6461137567457146957, 1.000000000000000000),
 ( 1.000000000000000000, 0.6690440768922074621, 1.000000000000000000),
 ( 1.000000000000000000, 0.6860301261709218501, 1.000000000000000000),
 ( 1.000000000000000000, 0.7009963687030839052, 1.000000000000000000) ) ) 
 REPRESENTATION_ITEM ( '' )  SURFACE ( )  );
#1550 = VERTEX_POINT ( 'NONE', #3423 ) ;
#1551 = CARTESIAN_POINT ( 'NONE',  ( 10.77096307272552167, 26.25198019557466722, 7.235969167249608702 ) ) ;
#1552 = CARTESIAN_POINT ( 'NONE',  ( -2.782601562563626452, 13.13875370971258683, 14.11692624835456300 ) ) ;
#1553 = DIRECTION ( 'NONE',  ( 0.000000000000000000, 0.000000000000000000, -1.000000000000000000 ) ) ;
#1554 = DIRECTION ( 'NONE',  ( 0.000000000000000000, 1.000000000000000000, -0.000000000000000000 ) ) ;
#1555 = CARTESIAN_POINT ( 'NONE',  ( -6.884626462585454298, 28.25887596671277535, 6.788795270544688343 ) ) ;
#1556 = DIRECTION ( 'NONE',  ( -0.000000000000000000, 1.000000000000000000, -0.000000000000000000 ) ) ;
#1557 = CARTESIAN_POINT ( 'NONE',  ( 7.938571978504615601, 25.02015906928367883, 6.874416927397235533 ) ) ;
#1558 = VERTEX_POINT ( 'NONE', #947 ) ;
#1559 = PLANE ( 'NONE',  #506 ) ;
#1560 = CARTESIAN_POINT ( 'NONE',  ( -3.070711209221843152, 37.65685424949238325, 13.14752160529346625 ) ) ;
#1561 = CARTESIAN_POINT ( 'NONE',  ( -8.939354212651011267, 30.47881887827656300, 8.807679604586544642 ) ) ;
#1562 = ORIENTED_EDGE ( 'NONE', *, *, #2781, .T. ) ;
#1563 = DIRECTION ( 'NONE',  ( 0.000000000000000000, 1.000000000000000000, 0.000000000000000000 ) ) ;
#1564 = CARTESIAN_POINT ( 'NONE',  ( -3.483279505053748171, 16.79026927085718768, 17.82594310271990068 ) ) ;
#1565 = CARTESIAN_POINT ( 'NONE',  ( 0.000000000000000000, -3.000000000000000000, 1.500000000000000000 ) ) ;
#1566 = CARTESIAN_POINT ( 'NONE',  ( 7.002325421494683511, 36.50512772694354879, 14.68917756790491680 ) ) ;
#1567 = EDGE_CURVE ( 'NONE', #924, #176, #2194, .T. ) ;
#1568 = AXIS2_PLACEMENT_3D ( 'NONE', #2475, #2427, #1827 ) ;
#1569 = AXIS2_PLACEMENT_3D ( 'NONE', #1583, #2642, #3312 ) ;
#1570 = CARTESIAN_POINT ( 'NONE',  ( 8.206278568806331108, 11.84562004296886073, 12.38651332360183943 ) ) ;
#1571 = VECTOR ( 'NONE', #732, 1000.000000000000000 ) ;
#1572 = ORIENTED_EDGE ( 'NONE', *, *, #855, .F. ) ;
#1573 = CIRCLE ( 'NONE', #1190, 6.000000000000002665 ) ;
#1574 = CARTESIAN_POINT ( 'NONE',  ( 0.000000000000000000, 58.00000000000000000, -13.50000000000000178 ) ) ;
#1575 = EDGE_LOOP ( 'NONE', ( #1621, #180, #3518, #3926, #1722, #3903, #1836, #73 ) ) ;
#1576 = CARTESIAN_POINT ( 'NONE',  ( 2.972472084382371538, 31.43207445985051507, -9.026734839857009973 ) ) ;
#1577 = VERTEX_POINT ( 'NONE', #652 ) ;
#1578 = CARTESIAN_POINT ( 'NONE',  ( 10.35789316754156530, 29.61364289543178430, 7.010089374600626755 ) ) ;
#1579 = CARTESIAN_POINT ( 'NONE',  ( -2.059502182621705035, 8.809495027244146570, 16.71044360474265389 ) ) ;
#1580 = CARTESIAN_POINT ( 'NONE',  ( 7.981556753734206033, 23.43970404171041721, 6.719639419217632081 ) ) ;
#1581 = CARTESIAN_POINT ( 'NONE',  ( 0.3891749474224950878, 16.00706301188432334, 19.58079816241261639 ) ) ;
#1582 = CARTESIAN_POINT ( 'NONE',  ( -7.943916360558334055, 25.02786372032725026, 5.389121853608449086 ) ) ;
#1583 = CARTESIAN_POINT ( 'NONE',  ( 38.00000000000000000, -3.000000000000000888, 0.000000000000000000 ) ) ;
#1584 = CARTESIAN_POINT ( 'NONE',  ( 7.753392607585351648, 37.65685424949238325, 11.07717128160294173 ) ) ;
#1585 = EDGE_LOOP ( 'NONE', ( #1310, #2132, #3013, #796 ) ) ;
#1586 = CARTESIAN_POINT ( 'NONE',  ( 7.920490277054360817, 29.43382337413142835, 5.256104641135354250 ) ) ;
#1587 = CARTESIAN_POINT ( 'NONE',  ( -10.78212480351316493, 26.26292409758202950, 7.211479302097471233 ) ) ;
#1588 = ORIENTED_EDGE ( 'NONE', *, *, #2700, .F. ) ;
#1589 = CARTESIAN_POINT ( 'NONE',  ( 10.04130276764978369, 28.52045846344251956, 8.784837946121726304 ) ) ;
#1590 = LINE ( 'NONE', #1612, #4249 ) ;
#1591 = CARTESIAN_POINT ( 'NONE',  ( -7.738826167287972346, 31.81896800256174629, 15.33296991184250224 ) ) ;
#1592 = CARTESIAN_POINT ( 'NONE',  ( 6.439164213949791105, 32.92052951779385950, 17.19087152202547486 ) ) ;
#1593 = CARTESIAN_POINT ( 'NONE',  ( -7.999999999999976019, 23.45816315249556538, -9.604686356149297666 ) ) ;
#1594 = ORIENTED_EDGE ( 'NONE', *, *, #2872, .F. ) ;
#1595 = AXIS2_PLACEMENT_3D ( 'NONE', #1809, #720, #781 ) ;
#1596 = CARTESIAN_POINT ( 'NONE',  ( -9.944149469604495195, 35.14216402023092201, 11.43323094050579236 ) ) ;
#1597 = CARTESIAN_POINT ( 'NONE',  ( -7.566955425307605232, 31.99005718203588700, 15.68117891999437319 ) ) ;
#1598 = ORIENTED_EDGE ( 'NONE', *, *, #1798, .T. ) ;
#1599 = CARTESIAN_POINT ( 'NONE',  ( -7.532843721177501450, 30.74314676115895040, 5.797968992408260469 ) ) ;
#1600 = VERTEX_POINT ( 'NONE', #2064 ) ;
#1601 = CARTESIAN_POINT ( 'NONE',  ( 10.97092575277224569, 23.14239170733160478, 6.730070315916215407 ) ) ;
#1602 = EDGE_CURVE ( 'NONE', #2951, #1498, #2040, .T. ) ;
#1603 = CARTESIAN_POINT ( 'NONE',  ( 1.073252469663651398, 13.04915911915503024, 19.51916428571328055 ) ) ;
#1604 = CARTESIAN_POINT ( 'NONE',  ( -6.390132691168443735, 9.525551711672298083, 11.15764936198858237 ) ) ;
#1605 = CARTESIAN_POINT ( 'NONE',  ( -7.475722084522315569, 15.92429156586351624, 14.33874689082900744 ) ) ;
#1606 = CARTESIAN_POINT ( 'NONE',  ( 9.717174768374203353, 37.65685424904810930, 9.381497787840133995 ) ) ;
#1607 = B_SPLINE_CURVE_WITH_KNOTS ( 'NONE', 3,
 ( #2991, #4067, #904, #3033, #3725, #2689, #4085, #926, #587, #2755, #2401, #608, #1422, #4113 ),
 .UNSPECIFIED., .F., .F.,
 ( 4, 2, 2, 2, 2, 2, 4 ),
 ( 1.734723475976807094E-18, 0.002063071544665252659, 0.004126143089330503583, 0.005157678861663133815, 0.006189214633995764048, 0.007220750406328394280, 0.008252286178661024513 ),
 .UNSPECIFIED. ) ;
#1608 = CARTESIAN_POINT ( 'NONE',  ( 7.974560280333470530, 24.64946187837535874, 6.745136177077251993 ) ) ;
#1609 = EDGE_LOOP ( 'NONE', ( #3665, #1816, #3136, #1912 ) ) ;
#1610 = AXIS2_PLACEMENT_3D ( 'NONE', #3901, #2803, #3925 ) ;
#1611 = CARTESIAN_POINT ( 'NONE',  ( -30.65153077165046724, -13.00000000000000000, 1.500000000000000000 ) ) ;
#1612 = CARTESIAN_POINT ( 'NONE',  ( 9.868421052631576984, 0.000000000000000000, -22.96985559223170270 ) ) ;
#1613 = CARTESIAN_POINT ( 'NONE',  ( 38.00000000000000000, -13.00000000000000000, 0.000000000000000000 ) ) ;
#1614 = CARTESIAN_POINT ( 'NONE',  ( -0.2765223460561572755, 32.00003620167929341, 13.50009746785515397 ) ) ;
#1615 = CARTESIAN_POINT ( 'NONE',  ( 0.000000000000000000, -12.99999999999999822, 0.000000000000000000 ) ) ;
#1616 = ORIENTED_EDGE ( 'NONE', *, *, #1744, .T. ) ;
#1617 = APPROVAL_STATUS ( 'not_yet_approved' ) ;
#1618 = CARTESIAN_POINT ( 'NONE',  ( -3.049601300653796976, 31.40357613987822916, 18.72518523487082831 ) ) ;
#1619 = ORIENTED_EDGE ( 'NONE', *, *, #1996, .T. ) ;
#1620 = CARTESIAN_POINT ( 'NONE',  ( 8.734058272176492110, 30.70137145531655420, 12.48211619159540575 ) ) ;
#1621 = ORIENTED_EDGE ( 'NONE', *, *, #3066, .F. ) ;
#1622 = CARTESIAN_POINT ( 'NONE',  ( 11.28350284636009704, 24.52739078339190826, 5.378907104362919078 ) ) ;
#1623 = CARTESIAN_POINT ( 'NONE',  ( -0.8925173621143340785, 12.99131700059373706, 14.64674812243160495 ) ) ;
#1624 = CARTESIAN_POINT ( 'NONE',  ( -8.164473124538043081, 16.60031566947028026, 12.84689118646116057 ) ) ;
#1625 = CARTESIAN_POINT ( 'NONE',  ( 1.994295937242281047, 34.81606212415791646, 8.918214449563837576 ) ) ;
#1626 = FACE_OUTER_BOUND ( 'NONE', #2038, .T. ) ;
#1627 = ORIENTED_EDGE ( 'NONE', *, *, #3573, .T. ) ;
#1628 = B_SPLINE_CURVE_WITH_KNOTS ( 'NONE', 3,
 ( #3988, #819, #665, #3437, #915, #937 ),
 .UNSPECIFIED., .F., .F.,
 ( 4, 2, 4 ),
 ( 0.002166899484072983429, 0.003245105416011483807, 0.004323311347949984618 ),
 .UNSPECIFIED. ) ;
#1629 = VERTEX_POINT ( 'NONE', #3856 ) ;
#1630 = CARTESIAN_POINT ( 'NONE',  ( 0.000000000000000000, 15.61249499599599488, -12.50000000000000000 ) ) ;
#1631 = CARTESIAN_POINT ( 'NONE',  ( 9.265423623448434398, 32.00000000000000000, 8.390585502695488529 ) ) ;
#1632 = EDGE_CURVE ( 'NONE', #786, #281, #3900, .T. ) ;
#1633 = DIRECTION ( 'NONE',  ( 0.000000000000000000, 0.000000000000000000, -1.000000000000000000 ) ) ;
#1634 = DIRECTION ( 'NONE',  ( -0.000000000000000000, -1.000000000000000000, -0.000000000000000000 ) ) ;
#1635 = DIRECTION ( 'NONE',  ( 0.000000000000000000, 0.000000000000000000, 1.000000000000000000 ) ) ;
#1636 = DIRECTION ( 'NONE',  ( 0.000000000000000000, 0.000000000000000000, 1.000000000000000000 ) ) ;
#1637 = MECHANICAL_CONTEXT ( 'NONE', #1779, 'mechanical' ) ;
#1638 = VECTOR ( 'NONE', #1941, 1000.000000000000000 ) ;
#1639 = CARTESIAN_POINT ( 'NONE',  ( -1.038805653650713312, 32.00562419090270083, 13.41892958916194445 ) ) ;
#1640 = VECTOR ( 'NONE', #257, 1000.000000000000227 ) ;
#1641 = ORIENTED_EDGE ( 'NONE', *, *, #2348, .T. ) ;
#1642 = PRODUCT_DEFINITION ( 'UNKNOWN', '', #650, #814 ) ;
#1643 = CYLINDRICAL_SURFACE ( 'NONE', #2186, 21.00000000000000000 ) ;
#1644 = CARTESIAN_POINT ( 'NONE',  ( 9.332690648512491194, 13.01827766838832368, 10.28838555477931216 ) ) ;
#1645 = CARTESIAN_POINT ( 'NONE',  ( 0.7279539906828487172, 15.58107235773556276, 10.07159412913119745 ) ) ;
#1646 = CARTESIAN_POINT ( 'NONE',  ( -7.456038358174186698, 21.09337015814219995, 8.369586218558350055 ) ) ;
#1647 = CARTESIAN_POINT ( 'NONE',  ( 5.141482098407792023, 37.65685424946293836, 12.48797816512972325 ) ) ;
#1648 = DIRECTION ( 'NONE',  ( 0.000000000000000000, -0.6167441807741943505, -0.7871636522865927965 ) ) ;
#1649 = EDGE_LOOP ( 'NONE', ( #1781, #1707, #2629, #3125, #2456 ) ) ;
#1650 = AXIS2_PLACEMENT_3D ( 'NONE', #3500, #4474, #1381 ) ;
#1651 = CARTESIAN_POINT ( 'NONE',  ( -9.861261738011519284, 28.94238921104381390, 7.744784072179306200 ) ) ;
#1652 = ORIENTED_EDGE ( 'NONE', *, *, #474, .T. ) ;
#1653 = DIRECTION ( 'NONE',  ( 0.000000000000000000, 1.000000000000000000, -0.000000000000000000 ) ) ;
#1654 = CARTESIAN_POINT ( 'NONE',  ( 10.86330581628393155, 27.83077473596734563, 6.186087472832149992 ) ) ;
#1655 = DIRECTION ( 'NONE',  ( -0.3947368421052632748, 0.000000000000000000, 0.9187942236892678860 ) ) ;
#1656 = CARTESIAN_POINT ( 'NONE',  ( -2.606693901230184185, 37.65685424949238325, 16.29279432464822364 ) ) ;
#1657 = CARTESIAN_POINT ( 'NONE',  ( 0.2719489658233584795, 32.00155871854383349, 13.50358931392304207 ) ) ;
#1658 = DIRECTION ( 'NONE',  ( 0.000000000000000000, 1.000000000000000000, -0.000000000000000000 ) ) ;
#1659 = DIRECTION ( 'NONE',  ( 0.9187942236892679970, 0.000000000000000000, 0.3947368421052629972 ) ) ;
#1660 = EDGE_CURVE ( 'NONE', #4489, #2951, #761, .T. ) ;
#1661 = EDGE_CURVE ( 'NONE', #2805, #817, #1810, .T. ) ;
#1662 = CARTESIAN_POINT ( 'NONE',  ( 0.000000000000000000, -3.000000000000002665, 24.00000000000000355 ) ) ;
#1663 = ORIENTED_EDGE ( 'NONE', *, *, #3298, .F. ) ;
#1664 = CIRCLE ( 'NONE', #626, 7.499999999999998224 ) ;
#1665 = CARTESIAN_POINT ( 'NONE',  ( 0.000000000000000000, -13.00000000000000000, 0.000000000000000000 ) ) ;
#1666 = CARTESIAN_POINT ( 'NONE',  ( 5.540863841607098550, 14.49496743741361549, 17.10884243841151786 ) ) ;
#1667 = TOROIDAL_SURFACE ( 'NONE', #628, 10.00000000000000178, 3.000000000000000000 ) ;
#1668 = CARTESIAN_POINT ( 'NONE',  ( -0.5124299543281274349, 7.273219358385526689, 14.25097400537078407 ) ) ;
#1669 = CARTESIAN_POINT ( 'NONE',  ( 1.041227483916993268, 32.00570608444078857, 13.41714578501858846 ) ) ;
#1670 = CARTESIAN_POINT ( 'NONE',  ( 6.138566352406820137, 36.83116477360104568, 15.20173193289930680 ) ) ;
#1671 = B_SPLINE_CURVE_WITH_KNOTS ( 'NONE', 3,
 ( #518, #92, #170, #1586, #1133, #3948, #3610, #445, #1853, #1508, #2915, #1160, #3330, #230, #2285, #3007, #4375, #1254, #3375, #1228, #2326, #138, #4439, #847 ),
 .UNSPECIFIED., .F., .F.,
 ( 4, 2, 2, 2, 2, 2, 2, 2, 2, 2, 2, 4 ),
 ( 0.000000000000000000, 0.002201078936718206883, 0.004402157873436413765, 0.005502697341795517207, 0.006603236810154620648, 0.007703776278513724089, 0.008804315746872827531, 0.009904855215231930105, 0.01100539468359103441, 0.01320647362030924130, 0.01540755255702744818, 0.01760863149374565506 ),
 .UNSPECIFIED. ) ;
#1672 = VERTEX_POINT ( 'NONE', #2504 ) ;
#1673 = ORIENTED_EDGE ( 'NONE', *, *, #2651, .T. ) ;
#1674 = CIRCLE ( 'NONE', #268, 3.000000000000000444 ) ;
#1675 = AXIS2_PLACEMENT_3D ( 'NONE', #3606, #4040, #4285 ) ;
#1676 = DIRECTION ( 'NONE',  ( -0.4832610166156037224, -0.6940307961444980300, -0.5336478650034005566 ) ) ;
#1677 = CARTESIAN_POINT ( 'NONE',  ( 11.29413695636537973, 24.12535238494556822, 5.356552054325073975 ) ) ;
#1678 = CARTESIAN_POINT ( 'NONE',  ( 0.000000000000000000, -13.00000000000000000, 0.000000000000000000 ) ) ;
#1679 = AXIS2_PLACEMENT_3D ( 'NONE', #3424, #2690, #1633 ) ;
#1680 = DIRECTION ( 'NONE',  ( 0.000000000000000000, 1.000000000000000000, -0.000000000000000000 ) ) ;
#1681 = DIRECTION ( 'NONE',  ( 0.000000000000000000, -1.000000000000000000, 0.000000000000000000 ) ) ;
#1682 = VERTEX_POINT ( 'NONE', #2890 ) ;
#1683 = APPROVAL_ROLE ( '' ) ;
#1684 = ORIENTED_EDGE ( 'NONE', *, *, #1742, .F. ) ;
#1685 = VERTEX_POINT ( 'NONE', #1110 ) ;
#1686 = EDGE_CURVE ( 'NONE', #616, #505, #2316, .T. ) ;
#1687 = DIRECTION ( 'NONE',  ( 0.2200455890626009658, 0.9754895892494666043, 0.000000000000000000 ) ) ;
#1688 = DIRECTION ( 'NONE',  ( 0.000000000000000000, 1.000000000000000000, 0.000000000000000000 ) ) ;
#1689 = CARTESIAN_POINT ( 'NONE',  ( -0.6515181258528053299, 15.72244205042868792, 9.983348390157491536 ) ) ;
#1690 = ADVANCED_FACE ( 'NONE', ( #2823 ), #3924, .T. ) ;
#1691 = CARTESIAN_POINT ( 'NONE',  ( -8.218428040077622398, 19.91335704578264298, 4.773428511121535323 ) ) ;
#1692 = CARTESIAN_POINT ( 'NONE',  ( 5.823514171101270342, 29.48609100960577578, 14.74811426891962185 ) ) ;
#1693 = CARTESIAN_POINT ( 'NONE',  ( 7.998042061112216494, 36.07817552237356296, 13.93038624972843387 ) ) ;
#1694 = EDGE_LOOP ( 'NONE', ( #3954, #563, #856, #1774 ) ) ;
#1695 = CARTESIAN_POINT ( 'NONE',  ( -11.00424816834884467, 24.09886438930286090, 6.640704181863838151 ) ) ;
#1696 = ORIENTED_EDGE ( 'NONE', *, *, #3395, .T. ) ;
#1697 = CARTESIAN_POINT ( 'NONE',  ( 7.986553287222818653, 24.53725482895284671, -9.615936172032652607 ) ) ;
#1698 = CARTESIAN_POINT ( 'NONE',  ( -7.967153231014446391, 37.65685424960148708, 10.90464358759632546 ) ) ;
#1699 = VERTEX_POINT ( 'NONE', #2190 ) ;
#1700 = CARTESIAN_POINT ( 'NONE',  ( 3.103487488728823074, 37.59063462945869105, 16.21331202168143193 ) ) ;
#1701 = CARTESIAN_POINT ( 'NONE',  ( 30.50000000000000000, -13.00000000000000000, -1.500000000000000000 ) ) ;
#1702 = CARTESIAN_POINT ( 'NONE',  ( 0.000000000000000000, 32.00000000000000000, 0.000000000000000000 ) ) ;
#1703 = ORIENTED_EDGE ( 'NONE', *, *, #3267, .F. ) ;
#1704 = ORIENTED_EDGE ( 'NONE', *, *, #636, .T. ) ;
#1705 = PERSON_AND_ORGANIZATION ( #574, #3960 ) ;
#1706 = AXIS2_PLACEMENT_3D ( 'NONE', #1355, #2759, #1328 ) ;
#1707 = ORIENTED_EDGE ( 'NONE', *, *, #2895, .T. ) ;
#1708 = CARTESIAN_POINT ( 'NONE',  ( -8.807354573038843171, 17.40981749685399649, 10.70515017139845249 ) ) ;
#1709 = DIRECTION ( 'NONE',  ( 0.000000000000000000, 0.000000000000000000, 1.000000000000000000 ) ) ;
#1710 = CARTESIAN_POINT ( 'NONE',  ( 7.584504179729700368, 11.30855428121630624, 13.25445483756369036 ) ) ;
#1711 = CARTESIAN_POINT ( 'NONE',  ( 5.641755469674375689, 8.969236991015517191, 11.99880977403713977 ) ) ;
#1712 = AXIS2_PLACEMENT_3D ( 'NONE', #20, #2814, #3891 ) ;
#1713 = CARTESIAN_POINT ( 'NONE',  ( 4.563854318689237743, 30.57217041114641631, 17.35361838358716469 ) ) ;
#1714 = CARTESIAN_POINT ( 'NONE',  ( 3.073601601643601633, 37.59461824026296028, 16.21809348261706063 ) ) ;
#1715 = ORIENTED_EDGE ( 'NONE', *, *, #2095, .F. ) ;
#1716 = CARTESIAN_POINT ( 'NONE',  ( -10.97087538125383332, 23.14199844825571262, 6.730199983238999373 ) ) ;
#1717 = DIRECTION ( 'NONE',  ( -0.2200455890648858326, 0.9754895892489510167, 0.000000000000000000 ) ) ;
#1718 = LINE ( 'NONE', #2452, #3662 ) ;
#1719 = CARTESIAN_POINT ( 'NONE',  ( 4.919731214974595090, 30.32935481255234933, -11.50017971834618002 ) ) ;
#1720 = CARTESIAN_POINT ( 'NONE',  ( 9.597451827080808684, 31.40871938698305854, 8.023938626789361095 ) ) ;
#1721 = DIRECTION ( 'NONE',  ( 0.9187942236892679970, 0.000000000000000000, -0.3947368421052632192 ) ) ;
#1722 = ORIENTED_EDGE ( 'NONE', *, *, #2503, .F. ) ;
#1723 = CARTESIAN_POINT ( 'NONE',  ( 1.932230549368739281, 16.23194768202445104, -9.305463465015453295 ) ) ;
#1724 = CARTESIAN_POINT ( 'NONE',  ( 6.094637902412859631, 10.28208698985057978, 14.77231799134249535 ) ) ;
#1725 = CARTESIAN_POINT ( 'NONE',  ( -11.00000000000000000, 24.00000000000000355, 50.00000000000000000 ) ) ;
#1726 = ORIENTED_EDGE ( 'NONE', *, *, #1323, .F. ) ;
#1727 = CARTESIAN_POINT ( 'NONE',  ( -10.97942060595186753, 23.30581561128779100, 6.706956799464558472 ) ) ;
#1728 = CARTESIAN_POINT ( 'NONE',  ( 7.746173226559532665, 17.93903492974682123, 5.509485605711981648 ) ) ;
#1729 = CARTESIAN_POINT ( 'NONE',  ( -7.985944982502916289, 24.54526249039399133, -9.616441404049401953 ) ) ;
#1730 = CARTESIAN_POINT ( 'NONE',  ( 8.490665756460373359, 16.98658328511683280, 11.91278212039930651 ) ) ;
#1731 = CARTESIAN_POINT ( 'NONE',  ( -0.7465386875957049639, 15.50920427636437893, 10.11486488432536746 ) ) ;
#1732 = CARTESIAN_POINT ( 'NONE',  ( 2.932696546087618206, 37.65685424947856319, 13.18353006926020221 ) ) ;
#1733 = CARTESIAN_POINT ( 'NONE',  ( -30.65153077165046724, -3.000000000000000888, -1.500000000000000000 ) ) ;
#1734 = ORIENTED_EDGE ( 'NONE', *, *, #1544, .F. ) ;
#1735 = CIRCLE ( 'NONE', #2546, 28.00000000000000355 ) ;
#1736 = CARTESIAN_POINT ( 'NONE',  ( -9.661205566499660335, 18.69670778006834411, 7.986193390833960848 ) ) ;
#1737 = ORIENTED_EDGE ( 'NONE', *, *, #772, .F. ) ;
#1738 = CARTESIAN_POINT ( 'NONE',  ( -7.938085965137282152, 25.02398302432121113, 6.876142625900491190 ) ) ;
#1739 = CARTESIAN_POINT ( 'NONE',  ( 11.05118545546822162, 21.10973180364119628, 5.842535257218806066 ) ) ;
#1740 = DIRECTION ( 'NONE',  ( -0.3947368421052631082, 0.000000000000000000, -0.9187942236892679970 ) ) ;
#1741 = EDGE_LOOP ( 'NONE', ( #4493, #2688, #605, #2507, #1594, #3569 ) ) ;
#1742 = EDGE_CURVE ( 'NONE', #2309, #882, #757, .T. ) ;
#1743 = CARTESIAN_POINT ( 'NONE',  ( 3.458307013237909455, 16.78121515689334586, -8.851954719869389976 ) ) ;
#1744 = EDGE_CURVE ( 'NONE', #288, #1208, #3724, .T. ) ;
#1745 = TOROIDAL_SURFACE ( 'NONE', #2322, 21.79449471770336544, 3.000000000000000000 ) ;
#1746 = CARTESIAN_POINT ( 'NONE',  ( 2.383338885627996150E-11, 7.272727272727274261, 14.25157668528394517 ) ) ;
#1747 = LINE ( 'NONE', #1701, #1280 ) ;
#1748 = CARTESIAN_POINT ( 'NONE',  ( -38.00000000000000000, -3.000000000000000888, 0.000000000000000000 ) ) ;
#1749 = ORIENTED_EDGE ( 'NONE', *, *, #1026, .T. ) ;
#1750 = CARTESIAN_POINT ( 'NONE',  ( -9.934699191693090015, 19.24665976072753892, 8.981406820423771364 ) ) ;
#1751 = LINE ( 'NONE', #3165, #2934 ) ;
#1752 = CARTESIAN_POINT ( 'NONE',  ( -6.055800057556171012, 18.76662588679266719, -7.322536963966758350 ) ) ;
#1753 = CARTESIAN_POINT ( 'NONE',  ( 5.128733473083675776, 8.656498785284961528, 12.44279450067241655 ) ) ;
#1754 = AXIS2_PLACEMENT_3D ( 'NONE', #2392, #4436, #2055 ) ;
#1755 = FACE_OUTER_BOUND ( 'NONE', #1321, .T. ) ;
#1756 = ORIENTED_EDGE ( 'NONE', *, *, #1544, .T. ) ;
#1757 = VECTOR ( 'NONE', #1519, 1000.000000000000000 ) ;
#1758 = CARTESIAN_POINT ( 'NONE',  ( -5.355781077051551264, 14.03129648026751575, 12.18055188553109502 ) ) ;
#1759 = CARTESIAN_POINT ( 'NONE',  ( -9.039806746520804737, 15.61249499599599666, 8.633185622095524536 ) ) ;
#1760 = DIRECTION ( 'NONE',  ( 0.000000000000000000, 1.000000000000000000, -0.000000000000000000 ) ) ;
#1761 = ORIENTED_EDGE ( 'NONE', *, *, #4370, .T. ) ;
#1762 = EDGE_CURVE ( 'NONE', #4544, #3980, #1157, .T. ) ;
#1763 = CARTESIAN_POINT ( 'NONE',  ( 7.165154728550096941, 27.59627294816137422, -10.24567793297607210 ) ) ;
#1764 = CARTESIAN_POINT ( 'NONE',  ( 9.390284416096609021, 16.19329963524084803, 8.266200532162157444 ) ) ;
#1765 = CYLINDRICAL_SURFACE ( 'NONE', #1791, 3.000000000000000000 ) ;
#1766 = VERTEX_POINT ( 'NONE', #1062 ) ;
#1767 = LINE ( 'NONE', #3568, #3650 ) ;
#1768 = ORIENTED_EDGE ( 'NONE', *, *, #3014, .F. ) ;
#1769 = EDGE_CURVE ( 'NONE', #493, #176, #3503, .T. ) ;
#1770 = DIRECTION ( 'NONE',  ( 8.673617379884035472E-16, -0.9132672398347345677, -0.4073609562103925330 ) ) ;
#1771 = FACE_OUTER_BOUND ( 'NONE', #2388, .T. ) ;
#1772 = EDGE_CURVE ( 'NONE', #132, #1550, #1735, .T. ) ;
#1773 = CARTESIAN_POINT ( 'NONE',  ( 10.74789140320019953, 34.82842712474617741, 9.733079183126728040 ) ) ;
#1774 = ORIENTED_EDGE ( 'NONE', *, *, #2413, .F. ) ;
#1775 = CYLINDRICAL_SURFACE ( 'NONE', #4177, 9.500000000000001776 ) ;
#1776 = CARTESIAN_POINT ( 'NONE',  ( -7.071805009646719320, 10.91055374902163422, 13.86743303690522033 ) ) ;
#1777 = CARTESIAN_POINT ( 'NONE',  ( -1.760364712519086439, 31.80391671399161169, 19.25512056549336037 ) ) ;
#1778 = CARTESIAN_POINT ( 'NONE',  ( 1.376775499700022554, 14.50094013636634216, 9.764532204993917830 ) ) ;
#1779 = APPLICATION_CONTEXT ( 'configuration controlled 3d designs of mechanical parts and assemblies' ) ;
#1780 = CARTESIAN_POINT ( 'NONE',  ( -41.94736842105262298, -13.00000000000000000, 9.187942236892679304 ) ) ;
#1781 = ORIENTED_EDGE ( 'NONE', *, *, #911, .F. ) ;
#1782 = CARTESIAN_POINT ( 'NONE',  ( 8.297091750790812625, 27.58854591925416599, 4.628213131403183134 ) ) ;
#1783 = CARTESIAN_POINT ( 'NONE',  ( -9.419633668738150334, 18.29378433405838678, 9.839282565120651469 ) ) ;
#1784 = AXIS2_PLACEMENT_3D ( 'NONE', #3677, #3994, #4402 ) ;
#1785 = CARTESIAN_POINT ( 'NONE',  ( 0.000000000000000000, 32.00000000000000000, 0.000000000000000000 ) ) ;
#1786 = CIRCLE ( 'NONE', #4207, 25.00000000000000355 ) ;
#1787 = DIRECTION ( 'NONE',  ( 0.000000000000000000, 0.000000000000000000, 1.000000000000000000 ) ) ;
#1788 = DIRECTION ( 'NONE',  ( 0.000000000000000000, 1.000000000000000000, 0.000000000000000000 ) ) ;
#1789 = DIRECTION ( 'NONE',  ( 0.000000000000000000, 1.000000000000000000, -0.000000000000000000 ) ) ;
#1790 = EDGE_LOOP ( 'NONE', ( #1206, #1393, #1851, #2332 ) ) ;
#1791 = AXIS2_PLACEMENT_3D ( 'NONE', #1400, #1721, #1740 ) ;
#1792 = CARTESIAN_POINT ( 'NONE',  ( 6.910550373731648044, 9.975258983552723890, 10.43074806198050197 ) ) ;
#1793 = ORIENTED_EDGE ( 'NONE', *, *, #3484, .T. ) ;
#1794 = LINE ( 'NONE', #2174, #1067 ) ;
#1795 = PLANE ( 'NONE',  #925 ) ;
#1796 = ADVANCED_FACE ( 'NONE', ( #465 ), #1881, .T. ) ;
#1797 = ORIENTED_EDGE ( 'NONE', *, *, #2862, .T. ) ;
#1798 = EDGE_CURVE ( 'NONE', #882, #3326, #2389, .T. ) ;
#1799 = CARTESIAN_POINT ( 'NONE',  ( 6.100167775278268145, 18.60152027379423245, 7.553887972079464497 ) ) ;
#1800 = FACE_OUTER_BOUND ( 'NONE', #1345, .T. ) ;
#1801 = CARTESIAN_POINT ( 'NONE',  ( 0.000000000000000000, 0.000000000000000000, 0.000000000000000000 ) ) ;
#1802 = CARTESIAN_POINT ( 'NONE',  ( 6.565214453186319687, 28.57142857142857295, 10.40432602334240286 ) ) ;
#1803 = CARTESIAN_POINT ( 'NONE',  ( 8.000000000000000000, 24.27824485613182048, -5.123475382979804316 ) ) ;
#1804 = CARTESIAN_POINT ( 'NONE',  ( 8.519009140573238881, 25.71989668561390374, 4.205100893189797517 ) ) ;
#1805 = DIRECTION ( 'NONE',  ( 0.9638220225592267765, 0.2174136833905558064, 0.1542024614083473133 ) ) ;
#1806 = DIRECTION ( 'NONE',  ( 0.000000000000000000, 0.000000000000000000, 1.000000000000000000 ) ) ;
#1807 = CC_DESIGN_PERSON_AND_ORGANIZATION_ASSIGNMENT ( #3750, #593, ( #650 ) ) ;
#1808 = FACE_OUTER_BOUND ( 'NONE', #4112, .T. ) ;
#1809 = CARTESIAN_POINT ( 'NONE',  ( 38.00000000000000000, -13.00000000000000000, 0.000000000000000000 ) ) ;
#1810 = CIRCLE ( 'NONE', #3285, 16.00000000000000000 ) ;
#1811 = CARTESIAN_POINT ( 'NONE',  ( 9.696444569357971943, 16.79364641898956023, 7.900981821560826290 ) ) ;
#1812 = ORIENTED_EDGE ( 'NONE', *, *, #3910, .T. ) ;
#1813 = ADVANCED_FACE ( 'NONE', ( #2237 ), #2739, .T. ) ;
#1814 = CARTESIAN_POINT ( 'NONE',  ( 0.000000000000000000, -3.000000000000000000, 0.000000000000000000 ) ) ;
#1815 = CIRCLE ( 'NONE', #2033, 24.00000000000000355 ) ;
#1816 = ORIENTED_EDGE ( 'NONE', *, *, #3289, .F. ) ;
#1817 = CARTESIAN_POINT ( 'NONE',  ( 38.00000000000000000, -13.00000000000000000, 0.000000000000000000 ) ) ;
#1818 = CARTESIAN_POINT ( 'NONE',  ( 5.547047099908890111, 18.23158945850161672, 14.02717730896133475 ) ) ;
#1819 = ADVANCED_FACE ( 'NONE', ( #1178 ), #2664, .T. ) ;
#1820 = VERTEX_POINT ( 'NONE', #3009 ) ;
#1821 = CARTESIAN_POINT ( 'NONE',  ( 38.00000000000000000, -13.00000000000000000, 4.499999999999998224 ) ) ;
#1822 = CARTESIAN_POINT ( 'NONE',  ( -5.751429506013076676, 33.38576765133874602, 17.82154881341943309 ) ) ;
#1823 = AXIS2_PLACEMENT_3D ( 'NONE', #4001, #3908, #3929 ) ;
#1824 = EDGE_CURVE ( 'NONE', #2128, #2515, #1119, .T. ) ;
#1825 = CARTESIAN_POINT ( 'NONE',  ( -6.793106747668796963, 9.863289195175902080, 10.62154372484683584 ) ) ;
#1826 = CARTESIAN_POINT ( 'NONE',  ( -7.588282570762664214, 11.31159265761071708, 13.24970861736148464 ) ) ;
#1827 = DIRECTION ( 'NONE',  ( 0.000000000000000000, 0.000000000000000000, 1.000000000000000000 ) ) ;
#1828 = AXIS2_PLACEMENT_3D ( 'NONE', #3598, #4234, #4535 ) ;
#1829 = DIRECTION ( 'NONE',  ( 0.000000000000000000, 1.000000000000000000, -0.000000000000000000 ) ) ;
#1830 = CARTESIAN_POINT ( 'NONE',  ( -8.518664280953672119, 25.72429607469499402, 4.205799488253194163 ) ) ;
#1831 = CARTESIAN_POINT ( 'NONE',  ( -6.019467394271115879, 29.27245959649899731, 14.05558842884669168 ) ) ;
#1832 = CARTESIAN_POINT ( 'NONE',  ( -38.00000000000000000, 0.000000000000000000, 4.499999999999998224 ) ) ;
#1833 = VERTEX_POINT ( 'NONE', #1530 ) ;
#1834 = CC_DESIGN_APPROVAL ( #3842, ( #1246 ) ) ;
#1835 = FACE_OUTER_BOUND ( 'NONE', #3911, .T. ) ;
#1836 = ORIENTED_EDGE ( 'NONE', *, *, #410, .T. ) ;
#1837 = DIRECTION ( 'NONE',  ( 0.000000000000000000, 1.000000000000000000, -0.000000000000000000 ) ) ;
#1838 = CARTESIAN_POINT ( 'NONE',  ( -5.385732047643087661, 18.07936796393864753, 14.47528336892807843 ) ) ;
#1839 = CARTESIAN_POINT ( 'NONE',  ( 0.2977061046496981556, 12.99988331568827249, 19.59609982583870647 ) ) ;
#1840 = DIRECTION ( 'NONE',  ( 0.000000000000000000, 1.000000000000000000, 0.000000000000000000 ) ) ;
#1841 = ORIENTED_EDGE ( 'NONE', *, *, #1996, .F. ) ;
#1842 = CARTESIAN_POINT ( 'NONE',  ( -2.420501479713743187, 34.73038548173846607, 19.25512056549335682 ) ) ;
#1843 = CARTESIAN_POINT ( 'NONE',  ( 9.868421052631582313, -13.00000000000000000, 22.96985559223170270 ) ) ;
#1844 = EDGE_CURVE ( 'NONE', #786, #3001, #3555, .T. ) ;
#1845 = CARTESIAN_POINT ( 'NONE',  ( 7.282286210163374740, 31.43631539976835754, 6.111198473475642601 ) ) ;
#1846 = DIRECTION ( 'NONE',  ( 0.3947368421052631082, 0.000000000000000000, -0.9187942236892679970 ) ) ;
#1847 = CARTESIAN_POINT ( 'NONE',  ( -7.859272125068468284, 10.96297959851932013, 8.663411622455907235 ) ) ;
#1848 = CARTESIAN_POINT ( 'NONE',  ( -8.410689730714375756, 26.88008521529226158, 4.419938927361192427 ) ) ;
#1849 = CARTESIAN_POINT ( 'NONE',  ( -6.527920264124491112, 28.62498827278294300, 10.87134274781659471 ) ) ;
#1850 = DIRECTION ( 'NONE',  ( 0.000000000000000000, 1.000000000000000000, 0.000000000000000000 ) ) ;
#1851 = ORIENTED_EDGE ( 'NONE', *, *, #1486, .T. ) ;
#1852 = EDGE_CURVE ( 'NONE', #3447, #3094, #3337, .T. ) ;
#1853 = CARTESIAN_POINT ( 'NONE',  ( 8.465021622922094480, 26.31939909875246997, 4.312573942126463500 ) ) ;
#1854 = EDGE_CURVE ( 'NONE', #426, #281, #2960, .T. ) ;
#1855 = CIRCLE ( 'NONE', #4421, 3.000000000000000444 ) ;
#1856 = ORIENTED_EDGE ( 'NONE', *, *, #311, .T. ) ;
#1857 = CARTESIAN_POINT ( 'NONE',  ( 9.868421052631580537, -3.000000000000000888, 22.96985559223170625 ) ) ;
#1858 = CARTESIAN_POINT ( 'NONE',  ( -5.013440665585824796, 17.76097715278295652, 15.37135832474941743 ) ) ;
#1859 = CARTESIAN_POINT ( 'NONE',  ( -43.13157894736842479, -3.000000000000004441, -11.94432490796048008 ) ) ;
#1860 = CARTESIAN_POINT ( 'NONE',  ( -7.846692678689051625, 31.71037997815944465, 15.11000614656231456 ) ) ;
#1861 = CARTESIAN_POINT ( 'NONE',  ( 0.000000000000000000, 0.000000000000000000, 0.000000000000000000 ) ) ;
#1862 = CARTESIAN_POINT ( 'NONE',  ( 3.199774570854274192, 34.55830187849096546, 15.92050432652518488 ) ) ;
#1863 = VERTEX_POINT ( 'NONE', #3653 ) ;
#1864 = AXIS2_PLACEMENT_3D ( 'NONE', #4139, #1071, #3861 ) ;
#1865 = CARTESIAN_POINT ( 'NONE',  ( -10.56876349029446160, 34.88567878206974626, 10.17212455738042642 ) ) ;
#1866 = CARTESIAN_POINT ( 'NONE',  ( -2.703125218806288643, 34.68740816642191760, 16.15884437750093383 ) ) ;
#1867 = ORIENTED_EDGE ( 'NONE', *, *, #3383, .T. ) ;
#1868 = CARTESIAN_POINT ( 'NONE',  ( -7.630146176556777959, 21.58633523749260519, 7.873785668870503685 ) ) ;
#1869 = CARTESIAN_POINT ( 'NONE',  ( -2.420501479713743187, 34.73038548173846607, 19.25512056549335682 ) ) ;
#1870 = CARTESIAN_POINT ( 'NONE',  ( 8.939206005760047091, 30.47900442351561878, 8.807820023196605064 ) ) ;
#1871 = CARTESIAN_POINT ( 'NONE',  ( 2.334168287441078071, 8.860303113009136311, 16.64740249482792933 ) ) ;
#1872 = FACE_OUTER_BOUND ( 'NONE', #528, .T. ) ;
#1873 = FACE_OUTER_BOUND ( 'NONE', #3182, .T. ) ;
#1874 = CARTESIAN_POINT ( 'NONE',  ( 8.938986433021318234, 37.65685424949236193, 10.14462133741762173 ) ) ;
#1875 = EDGE_LOOP ( 'NONE', ( #635, #2822, #3642, #1756 ) ) ;
#1876 = DIRECTION ( 'NONE',  ( 0.000000000000000000, 1.000000000000000000, 0.000000000000000000 ) ) ;
#1877 = ORIENTED_EDGE ( 'NONE', *, *, #3031, .F. ) ;
#1878 = CARTESIAN_POINT ( 'NONE',  ( 0.000000000000000000, -13.00000000000000000, 28.00000000000000355 ) ) ;
#1879 = AXIS2_PLACEMENT_3D ( 'NONE', #3581, #3310, #2865 ) ;
#1880 = CARTESIAN_POINT ( 'NONE',  ( 5.008228402229223164, 17.75675117277076609, 15.38293680744123115 ) ) ;
#1881 = TOROIDAL_SURFACE ( 'NONE', #553, 15.50000000000000000, 6.000000000000000000 ) ;
#1882 = CARTESIAN_POINT ( 'NONE',  ( -8.969155837730767189, 30.36903060089833417, 10.93267593946604244 ) ) ;
#1883 = CARTESIAN_POINT ( 'NONE',  ( -7.556412569329873818, 21.32505937548420150, -5.766164248033534001 ) ) ;
#1884 = CARTESIAN_POINT ( 'NONE',  ( 3.821752028287484393, 34.37353289654110000, 15.54741915104278327 ) ) ;
#1885 = EDGE_CURVE ( 'NONE', #212, #627, #747, .T. ) ;
#1886 = B_SPLINE_CURVE_WITH_KNOTS ( 'NONE', 3,
 ( #245, #2361, #150, #1570, #2974, #4362, #1213, #2487, #4527, #1724, #2408, #3156, #2760, #2092, #971, #3840, #3886, #3133, #4553, #265, #1428, #337, #704, #1405 ),
 .UNSPECIFIED., .F., .F.,
 ( 4, 2, 2, 2, 2, 2, 2, 2, 2, 2, 2, 4 ),
 ( 0.000000000000000000, 0.003539860006360250142, 0.004424825007950313437, 0.005309790009540376297, 0.007079720012720503754, 0.007964685014310569217, 0.008849650015900633812, 0.01061958001908076474, 0.01150454502067083280, 0.01238951002226089740, 0.01327447502385096546, 0.01415944002544103179 ),
 .UNSPECIFIED. ) ;
#1887 = ORIENTED_EDGE ( 'NONE', *, *, #2508, .T. ) ;
#1888 = CARTESIAN_POINT ( 'NONE',  ( 0.000000000000000000, -3.000000000000000888, 25.00000000000000355 ) ) ;
#1889 = AXIS2_PLACEMENT_3D ( 'NONE', #3855, #696, #1420 ) ;
#1890 = LINE ( 'NONE', #3621, #4137 ) ;
#1891 = CARTESIAN_POINT ( 'NONE',  ( 10.88039357889642389, 22.33402881266164997, 6.194068029896208749 ) ) ;
#1892 = AXIS2_PLACEMENT_3D ( 'NONE', #4269, #1112, #698 ) ;
#1893 = CARTESIAN_POINT ( 'NONE',  ( 1.313364608108617215, 12.99405756964383052, 14.58249800924017059 ) ) ;
#1894 = CARTESIAN_POINT ( 'NONE',  ( 8.000000000000003553, 23.46343837322407566, -9.604686356149274573 ) ) ;
#1895 = CARTESIAN_POINT ( 'NONE',  ( -8.573823484300225672, 23.30806784604602910, 4.091416630674800992 ) ) ;
#1896 = CARTESIAN_POINT ( 'NONE',  ( 8.807354573038841394, 17.40981749685399649, 10.70515017139845071 ) ) ;
#1897 = CARTESIAN_POINT ( 'NONE',  ( 6.947853968538352909, 27.98172036790336392, 9.625186569332926823 ) ) ;
#1898 = ORIENTED_EDGE ( 'NONE', *, *, #504, .T. ) ;
#1899 = CARTESIAN_POINT ( 'NONE',  ( 7.985482827604294620, 23.44406806274691846, -5.146343660680091858 ) ) ;
#1900 = CARTESIAN_POINT ( 'NONE',  ( -10.92054330836373133, 25.35480405876272059, 6.862093902106397358 ) ) ;
#1901 = VERTEX_POINT ( 'NONE', #2616 ) ;
#1902 = CARTESIAN_POINT ( 'NONE',  ( 9.868421052631578760, -3.000000000000000888, -22.96985559223170270 ) ) ;
#1903 = AXIS2_PLACEMENT_3D ( 'NONE', #1409, #3480, #2553 ) ;
#1904 = CARTESIAN_POINT ( 'NONE',  ( 2.945996307454664453, 16.55947285758487908, 18.35834795964361632 ) ) ;
#1905 = CARTESIAN_POINT ( 'NONE',  ( -7.507723848564243241, 32.04113012494418200, 15.76261808210865212 ) ) ;
#1906 = CARTESIAN_POINT ( 'NONE',  ( 6.753943100288246626, 32.68463788825486915, 16.84320004912089885 ) ) ;
#1907 = ORIENTED_EDGE ( 'NONE', *, *, #2051, .T. ) ;
#1908 = EDGE_CURVE ( 'NONE', #718, #1108, #4136, .T. ) ;
#1909 = CARTESIAN_POINT ( 'NONE',  ( -4.871267317844098166, 37.21667751211602848, 15.73991968924274509 ) ) ;
#1910 = CYLINDRICAL_SURFACE ( 'NONE', #573, 4.499999999999998224 ) ;
#1911 = CARTESIAN_POINT ( 'NONE',  ( -6.647752342739043918, 33.54098443678338981, 10.24325210822008358 ) ) ;
#1912 = ORIENTED_EDGE ( 'NONE', *, *, #2811, .F. ) ;
#1913 = CARTESIAN_POINT ( 'NONE',  ( -7.807875491754056263, 18.14793877765648134, 5.422814748304729093 ) ) ;
#1914 = CARTESIAN_POINT ( 'NONE',  ( 6.989544776341523935, 32.49610448096951387, 16.54841622880614693 ) ) ;
#1915 = CARTESIAN_POINT ( 'NONE',  ( 11.27616480874062965, 24.72889908002127157, 5.394322696869506828 ) ) ;
#1916 = CARTESIAN_POINT ( 'NONE',  ( -5.208623073094178935, 9.812648147289483092, 15.41659750005766938 ) ) ;
#1917 = CARTESIAN_POINT ( 'NONE',  ( 7.747368604701390105, 21.99406589670582690, 7.515094836334305306 ) ) ;
#1918 = FACE_OUTER_BOUND ( 'NONE', #561, .T. ) ;
#1919 = CARTESIAN_POINT ( 'NONE',  ( 0.000000000000000000, -3.000000000000000888, 28.00000000000000355 ) ) ;
#1920 = DIRECTION ( 'NONE',  ( -0.000000000000000000, 1.000000000000000000, -0.000000000000000000 ) ) ;
#1921 = CARTESIAN_POINT ( 'NONE',  ( 6.766751688988313695, 28.28199275225989595, 10.01486288471426178 ) ) ;
#1922 = DIRECTION ( 'NONE',  ( 0.000000000000000000, 1.000000000000000000, 0.000000000000000000 ) ) ;
#1923 = CIRCLE ( 'NONE', #3474, 15.71623364550171154 ) ;
#1924 = VERTEX_POINT ( 'NONE', #1896 ) ;
#1925 = DIRECTION ( 'NONE',  ( 0.9187942236892679970, -0.000000000000000000, 0.3947368421052631082 ) ) ;
#1926 = DIRECTION ( 'NONE',  ( 0.000000000000000000, 1.000000000000000000, 0.000000000000000000 ) ) ;
#1927 = CARTESIAN_POINT ( 'NONE',  ( 5.228633353632980096, 14.31019039942656690, 17.43813737392130747 ) ) ;
#1928 = CIRCLE ( 'NONE', #2295, 18.82251816528927435 ) ;
#1929 = CIRCLE ( 'NONE', #2525, 2.999999999999999112 ) ;
#1930 = CARTESIAN_POINT ( 'NONE',  ( -2.133569132979203697, 16.27117069163260510, -12.32792909971205830 ) ) ;
#1931 = AXIS2_PLACEMENT_3D ( 'NONE', #3510, #1032, #670 ) ;
#1932 = EDGE_LOOP ( 'NONE', ( #1684, #3477, #784, #2603 ) ) ;
#1933 = ADVANCED_FACE ( 'NONE', ( #4331 ), #4081, .F. ) ;
#1934 =( NAMED_UNIT ( * ) SI_UNIT ( $, .STERADIAN. ) SOLID_ANGLE_UNIT ( ) );
#1935 = CARTESIAN_POINT ( 'NONE',  ( -10.36312840393481416, 34.96359109746795468, 10.62346172276407508 ) ) ;
#1936 = EDGE_CURVE ( 'NONE', #284, #2534, #1204, .T. ) ;
#1937 = ORIENTED_EDGE ( 'NONE', *, *, #1335, .T. ) ;
#1938 = CARTESIAN_POINT ( 'NONE',  ( 0.5659080568111891640, 31.99999999999999289, -9.500000000000000000 ) ) ;
#1939 = CARTESIAN_POINT ( 'NONE',  ( 10.78462786701421905, 26.20783329747107260, 6.361991115894486626 ) ) ;
#1940 = CARTESIAN_POINT ( 'NONE',  ( -5.440137167905596982, 9.926461177197371200, 15.26298270667276213 ) ) ;
#1941 = DIRECTION ( 'NONE',  ( 0.000000000000000000, -1.000000000000000000, 0.000000000000000000 ) ) ;
#1942 = CARTESIAN_POINT ( 'NONE',  ( -0.2677203008026900477, 14.57291874937431508, 10.32232605623922872 ) ) ;
#1943 = CARTESIAN_POINT ( 'NONE',  ( -7.380513196344464788, 20.90684128914133311, 8.572800833741370141 ) ) ;
#1944 = CARTESIAN_POINT ( 'NONE',  ( 6.565214453186325905, 28.57142857142856585, 10.40432602334235490 ) ) ;
#1945 = CARTESIAN_POINT ( 'NONE',  ( -1.476639919347843888, 31.86791779604699570, 19.33455883913681106 ) ) ;
#1946 = CARTESIAN_POINT ( 'NONE',  ( -10.72577462361885026, 26.55309127380519385, 6.465223393901321280 ) ) ;
#1947 = ORIENTED_EDGE ( 'NONE', *, *, #2512, .F. ) ;
#1948 = CARTESIAN_POINT ( 'NONE',  ( 11.00000000000000000, 24.00000000000000355, 6.652067347825037835 ) ) ;
#1949 = CARTESIAN_POINT ( 'NONE',  ( -3.227672037640395818E-13, 38.00000000000000711, 16.50000000000000000 ) ) ;
#1950 = CARTESIAN_POINT ( 'NONE',  ( -11.05263157894736814, -13.00000000000000000, 25.72623826329950703 ) ) ;
#1951 = DIRECTION ( 'NONE',  ( 0.9187942236892679970, 0.000000000000000000, -0.3947368421052631082 ) ) ;
#1952 = CARTESIAN_POINT ( 'NONE',  ( -0.7258986236567540606, 37.99917635613929434, 13.49959061478207012 ) ) ;
#1953 = PLANE ( 'NONE',  #2482 ) ;
#1954 = VECTOR ( 'NONE', #1209, 1000.000000000000114 ) ;
#1955 = ADVANCED_FACE ( 'NONE', ( #4353 ), #2287, .T. ) ;
#1956 = APPROVAL_STATUS ( 'not_yet_approved' ) ;
#1957 = EDGE_CURVE ( 'NONE', #2751, #933, #2365, .T. ) ;
#1958 = CARTESIAN_POINT ( 'NONE',  ( 3.080638246876422404, 37.65685424949256799, 19.25512056549861128 ) ) ;
#1959 = ORIENTED_EDGE ( 'NONE', *, *, #4185, .T. ) ;
#1960 = ORIENTED_EDGE ( 'NONE', *, *, #2811, .T. ) ;
#1961 = CARTESIAN_POINT ( 'NONE',  ( 11.02948282518905820, 20.98390065771431523, 5.883559352607985460 ) ) ;
#1962 = CARTESIAN_POINT ( 'NONE',  ( 2.123566637474681773, 13.20373441104904799, 19.27593973094749913 ) ) ;
#1963 = CARTESIAN_POINT ( 'NONE',  ( -1.926160991828657965, 16.23297796365190848, 19.09026381244339987 ) ) ;
#1964 = ADVANCED_FACE ( 'NONE', ( #2307 ), #3230, .T. ) ;
#1965 = CARTESIAN_POINT ( 'NONE',  ( -6.958651485346901922, 19.89667741460884542, 6.697816787678351425 ) ) ;
#1966 = CARTESIAN_POINT ( 'NONE',  ( 6.517865172269996066, 28.63942879905166450, 10.99725770307719230 ) ) ;
#1967 = CYLINDRICAL_SURFACE ( 'NONE', #604, 24.00000000000000355 ) ;
#1968 = ORIENTED_EDGE ( 'NONE', *, *, #4319, .T. ) ;
#1969 = FACE_OUTER_BOUND ( 'NONE', #2242, .T. ) ;
#1970 = ORIENTED_EDGE ( 'NONE', *, *, #1798, .F. ) ;
#1971 = CIRCLE ( 'NONE', #121, 2.999999999999999112 ) ;
#1972 = CARTESIAN_POINT ( 'NONE',  ( 10.98500374072656172, 24.65517883781426178, 6.692579744030300759 ) ) ;
#1973 = CARTESIAN_POINT ( 'NONE',  ( 8.000000000000000000, 24.00000000000000355, -5.123475382979803427 ) ) ;
#1974 = CARTESIAN_POINT ( 'NONE',  ( 3.737184335690296955, 31.07612233285999892, 18.23055330071022695 ) ) ;
#1975 = B_SPLINE_CURVE_WITH_KNOTS ( 'NONE', 3,
 ( #2876, #3571, #2222, #789, #1838, #1858, #3244, #745, #2514, #1564, #2245, #3266, #4293, #2197, #3638, #1184, #75, #2600, #1489, #1512, #833, #2533, #4257, #3660, #2918, #501, #2159, #1904, #3222, #1164, #808, #1138, #407, #473, #1880, #1118, #1818, #3291, #123, #1537 ),
 .UNSPECIFIED., .F., .F.,
 ( 4, 2, 2, 2, 2, 2, 2, 2, 2, 2, 2, 2, 2, 2, 2, 2, 2, 2, 2, 4 ),
 ( 0.000000000000000000, 0.003047755851392624452, 0.004571633777088936028, 0.006095511702785246302, 0.007619389628481557444, 0.009143267554177868586, 0.009905206517026024157, 0.01066714547987417799, 0.01142908444272233356, 0.01219102340557048740, 0.01295296236841863950, 0.01371490133126679507, 0.01447684029411494717, 0.01523877925696310101, 0.01600071821981125311, 0.01676265718265940868, 0.01828653510835571983, 0.01981041303405202750, 0.02133429095974833864, 0.02438204681114095398 ),
 .UNSPECIFIED. ) ;
#1976 = CARTESIAN_POINT ( 'NONE',  ( 0.000000000000000000, 15.61249499599599488, 0.000000000000000000 ) ) ;
#1977 = VECTOR ( 'NONE', #435, 1000.000000000000000 ) ;
#1978 = CARTESIAN_POINT ( 'NONE',  ( 1.429951177220632141, 37.85654426971193232, 13.42884574502872397 ) ) ;
#1979 = CARTESIAN_POINT ( 'NONE',  ( -7.356315535120593552, 20.83070487342568455, 8.644776036421124132 ) ) ;
#1980 = ORIENTED_EDGE ( 'NONE', *, *, #96, .F. ) ;
#1981 = APPROVAL_DATE_TIME ( #4478, #2492 ) ;
#1982 = CARTESIAN_POINT ( 'NONE',  ( -0.8886754875834633749, 32.00054758642163222, 13.52950823744404119 ) ) ;
#1983 = EDGE_LOOP ( 'NONE', ( #550, #3671, #837, #4255 ) ) ;
#1984 = CARTESIAN_POINT ( 'NONE',  ( 7.752258617849723699, 31.80918833120225386, 15.32690175240744423 ) ) ;
#1985 = CARTESIAN_POINT ( 'NONE',  ( -2.642098671813862598, 31.56931194668523943, -12.22775701325932118 ) ) ;
#1986 = CARTESIAN_POINT ( 'NONE',  ( 8.058328646985552624, 11.71088010758710318, 12.60981006523861936 ) ) ;
#1987 = CARTESIAN_POINT ( 'NONE',  ( 0.6741541596610709508, 15.12290048551987276, 10.32022929358717001 ) ) ;
#1988 = CARTESIAN_POINT ( 'NONE',  ( -7.614861076552286612, 21.38923142149145562, 5.882312569148099080 ) ) ;
#1989 = CARTESIAN_POINT ( 'NONE',  ( 6.203485497315915254, 29.05467067925191316, 13.22632715612219378 ) ) ;
#1990 = DIRECTION ( 'NONE',  ( -8.881784197001252323E-16, 0.000000000000000000, 1.000000000000000000 ) ) ;
#1991 = VERTEX_POINT ( 'NONE', #2749 ) ;
#1992 = EDGE_CURVE ( 'NONE', #1600, #1401, #1929, .T. ) ;
#1993 = CARTESIAN_POINT ( 'NONE',  ( -10.53565399203975517, 20.78906625016212928, 7.788225465947596682 ) ) ;
#1994 = CARTESIAN_POINT ( 'NONE',  ( -4.362838584400609676, 17.28945168153460443, -8.442352462122526546 ) ) ;
#1995 = ORIENTED_EDGE ( 'NONE', *, *, #2203, .F. ) ;
#1996 = EDGE_CURVE ( 'NONE', #1833, #1250, #535, .T. ) ;
#1997 = CARTESIAN_POINT ( 'NONE',  ( 38.00000000000000000, 0.000000000000000000, 4.499999999999998224 ) ) ;
#1998 = CARTESIAN_POINT ( 'NONE',  ( 10.39010446821518130, 29.52377616702892027, 6.962808858416907221 ) ) ;
#1999 = CARTESIAN_POINT ( 'NONE',  ( 41.94736842105263008, 0.000000000000000000, -9.187942236892681080 ) ) ;
#2000 = EDGE_CURVE ( 'NONE', #1577, #4310, #116, .T. ) ;
#2001 = DIRECTION ( 'NONE',  ( 0.1357478292767294592, -0.1949529773529304899, -0.9713731844496655832 ) ) ;
#2002 = CARTESIAN_POINT ( 'NONE',  ( -1.077383352127026628, 16.06824598425804851, -12.45641512282547225 ) ) ;
#2003 = CARTESIAN_POINT ( 'NONE',  ( -7.891682269329588273, 22.66718697413373107, 7.039283705786495204 ) ) ;
#2004 = VERTEX_POINT ( 'NONE', #1802 ) ;
#2005 = PERSON_AND_ORGANIZATION_ROLE ( 'creator' ) ;
#2006 = AXIS2_PLACEMENT_3D ( 'NONE', #2703, #275, #4078 ) ;
#2007 = CARTESIAN_POINT ( 'NONE',  ( -5.217139338629851686, 33.87790310971289642, 14.20322930958627161 ) ) ;
#2008 = AXIS2_PLACEMENT_3D ( 'NONE', #1484, #1506, #1179 ) ;
#2009 = EDGE_LOOP ( 'NONE', ( #3334, #8, #3587, #2139, #151, #655 ) ) ;
#2010 = CARTESIAN_POINT ( 'NONE',  ( -8.586921252235789837, 24.50678780724337003, 4.063875424923293345 ) ) ;
#2011 = CYLINDRICAL_SURFACE ( 'NONE', #723, 12.99999999999999822 ) ;
#2012 = CARTESIAN_POINT ( 'NONE',  ( 3.308694075100553800, 13.25223110146271921, 13.85026418493533917 ) ) ;
#2013 = CARTESIAN_POINT ( 'NONE',  ( 1.770063788304595986, 32.50887063041640346, 11.86475321497863078 ) ) ;
#2014 = CARTESIAN_POINT ( 'NONE',  ( 4.873616467134421093, 37.21615691854036356, 15.73928382410870874 ) ) ;
#2015 = VERTEX_POINT ( 'NONE', #4216 ) ;
#2016 = CARTESIAN_POINT ( 'NONE',  ( -11.28683639449320353, 24.52988692264677084, 5.372127989152709837 ) ) ;
#2017 = ORIENTED_EDGE ( 'NONE', *, *, #4185, .F. ) ;
#2018 = ADVANCED_FACE ( 'NONE', ( #2838 ), #3208, .T. ) ;
#2019 = LINE ( 'NONE', #2041, #3936 ) ;
#2020 = DIRECTION ( 'NONE',  ( -0.000000000000000000, -1.000000000000000000, 0.000000000000000000 ) ) ;
#2021 = CARTESIAN_POINT ( 'NONE',  ( 2.881794125222608915, 34.62632961786263053, 19.16119012926453635 ) ) ;
#2022 = EDGE_CURVE ( 'NONE', #2819, #3759, #995, .T. ) ;
#2023 = CARTESIAN_POINT ( 'NONE',  ( 3.475392982267206074E-20, 16.00000000000000355, -12.50000000000000000 ) ) ;
#2024 = CARTESIAN_POINT ( 'NONE',  ( 2.935880794449340137, 34.61412904379031374, 19.15017676330701590 ) ) ;
#2025 = DIRECTION ( 'NONE',  ( 0.000000000000000000, 0.000000000000000000, -1.000000000000000000 ) ) ;
#2026 = PERSON_AND_ORGANIZATION ( #574, #3960 ) ;
#2027 = ORIENTED_EDGE ( 'NONE', *, *, #1632, .T. ) ;
#2028 = ORIENTED_EDGE ( 'NONE', *, *, #1323, .T. ) ;
#2029 = CIRCLE ( 'NONE', #37, 24.00000000000000355 ) ;
#2030 = CARTESIAN_POINT ( 'NONE',  ( 9.039806746520806513, 15.61249499599599488, 8.633185622095528089 ) ) ;
#2031 = CARTESIAN_POINT ( 'NONE',  ( -6.020405937342811598, 29.27445815988980371, -10.95625280397898749 ) ) ;
#2032 = CARTESIAN_POINT ( 'NONE',  ( 4.865235679840804295, 13.79336908712537024, 12.68898570739603393 ) ) ;
#2033 = AXIS2_PLACEMENT_3D ( 'NONE', #3991, #462, #3921 ) ;
#2034 = CARTESIAN_POINT ( 'NONE',  ( 5.428708249215347337, 18.12248200176466639, 14.34502190332541716 ) ) ;
#2035 = CARTESIAN_POINT ( 'NONE',  ( -7.424792902289637730, 20.86452882449634672, 6.143281965321143900 ) ) ;
#2036 = CARTESIAN_POINT ( 'NONE',  ( 1.857452987379128118, 32.77647328938818561, 11.43103702874831207 ) ) ;
#2037 = CARTESIAN_POINT ( 'NONE',  ( -8.000000000000000000, 24.00000000000000355, -28.00200000000001310 ) ) ;
#2038 = EDGE_LOOP ( 'NONE', ( #3479, #793, #1598, #1673 ) ) ;
#2039 = EDGE_LOOP ( 'NONE', ( #2658, #1447, #534, #984 ) ) ;
#2040 = B_SPLINE_CURVE_WITH_KNOTS ( 'NONE', 3,
 ( #3127, #4520, #330, #1016, #2430, #1373, #1398, #3519, #3832, #678, #1738, #3149, #4545, #2802, #4199, #2453 ),
 .UNSPECIFIED., .F., .F.,
 ( 4, 2, 2, 2, 2, 2, 2, 4 ),
 ( 0.000000000000000000, 0.001567471644560555506, 0.003134943289121111011, 0.003918679111401390282, 0.004702414933681671287, 0.005486150755961950558, 0.005878018667102090193, 0.006269886578242230696 ),
 .UNSPECIFIED. ) ;
#2041 = CARTESIAN_POINT ( 'NONE',  ( -11.05263157894737347, -13.00000000000000000, 25.72623826329950347 ) ) ;
#2042 = FACE_OUTER_BOUND ( 'NONE', #1281, .T. ) ;
#2043 = VERTEX_POINT ( 'NONE', #3730 ) ;
#2044 = FACE_OUTER_BOUND ( 'NONE', #3102, .T. ) ;
#2045 = VECTOR ( 'NONE', #306, 1000.000000000000000 ) ;
#2046 = DIRECTION ( 'NONE',  ( 0.000000000000000000, 0.000000000000000000, 1.000000000000000000 ) ) ;
#2047 = FACE_OUTER_BOUND ( 'NONE', #2439, .T. ) ;
#2048 = EDGE_CURVE ( 'NONE', #1820, #3682, #614, .T. ) ;
#2049 = COORDINATED_UNIVERSAL_TIME_OFFSET ( 5, 30, .AHEAD. ) ;
#2050 = EDGE_LOOP ( 'NONE', ( #1734, #3679, #215, #4423, #2536, #3126, #3117, #1397, #40 ) ) ;
#2051 = EDGE_CURVE ( 'NONE', #2534, #3548, #3292, .T. ) ;
#2052 = ORIENTED_EDGE ( 'NONE', *, *, #2134, .T. ) ;
#2053 = AXIS2_PLACEMENT_3D ( 'NONE', #4508, #3461, #4415 ) ;
#2054 = CARTESIAN_POINT ( 'NONE',  ( -10.69058525838825524, 21.39258053381068692, 7.427109309754638566 ) ) ;
#2055 = DIRECTION ( 'NONE',  ( 0.000000000000000000, 0.000000000000000000, 1.000000000000000000 ) ) ;
#2056 = CARTESIAN_POINT ( 'NONE',  ( 1.926974989729020482, 13.02186194178165479, 14.44156427285933297 ) ) ;
#2057 = CARTESIAN_POINT ( 'NONE',  ( 2.744191146571049789, 14.75071522821393089, 8.495341339918095258 ) ) ;
#2058 = CARTESIAN_POINT ( 'NONE',  ( 3.495707126795102759, 31.19763107103821298, 18.41952651658263207 ) ) ;
#2059 = CARTESIAN_POINT ( 'NONE',  ( -11.00000000000000000, 24.00000000000005329, 6.652067347825036947 ) ) ;
#2060 = ORIENTED_EDGE ( 'NONE', *, *, #3011, .F. ) ;
#2061 = CARTESIAN_POINT ( 'NONE',  ( -10.99125491738656279, 23.45633902190171227, 6.675469239478585060 ) ) ;
#2062 = CARTESIAN_POINT ( 'NONE',  ( -10.38791197245701348, 29.52975989033672732, 6.965984160850236862 ) ) ;
#2063 = EDGE_LOOP ( 'NONE', ( #2356, #3774, #827, #3044 ) ) ;
#2064 = CARTESIAN_POINT ( 'NONE',  ( 1.972225200125482702E-15, 13.48351840563290338, -13.38636363636363491 ) ) ;
#2065 = DIRECTION ( 'NONE',  ( 0.000000000000000000, 0.000000000000000000, 1.000000000000000000 ) ) ;
#2066 = DIRECTION ( 'NONE',  ( 0.000000000000000000, 0.000000000000000000, 1.000000000000000000 ) ) ;
#2067 = ORIENTED_EDGE ( 'NONE', *, *, #96, .T. ) ;
#2068 = CARTESIAN_POINT ( 'NONE',  ( -10.84627189807555681, 20.04709110788805404, 6.224251168564190806 ) ) ;
#2069 = DIRECTION ( 'NONE',  ( 0.000000000000000000, 0.000000000000000000, 1.000000000000000000 ) ) ;
#2070 = CARTESIAN_POINT ( 'NONE',  ( 0.000000000000000000, -13.00000000000000000, 0.000000000000000000 ) ) ;
#2071 = ADVANCED_FACE ( 'NONE', ( #3091 ), #1953, .F. ) ;
#2072 = AXIS2_PLACEMENT_3D ( 'NONE', #2673, #2734, #4138 ) ;
#2073 = VERTEX_POINT ( 'NONE', #3620 ) ;
#2074 = CARTESIAN_POINT ( 'NONE',  ( -10.99575398994960018, 23.64933919460600364, 6.663472361579675152 ) ) ;
#2075 = DIRECTION ( 'NONE',  ( 0.000000000000000000, 1.000000000000000000, -0.000000000000000000 ) ) ;
#2076 = CARTESIAN_POINT ( 'NONE',  ( -1.079799242052911890, 31.94474881423147039, -12.46443606535061477 ) ) ;
#2077 = DIRECTION ( 'NONE',  ( -0.000000000000000000, -1.000000000000000000, -0.000000000000000000 ) ) ;
#2078 = CARTESIAN_POINT ( 'NONE',  ( 5.954850831186771387, 9.187614583099417587, 11.67814312589546510 ) ) ;
#2079 = EDGE_CURVE ( 'NONE', #3261, #284, #1300, .T. ) ;
#2080 = ADVANCED_FACE ( 'NONE', ( #3365 ), #951, .T. ) ;
#2081 = CARTESIAN_POINT ( 'NONE',  ( 1.998007629492631665, 33.43712411659815587, 10.53732819711322577 ) ) ;
#2082 = CARTESIAN_POINT ( 'NONE',  ( -0.5030849485319733860, 7.272727272726099201, 14.25157668528539290 ) ) ;
#2083 = VERTEX_POINT ( 'NONE', #4072 ) ;
#2084 = CARTESIAN_POINT ( 'NONE',  ( -9.868421052631582313, -3.000000000000000000, 22.96985559223169915 ) ) ;
#2085 = CARTESIAN_POINT ( 'NONE',  ( 38.00000000000000000, -3.000000000000000888, 0.000000000000000000 ) ) ;
#2086 = CYLINDRICAL_SURFACE ( 'NONE', #4456, 11.00000000000000000 ) ;
#2087 = LINE ( 'NONE', #1038, #1215 ) ;
#2088 = CARTESIAN_POINT ( 'NONE',  ( -1.444586695132714205, 37.88107825256514616, 13.44056767111539408 ) ) ;
#2089 = CARTESIAN_POINT ( 'NONE',  ( -1.836691011618323710, 32.69708482323602539, 11.54684715772634895 ) ) ;
#2090 = VERTEX_POINT ( 'NONE', #549 ) ;
#2091 = DIRECTION ( 'NONE',  ( 0.000000000000000000, 0.000000000000000000, 1.000000000000000000 ) ) ;
#2092 = CARTESIAN_POINT ( 'NONE',  ( 4.493500203967541573, 9.490135712657368217, 15.84622682169670149 ) ) ;
#2093 = FACE_OUTER_BOUND ( 'NONE', #4389, .T. ) ;
#2094 = EDGE_LOOP ( 'NONE', ( #3536, #1797, #3752 ) ) ;
#2095 = EDGE_CURVE ( 'NONE', #493, #1558, #2554, .T. ) ;
#2096 = PLANE ( 'NONE',  #2412 ) ;
#2097 = CARTESIAN_POINT ( 'NONE',  ( -4.485307457005031750, 9.486833363891111759, 15.85054279073146866 ) ) ;
#2098 = DIRECTION ( 'NONE',  ( -0.000000000000000000, -1.000000000000000000, -0.000000000000000000 ) ) ;
#2099 = CARTESIAN_POINT ( 'NONE',  ( 6.386950888193430487, 9.522993078918869259, 11.16164617900110656 ) ) ;
#2100 = CARTESIAN_POINT ( 'NONE',  ( 0.8886754875832858502, 32.00054758642162511, 13.52950823744417796 ) ) ;
#2101 = CARTESIAN_POINT ( 'NONE',  ( -9.868421052631578760, -3.000000000000000888, 22.96985559223170270 ) ) ;
#2102 = ORIENTED_EDGE ( 'NONE', *, *, #1686, .F. ) ;
#2103 = EDGE_CURVE ( 'NONE', #1498, #1288, #1309, .T. ) ;
#2104 = AXIS2_PLACEMENT_3D ( 'NONE', #4023, #4447, #2649 ) ;
#2105 = EDGE_CURVE ( 'NONE', #1699, #478, #3276, .T. ) ;
#2106 = CARTESIAN_POINT ( 'NONE',  ( -7.466468572754430433, 15.92026328378669575, 14.34107353540038154 ) ) ;
#2107 = VERTEX_POINT ( 'NONE', #3388 ) ;
#2108 = CARTESIAN_POINT ( 'NONE',  ( 7.717644948293221674, 26.12306894933362855, -9.833500229759279065 ) ) ;
#2109 = CARTESIAN_POINT ( 'NONE',  ( 0.000000000000000000, 15.61249499599599488, 0.000000000000000000 ) ) ;
#2110 = EDGE_LOOP ( 'NONE', ( #2489, #2940, #3544, #2832 ) ) ;
#2111 = EDGE_CURVE ( 'NONE', #520, #3971, #2774, .T. ) ;
#2112 = AXIS2_PLACEMENT_3D ( 'NONE', #930, #1681, #2025 ) ;
#2113 = CARTESIAN_POINT ( 'NONE',  ( -9.265423623448436174, 32.00000000000000000, 8.390585502695488529 ) ) ;
#2114 = AXIS2_PLACEMENT_3D ( 'NONE', #1015, #2429, #3831 ) ;
#2115 = FACE_OUTER_BOUND ( 'NONE', #1694, .T. ) ;
#2116 = CARTESIAN_POINT ( 'NONE',  ( 0.000000000000000000, 35.00000000000000000, -12.50000000000000000 ) ) ;
#2117 = ORIENTED_EDGE ( 'NONE', *, *, #2318, .F. ) ;
#2118 = AXIS2_PLACEMENT_3D ( 'NONE', #2547, #2892, #1039 ) ;
#2119 = ORIENTED_EDGE ( 'NONE', *, *, #3155, .F. ) ;
#2120 = DIRECTION ( 'NONE',  ( -0.000000000000000000, -1.000000000000000000, -0.000000000000000000 ) ) ;
#2121 = CARTESIAN_POINT ( 'NONE',  ( 6.405348780391884489, 19.20713999771199809, 10.70515017139845426 ) ) ;
#2122 = CARTESIAN_POINT ( 'NONE',  ( 0.000000000000000000, 15.61249499599599488, -9.500000000000001776 ) ) ;
#2123 = CARTESIAN_POINT ( 'NONE',  ( 1.544412099981519182, 16.14817048076293204, 19.27593973094749913 ) ) ;
#2124 = FACE_OUTER_BOUND ( 'NONE', #740, .T. ) ;
#2125 = LOCAL_TIME ( 5, 17, 52.00000000000000000, #2049 ) ;
#2126 = CARTESIAN_POINT ( 'NONE',  ( -7.052461635229307468, 15.55622699816879262, 15.09636536035559651 ) ) ;
#2127 = CARTESIAN_POINT ( 'NONE',  ( 11.20936036568580008, 15.61249499599599488, 10.70515017139845249 ) ) ;
#2128 = VERTEX_POINT ( 'NONE', #457 ) ;
#2129 = DIRECTION ( 'NONE',  ( 0.000000000000000000, 0.000000000000000000, -1.000000000000000000 ) ) ;
#2130 = CARTESIAN_POINT ( 'NONE',  ( 11.20273529248684952, 22.21856503195145294, 5.545594992961240699 ) ) ;
#2131 = CARTESIAN_POINT ( 'NONE',  ( -43.13157894736841058, -13.00000000000000000, 11.94432490796048008 ) ) ;
#2132 = ORIENTED_EDGE ( 'NONE', *, *, #1000, .F. ) ;
#2133 = CARTESIAN_POINT ( 'NONE',  ( 5.132326654663459387, 8.658599570400488332, 12.43984672955158288 ) ) ;
#2134 = EDGE_CURVE ( 'NONE', #1249, #2648, #3710, .T. ) ;
#2135 = VERTEX_POINT ( 'NONE', #1523 ) ;
#2136 = DIRECTION ( 'NONE',  ( 0.000000000000000000, 0.000000000000000000, 1.000000000000000000 ) ) ;
#2137 = ADVANCED_FACE ( 'NONE', ( #3063, #4453 ), #4052, .F. ) ;
#2138 = CARTESIAN_POINT ( 'NONE',  ( 9.027169873131189348, 30.28571428571428825, 10.40432602334240464 ) ) ;
#2139 = ORIENTED_EDGE ( 'NONE', *, *, #4073, .T. ) ;
#2140 = CARTESIAN_POINT ( 'NONE',  ( 6.640949493069502552, 19.52200517985556516, 10.27342962573731633 ) ) ;
#2141 = CARTESIAN_POINT ( 'NONE',  ( -2.717283299349365411, 31.52933923324220800, -9.107071745544915942 ) ) ;
#2142 = CARTESIAN_POINT ( 'NONE',  ( -6.441003592285476920, 32.92664822269367164, 17.20634420049340818 ) ) ;
#2143 = CARTESIAN_POINT ( 'NONE',  ( -4.949491487529706468, 8.554185239489555670, 12.58535747752489264 ) ) ;
#2144 = CARTESIAN_POINT ( 'NONE',  ( -8.807354573038841394, 17.40981749685400004, 10.70515017139844716 ) ) ;
#2145 = CARTESIAN_POINT ( 'NONE',  ( -9.131092025301267512, 17.84247175632045312, 10.27371418819418381 ) ) ;
#2146 = DIRECTION ( 'NONE',  ( 0.000000000000000000, 0.000000000000000000, 1.000000000000000000 ) ) ;
#2147 = AXIS2_PLACEMENT_3D ( 'NONE', #3280, #2909, #3626 ) ;
#2148 = CARTESIAN_POINT ( 'NONE',  ( 0.000000000000000000, 24.00000000000000355, -28.00200000000001310 ) ) ;
#2149 = VECTOR ( 'NONE', #1478, 1000.000000000000114 ) ;
#2150 = CARTESIAN_POINT ( 'NONE',  ( -4.348788812604568399, 30.71676019291060555, 17.62196592661149452 ) ) ;
#2151 = CARTESIAN_POINT ( 'NONE',  ( 11.20936036568579830, 15.61249499599599488, 10.70515017139845249 ) ) ;
#2152 = CARTESIAN_POINT ( 'NONE',  ( -9.868421052631578760, -13.00000000000000000, 22.96985559223170270 ) ) ;
#2153 = ORIENTED_EDGE ( 'NONE', *, *, #2299, .T. ) ;
#2154 = VECTOR ( 'NONE', #3129, 1000.000000000000000 ) ;
#2155 = EDGE_CURVE ( 'NONE', #176, #1197, #2176, .T. ) ;
#2156 = LINE ( 'NONE', #4203, #527 ) ;
#2157 = VERTEX_POINT ( 'NONE', #4501 ) ;
#2158 = CARTESIAN_POINT ( 'NONE',  ( 9.868421052631576984, -3.000000000000000888, -22.96985559223170270 ) ) ;
#2159 = CARTESIAN_POINT ( 'NONE',  ( 2.568923605462039905, 16.42101788431635612, 18.67241702517129909 ) ) ;
#2160 = ORIENTED_EDGE ( 'NONE', *, *, #2989, .F. ) ;
#2161 = CARTESIAN_POINT ( 'NONE',  ( -6.066985118813666311, 29.23792909163253739, -7.323174698098704027 ) ) ;
#2162 = DIRECTION ( 'NONE',  ( 0.000000000000000000, 0.000000000000000000, 1.000000000000000000 ) ) ;
#2163 = ADVANCED_BREP_SHAPE_REPRESENTATION ( 'CSWP_18_23', ( #2856, #361 ), #2342 ) ;
#2164 = CARTESIAN_POINT ( 'NONE',  ( 2.383338885627996150E-11, 7.272727272727274261, 14.25157668528394517 ) ) ;
#2165 = CARTESIAN_POINT ( 'NONE',  ( -7.751879317875175701, 11.44610075032675134, 13.03777008397926629 ) ) ;
#2166 = CARTESIAN_POINT ( 'NONE',  ( -8.807354573038841394, 17.40981749685400004, 10.70515017139845071 ) ) ;
#2167 = CARTESIAN_POINT ( 'NONE',  ( 0.000000000000000000, 24.00000000000000355, -28.00000000000000355 ) ) ;
#2168 = CARTESIAN_POINT ( 'NONE',  ( -6.565214453186317911, 28.57142857142857295, 10.40432602334240642 ) ) ;
#2169 = CARTESIAN_POINT ( 'NONE',  ( 0.000000000000000000, -13.00000000000000000, 0.000000000000000000 ) ) ;
#2170 = CIRCLE ( 'NONE', #2104, 15.71623364550171154 ) ;
#2171 = DIRECTION ( 'NONE',  ( 0.9187942236892679970, 0.000000000000000000, -0.3947368421052631637 ) ) ;
#2172 = VERTEX_POINT ( 'NONE', #727 ) ;
#2173 = ORIENTED_EDGE ( 'NONE', *, *, #3066, .T. ) ;
#2174 = CARTESIAN_POINT ( 'NONE',  ( -38.00000000000000000, -13.00000000000000000, -4.499999999999998224 ) ) ;
#2175 = DIRECTION ( 'NONE',  ( 0.000000000000000000, 1.000000000000000000, 0.000000000000000000 ) ) ;
#2176 = CIRCLE ( 'NONE', #3513, 12.50000000000000000 ) ;
#2177 = CARTESIAN_POINT ( 'NONE',  ( 6.320760647919666297, 14.98755754450534994, 16.20966602421830771 ) ) ;
#2178 = VERTEX_POINT ( 'NONE', #1725 ) ;
#2179 = ADVANCED_FACE ( 'NONE', ( #2047 ), #3862, .T. ) ;
#2180 = DIRECTION ( 'NONE',  ( 1.000000000000000000, 0.000000000000000000, 0.000000000000000000 ) ) ;
#2181 = DIRECTION ( 'NONE',  ( -0.000000000000000000, 1.000000000000000000, -0.000000000000000000 ) ) ;
#2182 = CIRCLE ( 'NONE', #202, 3.000000000000001332 ) ;
#2183 = CARTESIAN_POINT ( 'NONE',  ( 6.926129476109657901, 28.03391264336466904, -6.513547579075886773 ) ) ;
#2184 = CARTESIAN_POINT ( 'NONE',  ( 6.887202480268720173, 28.25464052230291401, 6.786077305270079130 ) ) ;
#2185 = CARTESIAN_POINT ( 'NONE',  ( 3.366171278032554781, 16.73788992430166545, -12.04082988231461471 ) ) ;
#2186 = AXIS2_PLACEMENT_3D ( 'NONE', #1272, #1290, #1709 ) ;
#2187 = DIRECTION ( 'NONE',  ( 0.000000000000000000, 1.000000000000000000, -0.000000000000000000 ) ) ;
#2188 = EDGE_CURVE ( 'NONE', #3261, #3548, #3841, .T. ) ;
#2189 = CARTESIAN_POINT ( 'NONE',  ( -8.577995659814813934, 24.52988692264677084, 4.082817271756099764 ) ) ;
#2190 = CARTESIAN_POINT ( 'NONE',  ( 0.000000000000000000, 58.00000000000000000, -16.50000000000000000 ) ) ;
#2191 = CARTESIAN_POINT ( 'NONE',  ( 5.079080360604661948, 37.65685424949237614, 12.53147933596307695 ) ) ;
#2192 = ORIENTED_EDGE ( 'NONE', *, *, #695, .T. ) ;
#2193 = CARTESIAN_POINT ( 'NONE',  ( 38.00000000000000000, -13.00000000000000000, -4.499999999999998224 ) ) ;
#2194 = B_SPLINE_CURVE_WITH_KNOTS ( 'NONE', 3,
 ( #282, #3470, #1697, #3081, #2357, #3763, #2108, #305, #4471, #1763, #1325, #3448, #3784, #4132, #1719, #4494, #629, #3106, #2732, #1350, #4155, #989, #3494, #2777, #4174, #3806 ),
 .UNSPECIFIED., .F., .F.,
 ( 4, 2, 2, 2, 2, 2, 2, 2, 2, 2, 2, 2, 4 ),
 ( 0.03864324881360683972, 0.03944747121727999739, 0.04025169362095314812, 0.04105591602462630579, 0.04186013842829946346, 0.04346858323564577881, 0.04507702804299210109, 0.04668547285033841643, 0.04748969525401158104, 0.04829391765768474565, 0.04990236246503107487, 0.05070658486870424642, 0.05151080727237741103 ),
 .UNSPECIFIED. ) ;
#2195 = ORIENTED_EDGE ( 'NONE', *, *, #1134, .F. ) ;
#2196 = DIRECTION ( 'NONE',  ( 0.000000000000000000, 1.000000000000000000, 0.000000000000000000 ) ) ;
#2197 = CARTESIAN_POINT ( 'NONE',  ( -1.969105291037555272, 16.24305817438133914, 19.06831020581527980 ) ) ;
#2198 = CARTESIAN_POINT ( 'NONE',  ( 11.48912529307605723, 32.00000000000000000, 10.40432602334240464 ) ) ;
#2199 = CARTESIAN_POINT ( 'NONE',  ( -3.664060860700224964, 34.37489982461828220, 18.92032069391261473 ) ) ;
#2200 = DIRECTION ( 'NONE',  ( 1.000000000000000000, 0.000000000000000000, 0.000000000000000000 ) ) ;
#2201 = CARTESIAN_POINT ( 'NONE',  ( 5.622744396357145291, 33.72686389364710635, 13.58954637220418604 ) ) ;
#2202 = ORIENTED_EDGE ( 'NONE', *, *, #2299, .F. ) ;
#2203 = EDGE_CURVE ( 'NONE', #3359, #2903, #774, .T. ) ;
#2204 = CARTESIAN_POINT ( 'NONE',  ( -38.00000000000000000, -13.00000000000000000, -7.499999999999998224 ) ) ;
#2205 = DIRECTION ( 'NONE',  ( 0.000000000000000000, 1.000000000000000000, -0.000000000000000000 ) ) ;
#2206 = ORIENTED_EDGE ( 'NONE', *, *, #2512, .T. ) ;
#2207 = CARTESIAN_POINT ( 'NONE',  ( -7.195020397738172591, 20.48239664790071402, 9.054226626952223356 ) ) ;
#2208 = CARTESIAN_POINT ( 'NONE',  ( 7.162941947209099602, 27.59794853735027687, -6.248155773729839879 ) ) ;
#2209 = CARTESIAN_POINT ( 'NONE',  ( 10.85883516935596838, 22.21806735773921915, 7.019441410738597398 ) ) ;
#2210 = CARTESIAN_POINT ( 'NONE',  ( -3.185728220652608300, 9.060271296596571489, 16.39666357970394017 ) ) ;
#2211 = CARTESIAN_POINT ( 'NONE',  ( 4.062133285583238163, 17.10311258937394641, -11.82399611598199662 ) ) ;
#2212 = CARTESIAN_POINT ( 'NONE',  ( 11.00000000000000000, 24.00000000000000355, -28.00200000000001310 ) ) ;
#2213 = DIRECTION ( 'NONE',  ( 0.000000000000000000, 0.000000000000000000, 1.000000000000000000 ) ) ;
#2214 = DIRECTION ( 'NONE',  ( -0.2200455890648859991, 0.9754895892489510167, 0.000000000000000000 ) ) ;
#2215 = B_SPLINE_CURVE_WITH_KNOTS ( 'NONE', 3,
 ( #100, #2793, #2923, #3847, #476, #1413, #1883, #124, #1185, #690, #4004, #1752, #4212, #1052, #4422, #1994, #923, #2667, #496, #4444, #2967, #2331, #519, #4065, #3722, #3740 ),
 .UNSPECIFIED., .F., .F.,
 ( 4, 2, 2, 2, 2, 2, 2, 2, 2, 2, 2, 2, 4 ),
 ( 0.01338480776562606632, 0.01422189159666529916, 0.01505897542770453200, 0.01673314308978300635, 0.01840731075186147897, 0.01924439458290071528, 0.02008147841393995159, 0.02175564607601842421, 0.02259272990705765705, 0.02342981373809688989, 0.02426689756913612966, 0.02510398140017536250, 0.02677814906225382818 ),
 .UNSPECIFIED. ) ;
#2216 = ORIENTED_EDGE ( 'NONE', *, *, #1456, .F. ) ;
#2217 = CARTESIAN_POINT ( 'NONE',  ( 7.773685672646961642, 22.09156791059464453, -5.461624510498060303 ) ) ;
#2218 = AXIS2_PLACEMENT_3D ( 'NONE', #1548, #1196, #4011 ) ;
#2219 = CIRCLE ( 'NONE', #537, 28.00000000000000355 ) ;
#2220 = VERTEX_POINT ( 'NONE', #2138 ) ;
#2221 = CARTESIAN_POINT ( 'NONE',  ( -0.8238373268484386891, 34.99935285099081028, 19.49940866603439815 ) ) ;
#2222 = CARTESIAN_POINT ( 'NONE',  ( -5.991492166909805128, 18.68229541831022189, 12.63106039284279980 ) ) ;
#2223 = CARTESIAN_POINT ( 'NONE',  ( -8.309397121525064378, 31.21123754513165593, 13.95904439502377947 ) ) ;
#2224 = DIRECTION ( 'NONE',  ( -1.000000000000000000, 0.000000000000000000, 0.000000000000000000 ) ) ;
#2225 = CARTESIAN_POINT ( 'NONE',  ( 8.359337314450794310, 35.90718689559920307, 13.58292725398027478 ) ) ;
#2226 = EDGE_LOOP ( 'NONE', ( #3635, #3511, #50, #1704 ) ) ;
#2227 = CIRCLE ( 'NONE', #3850, 25.00000000000000355 ) ;
#2228 = FACE_OUTER_BOUND ( 'NONE', #1223, .T. ) ;
#2229 = CARTESIAN_POINT ( 'NONE',  ( -7.002253498919880137, 36.50902144829907314, 14.69963876463510033 ) ) ;
#2230 = ORIENTED_EDGE ( 'NONE', *, *, #2558, .F. ) ;
#2231 = DIRECTION ( 'NONE',  ( 0.000000000000000000, 0.000000000000000000, 1.000000000000000000 ) ) ;
#2232 = CARTESIAN_POINT ( 'NONE',  ( 10.82233944866847075, 21.98954794355276476, 6.297224222588141629 ) ) ;
#2233 = CARTESIAN_POINT ( 'NONE',  ( 0.2866695518177848068, 8.636079986416520526, 16.92409471290340761 ) ) ;
#2234 = CARTESIAN_POINT ( 'NONE',  ( 8.000000000000000000, 24.00000000000000355, -9.604686356149274573 ) ) ;
#2235 = DIRECTION ( 'NONE',  ( 0.9187942236892679970, 0.000000000000000000, -0.3947368421052631637 ) ) ;
#2236 = CARTESIAN_POINT ( 'NONE',  ( -38.00000000000000000, -13.00000000000000000, 0.000000000000000000 ) ) ;
#2237 = FACE_OUTER_BOUND ( 'NONE', #4044, .T. ) ;
#2238 = CARTESIAN_POINT ( 'NONE',  ( 7.820953516231075930, 25.69783775257621272, 7.276657163463672084 ) ) ;
#2239 = ORIENTED_EDGE ( 'NONE', *, *, #290, .T. ) ;
#2240 = ADVANCED_FACE ( 'NONE', ( #634 ), #1449, .T. ) ;
#2241 = CARTESIAN_POINT ( 'NONE',  ( -9.272508231788167521, 29.98797952587645099, 8.449690538414724728 ) ) ;
#2242 = EDGE_LOOP ( 'NONE', ( #3871, #1145, #1768, #1715, #1425 ) ) ;
#2243 = EDGE_CURVE ( 'NONE', #4143, #694, #2461, .T. ) ;
#2244 = CARTESIAN_POINT ( 'NONE',  ( 0.000000000000000000, -3.000000000000000000, -1.500000000000000000 ) ) ;
#2245 = CARTESIAN_POINT ( 'NONE',  ( -3.146842464786352878, 16.63410637533043968, 18.18882871628755638 ) ) ;
#2246 = CARTESIAN_POINT ( 'NONE',  ( 8.164032887768513547, 16.59973885938419258, 12.84836011096538400 ) ) ;
#2247 = ORIENTED_EDGE ( 'NONE', *, *, #389, .F. ) ;
#2248 = CYLINDRICAL_SURFACE ( 'NONE', #3530, 4.499999999999998224 ) ;
#2249 = AXIS2_PLACEMENT_3D ( 'NONE', #2386, #1045, #1357 ) ;
#2250 = CARTESIAN_POINT ( 'NONE',  ( -1.397206843045648128, 32.07372877043840731, 12.95474219417145534 ) ) ;
#2251 = VECTOR ( 'NONE', #3931, 1000.000000000000000 ) ;
#2252 = EDGE_LOOP ( 'NONE', ( #4056, #201, #1841, #2239 ) ) ;
#2253 = CARTESIAN_POINT ( 'NONE',  ( -7.151425681453518202, 16.22559180802911172, 6.266805353876086393 ) ) ;
#2254 = CARTESIAN_POINT ( 'NONE',  ( 7.130667982906714109, 32.37761028508183614, 16.35453776472185794 ) ) ;
#2255 = CARTESIAN_POINT ( 'NONE',  ( 11.28123292411454237, 23.30742751575606064, 5.383681609711436167 ) ) ;
#2256 = AXIS2_PLACEMENT_3D ( 'NONE', #2945, #4337, #55 ) ;
#2257 = CARTESIAN_POINT ( 'NONE',  ( 1.464200852010141496, 12.99809956881244410, 14.55267098745929921 ) ) ;
#2258 = CARTESIAN_POINT ( 'NONE',  ( 6.034825318961519081, 18.72356476639847500, -10.95415390582869364 ) ) ;
#2259 = CARTESIAN_POINT ( 'NONE',  ( 0.000000000000000000, 0.000000000000000000, 0.000000000000000000 ) ) ;
#2260 = CARTESIAN_POINT ( 'NONE',  ( -7.495283920034743197, 30.84980716563102732, 5.845710906864344025 ) ) ;
#2261 = CARTESIAN_POINT ( 'NONE',  ( 0.000000000000000000, -3.000000000000000000, 1.500000000000000000 ) ) ;
#2262 = CARTESIAN_POINT ( 'NONE',  ( 10.00665751332431519, 37.65685424949237614, 9.061832342911115390 ) ) ;
#2263 = ORIENTED_EDGE ( 'NONE', *, *, #3689, .F. ) ;
#2264 = DIRECTION ( 'NONE',  ( 0.000000000000000000, -0.000000000000000000, 1.000000000000000000 ) ) ;
#2265 = CARTESIAN_POINT ( 'NONE',  ( 0.000000000000000000, 2.590909090909091717, 0.000000000000000000 ) ) ;
#2266 = VERTEX_POINT ( 'NONE', #2854 ) ;
#2267 = EDGE_CURVE ( 'NONE', #34, #1401, #338, .T. ) ;
#2268 = CARTESIAN_POINT ( 'NONE',  ( 10.59107117880314775, 27.01970759506167141, 7.663669246450169226 ) ) ;
#2269 = AXIS2_PLACEMENT_3D ( 'NONE', #2276, #3214, #1217 ) ;
#2270 = CARTESIAN_POINT ( 'NONE',  ( 0.000000000000000000, 37.65685424949238325, 0.000000000000000000 ) ) ;
#2271 = CARTESIAN_POINT ( 'NONE',  ( -2.925013230268271869, 34.60711286742819226, 19.14273112029701807 ) ) ;
#2272 = CARTESIAN_POINT ( 'NONE',  ( 6.234690115426147372, 33.52849886979790739, 12.22097657888057576 ) ) ;
#2273 = CARTESIAN_POINT ( 'NONE',  ( -6.920199051738698870, 19.95398629784017785, -10.41506227419445096 ) ) ;
#2274 = ORIENTED_EDGE ( 'NONE', *, *, #267, .T. ) ;
#2275 = PLANE ( 'NONE',  #939 ) ;
#2276 = CARTESIAN_POINT ( 'NONE',  ( -9.868421052631578760, -3.000000000000000000, 22.96985559223170270 ) ) ;
#2277 = FACE_OUTER_BOUND ( 'NONE', #3734, .T. ) ;
#2278 = ORIENTED_EDGE ( 'NONE', *, *, #2103, .T. ) ;
#2279 = CARTESIAN_POINT ( 'NONE',  ( 6.377600748732821678, 28.85488716901792472, -7.051509077813267190 ) ) ;
#2280 = ORIENTED_EDGE ( 'NONE', *, *, #4020, .T. ) ;
#2281 = CARTESIAN_POINT ( 'NONE',  ( 10.99335563009744909, 24.41437847266090344, 6.669844809385187645 ) ) ;
#2282 = CARTESIAN_POINT ( 'NONE',  ( -0.2516291623005007527, 12.99995167380360783, 14.69679048283461853 ) ) ;
#2283 = CARTESIAN_POINT ( 'NONE',  ( 7.574328603997189546, 21.37345466068155986, -9.946945363510147686 ) ) ;
#2284 = CARTESIAN_POINT ( 'NONE',  ( -4.581168141394154070, 8.359125201850469367, 12.85303806877703892 ) ) ;
#2285 = CARTESIAN_POINT ( 'NONE',  ( 8.563051554242839813, 23.03225565715124290, 4.114185005715529364 ) ) ;
#2286 = CARTESIAN_POINT ( 'NONE',  ( -6.323268659961054361, 14.98931182805544360, 16.20636918292441919 ) ) ;
#2287 = CYLINDRICAL_SURFACE ( 'NONE', #4498, 24.00000000000000355 ) ;
#2288 = ORIENTED_EDGE ( 'NONE', *, *, #2677, .T. ) ;
#2289 = CARTESIAN_POINT ( 'NONE',  ( -10.95493800659991557, 25.04305305387489256, 6.771728014559968756 ) ) ;
#2290 = CIRCLE ( 'NONE', #3837, 4.499999999999998224 ) ;
#2291 = ORIENTED_EDGE ( 'NONE', *, *, #765, .F. ) ;
#2292 = LINE ( 'NONE', #4405, #1954 ) ;
#2293 = CARTESIAN_POINT ( 'NONE',  ( 6.380284849217791709, 28.83388141723760612, 12.25856341318789688 ) ) ;
#2294 = EDGE_CURVE ( 'NONE', #4477, #2903, #1147, .T. ) ;
#2295 = AXIS2_PLACEMENT_3D ( 'NONE', #2265, #585, #144 ) ;
#2296 = LINE ( 'NONE', #4071, #93 ) ;
#2297 = CARTESIAN_POINT ( 'NONE',  ( 11.05263157894736814, -13.00000000000000000, -25.72623826329950703 ) ) ;
#2298 = EDGE_CURVE ( 'NONE', #743, #2128, #685, .T. ) ;
#2299 = EDGE_CURVE ( 'NONE', #987, #3704, #3661, .T. ) ;
#2300 = CARTESIAN_POINT ( 'NONE',  ( -10.56177617055489826, 34.88791202227893962, 10.18925059013828438 ) ) ;
#2301 = EDGE_CURVE ( 'NONE', #493, #1577, #1674, .T. ) ;
#2302 = ORIENTED_EDGE ( 'NONE', *, *, #1081, .F. ) ;
#2303 = CARTESIAN_POINT ( 'NONE',  ( 10.98263079913980178, 24.64683393044542825, 6.007930493458950139 ) ) ;
#2304 = CARTESIAN_POINT ( 'NONE',  ( 0.8875525495590598224, 12.99134718545514211, 14.64734231823934785 ) ) ;
#2305 = CARTESIAN_POINT ( 'NONE',  ( -4.953335768932794814, 8.556330134228156581, 12.58238223357080976 ) ) ;
#2306 = CARTESIAN_POINT ( 'NONE',  ( -3.889520814600240683, 13.70751611915915724, 18.46082568408051117 ) ) ;
#2307 = FACE_OUTER_BOUND ( 'NONE', #4333, .T. ) ;
#2308 = LINE ( 'NONE', #3124, #1640 ) ;
#2309 = VERTEX_POINT ( 'NONE', #36 ) ;
#2310 = CARTESIAN_POINT ( 'NONE',  ( -10.08935788833612257, 28.41544865447673018, 8.696505292727394476 ) ) ;
#2311 = ORIENTED_EDGE ( 'NONE', *, *, #360, .F. ) ;
#2312 = DIRECTION ( 'NONE',  ( 0.000000000000000000, 0.000000000000000000, 1.000000000000000000 ) ) ;
#2313 = DIRECTION ( 'NONE',  ( -0.1357478292767246852, -0.1949529773529238563, -0.9713731844496674706 ) ) ;
#2314 = CARTESIAN_POINT ( 'NONE',  ( -3.368593106461641895, 16.73897694150423732, -12.04017192908599831 ) ) ;
#2315 = CARTESIAN_POINT ( 'NONE',  ( -11.48912529307605723, 32.00000000000000000, 10.40432602334240642 ) ) ;
#2316 = CIRCLE ( 'NONE', #768, 25.00000000000000355 ) ;
#2317 = CARTESIAN_POINT ( 'NONE',  ( -6.455631464170568101, 33.48694016488110492, 11.47038889330451816 ) ) ;
#2318 = EDGE_CURVE ( 'NONE', #1766, #2896, #3731, .T. ) ;
#2319 = ORIENTED_EDGE ( 'NONE', *, *, #1844, .T. ) ;
#2320 = CARTESIAN_POINT ( 'NONE',  ( 8.145562258915839848, 31.39802348984756364, 14.42563081333949526 ) ) ;
#2321 = DIRECTION ( 'NONE',  ( 0.000000000000000000, 1.000000000000000000, 0.000000000000000000 ) ) ;
#2322 = AXIS2_PLACEMENT_3D ( 'NONE', #97, #3318, #2552 ) ;
#2323 = CARTESIAN_POINT ( 'NONE',  ( 5.348276147201076469, 14.38502359817426424, 17.30382216261785899 ) ) ;
#2324 = EDGE_CURVE ( 'NONE', #3458, #3971, #3438, .T. ) ;
#2325 = CARTESIAN_POINT ( 'NONE',  ( -5.131518841474804304, 8.658122984672306899, 12.44051718637609660 ) ) ;
#2326 = CARTESIAN_POINT ( 'NONE',  ( 7.806562141059733229, 18.14354103841845856, 5.424645224763680496 ) ) ;
#2327 = CARTESIAN_POINT ( 'NONE',  ( -0.6064609547777565224, 13.01276491245906186, 19.57604677945425209 ) ) ;
#2328 = DIRECTION ( 'NONE',  ( 0.000000000000000000, 1.000000000000000000, -0.000000000000000000 ) ) ;
#2329 = DIRECTION ( 'NONE',  ( 0.000000000000000000, 0.000000000000000000, 1.000000000000000000 ) ) ;
#2330 = CARTESIAN_POINT ( 'NONE',  ( -11.28134668986869116, 23.30806784604602910, 5.383442935098482707 ) ) ;
#2331 = CARTESIAN_POINT ( 'NONE',  ( -2.193059188014107264, 16.30160705120870190, -9.247327336818546684 ) ) ;
#2332 = ORIENTED_EDGE ( 'NONE', *, *, #1001, .F. ) ;
#2333 = CARTESIAN_POINT ( 'NONE',  ( -38.00000000000000000, -3.000000000000000888, 0.000000000000000000 ) ) ;
#2334 = DIRECTION ( 'NONE',  ( -0.000000000000000000, -1.000000000000000000, 0.000000000000000000 ) ) ;
#2335 = CARTESIAN_POINT ( 'NONE',  ( 2.209349411380872930, 31.70263720918710248, 19.12941223746580732 ) ) ;
#2336 = CARTESIAN_POINT ( 'NONE',  ( 1.984656867229855681, 34.82870091795708589, 16.39231440147143815 ) ) ;
#2337 = AXIS2_PLACEMENT_3D ( 'NONE', #3185, #1433, #3892 ) ;
#2338 = CIRCLE ( 'NONE', #4110, 25.00000000000000355 ) ;
#2339 = CARTESIAN_POINT ( 'NONE',  ( -7.168840601160546555, 20.41143715439515205, -10.24306026048628482 ) ) ;
#2340 = FACE_OUTER_BOUND ( 'NONE', #3631, .T. ) ;
#2341 = DIRECTION ( 'NONE',  ( 0.000000000000000000, 1.000000000000000000, -0.000000000000000000 ) ) ;
#2342 =( GEOMETRIC_REPRESENTATION_CONTEXT ( 3 ) GLOBAL_UNCERTAINTY_ASSIGNED_CONTEXT ( ( #3225 ) ) GLOBAL_UNIT_ASSIGNED_CONTEXT ( ( #4054, #130, #1934 ) ) REPRESENTATION_CONTEXT ( 'NONE', 'WORKASPACE' ) );
#2343 = APPROVAL_ROLE ( '' ) ;
#2344 = CARTESIAN_POINT ( 'NONE',  ( -2.532912110878133838, 37.65685424949238325, 13.26644583742387873 ) ) ;
#2345 = ORIENTED_EDGE ( 'NONE', *, *, #4073, .F. ) ;
#2346 = ADVANCED_FACE ( 'NONE', ( #12, #1072, #2093, #3502 ), #1795, .F. ) ;
#2347 = CYLINDRICAL_SURFACE ( 'NONE', #1754, 7.499999999999998224 ) ;
#2348 = EDGE_CURVE ( 'NONE', #1682, #2979, #4092, .T. ) ;
#2349 = FACE_OUTER_BOUND ( 'NONE', #4083, .T. ) ;
#2350 = CARTESIAN_POINT ( 'NONE',  ( -6.911111406032583560, 9.975780890961827296, 10.42987166212320993 ) ) ;
#2351 = CARTESIAN_POINT ( 'NONE',  ( -6.850642668173760441, 19.85002497022531642, 9.839282565120651469 ) ) ;
#2352 = CARTESIAN_POINT ( 'NONE',  ( 8.120972051733287955, 37.65685424951698934, 10.78585358024035301 ) ) ;
#2353 = CARTESIAN_POINT ( 'NONE',  ( -9.318204505162652751, 29.86774761671006573, 9.995298026688558934 ) ) ;
#2354 = ORIENTED_EDGE ( 'NONE', *, *, #3819, .F. ) ;
#2355 = ADVANCED_FACE ( 'NONE', ( #1771 ), #1745, .F. ) ;
#2356 = ORIENTED_EDGE ( 'NONE', *, *, #1380, .F. ) ;
#2357 = CARTESIAN_POINT ( 'NONE',  ( 7.890701357235701430, 25.34457641992933574, -9.694923858760134294 ) ) ;
#2358 = CARTESIAN_POINT ( 'NONE',  ( -11.48912529307606256, 31.99999999999999289, 10.40432602334236201 ) ) ;
#2359 = PRODUCT_DEFINITION_SHAPE ( 'NONE', 'NONE',  #1642 ) ;
#2360 = CARTESIAN_POINT ( 'NONE',  ( 3.584190305264854715, 37.50674665115212036, 16.11110633168515349 ) ) ;
#2361 = CARTESIAN_POINT ( 'NONE',  ( 9.332945420850018436, 13.01861815761503394, 10.28762220992561538 ) ) ;
#2362 = CARTESIAN_POINT ( 'NONE',  ( -6.631021233131471959, 19.50873669972989433, 10.29162241494358554 ) ) ;
#2363 = DIRECTION ( 'NONE',  ( 1.000000000000000000, 0.000000000000000000, 0.000000000000000000 ) ) ;
#2364 = VECTOR ( 'NONE', #2791, 1000.000000000000000 ) ;
#2365 = CIRCLE ( 'NONE', #386, 7.499999999999998224 ) ;
#2366 = EDGE_LOOP ( 'NONE', ( #2477, #3339, #1334 ) ) ;
#2367 = AXIS2_PLACEMENT_3D ( 'NONE', #3535, #4539, #1415 ) ;
#2368 = ORIENTED_EDGE ( 'NONE', *, *, #3992, .F. ) ;
#2369 = AXIS2_PLACEMENT_3D ( 'NONE', #4472, #654, #2066 ) ;
#2370 = CARTESIAN_POINT ( 'NONE',  ( -7.919144352358999051, 29.43874548809515446, 5.258073001690975801 ) ) ;
#2371 = DIRECTION ( 'NONE',  ( 0.000000000000000000, 0.000000000000000000, 1.000000000000000000 ) ) ;
#2372 = CARTESIAN_POINT ( 'NONE',  ( 0.000000000000000000, 15.61249499599599488, 0.000000000000000000 ) ) ;
#2373 = CARTESIAN_POINT ( 'NONE',  ( -3.782557836984303812, 7.991113008680838625, 13.34494901866755967 ) ) ;
#2374 = EDGE_CURVE ( 'NONE', #743, #3980, #339, .T. ) ;
#2375 = CARTESIAN_POINT ( 'NONE',  ( -7.122843677542554097, 16.16326874215668852, 6.296733563820066770 ) ) ;
#2376 = CARTESIAN_POINT ( 'NONE',  ( 5.749164042323618773, 29.56415945919149024, 14.98348488630761288 ) ) ;
#2377 = CARTESIAN_POINT ( 'NONE',  ( 0.000000000000000000, 58.00000000000000000, 0.000000000000000000 ) ) ;
#2378 = CARTESIAN_POINT ( 'NONE',  ( -10.90506618189113119, 22.52493903096467776, 6.901272904039552181 ) ) ;
#2379 = ORIENTED_EDGE ( 'NONE', *, *, #1462, .T. ) ;
#2380 = DIRECTION ( 'NONE',  ( -0.000000000000000000, -1.000000000000000000, -0.000000000000000000 ) ) ;
#2381 = CARTESIAN_POINT ( 'NONE',  ( 0.000000000000000000, 2.590909090909091717, 0.000000000000000000 ) ) ;
#2382 = CARTESIAN_POINT ( 'NONE',  ( -41.94736842105264429, -13.00000000000000000, -9.187942236892675751 ) ) ;
#2383 = CARTESIAN_POINT ( 'NONE',  ( -9.868421052631582313, -13.00000000000000000, -22.96985559223169915 ) ) ;
#2384 = ADVANCED_FACE ( 'NONE', ( #4275 ), #3613, .F. ) ;
#2385 = CARTESIAN_POINT ( 'NONE',  ( 1.754077790078078847, 37.85536251661321927, 16.41231918381702570 ) ) ;
#2386 = CARTESIAN_POINT ( 'NONE',  ( -9.868421052631580537, -3.000000000000000888, -22.96985559223169915 ) ) ;
#2387 = ORIENTED_EDGE ( 'NONE', *, *, #3523, .F. ) ;
#2388 = EDGE_LOOP ( 'NONE', ( #651, #4393, #708, #3473 ) ) ;
#2389 = CIRCLE ( 'NONE', #4446, 24.00000000000000355 ) ;
#2390 = VERTEX_POINT ( 'NONE', #2898 ) ;
#2391 = CARTESIAN_POINT ( 'NONE',  ( -9.420507732711989490, 18.29504377601126208, 9.838024214756911690 ) ) ;
#2392 = CARTESIAN_POINT ( 'NONE',  ( -38.00000000000000000, -13.00000000000000000, 0.000000000000000000 ) ) ;
#2393 = CARTESIAN_POINT ( 'NONE',  ( 10.42119838553572286, 18.56675639732654304, 6.912690898132129114 ) ) ;
#2394 = CARTESIAN_POINT ( 'NONE',  ( 5.436377346393642895, 9.924564603002455243, 15.26555775960634342 ) ) ;
#2395 = CARTESIAN_POINT ( 'NONE',  ( 6.909265044301656111, 9.974068002432039393, 10.43274320243302000 ) ) ;
#2396 = CARTESIAN_POINT ( 'NONE',  ( 6.298619342774023799, 37.65685424946033777, 11.94193155305509002 ) ) ;
#2397 = CARTESIAN_POINT ( 'NONE',  ( -10.88831089328342472, 25.59204921991359782, 6.944824578544707805 ) ) ;
#2398 = EDGE_LOOP ( 'NONE', ( #3271, #3947, #3801, #4532, #3890, #964 ) ) ;
#2399 = CARTESIAN_POINT ( 'NONE',  ( -11.26423878861270111, 22.97601455893209277, 5.419575846876348635 ) ) ;
#2400 = ORIENTED_EDGE ( 'NONE', *, *, #765, .T. ) ;
#2401 = CARTESIAN_POINT ( 'NONE',  ( 10.92081172927097832, 22.64056504044914320, 6.860764466447722754 ) ) ;
#2402 = CARTESIAN_POINT ( 'NONE',  ( -1.936053306851211575, 35.07310511963854793, 8.649421162895945869 ) ) ;
#2403 = ORIENTED_EDGE ( 'NONE', *, *, #1335, .F. ) ;
#2404 = ADVANCED_FACE ( 'NONE', ( #3950 ), #430, .F. ) ;
#2405 = EDGE_CURVE ( 'NONE', #1288, #987, #1975, .T. ) ;
#2406 = CYLINDRICAL_SURFACE ( 'NONE', #2072, 21.00000000000000000 ) ;
#2407 = AXIS2_PLACEMENT_3D ( 'NONE', #2358, #2313, #4360 ) ;
#2408 = CARTESIAN_POINT ( 'NONE',  ( 5.883248599073430896, 10.16129259100569548, 14.94067591770425274 ) ) ;
#2409 = CARTESIAN_POINT ( 'NONE',  ( 0.000000000000000000, -3.000000000000000888, 0.000000000000000000 ) ) ;
#2410 = ORIENTED_EDGE ( 'NONE', *, *, #855, .T. ) ;
#2411 = EDGE_CURVE ( 'NONE', #117, #1863, #499, .T. ) ;
#2412 = AXIS2_PLACEMENT_3D ( 'NONE', #3459, #3531, #367 ) ;
#2413 = EDGE_CURVE ( 'NONE', #572, #3152, #1472, .T. ) ;
#2414 = ORIENTED_EDGE ( 'NONE', *, *, #187, .T. ) ;
#2415 = CC_DESIGN_APPROVAL ( #2492, ( #650 ) ) ;
#2416 = DIRECTION ( 'NONE',  ( 0.000000000000000000, 0.6095514542075671782, -0.7927465071972502608 ) ) ;
#2417 = CARTESIAN_POINT ( 'NONE',  ( 5.419025693222454088, 17.88898270113810796, 8.080800996597194086 ) ) ;
#2418 = CARTESIAN_POINT ( 'NONE',  ( -5.313266252460818961, 30.00221194506919886, -11.32167870432039081 ) ) ;
#2419 = B_SPLINE_CURVE_WITH_KNOTS ( 'NONE', 3,
 ( #1948, #500, #1972, #1260, #3317, #173, #2268, #3361, #1589, #146, #3385, #217 ),
 .UNSPECIFIED., .F., .F.,
 ( 4, 2, 2, 2, 2, 4 ),
 ( 0.008252286178661024513, 0.009224845209832176554, 0.01019740424100332860, 0.01214252230334563094, 0.01408764036568793329, 0.01603275842803023737 ),
 .UNSPECIFIED. ) ;
#2420 = B_SPLINE_CURVE_WITH_KNOTS ( 'NONE', 3,
 ( #648, #2353, #581, #1320, #2707, #3758, #1278, #3029, #983, #2397, #4442, #2726, #3800, #2059 ),
 .UNSPECIFIED., .F., .F.,
 ( 4, 2, 2, 2, 2, 2, 4 ),
 ( 0.000000000000000000, 0.001945191436208872819, 0.003890382872417745639, 0.004862978590522181940, 0.005835574308626618675, 0.006808170026731054543, 0.007780765744835491278 ),
 .UNSPECIFIED. ) ;
#2421 = CARTESIAN_POINT ( 'NONE',  ( 8.898527474942465432, 12.50569256685422914, 11.26166704189312462 ) ) ;
#2422 = CARTESIAN_POINT ( 'NONE',  ( 0.9738305232799264743, 16.05714710551997015, 19.47314408145727427 ) ) ;
#2423 = CARTESIAN_POINT ( 'NONE',  ( 4.255262655524374438, 37.65685424946368443, 12.81324560124118328 ) ) ;
#2424 = CARTESIAN_POINT ( 'NONE',  ( 0.000000000000000000, 37.65685424949238325, 0.000000000000000000 ) ) ;
#2425 = ORIENTED_EDGE ( 'NONE', *, *, #1053, .T. ) ;
#2426 = CARTESIAN_POINT ( 'NONE',  ( 8.470528313342439830, 21.73208572812816186, 4.302238283858355494 ) ) ;
#2427 = DIRECTION ( 'NONE',  ( 0.000000000000000000, 1.000000000000000000, -0.000000000000000000 ) ) ;
#2428 = CARTESIAN_POINT ( 'NONE',  ( -11.16003660481754522, 21.84665435453243276, 5.631833035342004301 ) ) ;
#2429 = DIRECTION ( 'NONE',  ( 0.000000000000000000, 0.000000000000000000, 1.000000000000000000 ) ) ;
#2430 = CARTESIAN_POINT ( 'NONE',  ( -7.417771205646245924, 27.02027762342932249, 8.480598053581921647 ) ) ;
#2431 = CARTESIAN_POINT ( 'NONE',  ( 41.94736842105262298, -13.00000000000000000, -9.187942236892688186 ) ) ;
#2432 = CARTESIAN_POINT ( 'NONE',  ( -7.063734285776384070, 37.65685424946482840, 11.51023971987121897 ) ) ;
#2433 = EDGE_LOOP ( 'NONE', ( #2634, #1440, #3248 ) ) ;
#2434 = B_SPLINE_CURVE_WITH_KNOTS ( 'NONE', 3,
 ( #834, #475, #2271, #769, #2199, #809, #502, #3685, #3953, #3615, #524, #3245, #2900, #449, #1905, #1591, #1860, #148, #2223, #4025, #1142, #1515, #1882, #2535 ),
 .UNSPECIFIED., .F., .F.,
 ( 4, 2, 2, 2, 2, 2, 2, 2, 2, 2, 2, 4 ),
 ( 0.01767593279133413547, 0.01847397308850671355, 0.01927201338567929162, 0.02086809398002444776, 0.02166613427719702584, 0.02246417457436960391, 0.02406025516871476005, 0.02485829546588734160, 0.02565633576305992661, 0.02725241635740508622, 0.02884849695175024584, 0.03044457754609540545 ),
 .UNSPECIFIED. ) ;
#2435 = CARTESIAN_POINT ( 'NONE',  ( 1.248040767407797791, 7.346526363526843184, 14.16097288709969249 ) ) ;
#2436 = CARTESIAN_POINT ( 'NONE',  ( 0.8827791479298349175, 37.97068220511845027, 16.48216341567798793 ) ) ;
#2437 = CARTESIAN_POINT ( 'NONE',  ( 3.428537814871241096, 34.46412204201806873, 19.01037114801929206 ) ) ;
#2438 = DIRECTION ( 'NONE',  ( -0.5075110394882723641, -0.6782558255967772176, 0.5314146966744214273 ) ) ;
#2439 = EDGE_LOOP ( 'NONE', ( #2311, #1663, #1121, #1159 ) ) ;
#2440 = EDGE_CURVE ( 'NONE', #390, #1901, #3781, .T. ) ;
#2441 = CARTESIAN_POINT ( 'NONE',  ( 8.152262084135125875, 11.35454181526981365, 7.785563761017055384 ) ) ;
#2442 = FACE_OUTER_BOUND ( 'NONE', #3113, .T. ) ;
#2443 = CARTESIAN_POINT ( 'NONE',  ( -8.000000000000001776, 24.27879306969493456, -5.123475382979802539 ) ) ;
#2444 = AXIS2_PLACEMENT_3D ( 'NONE', #2377, #3720, #2329 ) ;
#2445 = CARTESIAN_POINT ( 'NONE',  ( -0.3760937787425707723, 15.92954442848866847, 9.846184311068512329 ) ) ;
#2446 = CARTESIAN_POINT ( 'NONE',  ( 6.026809329351602962, 29.26172987765572842, 14.00460496738775973 ) ) ;
#2447 = ADVANCED_FACE ( 'NONE', ( #3591 ), #2971, .F. ) ;
#2448 = B_SPLINE_CURVE_WITH_KNOTS ( 'NONE', 3,
 ( #2630, #1865, #4030, #1596, #2656, #530, #1247, #3957, #4007, #839, #3618, #3711, #103, #1909, #2582, #2925, #4391, #2949 ),
 .UNSPECIFIED., .F., .F.,
 ( 4, 2, 2, 2, 2, 2, 2, 2, 4 ),
 ( 5.485677294651095664E-18, 0.001429892874291776661, 0.002859785748583548119, 0.004289678622875318925, 0.005719571497167090166, 0.007149464371458861406, 0.008579357245750632646, 0.01000925012004240389, 0.01143914299433417513 ),
 .UNSPECIFIED. ) ;
#2449 = FACE_OUTER_BOUND ( 'NONE', #1790, .T. ) ;
#2450 = VERTEX_POINT ( 'NONE', #196 ) ;
#2451 = DIRECTION ( 'NONE',  ( 0.000000000000000000, 0.000000000000000000, 1.000000000000000000 ) ) ;
#2452 = CARTESIAN_POINT ( 'NONE',  ( 11.05263157894736636, -13.00000000000000000, -25.72623826329950703 ) ) ;
#2453 = CARTESIAN_POINT ( 'NONE',  ( -8.000000000000000000, 24.00000000000002132, 6.652067347825039612 ) ) ;
#2454 = DIRECTION ( 'NONE',  ( 0.000000000000000000, 0.9132672398347350118, 0.4073609562103915338 ) ) ;
#2455 = CARTESIAN_POINT ( 'NONE',  ( -10.00665751332433118, 37.65685424949238325, 9.061832342911106508 ) ) ;
#2456 = ORIENTED_EDGE ( 'NONE', *, *, #4235, .T. ) ;
#2457 = CARTESIAN_POINT ( 'NONE',  ( -2.132749555551968434, 37.65685424949238325, 13.33046808380309223 ) ) ;
#2458 = CIRCLE ( 'NONE', #1864, 8.000000000000000000 ) ;
#2459 = DIRECTION ( 'NONE',  ( 0.000000000000000000, 0.000000000000000000, 1.000000000000000000 ) ) ;
#2460 = CARTESIAN_POINT ( 'NONE',  ( -8.000000000000035527, 23.99999999999964473, -9.604686356149475301 ) ) ;
#2461 = LINE ( 'NONE', #3550, #3366 ) ;
#2462 = CARTESIAN_POINT ( 'NONE',  ( 9.868421052631580537, -13.00000000000000000, 22.96985559223170625 ) ) ;
#2463 = ORIENTED_EDGE ( 'NONE', *, *, #1055, .F. ) ;
#2464 = CARTESIAN_POINT ( 'NONE',  ( 2.420501479688585533, 34.73038548174414331, 19.25512056549847983 ) ) ;
#2465 = CARTESIAN_POINT ( 'NONE',  ( -8.205421533644569720, 11.84482815523597488, 12.38783760269179623 ) ) ;
#2466 = CARTESIAN_POINT ( 'NONE',  ( -4.368125038774707924, 30.70707172908894123, -8.439591702727136990 ) ) ;
#2467 = CARTESIAN_POINT ( 'NONE',  ( 0.000000000000000000, 24.00000000000000355, -28.00200000000001310 ) ) ;
#2468 = EDGE_CURVE ( 'NONE', #2515, #616, #1590, .T. ) ;
#2469 = CARTESIAN_POINT ( 'NONE',  ( 1.965615399950392694, 7.461307884639287735, 14.01886525880245848 ) ) ;
#2470 = AXIS2_PLACEMENT_3D ( 'NONE', #1419, #1805, #1717 ) ;
#2471 = PLANE ( 'NONE',  #3623 ) ;
#2472 = AXIS2_PLACEMENT_3D ( 'NONE', #1238, #1925, #521 ) ;
#2473 = AXIS2_PLACEMENT_3D ( 'NONE', #2259, #3605, #513 ) ;
#2474 = CARTESIAN_POINT ( 'NONE',  ( -5.035057933081827031, 13.87191627380649095, 12.52225830179662047 ) ) ;
#2475 = CARTESIAN_POINT ( 'NONE',  ( 0.000000000000000000, -13.00000000000000000, 0.000000000000000000 ) ) ;
#2476 = ADVANCED_FACE ( 'NONE', ( #3058 ), #1261, .F. ) ;
#2477 = ORIENTED_EDGE ( 'NONE', *, *, #2301, .F. ) ;
#2478 = CARTESIAN_POINT ( 'NONE',  ( -2.621289011767711230, 31.56157219331903718, 18.94225055640078281 ) ) ;
#2479 = DIRECTION ( 'NONE',  ( 0.000000000000000000, 0.000000000000000000, 1.000000000000000000 ) ) ;
#2480 = CARTESIAN_POINT ( 'NONE',  ( -6.565214453186323240, 28.57142857142856940, 10.40432602334236201 ) ) ;
#2481 = ORIENTED_EDGE ( 'NONE', *, *, #1263, .F. ) ;
#2482 = AXIS2_PLACEMENT_3D ( 'NONE', #2297, #4431, #2675 ) ;
#2483 = LINE ( 'NONE', #52, #4016 ) ;
#2484 = B_SPLINE_CURVE_WITH_KNOTS ( 'NONE', 3,
 ( #3260, #2617, #3333, #168, #443, #2573, #4332, #1231, #1945, #3945 ),
 .UNSPECIFIED., .F., .F.,
 ( 4, 2, 2, 2, 4 ),
 ( 0.000000000000000000, 0.0008974149994228548290, 0.001794829998845710092, 0.002692244998268565354, 0.003589659997691421051 ),
 .UNSPECIFIED. ) ;
#2485 = AXIS2_PLACEMENT_3D ( 'NONE', #1785, #3193, #2776 ) ;
#2486 = ORIENTED_EDGE ( 'NONE', *, *, #1308, .T. ) ;
#2487 = CARTESIAN_POINT ( 'NONE',  ( 7.074331209994272562, 10.91243485601233054, 13.86458650118547986 ) ) ;
#2488 = DIRECTION ( 'NONE',  ( 0.6906548497676422427, -0.000000000000000000, 0.7231845397216642990 ) ) ;
#2489 = ORIENTED_EDGE ( 'NONE', *, *, #2781, .F. ) ;
#2490 = CIRCLE ( 'NONE', #2783, 13.50000000000000178 ) ;
#2491 = VERTEX_POINT ( 'NONE', #2625 ) ;
#2492 = APPROVAL ( #1617, 'UNSPECIFIED' ) ;
#2493 = CARTESIAN_POINT ( 'NONE',  ( 6.870253127355812062, 15.61249499599599488, 6.561221072792601028 ) ) ;
#2494 = CARTESIAN_POINT ( 'NONE',  ( -7.883781190483102996, 25.38499889168488366, -5.301466203430491575 ) ) ;
#2495 = CARTESIAN_POINT ( 'NONE',  ( -0.6751185250855058495, 15.12433796540850039, 10.31962598116876961 ) ) ;
#2496 = AXIS2_PLACEMENT_3D ( 'NONE', #2198, #3614, #2416 ) ;
#2497 = CARTESIAN_POINT ( 'NONE',  ( 41.94736842105264429, -13.00000000000000000, 9.187942236892677528 ) ) ;
#2498 = CARTESIAN_POINT ( 'NONE',  ( 6.789416686138582513, 28.24944262825657759, 9.971063627540567964 ) ) ;
#2499 = CARTESIAN_POINT ( 'NONE',  ( -10.41604684933393976, 18.58697225607734893, 6.913549059330313717 ) ) ;
#2500 = DIRECTION ( 'NONE',  ( -0.6906548497676421317, 0.000000000000000000, 0.7231845397216646321 ) ) ;
#2501 = DIRECTION ( 'NONE',  ( 0.000000000000000000, 0.000000000000000000, 1.000000000000000000 ) ) ;
#2502 = ORIENTED_EDGE ( 'NONE', *, *, #1936, .F. ) ;
#2503 = EDGE_CURVE ( 'NONE', #2004, #681, #4383, .T. ) ;
#2504 = CARTESIAN_POINT ( 'NONE',  ( 9.039806746520808289, 15.61249499599599488, 8.633185622095526313 ) ) ;
#2505 = LINE ( 'NONE', #376, #3952 ) ;
#2506 = CARTESIAN_POINT ( 'NONE',  ( 30.65153077165046724, -13.00000000000000000, -1.500000000000000000 ) ) ;
#2507 = ORIENTED_EDGE ( 'NONE', *, *, #3157, .T. ) ;
#2508 = EDGE_CURVE ( 'NONE', #1108, #766, #2490, .T. ) ;
#2509 = CARTESIAN_POINT ( 'NONE',  ( -5.077594379898696886, 37.65685424948608073, 12.53196068071512670 ) ) ;
#2510 = CARTESIAN_POINT ( 'NONE',  ( 7.494092390114003521, 10.53181634939431888, 9.482166306310753967 ) ) ;
#2511 = VERTEX_POINT ( 'NONE', #2992 ) ;
#2512 = EDGE_CURVE ( 'NONE', #3818, #4477, #3342, .T. ) ;
#2513 = CARTESIAN_POINT ( 'NONE',  ( 1.984656867229812383, 34.82870091795708589, 16.39231440147124985 ) ) ;
#2514 = CARTESIAN_POINT ( 'NONE',  ( -4.076987679257472408, 17.10858325449284933, 17.05948043980272644 ) ) ;
#2515 = VERTEX_POINT ( 'NONE', #1999 ) ;
#2516 = ORIENTED_EDGE ( 'NONE', *, *, #1567, .T. ) ;
#2517 = CARTESIAN_POINT ( 'NONE',  ( -4.147131742682022448, 30.84615156613200782, -8.550674251394898562 ) ) ;
#2518 = AXIS2_PLACEMENT_3D ( 'NONE', #3059, #3132, #3524 ) ;
#2519 = CARTESIAN_POINT ( 'NONE',  ( -4.245389252752214126, 34.23469777713111739, 15.23641858709011920 ) ) ;
#2520 = CARTESIAN_POINT ( 'NONE',  ( 10.74789140320008762, 34.82842712474608504, 9.733079183126676526 ) ) ;
#2521 = CARTESIAN_POINT ( 'NONE',  ( -8.060885038353017507, 11.71317717425590210, 12.60602701056852659 ) ) ;
#2522 = CARTESIAN_POINT ( 'NONE',  ( -9.804117128485401622, 19.00481369208267068, 9.199047990264565655 ) ) ;
#2523 = DIRECTION ( 'NONE',  ( 0.9187942236892679970, 0.000000000000000000, -0.3947368421052631637 ) ) ;
#2524 = CIRCLE ( 'NONE', #1568, 25.00000000000000355 ) ;
#2525 = AXIS2_PLACEMENT_3D ( 'NONE', #3051, #4441, #4148 ) ;
#2526 = ORIENTED_EDGE ( 'NONE', *, *, #2700, .T. ) ;
#2527 = AXIS2_PLACEMENT_3D ( 'NONE', #623, #4149, #1648 ) ;
#2528 = CARTESIAN_POINT ( 'NONE',  ( 0.000000000000000000, 0.000000000000000000, 0.000000000000000000 ) ) ;
#2529 = CARTESIAN_POINT ( 'NONE',  ( 10.74872774177799606, 19.70093068773965328, 6.383451038162326618 ) ) ;
#2530 = EDGE_LOOP ( 'NONE', ( #2230, #444, #4202, #2731 ) ) ;
#2531 = EDGE_LOOP ( 'NONE', ( #2345, #2206, #2387, #2017, #446, #1703 ) ) ;
#2532 = FACE_OUTER_BOUND ( 'NONE', #2252, .T. ) ;
#2533 = CARTESIAN_POINT ( 'NONE',  ( 1.002714277798163467, 16.05913168278264891, 19.46883450004421690 ) ) ;
#2534 = VERTEX_POINT ( 'NONE', #2671 ) ;
#2535 = CARTESIAN_POINT ( 'NONE',  ( -9.027169873131189348, 30.28571428571428825, 10.40432602334240642 ) ) ;
#2536 = ORIENTED_EDGE ( 'NONE', *, *, #3599, .T. ) ;
#2537 = DIRECTION ( 'NONE',  ( 1.000000000000000000, 0.000000000000000000, -0.000000000000000000 ) ) ;
#2538 = DIRECTION ( 'NONE',  ( 0.000000000000000000, 1.000000000000000000, -0.000000000000000000 ) ) ;
#2539 = DIRECTION ( 'NONE',  ( 1.000000000000000000, 0.000000000000000000, -0.000000000000000000 ) ) ;
#2540 = CARTESIAN_POINT ( 'NONE',  ( 7.901620271920444694, 25.33089877320918504, 5.456239104030760956 ) ) ;
#2541 = CARTESIAN_POINT ( 'NONE',  ( 7.996167481358559037, 23.71630053926790538, 6.666230194621403093 ) ) ;
#2542 = DIRECTION ( 'NONE',  ( -0.000000000000000000, -0.000000000000000000, 1.000000000000000000 ) ) ;
#2543 = DIRECTION ( 'NONE',  ( -1.000000000000000000, 0.000000000000000000, 0.000000000000000000 ) ) ;
#2544 = DIRECTION ( 'NONE',  ( 0.000000000000000000, 0.000000000000000000, 1.000000000000000000 ) ) ;
#2545 = CARTESIAN_POINT ( 'NONE',  ( -4.620086071692768748, 30.53311842199830295, 17.27941685646640479 ) ) ;
#2546 = AXIS2_PLACEMENT_3D ( 'NONE', #3969, #803, #2213 ) ;
#2547 = CARTESIAN_POINT ( 'NONE',  ( 41.94736842105263719, -3.000000000000000888, 9.187942236892677528 ) ) ;
#2548 = ORIENTED_EDGE ( 'NONE', *, *, #795, .T. ) ;
#2549 = CARTESIAN_POINT ( 'NONE',  ( 0.000000000000000000, 32.00000000000000000, 0.000000000000000000 ) ) ;
#2550 = VERTEX_POINT ( 'NONE', #174 ) ;
#2551 = CARTESIAN_POINT ( 'NONE',  ( 11.48912529307605723, 32.00000000000000000, 10.40432602334240642 ) ) ;
#2552 = DIRECTION ( 'NONE',  ( 0.000000000000000000, 0.000000000000000000, 1.000000000000000000 ) ) ;
#2553 = DIRECTION ( 'NONE',  ( 0.5991075002860006826, 0.8006685975489855611, 0.000000000000000000 ) ) ;
#2554 = CIRCLE ( 'NONE', #1520, 3.000000000000000000 ) ;
#2555 = DIRECTION ( 'NONE',  ( 0.3947368421052631637, -0.000000000000000000, 0.9187942236892679970 ) ) ;
#2556 = CARTESIAN_POINT ( 'NONE',  ( 5.397359730361652730, 33.59500309581856214, 18.07574753074719354 ) ) ;
#2557 = ORIENTED_EDGE ( 'NONE', *, *, #1510, .T. ) ;
#2558 = EDGE_CURVE ( 'NONE', #1600, #1685, #4097, .T. ) ;
#2559 = ADVANCED_FACE ( 'NONE', ( #4385 ), #4068, .F. ) ;
#2560 = CARTESIAN_POINT ( 'NONE',  ( -2.349858969674504472, 34.76578383251550974, 16.29062337739674149 ) ) ;
#2561 = CIRCLE ( 'NONE', #2407, 5.999999999999999112 ) ;
#2562 = VERTEX_POINT ( 'NONE', #1239 ) ;
#2563 = CARTESIAN_POINT ( 'NONE',  ( 4.992452327698516434, 30.27177087753834783, -8.096478250454081760 ) ) ;
#2564 = CARTESIAN_POINT ( 'NONE',  ( 6.015279468655710282, 33.21895571153930149, 17.60787415450027638 ) ) ;
#2565 = CARTESIAN_POINT ( 'NONE',  ( 9.273010523827341700, 29.98745363085795645, 8.449234430383345540 ) ) ;
#2566 = CARTESIAN_POINT ( 'NONE',  ( -6.770954905553083769, 14.90662168647965835, 10.21679922120477713 ) ) ;
#2567 = CARTESIAN_POINT ( 'NONE',  ( 7.193942389708844587, 20.48029957720661187, 9.056774998814358213 ) ) ;
#2568 = CIRCLE ( 'NONE', #3309, 25.00000000000000355 ) ;
#2569 = PLANE ( 'NONE',  #4231 ) ;
#2570 = CIRCLE ( 'NONE', #3188, 19.00000000000000000 ) ;
#2571 = CARTESIAN_POINT ( 'NONE',  ( -7.978818459093688809, 23.37599887145861288, 6.730199983238999373 ) ) ;
#2572 = DIRECTION ( 'NONE',  ( 0.000000000000000000, 1.000000000000000000, 0.000000000000000000 ) ) ;
#2573 = CARTESIAN_POINT ( 'NONE',  ( -0.3006001376482734799, 31.99991106477802916, 19.49988826087733784 ) ) ;
#2574 = EDGE_LOOP ( 'NONE', ( #1235, #508, #3504, #1454 ) ) ;
#2575 = AXIS2_PLACEMENT_3D ( 'NONE', #730, #1545, #2904 ) ;
#2576 = EDGE_LOOP ( 'NONE', ( #3412, #3223, #4514, #1793, #4022 ) ) ;
#2577 = CARTESIAN_POINT ( 'NONE',  ( 0.3988887264855127679, 35.00031842967784002, 19.50029096588271571 ) ) ;
#2578 = DIRECTION ( 'NONE',  ( -0.3947368421052631082, 0.000000000000000000, -0.9187942236892679970 ) ) ;
#2579 = APPLICATION_CONTEXT ( 'configuration controlled 3d designs of mechanical parts and assemblies' ) ;
#2580 = DIRECTION ( 'NONE',  ( -1.000000000000000000, 0.000000000000000000, 0.000000000000000000 ) ) ;
#2581 = ORIENTED_EDGE ( 'NONE', *, *, #4341, .T. ) ;
#2582 = CARTESIAN_POINT ( 'NONE',  ( -4.432944748732939644, 37.32669517355555655, 15.88290989449744472 ) ) ;
#2583 = DIRECTION ( 'NONE',  ( 0.5075110394882723641, -0.6782558255967773286, 0.5314146966744214273 ) ) ;
#2584 = EDGE_LOOP ( 'NONE', ( #975, #2173, #3350, #3701, #4562, #3288 ) ) ;
#2585 = CARTESIAN_POINT ( 'NONE',  ( -23.95307913400697331, -3.000000000000002665, 1.500000000000000000 ) ) ;
#2586 = CARTESIAN_POINT ( 'NONE',  ( 9.265423623448436174, 32.00000000000000000, 8.390585502695488529 ) ) ;
#2587 = CARTESIAN_POINT ( 'NONE',  ( -2.134053470319171364, 13.20577683773119304, 19.27270679637123152 ) ) ;
#2588 = EDGE_CURVE ( 'NONE', #1682, #1600, #783, .T. ) ;
#2589 = CARTESIAN_POINT ( 'NONE',  ( 7.354002865146763490, 20.82525487827059862, 8.650869898359562882 ) ) ;
#2590 = DIRECTION ( 'NONE',  ( 0.3947368421052631637, -0.000000000000000000, 0.9187942236892679970 ) ) ;
#2591 = CARTESIAN_POINT ( 'NONE',  ( -8.557926250042141803, 22.90799802508729499, 4.124961279932640501 ) ) ;
#2592 = CARTESIAN_POINT ( 'NONE',  ( 38.00000000000000000, -13.00000000000000000, 0.000000000000000000 ) ) ;
#2593 = CARTESIAN_POINT ( 'NONE',  ( -3.080638246908400824, 37.65685424948532045, 19.25512056549335682 ) ) ;
#2594 = ORIENTED_EDGE ( 'NONE', *, *, #291, .T. ) ;
#2595 = DIRECTION ( 'NONE',  ( 0.4832610166156037779, -0.6940307961444984741, -0.5336478650033998905 ) ) ;
#2596 = CIRCLE ( 'NONE', #310, 16.00000000000000000 ) ;
#2597 = CIRCLE ( 'NONE', #2527, 2.999999999999999556 ) ;
#2598 = ORIENTED_EDGE ( 'NONE', *, *, #2105, .F. ) ;
#2599 = CARTESIAN_POINT ( 'NONE',  ( 2.420501479688595303, 34.73038548174413620, 19.25512056549847628 ) ) ;
#2600 = CARTESIAN_POINT ( 'NONE',  ( -0.5321815702955949856, 16.01373819281358024, 19.56652281734011467 ) ) ;
#2601 = CARTESIAN_POINT ( 'NONE',  ( -0.3062673365171073581, 13.00011835010023553, 19.59573346211724854 ) ) ;
#2602 = CARTESIAN_POINT ( 'NONE',  ( 8.198020940123578626, 31.33568856095083532, 14.25936271487864282 ) ) ;
#2603 = ORIENTED_EDGE ( 'NONE', *, *, #3031, .T. ) ;
#2604 = AXIS2_PLACEMENT_3D ( 'NONE', #763, #1471, #406 ) ;
#2605 = DIRECTION ( 'NONE',  ( 0.000000000000000000, 0.000000000000000000, 1.000000000000000000 ) ) ;
#2606 = B_SPLINE_CURVE_WITH_KNOTS ( 'NONE', 3,
 ( #1432, #729, #2744, #3795, #2833, #1028, #2097, #3460, #4233, #3138, #3481, #1076, #1776, #316, #341, #4507, #2465, #664, #4558, #294 ),
 .UNSPECIFIED., .F., .F.,
 ( 4, 2, 2, 2, 2, 2, 2, 2, 2, 4 ),
 ( 0.01415944002544103179, 0.01593226957635932722, 0.01770509912727762439, 0.01947792867819592155, 0.02036434345365506493, 0.02125075822911421178, 0.02302358778003250200, 0.02391000255549164885, 0.02479641733095079570, 0.02834207643278737615 ),
 .UNSPECIFIED. ) ;
#2607 = CARTESIAN_POINT ( 'NONE',  ( -1.984656867249981138, 34.82870091795360423, 16.39231440146571472 ) ) ;
#2608 = ORIENTED_EDGE ( 'NONE', *, *, #3382, .T. ) ;
#2609 = DIRECTION ( 'NONE',  ( 0.000000000000000000, 1.000000000000000000, 0.000000000000000000 ) ) ;
#2610 = CARTESIAN_POINT ( 'NONE',  ( 10.96067609713957047, 20.62174860190730286, 6.011589942658173591 ) ) ;
#2611 = EDGE_CURVE ( 'NONE', #1108, #2951, #2561, .T. ) ;
#2612 = CARTESIAN_POINT ( 'NONE',  ( 2.888951016558152229, 13.38308390464222875, 18.98975670365396695 ) ) ;
#2613 = CARTESIAN_POINT ( 'NONE',  ( 7.564212884161009676, 21.38795585312471914, 8.066901224785370417 ) ) ;
#2614 = CARTESIAN_POINT ( 'NONE',  ( -11.05263157894736992, -13.00000000000000000, -25.72623826329950347 ) ) ;
#2615 = CARTESIAN_POINT ( 'NONE',  ( -7.881956963804204186, 22.54818644915145853, 5.486227711532190909 ) ) ;
#2616 = CARTESIAN_POINT ( 'NONE',  ( -3.227672037640395818E-13, 38.00000000000000711, 16.50000000000000000 ) ) ;
#2617 = CARTESIAN_POINT ( 'NONE',  ( 1.476642592073162730, 31.86791719314756932, 19.33455809081684151 ) ) ;
#2618 = ORIENTED_EDGE ( 'NONE', *, *, #1374, .F. ) ;
#2619 = EDGE_CURVE ( 'NONE', #953, #2450, #422, .T. ) ;
#2620 = ADVANCED_FACE ( 'NONE', ( #4086 ), #3446, .T. ) ;
#2621 = EDGE_LOOP ( 'NONE', ( #2757, #2548, #1271, #2916, #4340, #3053, #3809, #3109, #1960 ) ) ;
#2622 = AXIS2_PLACEMENT_3D ( 'NONE', #2333, #3743, #4045 ) ;
#2623 = CARTESIAN_POINT ( 'NONE',  ( 10.80310626160296117, 19.91521136110219103, 6.290352076441390494 ) ) ;
#2624 = CARTESIAN_POINT ( 'NONE',  ( 0.000000000000000000, 24.00000000000000355, 50.00000000000000000 ) ) ;
#2625 = CARTESIAN_POINT ( 'NONE',  ( -11.00000000000000000, 24.00000000000005329, 6.652067347825036947 ) ) ;
#2626 = CARTESIAN_POINT ( 'NONE',  ( 7.217312250971098742, 15.69041472030132844, 14.82766587160922356 ) ) ;
#2627 = CARTESIAN_POINT ( 'NONE',  ( 6.275299688197825354, 33.03673431532622828, 17.35361838358822695 ) ) ;
#2628 = CARTESIAN_POINT ( 'NONE',  ( -0.8886754875937448173, 32.00054758642136932, 13.52950823744441955 ) ) ;
#2629 = ORIENTED_EDGE ( 'NONE', *, *, #558, .T. ) ;
#2630 = CARTESIAN_POINT ( 'NONE',  ( -10.74789140320008762, 34.82842712474608504, 9.733079183126676526 ) ) ;
#2631 = CARTESIAN_POINT ( 'NONE',  ( -4.070528998772430462, 37.65685424945637294, 12.87724967052690772 ) ) ;
#2632 = ORIENTED_EDGE ( 'NONE', *, *, #2048, .F. ) ;
#2633 = DIRECTION ( 'NONE',  ( 0.000000000000000000, 0.000000000000000000, 1.000000000000000000 ) ) ;
#2634 = ORIENTED_EDGE ( 'NONE', *, *, #1908, .T. ) ;
#2635 = CARTESIAN_POINT ( 'NONE',  ( 11.00095049434215433, 24.10688624479360342, 5.973821007378573356 ) ) ;
#2636 = VECTOR ( 'NONE', #3495, 1000.000000000000000 ) ;
#2637 = CARTESIAN_POINT ( 'NONE',  ( -4.491787431418562626, 9.489446697808848086, 15.84712695966760165 ) ) ;
#2638 = CARTESIAN_POINT ( 'NONE',  ( 1.341685214999134068, 16.10870910026717340, -12.43063621456582268 ) ) ;
#2639 = CARTESIAN_POINT ( 'NONE',  ( -5.644452258625020313, 8.971030273540019806, 11.99620618953737505 ) ) ;
#2640 = CARTESIAN_POINT ( 'NONE',  ( -38.00000000000000000, -13.00000000000000000, -4.499999999999998224 ) ) ;
#2641 = FACE_OUTER_BOUND ( 'NONE', #4382, .T. ) ;
#2642 = DIRECTION ( 'NONE',  ( 0.000000000000000000, 1.000000000000000000, -0.000000000000000000 ) ) ;
#2643 = EDGE_CURVE ( 'NONE', #2450, #953, #1304, .T. ) ;
#2644 = CYLINDRICAL_SURFACE ( 'NONE', #1421, 8.000000000000000000 ) ;
#2645 = ORIENTED_EDGE ( 'NONE', *, *, #2871, .T. ) ;
#2646 = VECTOR ( 'NONE', #41, 1000.000000000000000 ) ;
#2647 = CARTESIAN_POINT ( 'NONE',  ( -11.20876879072843835, 25.72429607469499402, 5.533946695070146582 ) ) ;
#2648 = VERTEX_POINT ( 'NONE', #2431 ) ;
#2649 = DIRECTION ( 'NONE',  ( 0.000000000000000000, 0.000000000000000000, 1.000000000000000000 ) ) ;
#2650 = AXIS2_PLACEMENT_3D ( 'NONE', #4122, #955, #2371 ) ;
#2651 = EDGE_CURVE ( 'NONE', #3326, #126, #3745, .T. ) ;
#2652 = CARTESIAN_POINT ( 'NONE',  ( 6.490591450477380064, 28.67859769991214947, 11.33879305888463129 ) ) ;
#2653 = CARTESIAN_POINT ( 'NONE',  ( 4.255084973444485108, 34.23139821575274766, 15.22866006998448540 ) ) ;
#2654 = CARTESIAN_POINT ( 'NONE',  ( 2.020667218593133100E-15, 58.00000000000000000, 16.50000000000000000 ) ) ;
#2655 = CARTESIAN_POINT ( 'NONE',  ( -7.996135849230531001, 23.71602881926268225, 6.666344885930745257 ) ) ;
#2656 = CARTESIAN_POINT ( 'NONE',  ( -9.710296681679508879, 35.25098897736257442, 11.83449093446641243 ) ) ;
#2657 = CARTESIAN_POINT ( 'NONE',  ( 0.000000000000000000, 0.000000000000000000, 0.000000000000000000 ) ) ;
#2658 = ORIENTED_EDGE ( 'NONE', *, *, #18, .T. ) ;
#2659 = EDGE_LOOP ( 'NONE', ( #2302, #1182 ) ) ;
#2660 = CARTESIAN_POINT ( 'NONE',  ( 11.00119467133328577, 23.92463202601144445, 5.973363628166540984 ) ) ;
#2661 = CARTESIAN_POINT ( 'NONE',  ( -2.898294095557770067, 13.38566035224540585, 18.98561046067026936 ) ) ;
#2662 = CARTESIAN_POINT ( 'NONE',  ( -4.386208903658131320, 8.263282650349184522, 12.98239789478535400 ) ) ;
#2663 = CARTESIAN_POINT ( 'NONE',  ( -5.231209072909074109, 14.31160655724996644, 17.43565442622312744 ) ) ;
#2664 = CYLINDRICAL_SURFACE ( 'NONE', #1187, 12.50000000000000000 ) ;
#2665 = CARTESIAN_POINT ( 'NONE',  ( -8.807354573038843171, 17.40981749685399649, 10.70515017139845249 ) ) ;
#2666 = VERTEX_POINT ( 'NONE', #1973 ) ;
#2667 = CARTESIAN_POINT ( 'NONE',  ( -3.686451167626390468, 16.89519989339671824, -8.759136557280667645 ) ) ;
#2668 = AXIS2_PLACEMENT_3D ( 'NONE', #928, #3747, #590 ) ;
#2669 = ORIENTED_EDGE ( 'NONE', *, *, #4134, .T. ) ;
#2670 = CARTESIAN_POINT ( 'NONE',  ( -8.000000000000000000, 24.00000000000002132, 6.652067347825039612 ) ) ;
#2671 = CARTESIAN_POINT ( 'NONE',  ( 0.000000000000000000, -3.000000000000000000, 21.00000000000000000 ) ) ;
#2672 = AXIS2_PLACEMENT_3D ( 'NONE', #3938, #818, #2231 ) ;
#2673 = CARTESIAN_POINT ( 'NONE',  ( 0.000000000000000000, -80.88225099390857054, 0.000000000000000000 ) ) ;
#2674 = CARTESIAN_POINT ( 'NONE',  ( -5.307096975705353437, 17.99193229430493446, -11.32471003494960193 ) ) ;
#2675 = DIRECTION ( 'NONE',  ( 0.9187942236892679970, 0.000000000000000000, 0.3947368421052629972 ) ) ;
#2676 = COORDINATED_UNIVERSAL_TIME_OFFSET ( 5, 30, .AHEAD. ) ;
#2677 = EDGE_CURVE ( 'NONE', #1197, #1672, #4338, .T. ) ;
#2678 = CARTESIAN_POINT ( 'NONE',  ( -8.034615085790116851, 36.06103502433467156, 13.89612045335259793 ) ) ;
#2679 = VERTEX_POINT ( 'NONE', #3150 ) ;
#2680 = CIRCLE ( 'NONE', #4000, 4.499999999999998224 ) ;
#2681 = ORIENTED_EDGE ( 'NONE', *, *, #391, .F. ) ;
#2682 = CARTESIAN_POINT ( 'NONE',  ( -7.931145353957143485, 25.08146281554113344, -9.661687011877535980 ) ) ;
#2683 = CARTESIAN_POINT ( 'NONE',  ( 1.024793860349056063, 12.99069122186519643, 14.62986794679839697 ) ) ;
#2684 = CARTESIAN_POINT ( 'NONE',  ( 0.6535527475163179778, 15.71984606163879761, 9.985019306238640979 ) ) ;
#2685 = CARTESIAN_POINT ( 'NONE',  ( -3.647119860503692745, 13.61883171750100097, 18.60679338756527201 ) ) ;
#2686 = DIRECTION ( 'NONE',  ( -0.000000000000000000, 1.000000000000000000, -0.000000000000000000 ) ) ;
#2687 = CARTESIAN_POINT ( 'NONE',  ( -10.97154717123416034, 20.60956556043533894, 5.994868856511271993 ) ) ;
#2688 = ORIENTED_EDGE ( 'NONE', *, *, #3371, .T. ) ;
#2689 = CARTESIAN_POINT ( 'NONE',  ( 10.44652463709305934, 20.54298101428200596, 7.970677983046931203 ) ) ;
#2690 = DIRECTION ( 'NONE',  ( -0.000000000000000000, -1.000000000000000000, -0.000000000000000000 ) ) ;
#2691 = SPHERICAL_SURFACE ( 'NONE', #2668, 3.000000000000000000 ) ;
#2692 = AXIS2_PLACEMENT_3D ( 'NONE', #3492, #1760, #328 ) ;
#2693 = CARTESIAN_POINT ( 'NONE',  ( 1.783379168966232386, 37.77068955085199065, 13.38636406075015373 ) ) ;
#2694 = CARTESIAN_POINT ( 'NONE',  ( -7.971144260311027629, 23.30859491942536010, 6.757533668936202886 ) ) ;
#2695 = AXIS2_PLACEMENT_3D ( 'NONE', #1902, #2713, #832 ) ;
#2696 = CALENDAR_DATE ( 2026, 3, 8 ) ;
#2697 = CARTESIAN_POINT ( 'NONE',  ( -8.524123461554081516, 30.95707097255601425, 13.24677625687792393 ) ) ;
#2698 = ADVANCED_FACE ( 'NONE', ( #4546 ), #272, .T. ) ;
#2699 = ORIENTED_EDGE ( 'NONE', *, *, #3959, .F. ) ;
#2700 = EDGE_CURVE ( 'NONE', #3548, #2534, #49, .T. ) ;
#2701 = LINE ( 'NONE', #1005, #56 ) ;
#2702 = AXIS2_PLACEMENT_3D ( 'NONE', #1615, #2341, #4388 ) ;
#2703 = CARTESIAN_POINT ( 'NONE',  ( 38.00000000000000000, -3.000000000000000888, 0.000000000000000000 ) ) ;
#2704 = CIRCLE ( 'NONE', #1675, 13.00000000000000178 ) ;
#2705 = CARTESIAN_POINT ( 'NONE',  ( -2.638125041189192999, 16.43849437638757394, 18.63387927322121840 ) ) ;
#2706 = CARTESIAN_POINT ( 'NONE',  ( 3.346955167270964981, 31.26808605866643376, 18.52557555242651688 ) ) ;
#2707 = CARTESIAN_POINT ( 'NONE',  ( -10.24278151417606963, 28.04702735551734705, 8.395730489581092471 ) ) ;
#2708 = ORIENTED_EDGE ( 'NONE', *, *, #1762, .T. ) ;
#2709 = CARTESIAN_POINT ( 'NONE',  ( 8.000549650689238845, 24.06880332055316174, 6.650051602661633865 ) ) ;
#2710 = CARTESIAN_POINT ( 'NONE',  ( -10.99569519497070580, 24.47060753151490076, 5.983860193678394168 ) ) ;
#2711 = CARTESIAN_POINT ( 'NONE',  ( -10.92629449239600170, 27.59975824138047429, 6.081815171514136864 ) ) ;
#2712 = ORIENTED_EDGE ( 'NONE', *, *, #3727, .T. ) ;
#2713 = DIRECTION ( 'NONE',  ( -0.9187942236892679970, 0.000000000000000000, -0.3947368421052630527 ) ) ;
#2714 = DIRECTION ( 'NONE',  ( 0.9187942236892678860, 0.000000000000000000, 0.3947368421052632748 ) ) ;
#2715 = CARTESIAN_POINT ( 'NONE',  ( 2.355680692312631219, 34.76478086480315710, 16.28900231016599065 ) ) ;
#2716 = DIRECTION ( 'NONE',  ( 0.000000000000000000, 0.000000000000000000, 1.000000000000000000 ) ) ;
#2717 = DATE_TIME_ROLE ( 'classification_date' ) ;
#2718 = ORIENTED_EDGE ( 'NONE', *, *, #1396, .F. ) ;
#2719 = ORIENTED_EDGE ( 'NONE', *, *, #1402, .T. ) ;
#2720 = FACE_OUTER_BOUND ( 'NONE', #1983, .T. ) ;
#2721 = CARTESIAN_POINT ( 'NONE',  ( 6.770707499482448988, 14.90641407499117577, 10.21736106248838460 ) ) ;
#2722 = EDGE_CURVE ( 'NONE', #1258, #1189, #2505, .T. ) ;
#2723 = CARTESIAN_POINT ( 'NONE',  ( -3.357613688928456241, 7.830811023942948701, 13.55191219864877894 ) ) ;
#2724 = CARTESIAN_POINT ( 'NONE',  ( -7.083492566126210477, 20.13328745365347672, 6.555065990747981353 ) ) ;
#2725 = CARTESIAN_POINT ( 'NONE',  ( 3.044658468960993680, 31.39981342030239020, 18.71776367913298955 ) ) ;
#2726 = CARTESIAN_POINT ( 'NONE',  ( -10.98535752998995108, 24.64972410054791396, 6.691637915518764856 ) ) ;
#2727 = EDGE_CURVE ( 'NONE', #288, #1550, #3585, .T. ) ;
#2728 = CARTESIAN_POINT ( 'NONE',  ( 8.382406947143788756, 20.98390065771431523, 4.471505107981869287 ) ) ;
#2729 = CARTESIAN_POINT ( 'NONE',  ( -11.29468287027028950, 24.12582740457796859, 5.355406598242182348 ) ) ;
#2730 = EDGE_CURVE ( 'NONE', #3001, #3447, #1423, .T. ) ;
#2731 = ORIENTED_EDGE ( 'NONE', *, *, #584, .T. ) ;
#2732 = CARTESIAN_POINT ( 'NONE',  ( 3.365486795708888756, 31.26233421607226859, -12.04097014144076994 ) ) ;
#2733 = CARTESIAN_POINT ( 'NONE',  ( -6.758156859208402700, 37.65685424951469429, 11.69209155033500380 ) ) ;
#2734 = DIRECTION ( 'NONE',  ( -0.000000000000000000, 1.000000000000000000, -0.000000000000000000 ) ) ;
#2735 = DIRECTION ( 'NONE',  ( 0.000000000000000000, 0.000000000000000000, 1.000000000000000000 ) ) ;
#2736 = CARTESIAN_POINT ( 'NONE',  ( -7.747229362403567521, 21.99367363878508641, 7.515495818489918101 ) ) ;
#2737 = COORDINATED_UNIVERSAL_TIME_OFFSET ( 5, 30, .AHEAD. ) ;
#2738 = CIRCLE ( 'NONE', #3912, 2.999999999999999112 ) ;
#2739 = TOROIDAL_SURFACE ( 'NONE', #159, 9.999999999999998224, 3.000000000000000000 ) ;
#2740 = ORIENTED_EDGE ( 'NONE', *, *, #290, .F. ) ;
#2741 = AXIS2_PLACEMENT_3D ( 'NONE', #2424, #1392, #2796 ) ;
#2742 = ORIENTED_EDGE ( 'NONE', *, *, #4049, .F. ) ;
#2743 = AXIS2_PLACEMENT_3D ( 'NONE', #551, #3068, #571 ) ;
#2744 = CARTESIAN_POINT ( 'NONE',  ( -1.184351521964434939, 8.680382275907291501, 16.87007662238280048 ) ) ;
#2745 = CARTESIAN_POINT ( 'NONE',  ( -7.166363633293856950, 27.59323653776274909, -10.24478303334768725 ) ) ;
#2746 = CARTESIAN_POINT ( 'NONE',  ( 6.900188012979632468, 15.43109073719511315, 15.34726349608140339 ) ) ;
#2747 = CARTESIAN_POINT ( 'NONE',  ( 0.9934237735821510595, 7.318229928281420271, 14.19575584409982127 ) ) ;
#2748 = CARTESIAN_POINT ( 'NONE',  ( -8.807354573038843171, 17.40981749685399649, 10.70515017139845249 ) ) ;
#2749 = CARTESIAN_POINT ( 'NONE',  ( 30.65153077165046724, -3.000000000000000888, -1.500000000000000000 ) ) ;
#2750 = CARTESIAN_POINT ( 'NONE',  ( 9.203647731490194772, 35.49523947867074014, 12.58967137421013049 ) ) ;
#2751 = VERTEX_POINT ( 'NONE', #48 ) ;
#2752 = ADVANCED_FACE ( 'NONE', ( #6 ), #1466, .F. ) ;
#2753 = ORIENTED_EDGE ( 'NONE', *, *, #1462, .F. ) ;
#2754 = EDGE_CURVE ( 'NONE', #3682, #2128, #3592, .T. ) ;
#2755 = CARTESIAN_POINT ( 'NONE',  ( 10.87437008893321710, 22.31241070710289165, 6.980452835579789017 ) ) ;
#2756 = LINE ( 'NONE', #1424, #2154 ) ;
#2757 = ORIENTED_EDGE ( 'NONE', *, *, #2411, .T. ) ;
#2758 = EDGE_CURVE ( 'NONE', #1685, #1924, #2182, .T. ) ;
#2759 = DIRECTION ( 'NONE',  ( 0.000000000000000000, 1.000000000000000000, 0.000000000000000000 ) ) ;
#2760 = CARTESIAN_POINT ( 'NONE',  ( 5.210163973054132924, 9.813384719352111318, 15.41560744268515037 ) ) ;
#2761 = DIRECTION ( 'NONE',  ( 0.7231845397216644100, 0.000000000000000000, -0.6906548497676423537 ) ) ;
#2762 = EDGE_LOOP ( 'NONE', ( #2718, #3445, #3130, #4358, #2598 ) ) ;
#2763 = PERSON_AND_ORGANIZATION_ROLE ( 'design_owner' ) ;
#2764 = CIRCLE ( 'NONE', #4158, 4.499999999999998224 ) ;
#2765 = EDGE_LOOP ( 'NONE', ( #3144, #102 ) ) ;
#2766 = DIRECTION ( 'NONE',  ( 0.000000000000000000, 0.000000000000000000, -1.000000000000000000 ) ) ;
#2767 = CARTESIAN_POINT ( 'NONE',  ( 6.695091515108126501, 19.42723158838984432, 6.990358201816991190 ) ) ;
#2768 = CARTESIAN_POINT ( 'NONE',  ( -8.000000000000035527, 23.99999999999964473, -9.604686356149475301 ) ) ;
#2769 = CARTESIAN_POINT ( 'NONE',  ( 6.699584620237867050, 10.65096892683077989, 14.24858660666940402 ) ) ;
#2770 = CARTESIAN_POINT ( 'NONE',  ( -0.4651342319470326836, 14.91754797684606615, 10.38155775654997726 ) ) ;
#2771 = CARTESIAN_POINT ( 'NONE',  ( 5.809350934725958204, 37.65685424949534621, 12.18748361418343684 ) ) ;
#2772 = CARTESIAN_POINT ( 'NONE',  ( 0.000000000000000000, 37.65685424949238325, 0.000000000000000000 ) ) ;
#2773 = VERTEX_POINT ( 'NONE', #29 ) ;
#2774 = CIRCLE ( 'NONE', #4238, 3.000000000000000000 ) ;
#2775 = DIRECTION ( 'NONE',  ( 0.000000000000000000, 0.000000000000000000, 1.000000000000000000 ) ) ;
#2776 = DIRECTION ( 'NONE',  ( 0.000000000000000000, 0.000000000000000000, -1.000000000000000000 ) ) ;
#2777 = CARTESIAN_POINT ( 'NONE',  ( 0.5448214870411012267, 31.98604271847509040, -12.49105379193921372 ) ) ;
#2778 = CARTESIAN_POINT ( 'NONE',  ( -8.843882638809150265, 37.65685424963204753, 10.20749715669136037 ) ) ;
#2779 = ORIENTED_EDGE ( 'NONE', *, *, #2188, .T. ) ;
#2780 = CARTESIAN_POINT ( 'NONE',  ( 6.069058935527784193, 18.76442297986326579, -7.321480169426398454 ) ) ;
#2781 = EDGE_CURVE ( 'NONE', #478, #4310, #1971, .T. ) ;
#2782 = DIRECTION ( 'NONE',  ( 0.000000000000000000, 1.000000000000000000, -0.000000000000000000 ) ) ;
#2783 = AXIS2_PLACEMENT_3D ( 'NONE', #2270, #4427, #3746 ) ;
#2784 = CARTESIAN_POINT ( 'NONE',  ( 0.000000000000000000, 2.590909090909091717, 18.82251816528927080 ) ) ;
#2785 = CARTESIAN_POINT ( 'NONE',  ( -11.20936036568580008, 15.61249499599599488, 10.70515017139844716 ) ) ;
#2786 = VECTOR ( 'NONE', #3794, 1000.000000000000114 ) ;
#2787 = FACE_OUTER_BOUND ( 'NONE', #2906, .T. ) ;
#2788 = VERTEX_POINT ( 'NONE', #4248 ) ;
#2789 = LOCAL_TIME ( 5, 17, 52.00000000000000000, #570 ) ;
#2790 = CARTESIAN_POINT ( 'NONE',  ( 0.000000000000000000, 11.35454181526981365, 0.000000000000000000 ) ) ;
#2791 = DIRECTION ( 'NONE',  ( 0.000000000000000000, 1.000000000000000000, 0.000000000000000000 ) ) ;
#2792 = DIRECTION ( 'NONE',  ( 0.000000000000000000, 0.000000000000000000, 1.000000000000000000 ) ) ;
#2793 = CARTESIAN_POINT ( 'NONE',  ( -8.000000000000001776, 23.72102918480847222, -5.123475382979802539 ) ) ;
#2794 = CARTESIAN_POINT ( 'NONE',  ( 1.725516851274556451, 7.416997702551911154, 14.07384254750202501 ) ) ;
#2795 = CARTESIAN_POINT ( 'NONE',  ( 2.034945249294101810, 33.72130959651531157, 10.18377891353588005 ) ) ;
#2796 = DIRECTION ( 'NONE',  ( 0.000000000000000000, 0.000000000000000000, -1.000000000000000000 ) ) ;
#2797 = ORIENTED_EDGE ( 'NONE', *, *, #4134, .F. ) ;
#2798 = CC_DESIGN_PERSON_AND_ORGANIZATION_ASSIGNMENT ( #931, #1331, ( #650 ) ) ;
#2799 = CARTESIAN_POINT ( 'NONE',  ( 7.978855092925358328, 23.37628487806019351, 6.730070315916215407 ) ) ;
#2800 = CARTESIAN_POINT ( 'NONE',  ( -0.8274297446414894397, 34.99920840429518876, 19.49927667728014669 ) ) ;
#2801 = ORIENTED_EDGE ( 'NONE', *, *, #1308, .F. ) ;
#2802 = CARTESIAN_POINT ( 'NONE',  ( -7.996605676765571324, 24.26683395145626321, 6.664605774765084867 ) ) ;
#2803 = DIRECTION ( 'NONE',  ( 0.000000000000000000, 1.000000000000000000, 0.000000000000000000 ) ) ;
#2804 = CARTESIAN_POINT ( 'NONE',  ( 6.405348780391882713, 19.20713999771199454, 10.70515017139844716 ) ) ;
#2805 = VERTEX_POINT ( 'NONE', #1088 ) ;
#2806 = DIRECTION ( 'NONE',  ( 0.000000000000000000, 1.000000000000000000, -0.000000000000000000 ) ) ;
#2807 = CYLINDRICAL_SURFACE ( 'NONE', #1650, 7.499999999999998224 ) ;
#2808 = DIRECTION ( 'NONE',  ( 0.000000000000000000, 0.000000000000000000, 1.000000000000000000 ) ) ;
#2809 = ADVANCED_FACE ( 'NONE', ( #738 ), #3565, .F. ) ;
#2810 = ORIENTED_EDGE ( 'NONE', *, *, #830, .F. ) ;
#2811 = EDGE_CURVE ( 'NONE', #2788, #117, #758, .T. ) ;
#2812 = FACE_OUTER_BOUND ( 'NONE', #3551, .T. ) ;
#2813 =( BOUNDED_SURFACE ( )  B_SPLINE_SURFACE ( 3, 2, ( 
 ( #3612, #4312, #3265 ),
 ( #1448, #1162, #35 ),
 ( #2853, #3999, #2221 ),
 ( #2897, #1095, #2577 ),
 ( #3243, #3290, #95 ),
 ( #1116, #1535, #3928 ),
 ( #2944, #4336, #74 ),
 ( #1183, #2513, #2599 ) ),
 .UNSPECIFIED., .F., .F., .F. ) 
 B_SPLINE_SURFACE_WITH_KNOTS ( ( 4, 2, 2, 4 ),
 ( 3, 3 ),
 ( -7.572067972638762967E-16, 0.003096545683921308936, 0.004644818525882342224, 0.006193091367843375078 ),
 ( 0.000000000000000000, 1.000000000000000000 ),
 .UNSPECIFIED. ) 
 GEOMETRIC_REPRESENTATION_ITEM ( )  RATIONAL_B_SPLINE_SURFACE ( (
 ( 1.000000000000000000, 0.7192924026116088720, 1.000000000000000000),
 ( 1.000000000000000000, 0.7113667734926155672, 1.000000000000000000),
 ( 1.000000000000000000, 0.7071366480505035801, 1.000000000000000000),
 ( 1.000000000000000000, 0.7070920851959345832, 1.000000000000000000),
 ( 1.000000000000000000, 0.7081443149132579107, 1.000000000000000000),
 ( 1.000000000000000000, 0.7122705412286586268, 1.000000000000000000),
 ( 1.000000000000000000, 0.7153333718120382656, 1.000000000000000000),
 ( 1.000000000000000000, 0.7192924026113636238, 1.000000000000000000) ) ) 
 REPRESENTATION_ITEM ( '' )  SURFACE ( )  );
#2814 = DIRECTION ( 'NONE',  ( 0.000000000000000000, 1.000000000000000000, -0.000000000000000000 ) ) ;
#2815 = CARTESIAN_POINT ( 'NONE',  ( 0.000000000000000000, 32.00000000000000000, -9.500000000000001776 ) ) ;
#2816 = AXIS2_PLACEMENT_3D ( 'NONE', #2772, #4170, #3143 ) ;
#2817 = CARTESIAN_POINT ( 'NONE',  ( 3.597001552608414254, 16.85234349647686969, 17.67590898475070915 ) ) ;
#2818 = DIRECTION ( 'NONE',  ( 0.000000000000000000, -0.000000000000000000, 1.000000000000000000 ) ) ;
#2819 = VERTEX_POINT ( 'NONE', #1832 ) ;
#2820 = CARTESIAN_POINT ( 'NONE',  ( -9.680811224910462087, 13.48351840563290516, 9.245356966207751270 ) ) ;
#2821 = DIRECTION ( 'NONE',  ( 0.000000000000000000, 1.000000000000000000, 0.000000000000000000 ) ) ;
#2822 = ORIENTED_EDGE ( 'NONE', *, *, #3289, .T. ) ;
#2823 = FACE_OUTER_BOUND ( 'NONE', #3435, .T. ) ;
#2824 = DIRECTION ( 'NONE',  ( 0.000000000000000000, 0.000000000000000000, -1.000000000000000000 ) ) ;
#2825 = CARTESIAN_POINT ( 'NONE',  ( -2.055832551673986597, 34.33996867904731687, 9.444654534395617418 ) ) ;
#2826 = AXIS2_PLACEMENT_3D ( 'NONE', #4204, #1044, #1329 ) ;
#2827 = CARTESIAN_POINT ( 'NONE',  ( 0.5047638774750614621, 7.282187551291701588, 14.24000358265490007 ) ) ;
#2828 = ORIENTED_EDGE ( 'NONE', *, *, #389, .T. ) ;
#2829 = CARTESIAN_POINT ( 'NONE',  ( 2.305093662301442411E-15, 2.590909090909091717, -18.82251816528927080 ) ) ;
#2830 = PLANE ( 'NONE',  #3767 ) ;
#2831 = EDGE_CURVE ( 'NONE', #1672, #1401, #4458, .T. ) ;
#2832 = ORIENTED_EDGE ( 'NONE', *, *, #3962, .F. ) ;
#2833 = CARTESIAN_POINT ( 'NONE',  ( -2.909977639917944447, 8.978500268855610145, 16.50063662755262328 ) ) ;
#2834 = DIRECTION ( 'NONE',  ( 0.9187942236892679970, 0.000000000000000000, -0.3947368421052631637 ) ) ;
#2835 = CARTESIAN_POINT ( 'NONE',  ( 4.578001975910494181, 8.357528086738977180, 12.85520653440527461 ) ) ;
#2837 = EDGE_CURVE ( 'NONE', #1376, #4142, #223, .T. ) ;
#2836 = AXIS2_PLACEMENT_3D ( 'NONE', #2127, #2500, #4153 ) ;
#2838 = FACE_OUTER_BOUND ( 'NONE', #333, .T. ) ;
#2839 = DIRECTION ( 'NONE',  ( 0.000000000000000000, 0.000000000000000000, 1.000000000000000000 ) ) ;
#2840 = CIRCLE ( 'NONE', #840, 24.00000000000000355 ) ;
#2841 = CARTESIAN_POINT ( 'NONE',  ( 7.456235476676549290, 27.01877420600844815, 6.093995793209109557 ) ) ;
#2842 = CARTESIAN_POINT ( 'NONE',  ( 6.870253127355813838, 15.61249499599599488, 6.561221072792601916 ) ) ;
#2843 = CARTESIAN_POINT ( 'NONE',  ( -9.868421052631584089, 0.000000000000000000, -22.96985559223170270 ) ) ;
#2844 = CARTESIAN_POINT ( 'NONE',  ( 38.00000000000000000, -13.00000000000000000, 0.000000000000000000 ) ) ;
#2845 = CARTESIAN_POINT ( 'NONE',  ( 30.65153077165046724, -13.00000000000000000, 1.500000000000000000 ) ) ;
#2846 = CARTESIAN_POINT ( 'NONE',  ( 11.26415291140342845, 22.97441063869928257, 5.419756548776774707 ) ) ;
#2847 = FACE_OUTER_BOUND ( 'NONE', #204, .T. ) ;
#2848 = ORIENTED_EDGE ( 'NONE', *, *, #3192, .T. ) ;
#2849 = AXIS2_PLACEMENT_3D ( 'NONE', #2070, #4184, #3112 ) ;
#2850 = CARTESIAN_POINT ( 'NONE',  ( 4.954314609746046649, 8.556877971373218372, 12.58162182543516749 ) ) ;
#2851 = CIRCLE ( 'NONE', #2485, 9.500000000000001776 ) ;
#2852 = ORIENTED_EDGE ( 'NONE', *, *, #1957, .T. ) ;
#2853 = CARTESIAN_POINT ( 'NONE',  ( -0.8872094289138100498, 37.99917635613929434, 16.49949964028919780 ) ) ;
#2854 = CARTESIAN_POINT ( 'NONE',  ( -41.94736842105264429, -3.000000000000000888, -9.187942236892675751 ) ) ;
#2855 = VECTOR ( 'NONE', #2175, 1000.000000000000000 ) ;
#2856 = MANIFOLD_SOLID_BREP ( 'Cut-Extrude1', #852 ) ;
#2857 = EDGE_LOOP ( 'NONE', ( #2947, #279, #3346, #749, #1485, #1696, #4098, #649 ) ) ;
#2858 = LINE ( 'NONE', #750, #1163 ) ;
#2859 = CARTESIAN_POINT ( 'NONE',  ( 8.152262084135161402, 11.35454181526981721, 7.785563761017081141 ) ) ;
#2860 = CIRCLE ( 'NONE', #2496, 6.000000000000000000 ) ;
#2861 = CARTESIAN_POINT ( 'NONE',  ( -3.777101016425284286, 7.988912306434632349, 13.34782550798438017 ) ) ;
#2862 = EDGE_CURVE ( 'NONE', #2004, #3497, #1079, .T. ) ;
#2863 = CARTESIAN_POINT ( 'NONE',  ( -8.899164581784242856, 12.50652778395489051, 11.26001703735173187 ) ) ;
#2864 = DIRECTION ( 'NONE',  ( 0.9187942236892682191, -4.565061778886327141E-16, 0.3947368421052626641 ) ) ;
#2865 = DIRECTION ( 'NONE',  ( 0.000000000000000000, 0.000000000000000000, 1.000000000000000000 ) ) ;
#2866 = CARTESIAN_POINT ( 'NONE',  ( -38.00000000000000000, -13.00000000000000000, 0.000000000000000000 ) ) ;
#2867 = ORIENTED_EDGE ( 'NONE', *, *, #994, .F. ) ;
#2868 = CARTESIAN_POINT ( 'NONE',  ( -4.203077387576101387, 30.80925400338196951, 17.78581131413897864 ) ) ;
#2869 = CARTESIAN_POINT ( 'NONE',  ( 38.00000000000000000, -13.00000000000000000, 7.499999999999998224 ) ) ;
#2870 = ORIENTED_EDGE ( 'NONE', *, *, #1380, .T. ) ;
#2871 = EDGE_CURVE ( 'NONE', #3321, #390, #1855, .T. ) ;
#2872 = EDGE_CURVE ( 'NONE', #2172, #3497, #3742, .T. ) ;
#2873 = CARTESIAN_POINT ( 'NONE',  ( -10.46506761706908861, 18.69746184246640297, 6.845821825502623525 ) ) ;
#2874 = ORIENTED_EDGE ( 'NONE', *, *, #4433, .T. ) ;
#2875 = CARTESIAN_POINT ( 'NONE',  ( 0.000000000000000000, 37.65685424949238325, 0.000000000000000000 ) ) ;
#2876 = CARTESIAN_POINT ( 'NONE',  ( -6.405348780391886265, 19.20713999771200164, 10.70515017139845426 ) ) ;
#2877 = APPROVAL ( #224, 'UNSPECIFIED' ) ;
#2878 = ORIENTED_EDGE ( 'NONE', *, *, #2468, .F. ) ;
#2879 = CARTESIAN_POINT ( 'NONE',  ( -1.119887564675434488, 31.94040789178011863, -9.449664028006209193 ) ) ;
#2880 = AXIS2_PLACEMENT_3D ( 'NONE', #242, #4116, #3787 ) ;
#2881 = CARTESIAN_POINT ( 'NONE',  ( -11.20936036568579830, 15.61249499599599666, 10.70515017139845071 ) ) ;
#2882 = FACE_OUTER_BOUND ( 'NONE', #273, .T. ) ;
#2883 = CARTESIAN_POINT ( 'NONE',  ( 7.982823203529829215, 24.56467899629945606, 5.326888429964543370 ) ) ;
#2884 = CARTESIAN_POINT ( 'NONE',  ( 6.405348780391882713, 19.20713999771199454, 10.70515017139844716 ) ) ;
#2885 = CARTESIAN_POINT ( 'NONE',  ( -6.175173033935293709, 18.89952493360879515, 11.91203026891738403 ) ) ;
#2886 = FACE_OUTER_BOUND ( 'NONE', #1507, .T. ) ;
#2887 = CIRCLE ( 'NONE', #3184, 16.50000000000000000 ) ;
#2888 = EDGE_CURVE ( 'NONE', #3566, #2004, #3092, .T. ) ;
#2889 = DIRECTION ( 'NONE',  ( 1.000000000000000000, 0.000000000000000000, -0.000000000000000000 ) ) ;
#2890 = CARTESIAN_POINT ( 'NONE',  ( -9.680811224910462087, 13.48351840563290338, 9.245356966207753047 ) ) ;
#2891 = ADVANCED_FACE ( 'NONE', ( #543 ), #4354, .F. ) ;
#2892 = DIRECTION ( 'NONE',  ( -0.9187942236892682191, 0.000000000000000000, 0.3947368421052626641 ) ) ;
#2893 = EDGE_LOOP ( 'NONE', ( #3721, #3974, #1450, #3611 ) ) ;
#2894 = SPHERICAL_SURFACE ( 'NONE', #1536, 6.000000000000000000 ) ;
#2895 = EDGE_CURVE ( 'NONE', #681, #4489, #2484, .T. ) ;
#2896 = VERTEX_POINT ( 'NONE', #2988 ) ;
#2897 = CARTESIAN_POINT ( 'NONE',  ( 0.4295724746767595192, 38.00040527396902235, 16.50024620200148107 ) ) ;
#2898 = CARTESIAN_POINT ( 'NONE',  ( 11.00000000000000000, 24.00000000000000355, 6.652067347825037835 ) ) ;
#2899 = CARTESIAN_POINT ( 'NONE',  ( -10.16125245445732794, 19.74917286790449822, 8.556531682015389606 ) ) ;
#2900 = CARTESIAN_POINT ( 'NONE',  ( -6.987974551164487735, 32.50245132854277585, 16.56931071300143188 ) ) ;
#2901 = DIRECTION ( 'NONE',  ( 8.881784197001252323E-16, 0.000000000000000000, 1.000000000000000000 ) ) ;
#2902 = CARTESIAN_POINT ( 'NONE',  ( 6.101814885599999627, 33.56479864861385209, 12.58405221537615404 ) ) ;
#2903 = VERTEX_POINT ( 'NONE', #4378 ) ;
#2904 = DIRECTION ( 'NONE',  ( 0.000000000000000000, 0.000000000000000000, 1.000000000000000000 ) ) ;
#2905 = FACE_OUTER_BOUND ( 'NONE', #1932, .T. ) ;
#2906 = EDGE_LOOP ( 'NONE', ( #2828, #3930, #3299, #4530 ) ) ;
#2907 = DIRECTION ( 'NONE',  ( 0.000000000000000000, -0.000000000000000000, 1.000000000000000000 ) ) ;
#2908 = CARTESIAN_POINT ( 'NONE',  ( 6.319508523924202592, 29.11938391717589880, 7.356943249322416278 ) ) ;
#2909 = DIRECTION ( 'NONE',  ( 0.000000000000000000, 1.000000000000000000, 0.000000000000000000 ) ) ;
#2910 = CARTESIAN_POINT ( 'NONE',  ( -38.00000000000000000, -13.00000000000000000, 4.499999999999998224 ) ) ;
#2911 = CARTESIAN_POINT ( 'NONE',  ( -7.559348660114215690, 26.77030098977220263, 5.963319803431012645 ) ) ;
#2912 = DIRECTION ( 'NONE',  ( 0.000000000000000000, 0.000000000000000000, 1.000000000000000000 ) ) ;
#2913 = CARTESIAN_POINT ( 'NONE',  ( 1.949706324530607797E-15, 38.00000000000000711, 13.50000000000000178 ) ) ;
#2914 = ORIENTED_EDGE ( 'NONE', *, *, #299, .F. ) ;
#2915 = CARTESIAN_POINT ( 'NONE',  ( 8.550205676191621862, 25.23383414282941217, 4.140654288525010607 ) ) ;
#2916 = ORIENTED_EDGE ( 'NONE', *, *, #1824, .T. ) ;
#2917 = DIRECTION ( 'NONE',  ( 0.000000000000000000, 0.000000000000000000, 1.000000000000000000 ) ) ;
#2918 = CARTESIAN_POINT ( 'NONE',  ( 1.945099788667052687, 16.23693219935284660, 19.08179946074713840 ) ) ;
#2919 = CARTESIAN_POINT ( 'NONE',  ( -10.96736141814800192, 23.13691660962013330, 6.738951392516523420 ) ) ;
#2920 = AXIS2_PLACEMENT_3D ( 'NONE', #1124, #1150, #24 ) ;
#2921 = CARTESIAN_POINT ( 'NONE',  ( 43.13157894736841769, -13.00000000000000000, -11.94432490796049073 ) ) ;
#2922 = ADVANCED_FACE ( 'NONE', ( #3970 ), #2644, .F. ) ;
#2923 = CARTESIAN_POINT ( 'NONE',  ( -7.985314380177247706, 23.44033534804125907, -5.146614328976654384 ) ) ;
#2924 = ORIENTED_EDGE ( 'NONE', *, *, #2188, .F. ) ;
#2925 = CARTESIAN_POINT ( 'NONE',  ( -3.528895922401966700, 37.51661914950035737, 16.12319217433967466 ) ) ;
#2926 = EDGE_CURVE ( 'NONE', #694, #1766, #3700, .T. ) ;
#2927 = CARTESIAN_POINT ( 'NONE',  ( -4.604913136802934126, 33.99929714592909846, 18.53610770652473150 ) ) ;
#2928 = ORIENTED_EDGE ( 'NONE', *, *, #334, .F. ) ;
#2929 = CARTESIAN_POINT ( 'NONE',  ( 1.131512080751349902, 31.93867041293902531, -9.448202430663030782 ) ) ;
#2930 = B_SPLINE_CURVE_WITH_KNOTS ( 'NONE', 3,
 ( #394, #1803, #3209, #1460, #83, #532, #1151, #3277, #776, #2208, #2183, #2279, #509, #1499, #2563, #3602, #108, #1576, #436, #3963, #133, #2929, #1938, #2953 ),
 .UNSPECIFIED., .F., .F.,
 ( 4, 2, 2, 2, 2, 2, 2, 2, 2, 2, 2, 4 ),
 ( 0.04015301803714824147, 0.04098772707566025048, 0.04182243611417225948, 0.04265714515268427542, 0.04349185419119628443, 0.04516127226822030244, 0.04683069034524432045, 0.04850010842226833846, 0.05016952649929236341, 0.05100423553780437241, 0.05183894457631638836, 0.05350836265334041331 ),
 .UNSPECIFIED. ) ;
#2931 = CARTESIAN_POINT ( 'NONE',  ( 10.12499832674115474, 28.37468685943820290, 7.388097459052779925 ) ) ;
#2932 = CARTESIAN_POINT ( 'NONE',  ( -6.093678624251219311, 10.28152104429806357, 14.77311415882187617 ) ) ;
#2933 = CARTESIAN_POINT ( 'NONE',  ( -38.00000000000000000, 0.000000000000000000, -4.499999999999998224 ) ) ;
#2934 = VECTOR ( 'NONE', #4559, 1000.000000000000000 ) ;
#2935 =( BOUNDED_SURFACE ( )  B_SPLINE_SURFACE ( 3, 2, ( 
 ( #2144, #1417, #2820 ),
 ( #1058, #2566, #3965 ),
 ( #3211, #44, #2863 ),
 ( #2106, #4264, #3515 ),
 ( #1104, #1758, #2521 ),
 ( #2126, #2474, #2165 ),
 ( #3874, #415, #1826 ),
 ( #716, #3352, #820 ),
 ( #3279, #3673, #3373 ),
 ( #3717, #4372, #2932 ),
 ( #4327, #799, #4013 ),
 ( #2983, #1252, #1940 ),
 ( #3989, #1552, #1916 ),
 ( #1174, #2956, #2637 ),
 ( #3307, #511, #554 ),
 ( #2661, #208, #2210 ),
 ( #895, #3328, #162 ),
 ( #2587, #4348, #1225 ),
 ( #486, #1623, #1579 ),
 ( #4036, #843, #873 ),
 ( #3025, #2282, #3696 ),
 ( #1526, #1199, #2233 ),
 ( #4416, #539, #185 ),
 ( #1603, #3005, #4398 ),
 ( #3647, #1273, #3625 ),
 ( #4058, #2304, #460 ),
 ( #1962, #2683, #1871 ),
 ( #110, #1893, #135 ),
 ( #2612, #2257, #3049 ),
 ( #576, #2056, #3462 ),
 ( #597, #296, #956 ),
 ( #3072, #4482, #980 ),
 ( #4509, #3777, #2394 ),
 ( #2323, #2012, #620 ),
 ( #1666, #1006, #1364 ),
 ( #3097, #3797, #2769 ),
 ( #644, #3415, #4536 ),
 ( #2746, #2032, #1710 ),
 ( #3121, #4146, #3754 ),
 ( #228, #4437, #1986 ),
 ( #4167, #4461, #938 ),
 ( #1314, #3393, #2421 ),
 ( #1730, #2721, #1644 ),
 ( #4123, #3823, #254 ) ),
 .UNSPECIFIED., .F., .F., .T. ) 
 B_SPLINE_SURFACE_WITH_KNOTS ( ( 4, 2, 2, 2, 2, 2, 2, 2, 2, 2, 2, 2, 2, 2, 2, 2, 2, 2, 2, 2, 2, 4 ),
 ( 3, 3 ),
 ( 0.000000000000000000, 0.004096472513116564303, 0.005120590641395705161, 0.006144708769674846888, 0.008192945026233128605, 0.009217063154512268597, 0.01024118128279141032, 0.01228941753934969378, 0.01331353566762883550, 0.01433765379590797549, 0.01638589005246625721, 0.01741000818074539547, 0.01843412630902453719, 0.01945824443730367892, 0.02048236256558282065, 0.02253059882214110410, 0.02355471695042024582, 0.02457883507869938755, 0.02662707133525767100, 0.02765118946353681273, 0.02867530759181595099, 0.03277178010493251442 ),
 ( 0.000000000000000000, 1.000000000000000000 ),
 .UNSPECIFIED. ) 
 GEOMETRIC_REPRESENTATION_ITEM ( )  RATIONAL_B_SPLINE_SURFACE ( (
 ( 1.000000000000000000, 0.7009963687030825730, 1.000000000000000000),
 ( 1.000000000000000000, 0.6860384152180277750, 1.000000000000000000),
 ( 1.000000000000000000, 0.6690712765190043321, 1.000000000000000000),
 ( 1.000000000000000000, 0.6461847014369574982, 1.000000000000000000),
 ( 1.000000000000000000, 0.6415241736935562988, 1.000000000000000000),
 ( 1.000000000000000000, 0.6320638456267385630, 1.000000000000000000),
 ( 1.000000000000000000, 0.6272459762670357097, 1.000000000000000000),
 ( 1.000000000000000000, 0.6127903018386471334, 1.000000000000000000),
 ( 1.000000000000000000, 0.6031553318987220580, 1.000000000000000000),
 ( 1.000000000000000000, 0.5890390828266293122, 1.000000000000000000),
 ( 1.000000000000000000, 0.5843906737263228068, 1.000000000000000000),
 ( 1.000000000000000000, 0.5752807224232002747, 1.000000000000000000),
 ( 1.000000000000000000, 0.5707986859433686888, 1.000000000000000000),
 ( 1.000000000000000000, 0.5579299461980476993, 1.000000000000000000),
 ( 1.000000000000000000, 0.5501529510243268195, 1.000000000000000000),
 ( 1.000000000000000000, 0.5402423898806018032, 1.000000000000000000),
 ( 1.000000000000000000, 0.5372329033653673314, 1.000000000000000000),
 ( 1.000000000000000000, 0.5319192997825885616, 1.000000000000000000),
 ( 1.000000000000000000, 0.5296612488105166827, 1.000000000000000000),
 ( 1.000000000000000000, 0.5241891603104732456, 1.000000000000000000),
 ( 1.000000000000000000, 0.5222582072961859945, 1.000000000000000000),
 ( 1.000000000000000000, 0.5222207164053798145, 1.000000000000000000),
 ( 1.000000000000000000, 0.5226946660388736010, 1.000000000000000000),
 ( 1.000000000000000000, 0.5245624721261603618, 1.000000000000000000),
 ( 1.000000000000000000, 0.5259533837321825889, 1.000000000000000000),
 ( 1.000000000000000000, 0.5295841210916023556, 1.000000000000000000),
 ( 1.000000000000000000, 0.5318239785533149799, 1.000000000000000000),
 ( 1.000000000000000000, 0.5370922413620604630, 1.000000000000000000),
 ( 1.000000000000000000, 0.5401241864330984521, 1.000000000000000000),
 ( 1.000000000000000000, 0.5500595435244377551, 1.000000000000000000),
 ( 1.000000000000000000, 0.5578519278171303331, 1.000000000000000000),
 ( 1.000000000000000000, 0.5707226691708038313, 1.000000000000000000),
 ( 1.000000000000000000, 0.5752063586612555790, 1.000000000000000000),
 ( 1.000000000000000000, 0.5843174495182931194, 1.000000000000000000),
 ( 1.000000000000000000, 0.5889652045270331593, 1.000000000000000000),
 ( 1.000000000000000000, 0.6030756275983826242, 1.000000000000000000),
 ( 1.000000000000000000, 0.6127015031351669139, 1.000000000000000000),
 ( 1.000000000000000000, 0.6271366511693239332, 1.000000000000000000),
 ( 1.000000000000000000, 0.6319615639107907246, 1.000000000000000000),
 ( 1.000000000000000000, 0.6414434820047398844, 1.000000000000000000),
 ( 1.000000000000000000, 0.6461137567456578523, 1.000000000000000000),
 ( 1.000000000000000000, 0.6690440768924359460, 1.000000000000000000),
 ( 1.000000000000000000, 0.6860301261707506537, 1.000000000000000000),
 ( 1.000000000000000000, 0.7009963687030836832, 1.000000000000000000) ) ) 
 REPRESENTATION_ITEM ( '' )  SURFACE ( )  );
#2936 = LINE ( 'NONE', #3236, #39 ) ;
#2937 = CARTESIAN_POINT ( 'NONE',  ( -7.136154653388041780, 27.79244496837226919, 6.500118174242722979 ) ) ;
#2938 = CARTESIAN_POINT ( 'NONE',  ( 2.055244733157802095, 34.34664971785709042, 9.437092811598928321 ) ) ;
#2939 = DIRECTION ( 'NONE',  ( 0.9638220225592267765, 0.2174136833905558064, 0.1542024614083473133 ) ) ;
#2940 = ORIENTED_EDGE ( 'NONE', *, *, #38, .F. ) ;
#2941 = CIRCLE ( 'NONE', #2575, 4.499999999999998224 ) ;
#2942 = FACE_OUTER_BOUND ( 'NONE', #2094, .T. ) ;
#2943 = ORIENTED_EDGE ( 'NONE', *, *, #3522, .F. ) ;
#2944 = CARTESIAN_POINT ( 'NONE',  ( 2.179681879675519518, 37.77069055623103111, 16.36111223317559649 ) ) ;
#2945 = CARTESIAN_POINT ( 'NONE',  ( 0.000000000000000000, 0.000000000000000000, 0.000000000000000000 ) ) ;
#2946 = CARTESIAN_POINT ( 'NONE',  ( 7.327971867923577243, 32.21194151879515033, 16.08158950959726141 ) ) ;
#2947 = ORIENTED_EDGE ( 'NONE', *, *, #3014, .T. ) ;
#2948 = EDGE_CURVE ( 'NONE', #2773, #641, #1786, .T. ) ;
#2949 = CARTESIAN_POINT ( 'NONE',  ( -2.606693901230184185, 37.65685424949238325, 16.29279432464822364 ) ) ;
#2950 = CARTESIAN_POINT ( 'NONE',  ( 6.405348780391921792, 19.20713999771198743, 10.70515017139848091 ) ) ;
#2951 = VERTEX_POINT ( 'NONE', #4513 ) ;
#2952 = EDGE_CURVE ( 'NONE', #1113, #2511, #1344, .T. ) ;
#2953 = CARTESIAN_POINT ( 'NONE',  ( 0.000000000000000000, 32.00000000000000000, -9.500000000000001776 ) ) ;
#2954 = EDGE_LOOP ( 'NONE', ( #3242, #1937 ) ) ;
#2955 = CARTESIAN_POINT ( 'NONE',  ( 10.55953412703524563, 27.09444277216083208, 7.725183031031530589 ) ) ;
#2956 = CARTESIAN_POINT ( 'NONE',  ( -2.259177090110290997, 13.05342227017648504, 14.33732224359096818 ) ) ;
#2957 = CARTESIAN_POINT ( 'NONE',  ( 6.922966170598298774, 19.95878930004963081, -10.41320196691116706 ) ) ;
#2958 = DIRECTION ( 'NONE',  ( 0.000000000000000000, 1.000000000000000000, -0.000000000000000000 ) ) ;
#2959 = CARTESIAN_POINT ( 'NONE',  ( -7.930957223193559891, 22.92722838615622294, 6.901272904039552181 ) ) ;
#2960 = LINE ( 'NONE', #2261, #1341 ) ;
#2961 = CARTESIAN_POINT ( 'NONE',  ( 6.565214453186319687, 28.57142857142857295, 10.40432602334240286 ) ) ;
#2962 = ORIENTED_EDGE ( 'NONE', *, *, #1542, .T. ) ;
#2963 = CARTESIAN_POINT ( 'NONE',  ( 7.927772821095127043, 22.89211263843004573, -5.234807270653873523 ) ) ;
#2964 =( BOUNDED_SURFACE ( )  B_SPLINE_SURFACE ( 3, 2, ( 
 ( #3400, #902, #3681 ),
 ( #238, #1561, #1298 ),
 ( #4357, #2241, #881 ),
 ( #2310, #1651, #3054 ),
 ( #854, #4381, #562 ),
 ( #171, #1234, #2711 ),
 ( #1587, #1946, #4111 ),
 ( #1900, #1207, #2647 ),
 ( #2289, #606, #3421 ),
 ( #4152, #2710, #2016 ),
 ( #1695, #4468, #2729 ),
 ( #2061, #4130, #2330 ),
 ( #1716, #963, #3803 ),
 ( #2378, #3782, #280 ),
 ( #3104, #922, #1347 ),
 ( #901, #214, #2687 ),
 ( #1993, #327, #2 ),
 ( #3516, #1105, #396 ),
 ( #372, #3147, #2499 ),
 ( #1439, #1736, #754 ),
 ( #2522, #1418, #3491 ),
 ( #1783, #734, #1034 ),
 ( #2145, #1059, #3212 ),
 ( #2166, #3561, #1759 ) ),
 .UNSPECIFIED., .F., .F., .T. ) 
 B_SPLINE_SURFACE_WITH_KNOTS ( ( 4, 2, 2, 2, 2, 2, 2, 2, 2, 2, 2, 4 ),
 ( 3, 3 ),
 ( 0.000000000000000000, 0.002416365399531167010, 0.004832730799062334021, 0.007249096198593501031, 0.008457278898359083669, 0.009665461598124668041, 0.01087364429789025241, 0.01208182699765583505, 0.01449819239718700206, 0.01570637509695258643, 0.01691455779671816734, 0.01933092319624933608 ),
 ( 0.000000000000000000, 1.000000000000000000 ),
 .UNSPECIFIED. ) 
 GEOMETRIC_REPRESENTATION_ITEM ( )  RATIONAL_B_SPLINE_SURFACE ( (
 ( 1.000000000000000000, 0.8967426974543969420, 1.000000000000000000),
 ( 1.000000000000000000, 0.9083320123288070036, 1.000000000000000000),
 ( 1.000000000000000000, 0.9189477089094117979, 1.000000000000000000),
 ( 1.000000000000000000, 0.9379812387496122561, 1.000000000000000000),
 ( 1.000000000000000000, 0.9464094104398759200, 1.000000000000000000),
 ( 1.000000000000000000, 0.9606757916275809883, 1.000000000000000000),
 ( 1.000000000000000000, 0.9663762979920823559, 1.000000000000000000),
 ( 1.000000000000000000, 0.9721666232645117534, 1.000000000000000000),
 ( 1.000000000000000000, 0.9736115879290844211, 1.000000000000000000),
 ( 1.000000000000000000, 0.9753631111139563492, 1.000000000000000000),
 ( 1.000000000000000000, 0.9756852520016371377, 1.000000000000000000),
 ( 1.000000000000000000, 0.9751384694543122622, 1.000000000000000000),
 ( 1.000000000000000000, 0.9742804884531431897, 1.000000000000000000),
 ( 1.000000000000000000, 0.9715190444906088851, 1.000000000000000000),
 ( 1.000000000000000000, 0.9695972991543470032, 1.000000000000000000),
 ( 1.000000000000000000, 0.9625203033265180563, 1.000000000000000000),
 ( 1.000000000000000000, 0.9561461099806275454, 1.000000000000000000),
 ( 1.000000000000000000, 0.9445990171841338601, 1.000000000000000000),
 ( 1.000000000000000000, 0.9403999815204258095, 1.000000000000000000),
 ( 1.000000000000000000, 0.9314337269444566969, 1.000000000000000000),
 ( 1.000000000000000000, 0.9266708731382259367, 1.000000000000000000),
 ( 1.000000000000000000, 0.9116052548529648414, 1.000000000000000000),
 ( 1.000000000000000000, 0.9005246653703824489, 1.000000000000000000),
 ( 1.000000000000000000, 0.8885468899242329188, 1.000000000000000000) ) ) 
 REPRESENTATION_ITEM ( '' )  SURFACE ( )  );
#2965 = VECTOR ( 'NONE', #4542, 1000.000000000000000 ) ;
#2966 = AXIS2_PLACEMENT_3D ( 'NONE', #825, #3699, #2987 ) ;
#2967 = CARTESIAN_POINT ( 'NONE',  ( -2.713565516783217113, 16.46930781519668585, -9.108190471357623608 ) ) ;
#2968 = AXIS2_PLACEMENT_3D ( 'NONE', #25, #2818, #1056 ) ;
#2969 = ORIENTED_EDGE ( 'NONE', *, *, #468, .F. ) ;
#2970 = DIRECTION ( 'NONE',  ( 0.000000000000000000, 0.000000000000000000, 1.000000000000000000 ) ) ;
#2971 = PLANE ( 'NONE',  #3666 ) ;
#2972 = CARTESIAN_POINT ( 'NONE',  ( 7.474052380591069245, 15.92272536695393548, 14.34210478093777397 ) ) ;
#2973 = CARTESIAN_POINT ( 'NONE',  ( 8.793241899666670136, 35.69706665162619430, 13.09642008274915170 ) ) ;
#2974 = CARTESIAN_POINT ( 'NONE',  ( 8.060033783194345602, 11.71240941072237263, 12.60729365507652844 ) ) ;
#2975 = VERTEX_POINT ( 'NONE', #4465 ) ;
#2976 = EDGE_CURVE ( 'NONE', #4544, #1820, #2308, .T. ) ;
#2977 = FACE_BOUND ( 'NONE', #4277, .T. ) ;
#2978 = CARTESIAN_POINT ( 'NONE',  ( -9.027169873131192901, 30.28571428571428115, 10.40432602334236201 ) ) ;
#2979 = VERTEX_POINT ( 'NONE', #2665 ) ;
#2980 = CARTESIAN_POINT ( 'NONE',  ( -11.05263157894737169, -3.000000000000000888, -25.72623826329950347 ) ) ;
#2981 = ORIENTED_EDGE ( 'NONE', *, *, #2722, .T. ) ;
#2982 = CARTESIAN_POINT ( 'NONE',  ( 11.20922255338590467, 25.71989668561390374, 5.533027491039079315 ) ) ;
#2983 = CARTESIAN_POINT ( 'NONE',  ( -4.949297724331203518, 14.17369776238098567, 17.67292734451648784 ) ) ;
#2984 = CARTESIAN_POINT ( 'NONE',  ( 4.707434459598555776, 17.52651349186598395, -11.58196468819931191 ) ) ;
#2985 = CARTESIAN_POINT ( 'NONE',  ( -1.975322220401880102, 7.463198395630820769, 14.01651403381310956 ) ) ;
#2986 = CARTESIAN_POINT ( 'NONE',  ( -7.282382736054580086, 31.43608922245672588, 6.111091883384598411 ) ) ;
#2987 = DIRECTION ( 'NONE',  ( 0.000000000000000000, 0.000000000000000000, 1.000000000000000000 ) ) ;
#2988 = CARTESIAN_POINT ( 'NONE',  ( 11.05263157894736636, -3.000000000000004441, -25.72623826329950703 ) ) ;
#2989 = EDGE_CURVE ( 'NONE', #1924, #1672, #2597, .T. ) ;
#2990 = ORIENTED_EDGE ( 'NONE', *, *, #2837, .F. ) ;
#2991 = CARTESIAN_POINT ( 'NONE',  ( 8.807354573038841394, 17.40981749685399649, 10.70515017139845071 ) ) ;
#2992 = CARTESIAN_POINT ( 'NONE',  ( 2.831073017781857853E-11, 8.636363636363640239, 16.92374731377468322 ) ) ;
#2993 = CARTESIAN_POINT ( 'NONE',  ( 1.188100439237420813, 13.06036316659609398, 19.50163497275516278 ) ) ;
#2994 = CARTESIAN_POINT ( 'NONE',  ( 4.517172965713312394, 34.13766484682653157, 14.99410615356446819 ) ) ;
#2995 = CARTESIAN_POINT ( 'NONE',  ( -0.5444008770874950720, 32.00953657916787165, 13.51674957691117562 ) ) ;
#2996 = DIRECTION ( 'NONE',  ( 0.000000000000000000, 0.000000000000000000, -1.000000000000000000 ) ) ;
#2997 = ORIENTED_EDGE ( 'NONE', *, *, #2405, .T. ) ;
#2998 = AXIS2_PLACEMENT_3D ( 'NONE', #1748, #3134, #3202 ) ;
#2999 = DIRECTION ( 'NONE',  ( 0.000000000000000000, 1.000000000000000000, 0.000000000000000000 ) ) ;
#3000 = CARTESIAN_POINT ( 'NONE',  ( -4.784419135775325849, 37.65685424952838645, 12.62941403789386108 ) ) ;
#3001 = VERTEX_POINT ( 'NONE', #3052 ) ;
#3002 = CARTESIAN_POINT ( 'NONE',  ( 6.686054738406896014, 32.73694452123052656, 16.92259209606183035 ) ) ;
#3003 = CARTESIAN_POINT ( 'NONE',  ( 11.29129721484396320, 23.91510633965109989, 5.362524423886081415 ) ) ;
#3004 = VECTOR ( 'NONE', #1788, 1000.000000000000000 ) ;
#3005 = CARTESIAN_POINT ( 'NONE',  ( 0.4946271144308027612, 12.99603294398935205, 14.68270173080807695 ) ) ;
#3006 = CARTESIAN_POINT ( 'NONE',  ( -5.020818542946353880, 17.77007634499092248, 15.34176787268655850 ) ) ;
#3007 = CARTESIAN_POINT ( 'NONE',  ( 8.520435091080500456, 22.30453487718627059, 4.201732504641297439 ) ) ;
#3008 = CARTESIAN_POINT ( 'NONE',  ( -5.618123740465844840, 14.53359025211346101, 17.04367470529403761 ) ) ;
#3009 = CARTESIAN_POINT ( 'NONE',  ( 43.13157894736842479, -13.00000000000000000, 11.94432490796048185 ) ) ;
#3010 = CARTESIAN_POINT ( 'NONE',  ( 3.631120476825352661, 37.65685424949236193, 13.02497584412075682 ) ) ;
#3011 = EDGE_CURVE ( 'NONE', #687, #786, #3467, .T. ) ;
#3012 = VECTOR ( 'NONE', #642, 1000.000000000000227 ) ;
#3013 = ORIENTED_EDGE ( 'NONE', *, *, #3981, .F. ) ;
#3014 = EDGE_CURVE ( 'NONE', #1558, #2491, #2420, .T. ) ;
#3015 = DIRECTION ( 'NONE',  ( 0.000000000000000000, 1.000000000000000000, 0.000000000000000000 ) ) ;
#3016 = CIRCLE ( 'NONE', #577, 12.50000000000000000 ) ;
#3017 = CARTESIAN_POINT ( 'NONE',  ( 5.095438285160034830, 30.17445514670133377, 16.54849901920990618 ) ) ;
#3018 = CYLINDRICAL_SURFACE ( 'NONE', #2880, 25.00000000000000355 ) ;
#3019 = ADVANCED_FACE ( 'NONE', ( #1626 ), #1967, .T. ) ;
#3020 = CARTESIAN_POINT ( 'NONE',  ( 0.2901008919894640381, 32.00023158522024147, 19.50029096588271571 ) ) ;
#3021 = DIRECTION ( 'NONE',  ( -0.000000000000000000, -1.000000000000000000, -0.000000000000000000 ) ) ;
#3022 = CARTESIAN_POINT ( 'NONE',  ( -8.935501617875246438, 35.62822973301285856, 12.93771798342698531 ) ) ;
#3023 = ORIENTED_EDGE ( 'NONE', *, *, #4454, .T. ) ;
#3024 = CARTESIAN_POINT ( 'NONE',  ( 11.19276688512488427, 22.12139825545519400, 5.565779163049014322 ) ) ;
#3025 = CARTESIAN_POINT ( 'NONE',  ( -0.5536073613721074205, 13.00053162867956047, 19.59508925762034437 ) ) ;
#3026 = CARTESIAN_POINT ( 'NONE',  ( -6.788113716507900186, 9.863728146741541636, 10.61560169311051638 ) ) ;
#3027 = CARTESIAN_POINT ( 'NONE',  ( -4.357113066621546515, 13.89657670246105070, 18.14530798941799006 ) ) ;
#3028 = CARTESIAN_POINT ( 'NONE',  ( 9.429326635066704654, 37.65685424932479464, 9.669095450393218272 ) ) ;
#3029 = CARTESIAN_POINT ( 'NONE',  ( -10.72387268753224809, 26.46542934137375980, 7.348523632667740557 ) ) ;
#3030 = ORIENTED_EDGE ( 'NONE', *, *, #713, .F. ) ;
#3031 = EDGE_CURVE ( 'NONE', #426, #882, #3915, .T. ) ;
#3032 = ORIENTED_EDGE ( 'NONE', *, *, #4370, .F. ) ;
#3033 = CARTESIAN_POINT ( 'NONE',  ( 9.933194290482168398, 19.24370214285136527, 8.984009140665067505 ) ) ;
#3034 = CARTESIAN_POINT ( 'NONE',  ( 5.631985707857141144, 29.68635679263978489, 15.34415085738840823 ) ) ;
#3035 = CARTESIAN_POINT ( 'NONE',  ( -10.00665751332082287, 37.65685424949237614, 9.061832342914962979 ) ) ;
#3036 = AXIS2_PLACEMENT_3D ( 'NONE', #1524, #2907, #2539 ) ;
#3037 = LINE ( 'NONE', #611, #671 ) ;
#3038 = EDGE_CURVE ( 'NONE', #2679, #694, #2219, .T. ) ;
#3039 = EDGE_CURVE ( 'NONE', #863, #2043, #235, .T. ) ;
#3040 = CARTESIAN_POINT ( 'NONE',  ( 0.000000000000000000, -13.00000000000000000, 0.000000000000000000 ) ) ;
#3041 = CARTESIAN_POINT ( 'NONE',  ( -7.800016288043189583, 22.20701770554455834, 7.345515612510220116 ) ) ;
#3042 = CALENDAR_DATE ( 2026, 3, 8 ) ;
#3043 = CARTESIAN_POINT ( 'NONE',  ( -8.877358662453877614, 30.49811481383510881, 11.57615102066335311 ) ) ;
#3044 = ORIENTED_EDGE ( 'NONE', *, *, #1171, .T. ) ;
#3045 = CARTESIAN_POINT ( 'NONE',  ( -8.079561011452971897, 28.76903650456414141, 5.003616705994465619 ) ) ;
#3046 = AXIS2_PLACEMENT_3D ( 'NONE', #1020, #312, #1770 ) ;
#3047 = CARTESIAN_POINT ( 'NONE',  ( -4.063172242013089352, 30.91085367860934596, -11.83014489067957342 ) ) ;
#3048 = B_SPLINE_CURVE_WITH_KNOTS ( 'NONE', 3,
 ( #233, #1714, #1296, #4106, #2014, #3419, #1670, #3076, #3780, #3444, #278, #1693, #3101, #1343, #2750, #322, #1103, #2520 ),
 .UNSPECIFIED., .F., .F.,
 ( 4, 2, 2, 2, 2, 2, 2, 2, 4 ),
 ( 0.01670892613405264293, 0.01814075361823005994, 0.01957258110240747695, 0.02100440858658489396, 0.02172032232867359899, 0.02243623607076230403, 0.02386806355493971410, 0.02529989103911713111, 0.02816354600747194778 ),
 .UNSPECIFIED. ) ;
#3049 = CARTESIAN_POINT ( 'NONE',  ( 3.175458555303006136, 9.057439333555407757, 16.40024442592959630 ) ) ;
#3050 = CARTESIAN_POINT ( 'NONE',  ( 0.07818068903829884786, 14.69351621352167925, 10.38556933818592576 ) ) ;
#3051 = CARTESIAN_POINT ( 'NONE',  ( 0.000000000000000000, 15.61249499599599488, -15.50000000000000000 ) ) ;
#3052 = CARTESIAN_POINT ( 'NONE',  ( 38.00000000000000000, -13.00000000000000000, 7.499999999999998224 ) ) ;
#3053 = ORIENTED_EDGE ( 'NONE', *, *, #1686, .T. ) ;
#3054 = CARTESIAN_POINT ( 'NONE',  ( -10.35564592590980126, 29.61966192379463436, 7.013310719653578218 ) ) ;
#3055 = ORIENTED_EDGE ( 'NONE', *, *, #3177, .T. ) ;
#3056 = CARTESIAN_POINT ( 'NONE',  ( 0.000000000000000000, -3.000000000000000888, 0.000000000000000000 ) ) ;
#3057 = CARTESIAN_POINT ( 'NONE',  ( 11.07159507888782457, 26.76677259620748472, 5.804234663200866784 ) ) ;
#3058 = FACE_OUTER_BOUND ( 'NONE', #913, .T. ) ;
#3059 = CARTESIAN_POINT ( 'NONE',  ( 38.00000000000000000, -13.00000000000000000, 0.000000000000000000 ) ) ;
#3060 = VECTOR ( 'NONE', #1201, 1000.000000000000000 ) ;
#3061 = CARTESIAN_POINT ( 'NONE',  ( -0.5991544195261376826, 31.99952934617513023, 19.49940866603439815 ) ) ;
#3062 = DIRECTION ( 'NONE',  ( 0.000000000000000000, 0.000000000000000000, 1.000000000000000000 ) ) ;
#3063 = FACE_OUTER_BOUND ( 'NONE', #4091, .T. ) ;
#3064 = AXIS2_PLACEMENT_3D ( 'NONE', #3907, #3570, #2917 ) ;
#3065 = AXIS2_PLACEMENT_3D ( 'NONE', #779, #2187, #3649 ) ;
#3066 = EDGE_CURVE ( 'NONE', #1498, #3358, #603, .T. ) ;
#3067 = DATE_AND_TIME ( #1359, #2789 ) ;
#3068 = DIRECTION ( 'NONE',  ( 1.000000000000000000, 0.000000000000000000, 0.000000000000000000 ) ) ;
#3069 = ORIENTED_EDGE ( 'NONE', *, *, #1567, .F. ) ;
#3070 = DIRECTION ( 'NONE',  ( 0.000000000000000000, 1.000000000000000000, -0.000000000000000000 ) ) ;
#3071 = AXIS2_PLACEMENT_3D ( 'NONE', #1459, #1102, #909 ) ;
#3072 = CARTESIAN_POINT ( 'NONE',  ( 4.735013694718729127, 14.06840350446929833, 17.85379127447550118 ) ) ;
#3073 = CARTESIAN_POINT ( 'NONE',  ( 0.1896760944357748779, 15.99981232168541290, 19.59632019377039569 ) ) ;
#3074 = CARTESIAN_POINT ( 'NONE',  ( -7.916195605493716592, 18.58697225607734893, 5.254297285091149128 ) ) ;
#3075 = CARTESIAN_POINT ( 'NONE',  ( 1.916433020151183886, 33.00428947047528538, 11.10022822135507958 ) ) ;
#3076 = CARTESIAN_POINT ( 'NONE',  ( 6.725958108625959220, 36.61366979830747681, 14.86448390921032647 ) ) ;
#3077 = ORIENTED_EDGE ( 'NONE', *, *, #1992, .F. ) ;
#3078 = AXIS2_PLACEMENT_3D ( 'NONE', #2109, #3520, #68 ) ;
#3079 = CARTESIAN_POINT ( 'NONE',  ( 7.685059360262025407, 21.67699651059743360, 5.779290300687159210 ) ) ;
#3080 = ORIENTED_EDGE ( 'NONE', *, *, #2000, .F. ) ;
#3081 = CARTESIAN_POINT ( 'NONE',  ( 7.931771027632716020, 25.07735069781800519, -9.661173336580898052 ) ) ;
#3082 = CARTESIAN_POINT ( 'NONE',  ( 11.28262849688380243, 23.35562566733469225, 5.380750291654308626 ) ) ;
#3083 = SPHERICAL_SURFACE ( 'NONE', #2369, 19.00000000000000000 ) ;
#3084 = CARTESIAN_POINT ( 'NONE',  ( -8.934281968610898517, 37.65685424949237614, 10.14896033426495592 ) ) ;
#3085 = CARTESIAN_POINT ( 'NONE',  ( 30.65153077165046724, -3.000000000000000888, 1.500000000000000000 ) ) ;
#3086 = FACE_OUTER_BOUND ( 'NONE', #4466, .T. ) ;
#3087 = CARTESIAN_POINT ( 'NONE',  ( 9.042430045043474252, 17.66605712760138758, 8.699087730351166670 ) ) ;
#3088 = CIRCLE ( 'NONE', #1091, 2.999999999999998668 ) ;
#3089 = CARTESIAN_POINT ( 'NONE',  ( -3.227672037640395818E-13, 38.00000000000000711, 16.50000000000000000 ) ) ;
#3090 = CARTESIAN_POINT ( 'NONE',  ( 4.810146455172860769, 33.89560447837840229, 18.41826538719323736 ) ) ;
#3091 = FACE_OUTER_BOUND ( 'NONE', #2039, .T. ) ;
#3092 = B_SPLINE_CURVE_WITH_KNOTS ( 'NONE', 3,
 ( #3678, #826, #3286, #3608, #1608, #1557, #4308, #2238, #466, #516, #1257, #782, #141, #1897, #1921, #2961 ),
 .UNSPECIFIED., .F., .F.,
 ( 4, 2, 2, 2, 2, 2, 2, 4 ),
 ( 0.006671382559019009041, 0.007063692541005145084, 0.007456002522991281127, 0.008240622486963552346, 0.009025242450935824431, 0.009809862414908096517, 0.01137910234285264242, 0.01294834227079718833 ),
 .UNSPECIFIED. ) ;
#3093 = CALENDAR_DATE ( 2026, 3, 8 ) ;
#3094 = VERTEX_POINT ( 'NONE', #3398 ) ;
#3095 = ORIENTED_EDGE ( 'NONE', *, *, #4454, .F. ) ;
#3096 = CARTESIAN_POINT ( 'NONE',  ( -5.849976212812465270, 29.46279369327599795, -11.04844242632773010 ) ) ;
#3097 = CARTESIAN_POINT ( 'NONE',  ( 6.095110819614816933, 14.83283639259990849, 16.49836343932717853 ) ) ;
#3098 = CARTESIAN_POINT ( 'NONE',  ( 4.382822593553478363, 8.261662747793558026, 12.98457547239417309 ) ) ;
#3099 = CARTESIAN_POINT ( 'NONE',  ( -6.550634162248188730, 19.22685634962036261, 7.127137615604558718 ) ) ;
#3100 = CARTESIAN_POINT ( 'NONE',  ( 6.772379495159118079, 37.65685424955645999, 11.68392979046436508 ) ) ;
#3101 = CARTESIAN_POINT ( 'NONE',  ( 8.322112747958961165, 35.92500853534409799, 13.62162923716141982 ) ) ;
#3102 = EDGE_LOOP ( 'NONE', ( #3077, #3863, #2608, #1470 ) ) ;
#3103 = EDGE_CURVE ( 'NONE', #2015, #1299, #3048, .T. ) ;
#3104 = CARTESIAN_POINT ( 'NONE',  ( -10.85919636987898684, 22.22014159788843202, 7.018543124920645582 ) ) ;
#3105 = EDGE_LOOP ( 'NONE', ( #387, #1385, #2632, #1232 ) ) ;
#3106 = CARTESIAN_POINT ( 'NONE',  ( 3.600098868192379786, 31.14894963813742734, -11.97277330531197137 ) ) ;
#3107 = CARTESIAN_POINT ( 'NONE',  ( -1.693406347341056550, 32.33826199985292504, 12.18633620839835352 ) ) ;
#3108 = PRODUCT ( 'CSWP_18_23', 'CSWP_18_23', '', ( #1637 ) ) ;
#3109 = ORIENTED_EDGE ( 'NONE', *, *, #536, .T. ) ;
#3110 = AXIS2_PLACEMENT_3D ( 'NONE', #996, #1951, #4070 ) ;
#3111 = CARTESIAN_POINT ( 'NONE',  ( -10.00665751332082287, 37.65685424949237614, 9.061832342914962979 ) ) ;
#3112 = DIRECTION ( 'NONE',  ( 0.000000000000000000, 0.000000000000000000, 1.000000000000000000 ) ) ;
#3113 = EDGE_LOOP ( 'NONE', ( #2202, #3391, #903, #3264, #1959 ) ) ;
#3114 = APPLICATION_PROTOCOL_DEFINITION ( 'international standard', 'config_control_design', 1994, #2579 ) ;
#3115 = AXIS2_PLACEMENT_3D ( 'NONE', #540, #3674, #1553 ) ;
#3116 = CIRCLE ( 'NONE', #962, 13.00000000000000178 ) ;
#3117 = ORIENTED_EDGE ( 'NONE', *, *, #2976, .F. ) ;
#3118 = CARTESIAN_POINT ( 'NONE',  ( 8.693068035529714521, 17.19042681409677442, 9.054074632459249372 ) ) ;
#3119 = LINE ( 'NONE', #448, #3452 ) ;
#3120 = CARTESIAN_POINT ( 'NONE',  ( -8.000000000000012434, 24.27122292087817357, -9.604686356149262139 ) ) ;
#3121 = CARTESIAN_POINT ( 'NONE',  ( 7.049348685759468935, 15.55361765476831337, 15.10165159454945361 ) ) ;
#3122 = CARTESIAN_POINT ( 'NONE',  ( 6.175044362508255169, 18.89935297253165558, 11.91270493148144283 ) ) ;
#3123 = CARTESIAN_POINT ( 'NONE',  ( 1.173107863029055231, 32.01784041204711428, 13.27723916079444599 ) ) ;
#3124 = CARTESIAN_POINT ( 'NONE',  ( 11.05263157894737169, -13.00000000000000000, 25.72623826329950703 ) ) ;
#3125 = ORIENTED_EDGE ( 'NONE', *, *, #2837, .T. ) ;
#3126 = ORIENTED_EDGE ( 'NONE', *, *, #192, .F. ) ;
#3127 = CARTESIAN_POINT ( 'NONE',  ( -6.565214453186319687, 28.57142857142857295, 10.40432602334240286 ) ) ;
#3128 = CARTESIAN_POINT ( 'NONE',  ( 10.60405920208154029, 28.86000584166247407, 6.627238818490408967 ) ) ;
#3129 = DIRECTION ( 'NONE',  ( 0.000000000000000000, 0.000000000000000000, 1.000000000000000000 ) ) ;
#3130 = ORIENTED_EDGE ( 'NONE', *, *, #1143, .T. ) ;
#3131 = EDGE_CURVE ( 'NONE', #2266, #1057, #4346, .T. ) ;
#3132 = DIRECTION ( 'NONE',  ( 0.000000000000000000, 1.000000000000000000, -0.000000000000000000 ) ) ;
#3133 = CARTESIAN_POINT ( 'NONE',  ( 2.343461642158454428, 8.862141233861169809, 16.64511471856991420 ) ) ;
#3134 = DIRECTION ( 'NONE',  ( -0.000000000000000000, -1.000000000000000000, 0.000000000000000000 ) ) ;
#3135 = AXIS2_PLACEMENT_3D ( 'NONE', #2624, #1282, #1301 ) ;
#3136 = ORIENTED_EDGE ( 'NONE', *, *, #3873, .F. ) ;
#3137 = CARTESIAN_POINT ( 'NONE',  ( 0.000000000000000000, 35.00000000000000000, 0.000000000000000000 ) ) ;
#3138 = CARTESIAN_POINT ( 'NONE',  ( -5.877521141441521380, 10.15809497189384913, 14.94511200456081568 ) ) ;
#3139 = CARTESIAN_POINT ( 'NONE',  ( -4.996960961996188999, 30.26830848621417758, -8.093780266150728764 ) ) ;
#3140 = DIRECTION ( 'NONE',  ( 0.000000000000000000, 0.000000000000000000, -1.000000000000000000 ) ) ;
#3141 = CARTESIAN_POINT ( 'NONE',  ( 2.634044905071025955, 16.43698390321768343, 18.63728968535018282 ) ) ;
#3142 = CARTESIAN_POINT ( 'NONE',  ( 1.760364712500795958, 31.80391671399573994, 19.25512056549848339 ) ) ;
#3143 = DIRECTION ( 'NONE',  ( 0.000000000000000000, 0.000000000000000000, -1.000000000000000000 ) ) ;
#3144 = ORIENTED_EDGE ( 'NONE', *, *, #4519, .T. ) ;
#3145 = AXIS2_PLACEMENT_3D ( 'NONE', #1306, #887, #2716 ) ;
#3146 = CARTESIAN_POINT ( 'NONE',  ( 8.330113833826160885, 20.62174860190730286, 4.568808356420056782 ) ) ;
#3147 = CARTESIAN_POINT ( 'NONE',  ( -9.936934974663474307, 19.24106742279529314, 7.635803169428291959 ) ) ;
#3148 = ORIENTED_EDGE ( 'NONE', *, *, #1237, .F. ) ;
#3149 = CARTESIAN_POINT ( 'NONE',  ( -7.974272876101836438, 24.65300046207371309, 6.746178502025975909 ) ) ;
#3150 = CARTESIAN_POINT ( 'NONE',  ( 11.05263157894736636, -13.00000000000000000, -25.72623826329950703 ) ) ;
#3151 = CARTESIAN_POINT ( 'NONE',  ( -4.911489390391103882, 30.32044879129676929, 16.86225258323051790 ) ) ;
#3152 = VERTEX_POINT ( 'NONE', #1733 ) ;
#3153 = CARTESIAN_POINT ( 'NONE',  ( 4.998652069830536782, 17.73312556390477468, -8.092674887985058518 ) ) ;
#3154 = CARTESIAN_POINT ( 'NONE',  ( 4.582386046914967537, 8.359741552839674128, 12.85220062535387875 ) ) ;
#3155 = EDGE_CURVE ( 'NONE', #1002, #3359, #4525, .T. ) ;
#3156 = CARTESIAN_POINT ( 'NONE',  ( 5.441583430711525615, 9.927193093997109585, 15.26198824260772113 ) ) ;
#3157 = EDGE_CURVE ( 'NONE', #766, #3497, #452, .T. ) ;
#3158 = DIRECTION ( 'NONE',  ( 0.000000000000000000, 0.000000000000000000, -1.000000000000000000 ) ) ;
#3159 = AXIS2_PLACEMENT_3D ( 'NONE', #21, #2792, #2180 ) ;
#3160 = CARTESIAN_POINT ( 'NONE',  ( -11.05263157894737347, -13.00000000000000000, 25.72623826329950347 ) ) ;
#3161 = ORIENTED_EDGE ( 'NONE', *, *, #2324, .T. ) ;
#3162 = APPROVAL_PERSON_ORGANIZATION ( #2026, #2877, #270 ) ;
#3163 = FACE_OUTER_BOUND ( 'NONE', #2531, .T. ) ;
#3164 = CARTESIAN_POINT ( 'NONE',  ( 7.347644387736080418, 16.73719175088936240, 6.030734055385440051 ) ) ;
#3165 = CARTESIAN_POINT ( 'NONE',  ( -30.50000000000000000, -13.00000000000000000, -1.500000000000000000 ) ) ;
#3166 = CARTESIAN_POINT ( 'NONE',  ( 1.092549306737672365, 14.49159556194409859, 9.948106247014342429 ) ) ;
#3167 = DIRECTION ( 'NONE',  ( -1.067522139062650277E-15, 0.000000000000000000, 1.000000000000000000 ) ) ;
#3168 = VERTEX_POINT ( 'NONE', #2101 ) ;
#3169 = CARTESIAN_POINT ( 'NONE',  ( 7.995167730979959586, 24.30136616193533072, 6.669844809385187645 ) ) ;
#3170 = CARTESIAN_POINT ( 'NONE',  ( 43.13157894736842479, -3.000000000000004441, 11.94432490796048185 ) ) ;
#3171 = LINE ( 'NONE', #3, #259 ) ;
#3172 = EDGE_LOOP ( 'NONE', ( #1619, #4028, #401, #639, #314, #3349, #1368, #2874, #2216 ) ) ;
#3173 = DIRECTION ( 'NONE',  ( 0.9187942236892678860, 0.000000000000000000, 0.3947368421052633303 ) ) ;
#3174 = CARTESIAN_POINT ( 'NONE',  ( -8.552234266884445546, 37.65685424938327230, 10.45208454885430527 ) ) ;
#3175 = ORIENTED_EDGE ( 'NONE', *, *, #3632, .F. ) ;
#3176 = CARTESIAN_POINT ( 'NONE',  ( 7.414610424771620245, 20.87199015730543294, 6.148046341701870254 ) ) ;
#3177 = EDGE_CURVE ( 'NONE', #3359, #1288, #4499, .T. ) ;
#3178 = CARTESIAN_POINT ( 'NONE',  ( 8.152262084135125875, 11.35454181526981365, 7.785563761017055384 ) ) ;
#3179 = ORIENTED_EDGE ( 'NONE', *, *, #190, .T. ) ;
#3180 = CARTESIAN_POINT ( 'NONE',  ( 2.669055819506932737E-15, 3.000000000000000000, -21.79449471770336544 ) ) ;
#3181 = ADVANCED_FACE ( 'NONE', ( #2124 ), #3338, .T. ) ;
#3182 = EDGE_LOOP ( 'NONE', ( #910, #3715, #3069, #1856, #145, #3023 ) ) ;
#3183 = CARTESIAN_POINT ( 'NONE',  ( -10.53524722873780917, 20.82260873216666397, 7.778357004193742874 ) ) ;
#3184 = AXIS2_PLACEMENT_3D ( 'NONE', #318, #1688, #3140 ) ;
#3185 = CARTESIAN_POINT ( 'NONE',  ( 0.000000000000000000, -3.000000000000000888, 0.000000000000000000 ) ) ;
#3186 = AXIS2_PLACEMENT_3D ( 'NONE', #3378, #921, #1990 ) ;
#3187 = CARTESIAN_POINT ( 'NONE',  ( 6.785960965882328111, 9.861793774810180935, 10.61878742335899339 ) ) ;
#3188 = AXIS2_PLACEMENT_3D ( 'NONE', #2657, #3712, #594 ) ;
#3189 = CARTESIAN_POINT ( 'NONE',  ( -5.955204218649857495, 9.187834736018228199, 11.67783834686754396 ) ) ;
#3190 = CARTESIAN_POINT ( 'NONE',  ( 7.989968207518452381, 24.41651376001914997, 6.688960144184363799 ) ) ;
#3191 = CARTESIAN_POINT ( 'NONE',  ( -41.94736842105263719, 0.000000000000000000, -9.187942236892677528 ) ) ;
#3192 = EDGE_CURVE ( 'NONE', #3704, #4010, #388, .T. ) ;
#3193 = DIRECTION ( 'NONE',  ( -0.000000000000000000, -1.000000000000000000, -0.000000000000000000 ) ) ;
#3194 = CARTESIAN_POINT ( 'NONE',  ( -5.092928977013390757, 30.17635497902178798, 16.55238364711870247 ) ) ;
#3195 = CARTESIAN_POINT ( 'NONE',  ( -11.05263157894736814, -13.00000000000000000, 25.72623826329950703 ) ) ;
#3196 = LINE ( 'NONE', #2506, #3641 ) ;
#3197 = ORIENTED_EDGE ( 'NONE', *, *, #3573, .F. ) ;
#3198 = CARTESIAN_POINT ( 'NONE',  ( 6.787396870058324261, 9.863081609029425323, 10.61666834111707303 ) ) ;
#3199 = ORIENTED_EDGE ( 'NONE', *, *, #1632, .F. ) ;
#3200 = ADVANCED_FACE ( 'NONE', ( #2449 ), #345, .F. ) ;
#3201 = CARTESIAN_POINT ( 'NONE',  ( 9.868421052631573431, -13.00000000000000000, -22.96985559223170625 ) ) ;
#3202 = DIRECTION ( 'NONE',  ( 0.000000000000000000, 0.000000000000000000, 1.000000000000000000 ) ) ;
#3203 = ORIENTED_EDGE ( 'NONE', *, *, #3601, .F. ) ;
#3204 = CARTESIAN_POINT ( 'NONE',  ( 7.384163426769784877, 20.89528937002772224, 8.571736713307442912 ) ) ;
#3205 = DIRECTION ( 'NONE',  ( 0.000000000000000000, 0.000000000000000000, 1.000000000000000000 ) ) ;
#3206 = CIRCLE ( 'NONE', #3135, 11.00000000000000000 ) ;
#3207 = CARTESIAN_POINT ( 'NONE',  ( -41.94736842105262298, -3.000000000000000000, 9.187942236892681080 ) ) ;
#3208 = CYLINDRICAL_SURFACE ( 'NONE', #3071, 7.499999999999998224 ) ;
#3209 = CARTESIAN_POINT ( 'NONE',  ( 7.985204468649221177, 24.56049848300874316, -5.146781523702359529 ) ) ;
#3210 = CIRCLE ( 'NONE', #3065, 25.00000000000000355 ) ;
#3211 = CARTESIAN_POINT ( 'NONE',  ( -8.096232438405515097, 16.52097640574717730, 13.03791446437664980 ) ) ;
#3212 = CARTESIAN_POINT ( 'NONE',  ( -9.372132240227189826, 16.16321820913042018, 8.285207671481432001 ) ) ;
#3213 = CARTESIAN_POINT ( 'NONE',  ( 0.000000000000000000, 0.000000000000000000, 0.000000000000000000 ) ) ;
#3214 = DIRECTION ( 'NONE',  ( 0.9187942236892681080, -0.000000000000000000, 0.3947368421052632748 ) ) ;
#3215 = CARTESIAN_POINT ( 'NONE',  ( -6.293202973643246878, 28.94107653100622102, 12.71452910530553027 ) ) ;
#3216 = DIRECTION ( 'NONE',  ( 0.000000000000000000, 0.000000000000000000, -1.000000000000000000 ) ) ;
#3217 = ORIENTED_EDGE ( 'NONE', *, *, #1538, .F. ) ;
#3218 = CARTESIAN_POINT ( 'NONE',  ( 1.392364561742478468, 16.11726743838643472, -9.401408730709185591 ) ) ;
#3219 = PLANE ( 'NONE',  #1066 ) ;
#3220 = ORIENTED_EDGE ( 'NONE', *, *, #1315, .T. ) ;
#3221 = FACE_OUTER_BOUND ( 'NONE', #2110, .T. ) ;
#3222 = CARTESIAN_POINT ( 'NONE',  ( 3.123927786139297336, 16.63281042691593470, 18.18998684368054342 ) ) ;
#3223 = ORIENTED_EDGE ( 'NONE', *, *, #3632, .T. ) ;
#3224 = ORIENTED_EDGE ( 'NONE', *, *, #1055, .T. ) ;
#3225 = UNCERTAINTY_MEASURE_WITH_UNIT (LENGTH_MEASURE( 1.000000000000000082E-05 ), #4054, 'distance_accuracy_value', 'NONE');
#3226 = CIRCLE ( 'NONE', #1828, 24.00000000000000355 ) ;
#3227 = CARTESIAN_POINT ( 'NONE',  ( -6.925734004708441027, 28.03429393107406042, -6.513851895598852693 ) ) ;
#3228 = DIRECTION ( 'NONE',  ( 0.9187942236892682191, -0.000000000000000000, 0.3947368421052626641 ) ) ;
#3229 = LOCAL_TIME ( 5, 17, 52.00000000000000000, #2737 ) ;
#3230 =( BOUNDED_SURFACE ( )  B_SPLINE_SURFACE ( 3, 2, ( 
 ( #1944, #559, #3738 ),
 ( #1966, #189, #1606 ),
 ( #210, #1625, #3028 ),
 ( #1276, #2938, #580 ),
 ( #1989, #1366, #3757 ),
 ( #2446, #1031, #2352 ),
 ( #1391, #2795, #4104 ),
 ( #1692, #4169, #3466 ),
 ( #2376, #2081, #4192 ),
 ( #1295, #3825, #1319 ),
 ( #4538, #3075, #3100 ),
 ( #4512, #2036, #2396 ),
 ( #960, #300, #277 ),
 ( #602, #3851, #2771 ),
 ( #1713, #2013, #647 ),
 ( #4486, #1008, #1647 ),
 ( #321, #3799, #4464 ),
 ( #2058, #1342, #2423 ),
 ( #2706, #3486, #256 ),
 ( #2725, #3443, #942 ),
 ( #3418, #692, #668 ),
 ( #3779, #3123, #1732 ),
 ( #622, #1669, #4125 ),
 ( #3142, #2100, #232 ) ),
 .UNSPECIFIED., .F., .F., .T. ) 
 B_SPLINE_SURFACE_WITH_KNOTS ( ( 4, 2, 2, 2, 2, 2, 2, 2, 2, 2, 2, 4 ),
 ( 3, 3 ),
 ( 0.000000000000000000, 0.001805843582432634792, 0.003611687164865269584, 0.004514608956081586980, 0.005417530747297904375, 0.007223374329730539167, 0.008126296120946856563, 0.009029217912163173959, 0.01083506149459580875, 0.01173798328581212615, 0.01264090507702844354, 0.01444674865946107833 ),
 ( 0.000000000000000000, 1.000000000000000000 ),
 .UNSPECIFIED. ) 
 GEOMETRIC_REPRESENTATION_ITEM ( )  RATIONAL_B_SPLINE_SURFACE ( (
 ( 1.000000000000000000, 0.5762017672644468291, 1.000000000000000000),
 ( 1.000000000000000000, 0.5892721321751938079, 1.000000000000000000),
 ( 1.000000000000000000, 0.6004800053829024709, 1.000000000000000000),
 ( 1.000000000000000000, 0.6199450169890547979, 1.000000000000000000),
 ( 1.000000000000000000, 0.6282020864610587951, 1.000000000000000000),
 ( 1.000000000000000000, 0.6390725682461108059, 1.000000000000000000),
 ( 1.000000000000000000, 0.6424474899349126300, 1.000000000000000000),
 ( 1.000000000000000000, 0.6486963088438677527, 1.000000000000000000),
 ( 1.000000000000000000, 0.6515903270757453791, 1.000000000000000000),
 ( 1.000000000000000000, 0.6598036515899011745, 1.000000000000000000),
 ( 1.000000000000000000, 0.6646655707557415083, 1.000000000000000000),
 ( 1.000000000000000000, 0.6717302207899351618, 1.000000000000000000),
 ( 1.000000000000000000, 0.6740567656595980450, 1.000000000000000000),
 ( 1.000000000000000000, 0.6786390088816783850, 1.000000000000000000),
 ( 1.000000000000000000, 0.6808914809211208397, 1.000000000000000000),
 ( 1.000000000000000000, 0.6876059297666261561, 1.000000000000000000),
 ( 1.000000000000000000, 0.6920397579153676482, 1.000000000000000000),
 ( 1.000000000000000000, 0.6986159013689638986, 1.000000000000000000),
 ( 1.000000000000000000, 0.7007993661764276849, 1.000000000000000000),
 ( 1.000000000000000000, 0.7050161342201012316, 1.000000000000000000),
 ( 1.000000000000000000, 0.7070567604407920204, 1.000000000000000000),
 ( 1.000000000000000000, 0.7128959958661446050, 1.000000000000000000),
 ( 1.000000000000000000, 0.7164127569965662579, 1.000000000000000000),
 ( 1.000000000000000000, 0.7192924026113723945, 1.000000000000000000) ) ) 
 REPRESENTATION_ITEM ( '' )  SURFACE ( )  );
#3231 = CARTESIAN_POINT ( 'NONE',  ( -7.859006371326022311, 10.96262443786091190, 8.664207862894743428 ) ) ;
#3232 = EDGE_CURVE ( 'NONE', #2157, #3682, #3116, .T. ) ;
#3233 = CARTESIAN_POINT ( 'NONE',  ( 6.001878189174413514, 29.51439470107156993, 7.639126236161997596 ) ) ;
#3234 = CARTESIAN_POINT ( 'NONE',  ( 43.13157894736841769, -13.00000000000000000, -11.94432490796049073 ) ) ;
#3235 = ADVANCED_FACE ( 'NONE', ( #1755 ), #2471, .T. ) ;
#3236 = CARTESIAN_POINT ( 'NONE',  ( -41.94736842105263719, 0.000000000000000000, -9.187942236892677528 ) ) ;
#3237 = CARTESIAN_POINT ( 'NONE',  ( 1.647236485845588842E-19, 16.00000000000000355, -9.500000000000001776 ) ) ;
#3238 = CARTESIAN_POINT ( 'NONE',  ( -6.988084255894369434, 27.91417552316885420, 9.537738847684401833 ) ) ;
#3239 = DIRECTION ( 'NONE',  ( 0.000000000000000000, 0.000000000000000000, 1.000000000000000000 ) ) ;
#3240 = CARTESIAN_POINT ( 'NONE',  ( 10.23182863263632036, 18.03959337045624167, 7.194180555395448984 ) ) ;
#3241 = EDGE_LOOP ( 'NONE', ( #4479, #3998, #2645, #3657 ) ) ;
#3242 = ORIENTED_EDGE ( 'NONE', *, *, #413, .T. ) ;
#3243 = CARTESIAN_POINT ( 'NONE',  ( 0.8736914324694632361, 37.97153891081690347, 16.48268354099571198 ) ) ;
#3244 = CARTESIAN_POINT ( 'NONE',  ( -4.804934632338099476, 17.59735216435755589, 15.81139098982844615 ) ) ;
#3245 = CARTESIAN_POINT ( 'NONE',  ( -6.689363424681823211, 32.74222245579601775, 16.93865732038313610 ) ) ;
#3246 = CYLINDRICAL_SURFACE ( 'NONE', #533, 11.00000000000000000 ) ;
#3247 = CARTESIAN_POINT ( 'NONE',  ( 3.974667128058725574, 34.25936758468475318, 18.80435747884440190 ) ) ;
#3248 = ORIENTED_EDGE ( 'NONE', *, *, #1542, .F. ) ;
#3249 = CIRCLE ( 'NONE', #1267, 3.000000000000000888 ) ;
#3250 = CARTESIAN_POINT ( 'NONE',  ( -2.606693901230185517, 37.65685424948885185, 16.29279432464822364 ) ) ;
#3251 = ORIENTED_EDGE ( 'NONE', *, *, #1854, .T. ) ;
#3252 = DIRECTION ( 'NONE',  ( 0.3947368421052631637, -0.000000000000000000, 0.9187942236892679970 ) ) ;
#3253 = CIRCLE ( 'NONE', #1269, 13.50000000000000178 ) ;
#3254 = CARTESIAN_POINT ( 'NONE',  ( 7.942534838214460713, 24.98279810608273266, 6.860954089127083044 ) ) ;
#3255 = CARTESIAN_POINT ( 'NONE',  ( 7.731059641822549011, 21.87380132409474598, -9.823431187563491207 ) ) ;
#3256 = CARTESIAN_POINT ( 'NONE',  ( 1.760364712500790629, 31.80391671399573994, 19.25512056549848339 ) ) ;
#3257 = CARTESIAN_POINT ( 'NONE',  ( -8.003089576980988440, 24.07190137403908992, 6.640704181863838151 ) ) ;
#3258 = EDGE_CURVE ( 'NONE', #1250, #1057, #370, .T. ) ;
#3259 = CARTESIAN_POINT ( 'NONE',  ( 0.000000000000000000, 32.00000000000000000, 0.000000000000000000 ) ) ;
#3260 = CARTESIAN_POINT ( 'NONE',  ( 1.760364712500790629, 31.80391671399573994, 19.25512056549848339 ) ) ;
#3261 = VERTEX_POINT ( 'NONE', #3826 ) ;
#3262 = DIRECTION ( 'NONE',  ( -0.5714285714285715079, 0.8206518066482897389, 0.000000000000000000 ) ) ;
#3263 = EDGE_CURVE ( 'NONE', #2562, #1189, #1080, .T. ) ;
#3264 = ORIENTED_EDGE ( 'NONE', *, *, #3987, .T. ) ;
#3265 = CARTESIAN_POINT ( 'NONE',  ( -2.420501479713160986, 34.73038548173859397, 19.25512056549347051 ) ) ;
#3266 = CARTESIAN_POINT ( 'NONE',  ( -2.585785024131447507, 16.42679279261355063, 18.65942152961911304 ) ) ;
#3267 = EDGE_CURVE ( 'NONE', #2666, #212, #2930, .T. ) ;
#3268 = CARTESIAN_POINT ( 'NONE',  ( -9.131747461966005730, 17.84334770521925151, 10.27284070714622111 ) ) ;
#3269 = LINE ( 'NONE', #1565, #2251 ) ;
#3270 = CARTESIAN_POINT ( 'NONE',  ( 5.833063820076938022, 36.93433818605084440, 15.35030552982319740 ) ) ;
#3271 = ORIENTED_EDGE ( 'NONE', *, *, #1202, .F. ) ;
#3272 = CC_DESIGN_PERSON_AND_ORGANIZATION_ASSIGNMENT ( #3389, #2763, ( #3108 ) ) ;
#3273 = FACE_BOUND ( 'NONE', #1170, .T. ) ;
#3274 = CARTESIAN_POINT ( 'NONE',  ( -3.368542451933584925, 34.51443433789543747, 15.83952589197120631 ) ) ;
#3275 = EDGE_LOOP ( 'NONE', ( #1467, #1090 ) ) ;
#3276 = LINE ( 'NONE', #3772, #1073 ) ;
#3277 = CARTESIAN_POINT ( 'NONE',  ( 7.547472035608419283, 26.66520720563151414, -5.770878438273280508 ) ) ;
#3278 = CARTESIAN_POINT ( 'NONE',  ( 9.581922325205029622, 31.43637454859728919, 8.041087300561173379 ) ) ;
#3279 = CARTESIAN_POINT ( 'NONE',  ( -6.098024314822369618, 14.83477377817423815, 16.49478351063095971 ) ) ;
#3280 = CARTESIAN_POINT ( 'NONE',  ( -38.00000000000000000, -13.00000000000000000, 0.000000000000000000 ) ) ;
#3281 = CARTESIAN_POINT ( 'NONE',  ( 9.868421052631576984, -13.00000000000000000, -22.96985559223170270 ) ) ;
#3282 = AXIS2_PLACEMENT_3D ( 'NONE', #675, #2451, #717 ) ;
#3283 = CARTESIAN_POINT ( 'NONE',  ( -7.901071637199838626, 25.33428444045079786, 5.457091963166101678 ) ) ;
#3284 = CARTESIAN_POINT ( 'NONE',  ( 0.000000000000000000, -3.000000000000002665, 0.000000000000000000 ) ) ;
#3285 = AXIS2_PLACEMENT_3D ( 'NONE', #2528, #399, #3878 ) ;
#3286 = CARTESIAN_POINT ( 'NONE',  ( 7.996616166910023971, 24.26598848877626580, 6.664565884639796600 ) ) ;
#3287 = ORIENTED_EDGE ( 'NONE', *, *, #1540, .F. ) ;
#3288 = ORIENTED_EDGE ( 'NONE', *, *, #2405, .F. ) ;
#3289 = EDGE_CURVE ( 'NONE', #1550, #3458, #1125, .T. ) ;
#3290 = CARTESIAN_POINT ( 'NONE',  ( 0.6514943486962110342, 34.98663257125002701, 16.49162215701367629 ) ) ;
#3291 = CARTESIAN_POINT ( 'NONE',  ( 5.990472195929988253, 18.68103302460907855, 12.63543022684772588 ) ) ;
#3292 = CIRCLE ( 'NONE', #2112, 21.00000000000000000 ) ;
#3293 = AXIS2_PLACEMENT_3D ( 'NONE', #802, #3993, #2889 ) ;
#3294 = EDGE_CURVE ( 'NONE', #863, #766, #1890, .T. ) ;
#3295 = PLANE ( 'NONE',  #269 ) ;
#3296 = DIRECTION ( 'NONE',  ( 0.000000000000000000, 0.000000000000000000, 1.000000000000000000 ) ) ;
#3297 = CARTESIAN_POINT ( 'NONE',  ( 6.571517048654473392, 33.46759016149724886, 11.05926223920403118 ) ) ;
#3298 = EDGE_CURVE ( 'NONE', #3971, #1766, #4325, .T. ) ;
#3299 = ORIENTED_EDGE ( 'NONE', *, *, #4243, .F. ) ;
#3300 = VECTOR ( 'NONE', #589, 1000.000000000000000 ) ;
#3301 = CARTESIAN_POINT ( 'NONE',  ( 0.000000000000000000, 15.61249499599599488, 0.000000000000000000 ) ) ;
#3302 = CARTESIAN_POINT ( 'NONE',  ( -2.509349686632072807, 37.65685424949244009, 13.26611280323163733 ) ) ;
#3303 = CARTESIAN_POINT ( 'NONE',  ( 9.868421052631582313, 0.000000000000000000, 22.96985559223170270 ) ) ;
#3304 = ORIENTED_EDGE ( 'NONE', *, *, #2022, .T. ) ;
#3305 = CARTESIAN_POINT ( 'NONE',  ( 0.000000000000000000, 58.00000000000000000, 0.000000000000000000 ) ) ;
#3306 = CARTESIAN_POINT ( 'NONE',  ( 11.00094957234684401, 23.93329783829456758, 6.649530285640782523 ) ) ;
#3307 = CARTESIAN_POINT ( 'NONE',  ( -3.627421931635267160, 13.60292976753295058, 18.63387927322121485 ) ) ;
#3308 = LINE ( 'NONE', #3941, #1638 ) ;
#3309 = AXIS2_PLACEMENT_3D ( 'NONE', #434, #1387, #3205 ) ;
#3310 = DIRECTION ( 'NONE',  ( 0.000000000000000000, 1.000000000000000000, -0.000000000000000000 ) ) ;
#3311 = CARTESIAN_POINT ( 'NONE',  ( -7.337714827880619239, 27.21123538507438155, 8.696505292727394476 ) ) ;
#3312 = DIRECTION ( 'NONE',  ( 0.000000000000000000, 0.000000000000000000, 1.000000000000000000 ) ) ;
#3313 = CARTESIAN_POINT ( 'NONE',  ( 5.777977614290569441, 37.65685424949239035, 12.22497550585239878 ) ) ;
#3314 = ORIENTED_EDGE ( 'NONE', *, *, #4515, .F. ) ;
#3315 = DIRECTION ( 'NONE',  ( 0.000000000000000000, 0.6095514542075675113, -0.7927465071972502608 ) ) ;
#3316 = ORIENTED_EDGE ( 'NONE', *, *, #636, .F. ) ;
#3317 = CARTESIAN_POINT ( 'NONE',  ( 10.88839267104616582, 25.59182024777309650, 6.944636328587441731 ) ) ;
#3318 = DIRECTION ( 'NONE',  ( 0.000000000000000000, 1.000000000000000000, -0.000000000000000000 ) ) ;
#3319 = ADVANCED_FACE ( 'NONE', ( #2882 ), #1221, .F. ) ;
#3320 = CARTESIAN_POINT ( 'NONE',  ( 7.366326074797767909, 36.35501487185242553, 14.43458444843400379 ) ) ;
#3321 = VERTEX_POINT ( 'NONE', #1869 ) ;
#3322 = ADVANCED_FACE ( 'NONE', ( #1172 ), #4281, .T. ) ;
#3323 = CARTESIAN_POINT ( 'NONE',  ( -7.362634911094250612, 36.35881981687184350, 14.44774464744733500 ) ) ;
#3324 = ORIENTED_EDGE ( 'NONE', *, *, #2722, .F. ) ;
#3325 = CARTESIAN_POINT ( 'NONE',  ( -7.982440249800093923, 18.81426321626912568, 5.158038833002395407 ) ) ;
#3326 = VERTEX_POINT ( 'NONE', #2585 ) ;
#3327 = CARTESIAN_POINT ( 'NONE',  ( 10.54385823018177781, 27.17281799580808865, 6.759428846786194711 ) ) ;
#3328 = CARTESIAN_POINT ( 'NONE',  ( -1.320604426378864993, 12.99421162216453673, 14.58115453163942377 ) ) ;
#3329 = CARTESIAN_POINT ( 'NONE',  ( 7.891433731333593826, 22.66591880948640281, 7.040116422735255952 ) ) ;
#3330 = CARTESIAN_POINT ( 'NONE',  ( 8.583215597783961925, 24.13306055805767159, 4.071668853588280790 ) ) ;
#3331 = CARTESIAN_POINT ( 'NONE',  ( 0.000000000000000000, 32.00000000000000000, -9.500000000000001776 ) ) ;
#3332 = DIRECTION ( 'NONE',  ( 0.000000000000000000, 0.000000000000000000, 1.000000000000000000 ) ) ;
#3333 = CARTESIAN_POINT ( 'NONE',  ( 1.187654595076982345, 31.91690578137049172, 19.39582152519608016 ) ) ;
#3334 = ORIENTED_EDGE ( 'NONE', *, *, #1053, .F. ) ;
#3335 = DIRECTION ( 'NONE',  ( 0.000000000000000000, 0.000000000000000000, 1.000000000000000000 ) ) ;
#3336 = AXIS2_PLACEMENT_3D ( 'NONE', #2866, #1107, #1806 ) ;
#3337 = CIRCLE ( 'NONE', #1569, 7.499999999999998224 ) ;
#3338 = TOROIDAL_SURFACE ( 'NONE', #2741, 13.50000000000000178, 3.000000000000000000 ) ;
#3339 = ORIENTED_EDGE ( 'NONE', *, *, #2095, .T. ) ;
#3340 = LINE ( 'NONE', #2244, #481 ) ;
#3341 = CIRCLE ( 'NONE', #4350, 18.82251816528927435 ) ;
#3342 = LINE ( 'NONE', #610, #3300 ) ;
#3343 = CARTESIAN_POINT ( 'NONE',  ( 1.477102105652237318, 13.09583048718252840, 19.44610244488711714 ) ) ;
#3344 = CARTESIAN_POINT ( 'NONE',  ( 9.960384757306840697, 35.13047943750339641, 11.46092191868503640 ) ) ;
#3345 = CARTESIAN_POINT ( 'NONE',  ( -7.945541181881104364, 22.92527453638183488, -9.650764567984760234 ) ) ;
#3346 = ORIENTED_EDGE ( 'NONE', *, *, #828, .F. ) ;
#3347 = FACE_BOUND ( 'NONE', #4298, .T. ) ;
#3348 = CARTESIAN_POINT ( 'NONE',  ( -1.635267146016960105, 32.24992288759489156, 12.38998394702745109 ) ) ;
#3349 = ORIENTED_EDGE ( 'NONE', *, *, #609, .T. ) ;
#3350 = ORIENTED_EDGE ( 'NONE', *, *, #3708, .T. ) ;
#3351 = CARTESIAN_POINT ( 'NONE',  ( 10.30122165666021949, 27.89899738152723430, 8.279216698601768343 ) ) ;
#3352 = CARTESIAN_POINT ( 'NONE',  ( -4.358961368662999547, 13.57671706187986160, 13.14797614025962424 ) ) ;
#3353 = ADVANCED_FACE ( 'NONE', ( #4302 ), #80, .T. ) ;
#3354 = CARTESIAN_POINT ( 'NONE',  ( -9.868421052631576984, -3.000000000000000888, -22.96985559223170625 ) ) ;
#3355 = CARTESIAN_POINT ( 'NONE',  ( -5.129063007439134125, 17.85907418048608264, 15.09636536035559473 ) ) ;
#3356 = DIRECTION ( 'NONE',  ( 0.6712468402156390734, -0.000000000000000000, 0.7412338898758746852 ) ) ;
#3357 = CARTESIAN_POINT ( 'NONE',  ( -11.05263157894737169, -13.00000000000000000, -25.72623826329950347 ) ) ;
#3358 = VERTEX_POINT ( 'NONE', #3645 ) ;
#3359 = VERTEX_POINT ( 'NONE', #4367 ) ;
#3360 = VECTOR ( 'NONE', #47, 1000.000000000000000 ) ;
#3361 = CARTESIAN_POINT ( 'NONE',  ( 10.24585942209220590, 28.03878538385888319, 8.389490205243129495 ) ) ;
#3362 = CARTESIAN_POINT ( 'NONE',  ( -1.752948899073046407, 37.88445247408171213, 16.42938549777572632 ) ) ;
#3363 = LINE ( 'NONE', #2382, #1453 ) ;
#3364 = DIRECTION ( 'NONE',  ( -0.9187942236892679970, -0.000000000000000000, 0.3947368421052631637 ) ) ;
#3365 = FACE_OUTER_BOUND ( 'NONE', #2762, .T. ) ;
#3366 = VECTOR ( 'NONE', #287, 1000.000000000000114 ) ;
#3367 = CARTESIAN_POINT ( 'NONE',  ( -2.132749555530293772, 37.65685424949238325, 13.33046808380656323 ) ) ;
#3368 = VERTEX_POINT ( 'NONE', #484 ) ;
#3369 = CARTESIAN_POINT ( 'NONE',  ( -8.558704287840773972, 25.23876867337473584, 4.125316872394142464 ) ) ;
#3370 = CARTESIAN_POINT ( 'NONE',  ( 10.63649731894438943, 26.81957179361798893, 7.551295108901372011 ) ) ;
#3371 = EDGE_CURVE ( 'NONE', #2043, #863, #3253, .T. ) ;
#3372 = AXIS2_PLACEMENT_3D ( 'NONE', #3807, #653, #3471 ) ;
#3373 = CARTESIAN_POINT ( 'NONE',  ( -6.702787057117434166, 10.65309844982937726, 14.24549485007510619 ) ) ;
#3374 = CARTESIAN_POINT ( 'NONE',  ( -1.520961354411665134, 14.51243263698772346, 9.660285097645768815 ) ) ;
#3375 = CARTESIAN_POINT ( 'NONE',  ( 8.265054084928681988, 20.16955489884804820, 4.691944074152169186 ) ) ;
#3376 = CARTESIAN_POINT ( 'NONE',  ( -2.337500172572383850, 13.24757661592683888, 19.20642137416312778 ) ) ;
#3377 = DIRECTION ( 'NONE',  ( 0.000000000000000000, 1.000000000000000000, 0.000000000000000000 ) ) ;
#3378 = CARTESIAN_POINT ( 'NONE',  ( 0.000000000000000000, -3.000000000000002665, 0.000000000000000000 ) ) ;
#3379 = B_SPLINE_CURVE_WITH_KNOTS ( 'NONE', 3,
 ( #841, #2253, #3670, #1913, #3325, #4034, #870, #3693, #62, #2010, #3369, #252, #181, #3045, #2370, #1599, #977, #4395 ),
 .UNSPECIFIED., .F., .F.,
 ( 4, 2, 2, 2, 2, 2, 2, 2, 4 ),
 ( 0.000000000000000000, 0.002199615879729356020, 0.004399231759458712039, 0.006598847639188068492, 0.008798463518917424078, 0.01099807939864677966, 0.01319769527837613698, 0.01539731115810549257, 0.01759692703783484816 ),
 .UNSPECIFIED. ) ;
#3380 = ORIENTED_EDGE ( 'NONE', *, *, #770, .T. ) ;
#3381 = AXIS2_PLACEMENT_3D ( 'NONE', #2549, #1922, #3335 ) ;
#3382 = EDGE_CURVE ( 'NONE', #1682, #3409, #1037, .T. ) ;
#3383 = EDGE_CURVE ( 'NONE', #2903, #718, #3379, .T. ) ;
#3384 = ORIENTED_EDGE ( 'NONE', *, *, #2643, .F. ) ;
#3385 = CARTESIAN_POINT ( 'NONE',  ( 9.317976429015624618, 29.86807516613876246, 9.995618571116052564 ) ) ;
#3386 = CARTESIAN_POINT ( 'NONE',  ( 5.774490910899640284, 29.53969155145169978, 14.92278844176561670 ) ) ;
#3387 = CARTESIAN_POINT ( 'NONE',  ( 0.3514683883718943136, 38.00040527396902235, 13.50020143800121097 ) ) ;
#3388 = CARTESIAN_POINT ( 'NONE',  ( -38.00000000000000000, -13.00000000000000000, -7.499999999999998224 ) ) ;
#3389 = PERSON_AND_ORGANIZATION ( #574, #3960 ) ;
#3390 = CARTESIAN_POINT ( 'NONE',  ( -5.614159249285224362, 33.73002208544212976, 13.60394028993611393 ) ) ;
#3391 = ORIENTED_EDGE ( 'NONE', *, *, #3817, .T. ) ;
#3392 = CARTESIAN_POINT ( 'NONE',  ( -7.730213357700112198, 26.12766945519209472, -9.824083343183810157 ) ) ;
#3393 = CARTESIAN_POINT ( 'NONE',  ( 6.246130567185344873, 14.52946620260428112, 11.08840697489781846 ) ) ;
#3394 = CARTESIAN_POINT ( 'NONE',  ( -2.107850251314788093, 16.28048025617849248, 18.98561046067026936 ) ) ;
#3395 = EDGE_CURVE ( 'NONE', #2220, #3961, #1403, .T. ) ;
#3396 = CARTESIAN_POINT ( 'NONE',  ( -8.520423099343499729, 17.02635205780234173, 11.79930821222629511 ) ) ;
#3397 = DIRECTION ( 'NONE',  ( -0.000000000000000000, -1.000000000000000000, -0.000000000000000000 ) ) ;
#3398 = CARTESIAN_POINT ( 'NONE',  ( 38.00000000000000000, -3.000000000000000888, -7.499999999999998224 ) ) ;
#3399 = CARTESIAN_POINT ( 'NONE',  ( 8.573737022327229340, 23.30742751575606064, 4.091598023380322857 ) ) ;
#3400 = CARTESIAN_POINT ( 'NONE',  ( -9.027169873131187572, 30.28571428571428825, 10.40432602334240642 ) ) ;
#3401 = EDGE_LOOP ( 'NONE', ( #4033, #3859, #4335, #1041 ) ) ;
#3402 = LINE ( 'NONE', #4384, #335 ) ;
#3403 = DIRECTION ( 'NONE',  ( -0.000000000000000000, -1.000000000000000000, -0.000000000000000000 ) ) ;
#3404 = VECTOR ( 'NONE', #1226, 1000.000000000000000 ) ;
#3405 = AXIS2_PLACEMENT_3D ( 'NONE', #1158, #491, #1205 ) ;
#3406 = DIRECTION ( 'NONE',  ( 0.000000000000000000, 0.9804487857979973242, -0.1967744354006196184 ) ) ;
#3407 = CARTESIAN_POINT ( 'NONE',  ( -0.2687911250457224455, 16.00000000000000711, -12.50000000000000178 ) ) ;
#3408 = CARTESIAN_POINT ( 'NONE',  ( 43.13157894736842479, -13.00000000000000000, 11.94432490796048185 ) ) ;
#3409 = VERTEX_POINT ( 'NONE', #4089 ) ;
#3410 = CALENDAR_DATE ( 2026, 3, 8 ) ;
#3411 = CARTESIAN_POINT ( 'NONE',  ( -8.347202413159282131, 35.91300896740060011, 13.59570931997043175 ) ) ;
#3412 = ORIENTED_EDGE ( 'NONE', *, *, #889, .F. ) ;
#3413 = CIRCLE ( 'NONE', #4429, 4.499999999999998224 ) ;
#3414 = CARTESIAN_POINT ( 'NONE',  ( -38.00000000000000000, -13.00000000000000000, 0.000000000000000000 ) ) ;
#3415 = CARTESIAN_POINT ( 'NONE',  ( 4.355789217762002785, 13.57552647497172771, 13.15048910862275733 ) ) ;
#3416 = CARTESIAN_POINT ( 'NONE',  ( -0.4026235355433891994, 16.00038663903968583, 19.59508925762034437 ) ) ;
#3417 = CARTESIAN_POINT ( 'NONE',  ( -7.220086066119073109, 15.69283036369317763, 14.82269469151676589 ) ) ;
#3418 = CARTESIAN_POINT ( 'NONE',  ( 2.890667002225246751, 31.46135824340679576, 18.80435747884387254 ) ) ;
#3419 = CARTESIAN_POINT ( 'NONE',  ( 5.728748139291117702, 36.96772803605684032, 15.39778835917324606 ) ) ;
#3420 = ORIENTED_EDGE ( 'NONE', *, *, #1456, .T. ) ;
#3421 = CARTESIAN_POINT ( 'NONE',  ( -11.24407126817328972, 25.32752206858225463, 5.461070979591290175 ) ) ;
#3422 = ORIENTED_EDGE ( 'NONE', *, *, #2558, .T. ) ;
#3423 = CARTESIAN_POINT ( 'NONE',  ( -11.05263157894736814, -3.000000000000004441, 25.72623826329950703 ) ) ;
#3424 = CARTESIAN_POINT ( 'NONE',  ( 0.000000000000000000, 58.00000000000000000, 0.000000000000000000 ) ) ;
#3425 = ADVANCED_FACE ( 'NONE', ( #2340 ), #4135, .F. ) ;
#3426 = DIRECTION ( 'NONE',  ( -0.000000000000000000, -0.000000000000000000, 1.000000000000000000 ) ) ;
#3427 = AXIS2_PLACEMENT_3D ( 'NONE', #2167, #2542, #3627 ) ;
#3428 = DIRECTION ( 'NONE',  ( 0.5991075002860006826, -0.8006685975489855611, 0.000000000000000000 ) ) ;
#3429 = CARTESIAN_POINT ( 'NONE',  ( 0.000000000000000000, 58.00000000000000000, 0.000000000000000000 ) ) ;
#3430 = CIRCLE ( 'NONE', #3889, 2.999999999999999112 ) ;
#3431 = ADVANCED_FACE ( 'NONE', ( #4475 ), #2830, .T. ) ;
#3432 = APPROVAL_DATE_TIME ( #4432, #2877 ) ;
#3433 = EDGE_CURVE ( 'NONE', #2107, #31, #4278, .T. ) ;
#3434 = ORIENTED_EDGE ( 'NONE', *, *, #828, .T. ) ;
#3435 = EDGE_LOOP ( 'NONE', ( #4443, #4366, #4259, #1332 ) ) ;
#3436 = B_SPLINE_CURVE_WITH_KNOTS ( 'NONE', 3,
 ( #2815, #710, #2879, #3575, #4211, #2141, #4260, #411, #1100, #2517, #2466, #3139, #4190, #2161, #1077, #3227, #4279, #1122, #3934, #2494, #1051, #1029, #2443, #392 ),
 .UNSPECIFIED., .F., .F.,
 ( 4, 2, 2, 2, 2, 2, 2, 2, 2, 2, 2, 4 ),
 ( 0.000000000000000000, 0.001673100970703262844, 0.002509651456054894699, 0.003346201941406526121, 0.004182752426758157976, 0.005019302912109789398, 0.006692403882813045303, 0.008365504853516302075, 0.01003860582421955798, 0.01171170679492281215, 0.01254825728027443923, 0.01338480776562606632 ),
 .UNSPECIFIED. ) ;
#3437 = CARTESIAN_POINT ( 'NONE',  ( 1.441082941230053649, 37.85405706936100501, 13.42761529796884190 ) ) ;
#3438 = CIRCLE ( 'NONE', #2998, 12.99999999999999822 ) ;
#3439 = DIRECTION ( 'NONE',  ( 0.000000000000000000, 1.000000000000000000, 0.000000000000000000 ) ) ;
#3440 = CIRCLE ( 'NONE', #4093, 6.000000000000000000 ) ;
#3441 = CARTESIAN_POINT ( 'NONE',  ( 5.887747501732576438, 18.56015748842787616, 13.03982499595721478 ) ) ;
#3442 = CARTESIAN_POINT ( 'NONE',  ( -7.997202432874828126, 18.91339777668870425, 5.129746392152485512 ) ) ;
#3443 = CARTESIAN_POINT ( 'NONE',  ( 1.390935120412112980, 32.07743155768358889, 12.95118782541059055 ) ) ;
#3444 = CARTESIAN_POINT ( 'NONE',  ( 7.290460398808372489, 36.38704338200466282, 14.49013374112475638 ) ) ;
#3445 = ORIENTED_EDGE ( 'NONE', *, *, #1540, .T. ) ;
#3446 = TOROIDAL_SURFACE ( 'NONE', #3372, 25.00000000000000355, 3.000000000000000000 ) ;
#3447 = VERTEX_POINT ( 'NONE', #368 ) ;
#3448 = CARTESIAN_POINT ( 'NONE',  ( 6.353645997539779877, 28.88766406586323043, -10.77001390022017269 ) ) ;
#3449 = CYLINDRICAL_SURFACE ( 'NONE', #164, 28.00000000000000355 ) ;
#3450 = ORIENTED_EDGE ( 'NONE', *, *, #4323, .T. ) ;
#3451 = DIRECTION ( 'NONE',  ( 0.000000000000000000, 0.000000000000000000, 1.000000000000000000 ) ) ;
#3452 = VECTOR ( 'NONE', #3845, 1000.000000000000000 ) ;
#3453 = DIRECTION ( 'NONE',  ( -0.000000000000000000, -1.000000000000000000, -0.000000000000000000 ) ) ;
#3454 = ADVANCED_FACE ( 'NONE', ( #1050 ), #231, .T. ) ;
#3455 = ORIENTED_EDGE ( 'NONE', *, *, #4341, .F. ) ;
#3456 = CARTESIAN_POINT ( 'NONE',  ( 0.000000000000000000, 0.000000000000000000, 0.000000000000000000 ) ) ;
#3457 = EDGE_LOOP ( 'NONE', ( #46, #81, #3609 ) ) ;
#3458 = VERTEX_POINT ( 'NONE', #1411 ) ;
#3459 = CARTESIAN_POINT ( 'NONE',  ( 9.868421052631578760, -13.00000000000000000, -22.96985559223170270 ) ) ;
#3460 = CARTESIAN_POINT ( 'NONE',  ( -5.203060691194389520, 9.809988887248705325, 15.42017190988918429 ) ) ;
#3461 = DIRECTION ( 'NONE',  ( 0.000000000000000000, 1.000000000000000000, 0.000000000000000000 ) ) ;
#3462 = CARTESIAN_POINT ( 'NONE',  ( 3.980999686249047098, 9.296805216656167659, 16.09584109180113032 ) ) ;
#3463 = CARTESIAN_POINT ( 'NONE',  ( 10.15322471180818553, 19.73102288378736802, 8.571736713307442912 ) ) ;
#3464 = CARTESIAN_POINT ( 'NONE',  ( 7.859107914538449258, 10.96276014179995073, 8.663903625076722292 ) ) ;
#3465 = EDGE_CURVE ( 'NONE', #700, #2819, #4534, .T. ) ;
#3466 = CARTESIAN_POINT ( 'NONE',  ( 7.674239035505223683, 37.65685424955353966, 11.10807551193678400 ) ) ;
#3467 = LINE ( 'NONE', #3739, #3986 ) ;
#3468 = EDGE_LOOP ( 'NONE', ( #1115, #120, #497, #3540 ) ) ;
#3469 = DIRECTION ( 'NONE',  ( 0.000000000000000000, 1.000000000000000000, 0.000000000000000000 ) ) ;
#3470 = CARTESIAN_POINT ( 'NONE',  ( 8.000000000000001776, 24.26816206417942823, -9.604686356149272797 ) ) ;
#3471 = DIRECTION ( 'NONE',  ( 0.000000000000000000, 0.000000000000000000, 1.000000000000000000 ) ) ;
#3472 = CARTESIAN_POINT ( 'NONE',  ( -7.672508990401006201, 37.65685424951993809, 11.11371073325073588 ) ) ;
#3473 = ORIENTED_EDGE ( 'NONE', *, *, #2619, .F. ) ;
#3474 = AXIS2_PLACEMENT_3D ( 'NONE', #1814, #2782, #359 ) ;
#3475 = CARTESIAN_POINT ( 'NONE',  ( 2.183421293296034627, 37.76969367324787186, 16.36051396215563614 ) ) ;
#3476 = DIRECTION ( 'NONE',  ( -0.000000000000000000, -1.000000000000000000, -0.000000000000000000 ) ) ;
#3477 = ORIENTED_EDGE ( 'NONE', *, *, #767, .T. ) ;
#3478 = AXIS2_PLACEMENT_3D ( 'NONE', #2372, #3439, #1388 ) ;
#3479 = ORIENTED_EDGE ( 'NONE', *, *, #638, .T. ) ;
#3480 = DIRECTION ( 'NONE',  ( -0.000000000000000000, 0.000000000000000000, 1.000000000000000000 ) ) ;
#3481 = CARTESIAN_POINT ( 'NONE',  ( -6.089410769858954353, 10.27902634385489478, 14.77661446425402225 ) ) ;
#3482 = CARTESIAN_POINT ( 'NONE',  ( -7.569773435896536284, 26.63944059794971508, -9.950420958640927793 ) ) ;
#3483 = DIRECTION ( 'NONE',  ( 0.000000000000000000, 0.000000000000000000, -1.000000000000000000 ) ) ;
#3484 = EDGE_CURVE ( 'NONE', #2511, #1682, #2606, .T. ) ;
#3485 = CARTESIAN_POINT ( 'NONE',  ( 1.518794984733547349, 14.51222284868797274, 9.661925090830967733 ) ) ;
#3486 = CARTESIAN_POINT ( 'NONE',  ( 1.483457578345602546, 32.12337401111077639, 12.77080251093812002 ) ) ;
#3487 = CARTESIAN_POINT ( 'NONE',  ( -0.9973486500753211415, 7.309795600764035228, 14.20638031358551068 ) ) ;
#3488 = ORIENTED_EDGE ( 'NONE', *, *, #2348, .F. ) ;
#3489 = ADVANCED_FACE ( 'NONE', ( #2442 ), #403, .T. ) ;
#3490 = CARTESIAN_POINT ( 'NONE',  ( 7.963737994746007409, 23.15421628726949876, 5.357950784480504325 ) ) ;
#3491 = CARTESIAN_POINT ( 'NONE',  ( -10.06287681785867960, 17.64249015359678197, 7.418587088786495976 ) ) ;
#3492 = CARTESIAN_POINT ( 'NONE',  ( -38.00000000000000000, 0.000000000000000000, 0.000000000000000000 ) ) ;
#3493 = DIRECTION ( 'NONE',  ( 0.000000000000000000, 0.000000000000000000, 1.000000000000000000 ) ) ;
#3494 = CARTESIAN_POINT ( 'NONE',  ( 1.084984236363324417, 31.93073249838208127, -12.45576430784974775 ) ) ;
#3495 = DIRECTION ( 'NONE',  ( 0.000000000000000000, 1.000000000000000000, 0.000000000000000000 ) ) ;
#3496 = CARTESIAN_POINT ( 'NONE',  ( -6.199362517492927438, 29.05968798004193232, 13.24677625688419447 ) ) ;
#3497 = VERTEX_POINT ( 'NONE', #1153 ) ;
#3498 = ADVANCED_FACE ( 'NONE', ( #753 ), #2935, .F. ) ;
#3499 = CARTESIAN_POINT ( 'NONE',  ( 1.973441382870262606, 7.462855775883118881, 14.01693871037463701 ) ) ;
#3500 = CARTESIAN_POINT ( 'NONE',  ( -38.00000000000000000, -13.00000000000000000, 0.000000000000000000 ) ) ;
#3501 = CARTESIAN_POINT ( 'NONE',  ( 2.420501479688585533, 34.73038548174414331, 19.25512056549847983 ) ) ;
#3502 = FACE_BOUND ( 'NONE', #3275, .T. ) ;
#3503 = CIRCLE ( 'NONE', #3865, 12.50000000000000000 ) ;
#3504 = ORIENTED_EDGE ( 'NONE', *, *, #3192, .F. ) ;
#3505 = CARTESIAN_POINT ( 'NONE',  ( -11.00000000000001243, 23.82562150969560477, 6.652067347825782129 ) ) ;
#3506 = DIRECTION ( 'NONE',  ( 0.000000000000000000, 0.000000000000000000, 1.000000000000000000 ) ) ;
#3507 = CARTESIAN_POINT ( 'NONE',  ( 0.000000000000000000, -3.000000000000000888, 25.00000000000000355 ) ) ;
#3508 = CARTESIAN_POINT ( 'NONE',  ( 0.000000000000000000, -3.000000000000000000, 15.71623364550171154 ) ) ;
#3509 = CARTESIAN_POINT ( 'NONE',  ( 0.7805472506645150244, 16.03575208665820995, 19.51916428571328055 ) ) ;
#3510 = CARTESIAN_POINT ( 'NONE',  ( 11.20936036568579830, 15.61249499599599488, 10.70515017139845249 ) ) ;
#3511 = ORIENTED_EDGE ( 'NONE', *, *, #3816, .F. ) ;
#3512 = ADVANCED_FACE ( 'NONE', ( #2349 ), #1338, .T. ) ;
#3513 = AXIS2_PLACEMENT_3D ( 'NONE', #1702, #3476, #3887 ) ;
#3514 = VECTOR ( 'NONE', #1840, 1000.000000000000000 ) ;
#3515 = CARTESIAN_POINT ( 'NONE',  ( -8.206944794664043030, 11.84623980801726262, 12.38547259877099194 ) ) ;
#3516 = CARTESIAN_POINT ( 'NONE',  ( -10.25205274248971321, 20.00338396744610137, 8.369586218558350055 ) ) ;
#3517 = CARTESIAN_POINT ( 'NONE',  ( -11.29413309366713491, 24.13239210666840862, 5.356559760743651921 ) ) ;
#3518 = ORIENTED_EDGE ( 'NONE', *, *, #1660, .F. ) ;
#3519 = CARTESIAN_POINT ( 'NONE',  ( -7.773518990153976738, 25.90095991625904048, 7.431460733121161510 ) ) ;
#3520 = DIRECTION ( 'NONE',  ( 0.000000000000000000, 1.000000000000000000, 0.000000000000000000 ) ) ;
#3521 = CARTESIAN_POINT ( 'NONE',  ( -2.038317369557804071, 33.71652807624340653, 10.18784504199817498 ) ) ;
#3522 = EDGE_CURVE ( 'NONE', #478, #390, #2887, .T. ) ;
#3523 = EDGE_CURVE ( 'NONE', #3704, #4477, #3553, .T. ) ;
#3524 = DIRECTION ( 'NONE',  ( 0.000000000000000000, 0.000000000000000000, 1.000000000000000000 ) ) ;
#3525 = DIRECTION ( 'NONE',  ( 1.000000000000000000, 0.000000000000000000, -0.000000000000000000 ) ) ;
#3526 = DIRECTION ( 'NONE',  ( 0.2915675256063206544, -0.3896612239149028212, 0.8735860052616157834 ) ) ;
#3527 = CIRCLE ( 'NONE', #788, 10.00000000000000178 ) ;
#3528 = AXIS2_PLACEMENT_3D ( 'NONE', #3207, #3228, #42 ) ;
#3529 = ORIENTED_EDGE ( 'NONE', *, *, #695, .F. ) ;
#3530 = AXIS2_PLACEMENT_3D ( 'NONE', #3667, #3643, #178 ) ;
#3531 = DIRECTION ( 'NONE',  ( -0.3947368421052629972, 0.000000000000000000, 0.9187942236892679970 ) ) ;
#3532 = CARTESIAN_POINT ( 'NONE',  ( -38.00000000000000000, -13.00000000000000000, 0.000000000000000000 ) ) ;
#3533 = FACE_OUTER_BOUND ( 'NONE', #607, .T. ) ;
#3534 = CARTESIAN_POINT ( 'NONE',  ( -0.7266533094020994898, 15.58463372440641592, 10.06942100749070690 ) ) ;
#3535 = CARTESIAN_POINT ( 'NONE',  ( -11.20936036568579830, 15.61249499599599488, 10.70515017139845071 ) ) ;
#3536 = ORIENTED_EDGE ( 'NONE', *, *, #3987, .F. ) ;
#3537 = CARTESIAN_POINT ( 'NONE',  ( 7.491797568480222935, 26.83563445929233993, 8.279216698601768343 ) ) ;
#3538 = FACE_OUTER_BOUND ( 'NONE', #4157, .T. ) ;
#3539 = SPHERICAL_SURFACE ( 'NONE', #479, 19.00000000000000000 ) ;
#3540 = ORIENTED_EDGE ( 'NONE', *, *, #3038, .T. ) ;
#3541 = DIRECTION ( 'NONE',  ( -0.000000000000000000, -1.000000000000000000, 0.000000000000000000 ) ) ;
#3542 = CARTESIAN_POINT ( 'NONE',  ( 10.46105090631551349, 18.68490070232694578, 6.852065004756484612 ) ) ;
#3543 = CARTESIAN_POINT ( 'NONE',  ( -6.296708770918302278, 28.93648756442739511, 12.70388901767722878 ) ) ;
#3544 = ORIENTED_EDGE ( 'NONE', *, *, #3103, .T. ) ;
#3545 = CARTESIAN_POINT ( 'NONE',  ( 0.5647413594094478073, 16.01509521092982880, -9.487278454080357193 ) ) ;
#3546 = EDGE_CURVE ( 'NONE', #3094, #1991, #4344, .T. ) ;
#3547 = CARTESIAN_POINT ( 'NONE',  ( 3.784000171762130105, 7.991693231711471945, 13.34419100774459643 ) ) ;
#3548 = VERTEX_POINT ( 'NONE', #917 ) ;
#3549 = DIRECTION ( 'NONE',  ( -0.000000000000000000, -0.000000000000000000, 1.000000000000000000 ) ) ;
#3550 = CARTESIAN_POINT ( 'NONE',  ( -11.05263157894736992, -13.00000000000000000, -25.72623826329950347 ) ) ;
#3551 = EDGE_LOOP ( 'NONE', ( #1947, #3203, #3095, #1094, #4480, #4355 ) ) ;
#3552 = EDGE_LOOP ( 'NONE', ( #1444, #2742, #409, #4063 ) ) ;
#3553 = CIRCLE ( 'NONE', #3478, 9.500000000000001776 ) ;
#3554 = CARTESIAN_POINT ( 'NONE',  ( 6.850435368696431659, 19.84982385768279300, 9.839618721592845674 ) ) ;
#3555 = CIRCLE ( 'NONE', #959, 7.499999999999998224 ) ;
#3556 = CARTESIAN_POINT ( 'NONE',  ( -30.50000000000000000, -13.00000000000000000, 1.500000000000000000 ) ) ;
#3557 = VECTOR ( 'NONE', #4237, 1000.000000000000000 ) ;
#3558 = CARTESIAN_POINT ( 'NONE',  ( -4.997629458384557743, 33.96123207024319157, 14.48309443348185965 ) ) ;
#3559 = DIRECTION ( 'NONE',  ( 0.9187942236892679970, 0.000000000000000000, -0.3947368421052631637 ) ) ;
#3560 = CARTESIAN_POINT ( 'NONE',  ( 8.569885254642814587, 24.72889908002127157, 4.099685249620957705 ) ) ;
#3561 = CARTESIAN_POINT ( 'NONE',  ( -8.314193029454123973, 16.75073884856705320, 9.392975583997817068 ) ) ;
#3562 = CARTESIAN_POINT ( 'NONE',  ( -11.28277636024431629, 23.35830831312642175, 5.380439797321144191 ) ) ;
#3563 = CARTESIAN_POINT ( 'NONE',  ( -38.00000000000000000, -13.00000000000000000, 7.499999999999998224 ) ) ;
#3564 = CARTESIAN_POINT ( 'NONE',  ( -5.630218311974688916, 29.68814808168787778, 15.34919824639163366 ) ) ;
#3565 = CYLINDRICAL_SURFACE ( 'NONE', #1892, 10.00000000000000178 ) ;
#3566 = VERTEX_POINT ( 'NONE', #3737 ) ;
#3567 = CARTESIAN_POINT ( 'NONE',  ( 0.2821958510896631078, 15.99999999999999645, -9.500000000000007105 ) ) ;
#3568 = CARTESIAN_POINT ( 'NONE',  ( -9.868421052631582313, -3.000000000000000000, 22.96985559223169915 ) ) ;
#3569 = ORIENTED_EDGE ( 'NONE', *, *, #4235, .F. ) ;
#3570 = DIRECTION ( 'NONE',  ( -0.000000000000000000, -1.000000000000000000, -0.000000000000000000 ) ) ;
#3571 = CARTESIAN_POINT ( 'NONE',  ( -6.219640308889493596, 18.95895258333344202, 11.67887508296016996 ) ) ;
#3572 = EDGE_CURVE ( 'NONE', #3980, #132, #13, .T. ) ;
#3573 = EDGE_CURVE ( 'NONE', #3596, #1002, #2596, .T. ) ;
#3574 = ORIENTED_EDGE ( 'NONE', *, *, #4323, .F. ) ;
#3575 = CARTESIAN_POINT ( 'NONE',  ( -1.929242022403018453, 31.76878894232131145, -9.306078648868256309 ) ) ;
#3576 = CIRCLE ( 'NONE', #3064, 11.27272727272727337 ) ;
#3577 = CARTESIAN_POINT ( 'NONE',  ( 0.000000000000000000, 24.00000000000000355, 50.00000000000000000 ) ) ;
#3578 = CARTESIAN_POINT ( 'NONE',  ( -4.381524792584744254, 8.261043273472605364, 12.98540792411719558 ) ) ;
#3579 = CARTESIAN_POINT ( 'NONE',  ( 8.237055946230039893, 27.93838170994916226, 4.734789599527736037 ) ) ;
#3580 = CARTESIAN_POINT ( 'NONE',  ( 2.420501479688585533, 34.73038548174414331, 19.25512056549847983 ) ) ;
#3581 = CARTESIAN_POINT ( 'NONE',  ( 38.00000000000000000, -13.00000000000000000, 0.000000000000000000 ) ) ;
#3582 = CARTESIAN_POINT ( 'NONE',  ( -11.00000000000000000, 24.00000000000005329, 6.652067347825036947 ) ) ;
#3583 = CARTESIAN_POINT ( 'NONE',  ( -6.789510631070207580, 28.24930771012031627, 9.970882082484504139 ) ) ;
#3584 = DIRECTION ( 'NONE',  ( 0.000000000000000000, 1.000000000000000000, -0.000000000000000000 ) ) ;
#3585 = LINE ( 'NONE', #3195, #3004 ) ;
#3586 = VECTOR ( 'NONE', #4090, 1000.000000000000000 ) ;
#3587 = ORIENTED_EDGE ( 'NONE', *, *, #3601, .T. ) ;
#3588 = DIRECTION ( 'NONE',  ( 1.000000000000000000, 0.000000000000000000, -0.000000000000000000 ) ) ;
#3589 = ORIENTED_EDGE ( 'NONE', *, *, #2872, .T. ) ;
#3590 = CARTESIAN_POINT ( 'NONE',  ( 11.48912529307605901, 32.00000000000000000, 10.40432602334240642 ) ) ;
#3591 = FACE_OUTER_BOUND ( 'NONE', #1585, .T. ) ;
#3592 = CIRCLE ( 'NONE', #2118, 3.000000000000000444 ) ;
#3593 = FACE_OUTER_BOUND ( 'NONE', #1136, .T. ) ;
#3594 = LINE ( 'NONE', #2462, #3514 ) ;
#3595 = ADVANCED_FACE ( 'NONE', ( #432 ), #3246, .T. ) ;
#3596 = VERTEX_POINT ( 'NONE', #3508 ) ;
#3597 = AXIS2_PLACEMENT_3D ( 'NONE', #274, #4166, #1687 ) ;
#3598 = CARTESIAN_POINT ( 'NONE',  ( 0.000000000000000000, -3.000000000000002665, 0.000000000000000000 ) ) ;
#3599 = EDGE_CURVE ( 'NONE', #2679, #251, #343, .T. ) ;
#3600 = DIRECTION ( 'NONE',  ( -1.000000000000000000, 0.000000000000000000, 0.000000000000000000 ) ) ;
#3601 = EDGE_CURVE ( 'NONE', #3368, #3818, #2215, .T. ) ;
#3602 = CARTESIAN_POINT ( 'NONE',  ( 4.156309200951684879, 30.85454477049824362, -8.555853793193445966 ) ) ;
#3603 = CARTESIAN_POINT ( 'NONE',  ( 8.545480788592403343, 25.32790883010801153, 4.150441878476817337 ) ) ;
#3604 = CARTESIAN_POINT ( 'NONE',  ( 0.5369548175238170185, 16.01350272560940269, -12.49134516352187596 ) ) ;
#3605 = DIRECTION ( 'NONE',  ( 1.000000000000000000, 0.000000000000000000, 0.000000000000000000 ) ) ;
#3606 = CARTESIAN_POINT ( 'NONE',  ( 38.00000000000000000, -13.00000000000000000, 0.000000000000000000 ) ) ;
#3607 = CARTESIAN_POINT ( 'NONE',  ( 0.000000000000000000, -80.88225099390857054, 24.00000000000000355 ) ) ;
#3608 = CARTESIAN_POINT ( 'NONE',  ( 7.983893515302303179, 24.52351154081082640, 6.711116818822453034 ) ) ;
#3609 = ORIENTED_EDGE ( 'NONE', *, *, #3177, .F. ) ;
#3610 = CARTESIAN_POINT ( 'NONE',  ( 8.329364675917153349, 27.38256262744022251, 4.569681804315878004 ) ) ;
#3611 = ORIENTED_EDGE ( 'NONE', *, *, #2298, .F. ) ;
#3612 = CARTESIAN_POINT ( 'NONE',  ( -2.606693901229557575, 37.65685424948548388, 16.29279432464832311 ) ) ;
#3613 = CYLINDRICAL_SURFACE ( 'NONE', #1823, 25.00000000000000355 ) ;
#3614 = DIRECTION ( 'NONE',  ( 0.4832610166156039999, -0.6940307961444984741, -0.5336478650033994464 ) ) ;
#3615 = CARTESIAN_POINT ( 'NONE',  ( -5.996786833313914933, 33.22430104832564979, 17.60665789161084405 ) ) ;
#3616 = CARTESIAN_POINT ( 'NONE',  ( 5.216695447266344488, 33.87841407744409850, 14.19186448919343846 ) ) ;
#3617 = ORIENTED_EDGE ( 'NONE', *, *, #1769, .T. ) ;
#3618 = CARTESIAN_POINT ( 'NONE',  ( -6.916949588299738494, 36.54313880861355557, 14.75531736952801332 ) ) ;
#3619 = CARTESIAN_POINT ( 'NONE',  ( 23.95307913400697331, -3.000000000000002665, -1.500000000000000000 ) ) ;
#3620 = CARTESIAN_POINT ( 'NONE',  ( -23.95307913400697331, -13.00000000000000000, -1.500000000000000000 ) ) ;
#3621 = CARTESIAN_POINT ( 'NONE',  ( 0.000000000000000000, 58.00000000000000000, -13.50000000000000178 ) ) ;
#3622 = AXIS2_PLACEMENT_3D ( 'NONE', #2084, #4014, #1846 ) ;
#3623 = AXIS2_PLACEMENT_3D ( 'NONE', #4561, #3870, #3559 ) ;
#3624 = CARTESIAN_POINT ( 'NONE',  ( 11.11452500618776185, 26.49169368297001625, 5.720873827900449626 ) ) ;
#3625 = CARTESIAN_POINT ( 'NONE',  ( 1.471812040844903580, 8.722733693698433655, 16.81771534306383487 ) ) ;
#3626 = DIRECTION ( 'NONE',  ( 0.000000000000000000, 0.000000000000000000, 1.000000000000000000 ) ) ;
#3627 = DIRECTION ( 'NONE',  ( 1.000000000000000000, 0.000000000000000000, 0.000000000000000000 ) ) ;
#3628 = CARTESIAN_POINT ( 'NONE',  ( -7.841545311645782057, 25.64576298006067390, 7.211479302097471233 ) ) ;
#3629 = CARTESIAN_POINT ( 'NONE',  ( -2.824713125729754637, 31.48757631087621078, 18.84151959674881027 ) ) ;
#3630 = DIRECTION ( 'NONE',  ( 0.000000000000000000, 1.000000000000000000, -0.000000000000000000 ) ) ;
#3631 = EDGE_LOOP ( 'NONE', ( #3175, #4053, #3384, #4270 ) ) ;
#3632 = EDGE_CURVE ( 'NONE', #1167, #1113, #1928, .T. ) ;
#3633 = CARTESIAN_POINT ( 'NONE',  ( 7.458934913481434670, 21.09686228893933801, -5.885478092992756594 ) ) ;
#3634 = ADVANCED_FACE ( 'NONE', ( #1969 ), #2964, .F. ) ;
#3635 = ORIENTED_EDGE ( 'NONE', *, *, #713, .T. ) ;
#3636 = FACE_OUTER_BOUND ( 'NONE', #374, .T. ) ;
#3637 = TOROIDAL_SURFACE ( 'NONE', #2826, 15.50000000000000000, 3.000000000000000000 ) ;
#3638 = CARTESIAN_POINT ( 'NONE',  ( -1.744069199586810504, 16.18878922343879267, 19.18726927117805303 ) ) ;
#3639 = CARTESIAN_POINT ( 'NONE',  ( 6.638536023576656397, 15.22112517959861577, 15.76480256357397991 ) ) ;
#3640 = CARTESIAN_POINT ( 'NONE',  ( 4.994518786265921051, 33.96163136534305238, 14.47416422299751737 ) ) ;
#3641 = VECTOR ( 'NONE', #1443, 1000.000000000000000 ) ;
#3642 = ORIENTED_EDGE ( 'NONE', *, *, #3727, .F. ) ;
#3643 = DIRECTION ( 'NONE',  ( 0.000000000000000000, 1.000000000000000000, 0.000000000000000000 ) ) ;
#3644 = CARTESIAN_POINT ( 'NONE',  ( -6.753297911798071596, 32.69061708802491495, 16.86225258322147269 ) ) ;
#3645 = CARTESIAN_POINT ( 'NONE',  ( -8.000000000000000000, 24.00000000000000355, 50.00000000000000000 ) ) ;
#3646 = CARTESIAN_POINT ( 'NONE',  ( 10.90495287903428512, 22.52395577216104527, 6.901566161986490755 ) ) ;
#3647 = CARTESIAN_POINT ( 'NONE',  ( 1.339016969509608801, 13.07857727008991233, 19.47314408145608056 ) ) ;
#3648 = CARTESIAN_POINT ( 'NONE',  ( 5.495904279141747395, 18.18106474467157696, -11.22878832556085449 ) ) ;
#3649 = DIRECTION ( 'NONE',  ( 0.000000000000000000, 0.000000000000000000, 1.000000000000000000 ) ) ;
#3650 = VECTOR ( 'NONE', #1068, 1000.000000000000227 ) ;
#3651 = EDGE_CURVE ( 'NONE', #251, #2157, #3854, .T. ) ;
#3652 = CARTESIAN_POINT ( 'NONE',  ( -8.032465077348360794, 28.97656369240982244, 5.079389291914591098 ) ) ;
#3653 = CARTESIAN_POINT ( 'NONE',  ( 0.000000000000000000, 0.000000000000000000, 25.00000000000000355 ) ) ;
#3654 = ORIENTED_EDGE ( 'NONE', *, *, #2503, .T. ) ;
#3655 = CARTESIAN_POINT ( 'NONE',  ( 7.549104057287991054, 21.33935959805299731, -5.768745072843408650 ) ) ;
#3656 = EDGE_CURVE ( 'NONE', #641, #1629, #2524, .T. ) ;
#3657 = ORIENTED_EDGE ( 'NONE', *, *, #4523, .F. ) ;
#3658 = CARTESIAN_POINT ( 'NONE',  ( 0.000000000000000000, -13.00000000000000000, 0.000000000000000000 ) ) ;
#3659 = EDGE_CURVE ( 'NONE', #3961, #3321, #347, .T. ) ;
#3660 = CARTESIAN_POINT ( 'NONE',  ( 1.718701548974663096, 16.18310002468636455, 19.19971376239145400 ) ) ;
#3661 = CIRCLE ( 'NONE', #4309, 6.000000000000000888 ) ;
#3662 = VECTOR ( 'NONE', #3469, 1000.000000000000000 ) ;
#3663 = CARTESIAN_POINT ( 'NONE',  ( 8.520278303725953961, 17.02615854778273174, 11.79986036249150416 ) ) ;
#3664 = CARTESIAN_POINT ( 'NONE',  ( 10.37556529948452777, 34.94742748700889479, 10.64565640798368662 ) ) ;
#3665 = ORIENTED_EDGE ( 'NONE', *, *, #830, .T. ) ;
#3666 = AXIS2_PLACEMENT_3D ( 'NONE', #1283, #1655, #2714 ) ;
#3667 = CARTESIAN_POINT ( 'NONE',  ( -38.00000000000000000, -13.00000000000000000, 0.000000000000000000 ) ) ;
#3668 = CARTESIAN_POINT ( 'NONE',  ( -3.701519718876894238, 37.65685424952114602, 12.98873883867338286 ) ) ;
#3669 = EDGE_LOOP ( 'NONE', ( #4076, #2870, #2719, #4019 ) ) ;
#3670 = CARTESIAN_POINT ( 'NONE',  ( -7.392478608937870455, 16.85470212128777945, 5.976713102162508839 ) ) ;
#3671 = ORIENTED_EDGE ( 'NONE', *, *, #3819, .T. ) ;
#3672 = CARTESIAN_POINT ( 'NONE',  ( 9.863931728278815925, 28.93728682546889530, 7.741444232172483453 ) ) ;
#3673 = CARTESIAN_POINT ( 'NONE',  ( -4.010752976921838631, 13.45180501792764893, 13.41173215048884160 ) ) ;
#3674 = DIRECTION ( 'NONE',  ( -0.000000000000000000, -1.000000000000000000, -0.000000000000000000 ) ) ;
#3675 = FACE_OUTER_BOUND ( 'NONE', #1517, .T. ) ;
#3676 = DIRECTION ( 'NONE',  ( 1.000000000000000000, 0.000000000000000000, 0.000000000000000000 ) ) ;
#3677 = CARTESIAN_POINT ( 'NONE',  ( 0.000000000000000000, 32.00000000000000000, 0.000000000000000000 ) ) ;
#3678 = CARTESIAN_POINT ( 'NONE',  ( 8.000000000000000000, 23.99999999999999645, 6.652067347825038723 ) ) ;
#3679 = ORIENTED_EDGE ( 'NONE', *, *, #190, .F. ) ;
#3680 = DIRECTION ( 'NONE',  ( 0.000000000000000000, -0.000000000000000000, 1.000000000000000000 ) ) ;
#3681 = CARTESIAN_POINT ( 'NONE',  ( -9.265423623448434398, 32.00000000000000000, 8.390585502695488529 ) ) ;
#3682 = VERTEX_POINT ( 'NONE', #3170 ) ;
#3683 = FACE_OUTER_BOUND ( 'NONE', #1132, .T. ) ;
#3684 = CARTESIAN_POINT ( 'NONE',  ( 0.000000000000000000, 13.48351840563290338, 0.000000000000000000 ) ) ;
#3685 = CARTESIAN_POINT ( 'NONE',  ( -5.424063928247266020, 33.57252338894537047, 18.04470221708842104 ) ) ;
#3686 = ADVANCED_FACE ( 'NONE', ( #3538 ), #4242, .F. ) ;
#3687 = CARTESIAN_POINT ( 'NONE',  ( -6.029709385959446166, 18.71750432213812232, -10.95704980394365968 ) ) ;
#3688 = ORIENTED_EDGE ( 'NONE', *, *, #609, .F. ) ;
#3689 = EDGE_CURVE ( 'NONE', #2157, #2515, #1035, .T. ) ;
#3690 = LINE ( 'NONE', #480, #4399 ) ;
#3691 = CARTESIAN_POINT ( 'NONE',  ( -1.172164817732036735, 32.01761575287039108, 13.27857110992566270 ) ) ;
#3692 = EDGE_LOOP ( 'NONE', ( #1980, #3316, #2052, #53 ) ) ;
#3693 = CARTESIAN_POINT ( 'NONE',  ( -8.529142850153975886, 22.30410946214590240, 4.187137225715801492 ) ) ;
#3694 = CARTESIAN_POINT ( 'NONE',  ( 6.524148196290950885, 32.85881894990366447, 17.10204887576694688 ) ) ;
#3695 = CARTESIAN_POINT ( 'NONE',  ( 10.82872293406827069, 25.95775932230962368, 7.093883546357933056 ) ) ;
#3696 = CARTESIAN_POINT ( 'NONE',  ( -0.6085105707645925843, 8.636947988082820160, 16.92303163137780331 ) ) ;
#3697 = CARTESIAN_POINT ( 'NONE',  ( -43.13157894736841058, -13.00000000000000000, 11.94432490796048008 ) ) ;
#3698 = CARTESIAN_POINT ( 'NONE',  ( -2.972009729203777706, 16.56444593519007569, 18.34930490082415133 ) ) ;
#3699 = DIRECTION ( 'NONE',  ( 0.000000000000000000, 1.000000000000000000, -0.000000000000000000 ) ) ;
#3700 = LINE ( 'NONE', #3357, #15 ) ;
#3701 = ORIENTED_EDGE ( 'NONE', *, *, #410, .F. ) ;
#3702 = CIRCLE ( 'NONE', #157, 7.499999999999998224 ) ;
#3703 = AXIS2_PLACEMENT_3D ( 'NONE', #490, #3356, #898 ) ;
#3704 = VERTEX_POINT ( 'NONE', #2842 ) ;
#3705 = CYLINDRICAL_SURFACE ( 'NONE', #2695, 3.000000000000000000 ) ;
#3706 = CARTESIAN_POINT ( 'NONE',  ( 6.019731062734488880, 29.27216897468559864, 14.05462744365897620 ) ) ;
#3707 = CARTESIAN_POINT ( 'NONE',  ( 4.602063354998215061, 33.99361833066607375, 18.52557555242652043 ) ) ;
#3708 = EDGE_CURVE ( 'NONE', #3358, #4540, #4064, .T. ) ;
#3709 = CARTESIAN_POINT ( 'NONE',  ( -1.434330936306450255, 37.88441988442158248, 13.44220849609923363 ) ) ;
#3710 = LINE ( 'NONE', #107, #194 ) ;
#3711 = CARTESIAN_POINT ( 'NONE',  ( -6.128666878850038913, 36.83463884743886041, 15.20691617218998282 ) ) ;
#3712 = DIRECTION ( 'NONE',  ( 1.000000000000000000, -0.000000000000000000, 1.224646799147353207E-16 ) ) ;
#3713 = ADVANCED_FACE ( 'NONE', ( #3829 ), #674, .T. ) ;
#3714 = EDGE_CURVE ( 'NONE', #34, #924, #4253, .T. ) ;
#3715 = ORIENTED_EDGE ( 'NONE', *, *, #4252, .F. ) ;
#3716 = CARTESIAN_POINT ( 'NONE',  ( 10.91722598788263632, 27.58854591925416599, 6.089754120267373061 ) ) ;
#3717 = CARTESIAN_POINT ( 'NONE',  ( -5.543873034242966291, 14.49672215282824261, 17.10571113125859810 ) ) ;
#3718 = CARTESIAN_POINT ( 'NONE',  ( -6.527898372947412931, 9.638821684485948893, 10.97917480756130360 ) ) ;
#3719 = CARTESIAN_POINT ( 'NONE',  ( -3.143309459436247622, 13.45534524848431523, 18.87326938248470043 ) ) ;
#3720 = DIRECTION ( 'NONE',  ( 0.000000000000000000, 1.000000000000000000, 0.000000000000000000 ) ) ;
#3721 = ORIENTED_EDGE ( 'NONE', *, *, #2374, .T. ) ;
#3722 = CARTESIAN_POINT ( 'NONE',  ( -0.5651711958047156426, 15.99999999999999289, -9.500000000000003553 ) ) ;
#3723 = VERTEX_POINT ( 'NONE', #3990 ) ;
#3724 = CIRCLE ( 'NONE', #1369, 28.00000000000000355 ) ;
#3725 = CARTESIAN_POINT ( 'NONE',  ( 10.15767954213914415, 19.74030806709909669, 8.563541340887178777 ) ) ;
#3726 = CARTESIAN_POINT ( 'NONE',  ( 0.000000000000000000, 0.000000000000000000, 0.000000000000000000 ) ) ;
#3727 = EDGE_CURVE ( 'NONE', #976, #3458, #4304, .T. ) ;
#3728 = FACE_OUTER_BOUND ( 'NONE', #3669, .T. ) ;
#3729 = CARTESIAN_POINT ( 'NONE',  ( -2.132749555551455956, 37.65685424948548388, 13.33046808380317216 ) ) ;
#3730 = CARTESIAN_POINT ( 'NONE',  ( 1.653273178848927064E-15, 58.00000000000000000, 13.50000000000000178 ) ) ;
#3731 = CIRCLE ( 'NONE', #851, 28.00000000000000355 ) ;
#3732 = SHAPE_DEFINITION_REPRESENTATION ( #2359, #2163 ) ;
#3733 = CARTESIAN_POINT ( 'NONE',  ( -6.538643281695676102, 33.48795009908847931, 11.06980134658015125 ) ) ;
#3734 = EDGE_LOOP ( 'NONE', ( #3877, #4066, #303, #169 ) ) ;
#3735 = EDGE_CURVE ( 'NONE', #726, #142, #3308, .T. ) ;
#3736 = CARTESIAN_POINT ( 'NONE',  ( 0.000000000000000000, 34.82842712474608504, -14.50000000000004263 ) ) ;
#3737 = CARTESIAN_POINT ( 'NONE',  ( 8.000000000000000000, 23.99999999999999645, 6.652067347825038723 ) ) ;
#3738 = CARTESIAN_POINT ( 'NONE',  ( 10.00665751332433651, 37.65685424949238325, 9.061832342911099403 ) ) ;
#3739 = CARTESIAN_POINT ( 'NONE',  ( 24.00000000000000355, -13.00000000000000000, 1.500000000000000000 ) ) ;
#3740 = CARTESIAN_POINT ( 'NONE',  ( 1.647236485845588842E-19, 16.00000000000000355, -9.500000000000001776 ) ) ;
#3741 = ORIENTED_EDGE ( 'NONE', *, *, #1769, .F. ) ;
#3742 = B_SPLINE_CURVE_WITH_KNOTS ( 'NONE', 3,
 ( #3995, #1531, #3010, #2191, #3313, #850, #1584, #1874, #115, #2262 ),
 .UNSPECIFIED., .F., .F.,
 ( 4, 2, 2, 2, 4 ),
 ( -4.884259642309512686E-05, 0.002246319920465885463, 0.004541482437354866196, 0.006836644954243847362, 0.009131807471132825926 ),
 .UNSPECIFIED. ) ;
#3743 = DIRECTION ( 'NONE',  ( 0.000000000000000000, 1.000000000000000000, -0.000000000000000000 ) ) ;
#3744 = CIRCLE ( 'NONE', #1011, 21.00000000000000000 ) ;
#3745 = LINE ( 'NONE', #3833, #2045 ) ;
#3746 = DIRECTION ( 'NONE',  ( 0.000000000000000000, 0.000000000000000000, -1.000000000000000000 ) ) ;
#3747 = DIRECTION ( 'NONE',  ( 0.000000000000000000, 0.000000000000000000, 1.000000000000000000 ) ) ;
#3748 = CARTESIAN_POINT ( 'NONE',  ( -4.061372496818556499, 17.10271533154941537, -11.82423216567503488 ) ) ;
#3749 = CARTESIAN_POINT ( 'NONE',  ( -8.000000000000000000, 24.00000000000002132, 6.652067347825039612 ) ) ;
#3750 = PERSON_AND_ORGANIZATION ( #574, #3960 ) ;
#3751 = CARTESIAN_POINT ( 'NONE',  ( -8.657974560013128595, 30.78767040108708386, 12.70388901767323198 ) ) ;
#3752 = ORIENTED_EDGE ( 'NONE', *, *, #1202, .T. ) ;
#3753 = CARTESIAN_POINT ( 'NONE',  ( -0.5458150810962503208, 32.00000000000006395, -12.50000000000000000 ) ) ;
#3754 = CARTESIAN_POINT ( 'NONE',  ( 7.748457646143271482, 11.44323262907250260, 13.04233546805765975 ) ) ;
#3755 = CARTESIAN_POINT ( 'NONE',  ( 0.5985027361859633910, 15.78233627706713627, 9.944351094329071827 ) ) ;
#3756 = CARTESIAN_POINT ( 'NONE',  ( -7.347866733155543173, 16.73754369781844531, 6.030528023991287512 ) ) ;
#3757 = CARTESIAN_POINT ( 'NONE',  ( 8.563517438972613860, 37.65685424944317816, 10.44296256554599722 ) ) ;
#3758 = CARTESIAN_POINT ( 'NONE',  ( -10.50366988491282250, 27.27813511613524611, 7.847547642624213893 ) ) ;
#3759 = VERTEX_POINT ( 'NONE', #2933 ) ;
#3760 = ADVANCED_FACE ( 'NONE', ( #1127 ), #1200, .F. ) ;
#3761 = CARTESIAN_POINT ( 'NONE',  ( 8.581234705814750896, 24.12040581096295000, 4.075838079035439598 ) ) ;
#3762 = VERTEX_POINT ( 'NONE', #3354 ) ;
#3763 = CARTESIAN_POINT ( 'NONE',  ( 7.783697220008208184, 25.86684526550751428, -9.781041566391300179 ) ) ;
#3764 = CARTESIAN_POINT ( 'NONE',  ( 11.24750843074782303, 25.27659681939641700, 5.453954979927535085 ) ) ;
#3765 = CARTESIAN_POINT ( 'NONE',  ( 3.900324196659435749, 30.98705996038043864, 18.08686672477339741 ) ) ;
#3766 = ADVANCED_FACE ( 'NONE', ( #1872 ), #1502, .T. ) ;
#3767 = AXIS2_PLACEMENT_3D ( 'NONE', #3160, #16, #1098 ) ;
#3768 = AXIS2_PLACEMENT_3D ( 'NONE', #140, #3377, #515 ) ;
#3769 = DIRECTION ( 'NONE',  ( 0.000000000000000000, 0.000000000000000000, 1.000000000000000000 ) ) ;
#3770 = CARTESIAN_POINT ( 'NONE',  ( 2.705893951571633593, 34.68669501775759301, 16.15753436101446994 ) ) ;
#3771 = CARTESIAN_POINT ( 'NONE',  ( -1.183858422640668984, 31.93396183959212919, 19.41653284081817432 ) ) ;
#3772 = CARTESIAN_POINT ( 'NONE',  ( 0.000000000000000000, 58.00000000000000000, -16.50000000000000000 ) ) ;
#3773 = PERSON_AND_ORGANIZATION ( #574, #3960 ) ;
#3774 = ORIENTED_EDGE ( 'NONE', *, *, #2948, .F. ) ;
#3775 = ORIENTED_EDGE ( 'NONE', *, *, #3039, .F. ) ;
#3776 = CARTESIAN_POINT ( 'NONE',  ( -6.497452393721065533, 28.67416828352551406, -10.67994279314120831 ) ) ;
#3777 = CARTESIAN_POINT ( 'NONE',  ( 2.956269729365193388, 13.17233748181057429, 14.03537753403665178 ) ) ;
#3778 = CARTESIAN_POINT ( 'NONE',  ( -1.734317627470969292, 7.418522128205571775, 14.07195250925698105 ) ) ;
#3779 = CARTESIAN_POINT ( 'NONE',  ( 2.420390894123354730, 31.63236517316082796, 19.03868259482558756 ) ) ;
#3780 = CARTESIAN_POINT ( 'NONE',  ( 6.917197717559329107, 36.53908540541799965, 14.74485614679456091 ) ) ;
#3781 = B_SPLINE_CURVE_WITH_KNOTS ( 'NONE', 3,
 ( #1303, #3362, #218, #1949 ),
 .UNSPECIFIED., .F., .F.,
 ( 4, 4 ),
 ( 3.454193934906138182E-16, 0.002635417670140108044 ),
 .UNSPECIFIED. ) ;
#3782 = CARTESIAN_POINT ( 'NONE',  ( -10.88053629345776763, 22.33513902835533216, 6.193811089956211546 ) ) ;
#3783 = ORIENTED_EDGE ( 'NONE', *, *, #1171, .F. ) ;
#3784 = CARTESIAN_POINT ( 'NONE',  ( 6.026934162721190091, 29.28526854484353237, -10.95845745961829287 ) ) ;
#3785 = DIRECTION ( 'NONE',  ( 0.000000000000000000, 1.000000000000000000, -0.000000000000000000 ) ) ;
#3786 = CIRCLE ( 'NONE', #916, 6.000000000000000000 ) ;
#3787 = DIRECTION ( 'NONE',  ( 0.000000000000000000, 0.000000000000000000, 1.000000000000000000 ) ) ;
#3788 = FACE_OUTER_BOUND ( 'NONE', #3457, .T. ) ;
#3789 = DIRECTION ( 'NONE',  ( 0.6712468402156390734, -0.000000000000000000, 0.7412338898758747963 ) ) ;
#3790 = ORIENTED_EDGE ( 'NONE', *, *, #2926, .F. ) ;
#3791 = APPROVAL_DATE_TIME ( #249, #3842 ) ;
#3792 = ORIENTED_EDGE ( 'NONE', *, *, #1661, .F. ) ;
#3793 = EDGE_LOOP ( 'NONE', ( #4163, #2425, #3885, #379, #1898, #3617 ) ) ;
#3794 = DIRECTION ( 'NONE',  ( 0.9187942236892679970, -0.000000000000000000, 0.3947368421052629972 ) ) ;
#3795 = CARTESIAN_POINT ( 'NONE',  ( -2.338398723038511484, 8.850313963057409694, 16.65998332519976088 ) ) ;
#3796 = CYLINDRICAL_SURFACE ( 'NONE', #934, 8.000000000000000000 ) ;
#3797 = CARTESIAN_POINT ( 'NONE',  ( 4.007843192364460627, 13.45082963826438416, 13.41381631486193093 ) ) ;
#3798 = CARTESIAN_POINT ( 'NONE',  ( 2.206323708589553956, 14.59545743394738793, 9.108359609754950625 ) ) ;
#3799 = CARTESIAN_POINT ( 'NONE',  ( 1.637627562190142605, 32.25259621385695397, 12.38302451034493679 ) ) ;
#3800 = CARTESIAN_POINT ( 'NONE',  ( -11.00000000000001599, 24.32838618487327764, 6.652067347825770582 ) ) ;
#3801 = ORIENTED_EDGE ( 'NONE', *, *, #2508, .F. ) ;
#3802 = AXIS2_PLACEMENT_3D ( 'NONE', #4449, #1926, #905 ) ;
#3803 = CARTESIAN_POINT ( 'NONE',  ( -11.26042927637113067, 22.90799802508729499, 5.427580631490539709 ) ) ;
#3804 = CARTESIAN_POINT ( 'NONE',  ( -11.21502609465425770, 25.65768218158087777, 5.521128944137303485 ) ) ;
#3805 = ORIENTED_EDGE ( 'NONE', *, *, #2267, .F. ) ;
#3806 = CARTESIAN_POINT ( 'NONE',  ( 0.000000000000000000, 32.00000000000000000, -12.50000000000000000 ) ) ;
#3807 = CARTESIAN_POINT ( 'NONE',  ( 0.000000000000000000, -3.000000000000000888, 0.000000000000000000 ) ) ;
#3808 = CARTESIAN_POINT ( 'NONE',  ( -30.65153077165046724, -3.000000000000000888, 1.500000000000000000 ) ) ;
#3809 = ORIENTED_EDGE ( 'NONE', *, *, #662, .T. ) ;
#3810 = CIRCLE ( 'NONE', #2650, 7.499999999999998224 ) ;
#3811 = CARTESIAN_POINT ( 'NONE',  ( 38.00000000000000000, 0.000000000000000000, 0.000000000000000000 ) ) ;
#3812 = APPROVAL_PERSON_ORGANIZATION ( #1286, #3842, #2343 ) ;
#3813 = CARTESIAN_POINT ( 'NONE',  ( -38.00000000000000000, -13.00000000000000000, 0.000000000000000000 ) ) ;
#3814 = CARTESIAN_POINT ( 'NONE',  ( -11.48912529307605901, 32.00000000000000000, 10.40432602334240642 ) ) ;
#3815 = EDGE_LOOP ( 'NONE', ( #3220, #2274, #973, #1995 ) ) ;
#3816 = EDGE_CURVE ( 'NONE', #346, #3762, #1480, .T. ) ;
#3817 = EDGE_CURVE ( 'NONE', #987, #3566, #3973, .T. ) ;
#3818 = VERTEX_POINT ( 'NONE', #3237 ) ;
#3819 = EDGE_CURVE ( 'NONE', #2550, #2135, #3702, .T. ) ;
#3820 = CARTESIAN_POINT ( 'NONE',  ( -23.95307913400697331, -3.000000000000002665, -1.500000000000000000 ) ) ;
#3821 = CARTESIAN_POINT ( 'NONE',  ( 7.591589077093792604, 21.46838990229003841, 7.987731108032685157 ) ) ;
#3822 = FACE_OUTER_BOUND ( 'NONE', #158, .T. ) ;
#3823 = CARTESIAN_POINT ( 'NONE',  ( 7.209983425469046914, 15.27503381299190188, 9.219796733724598070 ) ) ;
#3824 = CARTESIAN_POINT ( 'NONE',  ( 2.101055284769918874, 16.27860647610354761, 18.98975670365456736 ) ) ;
#3825 = CARTESIAN_POINT ( 'NONE',  ( 1.952236970069239463, 33.17067247124683149, 10.87861806292122857 ) ) ;
#3826 = CARTESIAN_POINT ( 'NONE',  ( 2.571758278209441661E-15, -12.99999999999999822, -21.00000000000000000 ) ) ;
#3827 = EDGE_LOOP ( 'NONE', ( #3455, #1761, #1061, #2192 ) ) ;
#3828 = CARTESIAN_POINT ( 'NONE',  ( 7.824517797579874312, 22.24791858360854846, 5.574671714171324233 ) ) ;
#3829 = FACE_OUTER_BOUND ( 'NONE', #1609, .T. ) ;
#3830 = CARTESIAN_POINT ( 'NONE',  ( -9.265423623448436174, 32.00000000000000000, 8.390585502695488529 ) ) ;
#3831 = DIRECTION ( 'NONE',  ( 1.000000000000000000, 0.000000000000000000, -0.000000000000000000 ) ) ;
#3832 = CARTESIAN_POINT ( 'NONE',  ( -7.821195797243985837, 25.69652820736803989, 7.275837684439572683 ) ) ;
#3833 = CARTESIAN_POINT ( 'NONE',  ( -23.95307913400697331, -80.88225099390857054, 1.500000000000000000 ) ) ;
#3834 = FACE_OUTER_BOUND ( 'NONE', #3105, .T. ) ;
#3835 = ORIENTED_EDGE ( 'NONE', *, *, #911, .T. ) ;
#3836 = CARTESIAN_POINT ( 'NONE',  ( 6.381848414702034233, 19.15100632516296741, -7.047527184574514436 ) ) ;
#3837 = AXIS2_PLACEMENT_3D ( 'NONE', #3811, #4159, #906 ) ;
#3838 = DIRECTION ( 'NONE',  ( 1.000000000000000000, 0.000000000000000000, 0.000000000000000000 ) ) ;
#3839 = CARTESIAN_POINT ( 'NONE',  ( 9.419348631957277007, 18.29350780431325774, 9.839618721592845674 ) ) ;
#3840 = CARTESIAN_POINT ( 'NONE',  ( 3.183740868356206288, 9.059704152573834435, 16.39738261975470479 ) ) ;
#3841 = LINE ( 'NONE', #972, #4162 ) ;
#3842 = APPROVAL ( #1956, 'UNSPECIFIED' ) ;
#3843 = EDGE_CURVE ( 'NONE', #1113, #2450, #2738, .T. ) ;
#3844 = ORIENTED_EDGE ( 'NONE', *, *, #536, .F. ) ;
#3845 = DIRECTION ( 'NONE',  ( 0.000000000000000000, 1.000000000000000000, 0.000000000000000000 ) ) ;
#3846 = LINE ( 'NONE', #59, #2646 ) ;
#3847 = CARTESIAN_POINT ( 'NONE',  ( -7.926610720993019221, 22.88316843223511654, -5.236575911732007427 ) ) ;
#3848 = EDGE_CURVE ( 'NONE', #572, #2107, #746, .T. ) ;
#3849 = CARTESIAN_POINT ( 'NONE',  ( -0.3801852066941862063, 14.85414760193151551, 10.39337264826823493 ) ) ;
#3850 = AXIS2_PLACEMENT_3D ( 'NONE', #1356, #1680, #2735 ) ;
#3851 = CARTESIAN_POINT ( 'NONE',  ( 1.793061393837484419, 32.57036831552646561, 11.75804380271767968 ) ) ;
#3852 = CARTESIAN_POINT ( 'NONE',  ( -1.969177872032439325, 7.452895968890453027, 14.02945964227349052 ) ) ;
#3853 = ORIENTED_EDGE ( 'NONE', *, *, #529, .F. ) ;
#3854 = LINE ( 'NONE', #3234, #2965 ) ;
#3855 = CARTESIAN_POINT ( 'NONE',  ( 0.000000000000000000, 37.65685424949238325, 0.000000000000000000 ) ) ;
#3856 = CARTESIAN_POINT ( 'NONE',  ( 9.868421052631582313, -13.00000000000000000, 22.96985559223170270 ) ) ;
#3857 = DIRECTION ( 'NONE',  ( -1.000000000000000000, 0.000000000000000000, 0.000000000000000000 ) ) ;
#3858 = CARTESIAN_POINT ( 'NONE',  ( 2.669055819506932737E-15, 0.000000000000000000, -21.79449471770336544 ) ) ;
#3859 = ORIENTED_EDGE ( 'NONE', *, *, #3572, .F. ) ;
#3860 = CARTESIAN_POINT ( 'NONE',  ( 2.681044941773641277, 7.629224549535857491, 13.80832220610922967 ) ) ;
#3861 = DIRECTION ( 'NONE',  ( 1.000000000000000000, 0.000000000000000000, 0.000000000000000000 ) ) ;
#3862 = CYLINDRICAL_SURFACE ( 'NONE', #2249, 3.000000000000000000 ) ;
#3863 = ORIENTED_EDGE ( 'NONE', *, *, #2588, .F. ) ;
#3864 = CIRCLE ( 'NONE', #2470, 6.000000000000000888 ) ;
#3865 = AXIS2_PLACEMENT_3D ( 'NONE', #3259, #1505, #2912 ) ;
#3866 = ORIENTED_EDGE ( 'NONE', *, *, #3131, .F. ) ;
#3867 = CARTESIAN_POINT ( 'NONE',  ( 0.000000000000000000, 34.82842712474608504, 0.000000000000000000 ) ) ;
#3868 = DIRECTION ( 'NONE',  ( 0.000000000000000000, 0.000000000000000000, -1.000000000000000000 ) ) ;
#3869 = CARTESIAN_POINT ( 'NONE',  ( 5.331826473069488870, 18.03426653753455255, 14.60083270716202897 ) ) ;
#3870 = DIRECTION ( 'NONE',  ( 0.3947368421052631637, -0.000000000000000000, 0.9187942236892679970 ) ) ;
#3871 = ORIENTED_EDGE ( 'NONE', *, *, #3905, .T. ) ;
#3872 = AXIS2_PLACEMENT_3D ( 'NONE', #1021, #2488, #2761 ) ;
#3873 = EDGE_CURVE ( 'NONE', #117, #1550, #1340, .T. ) ;
#3874 = CARTESIAN_POINT ( 'NONE',  ( -6.903625496550660046, 15.43385497436207565, 15.34176787268626008 ) ) ;
#3875 = CARTESIAN_POINT ( 'NONE',  ( 0.8121018472782428610, 34.97759593315516469, 19.47949676125236707 ) ) ;
#3876 = CARTESIAN_POINT ( 'NONE',  ( -11.24738600998451155, 25.27813491577371252, 5.454207847698188338 ) ) ;
#3877 = ORIENTED_EDGE ( 'NONE', *, *, #2611, .F. ) ;
#3878 = DIRECTION ( 'NONE',  ( 1.224646799147353207E-16, 0.000000000000000000, -1.000000000000000000 ) ) ;
#3879 = CARTESIAN_POINT ( 'NONE',  ( 9.039806746520808289, 15.61249499599599488, 8.633185622095526313 ) ) ;
#3880 = AXIS2_PLACEMENT_3D ( 'NONE', #1351, #2334, #2065 ) ;
#3881 = CARTESIAN_POINT ( 'NONE',  ( 8.000000000000000000, 24.00000000000000355, -9.604686356149274573 ) ) ;
#3882 = ORIENTED_EDGE ( 'NONE', *, *, #4129, .F. ) ;
#3883 = ADVANCED_FACE ( 'NONE', ( #2886 ), #1910, .F. ) ;
#3884 = CARTESIAN_POINT ( 'NONE',  ( -9.039806746520808289, 15.61249499599599488, 8.633185622095526313 ) ) ;
#3885 = ORIENTED_EDGE ( 'NONE', *, *, #2267, .T. ) ;
#3886 = CARTESIAN_POINT ( 'NONE',  ( 2.906169405247615689, 8.987283919261985332, 16.48854483737424559 ) ) ;
#3887 = DIRECTION ( 'NONE',  ( 0.000000000000000000, 0.000000000000000000, 1.000000000000000000 ) ) ;
#3888 = AXIS2_PLACEMENT_3D ( 'NONE', #397, #3922, #4008 ) ;
#3889 = AXIS2_PLACEMENT_3D ( 'NONE', #1888, #3600, #131 ) ;
#3890 = ORIENTED_EDGE ( 'NONE', *, *, #63, .T. ) ;
#3891 = DIRECTION ( 'NONE',  ( 0.000000000000000000, 0.000000000000000000, 1.000000000000000000 ) ) ;
#3892 = DIRECTION ( 'NONE',  ( 0.000000000000000000, 0.000000000000000000, 1.000000000000000000 ) ) ;
#3893 = CARTESIAN_POINT ( 'NONE',  ( 9.941493056932539929, 19.21856720755470604, 7.637699309811525339 ) ) ;
#3894 = CARTESIAN_POINT ( 'NONE',  ( -0.7481409111372310239, 15.28122701564108255, 10.24300936007192142 ) ) ;
#3895 = CARTESIAN_POINT ( 'NONE',  ( -6.532516280436611034, 9.636029327078002638, 10.98753123915020069 ) ) ;
#3896 = CARTESIAN_POINT ( 'NONE',  ( 6.565214453186319687, 28.57142857142857295, 10.40432602334240642 ) ) ;
#3897 = DIRECTION ( 'NONE',  ( 0.000000000000000000, -0.000000000000000000, 1.000000000000000000 ) ) ;
#3898 = CARTESIAN_POINT ( 'NONE',  ( -9.597539121489585767, 31.40856393184127171, 8.023842230694352651 ) ) ;
#3899 = CARTESIAN_POINT ( 'NONE',  ( -23.95307913400697331, -12.99999999999999822, 1.500000000000000000 ) ) ;
#3900 = LINE ( 'NONE', #2845, #4371 ) ;
#3901 = CARTESIAN_POINT ( 'NONE',  ( 38.00000000000000000, -13.00000000000000000, 0.000000000000000000 ) ) ;
#3902 = CARTESIAN_POINT ( 'NONE',  ( 38.00000000000000000, -13.00000000000000000, 0.000000000000000000 ) ) ;
#3903 = ORIENTED_EDGE ( 'NONE', *, *, #2888, .F. ) ;
#3904 = CARTESIAN_POINT ( 'NONE',  ( -11.48912529307605723, 32.00000000000000000, 10.40432602334240464 ) ) ;
#3905 = EDGE_CURVE ( 'NONE', #3409, #2979, #357, .T. ) ;
#3906 = ORIENTED_EDGE ( 'NONE', *, *, #1374, .T. ) ;
#3907 = CARTESIAN_POINT ( 'NONE',  ( 0.000000000000000000, 11.35454181526981365, 0.000000000000000000 ) ) ;
#3908 = DIRECTION ( 'NONE',  ( 0.000000000000000000, 1.000000000000000000, 0.000000000000000000 ) ) ;
#3909 = CIRCLE ( 'NONE', #2518, 4.499999999999998224 ) ;
#3910 = EDGE_CURVE ( 'NONE', #2491, #2979, #234, .T. ) ;
#3911 = EDGE_LOOP ( 'NONE', ( #2028, #1532, #3741, #661, #4522, #4518 ) ) ;
#3912 = AXIS2_PLACEMENT_3D ( 'NONE', #152, #2543, #2501 ) ;
#3913 = VECTOR ( 'NONE', #1556, 1000.000000000000000 ) ;
#3914 = CYLINDRICAL_SURFACE ( 'NONE', #3159, 8.000000000000000000 ) ;
#3915 = CIRCLE ( 'NONE', #3186, 24.00000000000000355 ) ;
#3916 = CARTESIAN_POINT ( 'NONE',  ( -6.224628942183485059, 36.80118835739574479, 15.15733430635385481 ) ) ;
#3917 = CARTESIAN_POINT ( 'NONE',  ( -38.00000000000000000, -3.000000000000000888, 0.000000000000000000 ) ) ;
#3918 = ADVANCED_FACE ( 'NONE', ( #3163 ), #77, .F. ) ;
#3919 = CARTESIAN_POINT ( 'NONE',  ( 5.662262322089062216, 29.86819484240687927, 7.900132940360279576 ) ) ;
#3920 = CARTESIAN_POINT ( 'NONE',  ( 2.025311946898870730, 34.81953016815847235, 19.33559079581132067 ) ) ;
#3921 = DIRECTION ( 'NONE',  ( 0.000000000000000000, 0.000000000000000000, 1.000000000000000000 ) ) ;
#3922 = DIRECTION ( 'NONE',  ( 0.5075110394882722531, -0.6782558255967774397, 0.5314146966744212053 ) ) ;
#3923 = EDGE_LOOP ( 'NONE', ( #292, #1259, #3422, #3224, #1180 ) ) ;
#3924 = CYLINDRICAL_SURFACE ( 'NONE', #1595, 7.499999999999998224 ) ;
#3925 = DIRECTION ( 'NONE',  ( 0.000000000000000000, 0.000000000000000000, 1.000000000000000000 ) ) ;
#3926 = ORIENTED_EDGE ( 'NONE', *, *, #2895, .F. ) ;
#3927 = VERTEX_POINT ( 'NONE', #3820 ) ;
#3928 = CARTESIAN_POINT ( 'NONE',  ( 1.622881097954379070, 34.88728478324586746, 19.39722163185036408 ) ) ;
#3929 = DIRECTION ( 'NONE',  ( 0.000000000000000000, 0.000000000000000000, 1.000000000000000000 ) ) ;
#3930 = ORIENTED_EDGE ( 'NONE', *, *, #3103, .F. ) ;
#3931 = DIRECTION ( 'NONE',  ( 1.000000000000000000, 0.000000000000000000, 0.000000000000000000 ) ) ;
#3932 = ADVANCED_FACE ( 'NONE', ( #1492 ), #2096, .T. ) ;
#3933 = ORIENTED_EDGE ( 'NONE', *, *, #1854, .F. ) ;
#3934 = CARTESIAN_POINT ( 'NONE',  ( -7.717693583527494461, 26.17396341006750049, -5.543050136242843706 ) ) ;
#3935 = ADVANCED_FACE ( 'NONE', ( #4294 ), #1048, .T. ) ;
#3936 = VECTOR ( 'NONE', #3173, 1000.000000000000227 ) ;
#3937 = CARTESIAN_POINT ( 'NONE',  ( -43.13157894736842479, -13.00000000000000000, -11.94432490796048008 ) ) ;
#3938 = CARTESIAN_POINT ( 'NONE',  ( 0.000000000000000000, 32.00000000000000000, 0.000000000000000000 ) ) ;
#3939 = CARTESIAN_POINT ( 'NONE',  ( 10.43843498100410017, 20.51903611564917895, 7.987731108032685157 ) ) ;
#3940 = CARTESIAN_POINT ( 'NONE',  ( 7.871998807331570980, 29.61364289543178430, 5.327667924696504187 ) ) ;
#3941 = CARTESIAN_POINT ( 'NONE',  ( 23.95307913400697331, -80.88225099390857054, -1.500000000000000000 ) ) ;
#3942 = CARTESIAN_POINT ( 'NONE',  ( 23.95307913400697331, -13.00000000000000000, 1.500000000000000000 ) ) ;
#3943 = CARTESIAN_POINT ( 'NONE',  ( -6.002018840049483828, 29.51424817572840098, 7.639018140973563575 ) ) ;
#3944 = CARTESIAN_POINT ( 'NONE',  ( -5.289305904566602656, 30.00646567355724414, 16.16371246376428417 ) ) ;
#3945 = CARTESIAN_POINT ( 'NONE',  ( -1.760364712519086439, 31.80391671399161169, 19.25512056549336037 ) ) ;
#3946 = AXIS2_PLACEMENT_3D ( 'NONE', #2785, #3526, #365 ) ;
#3947 = ORIENTED_EDGE ( 'NONE', *, *, #3157, .F. ) ;
#3948 = CARTESIAN_POINT ( 'NONE',  ( 8.273409385977592123, 27.73007439767481586, 4.670854968146594288 ) ) ;
#3949 = ORIENTED_EDGE ( 'NONE', *, *, #4519, .F. ) ;
#3950 = FACE_OUTER_BOUND ( 'NONE', #4435, .T. ) ;
#3951 = DIRECTION ( 'NONE',  ( 0.000000000000000000, 1.000000000000000000, 0.000000000000000000 ) ) ;
#3952 = VECTOR ( 'NONE', #2171, 1000.000000000000114 ) ;
#3953 = CARTESIAN_POINT ( 'NONE',  ( -5.620123549376754291, 33.45850904974403051, 17.90579712196950268 ) ) ;
#3954 = ORIENTED_EDGE ( 'NONE', *, *, #3848, .T. ) ;
#3955 = ADVANCED_FACE ( 'NONE', ( #2812 ), #1775, .F. ) ;
#3956 = CIRCLE ( 'NONE', #129, 11.00000000000000000 ) ;
#3957 = CARTESIAN_POINT ( 'NONE',  ( -8.313301945321050823, 35.92922614722800034, 13.63080370485422677 ) ) ;
#3958 = LINE ( 'NONE', #3937, #1977 ) ;
#3959 = EDGE_CURVE ( 'NONE', #1699, #1047, #864, .T. ) ;
#3960 = ORGANIZATION ( 'UNSPECIFIED', 'UNSPECIFIED', '' ) ;
#3961 = VERTEX_POINT ( 'NONE', #2464 ) ;
#3962 = EDGE_CURVE ( 'NONE', #4310, #1299, #4467, .T. ) ;
#3963 = CARTESIAN_POINT ( 'NONE',  ( 2.202166766294111788, 31.69571321081646076, -9.245097810226795332 ) ) ;
#3964 = CARTESIAN_POINT ( 'NONE',  ( 10.99114407715385688, 23.45583590524235618, 6.675765195998099699 ) ) ;
#3965 = CARTESIAN_POINT ( 'NONE',  ( -9.332885648522307065, 13.01853827323991375, 10.28780130166531848 ) ) ;
#3966 = CARTESIAN_POINT ( 'NONE',  ( 7.999999999999998224, 23.85829579832125802, 6.652067347825034282 ) ) ;
#3967 = LINE ( 'NONE', #801, #701 ) ;
#3968 = CARTESIAN_POINT ( 'NONE',  ( -7.963675788447033277, 23.15383305726732033, 5.358047325908713354 ) ) ;
#3969 = CARTESIAN_POINT ( 'NONE',  ( 0.000000000000000000, -3.000000000000000888, 0.000000000000000000 ) ) ;
#3970 = FACE_OUTER_BOUND ( 'NONE', #1575, .T. ) ;
#3971 = VERTEX_POINT ( 'NONE', #1859 ) ;
#3972 = CARTESIAN_POINT ( 'NONE',  ( 10.52531210004556250, 20.79052321235402800, 7.800036574550259338 ) ) ;
#3973 = B_SPLINE_CURVE_WITH_KNOTS ( 'NONE', 3,
 ( #2884, #1527, #4328, #2567, #2589, #2613, #461, #1917, #1154, #3329, #163, #4283, #1580, #2541, #3966, #778 ),
 .UNSPECIFIED., .F., .F.,
 ( 4, 2, 2, 2, 2, 2, 2, 4 ),
 ( 0.000000000000000000, 0.001667845639754754212, 0.003335691279509508424, 0.004169614099386883578, 0.005003536919264258732, 0.005837459739141634754, 0.006254421149080321464, 0.006671382559019009041 ),
 .UNSPECIFIED. ) ;
#3974 = ORIENTED_EDGE ( 'NONE', *, *, #1026, .F. ) ;
#3975 = CARTESIAN_POINT ( 'NONE',  ( -41.94736842105263008, -13.00000000000000000, 9.187942236892677528 ) ) ;
#3976 = CARTESIAN_POINT ( 'NONE',  ( -11.20936036568579830, 15.61249499599599488, 10.70515017139845071 ) ) ;
#3977 = CARTESIAN_POINT ( 'NONE',  ( 0.5993361644969920077, 13.01236909691585453, 19.57666386181070806 ) ) ;
#3978 = CC_DESIGN_DATE_AND_TIME_ASSIGNMENT ( #637, #615, ( #1642 ) ) ;
#3979 = CARTESIAN_POINT ( 'NONE',  ( 7.576383307274996426, 31.98090821161510178, 15.66332737512370343 ) ) ;
#3980 = VERTEX_POINT ( 'NONE', #4188 ) ;
#3981 = EDGE_CURVE ( 'NONE', #1250, #2773, #1140, .T. ) ;
#3982 = CARTESIAN_POINT ( 'NONE',  ( 11.05263157894737169, -13.00000000000000000, 25.72623826329950703 ) ) ;
#3983 = CARTESIAN_POINT ( 'NONE',  ( -5.818414205745469303, 36.93895386882277165, 15.35684038633658766 ) ) ;
#3984 = ORIENTED_EDGE ( 'NONE', *, *, #1661, .T. ) ;
#3985 = VECTOR ( 'NONE', #512, 1000.000000000000000 ) ;
#3986 = VECTOR ( 'NONE', #211, 1000.000000000000000 ) ;
#3987 = EDGE_CURVE ( 'NONE', #2004, #627, #2860, .T. ) ;
#3988 = CARTESIAN_POINT ( 'NONE',  ( 1.949706324530607797E-15, 38.00000000000000711, 13.50000000000000178 ) ) ;
#3989 = CARTESIAN_POINT ( 'NONE',  ( -4.738672119031332564, 14.07015357774833930, 17.85079710525173624 ) ) ;
#3990 = CARTESIAN_POINT ( 'NONE',  ( 38.00000000000000000, 0.000000000000000000, -4.499999999999998224 ) ) ;
#3991 = CARTESIAN_POINT ( 'NONE',  ( 0.000000000000000000, -12.99999999999999822, 0.000000000000000000 ) ) ;
#3992 = EDGE_CURVE ( 'NONE', #817, #4010, #428, .T. ) ;
#3993 = DIRECTION ( 'NONE',  ( 0.000000000000000000, -0.000000000000000000, 1.000000000000000000 ) ) ;
#3994 = DIRECTION ( 'NONE',  ( -0.000000000000000000, -1.000000000000000000, -0.000000000000000000 ) ) ;
#3995 = CARTESIAN_POINT ( 'NONE',  ( 2.132749555529790619, 37.65685424949238325, 13.33046808380663961 ) ) ;
#3996 = EDGE_LOOP ( 'NONE', ( #3775, #880 ) ) ;
#3997 = DIRECTION ( 'NONE',  ( 0.000000000000000000, 0.000000000000000000, 1.000000000000000000 ) ) ;
#3998 = ORIENTED_EDGE ( 'NONE', *, *, #219, .F. ) ;
#3999 = CARTESIAN_POINT ( 'NONE',  ( -0.6624994968806864337, 34.99960629612106544, 16.49975307930154855 ) ) ;
#4000 = AXIS2_PLACEMENT_3D ( 'NONE', #1817, #1837, #2136 ) ;
#4001 = CARTESIAN_POINT ( 'NONE',  ( 0.000000000000000000, -13.00000000000000000, 0.000000000000000000 ) ) ;
#4002 = CARTESIAN_POINT ( 'NONE',  ( 9.930244625466800201, 19.23781315904374623, 8.989160725460843437 ) ) ;
#4003 = CARTESIAN_POINT ( 'NONE',  ( 5.615681174363838402, 14.53214601243830728, 17.04625404953114298 ) ) ;
#4004 = CARTESIAN_POINT ( 'NONE',  ( -6.366897664682115376, 19.14989349876196911, -7.053713635612251842 ) ) ;
#4005 = CARTESIAN_POINT ( 'NONE',  ( 6.904486054659205507, 32.56515388783613218, 16.65843487870030160 ) ) ;
#4006 = ORIENTED_EDGE ( 'NONE', *, *, #1193, .F. ) ;
#4007 = CARTESIAN_POINT ( 'NONE',  ( -7.987672893276899444, 36.08291502845560927, 13.93953931038532623 ) ) ;
#4008 = DIRECTION ( 'NONE',  ( 0.000000000000000000, -0.6167441807741943505, -0.7871636522865927965 ) ) ;
#4009 = CARTESIAN_POINT ( 'NONE',  ( -2.929458186048863322, 37.65685424946362048, 13.18434145433735338 ) ) ;
#4010 = VERTEX_POINT ( 'NONE', #2441 ) ;
#4011 = DIRECTION ( 'NONE',  ( -0.7231845397216644100, 0.000000000000000000, 0.6906548497676423537 ) ) ;
#4012 = CARTESIAN_POINT ( 'NONE',  ( 10.98620628533789123, 24.57270642002606209, 6.688960144184363799 ) ) ;
#4013 = CARTESIAN_POINT ( 'NONE',  ( -5.882086225607655372, 10.16064203439600000, 14.94157890236530939 ) ) ;
#4014 = DIRECTION ( 'NONE',  ( 0.9187942236892679970, 0.000000000000000000, 0.3947368421052633303 ) ) ;
#4015 = CARTESIAN_POINT ( 'NONE',  ( -7.041721953820808899, 32.00000000000000000, 6.376844982048574195 ) ) ;
#4016 = VECTOR ( 'NONE', #382, 1000.000000000000000 ) ;
#4017 = CARTESIAN_POINT ( 'NONE',  ( -8.506591215636916559, 22.12264967573865704, 4.229812425173567370 ) ) ;
#4018 = CARTESIAN_POINT ( 'NONE',  ( 0.000000000000000000, -80.88225099390857054, 0.000000000000000000 ) ) ;
#4019 = ORIENTED_EDGE ( 'NONE', *, *, #291, .F. ) ;
#4020 = EDGE_CURVE ( 'NONE', #4120, #3723, #3119, .T. ) ;
#4021 = CARTESIAN_POINT ( 'NONE',  ( 11.48912529307605723, 32.00000000000000000, 10.40432602334240464 ) ) ;
#4022 = ORIENTED_EDGE ( 'NONE', *, *, #2588, .T. ) ;
#4023 = CARTESIAN_POINT ( 'NONE',  ( 0.000000000000000000, -3.000000000000000000, 0.000000000000000000 ) ) ;
#4024 = CARTESIAN_POINT ( 'NONE',  ( 4.359625976257694546, 30.71712767953186685, 17.62963260570125712 ) ) ;
#4025 = CARTESIAN_POINT ( 'NONE',  ( -8.590026613918723797, 30.87455236562304961, 12.98558501408722421 ) ) ;
#4026 = CARTESIAN_POINT ( 'NONE',  ( 6.815461236821855451, 36.57907623458459767, 14.80924081626668176 ) ) ;
#4027 = CARTESIAN_POINT ( 'NONE',  ( 1.760364712500795958, 31.80391671399573283, 19.25512056549847628 ) ) ;
#4028 = ORIENTED_EDGE ( 'NONE', *, *, #3981, .T. ) ;
#4029 = AXIS2_PLACEMENT_3D ( 'NONE', #3726, #2020, #1210 ) ;
#4030 = CARTESIAN_POINT ( 'NONE',  ( -10.37386505256640312, 34.95933963343478723, 10.60084376126368788 ) ) ;
#4031 = DIRECTION ( 'NONE',  ( 0.000000000000000000, 1.000000000000000000, 0.000000000000000000 ) ) ;
#4032 = CARTESIAN_POINT ( 'NONE',  ( -6.239682700055162456, 33.52414968532276163, 12.22830570355035817 ) ) ;
#4033 = ORIENTED_EDGE ( 'NONE', *, *, #770, .F. ) ;
#4034 = CARTESIAN_POINT ( 'NONE',  ( -8.265813555735508800, 20.17443692325363358, 4.690526964660628906 ) ) ;
#4035 = CARTESIAN_POINT ( 'NONE',  ( 10.74586755179366726, 21.63020765970844650, 7.295613597000714989 ) ) ;
#4036 = CARTESIAN_POINT ( 'NONE',  ( -1.087040501430552419, 13.04101284332818800, 19.53226628187432823 ) ) ;
#4037 = CARTESIAN_POINT ( 'NONE',  ( 1.072588753115732318, 16.06766033527306448, -12.45678842386724128 ) ) ;
#4038 = TOROIDAL_SURFACE ( 'NONE', #3381, 15.50000000000000000, 3.000000000000000000 ) ;
#4039 = CARTESIAN_POINT ( 'NONE',  ( -1.379224866721532106, 14.50110684525245652, 9.762808433218509663 ) ) ;
#4040 = DIRECTION ( 'NONE',  ( 0.000000000000000000, 1.000000000000000000, -0.000000000000000000 ) ) ;
#4041 = DIRECTION ( 'NONE',  ( 0.000000000000000000, 1.000000000000000000, -0.000000000000000000 ) ) ;
#4042 = DIRECTION ( 'NONE',  ( 1.000000000000000000, 0.000000000000000000, 0.000000000000000000 ) ) ;
#4043 = ORIENTED_EDGE ( 'NONE', *, *, #3433, .T. ) ;
#4044 = EDGE_LOOP ( 'NONE', ( #891, #1427, #2810, #3844 ) ) ;
#4045 = DIRECTION ( 'NONE',  ( 0.000000000000000000, 0.000000000000000000, 1.000000000000000000 ) ) ;
#4046 = CARTESIAN_POINT ( 'NONE',  ( 2.624775661173852193, 31.56855163903193073, 18.95645548773626388 ) ) ;
#4047 = EDGE_CURVE ( 'NONE', #2896, #2157, #4164, .T. ) ;
#4048 = CARTESIAN_POINT ( 'NONE',  ( 8.691745712779120225, 30.76036791876500942, 12.70747528194518772 ) ) ;
#4049 = EDGE_CURVE ( 'NONE', #1473, #933, #1003, .T. ) ;
#4050 =( BOUNDED_SURFACE ( )  B_SPLINE_SURFACE ( 3, 2, ( 
 ( #932, #1982, #3367 ),
 ( #203, #1639, #2344 ),
 ( #4457, #3691, #4009 ),
 ( #1618, #2250, #3668 ),
 ( #4365, #1218, #2631 ),
 ( #531, #3348, #3000 ),
 ( #1248, #3107, #699 ),
 ( #4547, #332, #4222 ),
 ( #3151, #2089, #967 ),
 ( #4133, #4156, #2733 ),
 ( #355, #4521, #2432 ),
 ( #283, #722, #3472 ),
 ( #1375, #3521, #1698 ),
 ( #3496, #4201, #3174 ),
 ( #3543, #2825, #2778 ),
 ( #307, #1064, #1040 ),
 ( #4175, #2402, #1326 ),
 ( #2480, #630, #2455 ) ),
 .UNSPECIFIED., .F., .F., .T. ) 
 B_SPLINE_SURFACE_WITH_KNOTS ( ( 4, 2, 2, 2, 2, 2, 2, 2, 4 ),
 ( 3, 3 ),
 ( 0.02064247267687636250, 0.02244506943551435874, 0.02424766619415235497, 0.02605026295279035120, 0.02785285971142834743, 0.02965545647006634367, 0.03145805322870433990, 0.03326064998734233613, 0.03506324674598033236 ),
 ( 0.000000000000000000, 1.000000000000000000 ),
 .UNSPECIFIED. ) 
 GEOMETRIC_REPRESENTATION_ITEM ( )  RATIONAL_B_SPLINE_SURFACE ( (
 ( 1.000000000000000000, 0.7192924026113689528, 1.000000000000000000),
 ( 1.000000000000000000, 0.7164625821455997690, 1.000000000000000000),
 ( 1.000000000000000000, 0.7129286567526229579, 1.000000000000000000),
 ( 1.000000000000000000, 0.7050835984973098380, 1.000000000000000000),
 ( 1.000000000000000000, 0.7008552762682207504, 1.000000000000000000),
 ( 1.000000000000000000, 0.6921936402141428690, 1.000000000000000000),
 ( 1.000000000000000000, 0.6877659025387206082, 1.000000000000000000),
 ( 1.000000000000000000, 0.6787217035263641840, 1.000000000000000000),
 ( 1.000000000000000000, 0.6742329587182442907, 1.000000000000000000),
 ( 1.000000000000000000, 0.6648865537570962658, 1.000000000000000000),
 ( 1.000000000000000000, 0.6600158329101217802, 1.000000000000000000),
 ( 1.000000000000000000, 0.6489146023776777295, 1.000000000000000000),
 ( 1.000000000000000000, 0.6428277428368888158, 1.000000000000000000),
 ( 1.000000000000000000, 0.6285017151289206128, 1.000000000000000000),
 ( 1.000000000000000000, 0.6202177989322575913, 1.000000000000000000),
 ( 1.000000000000000000, 0.6005491175627658551, 1.000000000000000000),
 ( 1.000000000000000000, 0.5892691055664897037, 1.000000000000000000),
 ( 1.000000000000000000, 0.5762017672644472732, 1.000000000000000000) ) ) 
 REPRESENTATION_ITEM ( '' )  SURFACE ( )  );
#4051 = CARTESIAN_POINT ( 'NONE',  ( -6.351257921983398447, 19.10909981678288716, -10.77145300781082504 ) ) ;
#4052 = PLANE ( 'NONE',  #3145 ) ;
#4053 = ORIENTED_EDGE ( 'NONE', *, *, #1139, .T. ) ;
#4054 =( LENGTH_UNIT ( ) NAMED_UNIT ( * ) SI_UNIT ( .MILLI., .METRE. ) );
#4055 = FACE_OUTER_BOUND ( 'NONE', #323, .T. ) ;
#4056 = ORIENTED_EDGE ( 'NONE', *, *, #3131, .T. ) ;
#4057 = CARTESIAN_POINT ( 'NONE',  ( 10.92098540254493066, 25.35134739586345987, 6.860954089127083044 ) ) ;
#4058 = CARTESIAN_POINT ( 'NONE',  ( 1.864174455375872785, 13.15586358948046630, 19.35153350280190665 ) ) ;
#4059 = CARTESIAN_POINT ( 'NONE',  ( -0.5323365806647846199, 14.52252024631909677, 10.23518377936116330 ) ) ;
#4060 = CARTESIAN_POINT ( 'NONE',  ( -4.583185907808818627, 13.99739854333060052, 17.97499198379941632 ) ) ;
#4061 = DIRECTION ( 'NONE',  ( 0.000000000000000000, 0.000000000000000000, 1.000000000000000000 ) ) ;
#4062 = DIRECTION ( 'NONE',  ( 0.000000000000000000, 0.000000000000000000, 1.000000000000000000 ) ) ;
#4063 = ORIENTED_EDGE ( 'NONE', *, *, #2651, .F. ) ;
#4064 = CIRCLE ( 'NONE', #4206, 8.000000000000000000 ) ;
#4065 = CARTESIAN_POINT ( 'NONE',  ( -1.116640712940859981, 16.05918733005432131, -9.450005739400129556 ) ) ;
#4066 = ORIENTED_EDGE ( 'NONE', *, *, #4069, .T. ) ;
#4067 = CARTESIAN_POINT ( 'NONE',  ( 9.132037757988372917, 17.84373566716095993, 10.27245383763647801 ) ) ;
#4068 = CYLINDRICAL_SURFACE ( 'NONE', #3802, 4.499999999999998224 ) ;
#4069 = EDGE_CURVE ( 'NONE', #1108, #1376, #14, .T. ) ;
#4070 = DIRECTION ( 'NONE',  ( -0.3947368421052631082, 0.000000000000000000, -0.9187942236892679970 ) ) ;
#4071 = CARTESIAN_POINT ( 'NONE',  ( 11.05263157894737169, -3.000000000000000888, 25.72623826329950703 ) ) ;
#4072 = CARTESIAN_POINT ( 'NONE',  ( 38.00000000000000000, -13.00000000000000000, 4.499999999999998224 ) ) ;
#4073 = EDGE_CURVE ( 'NONE', #3818, #2666, #4345, .T. ) ;
#4074 = VECTOR ( 'NONE', #1789, 1000.000000000000000 ) ;
#4075 = CARTESIAN_POINT ( 'NONE',  ( -9.700559336595629745, 35.25565410748200179, 11.84943040288434268 ) ) ;
#4076 = ORIENTED_EDGE ( 'NONE', *, *, #3656, .F. ) ;
#4077 = FACE_OUTER_BOUND ( 'NONE', #2009, .T. ) ;
#4078 = DIRECTION ( 'NONE',  ( 0.000000000000000000, 0.000000000000000000, 1.000000000000000000 ) ) ;
#4079 = CARTESIAN_POINT ( 'NONE',  ( -0.7905749101314414329, 16.02982752242051845, 19.53226628187432823 ) ) ;
#4080 = CARTESIAN_POINT ( 'NONE',  ( -1.484378952615313940, 13.09678628886565299, 19.44460354140106872 ) ) ;
#4081 = CYLINDRICAL_SURFACE ( 'NONE', #3768, 25.00000000000000355 ) ;
#4082 = CARTESIAN_POINT ( 'NONE',  ( 0.000000000000000000, 0.000000000000000000, 0.000000000000000000 ) ) ;
#4083 = EDGE_LOOP ( 'NONE', ( #3287, #2699, #308, #1097, #4496 ) ) ;
#4084 = AXIS2_PLACEMENT_3D ( 'NONE', #3658, #195, #2312 ) ;
#4085 = CARTESIAN_POINT ( 'NONE',  ( 10.53480003181070224, 20.82095751594312460, 7.779370030328368379 ) ) ;
#4086 = FACE_OUTER_BOUND ( 'NONE', #3401, .T. ) ;
#4087 = CARTESIAN_POINT ( 'NONE',  ( 5.292690014752648331, 30.00344476067242638, 16.15643935930336994 ) ) ;
#4088 = CARTESIAN_POINT ( 'NONE',  ( 2.132749555529811047, 37.65685424949253246, 13.33046808380663606 ) ) ;
#4089 = CARTESIAN_POINT ( 'NONE',  ( -9.039806746520808289, 15.61249499599599488, 8.633185622095526313 ) ) ;
#4090 = DIRECTION ( 'NONE',  ( 0.000000000000000000, 1.000000000000000000, 0.000000000000000000 ) ) ;
#4091 = EDGE_LOOP ( 'NONE', ( #236, #3866, #1070, #3030, #2067, #4412, #3324, #4342, #3783 ) ) ;
#4092 = CIRCLE ( 'NONE', #3946, 3.000000000000001332 ) ;
#4093 = AXIS2_PLACEMENT_3D ( 'NONE', #4314, #2580, #3769 ) ;
#4094 = SECURITY_CLASSIFICATION_LEVEL ( 'unclassified' ) ;
#4095 = CARTESIAN_POINT ( 'NONE',  ( -6.672099704401254883, 33.59468197504699560, 9.816730590643034660 ) ) ;
#4096 = EDGE_CURVE ( 'NONE', #1189, #2090, #3527, .T. ) ;
#4097 = CIRCLE ( 'NONE', #1384, 13.38636363636363491 ) ;
#4098 = ORIENTED_EDGE ( 'NONE', *, *, #3659, .T. ) ;
#4099 = FACE_OUTER_BOUND ( 'NONE', #155, .T. ) ;
#4100 = DIRECTION ( 'NONE',  ( -0.000000000000000000, -1.000000000000000000, 0.000000000000000000 ) ) ;
#4101 = CARTESIAN_POINT ( 'NONE',  ( -2.451477626022735112, 7.569244680636055378, 13.88382822714299003 ) ) ;
#4102 = CARTESIAN_POINT ( 'NONE',  ( -7.217585215475342153, 20.54369134634543670, 8.987596042437102639 ) ) ;
#4103 = ADVANCED_FACE ( 'NONE', ( #495 ), #1559, .F. ) ;
#4104 = CARTESIAN_POINT ( 'NONE',  ( 7.971621177859954166, 37.65685424943121973, 10.89662985268549988 ) ) ;
#4105 = CARTESIAN_POINT ( 'NONE',  ( 10.71393619702060462, 19.56968232911854955, 6.441718635358455458 ) ) ;
#4106 = CARTESIAN_POINT ( 'NONE',  ( 4.431043685137364463, 37.32707775305398457, 15.88339014090109735 ) ) ;
#4107 = EDGE_LOOP ( 'NONE', ( #2410, #1245, #3790, #4150 ) ) ;
#4108 = CIRCLE ( 'NONE', #3597, 3.000000000000001332 ) ;
#4109 = CARTESIAN_POINT ( 'NONE',  ( 8.000939851808395176, 24.09333420009423321, 5.297588832542452053 ) ) ;
#4110 = AXIS2_PLACEMENT_3D ( 'NONE', #1801, #482, #2162 ) ;
#4111 = CARTESIAN_POINT ( 'NONE',  ( -11.06669701409801831, 26.88008521529226158, 5.815709114948628411 ) ) ;
#4112 = EDGE_LOOP ( 'NONE', ( #3434, #2379 ) ) ;
#4113 = CARTESIAN_POINT ( 'NONE',  ( 11.00000000000000000, 24.00000000000000355, 6.652067347825037835 ) ) ;
#4114 = CC_DESIGN_APPROVAL ( #2877, ( #1642 ) ) ;
#4115 = DIRECTION ( 'NONE',  ( -0.000000000000000000, -1.000000000000000000, -0.000000000000000000 ) ) ;
#4116 = DIRECTION ( 'NONE',  ( 0.000000000000000000, 1.000000000000000000, 0.000000000000000000 ) ) ;
#4117 = CARTESIAN_POINT ( 'NONE',  ( -7.561644717509720337, 21.37492360039527739, -9.953958651583954875 ) ) ;
#4118 = CARTESIAN_POINT ( 'NONE',  ( -41.94736842105263719, -3.000000000000000000, -9.187942236892677528 ) ) ;
#4119 = ORIENTED_EDGE ( 'NONE', *, *, #3484, .F. ) ;
#4120 = VERTEX_POINT ( 'NONE', #2193 ) ;
#4121 = CARTESIAN_POINT ( 'NONE',  ( 9.131329619659402042, 17.84278928588137703, 10.27339755272353550 ) ) ;
#4122 = CARTESIAN_POINT ( 'NONE',  ( -38.00000000000000000, -3.000000000000000888, 0.000000000000000000 ) ) ;
#4123 = CARTESIAN_POINT ( 'NONE',  ( 8.807354573038882251, 17.40981749685398938, 10.70515017139848091 ) ) ;
#4124 = CARTESIAN_POINT ( 'NONE',  ( -0.09483917068349266566, 16.00037536420933293, 9.797700376022186575 ) ) ;
#4125 = CARTESIAN_POINT ( 'NONE',  ( 2.539252162523418122, 37.65685424949238325, 13.26543148877210498 ) ) ;
#4126 = DIRECTION ( 'NONE',  ( 0.000000000000000000, 0.000000000000000000, 1.000000000000000000 ) ) ;
#4127 = EDGE_LOOP ( 'NONE', ( #1022, #617, #4267, #831 ) ) ;
#4128 = ADVANCED_FACE ( 'NONE', ( #2942 ), #2894, .T. ) ;
#4129 = EDGE_CURVE ( 'NONE', #1208, #132, #424, .T. ) ;
#4130 = CARTESIAN_POINT ( 'NONE',  ( -10.98898931925235978, 23.38590430446312496, 5.996100883859559971 ) ) ;
#4131 = EDGE_LOOP ( 'NONE', ( #2924, #3949, #1464, #1588 ) ) ;
#4132 = CARTESIAN_POINT ( 'NONE',  ( 5.310087415348559325, 30.00507873672319903, -11.32319287733792379 ) ) ;
#4133 = CARTESIAN_POINT ( 'NONE',  ( -5.320613320879601815, 29.98012331352855497, 16.10014935599162911 ) ) ;
#4134 = EDGE_CURVE ( 'NONE', #2220, #1197, #3088, .T. ) ;
#4135 = TOROIDAL_SURFACE ( 'NONE', #958, 21.79449471770336544, 3.000000000000000000 ) ;
#4136 = CIRCLE ( 'NONE', #3703, 5.999999999999999112 ) ;
#4137 = VECTOR ( 'NONE', #4343, 1000.000000000000000 ) ;
#4138 = DIRECTION ( 'NONE',  ( 0.000000000000000000, 0.000000000000000000, 1.000000000000000000 ) ) ;
#4139 = CARTESIAN_POINT ( 'NONE',  ( 0.000000000000000000, 24.00000000000000355, 50.00000000000000000 ) ) ;
#4140 = CARTESIAN_POINT ( 'NONE',  ( -6.405348780391886265, 19.20713999771200164, 10.70515017139845426 ) ) ;
#4141 = PERSON_AND_ORGANIZATION_ROLE ( 'classification_officer' ) ;
#4142 = VERTEX_POINT ( 'NONE', #70 ) ;
#4143 = VERTEX_POINT ( 'NONE', #1533 ) ;
#4144 = CARTESIAN_POINT ( 'NONE',  ( 7.920110773007198901, 18.56675639732654304, 5.253645082580339576 ) ) ;
#4145 = DIRECTION ( 'NONE',  ( 1.000000000000000000, 0.000000000000000000, 0.000000000000000000 ) ) ;
#4146 = CARTESIAN_POINT ( 'NONE',  ( 5.031550893618169873, 13.87024596810359967, 12.52581820331560181 ) ) ;
#4147 = CARTESIAN_POINT ( 'NONE',  ( 5.126799044188674159, 17.85717647619511439, 15.10165159454945893 ) ) ;
#4148 = DIRECTION ( 'NONE',  ( 0.000000000000000000, 0.000000000000000000, 1.000000000000000000 ) ) ;
#4149 = DIRECTION ( 'NONE',  ( -0.5075110394882725862, -0.6782558255967773286, 0.5314146966744210943 ) ) ;
#4150 = ORIENTED_EDGE ( 'NONE', *, *, #2243, .F. ) ;
#4151 = CARTESIAN_POINT ( 'NONE',  ( 8.506502832694902594, 22.12139825545519400, 4.229992163917272840 ) ) ;
#4152 = CARTESIAN_POINT ( 'NONE',  ( -10.99660345902658065, 24.41633972494791749, 6.661438706682592858 ) ) ;
#4153 = DIRECTION ( 'NONE',  ( 0.7231845397216644100, 0.000000000000000000, 0.6906548497676423537 ) ) ;
#4154 = ORIENTED_EDGE ( 'NONE', *, *, #4490, .F. ) ;
#4155 = CARTESIAN_POINT ( 'NONE',  ( 2.143726507395036673, 31.72610919122159601, -12.32621931619786970 ) ) ;
#4156 = CARTESIAN_POINT ( 'NONE',  ( -1.914729074325814073, 32.99692137309457962, 11.11040947229538389 ) ) ;
#4157 = EDGE_LOOP ( 'NONE', ( #2669, #1726, #2247 ) ) ;
#4158 = AXIS2_PLACEMENT_3D ( 'NONE', #966, #5, #261 ) ;
#4159 = DIRECTION ( 'NONE',  ( 0.000000000000000000, 1.000000000000000000, -0.000000000000000000 ) ) ;
#4160 = CARTESIAN_POINT ( 'NONE',  ( 41.94736842105264429, -3.000000000000000888, 9.187942236892677528 ) ) ;
#4161 = CARTESIAN_POINT ( 'NONE',  ( 9.868421052631578760, 0.000000000000000000, 22.96985559223169560 ) ) ;
#4162 = VECTOR ( 'NONE', #705, 1000.000000000000000 ) ;
#4163 = ORIENTED_EDGE ( 'NONE', *, *, #4252, .T. ) ;
#4164 = LINE ( 'NONE', #978, #2786 ) ;
#4165 = CARTESIAN_POINT ( 'NONE',  ( 7.308677782012821034, 20.61507109707867613, 6.283548151765450562 ) ) ;
#4166 = DIRECTION ( 'NONE',  ( 0.9638220225600061530, -0.2174136833883592024, -0.1542024614065721499 ) ) ;
#4167 = CARTESIAN_POINT ( 'NONE',  ( 7.464473842670716230, 15.91841275242604503, 14.34502190332541183 ) ) ;
#4168 = CARTESIAN_POINT ( 'NONE',  ( -0.07992853674476019243, 14.69424224593429607, 10.38578078834243179 ) ) ;
#4169 = CARTESIAN_POINT ( 'NONE',  ( 2.011895508568847468, 33.52957459210799840, 10.42116718407972265 ) ) ;
#4170 = DIRECTION ( 'NONE',  ( -0.000000000000000000, -1.000000000000000000, -0.000000000000000000 ) ) ;
#4171 = DIRECTION ( 'NONE',  ( 1.000000000000000000, 0.000000000000000000, 0.000000000000000000 ) ) ;
#4172 = CARTESIAN_POINT ( 'NONE',  ( -10.94948745656587974, 27.48994252331175048, 6.039630754264912582 ) ) ;
#4173 = PLANE ( 'NONE',  #2114 ) ;
#4174 = CARTESIAN_POINT ( 'NONE',  ( 0.2723852192687981622, 32.00000000000006395, -12.50000000000000178 ) ) ;
#4175 = CARTESIAN_POINT ( 'NONE',  ( -6.517878843539115508, 28.63940916518618351, 10.99708650581775160 ) ) ;
#4176 = ORIENTED_EDGE ( 'NONE', *, *, #2079, .F. ) ;
#4177 = AXIS2_PLACEMENT_3D ( 'NONE', #293, #98, #1386 ) ;
#4178 = CARTESIAN_POINT ( 'NONE',  ( 6.926569381232523526, 19.96721368607056846, -6.512930616283558294 ) ) ;
#4179 = ADVANCED_FACE ( 'NONE', ( #1835 ), #4038, .F. ) ;
#4180 = CARTESIAN_POINT ( 'NONE',  ( 5.957331545258333527, 9.189418826115643313, 11.67544126415619843 ) ) ;
#4181 = APPROVAL_PERSON_ORGANIZATION ( #1705, #2492, #1683 ) ;
#4182 = DIRECTION ( 'NONE',  ( 1.224646799147353454E-16, 0.000000000000000000, -1.000000000000000000 ) ) ;
#4183 = CARTESIAN_POINT ( 'NONE',  ( 4.363026508467998887, 34.10071762792725991, 18.64057516053334496 ) ) ;
#4184 = DIRECTION ( 'NONE',  ( 0.000000000000000000, 1.000000000000000000, 0.000000000000000000 ) ) ;
#4185 = EDGE_CURVE ( 'NONE', #627, #3704, #1671, .T. ) ;
#4186 = CARTESIAN_POINT ( 'NONE',  ( 9.027169873131192901, 30.28571428571427759, 10.40432602334235490 ) ) ;
#4187 = ORIENTED_EDGE ( 'NONE', *, *, #3816, .T. ) ;
#4188 = CARTESIAN_POINT ( 'NONE',  ( 11.05263157894737169, -3.000000000000004441, 25.72623826329950703 ) ) ;
#4189 = CARTESIAN_POINT ( 'NONE',  ( 7.123026803168787779, 16.16366804769599241, 6.296541813017533684 ) ) ;
#4190 = CARTESIAN_POINT ( 'NONE',  ( -5.376206185116847891, 29.94479744448777225, -7.844335736433698081 ) ) ;
#4191 = CARTESIAN_POINT ( 'NONE',  ( 3.778534251799301469, 7.989487620020287117, 13.34707414567305506 ) ) ;
#4192 = CARTESIAN_POINT ( 'NONE',  ( 7.525446724844355728, 37.65685424946639159, 11.20935527905791851 ) ) ;
#4193 = CARTESIAN_POINT ( 'NONE',  ( -7.493438221123322585, 10.53110680847069602, 9.483460841998068602 ) ) ;
#4194 = VERTEX_POINT ( 'NONE', #2640 ) ;
#4195 = CARTESIAN_POINT ( 'NONE',  ( 7.993559328839166866, 23.60424429472165286, 6.675765195998099699 ) ) ;
#4196 = CARTESIAN_POINT ( 'NONE',  ( -2.420501479713743187, 34.73038548173846607, 19.25512056549335682 ) ) ;
#4197 = CARTESIAN_POINT ( 'NONE',  ( -9.886444656153468458, 30.79786081942737397, 7.661061449795761646 ) ) ;
#4198 = ORIENTED_EDGE ( 'NONE', *, *, #2976, .T. ) ;
#4199 = CARTESIAN_POINT ( 'NONE',  ( -8.000000000000001776, 24.13303225733377033, 6.652067347825254551 ) ) ;
#4200 = CARTESIAN_POINT ( 'NONE',  ( 10.98609333013329170, 20.75143664546585853, 5.964873155419732065 ) ) ;
#4201 = CARTESIAN_POINT ( 'NONE',  ( -2.060041452074431234, 34.12216158852243808, 9.699857952936531191 ) ) ;
#4202 = ORIENTED_EDGE ( 'NONE', *, *, #2831, .F. ) ;
#4203 = CARTESIAN_POINT ( 'NONE',  ( 0.000000000000000000, -3.000000000000000000, -1.500000000000000000 ) ) ;
#4204 = CARTESIAN_POINT ( 'NONE',  ( 0.000000000000000000, 15.61249499599599488, 0.000000000000000000 ) ) ;
#4205 = DIRECTION ( 'NONE',  ( 0.9187942236892679970, -0.000000000000000000, -0.3947368421052631637 ) ) ;
#4206 = AXIS2_PLACEMENT_3D ( 'NONE', #1013, #2775, #4171 ) ;
#4207 = AXIS2_PLACEMENT_3D ( 'NONE', #804, #3630, #4420 ) ;
#4208 = EDGE_LOOP ( 'NONE', ( #4459, #1431, #2797, #470, #1220 ) ) ;
#4209 = DIRECTION ( 'NONE',  ( 0.000000000000000000, 0.000000000000000000, 1.000000000000000000 ) ) ;
#4210 = CARTESIAN_POINT ( 'NONE',  ( 7.221996091248350957, 20.53659138839502774, 8.989160725460843437 ) ) ;
#4211 = CARTESIAN_POINT ( 'NONE',  ( -2.197510520509229348, 31.69711149265844341, -9.246260423526729610 ) ) ;
#4212 = CARTESIAN_POINT ( 'NONE',  ( -5.891900697219513816, 18.58276345651874095, -7.455349847872985158 ) ) ;
#4213 = CARTESIAN_POINT ( 'NONE',  ( 0.5298797803573584986, 14.52291156991590171, 10.23609506197879782 ) ) ;
#4214 = ADVANCED_FACE ( 'NONE', ( #876 ), #892, .F. ) ;
#4215 = CIRCLE ( 'NONE', #823, 2.999999999999999112 ) ;
#4216 = CARTESIAN_POINT ( 'NONE',  ( 2.606693901203077868, 37.65685424949238325, 16.29279432465256150 ) ) ;
#4217 = CARTESIAN_POINT ( 'NONE',  ( 7.679661183298329696, 26.25050383429888612, 7.725183031031530589 ) ) ;
#4218 = CARTESIAN_POINT ( 'NONE',  ( -30.65153077165046724, -13.00000000000000000, -1.500000000000000000 ) ) ;
#4219 = LINE ( 'NONE', #4246, #1074 ) ;
#4220 = DIRECTION ( 'NONE',  ( -0.000000000000000000, -1.000000000000000000, -0.000000000000000000 ) ) ;
#4221 = DIRECTION ( 'NONE',  ( 0.2915675256063214316, 0.3896612239149027657, -0.8735860052616154503 ) ) ;
#4222 = CARTESIAN_POINT ( 'NONE',  ( -5.806866061490211450, 37.65685424949016635, 12.19293332781905548 ) ) ;
#4223 = ORIENTED_EDGE ( 'NONE', *, *, #2730, .T. ) ;
#4224 = FACE_BOUND ( 'NONE', #2954, .T. ) ;
#4225 = CARTESIAN_POINT ( 'NONE',  ( 9.372374160518933905, 16.16361911471271284, 8.284954356797710417 ) ) ;
#4226 = EDGE_LOOP ( 'NONE', ( #1534, #3450, #2852, #172, #1970, #1877, #3251, #1408, #182, #69, #106, #3032, #2969 ) ) ;
#4227 = CARTESIAN_POINT ( 'NONE',  ( 0.4381591147363200212, 38.00000000000003553, 16.50000000000000711 ) ) ;
#4228 = DIRECTION ( 'NONE',  ( 1.776356839400250465E-15, 0.000000000000000000, 1.000000000000000000 ) ) ;
#4229 = CIRCLE ( 'NONE', #2692, 9.999999999999998224 ) ;
#4230 = CARTESIAN_POINT ( 'NONE',  ( 8.896971894427204930, 30.47269689699369977, 11.59007514285490714 ) ) ;
#4231 = AXIS2_PLACEMENT_3D ( 'NONE', #2614, #2590, #2523 ) ;
#4232 = EDGE_LOOP ( 'NONE', ( #2153, #2848, #672 ) ) ;
#4233 = CARTESIAN_POINT ( 'NONE',  ( -5.434933014081704705, 9.923834555776926081, 15.26654944304663175 ) ) ;
#4234 = DIRECTION ( 'NONE',  ( -0.000000000000000000, -1.000000000000000000, 0.000000000000000000 ) ) ;
#4235 = EDGE_CURVE ( 'NONE', #4142, #2172, #1628, .T. ) ;
#4236 = CARTESIAN_POINT ( 'NONE',  ( 3.352420788419857800, 7.828888603500176124, 13.55439249835878890 ) ) ;
#4237 = DIRECTION ( 'NONE',  ( 0.000000000000000000, 1.000000000000000000, 0.000000000000000000 ) ) ;
#4238 = AXIS2_PLACEMENT_3D ( 'NONE', #4118, #222, #1285 ) ;
#4239 = VECTOR ( 'NONE', #2544, 1000.000000000000000 ) ;
#4240 = ADVANCED_FACE ( 'NONE', ( #3822 ), #2347, .T. ) ;
#4241 = CARTESIAN_POINT ( 'NONE',  ( 7.715872762431836840, 26.20915970606267464, 5.735438048314615678 ) ) ;
#4242 = SPHERICAL_SURFACE ( 'NONE', #893, 3.000000000000000000 ) ;
#4243 = EDGE_CURVE ( 'NONE', #3961, #2015, #4108, .T. ) ;
#4244 = DIRECTION ( 'NONE',  ( 0.000000000000000000, 0.000000000000000000, 1.000000000000000000 ) ) ;
#4245 = DIRECTION ( 'NONE',  ( 0.000000000000000000, 1.000000000000000000, -0.000000000000000000 ) ) ;
#4246 = CARTESIAN_POINT ( 'NONE',  ( 9.868421052631576984, -3.000000000000000000, -22.96985559223170270 ) ) ;
#4247 = CARTESIAN_POINT ( 'NONE',  ( -6.364022132636420359, 28.84859767998142388, 12.25678316903351828 ) ) ;
#4248 = CARTESIAN_POINT ( 'NONE',  ( -41.94736842105262298, 0.000000000000000000, 9.187942236892681080 ) ) ;
#4249 = VECTOR ( 'NONE', #927, 1000.000000000000114 ) ;
#4250 = CYLINDRICAL_SURFACE ( 'NONE', #4426, 28.00000000000000355 ) ;
#4251 = ORIENTED_EDGE ( 'NONE', *, *, #584, .F. ) ;
#4252 = EDGE_CURVE ( 'NONE', #176, #1075, #4469, .T. ) ;
#4253 = B_SPLINE_CURVE_WITH_KNOTS ( 'NONE', 3,
 ( #800, #136, #3604, #4037, #2638, #4373, #111, #2185, #438, #2211, #85, #2984, #874, #487, #3648, #2258, #821, #2957, #4349, #2283, #3255, #844, #1894, #2234 ),
 .UNSPECIFIED., .F., .F.,
 ( 4, 2, 2, 2, 2, 2, 2, 2, 2, 2, 2, 4 ),
 ( 0.02576999226182785999, 0.02657457079631404470, 0.02737914933080022942, 0.02898830639977259885, 0.02979288493425878356, 0.03059746346874496828, 0.03140204200323115646, 0.03220662053771734118, 0.03381577760668971755, 0.03542493467566208698, 0.03703409174463446335, 0.03864324881360683972 ),
 .UNSPECIFIED. ) ;
#4254 = CARTESIAN_POINT ( 'NONE',  ( 1.002316067144052303, 7.319111848357821692, 14.19467183104240426 ) ) ;
#4255 = ORIENTED_EDGE ( 'NONE', *, *, #3546, .F. ) ;
#4256 = CYLINDRICAL_SURFACE ( 'NONE', #2604, 9.999999999999998224 ) ;
#4257 = CARTESIAN_POINT ( 'NONE',  ( 1.245948994484032957, 16.09395981912244622, 19.39373058039976527 ) ) ;
#4258 = VECTOR ( 'NONE', #197, 1000.000000000000000 ) ;
#4259 = ORIENTED_EDGE ( 'NONE', *, *, #1852, .F. ) ;
#4260 = CARTESIAN_POINT ( 'NONE',  ( -2.968521600615449785, 31.43360604032897854, -9.027998699170161956 ) ) ;
#4261 = CYLINDRICAL_SURFACE ( 'NONE', #4550, 24.00000000000000355 ) ;
#4262 = ADVANCED_FACE ( 'NONE', ( #4077 ), #3796, .F. ) ;
#4263 = CARTESIAN_POINT ( 'NONE',  ( -2.450507486246695787, 7.560842331667879890, 13.89527294951799696 ) ) ;
#4264 = CARTESIAN_POINT ( 'NONE',  ( -5.511302005674091120, 14.11402410852649680, 12.00160242249701703 ) ) ;
#4265 = DIRECTION ( 'NONE',  ( 0.3947368421052626086, 0.000000000000000000, -0.9187942236892681080 ) ) ;
#4266 = CARTESIAN_POINT ( 'NONE',  ( -8.152262084135125875, 11.35454181526981543, 7.785563761017051831 ) ) ;
#4267 = ORIENTED_EDGE ( 'NONE', *, *, #2754, .F. ) ;
#4268 = CARTESIAN_POINT ( 'NONE',  ( -6.120933561467268191, 29.15294219731179126, 13.61346077915360553 ) ) ;
#4269 = CARTESIAN_POINT ( 'NONE',  ( 38.00000000000000000, -13.00000000000000000, 0.000000000000000000 ) ) ;
#4270 = ORIENTED_EDGE ( 'NONE', *, *, #3843, .F. ) ;
#4271 = CARTESIAN_POINT ( 'NONE',  ( 6.388892692729867484, 9.524561494441073251, 11.15919195341035142 ) ) ;
#4272 = ORIENTED_EDGE ( 'NONE', *, *, #4069, .F. ) ;
#4273 = ADVANCED_FACE ( 'NONE', ( #2720 ), #227, .T. ) ;
#4274 = DIRECTION ( 'NONE',  ( -0.000000000000000000, -1.000000000000000000, -0.000000000000000000 ) ) ;
#4275 = FACE_OUTER_BOUND ( 'NONE', #2226, .T. ) ;
#4276 = TOROIDAL_SURFACE ( 'NONE', #888, 15.50000000000000000, 3.000000000000000000 ) ;
#4277 = EDGE_LOOP ( 'NONE', ( #4404, #3217 ) ) ;
#4278 = CIRCLE ( 'NONE', #1186, 7.499999999999998224 ) ;
#4279 = CARTESIAN_POINT ( 'NONE',  ( -7.160709305783208301, 27.60258685274854074, -6.250770434109937490 ) ) ;
#4280 = CARTESIAN_POINT ( 'NONE',  ( 30.65153077165046724, -13.00000000000000000, 1.500000000000000000 ) ) ;
#4281 = PLANE ( 'NONE',  #3036 ) ;
#4282 = CARTESIAN_POINT ( 'NONE',  ( 7.875434861140593767, 25.42382496167951089, 7.093883546357933056 ) ) ;
#4283 = CARTESIAN_POINT ( 'NONE',  ( 7.970894075223854180, 23.30567535287472225, 6.758439658463328392 ) ) ;
#4284 = CARTESIAN_POINT ( 'NONE',  ( 0.000000000000000000, -12.99999999999999822, 0.000000000000000000 ) ) ;
#4285 = DIRECTION ( 'NONE',  ( 0.000000000000000000, 0.000000000000000000, 1.000000000000000000 ) ) ;
#4286 = CARTESIAN_POINT ( 'NONE',  ( -5.774633699267109677, 29.53953279137293819, 14.92225536384662909 ) ) ;
#4287 = DIRECTION ( 'NONE',  ( -0.000000000000000000, -1.000000000000000000, -0.000000000000000000 ) ) ;
#4288 = ORIENTED_EDGE ( 'NONE', *, *, #555, .F. ) ;
#4289 = CARTESIAN_POINT ( 'NONE',  ( 10.67883014090073068, 21.34565961572486259, 7.454371529133198671 ) ) ;
#4290 = EDGE_LOOP ( 'NONE', ( #1416, #1036, #1360, #2581 ) ) ;
#4291 = ADVANCED_FACE ( 'NONE', ( #619 ), #1643, .F. ) ;
#4292 = DIRECTION ( 'NONE',  ( -0.6712468402156390734, -0.000000000000000000, 0.7412338898758747963 ) ) ;
#4293 = CARTESIAN_POINT ( 'NONE',  ( -2.388614565187166416, 16.36180370819131014, 18.80494161823325783 ) ) ;
#4294 = FACE_OUTER_BOUND ( 'NONE', #4232, .T. ) ;
#4295 = CARTESIAN_POINT ( 'NONE',  ( 11.05263157894737169, -13.00000000000000000, 25.72623826329950703 ) ) ;
#4296 = CARTESIAN_POINT ( 'NONE',  ( 11.05263157894736814, -13.00000000000000000, -25.72623826329950703 ) ) ;
#4297 = CARTESIAN_POINT ( 'NONE',  ( 9.333944188896738936, 35.43244076749145677, 12.39522927385469053 ) ) ;
#4298 = EDGE_LOOP ( 'NONE', ( #869, #1010 ) ) ;
#4299 = EDGE_CURVE ( 'NONE', #31, #2751, #2701, .T. ) ;
#4300 = AXIS2_PLACEMENT_3D ( 'NONE', #3590, #4292, #1137 ) ;
#4301 = CARTESIAN_POINT ( 'NONE',  ( -38.00000000000000000, -13.00000000000000000, 0.000000000000000000 ) ) ;
#4302 = FACE_OUTER_BOUND ( 'NONE', #2398, .T. ) ;
#4303 = CARTESIAN_POINT ( 'NONE',  ( 7.967215170954642822, 24.75880504576202412, 6.771773591067102416 ) ) ;
#4304 = LINE ( 'NONE', #3697, #3404 ) ;
#4305 = CARTESIAN_POINT ( 'NONE',  ( -7.494033332029998107, 10.53181287069914163, 9.482119610400371101 ) ) ;
#4306 = CARTESIAN_POINT ( 'NONE',  ( -7.995737067293599232, 24.41097004901362766, 5.306232167247280529 ) ) ;
#4307 = DIRECTION ( 'NONE',  ( 0.000000000000000000, 0.000000000000000000, 1.000000000000000000 ) ) ;
#4308 = CARTESIAN_POINT ( 'NONE',  ( 7.903557495305017611, 25.25846964823475460, 6.997988013728910772 ) ) ;
#4309 = AXIS2_PLACEMENT_3D ( 'NONE', #4554, #2438, #1383 ) ;
#4310 = VERTEX_POINT ( 'NONE', #3736 ) ;
#4311 = ORIENTED_EDGE ( 'NONE', *, *, #1315, .F. ) ;
#4312 = CARTESIAN_POINT ( 'NONE',  ( -1.984656867250701673, 34.82870091795342660, 16.39231440146894769 ) ) ;
#4313 = DIRECTION ( 'NONE',  ( 0.5991075002860009047, -0.8006685975489855611, 0.000000000000000000 ) ) ;
#4314 = CARTESIAN_POINT ( 'NONE',  ( 0.000000000000000000, 15.61249499599599488, -15.50000000000000000 ) ) ;
#4315 = CARTESIAN_POINT ( 'NONE',  ( 8.286862827857826019, 31.23487858177735532, 14.00460496738779348 ) ) ;
#4316 = ORIENTED_EDGE ( 'NONE', *, *, #2758, .F. ) ;
#4317 = TOROIDAL_SURFACE ( 'NONE', #2337, 25.00000000000000355, 3.000000000000000000 ) ;
#4318 = ADVANCED_FACE ( 'NONE', ( #4099 ), #2011, .T. ) ;
#4319 = EDGE_CURVE ( 'NONE', #1208, #4544, #1311, .T. ) ;
#4320 = AXIS2_PLACEMENT_3D ( 'NONE', #2881, #2583, #751 ) ;
#4321 = FACE_OUTER_BOUND ( 'NONE', #2621, .T. ) ;
#4322 = CARTESIAN_POINT ( 'NONE',  ( -3.675500968507456889, 34.42138311849691235, 15.65436806447589468 ) ) ;
#4323 = EDGE_CURVE ( 'NONE', #2975, #2751, #3810, .T. ) ;
#4324 = ORIENTED_EDGE ( 'NONE', *, *, #4299, .T. ) ;
#4325 = LINE ( 'NONE', #2980, #2149 ) ;
#4326 = CARTESIAN_POINT ( 'NONE',  ( 10.44761922345723626, 27.47920727479185743, 6.909929910158318478 ) ) ;
#4327 = CARTESIAN_POINT ( 'NONE',  ( -5.351371678789875297, 14.38674952034681986, 17.30077557121180831 ) ) ;
#4328 = CARTESIAN_POINT ( 'NONE',  ( 6.832492294532318766, 19.82170522607389174, 9.876821748084910979 ) ) ;
#4329 = FACE_OUTER_BOUND ( 'NONE', #4107, .T. ) ;
#4330 = LINE ( 'NONE', #2212, #4239 ) ;
#4331 = FACE_OUTER_BOUND ( 'NONE', #2063, .T. ) ;
#4332 = CARTESIAN_POINT ( 'NONE',  ( -0.5965701520363593247, 31.98320093744570158, 19.47886273700067505 ) ) ;
#4333 = EDGE_LOOP ( 'NONE', ( #624, #3654, #3835, #3589 ) ) ;
#4334 = CARTESIAN_POINT ( 'NONE',  ( 7.706326347793391207, 21.83655052346024306, -5.556970937887159678 ) ) ;
#4335 = ORIENTED_EDGE ( 'NONE', *, *, #2374, .F. ) ;
#4336 = CARTESIAN_POINT ( 'NONE',  ( 1.645569345792625482, 34.88816960572151515, 16.42975043059757922 ) ) ;
#4337 = DIRECTION ( 'NONE',  ( 0.000000000000000000, 1.000000000000000000, -0.000000000000000000 ) ) ;
#4338 = B_SPLINE_CURVE_WITH_KNOTS ( 'NONE', 3,
 ( #1631, #1720, #588, #1998, #3128, #1654, #4425, #3057, #4448, #1302, #3764, #262, #1677, #3082, #2846, #2130, #400, #1739, #4200, #1063, #2529, #3542, #3240, #1811, #1764, #3879 ),
 .UNSPECIFIED., .F., .F.,
 ( 4, 2, 2, 2, 2, 2, 2, 2, 2, 2, 2, 2, 4 ),
 ( 0.000000000000000000, 0.002303561127057713719, 0.004607122254115427439, 0.005758902817644287984, 0.006910683381173149398, 0.008062463944702009944, 0.009214244508230870490, 0.01036602507175973104, 0.01151780563528859332, 0.01266958619881745213, 0.01382136676234631441, 0.01612492788940403723, 0.01842848901646175833 ),
 .UNSPECIFIED. ) ;
#4339 = EDGE_CURVE ( 'NONE', #1473, #126, #342, .T. ) ;
#4340 = ORIENTED_EDGE ( 'NONE', *, *, #2468, .T. ) ;
#4341 = EDGE_CURVE ( 'NONE', #3927, #2073, #3846, .T. ) ;
#4342 = ORIENTED_EDGE ( 'NONE', *, *, #1402, .F. ) ;
#4343 = DIRECTION ( 'NONE',  ( -0.000000000000000000, -1.000000000000000000, -0.000000000000000000 ) ) ;
#4344 = CIRCLE ( 'NONE', #2006, 7.499999999999998224 ) ;
#4345 = B_SPLINE_CURVE_WITH_KNOTS ( 'NONE', 3,
 ( #741, #3567, #3545, #656, #3218, #1723, #402, #380, #51, #1743, #682, #992, #1377, #3153, #309, #2780, #3836, #4178, #853, #3633, #3655, #4334, #2217, #785, #2963, #1899, #760, #829 ),
 .UNSPECIFIED., .F., .F.,
 ( 4, 2, 2, 2, 2, 2, 2, 2, 2, 2, 2, 2, 2, 4 ),
 ( 0.02677814906225382818, 0.02761407837318472641, 0.02845000768411562464, 0.02928593699504652287, 0.03012186630597742457, 0.03095779561690832279, 0.03179372492783922449, 0.03346558354970102789, 0.03513744217156283128, 0.03680930079342463468, 0.03764523010435553291, 0.03848115941528643807, 0.03931708872621733630, 0.04015301803714824147 ),
 .UNSPECIFIED. ) ;
#4346 = CIRCLE ( 'NONE', #1188, 9.999999999999998224 ) ;
#4347 = CARTESIAN_POINT ( 'NONE',  ( 10.83823150819740810, 27.93838170994916226, 6.229986315168098976 ) ) ;
#4348 = CARTESIAN_POINT ( 'NONE',  ( -1.030440120622691413, 12.99068985225640738, 14.62909086539599102 ) ) ;
#4349 = CARTESIAN_POINT ( 'NONE',  ( 7.171616068441032610, 20.41710770637689976, -10.24109851690062634 ) ) ;
#4350 = AXIS2_PLACEMENT_3D ( 'NONE', #2381, #3785, #990 ) ;
#4351 = DIRECTION ( 'NONE',  ( 0.000000000000000000, 0.000000000000000000, 1.000000000000000000 ) ) ;
#4352 = PLANE ( 'NONE',  #3293 ) ;
#4353 = FACE_OUTER_BOUND ( 'NONE', #3827, .T. ) ;
#4354 = SPHERICAL_SURFACE ( 'NONE', #3405, 3.000000000000000000 ) ;
#4355 = ORIENTED_EDGE ( 'NONE', *, *, #2294, .F. ) ;
#4356 = CARTESIAN_POINT ( 'NONE',  ( -30.50000000000000000, -13.00000000000000000, -1.500000000000000000 ) ) ;
#4357 = CARTESIAN_POINT ( 'NONE',  ( -9.608615851854489520, 29.38199134435771498, 9.537738847684401833 ) ) ;
#4358 = ORIENTED_EDGE ( 'NONE', *, *, #38, .T. ) ;
#4359 = DIRECTION ( 'NONE',  ( 0.000000000000000000, 0.000000000000000000, 1.000000000000000000 ) ) ;
#4360 = DIRECTION ( 'NONE',  ( 8.673617379884036458E-16, -0.9804487857979986565, 0.1967744354006131235 ) ) ;
#4361 = CARTESIAN_POINT ( 'NONE',  ( 8.932694417255540031, 35.62875675812672682, 12.92809489035460047 ) ) ;
#4362 = CARTESIAN_POINT ( 'NONE',  ( 7.750555830818463221, 11.44498909038221868, 13.03954144632175094 ) ) ;
#4363 = EDGE_LOOP ( 'NONE', ( #2160, #4316, #4251 ) ) ;
#4364 = CARTESIAN_POINT ( 'NONE',  ( 0.000000000000000000, 0.000000000000000000, 0.000000000000000000 ) ) ;
#4365 = CARTESIAN_POINT ( 'NONE',  ( -3.349027735845055975, 31.27221610613560543, 18.53610770653334328 ) ) ;
#4366 = ORIENTED_EDGE ( 'NONE', *, *, #4555, .T. ) ;
#4367 = CARTESIAN_POINT ( 'NONE',  ( -8.152262084135129427, 11.35454181526981365, 7.785563761017056272 ) ) ;
#4368 = ORIENTED_EDGE ( 'NONE', *, *, #1602, .T. ) ;
#4369 = CARTESIAN_POINT ( 'NONE',  ( 10.59666601874010894, 21.01148932783312517, 6.675644514767772542 ) ) ;
#4370 = EDGE_CURVE ( 'NONE', #3927, #726, #3226, .T. ) ;
#4371 = VECTOR ( 'NONE', #67, 1000.000000000000000 ) ;
#4372 = CARTESIAN_POINT ( 'NONE',  ( -3.487889857271222915, 13.29864483489319404, 13.74645361278777500 ) ) ;
#4373 = CARTESIAN_POINT ( 'NONE',  ( 2.133521315211938774, 16.27093460249253809, -12.32807488854702527 ) ) ;
#4374 = CARTESIAN_POINT ( 'NONE',  ( -0.9531340700778532238, 14.49368998647690177, 10.02716360595800893 ) ) ;
#4375 = CARTESIAN_POINT ( 'NONE',  ( 8.490296524592300997, 21.94141055105409066, 4.262857189109677591 ) ) ;
#4376 = CARTESIAN_POINT ( 'NONE',  ( -5.662262322089060440, 29.86819484240687927, 7.900132940360279576 ) ) ;
#4377 = CARTESIAN_POINT ( 'NONE',  ( 0.000000000000000000, 35.00000000000000000, 0.000000000000000000 ) ) ;
#4378 = CARTESIAN_POINT ( 'NONE',  ( -6.870253127355810285, 15.61249499599599488, 6.561221072792601028 ) ) ;
#4379 = ORIENTED_EDGE ( 'NONE', *, *, #4463, .T. ) ;
#4380 = EDGE_CURVE ( 'NONE', #2083, #1353, #1412, .T. ) ;
#4381 = CARTESIAN_POINT ( 'NONE',  ( -10.12004304139178679, 28.38709861347488683, 7.395177025453930852 ) ) ;
#4382 = EDGE_LOOP ( 'NONE', ( #3933, #1652, #4556, #2027 ) ) ;
#4383 = B_SPLINE_CURVE_WITH_KNOTS ( 'NONE', 3,
 ( #566, #2652, #2293, #859, #3706, #3386, #3034, #4087, #3017, #884, #4024, #3765, #1974, #522, #4407, #4046, #2335, #263 ),
 .UNSPECIFIED., .F., .F.,
 ( 4, 2, 2, 2, 2, 2, 2, 2, 4 ),
 ( 0.000000000000000000, 0.002815837322780166598, 0.004223755984170247946, 0.005631674645560330594, 0.007039593306950412376, 0.008447511968340494157, 0.009151471299035533746, 0.009855430629730573336, 0.01126334929112064384 ),
 .UNSPECIFIED. ) ;
#4384 = CARTESIAN_POINT ( 'NONE',  ( 0.000000000000000000, -13.00000000000000000, 25.00000000000000355 ) ) ;
#4385 = FACE_OUTER_BOUND ( 'NONE', #483, .T. ) ;
#4386 = CARTESIAN_POINT ( 'NONE',  ( 6.238833567065307228, 36.79609456074122420, 15.14962921236540794 ) ) ;
#4387 = CARTESIAN_POINT ( 'NONE',  ( -4.914825917808313349, 17.66710471108142499, -11.50216319323121361 ) ) ;
#4388 = DIRECTION ( 'NONE',  ( 0.000000000000000000, 0.000000000000000000, 1.000000000000000000 ) ) ;
#4389 = EDGE_LOOP ( 'NONE', ( #1349, #2060, #10, #94, #271, #2291, #4505, #1509, #4379, #3529, #226, #2354, #2914 ) ) ;
#4390 = AXIS2_PLACEMENT_3D ( 'NONE', #241, #4115, #948 ) ;
#4391 = CARTESIAN_POINT ( 'NONE',  ( -3.070018513628918644, 37.59509584450511710, 16.21866674300904876 ) ) ;
#4392 = CARTESIAN_POINT ( 'NONE',  ( -8.201885249680518797, 31.33420722751078458, 14.27449227235045726 ) ) ;
#4393 = ORIENTED_EDGE ( 'NONE', *, *, #965, .F. ) ;
#4394 = AXIS2_PLACEMENT_3D ( 'NONE', #2790, #4506, #1027 ) ;
#4395 = CARTESIAN_POINT ( 'NONE',  ( -7.041721953820808899, 32.00000000000000000, 6.376844982048574195 ) ) ;
#4396 = ORIENTED_EDGE ( 'NONE', *, *, #3155, .T. ) ;
#4397 = CARTESIAN_POINT ( 'NONE',  ( 11.29109829712466073, 24.12040581096294645, 5.362944840836130211 ) ) ;
#4398 = CARTESIAN_POINT ( 'NONE',  ( 1.179690731128784309, 8.690398039834311916, 16.85746006486847293 ) ) ;
#4399 = VECTOR ( 'NONE', #1496, 1000.000000000000000 ) ;
#4400 = CARTESIAN_POINT ( 'NONE',  ( -4.434926774416153350, 17.33438092958119725, 16.49478351063095971 ) ) ;
#4401 = CARTESIAN_POINT ( 'NONE',  ( -8.470810070879108977, 21.73472567015687673, 4.301687721586890945 ) ) ;
#4402 = DIRECTION ( 'NONE',  ( 0.000000000000000000, 0.000000000000000000, -1.000000000000000000 ) ) ;
#4403 = DIRECTION ( 'NONE',  ( 0.000000000000000000, 0.000000000000000000, 1.000000000000000000 ) ) ;
#4404 = ORIENTED_EDGE ( 'NONE', *, *, #2022, .F. ) ;
#4405 = CARTESIAN_POINT ( 'NONE',  ( -9.868421052631578760, -13.00000000000000000, -22.96985559223169560 ) ) ;
#4406 = ADVANCED_FACE ( 'NONE', ( #1800 ), #773, .T. ) ;
#4407 = CARTESIAN_POINT ( 'NONE',  ( 3.201877123155643545, 31.33424080489988128, 18.62357901676103822 ) ) ;
#4408 = CARTESIAN_POINT ( 'NONE',  ( 0.7179275042921181571, 32.00500580771331727, 13.52318039483368395 ) ) ;
#4409 = ADVANCED_FACE ( 'NONE', ( #1455 ), #3914, .F. ) ;
#4410 = DIRECTION ( 'NONE',  ( 0.000000000000000000, 0.6095514542075671782, -0.7927465071972504829 ) ) ;
#4411 = CARTESIAN_POINT ( 'NONE',  ( -9.931561493747159020, 35.14785374333855117, 11.45569308724319058 ) ) ;
#4412 = ORIENTED_EDGE ( 'NONE', *, *, #4096, .F. ) ;
#4413 = CARTESIAN_POINT ( 'NONE',  ( 8.313344137083735319, 31.20668769820031940, 13.94723622031319898 ) ) ;
#4414 = VERTEX_POINT ( 'NONE', #3507 ) ;
#4415 = DIRECTION ( 'NONE',  ( 0.000000000000000000, 0.000000000000000000, 1.000000000000000000 ) ) ;
#4416 = CARTESIAN_POINT ( 'NONE',  ( 0.5351155527059936468, 13.00971164134094593, 19.58079816241261639 ) ) ;
#4417 = CARTESIAN_POINT ( 'NONE',  ( -3.599489254059292431, 16.85359837264084248, 17.67292734451648784 ) ) ;
#4418 = CARTESIAN_POINT ( 'NONE',  ( -6.870253127355811174, 15.61249499599599666, 6.561221072792598363 ) ) ;
#4419 = CARTESIAN_POINT ( 'NONE',  ( -38.00000000000000000, -3.000000000000000888, 0.000000000000000000 ) ) ;
#4420 = DIRECTION ( 'NONE',  ( 0.000000000000000000, 0.000000000000000000, 1.000000000000000000 ) ) ;
#4421 = AXIS2_PLACEMENT_3D ( 'NONE', #2593, #2939, #2214 ) ;
#4422 = CARTESIAN_POINT ( 'NONE',  ( -4.994331861813212647, 17.72943971833050725, -8.095514294165715441 ) ) ;
#4423 = ORIENTED_EDGE ( 'NONE', *, *, #3038, .F. ) ;
#4424 = FACE_OUTER_BOUND ( 'NONE', #2050, .T. ) ;
#4425 = CARTESIAN_POINT ( 'NONE',  ( 10.93965969177623876, 27.48142478191720883, 6.049231640835204260 ) ) ;
#4426 = AXIS2_PLACEMENT_3D ( 'NONE', #3040, #886, #1635 ) ;
#4427 = DIRECTION ( 'NONE',  ( -0.000000000000000000, -1.000000000000000000, -0.000000000000000000 ) ) ;
#4428 = DIRECTION ( 'NONE',  ( 0.000000000000000000, 0.000000000000000000, -1.000000000000000000 ) ) ;
#4429 = AXIS2_PLACEMENT_3D ( 'NONE', #3813, #659, #2069 ) ;
#4430 = FACE_OUTER_BOUND ( 'NONE', #1649, .T. ) ;
#4431 = DIRECTION ( 'NONE',  ( -0.3947368421052629972, 0.000000000000000000, 0.9187942236892679970 ) ) ;
#4432 = DATE_AND_TIME ( #3042, #1165 ) ;
#4433 = EDGE_CURVE ( 'NONE', #1249, #346, #2568, .T. ) ;
#4434 = CARTESIAN_POINT ( 'NONE',  ( -6.665168172106652023, 33.67788097140550008, 9.393437917272972726 ) ) ;
#4435 = EDGE_LOOP ( 'NONE', ( #4548, #1641, #736 ) ) ;
#4436 = DIRECTION ( 'NONE',  ( 0.000000000000000000, 1.000000000000000000, 0.000000000000000000 ) ) ;
#4437 = CARTESIAN_POINT ( 'NONE',  ( 5.353072937871244719, 14.02988065053187583, 12.18360785398943946 ) ) ;
#4438 = CARTESIAN_POINT ( 'NONE',  ( 0.4637549032653927594, 14.91643123562601758, 10.38180662133987120 ) ) ;
#4439 = CARTESIAN_POINT ( 'NONE',  ( 7.151551076055858047, 16.22586523098528843, 6.266674053215851359 ) ) ;
#4440 = CARTESIAN_POINT ( 'NONE',  ( -7.824963830711503476, 22.24993570164141943, 5.574004954046650084 ) ) ;
#4441 = DIRECTION ( 'NONE',  ( -1.000000000000000000, 0.000000000000000000, 0.000000000000000000 ) ) ;
#4442 = CARTESIAN_POINT ( 'NONE',  ( -10.92980785850050118, 25.28043806753797540, 6.837395173459097641 ) ) ;
#4443 = ORIENTED_EDGE ( 'NONE', *, *, #299, .T. ) ;
#4444 = CARTESIAN_POINT ( 'NONE',  ( -2.964866991056179568, 16.56494402476661421, -9.029193527432076039 ) ) ;
#4445 = ORIENTED_EDGE ( 'NONE', *, *, #4380, .T. ) ;
#4446 = AXIS2_PLACEMENT_3D ( 'NONE', #3284, #3541, #1787 ) ;
#4447 = DIRECTION ( 'NONE',  ( 0.000000000000000000, 1.000000000000000000, -0.000000000000000000 ) ) ;
#4448 = CARTESIAN_POINT ( 'NONE',  ( 11.12738727795319882, 26.39968049210711243, 5.695689470503769058 ) ) ;
#4449 = CARTESIAN_POINT ( 'NONE',  ( -38.00000000000000000, -13.00000000000000000, 0.000000000000000000 ) ) ;
#4450 = CARTESIAN_POINT ( 'NONE',  ( 11.00000000000000000, 24.00000000000000355, 50.00000000000000000 ) ) ;
#4451 = EDGE_CURVE ( 'NONE', #1629, #2562, #2858, .T. ) ;
#4452 = CARTESIAN_POINT ( 'NONE',  ( 0.5900253829679467099, 31.98373652053899363, 19.47953509376181103 ) ) ;
#4453 = FACE_BOUND ( 'NONE', #4226, .T. ) ;
#4454 = EDGE_CURVE ( 'NONE', #212, #3368, #3436, .T. ) ;
#4455 = VECTOR ( 'NONE', #3453, 1000.000000000000000 ) ;
#4456 = AXIS2_PLACEMENT_3D ( 'NONE', #2148, #3493, #3676 ) ;
#4457 = CARTESIAN_POINT ( 'NONE',  ( -2.417739246597082392, 31.63331806538858260, 19.03998365458230779 ) ) ;
#4458 = CIRCLE ( 'NONE', #3078, 12.50000000000000000 ) ;
#4459 = ORIENTED_EDGE ( 'NONE', *, *, #2989, .T. ) ;
#4460 = DIRECTION ( 'NONE',  ( 0.000000000000000000, 0.000000000000000000, 1.000000000000000000 ) ) ;
#4461 = CARTESIAN_POINT ( 'NONE',  ( 5.508947021100933483, 14.11273952349535854, 12.00439991545618135 ) ) ;
#4462 = CARTESIAN_POINT ( 'NONE',  ( 0.3787148643445742979, 14.85314812661951756, 10.39350211205226593 ) ) ;
#4463 = EDGE_CURVE ( 'NONE', #572, #2073, #1751, .T. ) ;
#4464 = CARTESIAN_POINT ( 'NONE',  ( 4.796760710093685098, 37.65685424954978089, 12.62486352844849868 ) ) ;
#4465 = CARTESIAN_POINT ( 'NONE',  ( -38.00000000000000000, -3.000000000000000888, -7.499999999999998224 ) ) ;
#4466 = EDGE_LOOP ( 'NONE', ( #467, #356 ) ) ;
#4467 = CIRCLE ( 'NONE', #646, 14.50000000000004086 ) ;
#4468 = CARTESIAN_POINT ( 'NONE',  ( -11.00534524303462902, 24.11153811656272694, 5.965631197741173786 ) ) ;
#4469 = B_SPLINE_CURVE_WITH_KNOTS ( 'NONE', 3,
 ( #979, #3753, #2076, #575, #1985, #596, #3047, #1363, #2418, #3096, #2031, #643, #3776, #1337, #2745, #3482, #3392, #317, #2682, #1729, #3120, #2768 ),
 .UNSPECIFIED., .F., .F.,
 ( 4, 2, 2, 2, 2, 2, 2, 2, 2, 2, 4 ),
 ( 8.186717965637000381E-18, 0.001611529133844499719, 0.003223058267688991198, 0.004834587401533478775, 0.006446116535377965050, 0.007251881102300209922, 0.008057645669222455662, 0.009669174803066952345, 0.01128070393691144556, 0.01208646850383369477, 0.01289223307075594398 ),
 .UNSPECIFIED. ) ;
#4470 = ORIENTED_EDGE ( 'NONE', *, *, #3263, .T. ) ;
#4471 = CARTESIAN_POINT ( 'NONE',  ( 7.470147282429061342, 26.87490085555190333, -10.02311025712088721 ) ) ;
#4472 = CARTESIAN_POINT ( 'NONE',  ( 0.000000000000000000, 0.000000000000000000, 0.000000000000000000 ) ) ;
#4473 = PLANE ( 'NONE',  #1706 ) ;
#4474 = DIRECTION ( 'NONE',  ( 0.000000000000000000, 1.000000000000000000, 0.000000000000000000 ) ) ;
#4475 = FACE_OUTER_BOUND ( 'NONE', #1875, .T. ) ;
#4476 = DIRECTION ( 'NONE',  ( -0.000000000000000000, -1.000000000000000000, -0.000000000000000000 ) ) ;
#4477 = VERTEX_POINT ( 'NONE', #2122 ) ;
#4478 = DATE_AND_TIME ( #2696, #3229 ) ;
#4479 = ORIENTED_EDGE ( 'NONE', *, *, #440, .T. ) ;
#4480 = ORIENTED_EDGE ( 'NONE', *, *, #3383, .F. ) ;
#4481 = DIRECTION ( 'NONE',  ( 0.000000000000000000, 0.000000000000000000, 1.000000000000000000 ) ) ;
#4482 = CARTESIAN_POINT ( 'NONE',  ( 2.779582412004621084, 13.13819825251998452, 14.11829899051004489 ) ) ;
#4483 = ADVANCED_FACE ( 'NONE', ( #3533 ), #4317, .T. ) ;
#4484 = CARTESIAN_POINT ( 'NONE',  ( 3.889655379782626543, 17.00728988958129761, 17.30382216261846295 ) ) ;
#4485 = CARTESIAN_POINT ( 'NONE',  ( -6.640775519192267495, 19.52177267497083690, 10.27374841976542186 ) ) ;
#4486 = CARTESIAN_POINT ( 'NONE',  ( 4.192105735095710273, 30.82019135561785816, 17.81128026029790234 ) ) ;
#4487 = CARTESIAN_POINT ( 'NONE',  ( 0.000000000000000000, -80.88225099390857054, 0.000000000000000000 ) ) ;
#4488 = CIRCLE ( 'NONE', #3110, 3.000000000000000000 ) ;
#4489 = VERTEX_POINT ( 'NONE', #1777 ) ;
#4490 = EDGE_CURVE ( 'NONE', #4194, #700, #2941, .T. ) ;
#4491 = CARTESIAN_POINT ( 'NONE',  ( 7.897334668622451481, 22.70404898744634181, 7.019441410738597398 ) ) ;
#4492 = EDGE_CURVE ( 'NONE', #1401, #3409, #3016, .T. ) ;
#4493 = ORIENTED_EDGE ( 'NONE', *, *, #631, .F. ) ;
#4494 = CARTESIAN_POINT ( 'NONE',  ( 4.281543469212829578, 30.76272928734655920, -11.74607839735054604 ) ) ;
#4495 = FACE_OUTER_BOUND ( 'NONE', #2893, .T. ) ;
#4496 = ORIENTED_EDGE ( 'NONE', *, *, #2440, .T. ) ;
#4497 = AXIS2_PLACEMENT_3D ( 'NONE', #1292, #4100, #2901 ) ;
#4498 = AXIS2_PLACEMENT_3D ( 'NONE', #4018, #1920, #849 ) ;
#4499 = CIRCLE ( 'NONE', #2367, 6.000000000000000000 ) ;
#4500 = CARTESIAN_POINT ( 'NONE',  ( 2.606693901203077868, 37.65685424949238325, 16.29279432465256150 ) ) ;
#4501 = CARTESIAN_POINT ( 'NONE',  ( 43.13157894736841769, -3.000000000000004441, -11.94432490796049073 ) ) ;
#4502 = B_SPLINE_CURVE_WITH_KNOTS ( 'NONE', 3,
 ( #3884, #1093, #725, #1469, #2873, #2068, #4543, #2428, #1014, #2399, #3562, #3517, #373, #3876, #3804, #1084, #4172, #4517, #2062, #4197, #3898, #3830 ),
 .UNSPECIFIED., .F., .F.,
 ( 4, 2, 2, 2, 2, 2, 2, 2, 2, 2, 4 ),
 ( 0.000000000000000000, 0.002301534691125093398, 0.004603069382250186796, 0.006904604073375279760, 0.008055371418937831013, 0.009206138764500384000, 0.01035690611006293352, 0.01150767345562548477, 0.01380920814675058901, 0.01611074283787569325, 0.01841227752900079576 ),
 .UNSPECIFIED. ) ;
#4503 = ORIENTED_EDGE ( 'NONE', *, *, #1772, .T. ) ;
#4504 = PERSON_AND_ORGANIZATION ( #574, #3960 ) ;
#4505 = ORIENTED_EDGE ( 'NONE', *, *, #3433, .F. ) ;
#4506 = DIRECTION ( 'NONE',  ( -0.000000000000000000, -1.000000000000000000, -0.000000000000000000 ) ) ;
#4507 = CARTESIAN_POINT ( 'NONE',  ( -8.059183583979852017, 11.71165089900473077, 12.60853868463454042 ) ) ;
#4508 = CARTESIAN_POINT ( 'NONE',  ( 38.00000000000000000, -13.00000000000000000, 0.000000000000000000 ) ) ;
#4509 = CARTESIAN_POINT ( 'NONE',  ( 4.945877134836615063, 14.17197230765571447, 17.67590898475130601 ) ) ;
#4510 = CARTESIAN_POINT ( 'NONE',  ( 4.029719157532575480, 17.08724904539180756, 17.10884243841211472 ) ) ;
#4511 = ADVANCED_FACE ( 'NONE', ( #3347, #4321, #2977, #3273 ), #2275, .T. ) ;
#4512 = CARTESIAN_POINT ( 'NONE',  ( 5.021444403388368727, 30.22920282751730880, 16.65843487870029449 ) ) ;
#4513 = CARTESIAN_POINT ( 'NONE',  ( -6.565214453186319687, 28.57142857142857295, 10.40432602334240286 ) ) ;
#4514 = ORIENTED_EDGE ( 'NONE', *, *, #2952, .T. ) ;
#4515 = EDGE_CURVE ( 'NONE', #2107, #2975, #507, .T. ) ;
#4516 = CARTESIAN_POINT ( 'NONE',  ( 7.602415315133548290, 21.40239313044772018, 5.896348478794428694 ) ) ;
#4517 = CARTESIAN_POINT ( 'NONE',  ( -10.60062303433920583, 28.87231755917038001, 6.632888246698660950 ) ) ;
#4518 = ORIENTED_EDGE ( 'NONE', *, *, #3962, .T. ) ;
#4519 = EDGE_CURVE ( 'NONE', #284, #3261, #3744, .T. ) ;
#4520 = CARTESIAN_POINT ( 'NONE',  ( -6.766757627470963321, 28.28198422376350507, 10.01485140881959168 ) ) ;
#4521 = CARTESIAN_POINT ( 'NONE',  ( -1.950897637010696517, 33.16367240980840592, 10.88774050927808368 ) ) ;
#4522 = ORIENTED_EDGE ( 'NONE', *, *, #2000, .T. ) ;
#4523 = EDGE_CURVE ( 'NONE', #1577, #390, #2448, .T. ) ;
#4524 = VECTOR ( 'NONE', #2572, 1000.000000000000000 ) ;
#4525 = B_SPLINE_CURVE_WITH_KNOTS ( 'NONE', 3,
 ( #2164, #2082, #3487, #3852, #4263, #714, #2861, #3578, #414, #2143, #1437, #693, #3189, #3895, #1825, #4193, #3231, #1367 ),
 .UNSPECIFIED., .F., .F.,
 ( 4, 2, 2, 2, 2, 2, 2, 2, 4 ),
 ( 0.01192373896879245915, 0.01341664806430259774, 0.01490955715981273806, 0.01640246625532287492, 0.01714892080307794595, 0.01789537535083301698, 0.01938828444634316250, 0.02088119354185330803, 0.02386701173287359562 ),
 .UNSPECIFIED. ) ;
#4526 = LINE ( 'NONE', #1379, #1109 ) ;
#4527 = CARTESIAN_POINT ( 'NONE',  ( 6.703014045796716225, 10.65327551806792705, 14.24522849591674500 ) ) ;
#4528 = CARTESIAN_POINT ( 'NONE',  ( 5.642111405890964271, 33.45434446754144631, 17.90580307598831311 ) ) ;
#4529 = DIRECTION ( 'NONE',  ( 0.000000000000000000, 1.000000000000000000, -0.000000000000000000 ) ) ;
#4530 = ORIENTED_EDGE ( 'NONE', *, *, #3395, .F. ) ;
#4531 = AXIS2_PLACEMENT_3D ( 'NONE', #982, #61, #1477 ) ;
#4532 = ORIENTED_EDGE ( 'NONE', *, *, #1908, .F. ) ;
#4533 = CARTESIAN_POINT ( 'NONE',  ( -9.868421052631582313, -13.00000000000000000, 22.96985559223169915 ) ) ;
#4534 = LINE ( 'NONE', #1336, #2364 ) ;
#4535 = DIRECTION ( 'NONE',  ( 0.000000000000000000, 0.000000000000000000, 1.000000000000000000 ) ) ;
#4536 = CARTESIAN_POINT ( 'NONE',  ( 7.071385362034305899, 10.91029231743026351, 13.86779496200110273 ) ) ;
#4537 = CARTESIAN_POINT ( 'NONE',  ( 3.443646323432019152, 16.77702073052322618, 17.85379127447490077 ) ) ;
#4538 = CARTESIAN_POINT ( 'NONE',  ( 5.329434085762915885, 29.97232110457803245, 16.08158950959724720 ) ) ;
#4539 = DIRECTION ( 'NONE',  ( 0.2915675256063213761, -0.3896612239149033208, 0.8735860052616153393 ) ) ;
#4540 = VERTEX_POINT ( 'NONE', #865 ) ;
#4541 = AXIS2_PLACEMENT_3D ( 'NONE', #3976, #1096, #4313 ) ;
#4542 = DIRECTION ( 'NONE',  ( 0.000000000000000000, 1.000000000000000000, 0.000000000000000000 ) ) ;
#4543 = CARTESIAN_POINT ( 'NONE',  ( -10.99735820238633366, 20.74460033087464339, 5.946759958477742636 ) ) ;
#4544 = VERTEX_POINT ( 'NONE', #3982 ) ;
#4545 = CARTESIAN_POINT ( 'NONE',  ( -7.983712400006774956, 24.52653491936171903, 6.711777971631897266 ) ) ;
#4546 = FACE_OUTER_BOUND ( 'NONE', #3815, .T. ) ;
#4547 = CARTESIAN_POINT ( 'NONE',  ( -4.684366248927773313, 30.49210779832787566, 17.20634420050624769 ) ) ;
#4548 = ORIENTED_EDGE ( 'NONE', *, *, #3382, .F. ) ;
#4549 = AXIS2_PLACEMENT_3D ( 'NONE', #1665, #3070, #4460 ) ;
#4550 = AXIS2_PLACEMENT_3D ( 'NONE', #412, #2181, #455 ) ;
#4551 = ADVANCED_FACE ( 'NONE', ( #2228 ), #2248, .F. ) ;
#4552 = CARTESIAN_POINT ( 'NONE',  ( 2.447300551787451095, 7.568239089904857053, 13.88509038936775575 ) ) ;
#4553 = CARTESIAN_POINT ( 'NONE',  ( 2.058654503682552761, 8.809346568234067476, 16.71062770654765828 ) ) ;
#4554 = CARTESIAN_POINT ( 'NONE',  ( 11.20936036568579830, 15.61249499599599488, 10.70515017139845426 ) ) ;
#4555 = EDGE_CURVE ( 'NONE', #2550, #3094, #3690, .T. ) ;
#4556 = ORIENTED_EDGE ( 'NONE', *, *, #3011, .T. ) ;
#4557 = DIRECTION ( 'NONE',  ( -0.000000000000000000, -1.000000000000000000, -0.000000000000000000 ) ) ;
#4558 = CARTESIAN_POINT ( 'NONE',  ( -9.332570065949647997, 13.01811651995982899, 10.28874683718750482 ) ) ;
#4559 = DIRECTION ( 'NONE',  ( 1.000000000000000000, 0.000000000000000000, -0.000000000000000000 ) ) ;
#4560 = CARTESIAN_POINT ( 'NONE',  ( 1.917132576836111157, 16.23076334402370691, 19.09513163063747854 ) ) ;
#4561 = CARTESIAN_POINT ( 'NONE',  ( -9.868421052631580537, -13.00000000000000000, -22.96985559223169915 ) ) ;
#4562 = ORIENTED_EDGE ( 'NONE', *, *, #3817, .F. ) ;
ENDSEC;
END-ISO-10303-21;
