ISO-10303-21;
HEADER;
FILE_DESCRIPTION (( 'STEP AP203' ),
    '1' );
FILE_NAME ('CSWP_18_22.STEP',
    '2026-08-01T22:42:43',
    ( '' ),
    ( '' ),
    'SwSTEP 2.0',
    'SolidWorks 2026',
    '' );
FILE_SCHEMA (( 'CONFIG_CONTROL_DESIGN' ));
ENDSEC;

DATA;
#1 = LINE ( 'NONE', #1029, #957 ) ;
#2 = AXIS2_PLACEMENT_3D ( 'NONE', #259, #508, #1244 ) ;
#3 = FACE_OUTER_BOUND ( 'NONE', #4685, .T. ) ;
#4 = CARTESIAN_POINT ( 'NONE',  ( 64.99999999999997158, 35.00000000000000000, 17.19615242270662137 ) ) ;
#5 = CARTESIAN_POINT ( 'NONE',  ( -107.8207842803435597, -6.898023385117540079E-16, 6.912869569678662174 ) ) ;
#6 = EDGE_LOOP ( 'NONE', ( #1659, #3292, #297, #2992 ) ) ;
#7 = DIRECTION ( 'NONE',  ( 0.000000000000000000, -1.000000000000000000, 0.000000000000000000 ) ) ;
#8 = ADVANCED_FACE ( 'NONE', ( #1746 ), #1794, .F. ) ;
#9 = VERTEX_POINT ( 'NONE', #2863 ) ;
#10 = CARTESIAN_POINT ( 'NONE',  ( 122.7500000000000000, -11.41999999999999993, 0.000000000000000000 ) ) ;
#11 = CARTESIAN_POINT ( 'NONE',  ( -126.0963609220042088, 0.01333660880644541372, 12.30943927971913787 ) ) ;
#12 = VECTOR ( 'NONE', #2513, 1000.000000000000000 ) ;
#13 = DIRECTION ( 'NONE',  ( -0.000000000000000000, -1.000000000000000000, -0.000000000000000000 ) ) ;
#14 = AXIS2_PLACEMENT_3D ( 'NONE', #70, #1109, #1556 ) ;
#15 = AXIS2_PLACEMENT_3D ( 'NONE', #2046, #990, #3140 ) ;
#16 = ORIENTED_EDGE ( 'NONE', *, *, #1057, .F. ) ;
#17 = ORIENTED_EDGE ( 'NONE', *, *, #4520, .F. ) ;
#18 = B_SPLINE_CURVE_WITH_KNOTS ( 'NONE', 3,
 ( #3537, #4627, #2351, #4268, #3170, #211, #881, #4647, #1333, #2814 ),
 .UNSPECIFIED., .F., .F.,
 ( 4, 2, 2, 2, 4 ),
 ( 0.000000000000000000, 0.001485981294992221556, 0.002971962589984443112, 0.004457943884976664668, 0.005943925179968886224 ),
 .UNSPECIFIED. ) ;
#19 = VECTOR ( 'NONE', #2395, 1000.000000000000000 ) ;
#20 = ORIENTED_EDGE ( 'NONE', *, *, #876, .T. ) ;
#21 = LINE ( 'NONE', #1508, #1603 ) ;
#22 = EDGE_CURVE ( 'NONE', #1336, #2093, #3611, .T. ) ;
#23 = ORIENTED_EDGE ( 'NONE', *, *, #303, .F. ) ;
#24 = EDGE_CURVE ( 'NONE', #3778, #1174, #433, .T. ) ;
#25 = PLANE ( 'NONE',  #3263 ) ;
#26 = LINE ( 'NONE', #1912, #2725 ) ;
#27 = LINE ( 'NONE', #1203, #1399 ) ;
#28 = DIRECTION ( 'NONE',  ( -0.000000000000000000, 1.000000000000000000, -0.000000000000000000 ) ) ;
#29 = CIRCLE ( 'NONE', #4665, 14.00000000000000533 ) ;
#30 = CARTESIAN_POINT ( 'NONE',  ( -37.99999999999999289, -15.00000000000000000, 0.000000000000000000 ) ) ;
#31 = CARTESIAN_POINT ( 'NONE',  ( 120.0000000000000000, -15.00000000000000000, 0.000000000000000000 ) ) ;
#32 = EDGE_CURVE ( 'NONE', #1665, #47, #2840, .T. ) ;
#33 = EDGE_CURVE ( 'NONE', #3934, #9, #4384, .T. ) ;
#34 = CARTESIAN_POINT ( 'NONE',  ( -36.03068303296640096, -2.728019188059068956, 10.83360520985085884 ) ) ;
#35 = ORIENTED_EDGE ( 'NONE', *, *, #2648, .T. ) ;
#36 = DIRECTION ( 'NONE',  ( 0.000000000000000000, -0.000000000000000000, -1.000000000000000000 ) ) ;
#37 = ORIENTED_EDGE ( 'NONE', *, *, #1233, .T. ) ;
#38 = DIRECTION ( 'NONE',  ( -1.000000000000000000, -0.000000000000000000, 6.608470384673549052E-16 ) ) ;
#39 = CIRCLE ( 'NONE', #348, 3.000000000000002665 ) ;
#40 = CARTESIAN_POINT ( 'NONE',  ( 44.03576809376018275, 0.01488109377037388770, 12.32428037631671636 ) ) ;
#41 = ORIENTED_EDGE ( 'NONE', *, *, #3683, .F. ) ;
#42 = LINE ( 'NONE', #3008, #3983 ) ;
#43 = ORIENTED_EDGE ( 'NONE', *, *, #4466, .T. ) ;
#44 = CARTESIAN_POINT ( 'NONE',  ( 1.665334536937734811E-15, 32.00000000000000000, 12.00000000000000000 ) ) ;
#45 = CIRCLE ( 'NONE', #462, 6.000000000000000000 ) ;
#46 =( BOUNDED_SURFACE ( )  B_SPLINE_SURFACE ( 3, 2, ( 
 ( #226, #1277, #2802 ),
 ( #2779, #4257, #4616 ),
 ( #1321, #4329, #4282 ),
 ( #520, #1688, #4662 ),
 ( #151, #966, #2432 ),
 ( #1640, #3160, #2756 ),
 ( #919, #1345, #2384 ),
 ( #178, #2828, #3867 ),
 ( #4302, #989, #3938 ),
 ( #2410, #3527, #3895 ),
 ( #547, #618, #2090 ),
 ( #3577, #1664, #3137 ),
 ( #254, #1833, #4410 ),
 ( #4740, #2560, #1447 ),
 ( #379, #726, #1423 ),
 ( #2221, #697, #4436 ),
 ( #330, #1471, #3965 ),
 ( #3709, #2956, #1069 ),
 ( #3313, #3338, #2932 ),
 ( #2983, #2906, #11 ),
 ( #1095, #1856, #1809 ),
 ( #3650, #4461, #671 ) ),
 .UNSPECIFIED., .F., .F., .F. ) 
 B_SPLINE_SURFACE_WITH_KNOTS ( ( 4, 2, 2, 2, 2, 2, 2, 2, 2, 2, 4 ),
 ( 3, 3 ),
 ( 0.000000000000000000, 0.001887074150390700197, 0.003774148300781400393, 0.004717685375976750708, 0.005661222451172100156, 0.007548296601562800787, 0.008491833676758150234, 0.009435370751953501417, 0.01132244490234420031, 0.01320951905273490094, 0.01509659320312560157 ),
 ( 0.000000000000000000, 1.000000000000000000 ),
 .UNSPECIFIED. ) 
 GEOMETRIC_REPRESENTATION_ITEM ( )  RATIONAL_B_SPLINE_SURFACE ( (
 ( 1.000000000000000000, 0.7071067811865475727, 1.000000000000000000),
 ( 1.000000000000000000, 0.7237121247994179329, 1.000000000000000000),
 ( 1.000000000000000000, 0.7389568843895227834, 1.000000000000000000),
 ( 1.000000000000000000, 0.7658791681115623140, 1.000000000000000000),
 ( 1.000000000000000000, 0.7775609741731414060, 1.000000000000000000),
 ( 1.000000000000000000, 0.7919178414669654220, 1.000000000000000000),
 ( 1.000000000000000000, 0.7961889419893276587, 1.000000000000000000),
 ( 1.000000000000000000, 0.8035279549139732191, 1.000000000000000000),
 ( 1.000000000000000000, 0.8065943441576103323, 1.000000000000000000),
 ( 1.000000000000000000, 0.8139739996312845838, 1.000000000000000000),
 ( 1.000000000000000000, 0.8164699156432972948, 1.000000000000000000),
 ( 1.000000000000000000, 0.8165095951494295567, 1.000000000000000000),
 ( 1.000000000000000000, 0.8159049651371826917, 1.000000000000000000),
 ( 1.000000000000000000, 0.8134420739528543942, 1.000000000000000000),
 ( 1.000000000000000000, 0.8115719170268553828, 1.000000000000000000),
 ( 1.000000000000000000, 0.8041602593826852052, 1.000000000000000000),
 ( 1.000000000000000000, 0.7968347466230004672, 1.000000000000000000),
 ( 1.000000000000000000, 0.7778762307523411357, 1.000000000000000000),
 ( 1.000000000000000000, 0.7662376414141551795, 1.000000000000000000),
 ( 1.000000000000000000, 0.7391200073976058604, 1.000000000000000000),
 ( 1.000000000000000000, 0.7236610937097274210, 1.000000000000000000),
 ( 1.000000000000000000, 0.7071067811865475727, 1.000000000000000000) ) ) 
 REPRESENTATION_ITEM ( '' )  SURFACE ( )  );
#47 = VERTEX_POINT ( 'NONE', #2918 ) ;
#48 = B_SPLINE_CURVE_WITH_KNOTS ( 'NONE', 3,
 ( #3521, #4227, #3153, #4699, #1770, #1382, #2862, #738, #2155, #1026 ),
 .UNSPECIFIED., .F., .F.,
 ( 4, 2, 2, 2, 4 ),
 ( 0.000000000000000000, 0.001485981294992205293, 0.002971962589984410586, 0.004457943884976616096, 0.005943925179968821172 ),
 .UNSPECIFIED. ) ;
#49 = CARTESIAN_POINT ( 'NONE',  ( -108.0000000000000284, -3.000000000000000000, 7.211102550928023547 ) ) ;
#50 = CARTESIAN_POINT ( 'NONE',  ( 0.000000000000000000, 35.00000000000000000, 0.000000000000000000 ) ) ;
#51 = DIRECTION ( 'NONE',  ( 0.000000000000000000, 0.000000000000000000, 1.000000000000000000 ) ) ;
#52 = AXIS2_PLACEMENT_3D ( 'NONE', #761, #1888, #4390 ) ;
#53 = DIRECTION ( 'NONE',  ( 0.000000000000000000, 0.000000000000000000, -1.000000000000000000 ) ) ;
#54 = DIRECTION ( 'NONE',  ( -0.000000000000000000, -1.000000000000000000, -0.000000000000000000 ) ) ;
#55 = CARTESIAN_POINT ( 'NONE',  ( -37.99999999999999289, -15.00000000000000000, 0.000000000000000000 ) ) ;
#56 = CARTESIAN_POINT ( 'NONE',  ( 124.7906379383840232, -2.973359542481133655, -9.914486006099700433 ) ) ;
#57 = ORIENTED_EDGE ( 'NONE', *, *, #4458, .F. ) ;
#58 = AXIS2_PLACEMENT_3D ( 'NONE', #160, #1985, #1649 ) ;
#59 = DIRECTION ( 'NONE',  ( 9.912705577010326536E-16, 0.000000000000000000, -1.000000000000000000 ) ) ;
#60 = ADVANCED_FACE ( 'NONE', ( #4726 ), #3526, .F. ) ;
#61 = VECTOR ( 'NONE', #422, 1000.000000000000000 ) ;
#62 = CARTESIAN_POINT ( 'NONE',  ( -35.48833133536949447, 0.1358644507031839810, -12.89372449892735517 ) ) ;
#63 = ORIENTED_EDGE ( 'NONE', *, *, #898, .T. ) ;
#64 = DIRECTION ( 'NONE',  ( 1.000000000000000000, 0.000000000000000000, -1.387778780781445676E-16 ) ) ;
#65 = ORIENTED_EDGE ( 'NONE', *, *, #3154, .T. ) ;
#66 = CARTESIAN_POINT ( 'NONE',  ( -108.0000000000000426, 35.00000000000000000, 12.00000000000001599 ) ) ;
#67 = VECTOR ( 'NONE', #4168, 1000.000000000000000 ) ;
#68 = ORIENTED_EDGE ( 'NONE', *, *, #1697, .T. ) ;
#69 = DIRECTION ( 'NONE',  ( 0.000000000000000000, 0.000000000000000000, -1.000000000000000000 ) ) ;
#70 = CARTESIAN_POINT ( 'NONE',  ( -108.0000000000000426, 32.00000000000000000, 12.00000000000001599 ) ) ;
#71 = LINE ( 'NONE', #740, #2872 ) ;
#72 = FACE_OUTER_BOUND ( 'NONE', #2194, .T. ) ;
#73 = LINE ( 'NONE', #2656, #3171 ) ;
#74 = CARTESIAN_POINT ( 'NONE',  ( 95.00000000000000000, -40.00000000000000000, 0.000000000000000000 ) ) ;
#75 = DIRECTION ( 'NONE',  ( 1.000000000000000000, -0.000000000000000000, -0.000000000000000000 ) ) ;
#76 = EDGE_CURVE ( 'NONE', #2150, #965, #4226, .T. ) ;
#77 = VERTEX_POINT ( 'NONE', #3906 ) ;
#78 = CIRCLE ( 'NONE', #2788, 13.99999999999999112 ) ;
#79 = VECTOR ( 'NONE', #4718, 1000.000000000000000 ) ;
#80 = CARTESIAN_POINT ( 'NONE',  ( 37.38902432816949784, 0.1715519580164966418, -12.99994083710984150 ) ) ;
#81 = ADVANCED_FACE ( 'NONE', ( #3636, #581, #4648 ), #2815, .F. ) ;
#82 = CIRCLE ( 'NONE', #2794, 6.120000000000000107 ) ;
#83 = CARTESIAN_POINT ( 'NONE',  ( -37.51318962145168001, -2.660471519800071238, -10.99203693796864556 ) ) ;
#84 = DIRECTION ( 'NONE',  ( 0.000000000000000000, 0.000000000000000000, -1.000000000000000000 ) ) ;
#85 = ORIENTED_EDGE ( 'NONE', *, *, #3543, .T. ) ;
#86 = VECTOR ( 'NONE', #4739, 1000.000000000000000 ) ;
#87 = CARTESIAN_POINT ( 'NONE',  ( -108.0000000000000142, -2.942689283625554264, 6.000000000000023093 ) ) ;
#88 = ORIENTED_EDGE ( 'NONE', *, *, #1393, .T. ) ;
#89 = CARTESIAN_POINT ( 'NONE',  ( -105.6858283314304288, 35.00000000000001421, 14.74510917454076875 ) ) ;
#90 = EDGE_CURVE ( 'NONE', #1336, #2172, #45, .T. ) ;
#91 = VERTEX_POINT ( 'NONE', #1512 ) ;
#92 = CIRCLE ( 'NONE', #1571, 8.999999999999980460 ) ;
#93 = DIRECTION ( 'NONE',  ( -0.000000000000000000, -1.000000000000000000, -0.000000000000000000 ) ) ;
#94 = CARTESIAN_POINT ( 'NONE',  ( 119.9999999999982379, -2.656854249492383691, -11.00000000000000711 ) ) ;
#95 = CARTESIAN_POINT ( 'NONE',  ( -120.0000000000000000, -11.00000000000000000, 2.750000000000002665 ) ) ;
#96 = EDGE_CURVE ( 'NONE', #965, #2150, #220, .T. ) ;
#97 = DIRECTION ( 'NONE',  ( 1.000000000000000000, 0.000000000000000000, -1.387778780781445676E-16 ) ) ;
#98 = DIRECTION ( 'NONE',  ( 0.000000000000000000, -0.000000000000000000, 1.000000000000000000 ) ) ;
#99 = ORIENTED_EDGE ( 'NONE', *, *, #732, .F. ) ;
#100 = DIRECTION ( 'NONE',  ( -0.000000000000000000, -1.000000000000000000, -0.000000000000000000 ) ) ;
#101 = ORIENTED_EDGE ( 'NONE', *, *, #904, .F. ) ;
#102 = DIRECTION ( 'NONE',  ( 0.000000000000000000, 0.000000000000000000, -1.000000000000000000 ) ) ;
#103 = EDGE_CURVE ( 'NONE', #2093, #1544, #481, .T. ) ;
#104 = CARTESIAN_POINT ( 'NONE',  ( -43.31668696527804485, -0.1377013677999437413, -9.638402091607078503 ) ) ;
#105 = FACE_OUTER_BOUND ( 'NONE', #588, .T. ) ;
#106 = ADVANCED_FACE ( 'NONE', ( #710 ), #4652, .F. ) ;
#107 = VERTEX_POINT ( 'NONE', #3694 ) ;
#108 = CARTESIAN_POINT ( 'NONE',  ( 40.20107618692787810, 0.1427711910749960289, 12.91473666705797818 ) ) ;
#109 = EDGE_LOOP ( 'NONE', ( #1364, #467, #1326, #2754 ) ) ;
#110 = DIRECTION ( 'NONE',  ( -1.000000000000000000, -0.000000000000000000, -0.000000000000000000 ) ) ;
#111 = AXIS2_PLACEMENT_3D ( 'NONE', #1427, #305, #1476 ) ;
#112 = ORIENTED_EDGE ( 'NONE', *, *, #3843, .F. ) ;
#113 = EDGE_CURVE ( 'NONE', #3092, #4252, #1716, .T. ) ;
#114 = CARTESIAN_POINT ( 'NONE',  ( 150.0000000000000000, 35.00000000000000000, -12.00000000000002487 ) ) ;
#115 = DIRECTION ( 'NONE',  ( 1.000000000000000000, 0.000000000000000000, -6.608470384673549052E-16 ) ) ;
#116 = EDGE_CURVE ( 'NONE', #3240, #1505, #3424, .T. ) ;
#117 = DIRECTION ( 'NONE',  ( 0.000000000000000000, 0.7071067811865493491, 0.7071067811865456854 ) ) ;
#118 = CARTESIAN_POINT ( 'NONE',  ( 37.99999999999999289, -11.00000000000000000, 2.750000000000002665 ) ) ;
#119 = FACE_OUTER_BOUND ( 'NONE', #120, .T. ) ;
#120 = EDGE_LOOP ( 'NONE', ( #3801, #3986, #669, #3621, #4682 ) ) ;
#121 = AXIS2_PLACEMENT_3D ( 'NONE', #2860, #654, #3272 ) ;
#122 = LINE ( 'NONE', #1607, #1881 ) ;
#123 = CARTESIAN_POINT ( 'NONE',  ( -37.50492208351849399, -2.656854249492415221, 10.99999999999992184 ) ) ;
#124 = EDGE_LOOP ( 'NONE', ( #3096, #4210, #1679, #3054, #1347, #4617 ) ) ;
#125 = DIRECTION ( 'NONE',  ( -0.000000000000000000, -1.000000000000000000, -0.000000000000000000 ) ) ;
#126 = CARTESIAN_POINT ( 'NONE',  ( -43.23617790417326034, -2.999999996255028112, -9.686782013175289308 ) ) ;
#127 = DIRECTION ( 'NONE',  ( -0.000000000000000000, 1.000000000000000000, -0.000000000000000000 ) ) ;
#128 = VECTOR ( 'NONE', #117, 1000.000000000000000 ) ;
#129 = FACE_OUTER_BOUND ( 'NONE', #4463, .T. ) ;
#130 = ORIENTED_EDGE ( 'NONE', *, *, #4707, .F. ) ;
#131 = FACE_OUTER_BOUND ( 'NONE', #4507, .T. ) ;
#132 = ORIENTED_EDGE ( 'NONE', *, *, #1240, .T. ) ;
#133 = CARTESIAN_POINT ( 'NONE',  ( 64.99999999999997158, 35.00000000000000000, 27.00000000000001066 ) ) ;
#134 = DIRECTION ( 'NONE',  ( -0.000000000000000000, 1.000000000000000000, -0.000000000000000000 ) ) ;
#135 = CARTESIAN_POINT ( 'NONE',  ( 120.0000000000000000, -15.00000000000000000, 0.000000000000000000 ) ) ;
#136 = CARTESIAN_POINT ( 'NONE',  ( -127.2111025509279330, -3.000000000000000000, 12.00000000000001954 ) ) ;
#137 = FACE_OUTER_BOUND ( 'NONE', #3159, .T. ) ;
#138 = VERTEX_POINT ( 'NONE', #4471 ) ;
#139 = EDGE_CURVE ( 'NONE', #2443, #1343, #4801, .T. ) ;
#140 = CYLINDRICAL_SURFACE ( 'NONE', #954, 11.00000000000000711 ) ;
#141 = DIRECTION ( 'NONE',  ( -0.000000000000000000, -1.000000000000000000, -0.000000000000000000 ) ) ;
#142 = VERTEX_POINT ( 'NONE', #1157 ) ;
#143 = DIRECTION ( 'NONE',  ( 0.000000000000000000, -0.000000000000000000, 1.000000000000000000 ) ) ;
#144 = CARTESIAN_POINT ( 'NONE',  ( -40.51229772781968563, 0.1343023901166045253, -12.88819465762492555 ) ) ;
#145 = AXIS2_PLACEMENT_3D ( 'NONE', #3446, #4580, #4221 ) ;
#146 = VERTEX_POINT ( 'NONE', #1178 ) ;
#147 = DIRECTION ( 'NONE',  ( 0.000000000000000000, 0.000000000000000000, 1.000000000000000000 ) ) ;
#148 = EDGE_CURVE ( 'NONE', #2496, #1575, #2652, .T. ) ;
#149 = ORIENTED_EDGE ( 'NONE', *, *, #2252, .F. ) ;
#150 = TOROIDAL_SURFACE ( 'NONE', #4186, 6.000000000000000000, 3.000000000000000000 ) ;
#151 = CARTESIAN_POINT ( 'NONE',  ( -116.5779015861585890, -2.855540945636703576, 10.46591555408508256 ) ) ;
#152 = ORIENTED_EDGE ( 'NONE', *, *, #580, .F. ) ;
#153 = CARTESIAN_POINT ( 'NONE',  ( -106.2536557356824289, 35.00000000000000000, 13.89147404312599754 ) ) ;
#154 = ORIENTED_EDGE ( 'NONE', *, *, #32, .F. ) ;
#155 = CARTESIAN_POINT ( 'NONE',  ( -123.1334411153637944, 0.1152628777393403386, -12.82425983559561544 ) ) ;
#156 = CARTESIAN_POINT ( 'NONE',  ( -32.33413370998516001, -2.999999999999999112, 9.428571428571434154 ) ) ;
#157 = CC_DESIGN_PERSON_AND_ORGANIZATION_ASSIGNMENT ( #3668, #370, ( #813 ) ) ;
#158 = EDGE_CURVE ( 'NONE', #1807, #859, #3572, .T. ) ;
#159 = CARTESIAN_POINT ( 'NONE',  ( 98.00000000000000000, 0.000000000000000000, 11.99999999999998579 ) ) ;
#160 = CARTESIAN_POINT ( 'NONE',  ( -90.00000000000002842, 35.00000000000000000, 27.00000000000002132 ) ) ;
#161 = VECTOR ( 'NONE', #1303, 1000.000000000000000 ) ;
#162 = ADVANCED_FACE ( 'NONE', ( #788 ), #2944, .T. ) ;
#163 = CARTESIAN_POINT ( 'NONE',  ( -108.0000000000000426, 32.00000000000000711, 15.00000000000001421 ) ) ;
#164 = EDGE_LOOP ( 'NONE', ( #4733, #1153, #3555, #1518, #2206, #1171, #1926, #1639, #360 ) ) ;
#165 = DIRECTION ( 'NONE',  ( -0.000000000000000000, 1.000000000000000000, -0.000000000000000000 ) ) ;
#166 = AXIS2_PLACEMENT_3D ( 'NONE', #1487, #2947, #3248 ) ;
#167 = CYLINDRICAL_SURFACE ( 'NONE', #1335, 2.999999999999999112 ) ;
#168 = DIRECTION ( 'NONE',  ( -0.000000000000000000, -1.000000000000000000, -0.000000000000000000 ) ) ;
#169 = VERTEX_POINT ( 'NONE', #2576 ) ;
#170 = DIRECTION ( 'NONE',  ( -0.000000000000000000, -1.000000000000000000, -0.000000000000000000 ) ) ;
#171 = EDGE_CURVE ( 'NONE', #519, #3362, #26, .T. ) ;
#172 = LINE ( 'NONE', #2871, #3270 ) ;
#173 = ORIENTED_EDGE ( 'NONE', *, *, #2064, .T. ) ;
#174 = CARTESIAN_POINT ( 'NONE',  ( 122.5122977278219025, 0.1343023901165271705, 12.88819465762465022 ) ) ;
#175 = ORIENTED_EDGE ( 'NONE', *, *, #2747, .T. ) ;
#176 = EDGE_CURVE ( 'NONE', #4754, #1218, #716, .T. ) ;
#177 = VECTOR ( 'NONE', #243, 1000.000000000000000 ) ;
#178 = CARTESIAN_POINT ( 'NONE',  ( -118.0260517852985487, -2.731395220154662962, 10.82430589055354986 ) ) ;
#179 = ORIENTED_EDGE ( 'NONE', *, *, #1425, .T. ) ;
#180 = CARTESIAN_POINT ( 'NONE',  ( 79.99999999999998579, 35.00000000000000000, 32.50000000000001421 ) ) ;
#181 = ORIENTED_EDGE ( 'NONE', *, *, #3614, .F. ) ;
#182 = CARTESIAN_POINT ( 'NONE',  ( -43.66586629001482578, -2.999999999999999112, 9.428571428571434154 ) ) ;
#183 = DIRECTION ( 'NONE',  ( 1.049727191138619682E-16, -0.5150380749100528233, 0.8571673007021131108 ) ) ;
#184 = AXIS2_PLACEMENT_3D ( 'NONE', #3707, #1855, #3337 ) ;
#185 = CARTESIAN_POINT ( 'NONE',  ( -120.0000000000000000, -15.00000000000000000, -6.120000000000000107 ) ) ;
#186 = DIRECTION ( 'NONE',  ( -0.8966284352029086913, 0.000000000000000000, -0.4427837499113796427 ) ) ;
#187 =( BOUNDED_SURFACE ( )  B_SPLINE_SURFACE ( 3, 2, ( 
 ( #2744, #3539, #1247 ),
 ( #4272, #2720, #4223 ),
 ( #3907, #3127, #909 ),
 ( #189, #4177, #533 ),
 ( #492, #4484, #2010 ),
 ( #3448, #3492, #1653 ),
 ( #1288, #2768, #2184 ),
 ( #978, #316, #2549 ),
 ( #2497, #4343, #1058 ),
 ( #4727, #1772, #605 ),
 ( #239, #1356, #3247 ),
 ( #1410, #3221, #3979 ),
 ( #711, #1436, #1700 ),
 ( #4396, #1795, #3612 ),
 ( #1028, #1001, #267 ),
 ( #3927, #1747, #4701 ),
 ( #1723, #2892, #2470 ),
 ( #1384, #215, #4674 ),
 ( #3277, #3564, #633 ),
 ( #1084, #4368, #3200 ),
 ( #2522, #4650, #2841 ),
 ( #660, #1337, #2865 ) ),
 .UNSPECIFIED., .F., .F., .F. ) 
 B_SPLINE_SURFACE_WITH_KNOTS ( ( 4, 2, 2, 2, 2, 2, 2, 2, 2, 2, 4 ),
 ( 3, 3 ),
 ( -1.301042606982605321E-18, 0.001887074150390704750, 0.003774148300781410802, 0.004717685375976764586, 0.005661222451172117504, 0.007548296601562823338, 0.008491833676758176255, 0.009435370751953529173, 0.01132244490234423501, 0.01320951905273494084, 0.01509659320312564841 ),
 ( 0.000000000000000000, 1.000000000000000000 ),
 .UNSPECIFIED. ) 
 GEOMETRIC_REPRESENTATION_ITEM ( )  RATIONAL_B_SPLINE_SURFACE ( (
 ( 1.000000000000000000, 0.7071067811865475727, 1.000000000000000000),
 ( 1.000000000000000000, 0.7237121247995496054, 1.000000000000000000),
 ( 1.000000000000000000, 0.7389568843893487005, 1.000000000000000000),
 ( 1.000000000000000000, 0.7658791681117375072, 1.000000000000000000),
 ( 1.000000000000000000, 0.7775609741731770441, 1.000000000000000000),
 ( 1.000000000000000000, 0.7919178414669484356, 1.000000000000000000),
 ( 1.000000000000000000, 0.7961889419893278808, 1.000000000000000000),
 ( 1.000000000000000000, 0.8035279549139736632, 1.000000000000000000),
 ( 1.000000000000000000, 0.8065943441576104433, 1.000000000000000000),
 ( 1.000000000000000000, 0.8139739996312846948, 1.000000000000000000),
 ( 1.000000000000000000, 0.8164699156433676830, 1.000000000000000000),
 ( 1.000000000000000000, 0.8165095951493952509, 1.000000000000000000),
 ( 1.000000000000000000, 0.8159049651371654832, 1.000000000000000000),
 ( 1.000000000000000000, 0.8134420739528722688, 1.000000000000000000),
 ( 1.000000000000000000, 0.8115719170268559379, 1.000000000000000000),
 ( 1.000000000000000000, 0.8041602593826857603, 1.000000000000000000),
 ( 1.000000000000000000, 0.7968347466230009113, 1.000000000000000000),
 ( 1.000000000000000000, 0.7778762307523413577, 1.000000000000000000),
 ( 1.000000000000000000, 0.7662376414142261227, 1.000000000000000000),
 ( 1.000000000000000000, 0.7391200073975358054, 1.000000000000000000),
 ( 1.000000000000000000, 0.7236610937097808227, 1.000000000000000000),
 ( 1.000000000000000000, 0.7071067811865473507, 1.000000000000000000) ) ) 
 REPRESENTATION_ITEM ( '' )  SURFACE ( )  );
#188 = VERTEX_POINT ( 'NONE', #3013 ) ;
#189 = CARTESIAN_POINT ( 'NONE',  ( 116.1124661822428408, -2.901448407078112357, -10.30197549226557818 ) ) ;
#190 = B_SPLINE_CURVE_WITH_KNOTS ( 'NONE', 3,
 ( #2583, #1851, #1877, #1496, #4455, #3359, #34, #1208, #123, #2679 ),
 .UNSPECIFIED., .F., .F.,
 ( 4, 2, 2, 2, 4 ),
 ( 0.000000000000000000, 0.001485981294992211148, 0.002971962589984422295, 0.004457943884976633443, 0.005943925179968844591 ),
 .UNSPECIFIED. ) ;
#191 = CARTESIAN_POINT ( 'NONE',  ( 120.0000000000000000, -9.347633297674212471, 0.000000000000000000 ) ) ;
#192 = APPROVAL_ROLE ( '' ) ;
#193 = ORIENTED_EDGE ( 'NONE', *, *, #3038, .T. ) ;
#194 = CARTESIAN_POINT ( 'NONE',  ( -150.0000000000000000, 35.00000000000000000, -12.99999999999997868 ) ) ;
#195 = CARTESIAN_POINT ( 'NONE',  ( -34.40753469196503289, -0.4354054784964244140, 10.41097043727872595 ) ) ;
#196 = VECTOR ( 'NONE', #1552, 1000.000000000000000 ) ;
#197 = ORIENTED_EDGE ( 'NONE', *, *, #2986, .F. ) ;
#198 = CARTESIAN_POINT ( 'NONE',  ( 79.99999999999998579, 0.000000000000000000, 6.000000000000015987 ) ) ;
#199 = EDGE_CURVE ( 'NONE', #91, #1775, #3744, .T. ) ;
#200 = CARTESIAN_POINT ( 'NONE',  ( 35.54236953139390209, -2.768230182562602781, 10.73327605261074780 ) ) ;
#201 = ORIENTED_EDGE ( 'NONE', *, *, #113, .T. ) ;
#202 = CARTESIAN_POINT ( 'NONE',  ( 150.0000000000000000, 3.000000000000002665, -12.00000000000002487 ) ) ;
#203 = ORIENTED_EDGE ( 'NONE', *, *, #4181, .F. ) ;
#204 = CIRCLE ( 'NONE', #4238, 2.999999999999999556 ) ;
#205 = CARTESIAN_POINT ( 'NONE',  ( -41.41124894775813203, -2.854523621456059868, 10.46926973534801419 ) ) ;
#206 = CARTESIAN_POINT ( 'NONE',  ( 112.7888974490719676, 0.000000000000000000, 11.99999999999998401 ) ) ;
#207 = AXIS2_PLACEMENT_3D ( 'NONE', #2299, #3786, #1283 ) ;
#208 = ORIENTED_EDGE ( 'NONE', *, *, #1190, .T. ) ;
#209 = CARTESIAN_POINT ( 'NONE',  ( -125.6658662900148613, -2.999999999999999112, -9.428571428571405733 ) ) ;
#210 = VECTOR ( 'NONE', #2634, 1000.000000000000000 ) ;
#211 = CARTESIAN_POINT ( 'NONE',  ( 122.4614200509614648, -2.768538346299064479, 10.73256665193533621 ) ) ;
#212 = EDGE_CURVE ( 'NONE', #275, #4234, #2968, .T. ) ;
#213 = VECTOR ( 'NONE', #125, 1000.000000000000000 ) ;
#214 = EDGE_LOOP ( 'NONE', ( #4700, #3503, #236, #2951 ) ) ;
#215 = CARTESIAN_POINT ( 'NONE',  ( 123.5783489759254934, -0.4365745038692869784, -10.41568038142973407 ) ) ;
#216 = CARTESIAN_POINT ( 'NONE',  ( 116.9597480806781675, 0.1188004734802616535, -12.84009311048451529 ) ) ;
#217 = FACE_OUTER_BOUND ( 'NONE', #2315, .T. ) ;
#218 = EDGE_CURVE ( 'NONE', #1762, #3092, #1329, .T. ) ;
#219 = CARTESIAN_POINT ( 'NONE',  ( -30.78889744907202441, 2.602085213965210642E-15, 12.00000000000000533 ) ) ;
#220 = CIRCLE ( 'NONE', #1945, 10.99999999999999289 ) ;
#221 = ORIENTED_EDGE ( 'NONE', *, *, #4646, .F. ) ;
#222 = CARTESIAN_POINT ( 'NONE',  ( 123.8875338177515317, -2.901448407077564351, 10.30197549226799403 ) ) ;
#223 = EDGE_CURVE ( 'NONE', #2826, #3163, #4197, .T. ) ;
#224 = ORIENTED_EDGE ( 'NONE', *, *, #380, .T. ) ;
#225 = CARTESIAN_POINT ( 'NONE',  ( 117.5373512251754846, -2.768664227492986019, 10.73208223910489778 ) ) ;
#226 = CARTESIAN_POINT ( 'NONE',  ( -114.3341337099851813, -2.999999999999997335, 9.428571428571439483 ) ) ;
#227 = AXIS2_PLACEMENT_3D ( 'NONE', #405, #3734, #779 ) ;
#228 = CARTESIAN_POINT ( 'NONE',  ( 79.99999999999998579, -3.000000000000002665, 6.000000000000015987 ) ) ;
#229 = AXIS2_PLACEMENT_3D ( 'NONE', #418, #393, #3695 ) ;
#230 = ORIENTED_EDGE ( 'NONE', *, *, #1973, .T. ) ;
#231 = CARTESIAN_POINT ( 'NONE',  ( 120.0000000000000000, -15.00000000000000000, -9.000000000000063949 ) ) ;
#232 = DIRECTION ( 'NONE',  ( -0.000000000000000000, -1.000000000000000000, -0.000000000000000000 ) ) ;
#233 = ORIENTED_EDGE ( 'NONE', *, *, #3316, .T. ) ;
#234 = DIRECTION ( 'NONE',  ( 0.000000000000000000, 0.000000000000000000, -1.000000000000000000 ) ) ;
#235 = DIRECTION ( 'NONE',  ( -1.000000000000000000, 0.000000000000000000, -2.891205793294675861E-16 ) ) ;
#236 = ORIENTED_EDGE ( 'NONE', *, *, #3439, .T. ) ;
#237 = CIRCLE ( 'NONE', #2334, 2.999999999999999556 ) ;
#238 = ADVANCED_FACE ( 'NONE', ( #2548 ), #4057, .T. ) ;
#239 = CARTESIAN_POINT ( 'NONE',  ( 119.4978475269890623, -2.657015898887255201, -10.99964075997785784 ) ) ;
#240 = ADVANCED_FACE ( 'NONE', ( #4599 ), #3485, .T. ) ;
#241 = DIRECTION ( 'NONE',  ( 2.973811673103099736E-15, 0.000000000000000000, -1.000000000000000000 ) ) ;
#242 = AXIS2_PLACEMENT_3D ( 'NONE', #3766, #4027, #343 ) ;
#243 = DIRECTION ( 'NONE',  ( -0.000000000000000000, 0.000000000000000000, 1.000000000000000000 ) ) ;
#244 = TOROIDAL_SURFACE ( 'NONE', #4129, 13.99999999999999112, 3.000000000000000000 ) ;
#245 = CARTESIAN_POINT ( 'NONE',  ( -126.6259635877649288, 2.281483243429457569E-15, -12.17581237791299920 ) ) ;
#246 = CARTESIAN_POINT ( 'NONE',  ( 79.99999999999998579, -3.000000000000002665, 6.000000000000015987 ) ) ;
#247 = AXIS2_PLACEMENT_3D ( 'NONE', #1289, #3928, #2076 ) ;
#248 = CARTESIAN_POINT ( 'NONE',  ( -35.39448214074361232, -0.4943164166439353302, 10.69115549662427611 ) ) ;
#249 = ORIENTED_EDGE ( 'NONE', *, *, #2341, .F. ) ;
#250 = DIRECTION ( 'NONE',  ( 0.000000000000000000, 0.000000000000000000, 1.000000000000000000 ) ) ;
#251 = CIRCLE ( 'NONE', #2977, 2.999999999999999112 ) ;
#252 = VERTEX_POINT ( 'NONE', #3807 ) ;
#253 = CARTESIAN_POINT ( 'NONE',  ( -108.0000000000000426, -3.000000000000000000, 12.00000000000001599 ) ) ;
#254 = CARTESIAN_POINT ( 'NONE',  ( -120.4868103785505014, -2.660471519800011286, 10.99203693796849457 ) ) ;
#255 = CARTESIAN_POINT ( 'NONE',  ( -116.5887510522418182, -2.854523621456059423, -10.46926973534800354 ) ) ;
#256 = EDGE_CURVE ( 'NONE', #624, #4592, #1238, .T. ) ;
#257 = B_SPLINE_CURVE_WITH_KNOTS ( 'NONE', 3,
 ( #469, #3450, #1940, #886, #1564, #4155, #3751, #1989, #1967, #56, #3816, #4563 ),
 .UNSPECIFIED., .F., .F.,
 ( 4, 2, 2, 2, 2, 4 ),
 ( 0.005943925179968835050, 0.006684808149227632404, 0.007425691118486429758, 0.008907457057004023598, 0.01038922299552161831, 0.01187098893403921128 ),
 .UNSPECIFIED. ) ;
#258 = ORIENTED_EDGE ( 'NONE', *, *, #3026, .T. ) ;
#259 = CARTESIAN_POINT ( 'NONE',  ( -37.99999999999999289, -15.00000000000000000, 0.000000000000000000 ) ) ;
#260 = DIRECTION ( 'NONE',  ( 0.000000000000000000, 0.000000000000000000, -1.000000000000000000 ) ) ;
#261 = CARTESIAN_POINT ( 'NONE',  ( 118.7862007958416797, 0.1716145698699310662, 13.00011793020067508 ) ) ;
#262 = EDGE_LOOP ( 'NONE', ( #2848, #3872, #1831, #1974, #4089, #3922, #2623, #2558, #2620, #4081, #3427, #3029, #2885, #3056, #665, #4413, #2053, #2292 ) ) ;
#263 = CARTESIAN_POINT ( 'NONE',  ( -37.99999999999999289, -11.00000000000000000, -2.750000000000002665 ) ) ;
#264 = CARTESIAN_POINT ( 'NONE',  ( 35.29494848719996014, -2.790587238327848496, -10.66509412981956118 ) ) ;
#265 = EDGE_CURVE ( 'NONE', #4434, #4709, #1262, .T. ) ;
#266 = DIRECTION ( 'NONE',  ( -6.608470384673549052E-16, 0.000000000000000000, 1.000000000000000000 ) ) ;
#267 = CARTESIAN_POINT ( 'NONE',  ( 121.5689914839058190, 0.1568857463923442053, -12.95770837007682630 ) ) ;
#268 = CYLINDRICAL_SURFACE ( 'NONE', #4409, 2.999999999999999112 ) ;
#269 =( NAMED_UNIT ( * ) PLANE_ANGLE_UNIT ( ) SI_UNIT ( $, .RADIAN. ) );
#270 = CARTESIAN_POINT ( 'NONE',  ( -45.21110255092797559, 0.000000000000000000, -11.99999999999999467 ) ) ;
#271 = CARTESIAN_POINT ( 'NONE',  ( -106.0021185534610453, -2.541229649312008256E-10, -0.4216005157147566518 ) ) ;
#272 = CARTESIAN_POINT ( 'NONE',  ( -31.33580607903408577, 2.627592724413997505E-15, 12.16432559198908869 ) ) ;
#273 = EDGE_LOOP ( 'NONE', ( #4125, #985, #1758, #23 ) ) ;
#274 = CARTESIAN_POINT ( 'NONE',  ( 79.99999999999998579, -3.000000000000002665, -11.99999999999999645 ) ) ;
#275 = VERTEX_POINT ( 'NONE', #1202 ) ;
#276 = CARTESIAN_POINT ( 'NONE',  ( 114.3341337099851103, -2.999999999999999112, 9.428571428571412838 ) ) ;
#277 = FACE_OUTER_BOUND ( 'NONE', #6, .T. ) ;
#278 = AXIS2_PLACEMENT_3D ( 'NONE', #2764, #4243, #4194 ) ;
#279 = DIRECTION ( 'NONE',  ( 1.000000000000000000, 0.000000000000000000, -6.608470384673542149E-16 ) ) ;
#280 = ORIENTED_EDGE ( 'NONE', *, *, #1478, .F. ) ;
#281 = DIRECTION ( 'NONE',  ( -0.000000000000000000, -1.000000000000000000, -0.000000000000000000 ) ) ;
#282 = CARTESIAN_POINT ( 'NONE',  ( -116.5918413205241677, -2.854223916787164139, -10.47032075713461019 ) ) ;
#283 = CARTESIAN_POINT ( 'NONE',  ( -120.0000000000000000, -11.41999999999999993, -6.120000000000000107 ) ) ;
#284 = VERTEX_POINT ( 'NONE', #1981 ) ;
#285 = DIRECTION ( 'NONE',  ( 0.000000000000000000, 8.673617379884035472E-16, -1.000000000000000000 ) ) ;
#286 = CARTESIAN_POINT ( 'NONE',  ( 33.20543415393232323, -2.973572258944159774, -9.912404177351117340 ) ) ;
#287 = CARTESIAN_POINT ( 'NONE',  ( -37.99999999999999289, -15.00000000000000000, 0.000000000000000000 ) ) ;
#288 = DIRECTION ( 'NONE',  ( -0.000000000000000000, 1.000000000000000000, -0.000000000000000000 ) ) ;
#289 = DIRECTION ( 'NONE',  ( -0.000000000000000000, 1.000000000000000000, -0.000000000000000000 ) ) ;
#290 = CARTESIAN_POINT ( 'NONE',  ( 38.00000000000175504, -2.656854249492377917, 10.99999999999999289 ) ) ;
#291 = EDGE_CURVE ( 'NONE', #2000, #548, #2144, .T. ) ;
#292 = FACE_OUTER_BOUND ( 'NONE', #573, .T. ) ;
#293 = CARTESIAN_POINT ( 'NONE',  ( 0.000000000000000000, -15.00000000000000000, 0.000000000000000000 ) ) ;
#294 = AXIS2_PLACEMENT_3D ( 'NONE', #4148, #2348, #4104 ) ;
#295 = ORIENTED_EDGE ( 'NONE', *, *, #4025, .T. ) ;
#296 = CARTESIAN_POINT ( 'NONE',  ( -105.0000000000000284, -2.999999996593109675, 6.805162086119485032 ) ) ;
#297 = ORIENTED_EDGE ( 'NONE', *, *, #2180, .F. ) ;
#298 = CARTESIAN_POINT ( 'NONE',  ( 120.9942866564828563, -2.672614824791470944, 10.96613122369336146 ) ) ;
#299 = ORIENTED_EDGE ( 'NONE', *, *, #2455, .F. ) ;
#300 = CARTESIAN_POINT ( 'NONE',  ( 95.00000000000000000, 0.000000000000000000, 11.99999999999998579 ) ) ;
#301 = DIRECTION ( 'NONE',  ( 0.000000000000000000, 0.000000000000000000, -1.000000000000000000 ) ) ;
#302 = DIRECTION ( 'NONE',  ( 0.000000000000000000, -1.000000000000000000, 0.000000000000000000 ) ) ;
#303 = EDGE_CURVE ( 'NONE', #1885, #1097, #4169, .T. ) ;
#304 = ORIENTED_EDGE ( 'NONE', *, *, #4669, .F. ) ;
#305 = DIRECTION ( 'NONE',  ( 0.8571428571428583165, -2.978397353040704516E-16, -0.5150787536377109399 ) ) ;
#306 = DIRECTION ( 'NONE',  ( -0.000000000000000000, 1.000000000000000000, -0.000000000000000000 ) ) ;
#307 = CARTESIAN_POINT ( 'NONE',  ( 120.6109756718304453, 0.1715519580165032754, 12.99994083710983794 ) ) ;
#308 = EDGE_LOOP ( 'NONE', ( #4262, #1718, #4440, #3011 ) ) ;
#309 = FACE_OUTER_BOUND ( 'NONE', #4464, .T. ) ;
#310 = CIRCLE ( 'NONE', #3411, 6.000000000000000000 ) ;
#311 = CARTESIAN_POINT ( 'NONE',  ( 38.52041142335290402, -0.5347353838930297698, -10.99090798253934409 ) ) ;
#312 = ADVANCED_FACE ( 'NONE', ( #4240 ), #3393, .F. ) ;
#313 = FACE_OUTER_BOUND ( 'NONE', #387, .T. ) ;
#314 = CIRCLE ( 'NONE', #1320, 10.99999999999999289 ) ;
#315 = EDGE_LOOP ( 'NONE', ( #1976, #1125, #3506, #3844 ) ) ;
#316 = CARTESIAN_POINT ( 'NONE',  ( 117.9029381076148724, -0.5123529346368809190, -10.80206725238561916 ) ) ;
#317 = CARTESIAN_POINT ( 'NONE',  ( 35.53735122517552725, -2.768664227492991348, 10.73208223910488712 ) ) ;
#318 = ADVANCED_FACE ( 'NONE', ( #1670 ), #1933, .F. ) ;
#319 = AXIS2_PLACEMENT_3D ( 'NONE', #3630, #4077, #260 ) ;
#320 = FACE_OUTER_BOUND ( 'NONE', #4529, .T. ) ;
#321 = CARTESIAN_POINT ( 'NONE',  ( -106.0992390792277291, 3.891544302729331665E-16, -1.688175713192949567 ) ) ;
#322 = CIRCLE ( 'NONE', #1798, 2.750000000000002665 ) ;
#323 = CARTESIAN_POINT ( 'NONE',  ( -42.33765650114943924, 0.07288804113626416725, 12.66293139102780252 ) ) ;
#324 = ORIENTED_EDGE ( 'NONE', *, *, #2747, .F. ) ;
#325 = CARTESIAN_POINT ( 'NONE',  ( 41.41842058021364181, -2.855187496743228692, 10.46713792506247920 ) ) ;
#326 = EDGE_CURVE ( 'NONE', #1930, #4100, #2672, .T. ) ;
#327 = AXIS2_PLACEMENT_3D ( 'NONE', #1988, #165, #3857 ) ;
#328 = ORIENTED_EDGE ( 'NONE', *, *, #3110, .F. ) ;
#329 = DIRECTION ( 'NONE',  ( 5.782411586589351722E-16, 0.000000000000000000, -1.000000000000000000 ) ) ;
#330 = CARTESIAN_POINT ( 'NONE',  ( -122.4576304686039094, -2.768230182562334551, 10.73327605261134998 ) ) ;
#331 = LINE ( 'NONE', #4042, #2726 ) ;
#332 = AXIS2_PLACEMENT_3D ( 'NONE', #1707, #4658, #2059 ) ;
#333 = EDGE_CURVE ( 'NONE', #3117, #2812, #1753, .T. ) ;
#334 = ORIENTED_EDGE ( 'NONE', *, *, #3259, .F. ) ;
#335 = FACE_OUTER_BOUND ( 'NONE', #2394, .T. ) ;
#336 = CARTESIAN_POINT ( 'NONE',  ( -116.1254891756772167, -2.900292826768481991, -10.30709279624786134 ) ) ;
#337 = ORIENTED_EDGE ( 'NONE', *, *, #3135, .T. ) ;
#338 = CARTESIAN_POINT ( 'NONE',  ( -106.5820294236796428, 35.00000000000000711, 13.49011449060169454 ) ) ;
#339 = CARTESIAN_POINT ( 'NONE',  ( 122.4348638571304235, 0.1401118937165273803, -12.92148731006872175 ) ) ;
#340 = CC_DESIGN_APPROVAL ( #1620, ( #3243 ) ) ;
#341 = CARTESIAN_POINT ( 'NONE',  ( -108.0000000000000426, 32.00000000000000000, 18.00000000000001421 ) ) ;
#342 = CARTESIAN_POINT ( 'NONE',  ( -73.41794972455795687, 35.00000000000000000, 13.49008966524184849 ) ) ;
#343 = DIRECTION ( 'NONE',  ( 0.000000000000000000, 0.000000000000000000, 1.000000000000000000 ) ) ;
#344 = CARTESIAN_POINT ( 'NONE',  ( -90.00000000000002842, -40.00000000000000000, 27.00000000000002132 ) ) ;
#345 = FACE_OUTER_BOUND ( 'NONE', #2023, .T. ) ;
#346 = CARTESIAN_POINT ( 'NONE',  ( -38.49507791648149890, -2.656854249492413889, -10.99999999999992006 ) ) ;
#347 = FACE_OUTER_BOUND ( 'NONE', #894, .T. ) ;
#348 = AXIS2_PLACEMENT_3D ( 'NONE', #3733, #2195, #353 ) ;
#349 = CARTESIAN_POINT ( 'NONE',  ( -105.0000000000000284, -2.942689283625552044, 6.000000000000027534 ) ) ;
#350 = ORIENTED_EDGE ( 'NONE', *, *, #4611, .T. ) ;
#351 = DIRECTION ( 'NONE',  ( 0.000000000000000000, 0.000000000000000000, 1.000000000000000000 ) ) ;
#352 = ORIENTED_EDGE ( 'NONE', *, *, #3389, .F. ) ;
#353 = DIRECTION ( 'NONE',  ( 1.000000000000000000, 0.000000000000000000, -5.782411586589351722E-16 ) ) ;
#354 = CARTESIAN_POINT ( 'NONE',  ( -108.0000000000000284, -3.000000000000002665, -7.137148015447435263E-14 ) ) ;
#355 = CARTESIAN_POINT ( 'NONE',  ( -117.5673533287987595, 0.1379709524836440215, 12.90030929811991101 ) ) ;
#356 = ORIENTED_EDGE ( 'NONE', *, *, #2765, .F. ) ;
#357 = EDGE_CURVE ( 'NONE', #3336, #3478, #4402, .T. ) ;
#358 = DIRECTION ( 'NONE',  ( 0.000000000000000000, -1.000000000000000000, 0.000000000000000000 ) ) ;
#359 = CARTESIAN_POINT ( 'NONE',  ( -118.4310085160919499, 0.1568857463922531392, -12.95770837007651188 ) ) ;
#360 = ORIENTED_EDGE ( 'NONE', *, *, #3083, .T. ) ;
#361 = CARTESIAN_POINT ( 'NONE',  ( 120.0000000000000000, -15.00000000000000000, 0.000000000000000000 ) ) ;
#362 = VECTOR ( 'NONE', #4145, 1000.000000000000000 ) ;
#363 = CARTESIAN_POINT ( 'NONE',  ( 38.61957684543238400, 0.1697642401667936174, -12.99493259691820768 ) ) ;
#364 = VERTEX_POINT ( 'NONE', #94 ) ;
#365 = CARTESIAN_POINT ( 'NONE',  ( -72.18097327079591707, 35.00000000000000711, 12.18097356461427516 ) ) ;
#366 = DIRECTION ( 'NONE',  ( 0.000000000000000000, 0.000000000000000000, -1.000000000000000000 ) ) ;
#367 = CARTESIAN_POINT ( 'NONE',  ( 37.99999999999999289, -15.00000000000000000, -8.999999999999980460 ) ) ;
#368 = EDGE_CURVE ( 'NONE', #3066, #4069, #3508, .T. ) ;
#369 = CARTESIAN_POINT ( 'NONE',  ( -120.0000000000000000, -11.00000000000000000, -2.750000000000002665 ) ) ;
#370 = PERSON_AND_ORGANIZATION_ROLE ( 'classification_officer' ) ;
#371 = AXIS2_PLACEMENT_3D ( 'NONE', #4219, #1602, #3853 ) ;
#372 = CARTESIAN_POINT ( 'NONE',  ( -45.21110255092797559, -3.000000000000000000, -11.99999999999999467 ) ) ;
#373 = DIRECTION ( 'NONE',  ( 0.000000000000000000, 0.000000000000000000, 1.000000000000000000 ) ) ;
#374 = EDGE_LOOP ( 'NONE', ( #476, #4670, #955 ) ) ;
#375 = CARTESIAN_POINT ( 'NONE',  ( 38.00000000000175504, -2.656854249492377917, 10.99999999999999289 ) ) ;
#376 = ORIENTED_EDGE ( 'NONE', *, *, #116, .F. ) ;
#377 = CARTESIAN_POINT ( 'NONE',  ( 31.96423190623982791, 0.01488109377037381484, -12.32428037631672879 ) ) ;
#378 = AXIS2_PLACEMENT_3D ( 'NONE', #1271, #515, #564 ) ;
#379 = CARTESIAN_POINT ( 'NONE',  ( -121.2327790230828981, -2.686228507470428628, 10.93354172456713336 ) ) ;
#380 = EDGE_CURVE ( 'NONE', #1007, #1755, #3059, .T. ) ;
#381 = CARTESIAN_POINT ( 'NONE',  ( 42.84637927624040543, 0.05291308388839710553, 12.57512725172562718 ) ) ;
#382 = EDGE_CURVE ( 'NONE', #1860, #2719, #1916, .T. ) ;
#383 = ORIENTED_EDGE ( 'NONE', *, *, #945, .T. ) ;
#384 = VERTEX_POINT ( 'NONE', #156 ) ;
#385 = CARTESIAN_POINT ( 'NONE',  ( -37.99999999999999289, -15.00000000000000000, 6.120000000000000107 ) ) ;
#386 = CYLINDRICAL_SURFACE ( 'NONE', #2966, 2.750000000000002665 ) ;
#387 = EDGE_LOOP ( 'NONE', ( #3309, #702, #1510, #4581, #1316, #803 ) ) ;
#388 = DIRECTION ( 'NONE',  ( 0.000000000000000000, -0.000000000000000000, -1.000000000000000000 ) ) ;
#389 = ORIENTED_EDGE ( 'NONE', *, *, #1381, .T. ) ;
#390 = EDGE_CURVE ( 'NONE', #1731, #1807, #4624, .T. ) ;
#391 = FACE_OUTER_BOUND ( 'NONE', #3575, .T. ) ;
#392 = DIRECTION ( 'NONE',  ( 0.000000000000000000, 0.000000000000000000, 1.000000000000000000 ) ) ;
#393 = DIRECTION ( 'NONE',  ( -0.000000000000000000, 1.000000000000000000, -0.000000000000000000 ) ) ;
#394 = AXIS2_PLACEMENT_3D ( 'NONE', #354, #3233, #1760 ) ;
#395 = CARTESIAN_POINT ( 'NONE',  ( -31.96616001159494758, 0.01492524735671175821, -12.32478208801527764 ) ) ;
#396 = CIRCLE ( 'NONE', #623, 13.99999999999999112 ) ;
#397 = CYLINDRICAL_SURFACE ( 'NONE', #1474, 3.000000000000002665 ) ;
#398 = DIRECTION ( 'NONE',  ( -1.000000000000000000, 0.000000000000000000, 1.387778780781445676E-16 ) ) ;
#399 = EDGE_CURVE ( 'NONE', #2914, #1417, #1601, .T. ) ;
#400 = CARTESIAN_POINT ( 'NONE',  ( -105.0000000000000284, -3.000000000000002665, 7.211102550928025323 ) ) ;
#401 = ORIENTED_EDGE ( 'NONE', *, *, #3374, .T. ) ;
#402 = CARTESIAN_POINT ( 'NONE',  ( 118.7672209769191909, -2.686228507470415305, 10.93354172456743356 ) ) ;
#403 = ORIENTED_EDGE ( 'NONE', *, *, #2193, .F. ) ;
#404 = CARTESIAN_POINT ( 'NONE',  ( -37.99999999999999289, 0.000000000000000000, 0.000000000000000000 ) ) ;
#405 = CARTESIAN_POINT ( 'NONE',  ( 98.00000000000000000, 3.000000000000002665, 11.99999999999998579 ) ) ;
#406 = LINE ( 'NONE', #4411, #4439 ) ;
#407 = B_SPLINE_CURVE_WITH_KNOTS ( 'NONE', 3,
 ( #574, #1282, #4239, #2048, #2415, #923, #4667, #205, #2389, #3097, #3192, #182 ),
 .UNSPECIFIED., .F., .F.,
 ( 4, 2, 2, 2, 2, 4 ),
 ( 0.005943925179968844591, 0.006684808149227641945, 0.007425691118486438431, 0.008907457057004032272, 0.01038922299552162525, 0.01187098893403921822 ),
 .UNSPECIFIED. ) ;
#408 = AXIS2_PLACEMENT_3D ( 'NONE', #2820, #641, #3547 ) ;
#409 = ORIENTED_EDGE ( 'NONE', *, *, #3593, .F. ) ;
#410 = CARTESIAN_POINT ( 'NONE',  ( 37.99999999999999289, -11.00000000000000000, 2.750000000000002665 ) ) ;
#411 = CIRCLE ( 'NONE', #728, 2.749999999999995559 ) ;
#412 = EDGE_LOOP ( 'NONE', ( #1587, #456, #4561, #4788 ) ) ;
#413 = DIRECTION ( 'NONE',  ( -0.000000000000000000, 1.000000000000000000, 0.000000000000000000 ) ) ;
#414 = VERTEX_POINT ( 'NONE', #949 ) ;
#415 = DIRECTION ( 'NONE',  ( 6.608470384673549052E-16, -5.782411586589348764E-16, -1.000000000000000000 ) ) ;
#416 = CARTESIAN_POINT ( 'NONE',  ( 95.00000000000000000, -3.000000000000000000, 11.99999999999998579 ) ) ;
#417 = B_SPLINE_CURVE_WITH_KNOTS ( 'NONE', 3,
 ( #4117, #4092, #3022, #1922, #3406, #799, #1189, #80, #1904, #2272, #4435, #777, #752, #377, #3385, #2662 ),
 .UNSPECIFIED., .F., .F.,
 ( 4, 2, 2, 2, 2, 2, 2, 4 ),
 ( 0.000000000000000000, 0.001830530536321578862, 0.003661061072643157725, 0.007322122145286296367, 0.009152652681607875013, 0.01098318321792945453, 0.01281371375425103230, 0.01464424429057261182 ),
 .UNSPECIFIED. ) ;
#418 = CARTESIAN_POINT ( 'NONE',  ( -90.00000000000002842, 28.15000000000000213, 27.00000000000002132 ) ) ;
#419 = CARTESIAN_POINT ( 'NONE',  ( 37.99999999999999289, -11.00000000000000000, -2.750000000000002665 ) ) ;
#420 = EDGE_CURVE ( 'NONE', #1902, #91, #2489, .T. ) ;
#421 = FACE_OUTER_BOUND ( 'NONE', #644, .T. ) ;
#422 = DIRECTION ( 'NONE',  ( 6.608470384673549052E-16, 0.000000000000000000, 1.000000000000000000 ) ) ;
#423 = CARTESIAN_POINT ( 'NONE',  ( -43.66586629001482578, -2.999999999999999112, 9.428571428571434154 ) ) ;
#424 = EDGE_LOOP ( 'NONE', ( #3276, #4719, #4205, #4793 ) ) ;
#425 = DIRECTION ( 'NONE',  ( 0.000000000000000000, -1.000000000000000000, 0.000000000000000000 ) ) ;
#426 = CARTESIAN_POINT ( 'NONE',  ( -72.00000000000004263, 35.00000000000000000, 18.00000000000001066 ) ) ;
#427 = AXIS2_PLACEMENT_3D ( 'NONE', #1210, #1167, #3363 ) ;
#428 = CARTESIAN_POINT ( 'NONE',  ( -38.63910314747110419, 0.1714920505549324681, -12.99977139276314375 ) ) ;
#429 = ORIENTED_EDGE ( 'NONE', *, *, #1123, .F. ) ;
#430 = CARTESIAN_POINT ( 'NONE',  ( 41.59246530803719821, -0.4354054784962887448, 10.41097043727760507 ) ) ;
#431 = ORIENTED_EDGE ( 'NONE', *, *, #3291, .T. ) ;
#432 = CARTESIAN_POINT ( 'NONE',  ( 79.99999999999998579, -40.00000000000000000, 27.00000000000002132 ) ) ;
#433 = CIRCLE ( 'NONE', #3377, 5.499999999999980460 ) ;
#434 = ORIENTED_EDGE ( 'NONE', *, *, #2082, .F. ) ;
#435 = CARTESIAN_POINT ( 'NONE',  ( 37.99999999999999289, -15.00000000000000000, -2.749999999999999112 ) ) ;
#436 = DIRECTION ( 'NONE',  ( -0.000000000000000000, 0.000000000000000000, 1.000000000000000000 ) ) ;
#437 = ADVANCED_FACE ( 'NONE', ( #1741, #2049 ), #4287, .F. ) ;
#438 = DIRECTION ( 'NONE',  ( -1.000000000000000000, 0.000000000000000000, 1.503427012513232897E-16 ) ) ;
#439 = CIRCLE ( 'NONE', #3306, 2.999999999999999112 ) ;
#440 = CARTESIAN_POINT ( 'NONE',  ( -30.78889744907201020, 0.000000000000000000, -11.99999999999999645 ) ) ;
#441 = EDGE_CURVE ( 'NONE', #1689, #1443, #1560, .T. ) ;
#442 = CARTESIAN_POINT ( 'NONE',  ( -125.6658662900148613, -2.999999999999999112, -9.428571428571405733 ) ) ;
#443 = CARTESIAN_POINT ( 'NONE',  ( 61.99999999999997158, 32.00000000000000000, 11.99999999999999112 ) ) ;
#444 = CARTESIAN_POINT ( 'NONE',  ( 120.0000000000000000, -15.00000000000000000, 9.000000000000063949 ) ) ;
#445 = ORIENTED_EDGE ( 'NONE', *, *, #326, .T. ) ;
#446 = CIRCLE ( 'NONE', #2934, 3.000000000000002665 ) ;
#447 = FACE_OUTER_BOUND ( 'NONE', #1549, .T. ) ;
#448 = VECTOR ( 'NONE', #4668, 1000.000000000000000 ) ;
#449 = ADVANCED_FACE ( 'NONE', ( #575 ), #2465, .F. ) ;
#450 = CIRCLE ( 'NONE', #3544, 2.999999999999999556 ) ;
#451 = CARTESIAN_POINT ( 'NONE',  ( -41.13344111536599002, 0.1152628777392468856, -12.82425983559531346 ) ) ;
#452 = CARTESIAN_POINT ( 'NONE',  ( 41.40815867947175377, -2.854223916787030912, -10.47032075713574173 ) ) ;
#453 = ORIENTED_EDGE ( 'NONE', *, *, #3250, .T. ) ;
#454 = CARTESIAN_POINT ( 'NONE',  ( 38.50215247301311194, -2.657015898887250760, 10.99964075997784185 ) ) ;
#455 = EDGE_CURVE ( 'NONE', #2593, #2914, #1784, .T. ) ;
#456 = ORIENTED_EDGE ( 'NONE', *, *, #357, .F. ) ;
#457 = DIRECTION ( 'NONE',  ( 6.608470384673549052E-16, 0.000000000000000000, -1.000000000000000000 ) ) ;
#458 = ORIENTED_EDGE ( 'NONE', *, *, #865, .F. ) ;
#459 = CARTESIAN_POINT ( 'NONE',  ( -120.0000000000000000, -15.00000000000000000, 0.000000000000000000 ) ) ;
#460 = DIRECTION ( 'NONE',  ( 0.000000000000000000, 0.000000000000000000, -1.000000000000000000 ) ) ;
#461 = DIRECTION ( 'NONE',  ( 0.000000000000000000, -1.000000000000000000, 0.000000000000000000 ) ) ;
#462 = AXIS2_PLACEMENT_3D ( 'NONE', #2629, #2972, #4494 ) ;
#463 = CARTESIAN_POINT ( 'NONE',  ( -75.00000000000002842, -40.00000000000000000, 6.000000000000021316 ) ) ;
#464 = CC_DESIGN_DATE_AND_TIME_ASSIGNMENT ( #2606, #1086, ( #813 ) ) ;
#465 = EDGE_CURVE ( 'NONE', #4096, #3737, #657, .T. ) ;
#466 = CARTESIAN_POINT ( 'NONE',  ( -37.99999999999999289, -11.00000000000000000, 0.000000000000000000 ) ) ;
#467 = ORIENTED_EDGE ( 'NONE', *, *, #2736, .F. ) ;
#468 = ADVANCED_FACE ( 'NONE', ( #2437 ), #627, .T. ) ;
#469 = CARTESIAN_POINT ( 'NONE',  ( 119.9999999999982379, -2.656854249492383691, -11.00000000000000711 ) ) ;
#470 = EDGE_LOOP ( 'NONE', ( #828, #1996 ) ) ;
#471 = CARTESIAN_POINT ( 'NONE',  ( -44.03383998840502755, 0.01492524735671195077, 12.32478208801528474 ) ) ;
#472 = B_SPLINE_CURVE_WITH_KNOTS ( 'NONE', 3,
 ( #3981, #4428, #2895, #1774, #662, #2948, #3615, #1361, #346, #4321 ),
 .UNSPECIFIED., .F., .F.,
 ( 4, 2, 2, 2, 4 ),
 ( 0.000000000000000000, 0.001485981294992215485, 0.002971962589984430969, 0.004457943884976646454, 0.005943925179968861938 ),
 .UNSPECIFIED. ) ;
#473 = CARTESIAN_POINT ( 'NONE',  ( -37.69559142851292677, 0.1716123224432721250, -13.00011157373096005 ) ) ;
#474 = CARTESIAN_POINT ( 'NONE',  ( 79.99999999999998579, -40.00000000000000711, 32.50000000000000000 ) ) ;
#475 = ADVANCED_FACE ( 'NONE', ( #2858 ), #1306, .F. ) ;
#476 = ORIENTED_EDGE ( 'NONE', *, *, #399, .T. ) ;
#477 = VECTOR ( 'NONE', #2628, 1000.000000000000000 ) ;
#478 = CARTESIAN_POINT ( 'NONE',  ( 97.81902672920480768, 35.00000000000000000, 12.18097356461491998 ) ) ;
#479 = ORIENTED_EDGE ( 'NONE', *, *, #3198, .F. ) ;
#480 = DIRECTION ( 'NONE',  ( -0.000000000000000000, -1.000000000000000000, -0.000000000000000000 ) ) ;
#481 = CIRCLE ( 'NONE', #3182, 15.00000000000001421 ) ;
#482 = CIRCLE ( 'NONE', #874, 6.120000000000000107 ) ;
#483 = VERTEX_POINT ( 'NONE', #3557 ) ;
#484 = AXIS2_PLACEMENT_3D ( 'NONE', #4583, #860, #2790 ) ;
#485 = DIRECTION ( 'NONE',  ( -0.5150787536377122722, 0.000000000000000000, 0.8571428571428573173 ) ) ;
#486 = DIRECTION ( 'NONE',  ( -0.000000000000000000, -1.000000000000000000, -0.000000000000000000 ) ) ;
#487 = CARTESIAN_POINT ( 'NONE',  ( 37.99999999999999289, -15.00000000000000000, 0.000000000000000000 ) ) ;
#488 = DIRECTION ( 'NONE',  ( 0.8571428571428575394, 0.000000000000000000, -0.5150787536377124942 ) ) ;
#489 = AXIS2_PLACEMENT_3D ( 'NONE', #198, #2406, #4634 ) ;
#490 = CYLINDRICAL_SURFACE ( 'NONE', #3334, 2.749999999999999112 ) ;
#491 = ORIENTED_EDGE ( 'NONE', *, *, #722, .T. ) ;
#492 = CARTESIAN_POINT ( 'NONE',  ( 116.5779015861587311, -2.855540945636563688, -10.46591555408513408 ) ) ;
#493 = CARTESIAN_POINT ( 'NONE',  ( 37.99999999999999289, -11.41999999999999993, 6.120000000000000107 ) ) ;
#494 = ORIENTED_EDGE ( 'NONE', *, *, #139, .T. ) ;
#495 = LOCAL_TIME ( 4, 12, 43.00000000000000000, #742 ) ;
#496 = CARTESIAN_POINT ( 'NONE',  ( -31.37403641223504636, 2.273812889518210732E-15, 12.17581237791301163 ) ) ;
#497 = CARTESIAN_POINT ( 'NONE',  ( 150.0000000000000000, 0.000000000000000000, -15.00000000000002309 ) ) ;
#498 = ORIENTED_EDGE ( 'NONE', *, *, #891, .T. ) ;
#499 = CARTESIAN_POINT ( 'NONE',  ( 37.69559142851292677, 0.1716123224431859440, 13.00011157373071313 ) ) ;
#500 = ORIENTED_EDGE ( 'NONE', *, *, #1425, .F. ) ;
#501 = CARTESIAN_POINT ( 'NONE',  ( -105.0986786666331341, 35.00000000000000000, 16.17343990269289122 ) ) ;
#502 = EDGE_CURVE ( 'NONE', #4459, #4176, #3483, .T. ) ;
#503 = EDGE_LOOP ( 'NONE', ( #4469, #3070, #3340, #2803 ) ) ;
#504 = DIRECTION ( 'NONE',  ( 0.8571428571428589827, 0.000000000000000000, -0.5150787536377099407 ) ) ;
#505 = CARTESIAN_POINT ( 'NONE',  ( 37.99999999999999289, -15.00000000000000000, 6.120000000000000107 ) ) ;
#506 = CYLINDRICAL_SURFACE ( 'NONE', #4230, 6.120000000000000107 ) ;
#507 = CARTESIAN_POINT ( 'NONE',  ( -42.24717609171507604, 0.07627636560252898379, -12.67742693743806370 ) ) ;
#508 = DIRECTION ( 'NONE',  ( 0.000000000000000000, 1.000000000000000000, 0.000000000000000000 ) ) ;
#509 = VERTEX_POINT ( 'NONE', #1715 ) ;
#510 = CIRCLE ( 'NONE', #278, 5.499999999999980460 ) ;
#511 = FACE_OUTER_BOUND ( 'NONE', #2033, .T. ) ;
#512 = EDGE_CURVE ( 'NONE', #4715, #3418, #4723, .T. ) ;
#513 = DIRECTION ( 'NONE',  ( 0.000000000000000000, 0.000000000000000000, -1.000000000000000000 ) ) ;
#514 = ORIENTED_EDGE ( 'NONE', *, *, #455, .F. ) ;
#515 = DIRECTION ( 'NONE',  ( -0.000000000000000000, -1.000000000000000000, -0.000000000000000000 ) ) ;
#516 = CARTESIAN_POINT ( 'NONE',  ( -38.53640708668584125, -0.5354963785446179569, -10.99959175981098092 ) ) ;
#517 = DIRECTION ( 'NONE',  ( 0.000000000000000000, 0.000000000000000000, -1.000000000000000000 ) ) ;
#518 = EDGE_CURVE ( 'NONE', #3284, #568, #3605, .T. ) ;
#519 = VERTEX_POINT ( 'NONE', #283 ) ;
#520 = CARTESIAN_POINT ( 'NONE',  ( -116.1124661822436366, -2.901448407077567015, 10.30197549226590326 ) ) ;
#521 = ORIENTED_EDGE ( 'NONE', *, *, #4401, .F. ) ;
#522 = CARTESIAN_POINT ( 'NONE',  ( -105.0000000000000426, 35.00000000000000000, 17.19615242270664623 ) ) ;
#523 = EDGE_CURVE ( 'NONE', #4637, #1908, #1982, .T. ) ;
#524 = ORIENTED_EDGE ( 'NONE', *, *, #291, .T. ) ;
#525 = CARTESIAN_POINT ( 'NONE',  ( -123.4427928344476300, 0.1047063810656871374, -12.78687808250977831 ) ) ;
#526 = DIRECTION ( 'NONE',  ( 0.000000000000000000, 0.000000000000000000, 1.000000000000000000 ) ) ;
#527 = CIRCLE ( 'NONE', #603, 15.00000000000000000 ) ;
#528 = LINE ( 'NONE', #880, #991 ) ;
#529 = CARTESIAN_POINT ( 'NONE',  ( 150.0000000000000000, 35.00000000000000000, 11.99999999999997335 ) ) ;
#530 = ADVANCED_FACE ( 'NONE', ( #3672, #3177 ), #4654, .T. ) ;
#531 = DIRECTION ( 'NONE',  ( -0.000000000000000000, 1.000000000000000000, -0.000000000000000000 ) ) ;
#532 = ORIENTED_EDGE ( 'NONE', *, *, #2126, .T. ) ;
#533 = CARTESIAN_POINT ( 'NONE',  ( 115.0522296864671858, 0.04927579711497059173, -12.55580258591898968 ) ) ;
#534 = DIRECTION ( 'NONE',  ( -0.000000000000000000, -1.000000000000000000, -0.000000000000000000 ) ) ;
#535 = CARTESIAN_POINT ( 'NONE',  ( 120.0000000000000000, 0.000000000000000000, 0.000000000000000000 ) ) ;
#536 = ORIENTED_EDGE ( 'NONE', *, *, #2898, .F. ) ;
#537 = ADVANCED_FACE ( 'NONE', ( #1339 ), #4705, .T. ) ;
#538 =( BOUNDED_SURFACE ( )  B_SPLINE_SURFACE ( 3, 2, ( 
 ( #4207, #2358, #844 ),
 ( #126, #104, #4546 ),
 ( #1191, #1905, #3111 ),
 ( #2338, #3777, #4141 ),
 ( #4524, #4159, #3822 ),
 ( #4588, #1231, #1272 ),
 ( #3433, #4229, #451 ),
 ( #3453, #3756, #144 ),
 ( #2663, #1924, #2313 ),
 ( #1569, #1636, #2706 ),
 ( #3407, #516, #428 ),
 ( #1613, #3089, #473 ),
 ( #83, #1948, #4567 ),
 ( #3023, #3048, #1252 ),
 ( #1590, #3068, #3386 ),
 ( #2727, #4182, #62 ),
 ( #1993, #3840, #1547 ),
 ( #864, #2751, #2847 ),
 ( #3228, #1705, #4708 ),
 ( #1730, #2796, #2477 ),
 ( #960, #4347, #4656 ),
 ( #3178, #3912, #540 ) ),
 .UNSPECIFIED., .F., .F., .F. ) 
 B_SPLINE_SURFACE_WITH_KNOTS ( ( 4, 2, 2, 2, 2, 2, 2, 2, 2, 2, 4 ),
 ( 3, 3 ),
 ( -8.673617379884035472E-19, 0.001887074150390712557, 0.003774148300781425980, 0.004717685375976782801, 0.005661222451172139188, 0.007548296601562852828, 0.008491833676758209215, 0.009435370751953567336, 0.01132244490234428011, 0.01320951905273499288, 0.01509659320312570566 ),
 ( 0.000000000000000000, 1.000000000000000000 ),
 .UNSPECIFIED. ) 
 GEOMETRIC_REPRESENTATION_ITEM ( )  RATIONAL_B_SPLINE_SURFACE ( (
 ( 1.000000000000000000, 0.7071067811865476838, 1.000000000000000000),
 ( 1.000000000000000000, 0.7237121247995749185, 1.000000000000000000),
 ( 1.000000000000000000, 0.7389568843893142835, 1.000000000000000000),
 ( 1.000000000000000000, 0.7658791681117732564, 1.000000000000000000),
 ( 1.000000000000000000, 0.7775609741731777103, 1.000000000000000000),
 ( 1.000000000000000000, 0.7919178414669492128, 1.000000000000000000),
 ( 1.000000000000000000, 0.7961889419892758113, 1.000000000000000000),
 ( 1.000000000000000000, 0.8035279549140272870, 1.000000000000000000),
 ( 1.000000000000000000, 0.8065943441576466366, 1.000000000000000000),
 ( 1.000000000000000000, 0.8139739996312159720, 1.000000000000000000),
 ( 1.000000000000000000, 0.8164699156434035432, 1.000000000000000000),
 ( 1.000000000000000000, 0.8165095951493787085, 1.000000000000000000),
 ( 1.000000000000000000, 0.8159049651371664824, 1.000000000000000000),
 ( 1.000000000000000000, 0.8134420739528732680, 1.000000000000000000),
 ( 1.000000000000000000, 0.8115719170268568261, 1.000000000000000000),
 ( 1.000000000000000000, 0.8041602593826866485, 1.000000000000000000),
 ( 1.000000000000000000, 0.7968347466228965503, 1.000000000000000000),
 ( 1.000000000000000000, 0.7778762307524466069, 1.000000000000000000),
 ( 1.000000000000000000, 0.7662376414144381753, 1.000000000000000000),
 ( 1.000000000000000000, 0.7391200073973248630, 1.000000000000000000),
 ( 1.000000000000000000, 0.7236610937099392515, 1.000000000000000000),
 ( 1.000000000000000000, 0.7071067811865477948, 1.000000000000000000) ) ) 
 REPRESENTATION_ITEM ( '' )  SURFACE ( )  );
#539 = CARTESIAN_POINT ( 'NONE',  ( -75.00000000000001421, -40.00000000000000000, 18.00000000000001421 ) ) ;
#540 = CARTESIAN_POINT ( 'NONE',  ( -30.78889744907201376, 2.602085213965210642E-15, -11.99999999999999822 ) ) ;
#541 = VECTOR ( 'NONE', #1651, 1000.000000000000000 ) ;
#542 = ORIENTED_EDGE ( 'NONE', *, *, #2669, .T. ) ;
#543 = CARTESIAN_POINT ( 'NONE',  ( -150.0000000000000000, 0.000000000000000000, 12.00000000000002132 ) ) ;
#544 = AXIS2_PLACEMENT_3D ( 'NONE', #2096, #232, #3582 ) ;
#545 = VERTEX_POINT ( 'NONE', #2896 ) ;
#546 = VECTOR ( 'NONE', #2673, 1000.000000000000000 ) ;
#547 = CARTESIAN_POINT ( 'NONE',  ( -119.4978475269846996, -2.657015898887122418, 10.99964075997784185 ) ) ;
#548 = VERTEX_POINT ( 'NONE', #2926 ) ;
#549 = LINE ( 'NONE', #1257, #2924 ) ;
#550 = VECTOR ( 'NONE', #3755, 1000.000000000000000 ) ;
#551 = ORIENTED_EDGE ( 'NONE', *, *, #4486, .F. ) ;
#552 =( BOUNDED_SURFACE ( )  B_SPLINE_SURFACE ( 3, 2, ( 
 ( #3619, #2927, #349 ),
 ( #3644, #772, #3308 ),
 ( #5, #1804, #296 ),
 ( #4403, #1089, #400 ) ),
 .UNSPECIFIED., .F., .F., .F. ) 
 B_SPLINE_SURFACE_WITH_KNOTS ( ( 4, 4 ),
 ( 3, 3 ),
 ( 0.004832593350435814526, 0.006041975712232590390 ),
 ( 0.000000000000000000, 1.000000000000000000 ),
 .UNSPECIFIED. ) 
 GEOMETRIC_REPRESENTATION_ITEM ( )  RATIONAL_B_SPLINE_SURFACE ( (
 ( 1.000000000000000000, 0.7661571503287073481, 1.000000000000000000),
 ( 1.000000000000000000, 0.7479167539199451653, 1.000000000000000000),
 ( 1.000000000000000000, 0.7282265116183936904, 1.000000000000000000),
 ( 1.000000000000000000, 0.7071067811865472397, 1.000000000000000000) ) ) 
 REPRESENTATION_ITEM ( '' )  SURFACE ( )  );
#553 = CARTESIAN_POINT ( 'NONE',  ( 120.0000000000000000, -11.41999999999999993, -2.750000000000002665 ) ) ;
#554 = CARTESIAN_POINT ( 'NONE',  ( -37.75316324774109233, -2.656854249492358822, -11.00000000000004263 ) ) ;
#555 = DIRECTION ( 'NONE',  ( 0.000000000000000000, -0.000000000000000000, -1.000000000000000000 ) ) ;
#556 = DIRECTION ( 'NONE',  ( -0.000000000000000000, -1.000000000000000000, -0.000000000000000000 ) ) ;
#557 = AXIS2_PLACEMENT_3D ( 'NONE', #3476, #4504, #3794 ) ;
#558 = ORIENTED_EDGE ( 'NONE', *, *, #959, .F. ) ;
#559 = DIRECTION ( 'NONE',  ( 0.000000000000000000, 0.000000000000000000, -1.000000000000000000 ) ) ;
#560 = CONICAL_SURFACE ( 'NONE', #1196, 9.000000000000063949, 0.7853981633974457255 ) ;
#561 = DIRECTION ( 'NONE',  ( -0.000000000000000000, 1.000000000000000000, -0.000000000000000000 ) ) ;
#562 = EDGE_CURVE ( 'NONE', #1216, #91, #1183, .T. ) ;
#563 = ORIENTED_EDGE ( 'NONE', *, *, #4475, .T. ) ;
#564 = DIRECTION ( 'NONE',  ( 0.000000000000000000, 0.000000000000000000, -1.000000000000000000 ) ) ;
#565 = CARTESIAN_POINT ( 'NONE',  ( -120.0000000000000000, -15.00000000000000000, 0.000000000000000000 ) ) ;
#566 = EDGE_LOOP ( 'NONE', ( #4255, #2137, #3231, #3108, #101, #2528 ) ) ;
#567 = CARTESIAN_POINT ( 'NONE',  ( 79.99999999999998579, -40.00000000000000711, 27.00000000000002132 ) ) ;
#568 = VERTEX_POINT ( 'NONE', #2819 ) ;
#569 = CARTESIAN_POINT ( 'NONE',  ( 36.02654604924560289, -2.728271098083901336, 10.83299564084954270 ) ) ;
#570 = VERTEX_POINT ( 'NONE', #1032 ) ;
#571 = PLANE ( 'NONE',  #1222 ) ;
#572 = ADVANCED_FACE ( 'NONE', ( #1088 ), #889, .F. ) ;
#573 = EDGE_LOOP ( 'NONE', ( #3229, #1479, #2733, #1093, #4167, #2360 ) ) ;
#574 = CARTESIAN_POINT ( 'NONE',  ( -37.99999999999823075, -2.656854249492379694, 11.00000000000000000 ) ) ;
#575 = FACE_OUTER_BOUND ( 'NONE', #1067, .T. ) ;
#576 = AXIS2_PLACEMENT_3D ( 'NONE', #4465, #2200, #782 ) ;
#577 = ORIENTED_EDGE ( 'NONE', *, *, #689, .F. ) ;
#578 = CARTESIAN_POINT ( 'NONE',  ( 38.24683675225888635, -2.656854249492364595, -11.00000000000003020 ) ) ;
#579 = CARTESIAN_POINT ( 'NONE',  ( -120.0000000000000000, -2.999999999999999112, 0.000000000000000000 ) ) ;
#580 = EDGE_CURVE ( 'NONE', #1811, #483, #3307, .T. ) ;
#581 = FACE_OUTER_BOUND ( 'NONE', #262, .T. ) ;
#582 = DIRECTION ( 'NONE',  ( 0.000000000000000000, -1.000000000000000000, 0.000000000000000000 ) ) ;
#583 = CARTESIAN_POINT ( 'NONE',  ( 115.7528239082849524, 0.07627636560252767928, -12.67742693743808147 ) ) ;
#584 = CARTESIAN_POINT ( 'NONE',  ( -120.0000000000000000, -15.00000000000000000, 0.000000000000000000 ) ) ;
#585 = ADVANCED_FACE ( 'NONE', ( #2976 ), #836, .T. ) ;
#586 = CARTESIAN_POINT ( 'NONE',  ( -36.73454425536730383, 0.1636925878662230105, 12.97844714232319419 ) ) ;
#587 = AXIS2_PLACEMENT_3D ( 'NONE', #851, #480, #1955 ) ;
#588 = EDGE_LOOP ( 'NONE', ( #179, #3973 ) ) ;
#589 = CARTESIAN_POINT ( 'NONE',  ( 123.5924653080416817, -0.4354054784954544122, 10.41097043727871529 ) ) ;
#590 = EDGE_CURVE ( 'NONE', #2466, #1902, #3330, .T. ) ;
#591 = ORIENTED_EDGE ( 'NONE', *, *, #3772, .F. ) ;
#592 = CARTESIAN_POINT ( 'NONE',  ( 116.1234084029668310, -2.900477069121941476, 10.30627392473357951 ) ) ;
#593 = CARTESIAN_POINT ( 'NONE',  ( 32.68199282246960991, -0.1371807331379108763, 9.637608743006291334 ) ) ;
#594 = DIRECTION ( 'NONE',  ( 0.000000000000000000, 1.000000000000000000, 0.000000000000000000 ) ) ;
#595 = CONICAL_SURFACE ( 'NONE', #4688, 8.999999999999980460, 0.7853981633974457255 ) ;
#596 = ORIENTED_EDGE ( 'NONE', *, *, #303, .T. ) ;
#597 = EDGE_CURVE ( 'NONE', #4246, #996, #3893, .T. ) ;
#598 = CARTESIAN_POINT ( 'NONE',  ( -121.2654557446348775, 0.1636925878661318057, -12.97844714232289576 ) ) ;
#599 = DIRECTION ( 'NONE',  ( -6.608470384673549052E-16, 0.000000000000000000, -1.000000000000000000 ) ) ;
#600 = ORIENTED_EDGE ( 'NONE', *, *, #743, .T. ) ;
#601 = DIRECTION ( 'NONE',  ( 0.000000000000000000, 1.000000000000000000, 0.000000000000000000 ) ) ;
#602 = CARTESIAN_POINT ( 'NONE',  ( -120.4942267581356816, -2.660622408229044389, 10.99170142825162522 ) ) ;
#603 = AXIS2_PLACEMENT_3D ( 'NONE', #3351, #4421, #1820 ) ;
#604 = ORIENTED_EDGE ( 'NONE', *, *, #1039, .T. ) ;
#605 = CARTESIAN_POINT ( 'NONE',  ( 118.7345442553694994, 0.1636925878661937561, -12.97844714232312313 ) ) ;
#606 = CARTESIAN_POINT ( 'NONE',  ( 124.8413016939650078, 0.05309304788855311735, -12.57610250751163505 ) ) ;
#607 = CC_DESIGN_PERSON_AND_ORGANIZATION_ASSIGNMENT ( #3725, #4398, ( #2984 ) ) ;
#608 = EDGE_CURVE ( 'NONE', #3587, #1218, #4137, .T. ) ;
#609 = CARTESIAN_POINT ( 'NONE',  ( -90.00000000000002842, 28.15000000000000213, 27.00000000000002132 ) ) ;
#610 = ADVANCED_FACE ( 'NONE', ( #4454 ), #3402, .T. ) ;
#611 = CARTESIAN_POINT ( 'NONE',  ( -106.0445743489837014, -3.044535815640960113E-10, 1.350254747140750666 ) ) ;
#612 = EDGE_CURVE ( 'NONE', #2379, #1852, #1493, .T. ) ;
#613 = CARTESIAN_POINT ( 'NONE',  ( -32.76382209582958183, -2.999999996255028112, 9.686782013176999939 ) ) ;
#614 = ORIENTED_EDGE ( 'NONE', *, *, #1662, .T. ) ;
#615 = CARTESIAN_POINT ( 'NONE',  ( 125.6658662900148471, 5.204170427930421283E-15, 9.428571428571414614 ) ) ;
#616 = ORIENTED_EDGE ( 'NONE', *, *, #4773, .F. ) ;
#617 = DIRECTION ( 'NONE',  ( -0.000000000000000000, 1.000000000000000000, -0.000000000000000000 ) ) ;
#618 = CARTESIAN_POINT ( 'NONE',  ( -119.4635929133184646, -0.5354963785439346147, 10.99959175981042492 ) ) ;
#619 = AXIS2_PLACEMENT_3D ( 'NONE', #4109, #3834, #3603 ) ;
#620 = DIRECTION ( 'NONE',  ( 0.000000000000000000, -1.000000000000000000, 0.000000000000000000 ) ) ;
#621 = ADVANCED_FACE ( 'NONE', ( #745 ), #2772, .T. ) ;
#622 = ADVANCED_FACE ( 'NONE', ( #1140 ), #2678, .F. ) ;
#623 = AXIS2_PLACEMENT_3D ( 'NONE', #4423, #1179, #1136 ) ;
#624 = VERTEX_POINT ( 'NONE', #771 ) ;
#625 = DIRECTION ( 'NONE',  ( 5.782411586589351722E-16, -0.000000000000000000, 1.000000000000000000 ) ) ;
#626 = CARTESIAN_POINT ( 'NONE',  ( -123.8875338177600582, -2.901448407077837466, -10.30197549226430809 ) ) ;
#627 = PLANE ( 'NONE',  #2011 ) ;
#628 = VERTEX_POINT ( 'NONE', #3727 ) ;
#629 = CARTESIAN_POINT ( 'NONE',  ( 150.0000000000000000, 32.00000000000000000, 14.99999999999997868 ) ) ;
#630 = CARTESIAN_POINT ( 'NONE',  ( 39.04920832558022425, -0.5309853086720448534, -10.95325125500927399 ) ) ;
#631 = ORIENTED_EDGE ( 'NONE', *, *, #4098, .F. ) ;
#632 = CIRCLE ( 'NONE', #2018, 5.500000000000007994 ) ;
#633 = CARTESIAN_POINT ( 'NONE',  ( 124.9311955946965043, 0.04985358730798181148, -12.55905905216651419 ) ) ;
#634 = DIRECTION ( 'NONE',  ( -0.000000000000000000, 1.000000000000000000, -0.000000000000000000 ) ) ;
#635 = AXIS2_PLACEMENT_3D ( 'NONE', #4780, #2209, #2280 ) ;
#636 = PERSON_AND_ORGANIZATION ( #4433, #3123 ) ;
#637 = VECTOR ( 'NONE', #3006, 1000.000000000000000 ) ;
#638 = DIRECTION ( 'NONE',  ( 0.000000000000000000, 0.000000000000000000, -1.000000000000000000 ) ) ;
#639 = CARTESIAN_POINT ( 'NONE',  ( -106.9154095571133496, -5.394140243330184665E-10, 5.034656040681293021 ) ) ;
#640 = AXIS2_PLACEMENT_3D ( 'NONE', #3882, #561, #241 ) ;
#641 = DIRECTION ( 'NONE',  ( 0.000000000000000000, 1.000000000000000000, 0.000000000000000000 ) ) ;
#642 = ORIENTED_EDGE ( 'NONE', *, *, #1473, .F. ) ;
#643 = DIRECTION ( 'NONE',  ( -0.000000000000000000, 1.000000000000000000, -0.000000000000000000 ) ) ;
#644 = EDGE_LOOP ( 'NONE', ( #3146, #3583, #4749, #35 ) ) ;
#645 = CARTESIAN_POINT ( 'NONE',  ( 119.0098731491425639, -2.675442446450993828, 10.95816632450418204 ) ) ;
#646 = CARTESIAN_POINT ( 'NONE',  ( 37.99999999999999289, -2.999999999999999112, 0.000000000000000000 ) ) ;
#647 = CARTESIAN_POINT ( 'NONE',  ( -118.0206088224568504, -2.728715950832917070, -10.83188643958926356 ) ) ;
#648 = CC_DESIGN_SECURITY_CLASSIFICATION ( #813, ( #2984 ) ) ;
#649 = ORIENTED_EDGE ( 'NONE', *, *, #1611, .T. ) ;
#650 = DIRECTION ( 'NONE',  ( -0.000000000000000000, -1.000000000000000000, -0.000000000000000000 ) ) ;
#651 = CYLINDRICAL_SURFACE ( 'NONE', #3347, 5.499999999999994671 ) ;
#652 = DIRECTION ( 'NONE',  ( -0.5150787536377098297, 0.000000000000000000, 0.8571428571428588716 ) ) ;
#653 = ORIENTED_EDGE ( 'NONE', *, *, #2538, .T. ) ;
#654 = DIRECTION ( 'NONE',  ( -0.000000000000000000, -1.000000000000000000, -0.000000000000000000 ) ) ;
#655 = EDGE_CURVE ( 'NONE', #2600, #3362, #1083, .T. ) ;
#656 = CARTESIAN_POINT ( 'NONE',  ( 61.99999999999997158, -3.000000000000002665, 0.000000000000000000 ) ) ;
#657 = B_SPLINE_CURVE_WITH_KNOTS ( 'NONE', 3,
 ( #206, #1049, #3995, #4310, #3900, #995, #261, #307, #2810, #3944, #1765, #3534, #2514, #4641, #1376, #970 ),
 .UNSPECIFIED., .F., .F.,
 ( 4, 2, 2, 2, 2, 2, 2, 4 ),
 ( 0.000000000000000000, 0.001830530536321567803, 0.003661061072643135607, 0.007322122145286313714, 0.009152652681607923585, 0.01098318321792953259, 0.01281371375425114333, 0.01464424429057275406 ),
 .UNSPECIFIED. ) ;
#658 = DIRECTION ( 'NONE',  ( 0.000000000000000000, 0.000000000000000000, -1.000000000000000000 ) ) ;
#659 = ORIENTED_EDGE ( 'NONE', *, *, #1720, .F. ) ;
#660 = CARTESIAN_POINT ( 'NONE',  ( 125.6658662900148329, -2.999999999999997335, -9.428571428571441260 ) ) ;
#661 = DIRECTION ( 'NONE',  ( 1.000000000000000000, 0.000000000000000000, 0.000000000000000000 ) ) ;
#662 = CARTESIAN_POINT ( 'NONE',  ( -41.41842058021364892, -2.855187496743228692, -10.46713792506248275 ) ) ;
#663 = CARTESIAN_POINT ( 'NONE',  ( -104.3127616523391055, -2.769753065089399335, 1.475735932695681596 ) ) ;
#664 = EDGE_CURVE ( 'NONE', #2752, #4246, #4626, .T. ) ;
#665 = ORIENTED_EDGE ( 'NONE', *, *, #597, .T. ) ;
#666 = CARTESIAN_POINT ( 'NONE',  ( -105.0000000000000284, -2.942689283625552044, 6.000000000000017764 ) ) ;
#667 = ORIENTED_EDGE ( 'NONE', *, *, #3020, .T. ) ;
#668 = CARTESIAN_POINT ( 'NONE',  ( 121.9739482146970886, -2.731395220154237080, 10.82430589055446291 ) ) ;
#669 = ORIENTED_EDGE ( 'NONE', *, *, #829, .T. ) ;
#670 = CARTESIAN_POINT ( 'NONE',  ( 34.58157941978635819, -2.855187496743231357, -10.46713792506248453 ) ) ;
#671 = CARTESIAN_POINT ( 'NONE',  ( -127.2111025509279330, 3.035766082959412415E-15, 12.00000000000001599 ) ) ;
#672 = AXIS2_PLACEMENT_3D ( 'NONE', #1279, #110, #1235 ) ;
#673 = CARTESIAN_POINT ( 'NONE',  ( -114.7632352466722239, -2.999999999999996447, -9.686429360722380366 ) ) ;
#674 = ADVANCED_FACE ( 'NONE', ( #4498 ), #1185, .F. ) ;
#675 = EDGE_LOOP ( 'NONE', ( #3988, #781, #1291, #4288 ) ) ;
#676 = CARTESIAN_POINT ( 'NONE',  ( -37.99999999999999289, -11.41999999999999993, 6.120000000000000107 ) ) ;
#677 = CARTESIAN_POINT ( 'NONE',  ( 118.0306830329663939, -2.728019188059071176, -10.83360520985086595 ) ) ;
#678 = CARTESIAN_POINT ( 'NONE',  ( -75.00000000000002842, -40.00000000000000000, 4.956352788505163307E-14 ) ) ;
#679 = EDGE_CURVE ( 'NONE', #2909, #4389, #3750, .T. ) ;
#680 = ORIENTED_EDGE ( 'NONE', *, *, #2425, .F. ) ;
#681 = CARTESIAN_POINT ( 'NONE',  ( 43.23676475332769087, -2.999999999999998668, -9.686429360722396353 ) ) ;
#682 = FACE_BOUND ( 'NONE', #3729, .T. ) ;
#683 = TOROIDAL_SURFACE ( 'NONE', #2303, 13.99999999999999112, 3.000000000000000000 ) ;
#684 = AXIS2_PLACEMENT_3D ( 'NONE', #4514, #1648, #3830 ) ;
#685 = CARTESIAN_POINT ( 'NONE',  ( -120.0000000000000000, -11.00000000000000000, 0.000000000000000000 ) ) ;
#686 = ORIENTED_EDGE ( 'NONE', *, *, #2317, .F. ) ;
#687 = LINE ( 'NONE', #4755, #3188 ) ;
#688 = CARTESIAN_POINT ( 'NONE',  ( 38.00000000000175504, -2.656854249492377917, 10.99999999999999289 ) ) ;
#689 = EDGE_CURVE ( 'NONE', #2399, #4298, #3394, .T. ) ;
#690 = CARTESIAN_POINT ( 'NONE',  ( -37.99999999999999289, -15.00000000000000000, 0.000000000000000000 ) ) ;
#691 = CARTESIAN_POINT ( 'NONE',  ( -105.0000000000000142, -2.881531803398429403, 5.425370075341183984 ) ) ;
#692 = CARTESIAN_POINT ( 'NONE',  ( -105.0000000000000284, -2.978422028221246354, 6.402889876327197527 ) ) ;
#693 = ORIENTED_EDGE ( 'NONE', *, *, #2693, .F. ) ;
#694 = CARTESIAN_POINT ( 'NONE',  ( 114.7623090105042536, -2.999999996512782818, 9.685872762056243701 ) ) ;
#695 = ORIENTED_EDGE ( 'NONE', *, *, #1193, .F. ) ;
#696 = CARTESIAN_POINT ( 'NONE',  ( 79.99999999999998579, 28.15000000000000213, 27.00000000000002132 ) ) ;
#697 = CARTESIAN_POINT ( 'NONE',  ( -122.1000367926487087, -0.5140780408426957049, 10.81138701189810725 ) ) ;
#698 = CARTESIAN_POINT ( 'NONE',  ( -124.8413016939649935, 0.05309304788855245122, 12.57610250751162972 ) ) ;
#699 = ORIENTED_EDGE ( 'NONE', *, *, #1138, .T. ) ;
#700 = CARTESIAN_POINT ( 'NONE',  ( -120.0000000000000000, -15.00000000000000000, 0.000000000000000000 ) ) ;
#701 = CARTESIAN_POINT ( 'NONE',  ( -119.3804231545642978, 0.1697642401667888989, -12.99493259691817393 ) ) ;
#702 = ORIENTED_EDGE ( 'NONE', *, *, #1529, .T. ) ;
#703 = CARTESIAN_POINT ( 'NONE',  ( -107.6364509000232630, 35.00000000000001421, 12.36354969021542871 ) ) ;
#704 = CARTESIAN_POINT ( 'NONE',  ( 117.5673533287987595, 0.1379709524836460477, -12.90030929811992344 ) ) ;
#705 = CIRCLE ( 'NONE', #227, 2.999999999999999112 ) ;
#706 = CARTESIAN_POINT ( 'NONE',  ( 33.05222968646936010, 0.04927579711511855670, -12.55580258592000398 ) ) ;
#707 = AXIS2_PLACEMENT_3D ( 'NONE', #1389, #3568, #4400 ) ;
#708 = CARTESIAN_POINT ( 'NONE',  ( 30.78889744907201020, 0.000000000000000000, 11.99999999999999645 ) ) ;
#709 = AXIS2_PLACEMENT_3D ( 'NONE', #4364, #2518, #4722 ) ;
#710 = FACE_OUTER_BOUND ( 'NONE', #1686, .T. ) ;
#711 = CARTESIAN_POINT ( 'NONE',  ( 120.4868103785527182, -2.660471519800009066, -10.99203693796835957 ) ) ;
#712 = CARTESIAN_POINT ( 'NONE',  ( 37.99999999999999289, -11.00000000000000000, 0.000000000000000000 ) ) ;
#713 = AXIS2_PLACEMENT_3D ( 'NONE', #1932, #3076, #69 ) ;
#714 = CARTESIAN_POINT ( 'NONE',  ( -124.8463792762404125, 0.05291308388839666144, -12.57512725172561474 ) ) ;
#715 = CARTESIAN_POINT ( 'NONE',  ( -103.8257232951490749, -0.5058476077038228658, 0.1717148477655708327 ) ) ;
#716 = CIRCLE ( 'NONE', #242, 5.500000000000007994 ) ;
#717 = AXIS2_PLACEMENT_3D ( 'NONE', #3773, #75, #3044 ) ;
#718 = ADVANCED_FACE ( 'NONE', ( #347 ), #1825, .F. ) ;
#719 = CARTESIAN_POINT ( 'NONE',  ( -38.23917816331021413, -2.656775355115109871, 11.00017533018791482 ) ) ;
#720 = VERTEX_POINT ( 'NONE', #834 ) ;
#721 = CARTESIAN_POINT ( 'NONE',  ( 114.3341337099851103, -2.999999999999997335, 9.428571428571414614 ) ) ;
#722 = EDGE_CURVE ( 'NONE', #77, #3009, #2302, .T. ) ;
#723 = VECTOR ( 'NONE', #289, 1000.000000000000000 ) ;
#724 = ORIENTED_EDGE ( 'NONE', *, *, #1255, .F. ) ;
#725 = CARTESIAN_POINT ( 'NONE',  ( 120.0000000000000000, -2.999999999999999112, 0.000000000000000000 ) ) ;
#726 = CARTESIAN_POINT ( 'NONE',  ( -121.3148781065137314, -0.5280151130886262534, 10.92458917757311809 ) ) ;
#727 = CARTESIAN_POINT ( 'NONE',  ( -120.0000000000000000, -15.00000000000000000, 0.000000000000000000 ) ) ;
#728 = AXIS2_PLACEMENT_3D ( 'NONE', #2874, #2776, #4299 ) ;
#729 = ORIENTED_EDGE ( 'NONE', *, *, #4152, .T. ) ;
#730 = DIRECTION ( 'NONE',  ( 0.000000000000000000, 0.000000000000000000, -1.000000000000000000 ) ) ;
#731 = DIRECTION ( 'NONE',  ( -1.000000000000000000, -0.000000000000000000, 1.387778780781445676E-16 ) ) ;
#732 = EDGE_CURVE ( 'NONE', #2115, #2388, #450, .T. ) ;
#733 = EDGE_LOOP ( 'NONE', ( #3257, #1743 ) ) ;
#734 = DIRECTION ( 'NONE',  ( 0.8571428571428576504, -5.956794706081424810E-16, -0.5150787536377121612 ) ) ;
#735 = CARTESIAN_POINT ( 'NONE',  ( 120.0000000000000000, -15.00000000000000000, 6.120000000000000107 ) ) ;
#736 = CARTESIAN_POINT ( 'NONE',  ( 38.30440857148595057, 0.1716123224431521654, -13.00011157373063675 ) ) ;
#737 = ORIENTED_EDGE ( 'NONE', *, *, #3905, .F. ) ;
#738 = CARTESIAN_POINT ( 'NONE',  ( -119.0120707957955659, -2.672347330525942422, 10.96673183072486246 ) ) ;
#739 = CARTESIAN_POINT ( 'NONE',  ( 79.99999999999998579, -40.00000000000000000, 27.00000000000002132 ) ) ;
#740 = CARTESIAN_POINT ( 'NONE',  ( -75.00000000000001421, 0.000000000000000000, 12.00000000000001066 ) ) ;
#741 = DIRECTION ( 'NONE',  ( 0.000000000000000000, 1.000000000000000000, 0.000000000000000000 ) ) ;
#742 = COORDINATED_UNIVERSAL_TIME_OFFSET ( 5, 30, .AHEAD. ) ;
#743 = EDGE_CURVE ( 'NONE', #1343, #2502, #3152, .T. ) ;
#744 = CYLINDRICAL_SURFACE ( 'NONE', #3025, 6.120000000000000107 ) ;
#745 = FACE_OUTER_BOUND ( 'NONE', #3199, .T. ) ;
#746 = VECTOR ( 'NONE', #4794, 1000.000000000000000 ) ;
#747 = EDGE_CURVE ( 'NONE', #2104, #2481, #1936, .T. ) ;
#748 = CARTESIAN_POINT ( 'NONE',  ( -38.30440857148595768, 0.1716123224432708205, 13.00011157373096538 ) ) ;
#749 = ORIENTED_EDGE ( 'NONE', *, *, #1193, .T. ) ;
#750 = CARTESIAN_POINT ( 'NONE',  ( 43.23484411618328949, -2.999999999999998668, 9.687583520006697313 ) ) ;
#751 = ORIENTED_EDGE ( 'NONE', *, *, #368, .F. ) ;
#752 = CARTESIAN_POINT ( 'NONE',  ( 33.15362072375960878, 0.05291308388839670307, -12.57512725172563606 ) ) ;
#753 = DIRECTION ( 'NONE',  ( 0.000000000000000000, 0.000000000000000000, -1.000000000000000000 ) ) ;
#754 = LINE ( 'NONE', #2169, #3350 ) ;
#755 = ORIENTED_EDGE ( 'NONE', *, *, #2250, .T. ) ;
#756 = TOROIDAL_SURFACE ( 'NONE', #1841, 13.99999999999999112, 3.000000000000000000 ) ;
#757 = ORIENTED_EDGE ( 'NONE', *, *, #380, .F. ) ;
#758 = CARTESIAN_POINT ( 'NONE',  ( 95.00000000000000000, 35.00000000000000000, 16.67617221341253853 ) ) ;
#759 = CARTESIAN_POINT ( 'NONE',  ( 37.99999999999999289, -9.347633297674212471, 0.000000000000000000 ) ) ;
#760 = ORIENTED_EDGE ( 'NONE', *, *, #4161, .F. ) ;
#761 = CARTESIAN_POINT ( 'NONE',  ( 79.99999999999998579, 35.00000000000000000, 27.00000000000002132 ) ) ;
#762 = DIRECTION ( 'NONE',  ( 0.000000000000000000, -1.000000000000000000, 0.000000000000000000 ) ) ;
#763 = ADVANCED_FACE ( 'NONE', ( #1871 ), #1559, .T. ) ;
#764 = ORIENTED_EDGE ( 'NONE', *, *, #2260, .T. ) ;
#765 = DIRECTION ( 'NONE',  ( 7.709882115452470278E-16, 0.000000000000000000, -1.000000000000000000 ) ) ;
#766 = FACE_OUTER_BOUND ( 'NONE', #3266, .T. ) ;
#767 = CARTESIAN_POINT ( 'NONE',  ( -31.37367036738457315, 6.384510839929286341E-17, -12.17570239512321706 ) ) ;
#768 = PERSON_AND_ORGANIZATION ( #4433, #3123 ) ;
#769 = AXIS2_PLACEMENT_3D ( 'NONE', #3559, #4363, #3195 ) ;
#770 = DIRECTION ( 'NONE',  ( -0.5150787536377122722, 0.000000000000000000, -0.8571428571428573173 ) ) ;
#771 = CARTESIAN_POINT ( 'NONE',  ( -37.99999999999999289, -15.00000000000000000, 8.999999999999980460 ) ) ;
#772 = CARTESIAN_POINT ( 'NONE',  ( -105.0000000000000284, -0.3193564067287358310, 6.586554376104669650 ) ) ;
#773 = VERTEX_POINT ( 'NONE', #1514 ) ;
#774 = CARTESIAN_POINT ( 'NONE',  ( 118.6851218934884145, -0.5280151130886984179, 10.92458917757312875 ) ) ;
#775 = EDGE_CURVE ( 'NONE', #3838, #1689, #3376, .T. ) ;
#776 = EDGE_LOOP ( 'NONE', ( #1551, #4690 ) ) ;
#777 = CARTESIAN_POINT ( 'NONE',  ( 33.75282390828493106, 0.07627636560252770703, -12.67742693743806903 ) ) ;
#778 = CIRCLE ( 'NONE', #3472, 2.999999999999999112 ) ;
#779 = DIRECTION ( 'NONE',  ( 0.000000000000000000, 0.000000000000000000, -1.000000000000000000 ) ) ;
#780 = CARTESIAN_POINT ( 'NONE',  ( 38.61097567183046664, 0.1715519580164990010, 12.99994083710984150 ) ) ;
#781 = ORIENTED_EDGE ( 'NONE', *, *, #1622, .F. ) ;
#782 = DIRECTION ( 'NONE',  ( 0.000000000000000000, 0.000000000000000000, -1.000000000000000000 ) ) ;
#783 = VERTEX_POINT ( 'NONE', #1582 ) ;
#784 = DIRECTION ( 'NONE',  ( 0.000000000000000000, 1.000000000000000000, 0.000000000000000000 ) ) ;
#785 = EDGE_CURVE ( 'NONE', #1785, #2427, #3540, .T. ) ;
#786 = ORIENTED_EDGE ( 'NONE', *, *, #2701, .T. ) ;
#787 = CARTESIAN_POINT ( 'NONE',  ( 37.99999999999999289, -15.00000000000000000, 0.000000000000000000 ) ) ;
#788 = FACE_OUTER_BOUND ( 'NONE', #2037, .T. ) ;
#789 = LINE ( 'NONE', #2281, #546 ) ;
#790 = AXIS2_PLACEMENT_3D ( 'NONE', #466, #3699, #793 ) ;
#791 = DIRECTION ( 'NONE',  ( -1.000000000000000000, 0.000000000000000000, 1.503427012513232897E-16 ) ) ;
#792 = CIRCLE ( 'NONE', #229, 10.74000000000000377 ) ;
#793 = DIRECTION ( 'NONE',  ( 0.000000000000000000, 0.000000000000000000, -1.000000000000000000 ) ) ;
#794 = DIRECTION ( 'NONE',  ( 1.503427012513232897E-16, -0.000000000000000000, 1.000000000000000000 ) ) ;
#795 = LINE ( 'NONE', #1186, #3040 ) ;
#796 = ORIENTED_EDGE ( 'NONE', *, *, #2728, .F. ) ;
#797 = DIRECTION ( 'NONE',  ( 0.000000000000000000, 0.000000000000000000, 1.000000000000000000 ) ) ;
#798 = AXIS2_PLACEMENT_3D ( 'NONE', #1693, #3899, #3533 ) ;
#799 = CARTESIAN_POINT ( 'NONE',  ( 40.43486385713043063, 0.1401118937165276301, -12.92148731006871110 ) ) ;
#800 = DIRECTION ( 'NONE',  ( -0.000000000000000000, -1.000000000000000000, -0.000000000000000000 ) ) ;
#801 = AXIS2_PLACEMENT_3D ( 'NONE', #202, #1016, #2065 ) ;
#802 = ADVANCED_FACE ( 'NONE', ( #72 ), #683, .F. ) ;
#803 = ORIENTED_EDGE ( 'NONE', *, *, #4107, .F. ) ;
#804 = CARTESIAN_POINT ( 'NONE',  ( 37.47958857664597332, -0.5347353838931679926, 10.99090798253907053 ) ) ;
#805 = AXIS2_PLACEMENT_3D ( 'NONE', #1059, #3667, #2131 ) ;
#806 = ORIENTED_EDGE ( 'NONE', *, *, #926, .F. ) ;
#807 = CARTESIAN_POINT ( 'NONE',  ( 120.0000000000000000, -11.00000000000000000, 2.750000000000002665 ) ) ;
#808 = EDGE_LOOP ( 'NONE', ( #1302, #2050, #1249, #3692 ) ) ;
#809 = DIRECTION ( 'NONE',  ( -0.000000000000000000, -1.000000000000000000, -0.000000000000000000 ) ) ;
#810 = DIRECTION ( 'NONE',  ( -0.000000000000000000, -1.000000000000000000, -0.000000000000000000 ) ) ;
#811 = DIRECTION ( 'NONE',  ( 0.000000000000000000, 0.000000000000000000, -1.000000000000000000 ) ) ;
#812 = EDGE_CURVE ( 'NONE', #4480, #3711, #1963, .T. ) ;
#813 = SECURITY_CLASSIFICATION ( '', '', #1872 ) ;
#814 = CARTESIAN_POINT ( 'NONE',  ( 37.99999999999999289, -15.00000000000000000, 0.000000000000000000 ) ) ;
#815 = EDGE_CURVE ( 'NONE', #3366, #968, #2536, .T. ) ;
#816 = DIRECTION ( 'NONE',  ( 0.000000000000000000, 0.000000000000000000, -1.000000000000000000 ) ) ;
#817 = CARTESIAN_POINT ( 'NONE',  ( 37.99999999999999289, -15.00000000000000000, 0.000000000000000000 ) ) ;
#818 = DIRECTION ( 'NONE',  ( 1.000000000000000000, 0.000000000000000000, 0.000000000000000000 ) ) ;
#819 = VERTEX_POINT ( 'NONE', #419 ) ;
#820 = EDGE_CURVE ( 'NONE', #4311, #1860, #856, .T. ) ;
#821 = DIRECTION ( 'NONE',  ( 0.000000000000000000, -0.000000000000000000, 1.000000000000000000 ) ) ;
#822 = AXIS2_PLACEMENT_3D ( 'NONE', #426, #1832, #1522 ) ;
#823 = DIRECTION ( 'NONE',  ( -0.000000000000000000, -1.000000000000000000, -0.000000000000000000 ) ) ;
#824 = EDGE_LOOP ( 'NONE', ( #3926, #3490, #4487, #4586 ) ) ;
#825 = CARTESIAN_POINT ( 'NONE',  ( 36.95079167442084156, -0.5309853086719088511, 10.95325125500954577 ) ) ;
#826 = VERTEX_POINT ( 'NONE', #3039 ) ;
#827 = CARTESIAN_POINT ( 'NONE',  ( -105.0000000000000568, 35.00000000000000000, 16.67617630846052279 ) ) ;
#828 = ORIENTED_EDGE ( 'NONE', *, *, #2434, .T. ) ;
#829 = EDGE_CURVE ( 'NONE', #1852, #1417, #917, .T. ) ;
#830 = CARTESIAN_POINT ( 'NONE',  ( -30.78889744907201020, 0.000000000000000000, -11.99999999999999645 ) ) ;
#831 = CARTESIAN_POINT ( 'NONE',  ( -34.58875105224182533, -2.854523621456059868, -10.46926973534801419 ) ) ;
#832 = DIRECTION ( 'NONE',  ( 1.503427012513232897E-16, -0.000000000000000000, 1.000000000000000000 ) ) ;
#833 = AXIS2_PLACEMENT_3D ( 'NONE', #1198, #2363, #2668 ) ;
#834 = CARTESIAN_POINT ( 'NONE',  ( 95.00000000000000000, 32.00000000000000000, 17.99999999999998579 ) ) ;
#835 = DIRECTION ( 'NONE',  ( -0.000000000000000000, 0.000000000000000000, 1.000000000000000000 ) ) ;
#836 = CYLINDRICAL_SURFACE ( 'NONE', #3028, 11.00000000000000711 ) ;
#837 = ADVANCED_FACE ( 'NONE', ( #3444 ), #1182, .F. ) ;
#838 = DIRECTION ( 'NONE',  ( -9.251858538542961967E-16, 0.000000000000000000, -1.000000000000000000 ) ) ;
#839 = ORIENTED_EDGE ( 'NONE', *, *, #2676, .T. ) ;
#840 = B_SPLINE_CURVE_WITH_KNOTS ( 'NONE', 3,
 ( #4273, #3661, #2770, #606, #2817, #339, #2842, #3858, #4675, #704, #216, #583, #2422, #3565, #1357, #4293 ),
 .UNSPECIFIED., .F., .F.,
 ( 4, 2, 2, 2, 2, 2, 2, 4 ),
 ( 0.000000000000000000, 0.001830530536321577778, 0.003661061072643155556, 0.007322122145286311112, 0.009152652681607888890, 0.01098318321792946667, 0.01281371375425104445, 0.01464424429057262222 ),
 .UNSPECIFIED. ) ;
#841 = AXIS2_PLACEMENT_3D ( 'NONE', #4085, #3061, #53 ) ;
#842 = FACE_OUTER_BOUND ( 'NONE', #2855, .T. ) ;
#843 = VECTOR ( 'NONE', #2390, 1000.000000000000114 ) ;
#844 = CARTESIAN_POINT ( 'NONE',  ( -45.21110255092797559, 2.602085213965210642E-15, -11.99999999999999645 ) ) ;
#845 = CARTESIAN_POINT ( 'NONE',  ( 40.51166866462826732, 0.1358644507031538662, -12.89372449892727701 ) ) ;
#846 = AXIS2_PLACEMENT_3D ( 'NONE', #3980, #661, #1748 ) ;
#847 = ORIENTED_EDGE ( 'NONE', *, *, #3543, .F. ) ;
#848 = APPLICATION_CONTEXT ( 'configuration controlled 3d designs of mechanical parts and assemblies' ) ;
#849 = CARTESIAN_POINT ( 'NONE',  ( 41.88753381775433127, -2.901448407077839242, 10.30197549226677367 ) ) ;
#850 = ORIENTED_EDGE ( 'NONE', *, *, #4236, .F. ) ;
#851 = CARTESIAN_POINT ( 'NONE',  ( 37.99999999999999289, -15.00000000000000000, 0.000000000000000000 ) ) ;
#852 = EDGE_LOOP ( 'NONE', ( #922, #2544, #99, #3296 ) ) ;
#853 = CARTESIAN_POINT ( 'NONE',  ( 120.0000000000000000, -11.41999999999999993, 0.000000000000000000 ) ) ;
#854 = CARTESIAN_POINT ( 'NONE',  ( 150.0000000000000000, 35.00000000000000000, 12.99999999999998046 ) ) ;
#855 = LINE ( 'NONE', #4601, #2440 ) ;
#856 = LINE ( 'NONE', #3399, #2769 ) ;
#857 = DIRECTION ( 'NONE',  ( 0.000000000000000000, 0.000000000000000000, -1.000000000000000000 ) ) ;
#859 = VERTEX_POINT ( 'NONE', #2655 ) ;
#858 = CIRCLE ( 'NONE', #1558, 10.74000000000000377 ) ;
#860 = DIRECTION ( 'NONE',  ( -0.000000000000000000, 1.000000000000000000, -0.000000000000000000 ) ) ;
#861 = FACE_OUTER_BOUND ( 'NONE', #1426, .T. ) ;
#862 = VERTEX_POINT ( 'NONE', #4134 ) ;
#863 = DIRECTION ( 'NONE',  ( -0.000000000000000000, -1.000000000000000000, -0.000000000000000000 ) ) ;
#864 = CARTESIAN_POINT ( 'NONE',  ( -34.59184132052819649, -2.854223916786892357, -10.47032075713573995 ) ) ;
#865 = EDGE_CURVE ( 'NONE', #483, #2224, #204, .T. ) ;
#866 = CYLINDRICAL_SURFACE ( 'NONE', #1724, 2.999999999999999112 ) ;
#867 = EDGE_LOOP ( 'NONE', ( #3033, #1187, #2345, #1452 ) ) ;
#868 = CIRCLE ( 'NONE', #946, 3.000000000000001332 ) ;
#869 = CARTESIAN_POINT ( 'NONE',  ( 40.60551785925635926, -0.4943164166440058294, 10.69115549662371478 ) ) ;
#870 = B_SPLINE_CURVE_WITH_KNOTS ( 'NONE', 3,
 ( #2062, #3989, #3232, #3551, #670, #1709, #3937, #3185, #3261, #4301 ),
 .UNSPECIFIED., .F., .F.,
 ( 4, 2, 2, 2, 4 ),
 ( 0.000000000000000000, 0.001485981294992207245, 0.002971962589984414489, 0.004457943884976622168, 0.005943925179968828978 ),
 .UNSPECIFIED. ) ;
#871 = ORIENTED_EDGE ( 'NONE', *, *, #113, .F. ) ;
#872 = FACE_OUTER_BOUND ( 'NONE', #2276, .T. ) ;
#873 = VECTOR ( 'NONE', #1460, 1000.000000000000000 ) ;
#874 = AXIS2_PLACEMENT_3D ( 'NONE', #3908, #534, #3201 ) ;
#875 = EDGE_LOOP ( 'NONE', ( #3525, #1129, #1267, #2385 ) ) ;
#876 = EDGE_CURVE ( 'NONE', #1811, #2807, #2921, .T. ) ;
#877 = AXIS2_PLACEMENT_3D ( 'NONE', #3493, #931, #2471 ) ;
#878 = CARTESIAN_POINT ( 'NONE',  ( -120.0000000000000000, -11.41999999999999993, 2.750000000000002665 ) ) ;
#879 = CARTESIAN_POINT ( 'NONE',  ( 120.0000000000000000, -13.00000000000004619, 0.000000000000000000 ) ) ;
#880 = CARTESIAN_POINT ( 'NONE',  ( -120.0000000000000000, -15.00000000000000000, 6.120000000000000107 ) ) ;
#881 = CARTESIAN_POINT ( 'NONE',  ( 121.9693169670336204, -2.728019188059061406, 10.83360520985086062 ) ) ;
#882 = B_SPLINE_CURVE_WITH_KNOTS ( 'NONE', 3,
 ( #4716, #758, #1453, #1401, #2937, #2227, #1861, #2882, #1047, #3993, #478, #4488 ),
 .UNSPECIFIED., .F., .F.,
 ( 4, 2, 2, 2, 2, 4 ),
 ( 0.000000000000000000, 0.001535610370485613295, 0.003071220740971226590, 0.004606831111456839885, 0.005374636296699659976, 0.006142441481942480068 ),
 .UNSPECIFIED. ) ;
#883 = DIRECTION ( 'NONE',  ( 0.000000000000000000, 1.000000000000000000, 0.000000000000000000 ) ) ;
#884 = ORIENTED_EDGE ( 'NONE', *, *, #1931, .F. ) ;
#885 = CARTESIAN_POINT ( 'NONE',  ( -37.99999999999999289, -12.99999999999996980, 11.00000000000000000 ) ) ;
#886 = CARTESIAN_POINT ( 'NONE',  ( 120.9901268508574361, -2.675442446451005818, -10.95816632450418204 ) ) ;
#887 = EDGE_CURVE ( 'NONE', #4349, #3523, #446, .T. ) ;
#888 = EDGE_LOOP ( 'NONE', ( #4694, #4336, #3654, #2530 ) ) ;
#889 =( BOUNDED_SURFACE ( )  B_SPLINE_SURFACE ( 3, 2, ( 
 ( #1061, #2475, #981 ),
 ( #691, #1728, #2450 ),
 ( #3253, #3956, #639 ),
 ( #3641, #4322, #4346 ),
 ( #4732, #3204, #3282 ),
 ( #1362, #4033, #3982 ),
 ( #3226, #2188, #2870 ),
 ( #2844, #4759, #611 ),
 ( #663, #1005, #2501 ),
 ( #3592, #2134, #271 ),
 ( #3616, #715, #1415 ),
 ( #4372, #2526, #4006 ),
 ( #2160, #3931, #321 ),
 ( #1801, #2080, #2214 ) ),
 .UNSPECIFIED., .F., .F., .T. ) 
 B_SPLINE_SURFACE_WITH_KNOTS ( ( 4, 2, 2, 2, 2, 2, 4 ),
 ( 3, 3 ),
 ( 0.005340092405435765098, 0.007429418657228124487, 0.008474081783124302880, 0.009518744909020483008, 0.01160807116081284326, 0.01265273428670902339, 0.01369739741260520179 ),
 ( 0.000000000000000000, 1.000000000000000000 ),
 .UNSPECIFIED. ) 
 GEOMETRIC_REPRESENTATION_ITEM ( )  RATIONAL_B_SPLINE_SURFACE ( (
 ( 1.000000000000000000, 0.7661571503287075702, 1.000000000000000000),
 ( 1.000000000000000000, 0.7985869016617233029, 1.000000000000000000),
 ( 1.000000000000000000, 0.8243437428816423607, 1.000000000000000000),
 ( 1.000000000000000000, 0.8477117353443192060, 1.000000000000000000),
 ( 1.000000000000000000, 0.8529667810724612664, 1.000000000000000000),
 ( 1.000000000000000000, 0.8577800281386722681, 1.000000000000000000),
 ( 1.000000000000000000, 0.8573604980002536013, 1.000000000000000000),
 ( 1.000000000000000000, 0.8479210639632699387, 1.000000000000000000),
 ( 1.000000000000000000, 0.8306128273330918299, 1.000000000000000000),
 ( 1.000000000000000000, 0.7920922480828660461, 1.000000000000000000),
 ( 1.000000000000000000, 0.7771896638561179849, 1.000000000000000000),
 ( 1.000000000000000000, 0.7442007523953506620, 1.000000000000000000),
 ( 1.000000000000000000, 0.7260652899455215525, 1.000000000000000000),
 ( 1.000000000000000000, 0.7071067811865456854, 1.000000000000000000) ) ) 
 REPRESENTATION_ITEM ( '' )  SURFACE ( )  );
#890 = CARTESIAN_POINT ( 'NONE',  ( 120.0000000000000000, -15.00000000000000000, -9.000000000000063949 ) ) ;
#891 = EDGE_CURVE ( 'NONE', #4009, #2070, #3138, .T. ) ;
#892 = CARTESIAN_POINT ( 'NONE',  ( -108.0000000000000426, 3.000000000000002665, 15.00000000000001421 ) ) ;
#893 = CARTESIAN_POINT ( 'NONE',  ( 40.60859800052137558, -0.4981258624552981074, -10.69889109171052866 ) ) ;
#894 = EDGE_LOOP ( 'NONE', ( #1805, #3136, #3963, #2320 ) ) ;
#895 = CARTESIAN_POINT ( 'NONE',  ( 42.94777031352847274, 0.04927579711520058137, 12.55580258592054754 ) ) ;
#896 = VERTEX_POINT ( 'NONE', #529 ) ;
#897 = CARTESIAN_POINT ( 'NONE',  ( -108.0000000000000142, 3.000000000000002665, 18.00000000000001421 ) ) ;
#898 = EDGE_CURVE ( 'NONE', #4592, #4660, #3488, .T. ) ;
#899 = EDGE_CURVE ( 'NONE', #862, #252, #2143, .T. ) ;
#900 = ORIENTED_EDGE ( 'NONE', *, *, #4619, .T. ) ;
#901 = CARTESIAN_POINT ( 'NONE',  ( -119.6955914285118610, 0.1716123224431872485, -13.00011157373070958 ) ) ;
#902 = DIRECTION ( 'NONE',  ( -0.000000000000000000, -1.000000000000000000, -0.000000000000000000 ) ) ;
#903 = LINE ( 'NONE', #2030, #2451 ) ;
#904 = EDGE_CURVE ( 'NONE', #1443, #3737, #1285, .T. ) ;
#905 = CARTESIAN_POINT ( 'NONE',  ( -123.4112489477581391, -2.854523621456064753, 10.46926973534801597 ) ) ;
#906 = DIRECTION ( 'NONE',  ( 0.000000000000000000, 0.000000000000000000, -1.000000000000000000 ) ) ;
#907 = ORIENTED_EDGE ( 'NONE', *, *, #1962, .T. ) ;
#908 = AXIS2_PLACEMENT_3D ( 'NONE', #3608, #1353, #4750 ) ;
#909 = CARTESIAN_POINT ( 'NONE',  ( 113.8978252868474357, 0.01321386987382844498, -12.30789356747364316 ) ) ;
#910 = FACE_OUTER_BOUND ( 'NONE', #2954, .T. ) ;
#911 = PERSON_AND_ORGANIZATION ( #4433, #3123 ) ;
#912 = ORIENTED_EDGE ( 'NONE', *, *, #1123, .T. ) ;
#913 = CARTESIAN_POINT ( 'NONE',  ( -36.78138686823930215, 0.1643204756145797141, 12.98014730326099908 ) ) ;
#914 = CYLINDRICAL_SURFACE ( 'NONE', #557, 2.999999999999999112 ) ;
#915 = ORIENTED_EDGE ( 'NONE', *, *, #218, .T. ) ;
#916 = CARTESIAN_POINT ( 'NONE',  ( 120.0000000000000000, -15.00000000000000000, -6.120000000000014317 ) ) ;
#917 = CIRCLE ( 'NONE', #3781, 18.00000000000000000 ) ;
#918 = AXIS2_PLACEMENT_3D ( 'NONE', #2392, #556, #2072 ) ;
#919 = CARTESIAN_POINT ( 'NONE',  ( -117.5380105521984433, -2.769474244133649954, 10.72383688450682904 ) ) ;
#920 = ORIENTED_EDGE ( 'NONE', *, *, #2082, .T. ) ;
#921 = CARTESIAN_POINT ( 'NONE',  ( 150.0000000000000000, 33.00000000000000000, -13.00000000000002309 ) ) ;
#922 = ORIENTED_EDGE ( 'NONE', *, *, #512, .T. ) ;
#923 = CARTESIAN_POINT ( 'NONE',  ( -39.97939117754311411, -2.728715950832919734, 10.83188643958927422 ) ) ;
#924 = DIRECTION ( 'NONE',  ( 0.000000000000000000, 0.000000000000000000, -1.000000000000000000 ) ) ;
#925 = VECTOR ( 'NONE', #1656, 1000.000000000000000 ) ;
#926 = EDGE_CURVE ( 'NONE', #2593, #2789, #1915, .T. ) ;
#927 = DIRECTION ( 'NONE',  ( 1.000000000000000000, 0.000000000000000000, 0.000000000000000000 ) ) ;
#928 = DIRECTION ( 'NONE',  ( 0.000000000000000000, 0.000000000000000000, -1.000000000000000000 ) ) ;
#929 = ORIENTED_EDGE ( 'NONE', *, *, #972, .T. ) ;
#930 = CARTESIAN_POINT ( 'NONE',  ( -105.0000000000000284, -40.00000000000000000, -6.938893903907228378E-14 ) ) ;
#931 = DIRECTION ( 'NONE',  ( -0.000000000000000000, -1.000000000000000000, -0.000000000000000000 ) ) ;
#932 = CARTESIAN_POINT ( 'NONE',  ( -90.00000000000002842, 28.15000000000000213, 21.50000000000001421 ) ) ;
#933 = ORIENTED_EDGE ( 'NONE', *, *, #1892, .F. ) ;
#934 = DIRECTION ( 'NONE',  ( -0.000000000000000000, 1.000000000000000000, -0.000000000000000000 ) ) ;
#935 = CARTESIAN_POINT ( 'NONE',  ( -36.93478891947953002, -0.5324910077274782605, 10.96082380305116644 ) ) ;
#936 = AXIS2_PLACEMENT_3D ( 'NONE', #4791, #2589, #2877 ) ;
#937 = ORIENTED_EDGE ( 'NONE', *, *, #3832, .F. ) ;
#938 = DIRECTION ( 'NONE',  ( 0.000000000000000000, 0.000000000000000000, 1.000000000000000000 ) ) ;
#939 = VECTOR ( 'NONE', #4784, 1000.000000000000000 ) ;
#940 = ORIENTED_EDGE ( 'NONE', *, *, #4228, .T. ) ;
#941 = AXIS2_PLACEMENT_3D ( 'NONE', #341, #2942, #3586 ) ;
#942 = CARTESIAN_POINT ( 'NONE',  ( 33.21000213262870915, -2.973326781003359898, 9.914833153857813386 ) ) ;
#943 = EDGE_LOOP ( 'NONE', ( #4735, #1836, #977, #3206 ) ) ;
#944 = LINE ( 'NONE', #3940, #1946 ) ;
#945 = EDGE_CURVE ( 'NONE', #2372, #3531, #4007, .T. ) ;
#946 = AXIS2_PLACEMENT_3D ( 'NONE', #3419, #3396, #1980 ) ;
#947 = ORIENTED_EDGE ( 'NONE', *, *, #4068, .T. ) ;
#948 = CARTESIAN_POINT ( 'NONE',  ( 79.99999999999998579, -40.00000000000000000, 6.000000000000015987 ) ) ;
#949 = CARTESIAN_POINT ( 'NONE',  ( -108.0000000000000142, 0.000000000000000000, 12.00000000000001599 ) ) ;
#950 = VECTOR ( 'NONE', #2459, 1000.000000000000000 ) ;
#951 = EDGE_CURVE ( 'NONE', #2135, #1908, #1708, .T. ) ;
#952 = CARTESIAN_POINT ( 'NONE',  ( 41.87659159703311929, -2.900477069121946361, -10.30627392473357418 ) ) ;
#953 = CARTESIAN_POINT ( 'NONE',  ( -125.6658662900148045, -2.999999999999999112, 9.428571428571439483 ) ) ;
#954 = AXIS2_PLACEMENT_3D ( 'NONE', #2373, #4562, #1676 ) ;
#955 = ORIENTED_EDGE ( 'NONE', *, *, #3198, .T. ) ;
#956 = DIRECTION ( 'NONE',  ( 0.000000000000000000, -1.000000000000000000, 0.000000000000000000 ) ) ;
#957 = VECTOR ( 'NONE', #1823, 1000.000000000000000 ) ;
#958 = FACE_OUTER_BOUND ( 'NONE', #3780, .T. ) ;
#959 = EDGE_CURVE ( 'NONE', #826, #2070, #1561, .T. ) ;
#960 = CARTESIAN_POINT ( 'NONE',  ( -32.76230901050724498, -2.999999996513334377, -9.685872762058025387 ) ) ;
#961 = APPROVAL_PERSON_ORGANIZATION ( #3590, #1620, #192 ) ;
#962 = ORIENTED_EDGE ( 'NONE', *, *, #1691, .T. ) ;
#963 = DIRECTION ( 'NONE',  ( 0.000000000000000000, 0.000000000000000000, -1.000000000000000000 ) ) ;
#964 = EDGE_CURVE ( 'NONE', #2686, #4786, #18, .T. ) ;
#965 = VERTEX_POINT ( 'NONE', #975 ) ;
#966 = CARTESIAN_POINT ( 'NONE',  ( -116.4075346919627663, -0.4354054784955849744, 10.41097043727759974 ) ) ;
#967 = CARTESIAN_POINT ( 'NONE',  ( -120.0000000000017621, -2.656854249492374365, -10.99999999999999289 ) ) ;
#968 = VERTEX_POINT ( 'NONE', #2441 ) ;
#969 = CARTESIAN_POINT ( 'NONE',  ( -120.5021524730153146, -2.657015898887110428, -10.99964075997784008 ) ) ;
#970 = CARTESIAN_POINT ( 'NONE',  ( 127.2111025509280182, 0.000000000000000000, 11.99999999999998046 ) ) ;
#971 = AXIS2_PLACEMENT_3D ( 'NONE', #404, #3004, #59 ) ;
#972 = EDGE_CURVE ( 'NONE', #91, #1766, #3176, .T. ) ;
#973 = ORIENTED_EDGE ( 'NONE', *, *, #4118, .F. ) ;
#974 = CARTESIAN_POINT ( 'NONE',  ( -121.9693169670336204, -2.728019188059066291, -10.83360520985084641 ) ) ;
#975 = CARTESIAN_POINT ( 'NONE',  ( -120.0000000000000000, -12.99999999999997691, -10.99999999999999289 ) ) ;
#976 = EDGE_CURVE ( 'NONE', #1065, #3684, #2563, .T. ) ;
#977 = ORIENTED_EDGE ( 'NONE', *, *, #2669, .F. ) ;
#978 = CARTESIAN_POINT ( 'NONE',  ( 118.0260517852984918, -2.731395220154522629, -10.82430589055354986 ) ) ;
#979 = CARTESIAN_POINT ( 'NONE',  ( -37.99999999999999289, -12.99999999999996980, -11.00000000000000000 ) ) ;
#980 = VECTOR ( 'NONE', #3060, 1000.000000000000000 ) ;
#981 = CARTESIAN_POINT ( 'NONE',  ( -107.4780193260011885, -4.336808689942017736E-16, 6.260990336999433303 ) ) ;
#982 = EDGE_CURVE ( 'NONE', #2826, #2172, #4645, .T. ) ;
#983 = DIRECTION ( 'NONE',  ( 0.000000000000000000, 0.000000000000000000, 1.000000000000000000 ) ) ;
#984 = AXIS2_PLACEMENT_3D ( 'NONE', #1576, #4165, #4551 ) ;
#985 = ORIENTED_EDGE ( 'NONE', *, *, #2681, .T. ) ;
#986 = CARTESIAN_POINT ( 'NONE',  ( 124.9477703135241171, 0.04927579711536249352, 12.55580258592164888 ) ) ;
#987 = ORIENTED_EDGE ( 'NONE', *, *, #612, .F. ) ;
#988 = DIRECTION ( 'NONE',  ( -0.000000000000000000, 1.000000000000000000, -0.000000000000000000 ) ) ;
#989 = CARTESIAN_POINT ( 'NONE',  ( -118.1602969105821046, -0.5186765356940549188, 10.84879929160510592 ) ) ;
#990 = DIRECTION ( 'NONE',  ( 0.000000000000000000, 1.000000000000000000, 0.000000000000000000 ) ) ;
#991 = VECTOR ( 'NONE', #2350, 1000.000000000000000 ) ;
#992 = EDGE_LOOP ( 'NONE', ( #2156, #1319, #2650, #4279, #2438, #4657 ) ) ;
#993 = DIRECTION ( 'NONE',  ( -0.000000000000000000, 1.000000000000000000, -0.000000000000000000 ) ) ;
#994 = CARTESIAN_POINT ( 'NONE',  ( -124.3553979813003849, 0.07222952672229925042, -12.66012808007799073 ) ) ;
#995 = CARTESIAN_POINT ( 'NONE',  ( 117.5651361428695623, 0.1401118937165325984, 12.92148731006870577 ) ) ;
#996 = VERTEX_POINT ( 'NONE', #3323 ) ;
#997 = CARTESIAN_POINT ( 'NONE',  ( -122.4614200509614648, -2.768538346299068031, -10.73256665193532378 ) ) ;
#998 = FACE_OUTER_BOUND ( 'NONE', #4766, .T. ) ;
#999 = AXIS2_PLACEMENT_3D ( 'NONE', #49, #415, #1555 ) ;
#1000 = EDGE_LOOP ( 'NONE', ( #2958, #2219, #962 ) ) ;
#1001 = CARTESIAN_POINT ( 'NONE',  ( 121.3148781065115287, -0.5280151130884920274, -10.92458917757367765 ) ) ;
#1002 = FACE_OUTER_BOUND ( 'NONE', #2567, .T. ) ;
#1003 = CARTESIAN_POINT ( 'NONE',  ( -37.99999999999999289, -15.00000000000000000, 2.749999999999999112 ) ) ;
#1004 = CARTESIAN_POINT ( 'NONE',  ( 95.00000000000000000, 35.00000000000000000, 17.19615242270661781 ) ) ;
#1005 = CARTESIAN_POINT ( 'NONE',  ( -104.2357198244899905, -0.7687420149747626885, 1.233521179802453238 ) ) ;
#1006 = CARTESIAN_POINT ( 'NONE',  ( -34.86655888463509712, 0.1152628777392413345, 12.82425983559529925 ) ) ;
#1007 = VERTEX_POINT ( 'NONE', #2153 ) ;
#1008 = CARTESIAN_POINT ( 'NONE',  ( 122.8567859062655003, -0.4825024581514975042, 10.62668746299340938 ) ) ;
#1009 = B_SPLINE_CURVE_WITH_KNOTS ( 'NONE', 3,
 ( #967, #4355, #3966, #3187, #3211, #647, #4663, #255, #1736, #4689, #673, #2118 ),
 .UNSPECIFIED., .F., .F.,
 ( 4, 2, 2, 2, 2, 4 ),
 ( 0.005943925179968883622, 0.006684808149227683578, 0.007425691118486482667, 0.008907457057004082579, 0.01038922299552168076, 0.01187098893403927893 ),
 .UNSPECIFIED. ) ;
#1010 = ORIENTED_EDGE ( 'NONE', *, *, #420, .F. ) ;
#1011 = DIRECTION ( 'NONE',  ( -0.000000000000000000, 1.000000000000000000, -0.000000000000000000 ) ) ;
#1012 =( BOUNDED_SURFACE ( )  B_SPLINE_SURFACE ( 3, 2, ( 
 ( #3933, #3594, #219 ),
 ( #613, #2040, #272 ),
 ( #2083, #3863, #1754 ),
 ( #2426, #1294, #3888 ),
 ( #3569, #195, #1390 ),
 ( #3522, #1682, #2017 ),
 ( #4632, #248, #1006 ),
 ( #3499, #3205, #1657 ),
 ( #1314, #3132, #4612 ),
 ( #2774, #935, #586 ),
 ( #2057, #4681, #1363 ),
 ( #719, #4088, #748 ),
 ( #1063, #2215, #3283 ),
 ( #1517, #4734, #2503 ),
 ( #2243, #2999, #1141 ),
 ( #4065, #2529, #4762 ),
 ( #4035, #2950, #4785 ),
 ( #3702, #2190, #323 ),
 ( #2136, #1777, #3256 ),
 ( #2611, #4010, #1418 ),
 ( #1036, #1466, #1441 ),
 ( #3728, #3332, #2899 ) ),
 .UNSPECIFIED., .F., .F., .F. ) 
 B_SPLINE_SURFACE_WITH_KNOTS ( ( 4, 2, 2, 2, 2, 2, 2, 2, 2, 2, 4 ),
 ( 3, 3 ),
 ( 1.301042606982605321E-18, 0.001887074150390709521, 0.003774148300781417741, 0.004717685375976771525, 0.005661222451172126177, 0.007548296601562834614, 0.008491833676758188398, 0.009435370751953543050, 0.01132244490234425062, 0.01320951905273495819, 0.01509659320312566749 ),
 ( 0.000000000000000000, 1.000000000000000000 ),
 .UNSPECIFIED. ) 
 GEOMETRIC_REPRESENTATION_ITEM ( )  RATIONAL_B_SPLINE_SURFACE ( (
 ( 1.000000000000000000, 0.7071067811865475727, 1.000000000000000000),
 ( 1.000000000000000000, 0.7237121247994965367, 1.000000000000000000),
 ( 1.000000000000000000, 0.7389568843894190886, 1.000000000000000000),
 ( 1.000000000000000000, 0.7658791681116682293, 1.000000000000000000),
 ( 1.000000000000000000, 0.7775609741732122382, 1.000000000000000000),
 ( 1.000000000000000000, 0.7919178414669310051, 1.000000000000000000),
 ( 1.000000000000000000, 0.7961889419892929087, 1.000000000000000000),
 ( 1.000000000000000000, 0.8035279549140090793, 1.000000000000000000),
 ( 1.000000000000000000, 0.8065943441576461925, 1.000000000000000000),
 ( 1.000000000000000000, 0.8139739996312155279, 1.000000000000000000),
 ( 1.000000000000000000, 0.8164699156433680161, 1.000000000000000000),
 ( 1.000000000000000000, 0.8165095951493955839, 1.000000000000000000),
 ( 1.000000000000000000, 0.8159049651371660383, 1.000000000000000000),
 ( 1.000000000000000000, 0.8134420739528728239, 1.000000000000000000),
 ( 1.000000000000000000, 0.8115719170268917981, 1.000000000000000000),
 ( 1.000000000000000000, 0.8041602593826158163, 1.000000000000000000),
 ( 1.000000000000000000, 0.7968347466228615783, 1.000000000000000000),
 ( 1.000000000000000000, 0.7778762307524813568, 1.000000000000000000),
 ( 1.000000000000000000, 0.7662376414144033143, 1.000000000000000000),
 ( 1.000000000000000000, 0.7391200073973603901, 1.000000000000000000),
 ( 1.000000000000000000, 0.7236610937099124952, 1.000000000000000000),
 ( 1.000000000000000000, 0.7071067811865471286, 1.000000000000000000) ) ) 
 REPRESENTATION_ITEM ( '' )  SURFACE ( )  );
#1013 = CARTESIAN_POINT ( 'NONE',  ( 33.66234349885053234, 0.07288804113626579095, 12.66293139102779364 ) ) ;
#1014 = AXIS2_PLACEMENT_3D ( 'NONE', #30, #54, #3017 ) ;
#1015 = ADVANCED_FACE ( 'NONE', ( #1406 ), #4751, .F. ) ;
#1016 = DIRECTION ( 'NONE',  ( 1.000000000000000000, 0.000000000000000000, -1.503427012513232897E-16 ) ) ;
#1017 = CIRCLE ( 'NONE', #3735, 6.000000000000000000 ) ;
#1018 = ORIENTED_EDGE ( 'NONE', *, *, #4383, .F. ) ;
#1019 = PLANE ( 'NONE',  #3487 ) ;
#1020 = CARTESIAN_POINT ( 'NONE',  ( -117.3914019994743541, -0.4981258624542274638, -10.69889109170891928 ) ) ;
#1021 = CARTESIAN_POINT ( 'NONE',  ( 45.21110255092794006, -2.999999999999997335, -12.00000000000000888 ) ) ;
#1022 = ORIENTED_EDGE ( 'NONE', *, *, #1102, .F. ) ;
#1023 = CARTESIAN_POINT ( 'NONE',  ( 42.79063793838402319, -2.973359542481133655, -9.914486006099698656 ) ) ;
#1024 = CARTESIAN_POINT ( 'NONE',  ( 39.56899148390913012, 0.1568857463922692375, -12.95770837007658471 ) ) ;
#1025 = ADVANCED_FACE ( 'NONE', ( #998, #682 ), #2468, .F. ) ;
#1026 = CARTESIAN_POINT ( 'NONE',  ( -119.9999999999982379, -2.656854249492386799, 10.99999999999999289 ) ) ;
#1027 = ORIENTED_EDGE ( 'NONE', *, *, #390, .F. ) ;
#1028 = CARTESIAN_POINT ( 'NONE',  ( 121.2327790230828555, -2.686228507470357130, -10.93354172456715112 ) ) ;
#1029 = CARTESIAN_POINT ( 'NONE',  ( 98.00000000000000000, 35.00000000000000000, 14.99999999999998579 ) ) ;
#1030 = CIRCLE ( 'NONE', #1644, 15.00000000000000000 ) ;
#1031 = CARTESIAN_POINT ( 'NONE',  ( -115.7580791534371798, 0.07647072468950788515, -12.67823394722787711 ) ) ;
#1032 = CARTESIAN_POINT ( 'NONE',  ( -90.00000000000001421, -3.000000000000002665, -8.999999999999980460 ) ) ;
#1033 = AXIS2_PLACEMENT_3D ( 'NONE', #2685, #3823, #84 ) ;
#1034 = ORIENTED_EDGE ( 'NONE', *, *, #1039, .F. ) ;
#1035 = ADVANCED_FACE ( 'NONE', ( #2125 ), #1372, .F. ) ;
#1036 = CARTESIAN_POINT ( 'NONE',  ( -43.23769098949274792, -2.999999996512920930, 9.685872762058020058 ) ) ;
#1037 = ORIENTED_EDGE ( 'NONE', *, *, #1597, .F. ) ;
#1038 = DIRECTION ( 'NONE',  ( 0.000000000000000000, 0.000000000000000000, 1.000000000000000000 ) ) ;
#1039 = EDGE_CURVE ( 'NONE', #1854, #720, #1213, .T. ) ;
#1040 = ORIENTED_EDGE ( 'NONE', *, *, #4510, .T. ) ;
#1041 = CARTESIAN_POINT ( 'NONE',  ( 119.7531632477411137, -2.656854249492352604, 11.00000000000004974 ) ) ;
#1042 = CARTESIAN_POINT ( 'NONE',  ( -75.00000000000001421, -40.00000000000000000, 27.00000000000002487 ) ) ;
#1043 = CARTESIAN_POINT ( 'NONE',  ( 150.0000000000000000, 32.00000000000000000, -15.00000000000002309 ) ) ;
#1044 = VECTOR ( 'NONE', #2447, 1000.000000000000000 ) ;
#1045 = ORIENTED_EDGE ( 'NONE', *, *, #1838, .T. ) ;
#1046 = B_SPLINE_CURVE_WITH_KNOTS ( 'NONE', 3,
 ( #4082, #4724, #2182, #1408, #3664, #1055, #342, #2890, #1134, #3300, #365, #4779 ),
 .UNSPECIFIED., .F., .F.,
 ( 4, 2, 2, 2, 2, 4 ),
 ( 0.000000000000000000, 0.001535610370485625655, 0.003071220740971251310, 0.004606831111456877181, 0.005374636296699678191, 0.006142441481942479201 ),
 .UNSPECIFIED. ) ;
#1047 = CARTESIAN_POINT ( 'NONE',  ( 97.27691538153396777, 35.00000000000000000, 12.73211372493011773 ) ) ;
#1048 = CARTESIAN_POINT ( 'NONE',  ( -115.0688044053078727, 0.04985358730806428024, -12.55905905216703999 ) ) ;
#1049 = CARTESIAN_POINT ( 'NONE',  ( 113.3736703673845909, 2.258754526011401961E-18, 12.17570239512320818 ) ) ;
#1050 = ADVANCED_FACE ( 'NONE', ( #2359 ), #3803, .T. ) ;
#1051 = EDGE_LOOP ( 'NONE', ( #2456, #2979 ) ) ;
#1052 = CARTESIAN_POINT ( 'NONE',  ( 37.99999999999999289, -12.99999999999997691, 10.99999999999999289 ) ) ;
#1053 = CARTESIAN_POINT ( 'NONE',  ( 35.90293810761814797, -0.5123529346371523685, -10.80206725238642562 ) ) ;
#1054 = VECTOR ( 'NONE', #3738, 1000.000000000000000 ) ;
#1055 = CARTESIAN_POINT ( 'NONE',  ( -73.74632721670965907, 35.00000000000000000, 13.89145129364379372 ) ) ;
#1056 = DIRECTION ( 'NONE',  ( 0.000000000000000000, 0.000000000000000000, -1.000000000000000000 ) ) ;
#1057 = EDGE_CURVE ( 'NONE', #169, #4774, #4503, .T. ) ;
#1058 = CARTESIAN_POINT ( 'NONE',  ( 117.7989238130710277, 0.1427711910749868418, -12.91473666705797640 ) ) ;
#1059 = CARTESIAN_POINT ( 'NONE',  ( -90.00000000000001421, -3.000000000000002665, -11.99999999999997868 ) ) ;
#1060 = CARTESIAN_POINT ( 'NONE',  ( -112.7888974490719676, 0.000000000000000000, -11.99999999999998401 ) ) ;
#1061 = CARTESIAN_POINT ( 'NONE',  ( -105.0000000000000142, -2.942689283625552044, 6.000000000000016875 ) ) ;
#1062 = ORIENTED_EDGE ( 'NONE', *, *, #2341, .T. ) ;
#1063 = CARTESIAN_POINT ( 'NONE',  ( -38.48681037854830578, -2.660471519799937123, 10.99203693796864556 ) ) ;
#1064 = VECTOR ( 'NONE', #4317, 1000.000000000000000 ) ;
#1065 = VERTEX_POINT ( 'NONE', #916 ) ;
#1066 = CARTESIAN_POINT ( 'NONE',  ( 115.0861924248479511, -0.2416334642043659053, 9.854213596357672245 ) ) ;
#1067 = EDGE_LOOP ( 'NONE', ( #4570, #755, #1304, #4763 ) ) ;
#1068 = LINE ( 'NONE', #4015, #2879 ) ;
#1069 = CARTESIAN_POINT ( 'NONE',  ( -124.3376565011537878, 0.07288804113611557778, 12.66293139102722876 ) ) ;
#1070 = AXIS2_PLACEMENT_3D ( 'NONE', #2176, #1175, #1840 ) ;
#1071 = CARTESIAN_POINT ( 'NONE',  ( -72.00000000000004263, 35.00000000000000000, 15.00000000000001066 ) ) ;
#1072 = ORIENTED_EDGE ( 'NONE', *, *, #3674, .F. ) ;
#1073 = DIRECTION ( 'NONE',  ( 0.000000000000000000, 0.000000000000000000, -1.000000000000000000 ) ) ;
#1074 = CARTESIAN_POINT ( 'NONE',  ( -112.7888974490719960, 2.168404344971008868E-15, -11.99999999999998224 ) ) ;
#1075 = ORIENTED_EDGE ( 'NONE', *, *, #976, .T. ) ;
#1076 = CARTESIAN_POINT ( 'NONE',  ( -150.0000000000000000, 3.000000000000002665, -14.99999999999997868 ) ) ;
#1077 = CARTESIAN_POINT ( 'NONE',  ( 32.33413370998517422, -2.999999999999997335, -9.428571428571432378 ) ) ;
#1078 = AXIS2_PLACEMENT_3D ( 'NONE', #3423, #791, #3354 ) ;
#1079 = AXIS2_PLACEMENT_3D ( 'NONE', #879, #3850, #2002 ) ;
#1080 = EDGE_CURVE ( 'NONE', #4709, #4069, #82, .T. ) ;
#1081 = DIRECTION ( 'NONE',  ( -0.000000000000000000, 1.000000000000000000, -0.000000000000000000 ) ) ;
#1082 = CARTESIAN_POINT ( 'NONE',  ( 150.0000000000000000, 0.000000000000000000, -12.00000000000002487 ) ) ;
#1083 = CIRCLE ( 'NONE', #1687, 6.120000000000000107 ) ;
#1084 = CARTESIAN_POINT ( 'NONE',  ( 124.7899978673661536, -2.973326781002533892, -9.914833153860028503 ) ) ;
#1085 = FACE_OUTER_BOUND ( 'NONE', #2712, .T. ) ;
#1086 = DATE_TIME_ROLE ( 'classification_date' ) ;
#1087 = CARTESIAN_POINT ( 'NONE',  ( 61.99999999999997158, 32.00000000000000000, 14.99999999999999112 ) ) ;
#1088 = FACE_OUTER_BOUND ( 'NONE', #824, .T. ) ;
#1089 = CARTESIAN_POINT ( 'NONE',  ( -105.0000000000000284, -1.540743955509788682E-30, 7.211102550928017330 ) ) ;
#1090 = ORIENTED_EDGE ( 'NONE', *, *, #2087, .F. ) ;
#1091 = CARTESIAN_POINT ( 'NONE',  ( 118.0265460492392435, -2.728271098083757007, 10.83299564084869537 ) ) ;
#1092 = EDGE_CURVE ( 'NONE', #4715, #2115, #314, .T. ) ;
#1093 = ORIENTED_EDGE ( 'NONE', *, *, #3718, .T. ) ;
#1094 = DIRECTION ( 'NONE',  ( -0.000000000000000000, -1.000000000000000000, -0.000000000000000000 ) ) ;
#1095 = CARTESIAN_POINT ( 'NONE',  ( -125.2376909894963859, -2.999999996512506151, 9.685872762055828034 ) ) ;
#1096 = CARTESIAN_POINT ( 'NONE',  ( 30.78889744907201020, 0.000000000000000000, 11.99999999999999645 ) ) ;
#1097 = VERTEX_POINT ( 'NONE', #543 ) ;
#1098 = CYLINDRICAL_SURFACE ( 'NONE', #1275, 2.750000000000002665 ) ;
#1099 = CARTESIAN_POINT ( 'NONE',  ( 119.5049220835185082, -2.656854249492418774, -10.99999999999992895 ) ) ;
#1100 = ORIENTED_EDGE ( 'NONE', *, *, #1983, .F. ) ;
#1101 = CARTESIAN_POINT ( 'NONE',  ( -72.00000000000004263, 3.000000000000002665, 12.00000000000001066 ) ) ;
#1102 = EDGE_CURVE ( 'NONE', #3000, #1957, #3032, .T. ) ;
#1103 = PLANE ( 'NONE',  #3578 ) ;
#1104 = CIRCLE ( 'NONE', #3795, 2.999999999999999556 ) ;
#1105 = CARTESIAN_POINT ( 'NONE',  ( 35.53801055219403793, -2.769474244134061625, -10.72383688450591777 ) ) ;
#1106 = ADVANCED_FACE ( 'NONE', ( #2599 ), #866, .T. ) ;
#1107 = LINE ( 'NONE', #4026, #3322 ) ;
#1108 = VECTOR ( 'NONE', #127, 1000.000000000000000 ) ;
#1109 = DIRECTION ( 'NONE',  ( -1.000000000000000000, -0.000000000000000000, -6.608470384673549052E-16 ) ) ;
#1110 = CARTESIAN_POINT ( 'NONE',  ( 79.99999999999998579, 35.00000000000000000, 27.00000000000002132 ) ) ;
#1111 = CARTESIAN_POINT ( 'NONE',  ( -84.50000000000001421, 28.15000000000000213, 27.00000000000002132 ) ) ;
#1112 = AXIS2_PLACEMENT_3D ( 'NONE', #948, #1647, #3556 ) ;
#1113 = CARTESIAN_POINT ( 'NONE',  ( 62.36354909997663754, 35.00000000000001421, 12.36354969021556904 ) ) ;
#1114 = AXIS2_PLACEMENT_3D ( 'NONE', #3722, #3035, #3301 ) ;
#1115 = CARTESIAN_POINT ( 'NONE',  ( -45.21110255092796137, 0.000000000000000000, 12.00000000000000711 ) ) ;
#1116 = ORIENTED_EDGE ( 'NONE', *, *, #1585, .T. ) ;
#1117 = CARTESIAN_POINT ( 'NONE',  ( 114.3341337099851245, 1.127570259384924611E-14, 9.428571428571409285 ) ) ;
#1118 = TOROIDAL_SURFACE ( 'NONE', #1499, 6.000000000000000000, 3.000000000000000000 ) ;
#1119 = ORIENTED_EDGE ( 'NONE', *, *, #4669, .T. ) ;
#1120 = CARTESIAN_POINT ( 'NONE',  ( -75.00000000000001421, 3.000000000000002665, 12.00000000000001243 ) ) ;
#1121 = DIRECTION ( 'NONE',  ( 0.000000000000000000, 0.000000000000000000, 1.000000000000000000 ) ) ;
#1122 = DIRECTION ( 'NONE',  ( -0.000000000000000000, 1.000000000000000000, 0.000000000000000000 ) ) ;
#1123 = EDGE_CURVE ( 'NONE', #138, #624, #4659, .T. ) ;
#1124 = CIRCLE ( 'NONE', #4356, 11.00000000000000711 ) ;
#1125 = ORIENTED_EDGE ( 'NONE', *, *, #785, .F. ) ;
#1126 = ORIENTED_EDGE ( 'NONE', *, *, #2238, .F. ) ;
#1127 = CARTESIAN_POINT ( 'NONE',  ( -90.00000000000001421, -3.000000000000002665, 6.000000000000019540 ) ) ;
#1128 = CARTESIAN_POINT ( 'NONE',  ( -113.9036390779913432, 0.01333660880636105585, -12.30943927971853746 ) ) ;
#1129 = ORIENTED_EDGE ( 'NONE', *, *, #3250, .F. ) ;
#1130 = DIRECTION ( 'NONE',  ( -0.5150787536377120501, 0.000000000000000000, -0.8571428571428575394 ) ) ;
#1131 = CARTESIAN_POINT ( 'NONE',  ( 40.45763046860810164, -2.768230182562331887, -10.73327605261019002 ) ) ;
#1132 = ORIENTED_EDGE ( 'NONE', *, *, #964, .T. ) ;
#1133 = CC_DESIGN_PERSON_AND_ORGANIZATION_ASSIGNMENT ( #911, #4631, ( #3243 ) ) ;
#1134 = CARTESIAN_POINT ( 'NONE',  ( -72.72308461846607486, 35.00000000000000711, 12.73211372493014437 ) ) ;
#1135 = CARTESIAN_POINT ( 'NONE',  ( -90.00000000000002842, 35.00000000000000000, 27.00000000000002132 ) ) ;
#1136 = DIRECTION ( 'NONE',  ( -3.965082230804132981E-15, 0.000000000000000000, -1.000000000000000000 ) ) ;
#1137 = DIRECTION ( 'NONE',  ( 0.000000000000000000, 0.000000000000000000, -1.000000000000000000 ) ) ;
#1138 = EDGE_CURVE ( 'NONE', #1443, #1575, #1638, .T. ) ;
#1139 = DIRECTION ( 'NONE',  ( 0.000000000000000000, 0.000000000000000000, 1.000000000000000000 ) ) ;
#1140 = FACE_OUTER_BOUND ( 'NONE', #2453, .T. ) ;
#1141 = CARTESIAN_POINT ( 'NONE',  ( -39.56899148390803589, 0.1568857463923388207, 12.95770837007679432 ) ) ;
#1142 = ORIENTED_EDGE ( 'NONE', *, *, #1478, .T. ) ;
#1143 = CARTESIAN_POINT ( 'NONE',  ( 119.4795885766449004, -0.5347353838930336556, 10.99090798253853407 ) ) ;
#1144 = ORIENTED_EDGE ( 'NONE', *, *, #4765, .F. ) ;
#1145 = DIRECTION ( 'NONE',  ( 0.000000000000000000, 0.000000000000000000, 1.000000000000000000 ) ) ;
#1146 = DIRECTION ( 'NONE',  ( 0.000000000000000000, 0.000000000000000000, -1.000000000000000000 ) ) ;
#1147 = ADVANCED_FACE ( 'NONE', ( #3090, #105 ), #1570, .F. ) ;
#1148 = CARTESIAN_POINT ( 'NONE',  ( -113.9642319062398315, 0.01488109377037314697, 12.32428037631673412 ) ) ;
#1149 = ORIENTED_EDGE ( 'NONE', *, *, #4161, .T. ) ;
#1150 = CIRCLE ( 'NONE', #3464, 2.999999999999999112 ) ;
#1151 = ORIENTED_EDGE ( 'NONE', *, *, #2126, .F. ) ;
#1152 = DIRECTION ( 'NONE',  ( -0.000000000000000000, 1.000000000000000000, -0.000000000000000000 ) ) ;
#1153 = ORIENTED_EDGE ( 'NONE', *, *, #4260, .T. ) ;
#1154 = DIRECTION ( 'NONE',  ( 0.000000000000000000, 0.000000000000000000, -1.000000000000000000 ) ) ;
#1155 = VERTEX_POINT ( 'NONE', #4160 ) ;
#1156 = DIRECTION ( 'NONE',  ( 0.000000000000000000, 0.000000000000000000, -1.000000000000000000 ) ) ;
#1157 = CARTESIAN_POINT ( 'NONE',  ( 64.99999999999997158, -40.00000000000000000, 6.000000000000015987 ) ) ;
#1158 = DIRECTION ( 'NONE',  ( 1.000000000000000000, 0.000000000000000000, -1.503427012513232897E-16 ) ) ;
#1159 = DIRECTION ( 'NONE',  ( 1.049727191138619682E-16, -0.5150380749100528233, 0.8571673007021131108 ) ) ;
#1160 = VECTOR ( 'NONE', #4797, 1000.000000000000000 ) ;
#1161 = CARTESIAN_POINT ( 'NONE',  ( 0.000000000000000000, 0.000000000000000000, 0.000000000000000000 ) ) ;
#1162 = DIRECTION ( 'NONE',  ( -0.000000000000000000, 1.000000000000000000, -0.000000000000000000 ) ) ;
#1163 = CARTESIAN_POINT ( 'NONE',  ( -150.0000000000000000, 33.00000000000000000, 0.000000000000000000 ) ) ;
#1164 = ORIENTED_EDGE ( 'NONE', *, *, #148, .T. ) ;
#1165 = PLANE ( 'NONE',  #4054 ) ;
#1166 = ORIENTED_EDGE ( 'NONE', *, *, #4752, .F. ) ;
#1167 = DIRECTION ( 'NONE',  ( 0.000000000000000000, -1.000000000000000000, 0.000000000000000000 ) ) ;
#1168 = AXIS2_PLACEMENT_3D ( 'NONE', #287, #3976, #658 ) ;
#1169 = DIRECTION ( 'NONE',  ( 6.608470384673549052E-16, 0.000000000000000000, -1.000000000000000000 ) ) ;
#1170 = DIRECTION ( 'NONE',  ( 0.000000000000000000, -0.5150380749100528233, -0.8571673007021131108 ) ) ;
#1171 = ORIENTED_EDGE ( 'NONE', *, *, #22, .F. ) ;
#1172 = EDGE_CURVE ( 'NONE', #2807, #4285, #3191, .T. ) ;
#1173 = DIRECTION ( 'NONE',  ( 0.000000000000000000, 0.000000000000000000, -1.000000000000000000 ) ) ;
#1174 = VERTEX_POINT ( 'NONE', #474 ) ;
#1175 = DIRECTION ( 'NONE',  ( 0.000000000000000000, -1.000000000000000000, 0.000000000000000000 ) ) ;
#1176 = ORIENTED_EDGE ( 'NONE', *, *, #1658, .F. ) ;
#1177 = LINE ( 'NONE', #3765, #477 ) ;
#1178 = CARTESIAN_POINT ( 'NONE',  ( -150.0000000000000000, 32.00000000000000000, 15.00000000000001954 ) ) ;
#1179 = DIRECTION ( 'NONE',  ( -0.000000000000000000, 1.000000000000000000, -0.000000000000000000 ) ) ;
#1180 = AXIS2_PLACEMENT_3D ( 'NONE', #2006, #650, #1739 ) ;
#1181 = EDGE_CURVE ( 'NONE', #4234, #965, #1949, .T. ) ;
#1182 = CYLINDRICAL_SURFACE ( 'NONE', #1537, 2.749999999999999112 ) ;
#1183 = CIRCLE ( 'NONE', #3873, 15.00000000000001421 ) ;
#1184 = DIRECTION ( 'NONE',  ( 0.000000000000000000, 1.000000000000000000, 0.000000000000000000 ) ) ;
#1185 = PLANE ( 'NONE',  #2539 ) ;
#1186 = CARTESIAN_POINT ( 'NONE',  ( 150.0000000000000000, 32.00000000000000000, 14.99999999999997868 ) ) ;
#1187 = ORIENTED_EDGE ( 'NONE', *, *, #2317, .T. ) ;
#1188 = AXIS2_PLACEMENT_3D ( 'NONE', #2542, #2488, #1477 ) ;
#1189 = CARTESIAN_POINT ( 'NONE',  ( 39.21379920415830611, 0.1716145698699242939, -13.00011793020068041 ) ) ;
#1190 = EDGE_CURVE ( 'NONE', #1755, #3558, #2189, .T. ) ;
#1191 = CARTESIAN_POINT ( 'NONE',  ( -42.79456584606769098, -2.973572258944567004, -9.912404177351112011 ) ) ;
#1192 = AXIS2_PLACEMENT_3D ( 'NONE', #1227, #2702, #513 ) ;
#1193 = EDGE_CURVE ( 'NONE', #2719, #1860, #1124, .T. ) ;
#1194 = EDGE_LOOP ( 'NONE', ( #4666, #1475 ) ) ;
#1195 = CARTESIAN_POINT ( 'NONE',  ( 42.05636631609935705, -0.3879348319890997820, 10.23668291508318084 ) ) ;
#1196 = AXIS2_PLACEMENT_3D ( 'NONE', #4004, #2107, #1385 ) ;
#1197 = ORIENTED_EDGE ( 'NONE', *, *, #1592, .F. ) ;
#1198 = CARTESIAN_POINT ( 'NONE',  ( 150.0000000000000000, 35.00000000000000000, 12.99999999999997868 ) ) ;
#1199 = ORIENTED_EDGE ( 'NONE', *, *, #982, .F. ) ;
#1200 = EDGE_CURVE ( 'NONE', #3531, #2372, #411, .T. ) ;
#1201 = CARTESIAN_POINT ( 'NONE',  ( -72.00000000000004263, 32.00000000000000000, 15.00000000000001066 ) ) ;
#1202 = CARTESIAN_POINT ( 'NONE',  ( -120.0000000000000000, -15.00000000000000000, 8.999999999999980460 ) ) ;
#1203 = CARTESIAN_POINT ( 'NONE',  ( -1.954455116267203186E-15, 33.00000000000000000, -13.00000000000000178 ) ) ;
#1204 =( GEOMETRIC_REPRESENTATION_CONTEXT ( 3 ) GLOBAL_UNCERTAINTY_ASSIGNED_CONTEXT ( ( #2800 ) ) GLOBAL_UNIT_ASSIGNED_CONTEXT ( ( #2472, #269, #3223 ) ) REPRESENTATION_CONTEXT ( 'NONE', 'WORKASPACE' ) );
#1205 = CARTESIAN_POINT ( 'NONE',  ( -33.75807915343717269, 0.07647072468950731616, -12.67823394722788777 ) ) ;
#1206 = CARTESIAN_POINT ( 'NONE',  ( -112.7888974490719676, 0.000000000000000000, -11.99999999999998401 ) ) ;
#1207 = CARTESIAN_POINT ( 'NONE',  ( 79.99999999999998579, -40.00000000000000000, 27.00000000000002132 ) ) ;
#1208 = CARTESIAN_POINT ( 'NONE',  ( -37.01207079579556591, -2.672347330525936204, 10.96673183072487134 ) ) ;
#1209 = ORIENTED_EDGE ( 'NONE', *, *, #608, .F. ) ;
#1210 = CARTESIAN_POINT ( 'NONE',  ( 0.000000000000000000, -15.00000000000000000, 0.000000000000000000 ) ) ;
#1211 = AXIS2_PLACEMENT_3D ( 'NONE', #725, #1883, #4502 ) ;
#1212 = FACE_OUTER_BOUND ( 'NONE', #4596, .T. ) ;
#1213 = LINE ( 'NONE', #2233, #1108 ) ;
#1214 = ORIENTED_EDGE ( 'NONE', *, *, #1880, .T. ) ;
#1215 = PLANE ( 'NONE',  #1589 ) ;
#1216 = VERTEX_POINT ( 'NONE', #3134 ) ;
#1217 = CARTESIAN_POINT ( 'NONE',  ( -108.0000000000000426, 32.00000000000000000, 12.00000000000001599 ) ) ;
#1218 = VERTEX_POINT ( 'NONE', #2042 ) ;
#1219 = CARTESIAN_POINT ( 'NONE',  ( -37.99999999999999289, -15.00000000000000000, -2.749999999999999112 ) ) ;
#1220 = CARTESIAN_POINT ( 'NONE',  ( -33.20936206161596971, -2.973359542481133655, -9.914486006099698656 ) ) ;
#1221 = FACE_OUTER_BOUND ( 'NONE', #1421, .T. ) ;
#1222 = AXIS2_PLACEMENT_3D ( 'NONE', #1323, #594, #4304 ) ;
#1223 = CARTESIAN_POINT ( 'NONE',  ( 79.99999999999998579, 35.00000000000000000, 27.00000000000002132 ) ) ;
#1224 = DIRECTION ( 'NONE',  ( 0.000000000000000000, 0.000000000000000000, 1.000000000000000000 ) ) ;
#1225 = ORIENTED_EDGE ( 'NONE', *, *, #3197, .T. ) ;
#1226 = ADVANCED_FACE ( 'NONE', ( #3890 ), #2582, .T. ) ;
#1227 = CARTESIAN_POINT ( 'NONE',  ( 98.00000000000000000, 32.00000000000000000, 17.99999999999998579 ) ) ;
#1228 = CIRCLE ( 'NONE', #3454, 15.00000000000001421 ) ;
#1229 = ORIENTED_EDGE ( 'NONE', *, *, #1742, .F. ) ;
#1230 = CARTESIAN_POINT ( 'NONE',  ( -34.95974808067813200, 0.1188004734802625278, 12.84009311048449931 ) ) ;
#1231 = CARTESIAN_POINT ( 'NONE',  ( -40.85678590626877593, -0.4825024581510172772, -10.62668746299367761 ) ) ;
#1232 = CARTESIAN_POINT ( 'NONE',  ( 41.57834897592102408, -0.4365745038691494218, -10.41568038142917807 ) ) ;
#1233 = EDGE_CURVE ( 'NONE', #4046, #3523, #2414, .T. ) ;
#1234 = ORIENTED_EDGE ( 'NONE', *, *, #562, .T. ) ;
#1235 = DIRECTION ( 'NONE',  ( 0.000000000000000000, 0.000000000000000000, -1.000000000000000000 ) ) ;
#1236 = VERTEX_POINT ( 'NONE', #2114 ) ;
#1237 = FACE_OUTER_BOUND ( 'NONE', #1483, .T. ) ;
#1238 = LINE ( 'NONE', #2695, #843 ) ;
#1239 = APPROVAL ( #4370, 'UNSPECIFIED' ) ;
#1240 = EDGE_CURVE ( 'NONE', #1174, #3778, #2889, .T. ) ;
#1241 = DIRECTION ( 'NONE',  ( 0.000000000000000000, -1.000000000000000000, 0.000000000000000000 ) ) ;
#1242 = DIRECTION ( 'NONE',  ( 1.049727191138619682E-16, -0.5150380749100528233, 0.8571673007021131108 ) ) ;
#1243 = ADVANCED_FACE ( 'NONE', ( #2799 ), #3114, .F. ) ;
#1244 = DIRECTION ( 'NONE',  ( 0.000000000000000000, 0.000000000000000000, 1.000000000000000000 ) ) ;
#1246 = ORIENTED_EDGE ( 'NONE', *, *, #223, .F. ) ;
#1245 = VECTOR ( 'NONE', #1763, 1000.000000000000000 ) ;
#1247 = CARTESIAN_POINT ( 'NONE',  ( 112.7888974490720386, 2.602085213965210642E-15, -12.00000000000001954 ) ) ;
#1248 = CARTESIAN_POINT ( 'NONE',  ( -150.0000000000000000, 2.000000000000000000, -12.99999999999997868 ) ) ;
#1249 = ORIENTED_EDGE ( 'NONE', *, *, #368, .T. ) ;
#1250 = AXIS2_PLACEMENT_3D ( 'NONE', #1110, #3353, #3666 ) ;
#1251 = CARTESIAN_POINT ( 'NONE',  ( -37.38902432816951205, 0.1715519580164984736, 12.99994083710985038 ) ) ;
#1252 = CARTESIAN_POINT ( 'NONE',  ( -36.74873884895593790, 0.1624176347299045309, -12.97378213628983801 ) ) ;
#1253 = CARTESIAN_POINT ( 'NONE',  ( 40.10003679264423226, -0.5140780408435295934, -10.81138701189811258 ) ) ;
#1254 = CARTESIAN_POINT ( 'NONE',  ( 41.42209841384142521, -2.855540945636837247, 10.46591555408507723 ) ) ;
#1255 = EDGE_CURVE ( 'NONE', #1216, #4046, #4447, .T. ) ;
#1256 = ORIENTED_EDGE ( 'NONE', *, *, #732, .T. ) ;
#1257 = CARTESIAN_POINT ( 'NONE',  ( -90.00000000000002842, 35.00000000000000000, 21.50000000000002842 ) ) ;
#1258 = CIRCLE ( 'NONE', #2337, 15.00000000000001421 ) ;
#1259 = ORIENTED_EDGE ( 'NONE', *, *, #2728, .T. ) ;
#1260 = CIRCLE ( 'NONE', #877, 2.999999999999999112 ) ;
#1261 = CARTESIAN_POINT ( 'NONE',  ( -122.2010761869267981, 0.1427711910750243118, -12.91473666705805101 ) ) ;
#1262 = LINE ( 'NONE', #505, #2060 ) ;
#1263 = PLANE ( 'NONE',  #3078 ) ;
#1264 = PRODUCT_DEFINITION_SHAPE ( 'NONE', 'NONE',  #3243 ) ;
#1265 = CARTESIAN_POINT ( 'NONE',  ( 61.99999999999997158, -3.000000000000002665, 6.000000000000015987 ) ) ;
#1266 = CARTESIAN_POINT ( 'NONE',  ( 120.0000000000000000, -15.00000000000000000, -2.750000000000002665 ) ) ;
#1267 = ORIENTED_EDGE ( 'NONE', *, *, #3374, .F. ) ;
#1268 = DIRECTION ( 'NONE',  ( 0.000000000000000000, 0.000000000000000000, -1.000000000000000000 ) ) ;
#1269 = CYLINDRICAL_SURFACE ( 'NONE', #1950, 2.749999999999999112 ) ;
#1270 = EDGE_LOOP ( 'NONE', ( #737, #3410, #63, #4550, #4590, #2244 ) ) ;
#1271 = CARTESIAN_POINT ( 'NONE',  ( -37.99999999999999289, -11.41999999999999993, 0.000000000000000000 ) ) ;
#1272 = CARTESIAN_POINT ( 'NONE',  ( -41.44279283444873130, 0.1047063810656946869, -12.78687808250982094 ) ) ;
#1273 = EDGE_LOOP ( 'NONE', ( #356, #4021 ) ) ;
#1274 = CARTESIAN_POINT ( 'NONE',  ( 41.12789332368166129, 0.1158849091890908206, -12.83026657881065979 ) ) ;
#1275 = AXIS2_PLACEMENT_3D ( 'NONE', #700, #1506, #4359 ) ;
#1276 = EDGE_CURVE ( 'NONE', #2376, #2502, #3596, .T. ) ;
#1277 = CARTESIAN_POINT ( 'NONE',  ( -114.3341337099851813, 2.602085213965210642E-15, 9.428571428571439483 ) ) ;
#1278 = ORIENTED_EDGE ( 'NONE', *, *, #4619, .F. ) ;
#1279 = CARTESIAN_POINT ( 'NONE',  ( -150.0000000000000000, 3.000000000000002665, 12.00000000000002132 ) ) ;
#1280 = B_SPLINE_CURVE_WITH_KNOTS ( 'NONE', 3,
 ( #1060, #3671, #4032, #2525, #1031, #2843, #2449, #3930, #1800, #3225, #2079, #2133, #714, #2159, #245, #4731 ),
 .UNSPECIFIED., .F., .F.,
 ( 4, 2, 2, 2, 2, 2, 2, 4 ),
 ( 2.861289260497467083E-17, 0.001830530536321611605, 0.003661061072643194587, 0.007322122145286360552, 0.009152652681607942667, 0.01098318321792952565, 0.01281371375425110863, 0.01464424429057269161 ),
 .UNSPECIFIED. ) ;
#1281 = ORIENTED_EDGE ( 'NONE', *, *, #1892, .T. ) ;
#1282 = CARTESIAN_POINT ( 'NONE',  ( -38.24683675225888635, -2.656854249492361930, 11.00000000000003908 ) ) ;
#1283 = DIRECTION ( 'NONE',  ( 0.000000000000000000, 0.000000000000000000, -1.000000000000000000 ) ) ;
#1284 = CARTESIAN_POINT ( 'NONE',  ( 0.000000000000000000, -15.00000000000000000, 0.000000000000000000 ) ) ;
#1285 = LINE ( 'NONE', #4245, #3391 ) ;
#1286 = ORIENTED_EDGE ( 'NONE', *, *, #4171, .F. ) ;
#1287 = CIRCLE ( 'NONE', #1834, 2.750000000000002665 ) ;
#1288 = CARTESIAN_POINT ( 'NONE',  ( 117.5380105521984859, -2.769474244133785845, -10.72383688450685035 ) ) ;
#1289 = CARTESIAN_POINT ( 'NONE',  ( 1.665334536937734811E-15, 32.00000000000000000, 12.00000000000000000 ) ) ;
#1290 = CARTESIAN_POINT ( 'NONE',  ( 112.7888974490720386, 0.000000000000000000, -12.00000000000001776 ) ) ;
#1291 = ORIENTED_EDGE ( 'NONE', *, *, #4316, .T. ) ;
#1292 = CARTESIAN_POINT ( 'NONE',  ( -30.78889744907202441, 0.000000000000000000, 12.00000000000000355 ) ) ;
#1293 = EDGE_CURVE ( 'NONE', #1391, #4770, #1296, .T. ) ;
#1294 = CARTESIAN_POINT ( 'NONE',  ( -33.94363368390063584, -0.3879348319897631403, 10.23668291508371375 ) ) ;
#1295 = ORIENTED_EDGE ( 'NONE', *, *, #1538, .T. ) ;
#1296 = LINE ( 'NONE', #3935, #1953 ) ;
#1297 = AXIS2_PLACEMENT_3D ( 'NONE', #579, #2052, #928 ) ;
#1298 = VECTOR ( 'NONE', #902, 1000.000000000000000 ) ;
#1299 = ORIENTED_EDGE ( 'NONE', *, *, #926, .T. ) ;
#1300 = AXIS2_PLACEMENT_3D ( 'NONE', #1516, #4087, #398 ) ;
#1301 = CARTESIAN_POINT ( 'NONE',  ( -114.3341337099851387, -2.999999999999999112, -9.428571428571414614 ) ) ;
#1302 = ORIENTED_EDGE ( 'NONE', *, *, #265, .F. ) ;
#1303 = DIRECTION ( 'NONE',  ( 1.000000000000000000, 0.000000000000000000, -1.387778780781445676E-16 ) ) ;
#1304 = ORIENTED_EDGE ( 'NONE', *, *, #1334, .T. ) ;
#1305 = CARTESIAN_POINT ( 'NONE',  ( -122.0970618923829676, -0.5123529346370206961, -10.80206725238642385 ) ) ;
#1306 = CYLINDRICAL_SURFACE ( 'NONE', #2645, 6.120000000000000107 ) ;
#1307 = DIRECTION ( 'NONE',  ( -0.000000000000000000, -1.000000000000000000, -0.000000000000000000 ) ) ;
#1308 = CARTESIAN_POINT ( 'NONE',  ( -124.7906379383840232, -2.973359542481135875, 9.914486006099702209 ) ) ;
#1309 = EDGE_LOOP ( 'NONE', ( #3846, #2405 ) ) ;
#1310 = CARTESIAN_POINT ( 'NONE',  ( -37.99999999999999289, -15.00000000000000000, -8.999999999999980460 ) ) ;
#1311 = ADVANCED_FACE ( 'NONE', ( #1684 ), #2864, .F. ) ;
#1312 = FACE_OUTER_BOUND ( 'NONE', #3087, .T. ) ;
#1313 = COORDINATED_UNIVERSAL_TIME_OFFSET ( 5, 30, .AHEAD. ) ;
#1314 = CARTESIAN_POINT ( 'NONE',  ( -36.27058299597917568, -2.714457617588226235, 10.86601476249842335 ) ) ;
#1315 = AXIS2_PLACEMENT_3D ( 'NONE', #1751, #2109, #1439 ) ;
#1316 = ORIENTED_EDGE ( 'NONE', *, *, #1324, .T. ) ;
#1317 = CARTESIAN_POINT ( 'NONE',  ( 37.99999999999999289, -15.00000000000000000, 0.000000000000000000 ) ) ;
#1318 = AXIS2_PLACEMENT_3D ( 'NONE', #4623, #1328, #1350 ) ;
#1319 = ORIENTED_EDGE ( 'NONE', *, *, #1668, .T. ) ;
#1320 = AXIS2_PLACEMENT_3D ( 'NONE', #3477, #762, #4232 ) ;
#1321 = CARTESIAN_POINT ( 'NONE',  ( -115.2054341539321456, -2.973572258944841007, 9.912404177351035628 ) ) ;
#1322 = ORIENTED_EDGE ( 'NONE', *, *, #3817, .F. ) ;
#1323 = CARTESIAN_POINT ( 'NONE',  ( 40.74999999999998579, -11.41999999999999993, 0.000000000000000000 ) ) ;
#1324 = EDGE_CURVE ( 'NONE', #2115, #1504, #3512, .T. ) ;
#1325 = CIRCLE ( 'NONE', #4123, 3.000000000000000444 ) ;
#1326 = ORIENTED_EDGE ( 'NONE', *, *, #3389, .T. ) ;
#1327 = CARTESIAN_POINT ( 'NONE',  ( -125.2361779041756762, -2.999999996255028112, -9.686782013173825590 ) ) ;
#1328 = DIRECTION ( 'NONE',  ( 1.000000000000000000, -0.000000000000000000, -0.000000000000000000 ) ) ;
#1329 = CIRCLE ( 'NONE', #4044, 13.99999999999999112 ) ;
#1330 = CIRCLE ( 'NONE', #4509, 3.000000000000000444 ) ;
#1331 = EDGE_LOOP ( 'NONE', ( #2967, #112, #3156, #524 ) ) ;
#1332 = DIRECTION ( 'NONE',  ( 0.000000000000000000, 0.000000000000000000, -1.000000000000000000 ) ) ;
#1333 = CARTESIAN_POINT ( 'NONE',  ( 120.4950779164815202, -2.656854249492405895, 10.99999999999992895 ) ) ;
#1334 = EDGE_CURVE ( 'NONE', #3482, #628, #3819, .T. ) ;
#1335 = AXIS2_PLACEMENT_3D ( 'NONE', #4630, #1654, #3541 ) ;
#1336 = VERTEX_POINT ( 'NONE', #3361 ) ;
#1337 = CARTESIAN_POINT ( 'NONE',  ( 125.6658662900148329, 3.903127820947815174E-15, -9.428571428571441260 ) ) ;
#1338 = DIRECTION ( 'NONE',  ( 0.000000000000000000, 0.000000000000000000, -1.000000000000000000 ) ) ;
#1339 = FACE_OUTER_BOUND ( 'NONE', #1270, .T. ) ;
#1340 = LINE ( 'NONE', #2378, #1876 ) ;
#1341 = ORIENTED_EDGE ( 'NONE', *, *, #4135, .F. ) ;
#1342 = DIRECTION ( 'NONE',  ( 0.000000000000000000, 1.000000000000000000, 0.000000000000000000 ) ) ;
#1343 = VERTEX_POINT ( 'NONE', #4787 ) ;
#1344 = LINE ( 'NONE', #1422, #2797 ) ;
#1345 = CARTESIAN_POINT ( 'NONE',  ( -117.3944821407469732, -0.4943164166437307716, 10.69115549662455500 ) ) ;
#1346 = FACE_OUTER_BOUND ( 'NONE', #3818, .T. ) ;
#1347 = ORIENTED_EDGE ( 'NONE', *, *, #722, .F. ) ;
#1348 = CARTESIAN_POINT ( 'NONE',  ( 0.000000000000000000, 0.000000000000000000, 0.000000000000000000 ) ) ;
#1349 = CARTESIAN_POINT ( 'NONE',  ( -125.6658662900148613, -2.999999999999997335, -9.428571428571411062 ) ) ;
#1350 = DIRECTION ( 'NONE',  ( 0.000000000000000000, 0.000000000000000000, 1.000000000000000000 ) ) ;
#1351 = CIRCLE ( 'NONE', #111, 2.999999999999998668 ) ;
#1352 = ORIENTED_EDGE ( 'NONE', *, *, #3701, .T. ) ;
#1353 = DIRECTION ( 'NONE',  ( 0.000000000000000000, -1.000000000000000000, 0.000000000000000000 ) ) ;
#1354 = CARTESIAN_POINT ( 'NONE',  ( 33.08225600481667072, -0.2405293788025020807, -9.852014752711291123 ) ) ;
#1355 = CARTESIAN_POINT ( 'NONE',  ( 79.99999999999998579, -40.00000000000000711, 27.00000000000002132 ) ) ;
#1356 = CARTESIAN_POINT ( 'NONE',  ( 119.4635929133228700, -0.5354963785447542923, -10.99959175981098802 ) ) ;
#1357 = CARTESIAN_POINT ( 'NONE',  ( 113.3740364122350854, 2.237437530172233951E-15, -12.17581237791303295 ) ) ;
#1358 = DIRECTION ( 'NONE',  ( -0.000000000000000000, -1.000000000000000000, -0.000000000000000000 ) ) ;
#1359 = AXIS2_PLACEMENT_3D ( 'NONE', #3688, #3010, #388 ) ;
#1360 = ADVANCED_FACE ( 'NONE', ( #1468 ), #2218, .T. ) ;
#1361 = CARTESIAN_POINT ( 'NONE',  ( -38.98792920420441988, -2.672347330525932652, -10.96673183072487134 ) ) ;
#1362 = CARTESIAN_POINT ( 'NONE',  ( -104.7273572802416766, -2.646329144691282220, 3.138445110615785349 ) ) ;
#1363 = CARTESIAN_POINT ( 'NONE',  ( -37.36089685253105586, 0.1714920505549311636, 12.99977139276314908 ) ) ;
#1364 = ORIENTED_EDGE ( 'NONE', *, *, #4697, .F. ) ;
#1365 = CARTESIAN_POINT ( 'NONE',  ( 123.4427928344476442, 0.1047063810656881505, 12.78687808250978541 ) ) ;
#1366 = ORIENTED_EDGE ( 'NONE', *, *, #1973, .F. ) ;
#1367 = DIRECTION ( 'NONE',  ( 0.000000000000000000, 0.000000000000000000, -1.000000000000000000 ) ) ;
#1368 = CARTESIAN_POINT ( 'NONE',  ( 34.59184132052618565, -2.854223916786756465, 10.47032075713517330 ) ) ;
#1369 = CARTESIAN_POINT ( 'NONE',  ( -112.7888974490720528, -2.999999999999999112, 12.00000000000001421 ) ) ;
#1370 = ADVANCED_FACE ( 'NONE', ( #4481 ), #1165, .T. ) ;
#1371 = AXIS2_PLACEMENT_3D ( 'NONE', #361, #4022, #4079 ) ;
#1372 =( BOUNDED_SURFACE ( )  B_SPLINE_SURFACE ( 3, 2, ( 
 ( #1077, #2546, #4339 ),
 ( #3975, #1768, #4024 ),
 ( #286, #1354, #1432 ),
 ( #2205, #3273, #706 ),
 ( #3242, #4420, #3948 ),
 ( #264, #2838, #3690 ),
 ( #1105, #3634, #4313 ),
 ( #2887, #1053, #1458 ),
 ( #1379, #1745, #3299 ),
 ( #1817, #2570, #3219 ),
 ( #2178, #4053, #3662 ),
 ( #4778, #3999, #736 ),
 ( #2916, #311, #363 ),
 ( #1842, #630, #2102 ),
 ( #4696, #2861, #1024 ),
 ( #2493, #1253, #845 ),
 ( #1131, #893, #1274 ),
 ( #452, #1232, #1925 ),
 ( #3113, #4080, #3842 ),
 ( #3069, #2707, #3434 ),
 ( #1591, #4569, #2339 ),
 ( #4798, #4591, #3049 ) ),
 .UNSPECIFIED., .F., .F., .F. ) 
 B_SPLINE_SURFACE_WITH_KNOTS ( ( 4, 2, 2, 2, 2, 2, 2, 2, 2, 2, 4 ),
 ( 3, 3 ),
 ( 0.000000000000000000, 0.001887074150390703449, 0.003774148300781406899, 0.004717685375976758515, 0.005661222451172110565, 0.007548296601562813797, 0.008491833676758165847, 0.009435370751953517029, 0.01132244490234422113, 0.01320951905273492349, 0.01509659320312562759 ),
 ( 0.000000000000000000, 1.000000000000000000 ),
 .UNSPECIFIED. ) 
 GEOMETRIC_REPRESENTATION_ITEM ( )  RATIONAL_B_SPLINE_SURFACE ( (
 ( 1.000000000000000000, 0.7071067811865475727, 1.000000000000000000),
 ( 1.000000000000000000, 0.7237121247994963147, 1.000000000000000000),
 ( 1.000000000000000000, 0.7389568843894188666, 1.000000000000000000),
 ( 1.000000000000000000, 0.7658791681116680072, 1.000000000000000000),
 ( 1.000000000000000000, 0.7775609741731419611, 1.000000000000000000),
 ( 1.000000000000000000, 0.7919178414669660881, 1.000000000000000000),
 ( 1.000000000000000000, 0.7961889419893101172, 1.000000000000000000),
 ( 1.000000000000000000, 0.8035279549139909827, 1.000000000000000000),
 ( 1.000000000000000000, 0.8065943441576106654, 1.000000000000000000),
 ( 1.000000000000000000, 0.8139739996312849168, 1.000000000000000000),
 ( 1.000000000000000000, 0.8164699156432279059, 1.000000000000000000),
 ( 1.000000000000000000, 0.8165095951494649729, 1.000000000000000000),
 ( 1.000000000000000000, 0.8159049651371654832, 1.000000000000000000),
 ( 1.000000000000000000, 0.8134420739528722688, 1.000000000000000000),
 ( 1.000000000000000000, 0.8115719170268382854, 1.000000000000000000),
 ( 1.000000000000000000, 0.8041602593827209544, 1.000000000000000000),
 ( 1.000000000000000000, 0.7968347466229659393, 1.000000000000000000),
 ( 1.000000000000000000, 0.7778762307523763297, 1.000000000000000000),
 ( 1.000000000000000000, 0.7662376414145080084, 1.000000000000000000),
 ( 1.000000000000000000, 0.7391200073972538087, 1.000000000000000000),
 ( 1.000000000000000000, 0.7236610937099929863, 1.000000000000000000),
 ( 1.000000000000000000, 0.7071067811865473507, 1.000000000000000000) ) ) 
 REPRESENTATION_ITEM ( '' )  SURFACE ( )  );
#1373 = EDGE_LOOP ( 'NONE', ( #1655, #786, #3607, #2835, #1507, #3073, #3848, #3720, #149, #3861, #1062, #152, #20, #2627 ) ) ;
#1374 = DIRECTION ( 'NONE',  ( 0.000000000000000000, 0.000000000000000000, -1.000000000000000000 ) ) ;
#1375 = CARTESIAN_POINT ( 'NONE',  ( 115.2075443106333097, -2.973440724493548348, -9.913453795269123958 ) ) ;
#1376 = CARTESIAN_POINT ( 'NONE',  ( 126.6259635877649288, 2.527828658922584960E-15, 12.17581237791299564 ) ) ;
#1377 = ORIENTED_EDGE ( 'NONE', *, *, #4381, .F. ) ;
#1378 = FACE_OUTER_BOUND ( 'NONE', #1000, .T. ) ;
#1379 = CARTESIAN_POINT ( 'NONE',  ( 36.27058299597916857, -2.714457617588230232, -10.86601476249841625 ) ) ;
#1380 = VECTOR ( 'NONE', #2773, 1000.000000000000000 ) ;
#1381 = EDGE_CURVE ( 'NONE', #2859, #2074, #251, .T. ) ;
#1382 = CARTESIAN_POINT ( 'NONE',  ( -117.5385799490385637, -2.768538346299075581, 10.73256665193532911 ) ) ;
#1383 = CARTESIAN_POINT ( 'NONE',  ( -105.0000000000000284, 35.00000000000000000, -6.938893903907228378E-14 ) ) ;
#1384 = CARTESIAN_POINT ( 'NONE',  ( 123.4081586794759602, -2.854223916786895465, -10.47032075713459065 ) ) ;
#1385 = DIRECTION ( 'NONE',  ( 0.000000000000000000, 0.000000000000000000, 1.000000000000000000 ) ) ;
#1386 = CALENDAR_DATE ( 2026, 2, 8 ) ;
#1387 = EDGE_CURVE ( 'NONE', #996, #3212, #2271, .T. ) ;
#1388 = DIRECTION ( 'NONE',  ( 0.000000000000000000, 0.000000000000000000, -1.000000000000000000 ) ) ;
#1389 = CARTESIAN_POINT ( 'NONE',  ( -37.99999999999999289, -15.00000000000000000, 0.000000000000000000 ) ) ;
#1390 = CARTESIAN_POINT ( 'NONE',  ( -33.64460201870179645, 0.07222952672228886983, 12.66012808007797652 ) ) ;
#1391 = VERTEX_POINT ( 'NONE', #1411 ) ;
#1392 = CARTESIAN_POINT ( 'NONE',  ( 120.0000000000000000, -13.00000000000004619, 0.000000000000000000 ) ) ;
#1393 = EDGE_CURVE ( 'NONE', #570, #1417, #3046, .T. ) ;
#1394 = ORIENTED_EDGE ( 'NONE', *, *, #4061, .F. ) ;
#1395 = DIRECTION ( 'NONE',  ( 0.000000000000000000, 0.000000000000000000, -1.000000000000000000 ) ) ;
#1396 = FACE_OUTER_BOUND ( 'NONE', #3936, .T. ) ;
#1397 = VECTOR ( 'NONE', #2507, 1000.000000000000000 ) ;
#1398 = CARTESIAN_POINT ( 'NONE',  ( 37.99999999999999289, -2.999999999999999112, 0.000000000000000000 ) ) ;
#1399 = VECTOR ( 'NONE', #4132, 1000.000000000000000 ) ;
#1400 = ORIENTED_EDGE ( 'NONE', *, *, #3344, .T. ) ;
#1401 = CARTESIAN_POINT ( 'NONE',  ( 95.44546502376574892, 34.99999999999999289, 15.19624826169353682 ) ) ;
#1402 = CARTESIAN_POINT ( 'NONE',  ( -113.3337859953261102, 2.063087035636782628E-15, -12.16371863260555486 ) ) ;
#1403 = DIRECTION ( 'NONE',  ( 1.000000000000000000, 0.000000000000000000, -6.608470384673549052E-16 ) ) ;
#1404 = ORIENTED_EDGE ( 'NONE', *, *, #951, .F. ) ;
#1405 = CARTESIAN_POINT ( 'NONE',  ( 39.23961491966522885, -2.686563675237864324, -10.93276237596960776 ) ) ;
#1406 = FACE_OUTER_BOUND ( 'NONE', #2216, .T. ) ;
#1407 = CIRCLE ( 'NONE', #1112, 15.00000000000001421 ) ;
#1408 = CARTESIAN_POINT ( 'NONE',  ( -74.55453497623425108, 35.00000000000000711, 15.19624826169356702 ) ) ;
#1409 = CARTESIAN_POINT ( 'NONE',  ( 37.99999999999999289, -11.00000000000000000, 0.000000000000000000 ) ) ;
#1410 = CARTESIAN_POINT ( 'NONE',  ( 120.2391781633102141, -2.656775355114909143, -11.00017533018792193 ) ) ;
#1411 = CARTESIAN_POINT ( 'NONE',  ( -105.0000000000000426, -2.999999999999997335, 12.00000000000001776 ) ) ;
#1412 = PERSON_AND_ORGANIZATION ( #4433, #3123 ) ;
#1413 = CIRCLE ( 'NONE', #2025, 6.120000000000000107 ) ;
#1414 = DIRECTION ( 'NONE',  ( 0.000000000000000000, -1.000000000000000000, 0.000000000000000000 ) ) ;
#1415 = CARTESIAN_POINT ( 'NONE',  ( -106.0166778747760787, 1.584940930369847357E-10, -0.7532799240541282471 ) ) ;
#1416 = AXIS2_PLACEMENT_3D ( 'NONE', #567, #643, #250 ) ;
#1417 = VERTEX_POINT ( 'NONE', #2211 ) ;
#1418 = CARTESIAN_POINT ( 'NONE',  ( -44.09636092201301949, 0.01333660880619277900, 12.30943927971739882 ) ) ;
#1419 = ORIENTED_EDGE ( 'NONE', *, *, #4128, .T. ) ;
#1420 = CARTESIAN_POINT ( 'NONE',  ( 122.2010761869289723, 0.1427711910750055768, 12.91473666705799772 ) ) ;
#1421 = EDGE_LOOP ( 'NONE', ( #3648, #16, #1565, #1075 ) ) ;
#1422 = CARTESIAN_POINT ( 'NONE',  ( 79.99999999999998579, 35.00000000000000000, 21.50000000000002842 ) ) ;
#1423 = CARTESIAN_POINT ( 'NONE',  ( -121.5689914839058190, 0.1568857463923302997, 12.95770837007677656 ) ) ;
#1424 = DIRECTION ( 'NONE',  ( 0.000000000000000000, 0.000000000000000000, 1.000000000000000000 ) ) ;
#1425 = EDGE_CURVE ( 'NONE', #2376, #2443, #3892, .T. ) ;
#1426 = EDGE_LOOP ( 'NONE', ( #3659, #4147, #2085, #1652, #1616 ) ) ;
#1427 = CARTESIAN_POINT ( 'NONE',  ( 112.7888974490720386, -3.000000000000000000, -12.00000000000001599 ) ) ;
#1428 = CARTESIAN_POINT ( 'NONE',  ( -119.0168662384640044, -2.675164730406816904, -10.95880049992951122 ) ) ;
#1429 = CARTESIAN_POINT ( 'NONE',  ( -104.3130606444873649, -2.769618889652470273, 1.476647638183756994 ) ) ;
#1430 = ORIENTED_EDGE ( 'NONE', *, *, #1697, .F. ) ;
#1431 = CARTESIAN_POINT ( 'NONE',  ( 79.99999999999998579, -40.00000000000000000, 42.00000000000003553 ) ) ;
#1432 = CARTESIAN_POINT ( 'NONE',  ( 31.89782528684524010, 0.01321386987367700709, -12.30789356747259689 ) ) ;
#1433 = AXIS2_PLACEMENT_3D ( 'NONE', #4768, #2141, #4070 ) ;
#1434 = CYLINDRICAL_SURFACE ( 'NONE', #4557, 10.99999999999999289 ) ;
#1435 = DIRECTION ( 'NONE',  ( -0.000000000000000000, 1.000000000000000000, -0.000000000000000000 ) ) ;
#1436 = CARTESIAN_POINT ( 'NONE',  ( 120.5204114233550854, -0.5347353838931675485, -10.99090798253826051 ) ) ;
#1437 = ADVANCED_FACE ( 'NONE', ( #2893 ), #4059, .F. ) ;
#1438 = LINE ( 'NONE', #369, #4281 ) ;
#1439 = DIRECTION ( 'NONE',  ( 0.000000000000000000, 0.000000000000000000, -1.000000000000000000 ) ) ;
#1440 = CARTESIAN_POINT ( 'NONE',  ( -103.7046929657741572, -3.000000000000008882, -0.1248467038467218904 ) ) ;
#1441 = CARTESIAN_POINT ( 'NONE',  ( -44.66621400467121106, 2.139204296093036744E-15, 12.16371863260891217 ) ) ;
#1442 = AXIS2_PLACEMENT_3D ( 'NONE', #1409, #2891, #2469 ) ;
#1443 = VERTEX_POINT ( 'NONE', #4344 ) ;
#1444 = CARTESIAN_POINT ( 'NONE',  ( 38.49507791648149890, -2.656854249492413445, 10.99999999999991473 ) ) ;
#1445 = ORIENTED_EDGE ( 'NONE', *, *, #90, .F. ) ;
#1446 = CARTESIAN_POINT ( 'NONE',  ( -120.0000000000000000, -12.99999999999997691, 10.99999999999999289 ) ) ;
#1447 = CARTESIAN_POINT ( 'NONE',  ( -121.2512611510407510, 0.1624176347298776635, 12.97378213628978116 ) ) ;
#1448 = ADVANCED_FACE ( 'NONE', ( #345 ), #560, .T. ) ;
#1449 = CIRCLE ( 'NONE', #3698, 2.999999999999999112 ) ;
#1450 = CARTESIAN_POINT ( 'NONE',  ( -121.2137992041582919, 0.1716145698699231559, 13.00011793020068396 ) ) ;
#1451 = EDGE_CURVE ( 'NONE', #819, #2481, #2661, .T. ) ;
#1452 = ORIENTED_EDGE ( 'NONE', *, *, #2382, .T. ) ;
#1453 = CARTESIAN_POINT ( 'NONE',  ( 95.09868032350466649, 35.00000000000000000, 16.17343160663269686 ) ) ;
#1454 = CARTESIAN_POINT ( 'NONE',  ( 116.1157586125295893, -2.901150131221789774, -10.30324543672240978 ) ) ;
#1455 = ORIENTED_EDGE ( 'NONE', *, *, #2226, .T. ) ;
#1456 = FACE_OUTER_BOUND ( 'NONE', #2775, .T. ) ;
#1457 = DIRECTION ( 'NONE',  ( -1.000000000000000000, 0.000000000000000000, 1.387778780781445676E-16 ) ) ;
#1458 = CARTESIAN_POINT ( 'NONE',  ( 35.48770227217920592, 0.1343023901165966150, -12.88819465762490957 ) ) ;
#1459 = CARTESIAN_POINT ( 'NONE',  ( -37.99999999999999289, -11.00000000000000000, 2.750000000000002665 ) ) ;
#1460 = DIRECTION ( 'NONE',  ( -0.000000000000000000, 1.000000000000000000, -0.000000000000000000 ) ) ;
#1461 = DIRECTION ( 'NONE',  ( 0.000000000000000000, 0.000000000000000000, -1.000000000000000000 ) ) ;
#1462 = APPROVAL_ROLE ( '' ) ;
#1463 = DIRECTION ( 'NONE',  ( -0.000000000000000000, 1.000000000000000000, -0.000000000000000000 ) ) ;
#1464 = CARTESIAN_POINT ( 'NONE',  ( 64.90132133336688014, 35.00000000000000000, 16.17343990269286991 ) ) ;
#1465 = EDGE_CURVE ( 'NONE', #2901, #968, #1438, .T. ) ;
#1466 = CARTESIAN_POINT ( 'NONE',  ( -43.31800717752943797, -0.1371807331370007432, 9.637608743005118939 ) ) ;
#1467 = ORIENTED_EDGE ( 'NONE', *, *, #3513, .F. ) ;
#1468 = FACE_OUTER_BOUND ( 'NONE', #1906, .T. ) ;
#1469 = VERTEX_POINT ( 'NONE', #4397 ) ;
#1470 = DIRECTION ( 'NONE',  ( 0.000000000000000000, 0.000000000000000000, -1.000000000000000000 ) ) ;
#1471 = CARTESIAN_POINT ( 'NONE',  ( -122.6085980005170626, -0.4981258624552967196, 10.69889109171051977 ) ) ;
#1472 = CARTESIAN_POINT ( 'NONE',  ( 40.43264667120121914, 0.1379709524836471579, 12.90030929811990212 ) ) ;
#1473 = EDGE_CURVE ( 'NONE', #3478, #3838, #1, .T. ) ;
#1474 = AXIS2_PLACEMENT_3D ( 'NONE', #3378, #835, #4497 ) ;
#1475 = ORIENTED_EDGE ( 'NONE', *, *, #1880, .F. ) ;
#1476 = DIRECTION ( 'NONE',  ( -0.5150787536377101627, 0.000000000000000000, -0.8571428571428587606 ) ) ;
#1477 = DIRECTION ( 'NONE',  ( 0.000000000000000000, 0.000000000000000000, 1.000000000000000000 ) ) ;
#1478 = EDGE_CURVE ( 'NONE', #1236, #4349, #3589, .T. ) ;
#1479 = ORIENTED_EDGE ( 'NONE', *, *, #3905, .T. ) ;
#1480 = CARTESIAN_POINT ( 'NONE',  ( 127.2111025509280182, 0.000000000000000000, 11.99999999999998046 ) ) ;
#1481 = AXIS2_PLACEMENT_3D ( 'NONE', #1627, #883, #906 ) ;
#1482 = CARTESIAN_POINT ( 'NONE',  ( -37.99999999999999289, -15.00000000000000000, 0.000000000000000000 ) ) ;
#1483 = EDGE_LOOP ( 'NONE', ( #37, #295, #3381, #1858, #2936 ) ) ;
#1484 = CARTESIAN_POINT ( 'NONE',  ( 150.0000000000000000, 3.000000000000002665, 14.99999999999997868 ) ) ;
#1485 = CARTESIAN_POINT ( 'NONE',  ( 61.99999999999997158, 3.000000000000002665, 11.99999999999999112 ) ) ;
#1486 = LINE ( 'NONE', #2604, #1978 ) ;
#1487 = CARTESIAN_POINT ( 'NONE',  ( 64.99999999999997158, 32.00000000000000000, 11.99999999999999112 ) ) ;
#1488 = PERSON_AND_ORGANIZATION ( #4433, #3123 ) ;
#1489 = ADVANCED_FACE ( 'NONE', ( #3304, #1085 ), #2498, .F. ) ;
#1490 = ADVANCED_FACE ( 'NONE', ( #1847 ), #1546, .F. ) ;
#1491 = AXIS2_PLACEMENT_3D ( 'NONE', #1808, #2140, #1367 ) ;
#1492 = DIRECTION ( 'NONE',  ( -0.000000000000000000, 1.000000000000000000, -0.000000000000000000 ) ) ;
#1493 = LINE ( 'NONE', #4477, #210 ) ;
#1494 = AXIS2_PLACEMENT_3D ( 'NONE', #2183, #1894, #4422 ) ;
#1495 = AXIS2_PLACEMENT_3D ( 'NONE', #565, #3958, #983 ) ;
#1496 = CARTESIAN_POINT ( 'NONE',  ( -34.11575861252958219, -2.901150131221789774, 10.30324543672239557 ) ) ;
#1497 = ORIENTED_EDGE ( 'NONE', *, *, #4320, .F. ) ;
#1498 = CARTESIAN_POINT ( 'NONE',  ( 119.7445185887268906, -0.5355522206100675753, 11.00019923545548117 ) ) ;
#1499 = AXIS2_PLACEMENT_3D ( 'NONE', #3689, #1816, #3298 ) ;
#1500 = ORIENTED_EDGE ( 'NONE', *, *, #743, .F. ) ;
#1501 = CARTESIAN_POINT ( 'NONE',  ( 95.00000000000000000, 35.00000000000000000, 27.00000000000002842 ) ) ;
#1502 = CARTESIAN_POINT ( 'NONE',  ( -120.0000000000000000, -15.00000000000000000, 0.000000000000000000 ) ) ;
#1503 = CARTESIAN_POINT ( 'NONE',  ( -126.6263296326153807, 8.957373417214223620E-17, 12.17570239512323660 ) ) ;
#1504 = VERTEX_POINT ( 'NONE', #688 ) ;
#1505 = VERTEX_POINT ( 'NONE', #3613 ) ;
#1506 = DIRECTION ( 'NONE',  ( -0.000000000000000000, -1.000000000000000000, -0.000000000000000000 ) ) ;
#1507 = ORIENTED_EDGE ( 'NONE', *, *, #3746, .F. ) ;
#1508 = CARTESIAN_POINT ( 'NONE',  ( -150.0000000000000000, 0.000000000000000000, 12.00000000000002132 ) ) ;
#1509 = LOCAL_TIME ( 4, 12, 43.00000000000000000, #1749 ) ;
#1510 = ORIENTED_EDGE ( 'NONE', *, *, #3474, .T. ) ;
#1511 = DIRECTION ( 'NONE',  ( -0.5150787536377098297, 0.000000000000000000, -0.8571428571428588716 ) ) ;
#1512 = CARTESIAN_POINT ( 'NONE',  ( 95.00000000000000000, -3.000000000000002665, 6.000000000000019540 ) ) ;
#1513 = DIRECTION ( 'NONE',  ( -6.608470384673549052E-16, 0.000000000000000000, -1.000000000000000000 ) ) ;
#1514 = CARTESIAN_POINT ( 'NONE',  ( -150.0000000000000000, 33.00000000000000000, -12.99999999999997868 ) ) ;
#1515 = DIRECTION ( 'NONE',  ( 0.000000000000000000, -0.000000000000000000, -1.000000000000000000 ) ) ;
#1516 = CARTESIAN_POINT ( 'NONE',  ( 150.0000000000000000, 35.00000000000000000, 14.99999999999997868 ) ) ;
#1517 = CARTESIAN_POINT ( 'NONE',  ( -38.98313376154032994, -2.675164730406889735, 10.95880049992922523 ) ) ;
#1518 = ORIENTED_EDGE ( 'NONE', *, *, #2691, .F. ) ;
#1519 = CARTESIAN_POINT ( 'NONE',  ( 120.5364070866858413, -0.5354963785437990564, 10.99959175981152981 ) ) ;
#1520 = ADVANCED_FACE ( 'NONE', ( #4782 ), #268, .F. ) ;
#1521 = ORIENTED_EDGE ( 'NONE', *, *, #2374, .F. ) ;
#1522 = DIRECTION ( 'NONE',  ( 0.000000000000000000, 0.000000000000000000, -1.000000000000000000 ) ) ;
#1523 = PLANE ( 'NONE',  #4443 ) ;
#1524 = VECTOR ( 'NONE', #266, 1000.000000000000000 ) ;
#1525 = CARTESIAN_POINT ( 'NONE',  ( 31.37367036738458026, 5.241016361135981499E-17, 12.17570239512321884 ) ) ;
#1526 = ORIENTED_EDGE ( 'NONE', *, *, #4295, .F. ) ;
#1527 = CIRCLE ( 'NONE', #2364, 6.000000000000000000 ) ;
#1528 = CARTESIAN_POINT ( 'NONE',  ( 120.0000000000000000, -15.00000000000000000, 0.000000000000000000 ) ) ;
#1529 = EDGE_CURVE ( 'NONE', #568, #3715, #2605, .T. ) ;
#1530 = ORIENTED_EDGE ( 'NONE', *, *, #2152, .T. ) ;
#1531 = DIRECTION ( 'NONE',  ( 0.000000000000000000, -1.000000000000000000, 0.000000000000000000 ) ) ;
#1532 = ORIENTED_EDGE ( 'NONE', *, *, #3234, .T. ) ;
#1533 = CARTESIAN_POINT ( 'NONE',  ( -72.00000000000001421, 0.000000000000000000, 6.000000000000019540 ) ) ;
#1534 = CARTESIAN_POINT ( 'NONE',  ( -72.00000000000001421, 32.00000000000000000, 18.00000000000001066 ) ) ;
#1535 = CARTESIAN_POINT ( 'NONE',  ( 120.0000000000000000, -15.00000000000000000, 2.750000000000002665 ) ) ;
#1536 = DIRECTION ( 'NONE',  ( -0.000000000000000000, 1.000000000000000000, -0.000000000000000000 ) ) ;
#1537 = AXIS2_PLACEMENT_3D ( 'NONE', #814, #3724, #1604 ) ;
#1538 = EDGE_CURVE ( 'NONE', #1504, #3341, #3573, .T. ) ;
#1539 = AXIS2_PLACEMENT_3D ( 'NONE', #55, #3018, #2308 ) ;
#1540 = CYLINDRICAL_SURFACE ( 'NONE', #1014, 2.749999999999999112 ) ;
#1541 = DIRECTION ( 'NONE',  ( -0.000000000000000000, 1.000000000000000000, -0.000000000000000000 ) ) ;
#1542 = EDGE_CURVE ( 'NONE', #2427, #2399, #3497, .T. ) ;
#1543 = DIRECTION ( 'NONE',  ( 0.000000000000000000, -0.000000000000000000, -1.000000000000000000 ) ) ;
#1544 = VERTEX_POINT ( 'NONE', #3131 ) ;
#1545 = FACE_OUTER_BOUND ( 'NONE', #2987, .T. ) ;
#1546 = TOROIDAL_SURFACE ( 'NONE', #846, 6.000000000000000000, 3.000000000000000000 ) ;
#1547 = CARTESIAN_POINT ( 'NONE',  ( -34.87210667632047745, 0.1158849091890830491, -12.83026657881061894 ) ) ;
#1548 = EDGE_CURVE ( 'NONE', #1544, #4389, #3859, .T. ) ;
#1549 = EDGE_LOOP ( 'NONE', ( #2540, #2646, #4640, #4553 ) ) ;
#1550 = CARTESIAN_POINT ( 'NONE',  ( 38.53640708668593362, -0.5354963785439349477, 10.99959175981097026 ) ) ;
#1551 = ORIENTED_EDGE ( 'NONE', *, *, #945, .F. ) ;
#1552 = DIRECTION ( 'NONE',  ( -1.000000000000000000, 0.000000000000000000, 1.503427012513232897E-16 ) ) ;
#1553 = EDGE_CURVE ( 'NONE', #4156, #1910, #778, .T. ) ;
#1554 = EDGE_LOOP ( 'NONE', ( #2435, #659, #1404, #3563 ) ) ;
#1555 = DIRECTION ( 'NONE',  ( -1.000000000000000000, 0.000000000000000000, -5.782411586589351722E-16 ) ) ;
#1556 = DIRECTION ( 'NONE',  ( 0.000000000000000000, 0.000000000000000000, -1.000000000000000000 ) ) ;
#1557 = DIRECTION ( 'NONE',  ( 0.000000000000000000, 0.000000000000000000, -1.000000000000000000 ) ) ;
#1558 = AXIS2_PLACEMENT_3D ( 'NONE', #609, #1824, #2925 ) ;
#1559 = CYLINDRICAL_SURFACE ( 'NONE', #1078, 3.000000000000000888 ) ;
#1560 = CIRCLE ( 'NONE', #1318, 2.999999999999999112 ) ;
#1561 = CIRCLE ( 'NONE', #4267, 3.000000000000000444 ) ;
#1562 = PLANE ( 'NONE',  #4338 ) ;
#1563 = CARTESIAN_POINT ( 'NONE',  ( 64.99999999999998579, 35.00000000000000000, 16.67617630846049437 ) ) ;
#1564 = CARTESIAN_POINT ( 'NONE',  ( 121.2396149196652431, -2.686563675237865212, -10.93276237596962375 ) ) ;
#1565 = ORIENTED_EDGE ( 'NONE', *, *, #3293, .T. ) ;
#1566 = CIRCLE ( 'NONE', #1491, 11.00000000000000711 ) ;
#1567 = CYLINDRICAL_SURFACE ( 'NONE', #822, 2.999999999999999112 ) ;
#1568 = AXIS2_PLACEMENT_3D ( 'NONE', #3380, #818, #2286 ) ;
#1569 = CARTESIAN_POINT ( 'NONE',  ( -38.99428665648500214, -2.672614824791476718, -10.96613122369306659 ) ) ;
#1570 = PLANE ( 'NONE',  #4517 ) ;
#1571 = AXIS2_PLACEMENT_3D ( 'NONE', #1966, #582, #559 ) ;
#1572 = ORIENTED_EDGE ( 'NONE', *, *, #4707, .T. ) ;
#1573 = CARTESIAN_POINT ( 'NONE',  ( 43.66586629001483288, 3.903127820947815174E-15, 9.428571428571423496 ) ) ;
#1574 = AXIS2_PLACEMENT_3D ( 'NONE', #712, #3696, #1461 ) ;
#1575 = VERTEX_POINT ( 'NONE', #2705 ) ;
#1576 = CARTESIAN_POINT ( 'NONE',  ( 120.0000000000000000, -11.41999999999999993, 0.000000000000000000 ) ) ;
#1577 = ADVANCED_FACE ( 'NONE', ( #2402, #842 ), #2038, .F. ) ;
#1578 = EDGE_CURVE ( 'NONE', #1785, #4298, #2749, .T. ) ;
#1579 = ORIENTED_EDGE ( 'NONE', *, *, #1889, .F. ) ;
#1580 = CARTESIAN_POINT ( 'NONE',  ( 37.99999999999999289, -15.00000000000000000, -6.120000000000000107 ) ) ;
#1581 = LINE ( 'NONE', #4536, #4698 ) ;
#1582 = CARTESIAN_POINT ( 'NONE',  ( 114.3341337099851103, -2.999999999999999112, 9.428571428571412838 ) ) ;
#1583 = DIRECTION ( 'NONE',  ( 0.000000000000000000, -1.000000000000000000, 0.000000000000000000 ) ) ;
#1584 = EDGE_LOOP ( 'NONE', ( #1286, #2411, #839, #2680 ) ) ;
#1585 = EDGE_CURVE ( 'NONE', #2074, #859, #3793, .T. ) ;
#1586 = DIRECTION ( 'NONE',  ( 0.000000000000000000, 0.000000000000000000, -1.000000000000000000 ) ) ;
#1587 = ORIENTED_EDGE ( 'NONE', *, *, #4326, .T. ) ;
#1588 = LINE ( 'NONE', #4566, #213 ) ;
#1589 = AXIS2_PLACEMENT_3D ( 'NONE', #2666, #1927, #3072 ) ;
#1590 = CARTESIAN_POINT ( 'NONE',  ( -36.76722097691602897, -2.686228507470421079, -10.93354172456699835 ) ) ;
#1591 = CARTESIAN_POINT ( 'NONE',  ( 43.23769098949285450, -2.999999996512644707, -9.685872762057950780 ) ) ;
#1592 = EDGE_CURVE ( 'NONE', #2481, #4176, #1588, .T. ) ;
#1593 = ORIENTED_EDGE ( 'NONE', *, *, #3843, .T. ) ;
#1594 = CARTESIAN_POINT ( 'NONE',  ( 39.06521108052047708, -0.5324910077280231580, 10.96082380305061399 ) ) ;
#1595 = EDGE_LOOP ( 'NONE', ( #3437, #221, #2990, #328 ) ) ;
#1596 = FACE_BOUND ( 'NONE', #470, .T. ) ;
#1597 = EDGE_CURVE ( 'NONE', #519, #107, #4170, .T. ) ;
#1598 = CIRCLE ( 'NONE', #769, 3.000000000000003109 ) ;
#1599 = ORIENTED_EDGE ( 'NONE', *, *, #4228, .F. ) ;
#1600 = CARTESIAN_POINT ( 'NONE',  ( 150.0000000000000000, 33.00000000000000000, 12.99999999999997868 ) ) ;
#1601 = LINE ( 'NONE', #3215, #448 ) ;
#1602 = DIRECTION ( 'NONE',  ( 1.000000000000000000, 0.000000000000000000, 0.000000000000000000 ) ) ;
#1603 = VECTOR ( 'NONE', #2277, 1000.000000000000000 ) ;
#1604 = DIRECTION ( 'NONE',  ( 0.000000000000000000, 0.000000000000000000, -1.000000000000000000 ) ) ;
#1605 = CARTESIAN_POINT ( 'NONE',  ( -90.00000000000002842, 35.00000000000000000, 27.00000000000002132 ) ) ;
#1606 = ORIENTED_EDGE ( 'NONE', *, *, #4773, .T. ) ;
#1607 = CARTESIAN_POINT ( 'NONE',  ( 98.00000000000000000, 0.000000000000000000, 6.000000000000019540 ) ) ;
#1608 = DIRECTION ( 'NONE',  ( -0.000000000000000000, 0.000000000000000000, 1.000000000000000000 ) ) ;
#1609 = AXIS2_PLACEMENT_3D ( 'NONE', #4558, #1625, #927 ) ;
#1610 = EDGE_LOOP ( 'NONE', ( #2710, #230, #3119, #1789, #1132, #680 ) ) ;
#1611 = EDGE_CURVE ( 'NONE', #4285, #47, #2005, .T. ) ;
#1612 = DIRECTION ( 'NONE',  ( 0.000000000000000000, 0.000000000000000000, 1.000000000000000000 ) ) ;
#1613 = CARTESIAN_POINT ( 'NONE',  ( -37.76082183668867742, -2.656775355114969983, -11.00017533018791660 ) ) ;
#1614 = CARTESIAN_POINT ( 'NONE',  ( -120.0000000000000000, -11.41999999999999993, 0.000000000000000000 ) ) ;
#1615 = AXIS2_PLACEMENT_3D ( 'NONE', #853, #809, #4470 ) ;
#1616 = ORIENTED_EDGE ( 'NONE', *, *, #2009, .T. ) ;
#1617 = CARTESIAN_POINT ( 'NONE',  ( 44.66419392096674557, 2.583883606997366065E-15, 12.16432559199181362 ) ) ;
#1618 = ORIENTED_EDGE ( 'NONE', *, *, #441, .T. ) ;
#1619 = DIRECTION ( 'NONE',  ( 0.000000000000000000, 0.000000000000000000, 1.000000000000000000 ) ) ;
#1620 = APPROVAL ( #4703, 'UNSPECIFIED' ) ;
#1621 = ORIENTED_EDGE ( 'NONE', *, *, #2626, .T. ) ;
#1622 = EDGE_CURVE ( 'NONE', #773, #4358, #1969, .T. ) ;
#1623 = CARTESIAN_POINT ( 'NONE',  ( -122.8567859062698204, -0.4825024581506781041, -10.62668746299312872 ) ) ;
#1624 = DIRECTION ( 'NONE',  ( 0.000000000000000000, 0.000000000000000000, 1.000000000000000000 ) ) ;
#1625 = DIRECTION ( 'NONE',  ( 0.000000000000000000, 0.000000000000000000, 1.000000000000000000 ) ) ;
#1626 = DIRECTION ( 'NONE',  ( 0.000000000000000000, 0.000000000000000000, 1.000000000000000000 ) ) ;
#1627 = CARTESIAN_POINT ( 'NONE',  ( -37.99999999999999289, -12.99999999999996980, 0.000000000000000000 ) ) ;
#1629 = ORIENTED_EDGE ( 'NONE', *, *, #3400, .F. ) ;
#1628 = AXIS2_PLACEMENT_3D ( 'NONE', #3789, #1184, #98 ) ;
#1630 = CARTESIAN_POINT ( 'NONE',  ( 98.00000000000000000, -3.000000000000000000, 11.99999999999998579 ) ) ;
#1631 = DIRECTION ( 'NONE',  ( 0.000000000000000000, 0.000000000000000000, -1.000000000000000000 ) ) ;
#1632 = EDGE_CURVE ( 'NONE', #3500, #3320, #3475, .T. ) ;
#1633 = ORIENTED_EDGE ( 'NONE', *, *, #2305, .F. ) ;
#1634 = CIRCLE ( 'NONE', #1481, 11.00000000000000000 ) ;
#1635 = CARTESIAN_POINT ( 'NONE',  ( -39.21379920415830611, 0.1716145698699260980, 13.00011793020068218 ) ) ;
#1636 = CARTESIAN_POINT ( 'NONE',  ( -39.06521108052044866, -0.5324910077280248233, -10.96082380305062465 ) ) ;
#1637 = ORIENTED_EDGE ( 'NONE', *, *, #2806, .F. ) ;
#1638 = LINE ( 'NONE', #497, #1802 ) ;
#1639 = ORIENTED_EDGE ( 'NONE', *, *, #4135, .T. ) ;
#1640 = CARTESIAN_POINT ( 'NONE',  ( -117.2949484872010117, -2.790587238327987052, 10.66509412981984717 ) ) ;
#1641 = B_SPLINE_CURVE_WITH_KNOTS ( 'NONE', 3,
 ( #1884, #1503, #2985, #698, #3681, #3289, #1450, #4462, #3710, #355, #3652, #2933, #4792, #1148, #2907, #4382 ),
 .UNSPECIFIED., .F., .F.,
 ( 4, 2, 2, 2, 2, 2, 2, 4 ),
 ( 6.835559930486154492E-21, 0.001830530536321572140, 0.003661061072643144280, 0.007322122145286288561, 0.009152652681607861135, 0.01098318321792943197, 0.01281371375425100455, 0.01464424429057257712 ),
 .UNSPECIFIED. ) ;
#1642 = ORIENTED_EDGE ( 'NONE', *, *, #4466, .F. ) ;
#1643 = CARTESIAN_POINT ( 'NONE',  ( 79.99999999999998579, -40.00000000000000711, 21.50000000000004263 ) ) ;
#1644 = AXIS2_PLACEMENT_3D ( 'NONE', #4204, #4541, #4138 ) ;
#1645 = EDGE_LOOP ( 'NONE', ( #1176, #4327, #2230, #3260 ) ) ;
#1646 = AXIS2_PLACEMENT_3D ( 'NONE', #1317, #1342, #938 ) ;
#1647 = DIRECTION ( 'NONE',  ( 0.000000000000000000, -1.000000000000000000, 0.000000000000000000 ) ) ;
#1648 = DIRECTION ( 'NONE',  ( -0.000000000000000000, 1.000000000000000000, -0.000000000000000000 ) ) ;
#1649 = DIRECTION ( 'NONE',  ( 0.000000000000000000, 0.000000000000000000, 1.000000000000000000 ) ) ;
#1650 = EDGE_CURVE ( 'NONE', #2019, #2719, #1680, .T. ) ;
#1651 = DIRECTION ( 'NONE',  ( -0.000000000000000000, 1.000000000000000000, -0.000000000000000000 ) ) ;
#1652 = ORIENTED_EDGE ( 'NONE', *, *, #3519, .T. ) ;
#1653 = CARTESIAN_POINT ( 'NONE',  ( 116.5572071655523843, 0.1047063810656814753, -12.78687808250979252 ) ) ;
#1654 = DIRECTION ( 'NONE',  ( -1.000000000000000000, 0.000000000000000000, 1.387778780781445676E-16 ) ) ;
#1655 = ORIENTED_EDGE ( 'NONE', *, *, #399, .F. ) ;
#1656 = DIRECTION ( 'NONE',  ( -0.000000000000000000, -1.000000000000000000, -0.000000000000000000 ) ) ;
#1657 = CARTESIAN_POINT ( 'NONE',  ( -35.48770227217919881, 0.1343023901166101042, 12.88819465762495042 ) ) ;
#1658 = EDGE_CURVE ( 'NONE', #2427, #1785, #4706, .T. ) ;
#1659 = ORIENTED_EDGE ( 'NONE', *, *, #1818, .T. ) ;
#1660 = DIRECTION ( 'NONE',  ( 0.000000000000000000, 0.000000000000000000, -1.000000000000000000 ) ) ;
#1661 = AXIS2_PLACEMENT_3D ( 'NONE', #3457, #2275, #3367 ) ;
#1662 = EDGE_CURVE ( 'NONE', #2789, #4009, #48, .T. ) ;
#1663 = ORIENTED_EDGE ( 'NONE', *, *, #103, .F. ) ;
#1664 = CARTESIAN_POINT ( 'NONE',  ( -120.2554814112708925, -0.5355522206099985194, 11.00019923545601408 ) ) ;
#1665 = VERTEX_POINT ( 'NONE', #708 ) ;
#1666 = FACE_BOUND ( 'NONE', #1309, .T. ) ;
#1667 = ORIENTED_EDGE ( 'NONE', *, *, #1737, .T. ) ;
#1668 = EDGE_CURVE ( 'NONE', #414, #4191, #1769, .T. ) ;
#1669 = CARTESIAN_POINT ( 'NONE',  ( -122.4619894478038589, -2.769474244133848462, -10.72383688450635475 ) ) ;
#1670 = FACE_OUTER_BOUND ( 'NONE', #3902, .T. ) ;
#1671 = DIRECTION ( 'NONE',  ( -1.000000000000000000, -0.000000000000000000, -0.000000000000000000 ) ) ;
#1672 = B_SPLINE_CURVE_WITH_KNOTS ( 'NONE', 3,
 ( #3214, #3970, #1375, #1454, #2566, #3994, #677, #2938, #1099, #4048 ),
 .UNSPECIFIED., .F., .F.,
 ( 4, 2, 2, 2, 4 ),
 ( 0.000000000000000000, 0.001485981294992208762, 0.002971962589984417525, 0.004457943884976626504, 0.005943925179968835050 ),
 .UNSPECIFIED. ) ;
#1673 = DIRECTION ( 'NONE',  ( -0.8571428571428593157, 0.000000000000000000, -0.5150787536377094966 ) ) ;
#1674 = EDGE_LOOP ( 'NONE', ( #491, #900, #1991, #1116, #4097, #3435, #4378, #2748 ) ) ;
#1675 = AXIS2_PLACEMENT_3D ( 'NONE', #1909, #784, #2257 ) ;
#1676 = DIRECTION ( 'NONE',  ( 0.000000000000000000, 0.000000000000000000, 1.000000000000000000 ) ) ;
#1677 = DIRECTION ( 'NONE',  ( 0.000000000000000000, -1.000000000000000000, 0.000000000000000000 ) ) ;
#1678 = APPROVAL_DATE_TIME ( #2867, #1620 ) ;
#1679 = ORIENTED_EDGE ( 'NONE', *, *, #1720, .T. ) ;
#1680 = LINE ( 'NONE', #890, #1995 ) ;
#1681 = EDGE_CURVE ( 'NONE', #3418, #4046, #1793, .T. ) ;
#1682 = CARTESIAN_POINT ( 'NONE',  ( -35.14321409373123828, -0.4825024581510149457, 10.62668746299340761 ) ) ;
#1683 = ORIENTED_EDGE ( 'NONE', *, *, #1451, .T. ) ;
#1684 = FACE_OUTER_BOUND ( 'NONE', #4511, .T. ) ;
#1685 = AXIS2_PLACEMENT_3D ( 'NONE', #2631, #3080, #2325 ) ;
#1686 = EDGE_LOOP ( 'NONE', ( #1229, #1633, #4444, #1027 ) ) ;
#1687 = AXIS2_PLACEMENT_3D ( 'NONE', #2285, #1874, #3358 ) ;
#1688 = CARTESIAN_POINT ( 'NONE',  ( -115.9436336839006714, -0.3879348319878884177, 10.23668291508373684 ) ) ;
#1689 = VERTEX_POINT ( 'NONE', #1484 ) ;
#1690 = DIRECTION ( 'NONE',  ( 0.000000000000000000, -0.000000000000000000, -1.000000000000000000 ) ) ;
#1691 = EDGE_CURVE ( 'NONE', #968, #3366, #2632, .T. ) ;
#1692 = ORIENTED_EDGE ( 'NONE', *, *, #2180, .T. ) ;
#1693 = CARTESIAN_POINT ( 'NONE',  ( -120.0000000000000000, -11.41999999999999993, 0.000000000000000000 ) ) ;
#1694 = CARTESIAN_POINT ( 'NONE',  ( -150.0000000000000000, 35.00000000000000000, -14.99999999999997868 ) ) ;
#1695 = ORIENTED_EDGE ( 'NONE', *, *, #815, .T. ) ;
#1696 = CARTESIAN_POINT ( 'NONE',  ( -125.2348441161832682, -3.000000000000000000, -9.687583520006679549 ) ) ;
#1697 = EDGE_CURVE ( 'NONE', #1766, #4046, #2941, .T. ) ;
#1698 = CARTESIAN_POINT ( 'NONE',  ( -122.4626487748244585, -2.768664227492998009, 10.73208223910488890 ) ) ;
#1699 = DIRECTION ( 'NONE',  ( -1.000000000000000000, -0.000000000000000000, -0.000000000000000000 ) ) ;
#1700 = CARTESIAN_POINT ( 'NONE',  ( 120.6195768454357022, 0.1697642401667071865, -12.99493259691797498 ) ) ;
#1701 = DIRECTION ( 'NONE',  ( 0.000000000000000000, 0.000000000000000000, 1.000000000000000000 ) ) ;
#1702 = DIRECTION ( 'NONE',  ( -1.000000000000000000, 0.000000000000000000, 1.503427012513232897E-16 ) ) ;
#1703 = CIRCLE ( 'NONE', #3639, 5.500000000000007994 ) ;
#1704 = CARTESIAN_POINT ( 'NONE',  ( -103.9288178290747453, -2.924976612833340095, 0.4042466560460351577 ) ) ;
#1705 = CARTESIAN_POINT ( 'NONE',  ( -33.95614179058134141, -0.3896520326622454067, -10.24183511160005189 ) ) ;
#1706 = EDGE_LOOP ( 'NONE', ( #3514, #4482 ) ) ;
#1707 = CARTESIAN_POINT ( 'NONE',  ( -90.00000000000001421, -3.000000000000002665, 6.000000000000019540 ) ) ;
#1708 = CIRCLE ( 'NONE', #3416, 2.999999999999995115 ) ;
#1709 = CARTESIAN_POINT ( 'NONE',  ( 35.53857994903853523, -2.768538346299073805, -10.73256665193532911 ) ) ;
#1710 = CARTESIAN_POINT ( 'NONE',  ( 35.89996320735343716, -0.5140780408426963710, 10.81138701189698814 ) ) ;
#1711 = CARTESIAN_POINT ( 'NONE',  ( -150.0000000000000000, 35.00000000000000000, -11.99999999999997868 ) ) ;
#1712 = VECTOR ( 'NONE', #1714, 1000.000000000000000 ) ;
#1713 = EDGE_LOOP ( 'NONE', ( #57, #2612, #4189, #751 ) ) ;
#1714 = DIRECTION ( 'NONE',  ( -0.000000000000000000, 1.000000000000000000, -0.000000000000000000 ) ) ;
#1715 = CARTESIAN_POINT ( 'NONE',  ( 150.0000000000000000, 2.000000000000000000, -13.00000000000002309 ) ) ;
#1716 = CIRCLE ( 'NONE', #1114, 13.99999999999999112 ) ;
#1717 = VECTOR ( 'NONE', #2591, 1000.000000000000000 ) ;
#1718 = ORIENTED_EDGE ( 'NONE', *, *, #1592, .T. ) ;
#1719 = DIRECTION ( 'NONE',  ( -1.000000000000000000, -0.000000000000000000, 1.387778780781445676E-16 ) ) ;
#1720 = EDGE_CURVE ( 'NONE', #1908, #570, #527, .T. ) ;
#1721 = CARTESIAN_POINT ( 'NONE',  ( -45.21110255092797559, 0.000000000000000000, -11.99999999999999467 ) ) ;
#1722 = EDGE_LOOP ( 'NONE', ( #4075, #884, #3706, #1599 ) ) ;
#1723 = CARTESIAN_POINT ( 'NONE',  ( 122.4576304686039236, -2.768230182562469111, -10.73327605261136064 ) ) ;
#1724 = AXIS2_PLACEMENT_3D ( 'NONE', #3408, #2729, #147 ) ;
#1725 = LINE ( 'NONE', #3107, #3355 ) ;
#1726 = CARTESIAN_POINT ( 'NONE',  ( 120.0000000000017621, -2.656854249492369036, 11.00000000000000711 ) ) ;
#1727 = DIRECTION ( 'NONE',  ( 1.000000000000000000, 0.000000000000000000, 0.000000000000000000 ) ) ;
#1728 = CARTESIAN_POINT ( 'NONE',  ( -105.0081963192399428, -0.6313912991363104243, 5.728177763990829341 ) ) ;
#1729 = ADVANCED_FACE ( 'NONE', ( #3635 ), #3610, .F. ) ;
#1730 = CARTESIAN_POINT ( 'NONE',  ( -33.21000213262869494, -2.973326781003359010, -9.914833153857816939 ) ) ;
#1731 = VERTEX_POINT ( 'NONE', #4340 ) ;
#1732 = CARTESIAN_POINT ( 'NONE',  ( 122.7050515127991446, -2.790587238328183339, 10.66509412981981519 ) ) ;
#1733 = ORIENTED_EDGE ( 'NONE', *, *, #4761, .T. ) ;
#1734 = CARTESIAN_POINT ( 'NONE',  ( -90.00000000000002842, 28.15000000000000213, 37.74000000000002331 ) ) ;
#1735 = CARTESIAN_POINT ( 'NONE',  ( 35.39140199947864573, -0.4981258624546268665, 10.69889109170999575 ) ) ;
#1736 = CARTESIAN_POINT ( 'NONE',  ( -116.1234084029668594, -2.900477069121943252, -10.30627392473357062 ) ) ;
#1737 = EDGE_CURVE ( 'NONE', #3007, #4100, #1107, .T. ) ;
#1738 = ORIENTED_EDGE ( 'NONE', *, *, #1658, .T. ) ;
#1739 = DIRECTION ( 'NONE',  ( 0.000000000000000000, 0.000000000000000000, -1.000000000000000000 ) ) ;
#1740 = CARTESIAN_POINT ( 'NONE',  ( 61.99999999999997158, 32.00000000000000711, 14.99999999999999112 ) ) ;
#1741 = FACE_OUTER_BOUND ( 'NONE', #4144, .T. ) ;
#1742 = EDGE_CURVE ( 'NONE', #2909, #1731, #1046, .T. ) ;
#1743 = ORIENTED_EDGE ( 'NONE', *, *, #4458, .T. ) ;
#1744 = CARTESIAN_POINT ( 'NONE',  ( -37.99999999999999289, -11.41999999999999993, 2.749999999999995559 ) ) ;
#1745 = CARTESIAN_POINT ( 'NONE',  ( 36.16029691058319884, -0.5186765356939204707, -10.84879929160592837 ) ) ;
#1746 = FACE_OUTER_BOUND ( 'NONE', #109, .T. ) ;
#1747 = CARTESIAN_POINT ( 'NONE',  ( 122.1000367926531425, -0.5140780408429757031, -10.81138701189701301 ) ) ;
#1748 = DIRECTION ( 'NONE',  ( 0.000000000000000000, 0.000000000000000000, -1.000000000000000000 ) ) ;
#1749 = COORDINATED_UNIVERSAL_TIME_OFFSET ( 5, 30, .AHEAD. ) ;
#1750 = AXIS2_PLACEMENT_3D ( 'NONE', #1101, #3321, #2231 ) ;
#1751 = CARTESIAN_POINT ( 'NONE',  ( -37.99999999999999289, -2.999999999999999112, 0.000000000000000000 ) ) ;
#1752 = DIRECTION ( 'NONE',  ( 0.000000000000000000, -1.000000000000000000, 0.000000000000000000 ) ) ;
#1753 = B_SPLINE_CURVE_WITH_KNOTS ( 'NONE', 3,
 ( #3420, #554, #4149, #3121, #4217, #2349, #2322, #831, #3098, #1220, #2028, #3463 ),
 .UNSPECIFIED., .F., .F.,
 ( 4, 2, 2, 2, 2, 4 ),
 ( 0.005943925179968861938, 0.006684808149227661027, 0.007425691118486459248, 0.008907457057004058293, 0.01038922299552165474, 0.01187098893403925465 ),
 .UNSPECIFIED. ) ;
#1754 = CARTESIAN_POINT ( 'NONE',  ( -31.89782528684304808, 0.01321386987360044854, 12.30789356747206220 ) ) ;
#1755 = VERTEX_POINT ( 'NONE', #1459 ) ;
#1756 = DIRECTION ( 'NONE',  ( 6.608470384673549052E-16, 0.000000000000000000, -1.000000000000000000 ) ) ;
#1757 = ADVANCED_FACE ( 'NONE', ( #313 ), #1434, .T. ) ;
#1758 = ORIENTED_EDGE ( 'NONE', *, *, #3754, .T. ) ;
#1759 = CARTESIAN_POINT ( 'NONE',  ( -105.0000000000000426, 32.00000000000000000, 18.00000000000001421 ) ) ;
#1760 = DIRECTION ( 'NONE',  ( -1.000000000000000000, 0.000000000000000000, -6.608470384673561871E-16 ) ) ;
#1761 = FACE_OUTER_BOUND ( 'NONE', #852, .T. ) ;
#1762 = VERTEX_POINT ( 'NONE', #2520 ) ;
#1763 = DIRECTION ( 'NONE',  ( 0.000000000000000000, 0.7071067811865493491, 0.7071067811865456854 ) ) ;
#1764 = CARTESIAN_POINT ( 'NONE',  ( -114.3341337099851387, 3.469446951953614189E-15, -9.428571428571412838 ) ) ;
#1765 = CARTESIAN_POINT ( 'NONE',  ( 123.0402519193219177, 0.1188004734802659973, 12.84009311048449753 ) ) ;
#1766 = VERTEX_POINT ( 'NONE', #2575 ) ;
#1767 = CARTESIAN_POINT ( 'NONE',  ( -120.0000000000017621, -2.656854249492374365, -10.99999999999999289 ) ) ;
#1768 = CARTESIAN_POINT ( 'NONE',  ( 32.68331303471737925, -0.1377013678008259245, -9.638402091608222477 ) ) ;
#1769 = CIRCLE ( 'NONE', #2381, 3.000000000000000888 ) ;
#1770 = CARTESIAN_POINT ( 'NONE',  ( -116.5815794197863653, -2.855187496743232245, 10.46713792506248630 ) ) ;
#1771 = EDGE_LOOP ( 'NONE', ( #3345, #1149, #1593 ) ) ;
#1772 = CARTESIAN_POINT ( 'NONE',  ( 118.9347889194816759, -0.5324910077277490439, -10.96082380305116466 ) ) ;
#1773 = CARTESIAN_POINT ( 'NONE',  ( 37.75316324774109233, -2.656854249492361042, 11.00000000000003197 ) ) ;
#1774 = CARTESIAN_POINT ( 'NONE',  ( -41.88424138747040359, -2.901150131221788442, -10.30324543672239201 ) ) ;
#1775 = VERTEX_POINT ( 'NONE', #4001 ) ;
#1776 = ADVANCED_FACE ( 'NONE', ( #3275, #3693 ), #1844, .T. ) ;
#1777 = CARTESIAN_POINT ( 'NONE',  ( -42.04385820941858753, -0.3896520326615749985, 10.24183511159952964 ) ) ;
#1778 = ORIENTED_EDGE ( 'NONE', *, *, #1931, .T. ) ;
#1779 = CARTESIAN_POINT ( 'NONE',  ( 121.7294170040218972, -2.714457617588082350, 10.86601476249827947 ) ) ;
#1780 = ORIENTED_EDGE ( 'NONE', *, *, #2619, .F. ) ;
#1781 = DIRECTION ( 'NONE',  ( 0.000000000000000000, 0.000000000000000000, -1.000000000000000000 ) ) ;
#1782 = DIRECTION ( 'NONE',  ( 0.000000000000000000, -1.000000000000000000, 0.000000000000000000 ) ) ;
#1783 = DIRECTION ( 'NONE',  ( 0.000000000000000000, 0.000000000000000000, -1.000000000000000000 ) ) ;
#1784 = CIRCLE ( 'NONE', #4115, 3.000000000000000000 ) ;
#1785 = VERTEX_POINT ( 'NONE', #4394 ) ;
#1786 = DIRECTION ( 'NONE',  ( -1.387778780781445676E-16, 0.000000000000000000, -1.000000000000000000 ) ) ;
#1787 = CARTESIAN_POINT ( 'NONE',  ( -75.00000000000001421, 0.000000000000000000, 12.00000000000001066 ) ) ;
#1788 = CARTESIAN_POINT ( 'NONE',  ( -104.8681633493678049, -2.691959501258378129, 3.994878578982229644 ) ) ;
#1789 = ORIENTED_EDGE ( 'NONE', *, *, #1799, .T. ) ;
#1790 = CARTESIAN_POINT ( 'NONE',  ( -120.0000000000000000, -15.00000000000000000, 0.000000000000000000 ) ) ;
#1791 = DIRECTION ( 'NONE',  ( -1.000000000000000000, 0.000000000000000000, 0.000000000000000000 ) ) ;
#1792 = AXIS2_PLACEMENT_3D ( 'NONE', #10, #3679, #821 ) ;
#1793 = LINE ( 'NONE', #3245, #4102 ) ;
#1794 = CYLINDRICAL_SURFACE ( 'NONE', #2755, 10.74000000000000377 ) ;
#1795 = CARTESIAN_POINT ( 'NONE',  ( 121.0492083255780358, -0.5309853086719084070, -10.95325125501038421 ) ) ;
#1796 = CARTESIAN_POINT ( 'NONE',  ( 34.58875105224182533, -2.854523621456060312, 10.46926973534800709 ) ) ;
#1797 = COORDINATED_UNIVERSAL_TIME_OFFSET ( 5, 30, .AHEAD. ) ;
#1798 = AXIS2_PLACEMENT_3D ( 'NONE', #1901, #141, #4479 ) ;
#1799 = EDGE_CURVE ( 'NONE', #1965, #2686, #3086, .T. ) ;
#1800 = CARTESIAN_POINT ( 'NONE',  ( -121.2186131317607192, 0.1643204756145815459, -12.98014730326097954 ) ) ;
#1801 = CARTESIAN_POINT ( 'NONE',  ( -103.4494265280436451, -3.000000000000002665, -0.6417562486706609448 ) ) ;
#1802 = VECTOR ( 'NONE', #4208, 1000.000000000000000 ) ;
#1803 = ADVANCED_FACE ( 'NONE', ( #391 ), #3546, .F. ) ;
#1804 = CARTESIAN_POINT ( 'NONE',  ( -105.0000000000109708, -0.1740956418383429460, 6.921389878822717279 ) ) ;
#1805 = ORIENTED_EDGE ( 'NONE', *, *, #815, .F. ) ;
#1806 = CARTESIAN_POINT ( 'NONE',  ( 39.96931696703361325, -2.728019188059068512, 10.83360520985084996 ) ) ;
#1807 = VERTEX_POINT ( 'NONE', #1201 ) ;
#1808 = CARTESIAN_POINT ( 'NONE',  ( 120.0000000000000000, -2.999999999999999112, 0.000000000000000000 ) ) ;
#1809 = CARTESIAN_POINT ( 'NONE',  ( -126.6662140046772862, 2.932724329608316031E-15, 12.16371863260566499 ) ) ;
#1810 = DIRECTION ( 'NONE',  ( 0.000000000000000000, 0.000000000000000000, -1.000000000000000000 ) ) ;
#1811 = VERTEX_POINT ( 'NONE', #830 ) ;
#1812 = CARTESIAN_POINT ( 'NONE',  ( 127.2111025509279614, -2.999999999999997335, -12.00000000000001066 ) ) ;
#1813 = CARTESIAN_POINT ( 'NONE',  ( 150.0000000000000000, 0.000000000000000000, -12.00000000000002487 ) ) ;
#1814 = ORIENTED_EDGE ( 'NONE', *, *, #390, .T. ) ;
#1815 = CARTESIAN_POINT ( 'NONE',  ( -150.0000000000000000, 0.000000000000000000, 12.00000000000002132 ) ) ;
#1816 = DIRECTION ( 'NONE',  ( 1.000000000000000000, 0.000000000000000000, 0.000000000000000000 ) ) ;
#1817 = CARTESIAN_POINT ( 'NONE',  ( 37.00571334351498365, -2.672614824791208932, -10.96613122369305771 ) ) ;
#1818 = EDGE_CURVE ( 'NONE', #3092, #4770, #2777, .T. ) ;
#1819 = CIRCLE ( 'NONE', #184, 13.99999999999999112 ) ;
#1820 = DIRECTION ( 'NONE',  ( 0.000000000000000000, 0.000000000000000000, -1.000000000000000000 ) ) ;
#1821 = DIRECTION ( 'NONE',  ( 0.000000000000000000, -0.000000000000000000, -1.000000000000000000 ) ) ;
#1822 = DIRECTION ( 'NONE',  ( 0.000000000000000000, -1.000000000000000000, 0.000000000000000000 ) ) ;
#1823 = DIRECTION ( 'NONE',  ( 0.000000000000000000, -1.000000000000000000, 0.000000000000000000 ) ) ;
#1824 = DIRECTION ( 'NONE',  ( -0.000000000000000000, 1.000000000000000000, -0.000000000000000000 ) ) ;
#1825 = CYLINDRICAL_SURFACE ( 'NONE', #4011, 2.750000000000002665 ) ;
#1826 = DIRECTION ( 'NONE',  ( 0.000000000000000000, -1.000000000000000000, 0.000000000000000000 ) ) ;
#1827 = EDGE_LOOP ( 'NONE', ( #2342, #563, #1695 ) ) ;
#1828 = AXIS2_PLACEMENT_3D ( 'NONE', #4625, #3486, #3465 ) ;
#1829 = CARTESIAN_POINT ( 'NONE',  ( 115.9561417905771066, -0.3896520326601018991, 10.24183511159685622 ) ) ;
#1830 = ADVANCED_FACE ( 'NONE', ( #3058 ), #4534, .F. ) ;
#1831 = ORIENTED_EDGE ( 'NONE', *, *, #4741, .T. ) ;
#1832 = DIRECTION ( 'NONE',  ( 0.000000000000000000, -1.000000000000000000, 0.000000000000000000 ) ) ;
#1833 = CARTESIAN_POINT ( 'NONE',  ( -120.5204114233550854, -0.5347353838930989367, 10.99090798253879164 ) ) ;
#1834 = AXIS2_PLACEMENT_3D ( 'NONE', #3869, #2296, #3459 ) ;
#1835 = CARTESIAN_POINT ( 'NONE',  ( 36.78620079584168678, 0.1716145698699267363, 13.00011793020067330 ) ) ;
#1836 = ORIENTED_EDGE ( 'NONE', *, *, #2626, .F. ) ;
#1837 = PLANE ( 'NONE',  #4600 ) ;
#1838 = EDGE_CURVE ( 'NONE', #3558, #2372, #3012, .T. ) ;
#1839 = EDGE_LOOP ( 'NONE', ( #2782, #2572, #453, #2362 ) ) ;
#1840 = DIRECTION ( 'NONE',  ( 0.000000000000000000, 0.000000000000000000, -1.000000000000000000 ) ) ;
#1841 = AXIS2_PLACEMENT_3D ( 'NONE', #3122, #4312, #1332 ) ;
#1842 = CARTESIAN_POINT ( 'NONE',  ( 38.98313376154035126, -2.675164730406960345, -10.95880049992921812 ) ) ;
#1843 = EDGE_LOOP ( 'NONE', ( #2146, #2670 ) ) ;
#1844 = PLANE ( 'NONE',  #1848 ) ;
#1845 = CARTESIAN_POINT ( 'NONE',  ( -120.0000000000000000, -12.99999999999997691, 0.000000000000000000 ) ) ;
#1846 = CARTESIAN_POINT ( 'NONE',  ( 37.99999999999999289, -11.00000000000000000, 0.000000000000000000 ) ) ;
#1847 = FACE_OUTER_BOUND ( 'NONE', #2928, .T. ) ;
#1848 = AXIS2_PLACEMENT_3D ( 'NONE', #3325, #2917, #2602 ) ;
#1849 = CARTESIAN_POINT ( 'NONE',  ( -108.0000000000000426, -40.00000000000000000, 18.00000000000001421 ) ) ;
#1850 = CARTESIAN_POINT ( 'NONE',  ( 64.31417166856962808, 35.00000000000001421, 14.74510917454074388 ) ) ;
#1851 = CARTESIAN_POINT ( 'NONE',  ( -32.76515588381671051, -2.999999999999998224, 9.687583520006704418 ) ) ;
#1852 = VERTEX_POINT ( 'NONE', #1533 ) ;
#1853 = CARTESIAN_POINT ( 'NONE',  ( 121.2654557446305006, 0.1636925878661731615, 12.97844714232302366 ) ) ;
#1854 = VERTEX_POINT ( 'NONE', #3806 ) ;
#1855 = DIRECTION ( 'NONE',  ( -0.000000000000000000, 1.000000000000000000, -0.000000000000000000 ) ) ;
#1856 = CARTESIAN_POINT ( 'NONE',  ( -125.3180071775334596, -0.1371807331363256166, 9.637608743004120626 ) ) ;
#1857 = CARTESIAN_POINT ( 'NONE',  ( 31.96616001159495468, 0.01492524735671225435, 12.32478208801527586 ) ) ;
#1858 = ORIENTED_EDGE ( 'NONE', *, *, #2519, .T. ) ;
#1859 = TOROIDAL_SURFACE ( 'NONE', #4113, 6.000000000000000000, 3.000000000000000000 ) ;
#1860 = VERTEX_POINT ( 'NONE', #2321 ) ;
#1861 = CARTESIAN_POINT ( 'NONE',  ( 96.58205027544208576, 35.00000000000000000, 13.49008966524183251 ) ) ;
#1862 = CARTESIAN_POINT ( 'NONE',  ( 120.0000000000000000, -15.00000000000000000, 0.000000000000000000 ) ) ;
#1863 = ORIENTED_EDGE ( 'NONE', *, *, #2701, .F. ) ;
#1864 = CARTESIAN_POINT ( 'NONE',  ( -150.0000000000000000, 3.000000000000002665, -14.99999999999997868 ) ) ;
#1865 = CONICAL_SURFACE ( 'NONE', #2, 8.999999999999980460, 0.7853981633974456145 ) ;
#1866 = ORIENTED_EDGE ( 'NONE', *, *, #4121, .F. ) ;
#1867 = DIRECTION ( 'NONE',  ( 0.000000000000000000, 0.000000000000000000, 1.000000000000000000 ) ) ;
#1868 = DIRECTION ( 'NONE',  ( -0.000000000000000000, 1.000000000000000000, -0.000000000000000000 ) ) ;
#1869 = DIRECTION ( 'NONE',  ( -0.000000000000000000, 1.000000000000000000, -0.000000000000000000 ) ) ;
#1870 = EDGE_CURVE ( 'NONE', #3941, #77, #4130, .T. ) ;
#1871 = FACE_OUTER_BOUND ( 'NONE', #3868, .T. ) ;
#1872 = SECURITY_CLASSIFICATION_LEVEL ( 'unclassified' ) ;
#1873 = FACE_OUTER_BOUND ( 'NONE', #3790, .T. ) ;
#1874 = DIRECTION ( 'NONE',  ( -0.000000000000000000, -1.000000000000000000, -0.000000000000000000 ) ) ;
#1875 = B_SPLINE_CURVE_WITH_KNOTS ( 'NONE', 3,
 ( #1096, #1525, #1857, #2562, #4742, #3365, #1835, #780, #3315, #1472, #2618, #3264, #381, #40, #4095, #2198 ),
 .UNSPECIFIED., .F., .F.,
 ( 4, 2, 2, 2, 2, 2, 2, 4 ),
 ( 7.153198200268457757E-18, 0.001830530536321594041, 0.003661061072643180710, 0.007322122145286354480, 0.009152652681607932258, 0.01098318321792951004, 0.01281371375425108608, 0.01464424429057266386 ),
 .UNSPECIFIED. ) ;
#1876 = VECTOR ( 'NONE', #4278, 1000.000000000000000 ) ;
#1877 = CARTESIAN_POINT ( 'NONE',  ( -33.20754431063327416, -2.973440724493547460, 9.913453795269111524 ) ) ;
#1878 = ORIENTED_EDGE ( 'NONE', *, *, #3456, .F. ) ;
#1879 = CARTESIAN_POINT ( 'NONE',  ( 79.99999999999998579, 28.15000000000000213, 27.00000000000002132 ) ) ;
#1880 = EDGE_CURVE ( 'NONE', #548, #2000, #3717, .T. ) ;
#1881 = VECTOR ( 'NONE', #4247, 1000.000000000000000 ) ;
#1882 = ORIENTED_EDGE ( 'NONE', *, *, #1889, .T. ) ;
#1883 = DIRECTION ( 'NONE',  ( 0.000000000000000000, -1.000000000000000000, 0.000000000000000000 ) ) ;
#1884 = CARTESIAN_POINT ( 'NONE',  ( -127.2111025509279330, 0.000000000000000000, 12.00000000000001776 ) ) ;
#1885 = VERTEX_POINT ( 'NONE', #4513 ) ;
#1886 = CARTESIAN_POINT ( 'NONE',  ( 43.23617790417169005, -2.999999996255028112, 9.686782013176221895 ) ) ;
#1887 = EDGE_LOOP ( 'NONE', ( #3597, #3792, #1430, #1951 ) ) ;
#1888 = DIRECTION ( 'NONE',  ( -0.000000000000000000, 1.000000000000000000, -0.000000000000000000 ) ) ;
#1889 = EDGE_CURVE ( 'NONE', #4799, #4096, #2240, .T. ) ;
#1890 = LOCAL_TIME ( 4, 12, 43.00000000000000000, #1797 ) ;
#1891 = EDGE_LOOP ( 'NONE', ( #3360, #940, #2234, #1295, #1621, #4431 ) ) ;
#1892 = EDGE_CURVE ( 'NONE', #2812, #1811, #868, .T. ) ;
#1893 = DIRECTION ( 'NONE',  ( -0.000000000000000000, 1.000000000000000000, -0.000000000000000000 ) ) ;
#1894 = DIRECTION ( 'NONE',  ( 0.000000000000000000, -1.000000000000000000, 0.000000000000000000 ) ) ;
#1895 = FACE_OUTER_BOUND ( 'NONE', #4609, .T. ) ;
#1896 = DIRECTION ( 'NONE',  ( 0.000000000000000000, 0.000000000000000000, -1.000000000000000000 ) ) ;
#1897 = TOROIDAL_SURFACE ( 'NONE', #1211, 14.00000000000000533, 3.000000000000000000 ) ;
#1898 = DIRECTION ( 'NONE',  ( 0.000000000000000000, 0.000000000000000000, 1.000000000000000000 ) ) ;
#1899 = CARTESIAN_POINT ( 'NONE',  ( 63.74634426431759238, 35.00000000000000000, 13.89147404312597267 ) ) ;
#1900 = EDGE_CURVE ( 'NONE', #4285, #4352, #237, .T. ) ;
#1901 = CARTESIAN_POINT ( 'NONE',  ( 37.99999999999999289, -11.00000000000000000, 0.000000000000000000 ) ) ;
#1902 = VERTEX_POINT ( 'NONE', #4493 ) ;
#1903 = CARTESIAN_POINT ( 'NONE',  ( -72.00000000000004263, 3.000000000000002665, 18.00000000000001066 ) ) ;
#1904 = CARTESIAN_POINT ( 'NONE',  ( 36.78138686823928794, 0.1643204756145778545, -12.98014730326099375 ) ) ;
#1905 = CARTESIAN_POINT ( 'NONE',  ( -42.91774399518784833, -0.2405293788020742562, -9.852014752710703149 ) ) ;
#1906 = EDGE_LOOP ( 'NONE', ( #915, #1530, #2113 ) ) ;
#1907 = CARTESIAN_POINT ( 'NONE',  ( -90.00000000000002842, -40.00000000000000711, 21.50000000000004263 ) ) ;
#1908 = VERTEX_POINT ( 'NONE', #3372 ) ;
#1909 = CARTESIAN_POINT ( 'NONE',  ( -120.0000000000000000, -15.00000000000000000, 0.000000000000000000 ) ) ;
#1910 = VERTEX_POINT ( 'NONE', #114 ) ;
#1911 = CARTESIAN_POINT ( 'NONE',  ( -45.21110255092796137, -3.000000000000000000, 12.00000000000000711 ) ) ;
#1912 = CARTESIAN_POINT ( 'NONE',  ( -120.0000000000000000, -15.00000000000000000, -6.120000000000000107 ) ) ;
#1913 = CARTESIAN_POINT ( 'NONE',  ( 61.99999999999997158, 0.000000000000000000, 11.99999999999999112 ) ) ;
#1914 = DIRECTION ( 'NONE',  ( 0.000000000000000000, 0.000000000000000000, 1.000000000000000000 ) ) ;
#1915 = CIRCLE ( 'NONE', #1297, 10.99999999999999289 ) ;
#1916 = CIRCLE ( 'NONE', #1079, 11.00000000000000711 ) ;
#1917 = VECTOR ( 'NONE', #28, 1000.000000000000000 ) ;
#1918 = FACE_OUTER_BOUND ( 'NONE', #867, .T. ) ;
#1919 = DIRECTION ( 'NONE',  ( 0.000000000000000000, 1.000000000000000000, 0.000000000000000000 ) ) ;
#1920 = CARTESIAN_POINT ( 'NONE',  ( 79.99999999999998579, 35.00000000000000000, 27.00000000000002132 ) ) ;
#1921 = ORIENTED_EDGE ( 'NONE', *, *, #1190, .F. ) ;
#1922 = CARTESIAN_POINT ( 'NONE',  ( 42.84130169396502197, 0.05309304788855319368, -12.57610250751162440 ) ) ;
#1923 = EDGE_CURVE ( 'NONE', #1007, #3558, #1177, .T. ) ;
#1924 = CARTESIAN_POINT ( 'NONE',  ( -39.83970308941676564, -0.5186765356940599148, -10.84879929160566370 ) ) ;
#1925 = CARTESIAN_POINT ( 'NONE',  ( 42.33765650114725076, 0.07288804113623134628, -12.66293139102767107 ) ) ;
#1926 = ORIENTED_EDGE ( 'NONE', *, *, #90, .T. ) ;
#1927 = DIRECTION ( 'NONE',  ( 0.000000000000000000, -1.000000000000000000, 0.000000000000000000 ) ) ;
#1928 = ORIENTED_EDGE ( 'NONE', *, *, #1632, .F. ) ;
#1929 = DIRECTION ( 'NONE',  ( 0.000000000000000000, -1.000000000000000000, 0.000000000000000000 ) ) ;
#1930 = VERTEX_POINT ( 'NONE', #1600 ) ;
#1931 = EDGE_CURVE ( 'NONE', #1155, #3284, #3491, .T. ) ;
#1932 = CARTESIAN_POINT ( 'NONE',  ( 98.00000000000000000, 32.00000000000000000, 11.99999999999998579 ) ) ;
#1933 = CYLINDRICAL_SURFACE ( 'NONE', #3783, 2.750000000000002665 ) ;
#1934 = CARTESIAN_POINT ( 'NONE',  ( 95.00000000000000000, -40.00000000000000000, 27.00000000000002842 ) ) ;
#1935 = AXIS2_PLACEMENT_3D ( 'NONE', #4345, #1414, #638 ) ;
#1936 = LINE ( 'NONE', #118, #4404 ) ;
#1937 = AXIS2_PLACEMENT_3D ( 'NONE', #3924, #3561, #235 ) ;
#1938 = PLANE ( 'NONE',  #1628 ) ;
#1939 = ORIENTED_EDGE ( 'NONE', *, *, #655, .F. ) ;
#1940 = CARTESIAN_POINT ( 'NONE',  ( 120.4942267581356532, -2.660622408229040392, -10.99170142825163587 ) ) ;
#1941 = ADVANCED_FACE ( 'NONE', ( #2298 ), #4437, .F. ) ;
#1942 = ORIENTED_EDGE ( 'NONE', *, *, #1632, .T. ) ;
#1943 = AXIS2_PLACEMENT_3D ( 'NONE', #3288, #1782, #1146 ) ;
#1944 = DIRECTION ( 'NONE',  ( -0.000000000000000000, 1.000000000000000000, -0.000000000000000000 ) ) ;
#1945 = AXIS2_PLACEMENT_3D ( 'NONE', #1845, #3373, #4450 ) ;
#1946 = VECTOR ( 'NONE', #2142, 1000.000000000000000 ) ;
#1947 = EDGE_CURVE ( 'NONE', #819, #4459, #4555, .T. ) ;
#1948 = CARTESIAN_POINT ( 'NONE',  ( -37.47958857664708177, -0.5347353838934423287, -10.99090798253852697 ) ) ;
#1949 = LINE ( 'NONE', #2849, #3748 ) ;
#1950 = AXIS2_PLACEMENT_3D ( 'NONE', #4224, #2056, #2745 ) ;
#1951 = ORIENTED_EDGE ( 'NONE', *, *, #972, .F. ) ;
#1952 = CARTESIAN_POINT ( 'NONE',  ( 43.31668696528145546, -0.1377013678017336429, 9.638402091611300904 ) ) ;
#1953 = VECTOR ( 'NONE', #1756, 1000.000000000000000 ) ;
#1954 = ORIENTED_EDGE ( 'NONE', *, *, #891, .F. ) ;
#1955 = DIRECTION ( 'NONE',  ( 0.000000000000000000, 0.000000000000000000, -1.000000000000000000 ) ) ;
#1956 = ADVANCED_FACE ( 'NONE', ( #1237 ), #25, .T. ) ;
#1957 = VERTEX_POINT ( 'NONE', #878 ) ;
#1958 = DIRECTION ( 'NONE',  ( 0.000000000000000000, 0.000000000000000000, -1.000000000000000000 ) ) ;
#1959 = DIRECTION ( 'NONE',  ( 1.000000000000000000, 0.000000000000000000, 0.000000000000000000 ) ) ;
#1960 = CARTESIAN_POINT ( 'NONE',  ( 45.21110255092794716, 0.000000000000000000, -12.00000000000000888 ) ) ;
#1961 = B_SPLINE_CURVE_WITH_KNOTS ( 'NONE', 3,
 ( #4379, #1041, #3287, #645, #3598, #2116, #225, #4767, #592, #3624, #2905, #276 ),
 .UNSPECIFIED., .F., .F.,
 ( 4, 2, 2, 2, 2, 4 ),
 ( 0.005943925179968886224, 0.006684808149227690517, 0.007425691118486494810, 0.008907457057004103396, 0.01038922299552171025, 0.01187098893403931710 ),
 .UNSPECIFIED. ) ;
#1962 = EDGE_CURVE ( 'NONE', #4200, #2897, #1325, .T. ) ;
#1963 = LINE ( 'NONE', #4173, #3148 ) ;
#1964 = CARTESIAN_POINT ( 'NONE',  ( -150.0000000000000000, 2.000000000000000000, 13.00000000000001954 ) ) ;
#1965 = VERTEX_POINT ( 'NONE', #2993 ) ;
#1966 = CARTESIAN_POINT ( 'NONE',  ( -37.99999999999999289, -15.00000000000000000, 0.000000000000000000 ) ) ;
#1967 = CARTESIAN_POINT ( 'NONE',  ( 123.8765915970331548, -2.900477069121947693, -10.30627392473358483 ) ) ;
#1968 = ORIENTED_EDGE ( 'NONE', *, *, #655, .T. ) ;
#1969 = LINE ( 'NONE', #194, #1380 ) ;
#1970 = CIRCLE ( 'NONE', #2908, 2.999999999999999556 ) ;
#1971 = DIRECTION ( 'NONE',  ( 0.000000000000000000, 0.000000000000000000, -1.000000000000000000 ) ) ;
#1972 = CARTESIAN_POINT ( 'NONE',  ( 85.49999999999998579, 28.15000000000000213, 27.00000000000002132 ) ) ;
#1973 = EDGE_CURVE ( 'NONE', #2719, #364, #3462, .T. ) ;
#1974 = ORIENTED_EDGE ( 'NONE', *, *, #4209, .T. ) ;
#1975 = CARTESIAN_POINT ( 'NONE',  ( 37.51318962145059999, -2.660471519800005069, 10.99203693796856740 ) ) ;
#1976 = ORIENTED_EDGE ( 'NONE', *, *, #1542, .F. ) ;
#1977 = CARTESIAN_POINT ( 'NONE',  ( -150.0000000000000000, 35.00000000000000000, -14.99999999999997868 ) ) ;
#1978 = VECTOR ( 'NONE', #2391, 1000.000000000000000 ) ;
#1979 = ORIENTED_EDGE ( 'NONE', *, *, #3949, .T. ) ;
#1980 = DIRECTION ( 'NONE',  ( -0.5150787536377131604, 0.000000000000000000, 0.8571428571428568732 ) ) ;
#1981 = CARTESIAN_POINT ( 'NONE',  ( 64.99999999999997158, -40.00000000000000000, 27.00000000000001066 ) ) ;
#1982 = B_SPLINE_CURVE_WITH_KNOTS ( 'NONE', 3,
 ( #2884, #4361, #4265, #1788, #3269, #4748, #2912, #4388, #1429, #1704, #1440, #4680 ),
 .UNSPECIFIED., .F., .F.,
 ( 4, 2, 2, 2, 2, 4 ),
 ( 8.673617379884035472E-19, 0.001735564160201216212, 0.002603346240301823884, 0.003471128320402431557, 0.005206692480603646901, 0.006942256640804862246 ),
 .UNSPECIFIED. ) ;
#1983 = EDGE_CURVE ( 'NONE', #1957, #3000, #3037, .T. ) ;
#1984 = CARTESIAN_POINT ( 'NONE',  ( 37.99999999999823075, -2.656854249492383246, -10.99999999999999289 ) ) ;
#1985 = DIRECTION ( 'NONE',  ( -0.000000000000000000, 1.000000000000000000, -0.000000000000000000 ) ) ;
#1986 = CARTESIAN_POINT ( 'NONE',  ( -108.0000000000000284, 0.000000000000000000, 7.211102550928023547 ) ) ;
#1987 = ORIENTED_EDGE ( 'NONE', *, *, #899, .T. ) ;
#1988 = CARTESIAN_POINT ( 'NONE',  ( 79.99999999999998579, 35.00000000000000000, 27.00000000000002132 ) ) ;
#1989 = CARTESIAN_POINT ( 'NONE',  ( 123.4112489477581249, -2.854523621456062532, -10.46926973534802308 ) ) ;
#1990 = CIRCLE ( 'NONE', #2696, 3.000000000000000888 ) ;
#1991 = ORIENTED_EDGE ( 'NONE', *, *, #2326, .T. ) ;
#1992 = CARTESIAN_POINT ( 'NONE',  ( 32.33413370998515290, -2.999999999999999112, 9.428571428571423496 ) ) ;
#1993 = CARTESIAN_POINT ( 'NONE',  ( -35.54236953139186284, -2.768230182562466002, -10.73327605261019180 ) ) ;
#1994 = DIRECTION ( 'NONE',  ( -0.000000000000000000, -1.000000000000000000, -0.000000000000000000 ) ) ;
#1995 = VECTOR ( 'NONE', #3839, 1000.000000000000000 ) ;
#1996 = ORIENTED_EDGE ( 'NONE', *, *, #3331, .T. ) ;
#1997 = CARTESIAN_POINT ( 'NONE',  ( 34.12548917567782070, -2.900292826767794985, 10.30709279624812069 ) ) ;
#1998 = ORIENTED_EDGE ( 'NONE', *, *, #3495, .T. ) ;
#1999 = FACE_OUTER_BOUND ( 'NONE', #2778, .T. ) ;
#2000 = VERTEX_POINT ( 'NONE', #553 ) ;
#2001 = CARTESIAN_POINT ( 'NONE',  ( 120.0000000000000000, -11.00000000000000000, -2.750000000000002665 ) ) ;
#2002 = DIRECTION ( 'NONE',  ( 0.000000000000000000, 0.000000000000000000, -1.000000000000000000 ) ) ;
#2003 = LINE ( 'NONE', #3443, #128 ) ;
#2004 = CARTESIAN_POINT ( 'NONE',  ( -125.2367647533276767, -2.999999999999997335, 9.686429360722405235 ) ) ;
#2005 = B_SPLINE_CURVE_WITH_KNOTS ( 'NONE', 3,
 ( #2016, #2335, #471, #3820, #4253, #4545, #1635, #1251, #913, #3862, #1230, #3886, #2357, #4587, #496, #1292 ),
 .UNSPECIFIED., .F., .F.,
 ( 4, 2, 2, 2, 2, 2, 2, 4 ),
 ( 0.000000000000000000, 0.001830530536321573875, 0.003661061072643147750, 0.007322122145286295500, 0.009152652681607880217, 0.01098318321792946493, 0.01281371375425104965, 0.01464424429057263610 ),
 .UNSPECIFIED. ) ;
#2006 = CARTESIAN_POINT ( 'NONE',  ( 120.0000000000000000, -15.00000000000000000, 0.000000000000000000 ) ) ;
#2008 = VERTEX_POINT ( 'NONE', #133 ) ;
#2007 = AXIS2_PLACEMENT_3D ( 'NONE', #1849, #3329, #1139 ) ;
#2009 = EDGE_CURVE ( 'NONE', #142, #1902, #1407, .T. ) ;
#2010 = CARTESIAN_POINT ( 'NONE',  ( 115.6446020186996435, 0.07222952672230671667, -12.66012808007805468 ) ) ;
#2011 = AXIS2_PLACEMENT_3D ( 'NONE', #678, #1403, #599 ) ;
#2012 = FACE_OUTER_BOUND ( 'NONE', #2564, .T. ) ;
#2013 = LINE ( 'NONE', #1003, #2900 ) ;
#2014 = ORIENTED_EDGE ( 'NONE', *, *, #176, .T. ) ;
#2015 = AXIS2_PLACEMENT_3D ( 'NONE', #2699, #4175, #857 ) ;
#2016 = CARTESIAN_POINT ( 'NONE',  ( -45.21110255092796137, 0.000000000000000000, 12.00000000000000711 ) ) ;
#2017 = CARTESIAN_POINT ( 'NONE',  ( -34.55720716555126160, 0.1047063810656890803, 12.78687808250981384 ) ) ;
#2018 = AXIS2_PLACEMENT_3D ( 'NONE', #696, #617, #2089 ) ;
#2019 = VERTEX_POINT ( 'NONE', #231 ) ;
#2020 = DIRECTION ( 'NONE',  ( 0.000000000000000000, -0.000000000000000000, -1.000000000000000000 ) ) ;
#2021 = EDGE_CURVE ( 'NONE', #4660, #4352, #407, .T. ) ;
#2022 = CARTESIAN_POINT ( 'NONE',  ( 31.90363907798694854, 0.01333660880619108764, 12.30943927971738638 ) ) ;
#2023 = EDGE_LOOP ( 'NONE', ( #2743, #3271, #3570, #2798 ) ) ;
#2024 = DIRECTION ( 'NONE',  ( -0.000000000000000000, 1.000000000000000000, -0.000000000000000000 ) ) ;
#2025 = AXIS2_PLACEMENT_3D ( 'NONE', #727, #13, #1810 ) ;
#2026 = VERTEX_POINT ( 'NONE', #2001 ) ;
#2027 = CARTESIAN_POINT ( 'NONE',  ( -127.2111025509279898, 2.602085213965210642E-15, -11.99999999999998046 ) ) ;
#2028 = CARTESIAN_POINT ( 'NONE',  ( -32.76323524667227360, -2.999999999999997780, -9.686429360722392801 ) ) ;
#2029 = ADVANCED_FACE ( 'NONE', ( #3943 ), #3364, .F. ) ;
#2030 = CARTESIAN_POINT ( 'NONE',  ( 150.0000000000000000, 33.00000000000000000, 0.000000000000000000 ) ) ;
#2031 = DIRECTION ( 'NONE',  ( 0.4427837499113788100, 0.000000000000000000, -0.8966284352029092464 ) ) ;
#2032 = ADVANCED_FACE ( 'NONE', ( #4360 ), #2201, .T. ) ;
#2033 = EDGE_LOOP ( 'NONE', ( #4066, #2124, #1164, #4615 ) ) ;
#2034 = CARTESIAN_POINT ( 'NONE',  ( -105.0000000000000426, -40.00000000000000000, 27.00000000000002132 ) ) ;
#2035 = FACE_OUTER_BOUND ( 'NONE', #1887, .T. ) ;
#2036 = CARTESIAN_POINT ( 'NONE',  ( 120.0000000000000000, -11.41999999999999993, 6.119999999999986784 ) ) ;
#2037 = EDGE_LOOP ( 'NONE', ( #4385, #4522, #1234, #1010, #4237 ) ) ;
#2038 = PLANE ( 'NONE',  #2066 ) ;
#2039 = ADVANCED_FACE ( 'NONE', ( #4747 ), #2404, .F. ) ;
#2040 = CARTESIAN_POINT ( 'NONE',  ( -32.68331303471963167, -0.1377013678017204590, 9.638402091610128508 ) ) ;
#2041 = ORIENTED_EDGE ( 'NONE', *, *, #3532, .T. ) ;
#2042 = CARTESIAN_POINT ( 'NONE',  ( -90.00000000000002842, 28.15000000000000213, 32.50000000000002842 ) ) ;
#2043 = CIRCLE ( 'NONE', #4373, 5.499999999999980460 ) ;
#2044 = ORIENTED_EDGE ( 'NONE', *, *, #3805, .T. ) ;
#2045 = ORIENTED_EDGE ( 'NONE', *, *, #2485, .F. ) ;
#2046 = CARTESIAN_POINT ( 'NONE',  ( 37.99999999999999289, -12.99999999999997691, 0.000000000000000000 ) ) ;
#2047 = ORIENTED_EDGE ( 'NONE', *, *, #3718, .F. ) ;
#2048 = CARTESIAN_POINT ( 'NONE',  ( -38.99012685085742191, -2.675442446451002265, 10.95816632450418204 ) ) ;
#2049 = FACE_BOUND ( 'NONE', #675, .T. ) ;
#2050 = ORIENTED_EDGE ( 'NONE', *, *, #2508, .F. ) ;
#2051 = DIRECTION ( 'NONE',  ( -1.000000000000000000, -0.000000000000000000, 1.387778780781445676E-16 ) ) ;
#2052 = DIRECTION ( 'NONE',  ( 0.000000000000000000, -1.000000000000000000, 0.000000000000000000 ) ) ;
#2053 = ORIENTED_EDGE ( 'NONE', *, *, #4655, .T. ) ;
#2054 = CIRCLE ( 'NONE', #672, 2.999999999999999112 ) ;
#2055 = LINE ( 'NONE', #1310, #3658 ) ;
#2056 = DIRECTION ( 'NONE',  ( -0.000000000000000000, -1.000000000000000000, -0.000000000000000000 ) ) ;
#2057 = CARTESIAN_POINT ( 'NONE',  ( -37.49784752698905521, -2.657015898886842642, 10.99964075997785073 ) ) ;
#2058 = ORIENTED_EDGE ( 'NONE', *, *, #1668, .F. ) ;
#2059 = DIRECTION ( 'NONE',  ( 0.000000000000000000, 0.000000000000000000, -1.000000000000000000 ) ) ;
#2060 = VECTOR ( 'NONE', #486, 1000.000000000000000 ) ;
#2061 = ORIENTED_EDGE ( 'NONE', *, *, #171, .F. ) ;
#2062 = CARTESIAN_POINT ( 'NONE',  ( 32.33413370998517422, -2.999999999999999112, -9.428571428571434154 ) ) ;
#2063 = FACE_OUTER_BOUND ( 'NONE', #3687, .T. ) ;
#2064 = EDGE_CURVE ( 'NONE', #1505, #2752, #4020, .T. ) ;
#2065 = DIRECTION ( 'NONE',  ( 0.000000000000000000, 0.000000000000000000, -1.000000000000000000 ) ) ;
#2066 = AXIS2_PLACEMENT_3D ( 'NONE', #4206, #2377, #143 ) ;
#2067 = ORIENTED_EDGE ( 'NONE', *, *, #4655, .F. ) ;
#2068 = CARTESIAN_POINT ( 'NONE',  ( -120.6391031474733069, 0.1714920505551047747, -12.99977139276361982 ) ) ;
#2069 = DIRECTION ( 'NONE',  ( -0.000000000000000000, -1.000000000000000000, -0.000000000000000000 ) ) ;
#2070 = VERTEX_POINT ( 'NONE', #3238 ) ;
#2071 = CARTESIAN_POINT ( 'NONE',  ( -90.00000000000002842, -40.00000000000000711, 32.50000000000000000 ) ) ;
#2072 = DIRECTION ( 'NONE',  ( 0.000000000000000000, 0.000000000000000000, -1.000000000000000000 ) ) ;
#2073 = EDGE_CURVE ( 'NONE', #1885, #4200, #3656, .T. ) ;
#2074 = VERTEX_POINT ( 'NONE', #3295 ) ;
#2075 = FACE_OUTER_BOUND ( 'NONE', #4231, .T. ) ;
#2076 = DIRECTION ( 'NONE',  ( -1.387778780781446169E-16, 0.000000000000000000, -1.000000000000000000 ) ) ;
#2077 = DIRECTION ( 'NONE',  ( 1.000000000000000000, 0.000000000000000000, 0.000000000000000000 ) ) ;
#2078 = AXIS2_PLACEMENT_3D ( 'NONE', #646, #2117, #753 ) ;
#2079 = CARTESIAN_POINT ( 'NONE',  ( -123.0402519193218751, 0.1188004734802643042, -12.84009311048448865 ) ) ;
#2080 = CARTESIAN_POINT ( 'NONE',  ( -103.4494265280436593, 1.344410693882025498E-14, -0.6417562486706563929 ) ) ;
#2081 = CC_DESIGN_PERSON_AND_ORGANIZATION_ASSIGNMENT ( #768, #2894, ( #2984 ) ) ;
#2082 = EDGE_CURVE ( 'NONE', #2511, #364, #1672, .T. ) ;
#2083 = CARTESIAN_POINT ( 'NONE',  ( -33.20543415392823761, -2.973572258944431113, 9.912404177349365852 ) ) ;
#2084 = CIRCLE ( 'NONE', #3101, 15.00000000000001421 ) ;
#2085 = ORIENTED_EDGE ( 'NONE', *, *, #2619, .T. ) ;
#2086 = DIRECTION ( 'NONE',  ( -1.000000000000000000, -0.000000000000000000, -0.000000000000000000 ) ) ;
#2087 = EDGE_CURVE ( 'NONE', #4285, #2379, #4415, .T. ) ;
#2088 = ORIENTED_EDGE ( 'NONE', *, *, #1818, .F. ) ;
#2089 = DIRECTION ( 'NONE',  ( 0.000000000000000000, 0.000000000000000000, 1.000000000000000000 ) ) ;
#2090 = CARTESIAN_POINT ( 'NONE',  ( -119.3608968525266931, 0.1714920505549272778, 12.99977139276315086 ) ) ;
#2091 = DIRECTION ( 'NONE',  ( 0.000000000000000000, 0.000000000000000000, -1.000000000000000000 ) ) ;
#2092 = CIRCLE ( 'NONE', #2723, 2.749999999999995559 ) ;
#2093 = VERTEX_POINT ( 'NONE', #2857 ) ;
#2094 = DIRECTION ( 'NONE',  ( -0.000000000000000000, 1.000000000000000000, -0.000000000000000000 ) ) ;
#2095 = CARTESIAN_POINT ( 'NONE',  ( -118.6851218934906171, -0.5280151130892474232, -10.92458917757365988 ) ) ;
#2096 = CARTESIAN_POINT ( 'NONE',  ( 37.99999999999999289, -11.41999999999999993, 0.000000000000000000 ) ) ;
#2097 = VECTOR ( 'NONE', #436, 1000.000000000000000 ) ;
#2098 = VECTOR ( 'NONE', #4606, 1000.000000000000000 ) ;
#2099 = ADVANCED_FACE ( 'NONE', ( #4334 ), #651, .F. ) ;
#2100 = ORIENTED_EDGE ( 'NONE', *, *, #3460, .T. ) ;
#2101 = CARTESIAN_POINT ( 'NONE',  ( 40.46264877482444433, -2.768664227492995789, -10.73208223910489068 ) ) ;
#2102 = CARTESIAN_POINT ( 'NONE',  ( 39.25126115104404079, 0.1624176347297947021, -12.97378213628953247 ) ) ;
#2103 = VECTOR ( 'NONE', #4776, 1000.000000000000000 ) ;
#2104 = VERTEX_POINT ( 'NONE', #759 ) ;
#2105 = DIRECTION ( 'NONE',  ( 1.000000000000000000, 0.000000000000000000, -1.387778780781445676E-16 ) ) ;
#2106 = ADVANCED_FACE ( 'NONE', ( #2228 ), #386, .F. ) ;
#2107 = DIRECTION ( 'NONE',  ( 0.000000000000000000, 1.000000000000000000, 0.000000000000000000 ) ) ;
#2108 = APPLICATION_PROTOCOL_DEFINITION ( 'international standard', 'config_control_design', 1994, #848 ) ;
#2109 = DIRECTION ( 'NONE',  ( 0.000000000000000000, -1.000000000000000000, 0.000000000000000000 ) ) ;
#2110 = DIRECTION ( 'NONE',  ( 0.000000000000000000, 0.000000000000000000, -1.000000000000000000 ) ) ;
#2111 = CARTESIAN_POINT ( 'NONE',  ( 61.99999999999997158, 35.00000000000000000, 11.99999999999999112 ) ) ;
#2112 = APPROVAL_PERSON_ORGANIZATION ( #1412, #4314, #1462 ) ;
#2113 = ORIENTED_EDGE ( 'NONE', *, *, #3657, .T. ) ;
#2114 = CARTESIAN_POINT ( 'NONE',  ( 64.99999999999997158, -2.999999999999997335, 11.99999999999999112 ) ) ;
#2115 = VERTEX_POINT ( 'NONE', #4328 ) ;
#2116 = CARTESIAN_POINT ( 'NONE',  ( 118.0206088224568646, -2.728715950832912629, 10.83188643958927599 ) ) ;
#2117 = DIRECTION ( 'NONE',  ( 0.000000000000000000, -1.000000000000000000, 0.000000000000000000 ) ) ;
#2118 = CARTESIAN_POINT ( 'NONE',  ( -114.3341337099851387, -2.999999999999999112, -9.428571428571414614 ) ) ;
#2119 = CIRCLE ( 'NONE', #1943, 15.00000000000001421 ) ;
#2120 = EDGE_LOOP ( 'NONE', ( #729, #376, #2592, #796 ) ) ;
#2121 = CARTESIAN_POINT ( 'NONE',  ( -105.0000000000000426, -40.00000000000000000, 27.00000000000002132 ) ) ;
#2122 = CARTESIAN_POINT ( 'NONE',  ( -90.00000000000002842, 35.00000000000000000, 27.00000000000002132 ) ) ;
#2123 = DIRECTION ( 'NONE',  ( 1.000000000000000000, 0.000000000000000000, 0.000000000000000000 ) ) ;
#2124 = ORIENTED_EDGE ( 'NONE', *, *, #4752, .T. ) ;
#2125 = FACE_OUTER_BOUND ( 'NONE', #3550, .T. ) ;
#2126 = EDGE_CURVE ( 'NONE', #783, #2511, #1566, .T. ) ;
#2127 = DIRECTION ( 'NONE',  ( -0.000000000000000000, 1.000000000000000000, -0.000000000000000000 ) ) ;
#2128 = CARTESIAN_POINT ( 'NONE',  ( -120.0000000000000000, 0.000000000000000000, 0.000000000000000000 ) ) ;
#2129 = AXIS2_PLACEMENT_3D ( 'NONE', #50, #2603, #1821 ) ;
#2130 = LINE ( 'NONE', #4028, #723 ) ;
#2131 = DIRECTION ( 'NONE',  ( 0.000000000000000000, 0.000000000000000000, 1.000000000000000000 ) ) ;
#2132 = VECTOR ( 'NONE', #2051, 1000.000000000000000 ) ;
#2133 = CARTESIAN_POINT ( 'NONE',  ( -124.2471760917150476, 0.07627636560252931686, -12.67742693743805482 ) ) ;
#2134 = CARTESIAN_POINT ( 'NONE',  ( -103.9319952163524903, -0.5878119565879539321, 0.4274656623842705283 ) ) ;
#2135 = VERTEX_POINT ( 'NONE', #4408 ) ;
#2136 = CARTESIAN_POINT ( 'NONE',  ( -41.87451082432215088, -2.900292826767794097, 10.30709279624812957 ) ) ;
#2137 = ORIENTED_EDGE ( 'NONE', *, *, #2693, .T. ) ;
#2138 = CARTESIAN_POINT ( 'NONE',  ( 119.7608218366897717, -2.656775355115099657, 11.00017533018792193 ) ) ;
#2139 = ORIENTED_EDGE ( 'NONE', *, *, #3593, .T. ) ;
#2140 = DIRECTION ( 'NONE',  ( 0.000000000000000000, -1.000000000000000000, 0.000000000000000000 ) ) ;
#2141 = DIRECTION ( 'NONE',  ( -0.000000000000000000, 1.000000000000000000, -0.000000000000000000 ) ) ;
#2142 = DIRECTION ( 'NONE',  ( -0.000000000000000000, -0.000000000000000000, 1.000000000000000000 ) ) ;
#2143 = CIRCLE ( 'NONE', #58, 10.74000000000000377 ) ;
#2144 = CIRCLE ( 'NONE', #4166, 2.750000000000002665 ) ;
#2145 = AXIS2_PLACEMENT_3D ( 'NONE', #443, #2998, #4154 ) ;
#2146 = ORIENTED_EDGE ( 'NONE', *, *, #976, .F. ) ;
#2147 = CARTESIAN_POINT ( 'NONE',  ( 64.99999999999997158, 35.00000000000000000, 0.000000000000000000 ) ) ;
#2148 = CARTESIAN_POINT ( 'NONE',  ( -118.7487388489592348, 0.1624176347298046108, -12.97378213628953958 ) ) ;
#2149 = DIRECTION ( 'NONE',  ( 0.000000000000000000, 0.000000000000000000, -1.000000000000000000 ) ) ;
#2150 = VERTEX_POINT ( 'NONE', #1446 ) ;
#2151 = CARTESIAN_POINT ( 'NONE',  ( 64.99999999999997158, -40.00000000000000000, 0.000000000000000000 ) ) ;
#2152 = EDGE_CURVE ( 'NONE', #3092, #414, #2166, .T. ) ;
#2153 = CARTESIAN_POINT ( 'NONE',  ( -37.99999999999999289, -9.347633297674212471, 0.000000000000000000 ) ) ;
#2154 = VECTOR ( 'NONE', #2651, 1000.000000000000000 ) ;
#2155 = CARTESIAN_POINT ( 'NONE',  ( -119.5049220835185082, -2.656854249492421882, 10.99999999999991651 ) ) ;
#2156 = ORIENTED_EDGE ( 'NONE', *, *, #3657, .F. ) ;
#2157 = CARTESIAN_POINT ( 'NONE',  ( 1.665334536937734811E-15, 35.00000000000000000, 12.00000000000000000 ) ) ;
#2158 = CARTESIAN_POINT ( 'NONE',  ( 36.76038508033474272, -2.686563675237861659, 10.93276237596960421 ) ) ;
#2159 = CARTESIAN_POINT ( 'NONE',  ( -126.0357680937602396, 0.01488109377037329616, -12.32428037631670747 ) ) ;
#2160 = CARTESIAN_POINT ( 'NONE',  ( -103.5767724329670045, -2.999999994010669191, -0.3838832813727725002 ) ) ;
#2161 = ADVANCED_FACE ( 'NONE', ( #4353 ), #3649, .T. ) ;
#2162 = FACE_OUTER_BOUND ( 'NONE', #4635, .T. ) ;
#2163 = EDGE_LOOP ( 'NONE', ( #604, #233, #4407, #1629, #3520, #4745, #3632, #2041 ) ) ;
#2164 = CARTESIAN_POINT ( 'NONE',  ( 119.3804231545642978, 0.1697642401667984746, 12.99493259691820235 ) ) ;
#2165 = EDGE_LOOP ( 'NONE', ( #3496, #4604, #2014, #1209 ) ) ;
#2166 = LINE ( 'NONE', #3964, #3880 ) ;
#2167 = CARTESIAN_POINT ( 'NONE',  ( -150.0000000000000000, 35.00000000000000000, 12.00000000000002132 ) ) ;
#2168 = CIRCLE ( 'NONE', #1315, 11.00000000000000000 ) ;
#2169 = CARTESIAN_POINT ( 'NONE',  ( -90.00000000000002842, -40.00000000000000000, 42.00000000000003553 ) ) ;
#2170 = EDGE_CURVE ( 'NONE', #3284, #1155, #4195, .T. ) ;
#2171 = AXIS2_PLACEMENT_3D ( 'NONE', #656, #4392, #1791 ) ;
#2172 = VERTEX_POINT ( 'NONE', #1759 ) ;
#2173 = CARTESIAN_POINT ( 'NONE',  ( 150.0000000000000000, 35.00000000000000000, 14.99999999999997868 ) ) ;
#2174 = CARTESIAN_POINT ( 'NONE',  ( -115.2100021326292989, -2.973326781002670227, -9.914833153858065629 ) ) ;
#2175 = ORIENTED_EDGE ( 'NONE', *, *, #3972, .F. ) ;
#2176 = CARTESIAN_POINT ( 'NONE',  ( -37.99999999999999289, -2.999999999999999112, 0.000000000000000000 ) ) ;
#2177 = CARTESIAN_POINT ( 'NONE',  ( 79.99999999999998579, -3.000000000000002665, 6.000000000000015987 ) ) ;
#2178 = CARTESIAN_POINT ( 'NONE',  ( 37.49784752698904811, -2.657015898886846195, -10.99964075997784363 ) ) ;
#2179 = AXIS2_PLACEMENT_3D ( 'NONE', #253, #329, #2827 ) ;
#2180 = EDGE_CURVE ( 'NONE', #414, #1391, #4649, .T. ) ;
#2181 = CIRCLE ( 'NONE', #717, 2.999999999999999112 ) ;
#2182 = CARTESIAN_POINT ( 'NONE',  ( -74.90131967649531930, 34.99999999999999289, 16.17343160663272528 ) ) ;
#2183 = CARTESIAN_POINT ( 'NONE',  ( -120.0000000000000000, -15.00000000000000000, 0.000000000000000000 ) ) ;
#2184 = CARTESIAN_POINT ( 'NONE',  ( 116.8665588846384082, 0.1152628777394825582, -12.82425983559612881 ) ) ;
#2185 = DIRECTION ( 'NONE',  ( 0.000000000000000000, 0.000000000000000000, 1.000000000000000000 ) ) ;
#2186 = EDGE_CURVE ( 'NONE', #4176, #4459, #2092, .T. ) ;
#2187 = CARTESIAN_POINT ( 'NONE',  ( 61.99999999999997158, 3.000000000000002665, 11.99999999999999112 ) ) ;
#2188 = CARTESIAN_POINT ( 'NONE',  ( -104.6634740859309289, -0.8470199221078271723, 2.823656664050330001 ) ) ;
#2189 = CIRCLE ( 'NONE', #2808, 2.750000000000002665 ) ;
#2190 = CARTESIAN_POINT ( 'NONE',  ( -41.57834897592096723, -0.4365745038690185265, 10.41568038143195807 ) ) ;
#2191 = ORIENTED_EDGE ( 'NONE', *, *, #4118, .T. ) ;
#2192 = CARTESIAN_POINT ( 'NONE',  ( 116.5918413205241535, -2.854223916786752469, 10.47032075713461907 ) ) ;
#2193 = EDGE_CURVE ( 'NONE', #4786, #783, #1961, .T. ) ;
#2194 = EDGE_LOOP ( 'NONE', ( #907, #3405, #558, #4574 ) ) ;
#2195 = DIRECTION ( 'NONE',  ( 5.782411586589404970E-16, -0.000000000000000000, 1.000000000000000000 ) ) ;
#2196 = DIRECTION ( 'NONE',  ( -0.000000000000000000, 1.000000000000000000, -0.000000000000000000 ) ) ;
#2197 = CC_DESIGN_APPROVAL ( #4314, ( #2984 ) ) ;
#2198 = CARTESIAN_POINT ( 'NONE',  ( 45.21110255092797559, 0.000000000000000000, 11.99999999999999289 ) ) ;
#2199 = EDGE_LOOP ( 'NONE', ( #429, #3825, #3236, #4139 ) ) ;
#2200 = DIRECTION ( 'NONE',  ( -0.000000000000000000, -1.000000000000000000, -0.000000000000000000 ) ) ;
#2201 = CYLINDRICAL_SURFACE ( 'NONE', #1188, 15.00000000000001599 ) ;
#2202 = ORIENTED_EDGE ( 'NONE', *, *, #3519, .F. ) ;
#2203 = FACE_OUTER_BOUND ( 'NONE', #273, .T. ) ;
#2204 = CARTESIAN_POINT ( 'NONE',  ( 150.0000000000000000, 35.00000000000000000, 14.99999999999997868 ) ) ;
#2205 = CARTESIAN_POINT ( 'NONE',  ( 34.11246618224343052, -2.901448407078250025, -10.30197549226581799 ) ) ;
#2206 = ORIENTED_EDGE ( 'NONE', *, *, #3031, .T. ) ;
#2207 = TOROIDAL_SURFACE ( 'NONE', #2510, 18.00000000000000000, 3.000000000000000000 ) ;
#2208 = DIRECTION ( 'NONE',  ( 1.000000000000000000, -0.000000000000000000, -1.503427012513232897E-16 ) ) ;
#2209 = DIRECTION ( 'NONE',  ( 1.000000000000000000, 0.000000000000000000, -6.608470384673549052E-16 ) ) ;
#2210 = DIRECTION ( 'NONE',  ( 0.000000000000000000, -1.000000000000000000, 0.000000000000000000 ) ) ;
#2211 = CARTESIAN_POINT ( 'NONE',  ( -90.00000000000001421, 0.000000000000000000, -11.99999999999998934 ) ) ;
#2212 = COORDINATED_UNIVERSAL_TIME_OFFSET ( 5, 30, .AHEAD. ) ;
#2213 = CYLINDRICAL_SURFACE ( 'NONE', #2007, 2.999999999999999112 ) ;
#2214 = CARTESIAN_POINT ( 'NONE',  ( -106.1393118336523855, 0.000000000000000000, -1.970107498404805257 ) ) ;
#2215 = CARTESIAN_POINT ( 'NONE',  ( -38.52041142335291113, -0.5347353838931000469, 10.99090798253880052 ) ) ;
#2216 = EDGE_LOOP ( 'NONE', ( #1400, #3732, #2532, #280 ) ) ;
#2217 = VECTOR ( 'NONE', #1719, 1000.000000000000000 ) ;
#2218 = PLANE ( 'NONE',  #3431 ) ;
#2219 = ORIENTED_EDGE ( 'NONE', *, *, #1465, .T. ) ;
#2220 = CARTESIAN_POINT ( 'NONE',  ( -75.00000000000001421, 32.00000000000000000, 12.00000000000001243 ) ) ;
#2221 = CARTESIAN_POINT ( 'NONE',  ( -121.9734539507564506, -2.728271098083769886, 10.83299564084926381 ) ) ;
#2222 = TOROIDAL_SURFACE ( 'NONE', #3382, 13.99999999999999112, 3.000000000000000000 ) ;
#2223 = DIRECTION ( 'NONE',  ( -0.000000000000000000, 1.000000000000000000, -0.000000000000000000 ) ) ;
#2224 = VERTEX_POINT ( 'NONE', #2506 ) ;
#2225 = ORIENTED_EDGE ( 'NONE', *, *, #4260, .F. ) ;
#2226 = EDGE_CURVE ( 'NONE', #4096, #3414, #4686, .T. ) ;
#2227 = CARTESIAN_POINT ( 'NONE',  ( 96.25367278329034093, 35.00000000000000000, 13.89145129364376885 ) ) ;
#2228 = FACE_OUTER_BOUND ( 'NONE', #1331, .T. ) ;
#2229 = PRODUCT ( 'CSWP_18_22', 'CSWP_18_22', '', ( #3202 ) ) ;
#2230 = ORIENTED_EDGE ( 'NONE', *, *, #689, .T. ) ;
#2231 = DIRECTION ( 'NONE',  ( 0.000000000000000000, 0.000000000000000000, -1.000000000000000000 ) ) ;
#2232 = AXIS2_PLACEMENT_3D ( 'NONE', #1846, #3327, #4802 ) ;
#2233 = CARTESIAN_POINT ( 'NONE',  ( 95.00000000000000000, -40.00000000000000000, 17.99999999999998579 ) ) ;
#2234 = ORIENTED_EDGE ( 'NONE', *, *, #4107, .T. ) ;
#2235 = CARTESIAN_POINT ( 'NONE',  ( 120.0000000000000000, -2.999999999999999112, 0.000000000000000000 ) ) ;
#2236 = DIRECTION ( 'NONE',  ( 1.000000000000000000, -0.000000000000000000, -1.503427012513232897E-16 ) ) ;
#2237 = CARTESIAN_POINT ( 'NONE',  ( 150.0000000000000000, 35.00000000000000000, -13.00000000000002309 ) ) ;
#2238 = EDGE_CURVE ( 'NONE', #2224, #3715, #870, .T. ) ;
#2239 = CARTESIAN_POINT ( 'NONE',  ( 45.21110255092796848, -2.999999999999999112, 11.99999999999999289 ) ) ;
#2240 = CIRCLE ( 'NONE', #2571, 14.00000000000000533 ) ;
#2241 = PLANE ( 'NONE',  #2473 ) ;
#2242 = DIRECTION ( 'NONE',  ( -0.000000000000000000, 1.000000000000000000, -0.000000000000000000 ) ) ;
#2243 = CARTESIAN_POINT ( 'NONE',  ( -39.23277902308286968, -2.686228507470286964, 10.93354172456714579 ) ) ;
#2244 = ORIENTED_EDGE ( 'NONE', *, *, #2785, .T. ) ;
#2245 = CARTESIAN_POINT ( 'NONE',  ( 40.46142005096146477, -2.768538346299068920, 10.73256665193532911 ) ) ;
#2246 = ORIENTED_EDGE ( 'NONE', *, *, #4426, .T. ) ;
#2248 = PLANE ( 'NONE',  #1792 ) ;
#2247 = PRODUCT_RELATED_PRODUCT_CATEGORY ( 'detail', '', ( #2229 ) ) ;
#2249 = DIRECTION ( 'NONE',  ( 6.608470384673549052E-16, 0.000000000000000000, -1.000000000000000000 ) ) ;
#2250 = EDGE_CURVE ( 'NONE', #3778, #3482, #1344, .T. ) ;
#2251 = CARTESIAN_POINT ( 'NONE',  ( -75.00000000000001421, -2.999999999999997335, 12.00000000000001243 ) ) ;
#2252 = EDGE_CURVE ( 'NONE', #4046, #4799, #1068, .T. ) ;
#2253 = ORIENTED_EDGE ( 'NONE', *, *, #982, .T. ) ;
#2254 = CIRCLE ( 'NONE', #145, 10.99999999999999289 ) ;
#2255 = CARTESIAN_POINT ( 'NONE',  ( 79.99999999999998579, 28.15000000000000213, 16.26000000000001933 ) ) ;
#2256 = ORIENTED_EDGE ( 'NONE', *, *, #2552, .T. ) ;
#2257 = DIRECTION ( 'NONE',  ( 0.000000000000000000, 0.000000000000000000, 1.000000000000000000 ) ) ;
#2258 = VECTOR ( 'NONE', #438, 1000.000000000000000 ) ;
#2259 = VERTEX_POINT ( 'NONE', #1734 ) ;
#2260 = EDGE_CURVE ( 'NONE', #628, #3482, #632, .T. ) ;
#2261 = DIRECTION ( 'NONE',  ( 0.000000000000000000, -1.000000000000000000, 0.000000000000000000 ) ) ;
#2262 = DIRECTION ( 'NONE',  ( -0.000000000000000000, 1.000000000000000000, -0.000000000000000000 ) ) ;
#2263 = PLANE ( 'NONE',  #4341 ) ;
#2264 = DIRECTION ( 'NONE',  ( -0.5150787536377122722, 0.000000000000000000, -0.8571428571428573173 ) ) ;
#2265 = CARTESIAN_POINT ( 'NONE',  ( -120.0000000000000000, -15.00000000000000000, 0.000000000000000000 ) ) ;
#2266 = DIRECTION ( 'NONE',  ( 1.000000000000000000, 0.000000000000000000, -1.503427012513232897E-16 ) ) ;
#2267 = CIRCLE ( 'NONE', #3812, 15.00000000000001421 ) ;
#2268 = PLANE ( 'NONE',  #1568 ) ;
#2269 = ORIENTED_EDGE ( 'NONE', *, *, #4526, .T. ) ;
#2270 = CARTESIAN_POINT ( 'NONE',  ( 0.000000000000000000, 0.000000000000000000, 0.000000000000000000 ) ) ;
#2271 = CIRCLE ( 'NONE', #166, 6.000000000000000000 ) ;
#2272 = CARTESIAN_POINT ( 'NONE',  ( 35.56735332879878797, 0.1379709524836453816, -12.90030929811990923 ) ) ;
#2273 = DIRECTION ( 'NONE',  ( 0.000000000000000000, 0.000000000000000000, -1.000000000000000000 ) ) ;
#2274 = ORIENTED_EDGE ( 'NONE', *, *, #959, .T. ) ;
#2275 = DIRECTION ( 'NONE',  ( -0.000000000000000000, 1.000000000000000000, -0.000000000000000000 ) ) ;
#2276 = EDGE_LOOP ( 'NONE', ( #3759, #1225, #4225, #3864, #2246 ) ) ;
#2277 = DIRECTION ( 'NONE',  ( -1.000000000000000000, -0.000000000000000000, 1.387778780781445676E-16 ) ) ;
#2278 = ORIENTED_EDGE ( 'NONE', *, *, #4564, .T. ) ;
#2279 = DIRECTION ( 'NONE',  ( 0.000000000000000000, 0.000000000000000000, -1.000000000000000000 ) ) ;
#2280 = DIRECTION ( 'NONE',  ( -6.608470384673549052E-16, 0.000000000000000000, -1.000000000000000000 ) ) ;
#2281 = CARTESIAN_POINT ( 'NONE',  ( 120.0000000000000000, -15.00000000000000000, -6.120000000000000107 ) ) ;
#2282 = CARTESIAN_POINT ( 'NONE',  ( 30.78889744907203863, -3.000000000000000000, -12.00000000000000355 ) ) ;
#2283 = EDGE_CURVE ( 'NONE', #2311, #4191, #3576, .T. ) ;
#2284 = CARTESIAN_POINT ( 'NONE',  ( -90.00000000000002842, 35.00000000000000000, 27.00000000000002132 ) ) ;
#2285 = CARTESIAN_POINT ( 'NONE',  ( -120.0000000000000000, -15.00000000000000000, 0.000000000000000000 ) ) ;
#2286 = DIRECTION ( 'NONE',  ( 0.000000000000000000, 0.000000000000000000, -1.000000000000000000 ) ) ;
#2287 = ORIENTED_EDGE ( 'NONE', *, *, #4741, .F. ) ;
#2288 = DIRECTION ( 'NONE',  ( -1.000000000000000000, -0.000000000000000000, 6.608470384673549052E-16 ) ) ;
#2289 = AXIS2_PLACEMENT_3D ( 'NONE', #3951, #4366, #1056 ) ;
#2290 = FACE_OUTER_BOUND ( 'NONE', #2771, .T. ) ;
#2291 = ADVANCED_FACE ( 'NONE', ( #3312, #4460 ), #2248, .F. ) ;
#2292 = ORIENTED_EDGE ( 'NONE', *, *, #4383, .T. ) ;
#2293 = CIRCLE ( 'NONE', #984, 6.119999999999986784 ) ;
#2294 = CARTESIAN_POINT ( 'NONE',  ( 36.74873884895593790, 0.1624176347298103007, 12.97378213628956800 ) ) ;
#2295 = VERTEX_POINT ( 'NONE', #1501 ) ;
#2296 = DIRECTION ( 'NONE',  ( -0.000000000000000000, -1.000000000000000000, -0.000000000000000000 ) ) ;
#2297 = ORIENTED_EDGE ( 'NONE', *, *, #455, .T. ) ;
#2298 = FACE_OUTER_BOUND ( 'NONE', #412, .T. ) ;
#2299 = CARTESIAN_POINT ( 'NONE',  ( -37.99999999999999289, -11.00000000000000000, 0.000000000000000000 ) ) ;
#2300 = ADVANCED_FACE ( 'NONE', ( #447 ), #1567, .F. ) ;
#2301 = DIRECTION ( 'NONE',  ( 0.000000000000000000, 0.000000000000000000, -1.000000000000000000 ) ) ;
#2302 = LINE ( 'NONE', #463, #1917 ) ;
#2303 = AXIS2_PLACEMENT_3D ( 'NONE', #4496, #2698, #1896 ) ;
#2304 = VECTOR ( 'NONE', #3875, 1000.000000000000000 ) ;
#2305 = EDGE_CURVE ( 'NONE', #859, #2909, #2675, .T. ) ;
#2306 = AXIS2_PLACEMENT_3D ( 'NONE', #817, #1919, #2949 ) ;
#2307 = DIRECTION ( 'NONE',  ( -0.000000000000000000, -1.000000000000000000, -0.000000000000000000 ) ) ;
#2308 = DIRECTION ( 'NONE',  ( 0.000000000000000000, 0.000000000000000000, -1.000000000000000000 ) ) ;
#2309 = DIRECTION ( 'NONE',  ( 0.000000000000000000, -1.000000000000000000, 0.000000000000000000 ) ) ;
#2310 = VECTOR ( 'NONE', #4702, 1000.000000000000000 ) ;
#2311 = VERTEX_POINT ( 'NONE', #3047 ) ;
#2312 = DIRECTION ( 'NONE',  ( -0.000000000000000000, 1.000000000000000000, -0.000000000000000000 ) ) ;
#2313 = CARTESIAN_POINT ( 'NONE',  ( -40.20107618692787810, 0.1427711910749959734, -12.91473666705798173 ) ) ;
#2314 = DIRECTION ( 'NONE',  ( -0.000000000000000000, 1.000000000000000000, -0.000000000000000000 ) ) ;
#2315 = EDGE_LOOP ( 'NONE', ( #937, #2278, #3216, #2667 ) ) ;
#2316 = CARTESIAN_POINT ( 'NONE',  ( 42.35539798130038491, 0.07222952672227231363, 12.66012808007789836 ) ) ;
#2317 = EDGE_CURVE ( 'NONE', #47, #1811, #2430, .T. ) ;
#2318 = ORIENTED_EDGE ( 'NONE', *, *, #76, .F. ) ;
#2319 = DIRECTION ( 'NONE',  ( 0.000000000000000000, 0.000000000000000000, -1.000000000000000000 ) ) ;
#2320 = ORIENTED_EDGE ( 'NONE', *, *, #4526, .F. ) ;
#2321 = CARTESIAN_POINT ( 'NONE',  ( 120.0000000000000000, -13.00000000000004619, 11.00000000000000711 ) ) ;
#2322 = CARTESIAN_POINT ( 'NONE',  ( -35.53735122517550593, -2.768664227492991348, -10.73208223910489245 ) ) ;
#2323 = CARTESIAN_POINT ( 'NONE',  ( -90.00000000000002842, 35.00000000000000000, 37.74000000000002331 ) ) ;
#2324 = VECTOR ( 'NONE', #4106, 1000.000000000000000 ) ;
#2325 = DIRECTION ( 'NONE',  ( 0.000000000000000000, 0.000000000000000000, -1.000000000000000000 ) ) ;
#2326 = EDGE_CURVE ( 'NONE', #4122, #2074, #4294, .T. ) ;
#2327 = AXIS2_PLACEMENT_3D ( 'NONE', #1482, #4525, #4547 ) ;
#2328 = FACE_OUTER_BOUND ( 'NONE', #315, .T. ) ;
#2329 = ORIENTED_EDGE ( 'NONE', *, *, #2170, .T. ) ;
#2330 = CARTESIAN_POINT ( 'NONE',  ( -75.00000000000001421, -3.000000000000000000, 12.00000000000001066 ) ) ;
#2331 = ADVANCED_FACE ( 'NONE', ( #1545, #3776 ), #2616, .T. ) ;
#2332 = DIRECTION ( 'NONE',  ( 0.000000000000000000, -1.000000000000000000, 0.000000000000000000 ) ) ;
#2333 = ORIENTED_EDGE ( 'NONE', *, *, #4098, .T. ) ;
#2334 = AXIS2_PLACEMENT_3D ( 'NONE', #1911, #3829, #485 ) ;
#2335 = CARTESIAN_POINT ( 'NONE',  ( -44.62632963261541619, 4.065758146820615743E-17, 12.17570239512323305 ) ) ;
#2336 = AXIS2_PLACEMENT_3D ( 'NONE', #4131, #1868, #3352 ) ;
#2337 = AXIS2_PLACEMENT_3D ( 'NONE', #228, #620, #2091 ) ;
#2338 = CARTESIAN_POINT ( 'NONE',  ( -41.88753381775658369, -2.901448407077838354, -10.30197549226581621 ) ) ;
#2339 = CARTESIAN_POINT ( 'NONE',  ( 44.66621400467060710, 2.558618221108235262E-15, -12.16371863260699904 ) ) ;
#2340 = ADVANCED_FACE ( 'NONE', ( #2639 ), #1897, .F. ) ;
#2341 = EDGE_CURVE ( 'NONE', #3418, #483, #417, .T. ) ;
#2342 = ORIENTED_EDGE ( 'NONE', *, *, #1465, .F. ) ;
#2343 = CARTESIAN_POINT ( 'NONE',  ( 43.66586629001482578, -2.999999999999997335, 9.428571428571421720 ) ) ;
#2344 = AXIS2_PLACEMENT_3D ( 'NONE', #1879, #3677, #351 ) ;
#2345 = ORIENTED_EDGE ( 'NONE', *, *, #580, .T. ) ;
#2346 = CARTESIAN_POINT ( 'NONE',  ( 0.000000000000000000, -40.00000000000000000, 0.000000000000000000 ) ) ;
#2347 = ORIENTED_EDGE ( 'NONE', *, *, #3166, .F. ) ;
#2348 = DIRECTION ( 'NONE',  ( 0.000000000000000000, -1.000000000000000000, 0.000000000000000000 ) ) ;
#2349 = CARTESIAN_POINT ( 'NONE',  ( -36.02060882245685747, -2.728715950832917514, -10.83188643958927244 ) ) ;
#2350 = DIRECTION ( 'NONE',  ( -0.000000000000000000, -1.000000000000000000, -0.000000000000000000 ) ) ;
#2351 = CARTESIAN_POINT ( 'NONE',  ( 124.7924556893667614, -2.973440724493547460, 9.913453795269104418 ) ) ;
#2352 = DIRECTION ( 'NONE',  ( -0.000000000000000000, 1.000000000000000000, -0.000000000000000000 ) ) ;
#2353 = ORIENTED_EDGE ( 'NONE', *, *, #3674, .T. ) ;
#2354 = FACE_OUTER_BOUND ( 'NONE', #2961, .T. ) ;
#2355 = CARTESIAN_POINT ( 'NONE',  ( 64.99999999999997158, -3.000000000000002665, 6.000000000000015987 ) ) ;
#2356 = VERTEX_POINT ( 'NONE', #4789 ) ;
#2357 = CARTESIAN_POINT ( 'NONE',  ( -33.15362072375960167, 0.05291308388839695287, 12.57512725172563961 ) ) ;
#2358 = CARTESIAN_POINT ( 'NONE',  ( -43.66586629001483999, 1.301042606982605124E-15, -9.428571428571425272 ) ) ;
#2359 = FACE_OUTER_BOUND ( 'NONE', #1595, .T. ) ;
#2360 = ORIENTED_EDGE ( 'NONE', *, *, #898, .F. ) ;
#2361 = CARTESIAN_POINT ( 'NONE',  ( 39.72941700402081722, -2.714457617588089011, 10.86601476249841625 ) ) ;
#2362 = ORIENTED_EDGE ( 'NONE', *, *, #1622, .T. ) ;
#2363 = DIRECTION ( 'NONE',  ( -1.387778780781445676E-16, 0.000000000000000000, -1.000000000000000000 ) ) ;
#2364 = AXIS2_PLACEMENT_3D ( 'NONE', #3100, #1671, #3421 ) ;
#2365 = EDGE_CURVE ( 'NONE', #2443, #2376, #3682, .T. ) ;
#2366 = EDGE_LOOP ( 'NONE', ( #2256, #3866 ) ) ;
#2367 = CARTESIAN_POINT ( 'NONE',  ( -124.9477703135328426, 0.04927579711512714011, -12.55580258592002529 ) ) ;
#2368 = CARTESIAN_POINT ( 'NONE',  ( -37.99999999999999289, -11.00000000000000000, 2.750000000000002665 ) ) ;
#2369 = LINE ( 'NONE', #2323, #4473 ) ;
#2370 = CARTESIAN_POINT ( 'NONE',  ( -123.8765915970331264, -2.900477069121949469, 10.30627392473357595 ) ) ;
#2371 = CARTESIAN_POINT ( 'NONE',  ( -120.0000000000017621, -2.656854249492374365, -10.99999999999999289 ) ) ;
#2372 = VERTEX_POINT ( 'NONE', #4040 ) ;
#2373 = CARTESIAN_POINT ( 'NONE',  ( 120.0000000000000000, -15.00000000000000000, 0.000000000000000000 ) ) ;
#2374 = EDGE_CURVE ( 'NONE', #2379, #4122, #39, .T. ) ;
#2375 = APPLICATION_PROTOCOL_DEFINITION ( 'international standard', 'config_control_design', 1994, #3155 ) ;
#2376 = VERTEX_POINT ( 'NONE', #2955 ) ;
#2377 = DIRECTION ( 'NONE',  ( 0.000000000000000000, 1.000000000000000000, 0.000000000000000000 ) ) ;
#2378 = CARTESIAN_POINT ( 'NONE',  ( 150.0000000000000000, 35.00000000000000000, -15.00000000000002309 ) ) ;
#2379 = VERTEX_POINT ( 'NONE', #2588 ) ;
#2380 = DIRECTION ( 'NONE',  ( -0.000000000000000000, -1.000000000000000000, -0.000000000000000000 ) ) ;
#2381 = AXIS2_PLACEMENT_3D ( 'NONE', #4753, #4800, #2943 ) ;
#2382 = EDGE_CURVE ( 'NONE', #483, #1665, #1819, .T. ) ;
#2383 = ORIENTED_EDGE ( 'NONE', *, *, #4023, .T. ) ;
#2384 = CARTESIAN_POINT ( 'NONE',  ( -116.8665588846384225, 0.1152628777394279769, 12.82425983559594229 ) ) ;
#2385 = ORIENTED_EDGE ( 'NONE', *, *, #2538, .F. ) ;
#2386 = LINE ( 'NONE', #3826, #3918 ) ;
#2387 = EDGE_CURVE ( 'NONE', #1417, #2807, #2982, .T. ) ;
#2388 = VERTEX_POINT ( 'NONE', #4414 ) ;
#2389 = CARTESIAN_POINT ( 'NONE',  ( -41.87659159703312639, -2.900477069121945028, 10.30627392473358128 ) ) ;
#2390 = DIRECTION ( 'NONE',  ( 0.000000000000000000, 0.7071067811865493491, 0.7071067811865456854 ) ) ;
#2391 = DIRECTION ( 'NONE',  ( -0.000000000000000000, 1.000000000000000000, -0.000000000000000000 ) ) ;
#2392 = CARTESIAN_POINT ( 'NONE',  ( -37.99999999999999289, -11.41999999999999993, 0.000000000000000000 ) ) ;
#2393 = ADVANCED_FACE ( 'NONE', ( #2541 ), #2207, .F. ) ;
#2394 = EDGE_LOOP ( 'NONE', ( #85, #4324, #2692, #130 ) ) ;
#2395 = DIRECTION ( 'NONE',  ( 6.608470384673549052E-16, -0.000000000000000000, 1.000000000000000000 ) ) ;
#2396 = AXIS2_PLACEMENT_3D ( 'NONE', #1694, #2123, #3143 ) ;
#2397 = CYLINDRICAL_SURFACE ( 'NONE', #247, 2.999999999999999112 ) ;
#2398 = CARTESIAN_POINT ( 'NONE',  ( -150.0000000000000000, 2.000000000000000000, 0.000000000000000000 ) ) ;
#2399 = VERTEX_POINT ( 'NONE', #385 ) ;
#2400 = AXIS2_PLACEMENT_3D ( 'NONE', #2717, #4196, #3833 ) ;
#2401 = EDGE_CURVE ( 'NONE', #4298, #2399, #4218, .T. ) ;
#2402 = FACE_BOUND ( 'NONE', #2757, .T. ) ;
#2403 = CARTESIAN_POINT ( 'NONE',  ( -120.0000000000000000, -15.00000000000000000, -8.999999999999980460 ) ) ;
#2404 = TOROIDAL_SURFACE ( 'NONE', #319, 13.99999999999999822, 3.000000000000000000 ) ;
#2405 = ORIENTED_EDGE ( 'NONE', *, *, #2186, .F. ) ;
#2406 = DIRECTION ( 'NONE',  ( -0.000000000000000000, 1.000000000000000000, -0.000000000000000000 ) ) ;
#2407 = DESIGN_CONTEXT ( 'detailed design', #848, 'design' ) ;
#2408 = AXIS2_PLACEMENT_3D ( 'NONE', #2853, #3553, #279 ) ;
#2409 = ORIENTED_EDGE ( 'NONE', *, *, #3796, .F. ) ;
#2410 = CARTESIAN_POINT ( 'NONE',  ( -119.0057133435172005, -2.672614824791484711, 10.96613122369336146 ) ) ;
#2411 = ORIENTED_EDGE ( 'NONE', *, *, #3197, .F. ) ;
#2412 = DIRECTION ( 'NONE',  ( 0.000000000000000000, -1.000000000000000000, 0.000000000000000000 ) ) ;
#2413 = ORIENTED_EDGE ( 'NONE', *, *, #3135, .F. ) ;
#2414 = CIRCLE ( 'NONE', #489, 18.00000000000001421 ) ;
#2415 = CARTESIAN_POINT ( 'NONE',  ( -39.23961491966522885, -2.686563675237861659, 10.93276237596961664 ) ) ;
#2416 = DIRECTION ( 'NONE',  ( -0.5150787536377144926, 0.000000000000000000, 0.8571428571428559851 ) ) ;
#2417 = ORIENTED_EDGE ( 'NONE', *, *, #2543, .T. ) ;
#2418 = DIRECTION ( 'NONE',  ( 0.000000000000000000, 0.000000000000000000, 1.000000000000000000 ) ) ;
#2419 = DIRECTION ( 'NONE',  ( -0.000000000000000000, 1.000000000000000000, -0.000000000000000000 ) ) ;
#2420 = CARTESIAN_POINT ( 'NONE',  ( -90.00000000000002842, 35.00000000000000000, 27.00000000000002132 ) ) ;
#2421 = CARTESIAN_POINT ( 'NONE',  ( -37.99999999999823075, -2.656854249492379694, 11.00000000000000000 ) ) ;
#2422 = CARTESIAN_POINT ( 'NONE',  ( 115.1536207237596301, 0.05291308388839684185, -12.57512725172565027 ) ) ;
#2423 = CARTESIAN_POINT ( 'NONE',  ( 120.0000000000000000, -15.00000000000000000, 0.000000000000000000 ) ) ;
#2424 = EDGE_CURVE ( 'NONE', #3711, #2026, #3445, .T. ) ;
#2425 = EDGE_CURVE ( 'NONE', #1860, #4786, #4441, .T. ) ;
#2426 = CARTESIAN_POINT ( 'NONE',  ( -34.11246618224750193, -2.901448407077976022, 10.30197549226757303 ) ) ;
#2427 = VERTEX_POINT ( 'NONE', #676 ) ;
#2428 = CARTESIAN_POINT ( 'NONE',  ( 126.6641939209643084, 2.081788467069033584E-15, 12.16432559199543562 ) ) ;
#2429 = MANIFOLD_SOLID_BREP ( 'Fillet10', #2919 ) ;
#2430 = CIRCLE ( 'NONE', #971, 13.99999999999999822 ) ;
#2431 = ORIENTED_EDGE ( 'NONE', *, *, #3091, .F. ) ;
#2432 = CARTESIAN_POINT ( 'NONE',  ( -115.6446020186996435, 0.07222952672230519011, 12.66012808007804580 ) ) ;
#2433 = CARTESIAN_POINT ( 'NONE',  ( 79.99999999999998579, 0.000000000000000000, -12.00000000000001421 ) ) ;
#2434 = EDGE_CURVE ( 'NONE', #3587, #2556, #2043, .T. ) ;
#2435 = ORIENTED_EDGE ( 'NONE', *, *, #1393, .F. ) ;
#2436 = CARTESIAN_POINT ( 'NONE',  ( -125.6658662900148613, 2.602085213965210642E-15, -9.428571428571411062 ) ) ;
#2437 = FACE_OUTER_BOUND ( 'NONE', #1674, .T. ) ;
#2438 = ORIENTED_EDGE ( 'NONE', *, *, #3754, .F. ) ;
#2439 = DIRECTION ( 'NONE',  ( -1.000000000000000000, -0.000000000000000000, -0.000000000000000000 ) ) ;
#2440 = VECTOR ( 'NONE', #2715, 1000.000000000000000 ) ;
#2441 = CARTESIAN_POINT ( 'NONE',  ( -120.0000000000000000, -11.00000000000000000, -2.750000000000002665 ) ) ;
#2442 = ADVANCED_FACE ( 'NONE', ( #335 ), #1837, .F. ) ;
#2443 = VERTEX_POINT ( 'NONE', #2255 ) ;
#2444 = AXIS2_PLACEMENT_3D ( 'NONE', #4573, #3055, #3415 ) ;
#2445 = LINE ( 'NONE', #2157, #3280 ) ;
#2446 = CARTESIAN_POINT ( 'NONE',  ( 37.99999999999999289, -11.41999999999999993, -2.749999999999995559 ) ) ;
#2447 = DIRECTION ( 'NONE',  ( 1.000000000000000000, 0.000000000000000000, -1.387778780781445676E-16 ) ) ;
#2448 = ADVANCED_FACE ( 'NONE', ( #2565 ), #1098, .F. ) ;
#2449 = CARTESIAN_POINT ( 'NONE',  ( -118.7862007958417223, 0.1716145698699291511, -13.00011793020066797 ) ) ;
#2450 = CARTESIAN_POINT ( 'NONE',  ( -107.1905520015825033, -7.226170840654079934E-10, 5.686055696309633589 ) ) ;
#2451 = VECTOR ( 'NONE', #4172, 1000.000000000000000 ) ;
#2452 = FACE_OUTER_BOUND ( 'NONE', #4055, .T. ) ;
#2453 = EDGE_LOOP ( 'NONE', ( #4307, #3628, #1998, #3992 ) ) ;
#2454 = CARTESIAN_POINT ( 'NONE',  ( 124.3553979813004133, 0.07222952672229984716, 12.66012808007799784 ) ) ;
#2455 = EDGE_CURVE ( 'NONE', #996, #2008, #3267, .T. ) ;
#2456 = ORIENTED_EDGE ( 'NONE', *, *, #2260, .F. ) ;
#2457 = DIRECTION ( 'NONE',  ( 1.000000000000000000, -0.000000000000000000, -1.503427012513232897E-16 ) ) ;
#2458 = CARTESIAN_POINT ( 'NONE',  ( 34.42165102407899724, -0.4365745038698424785, 10.41568038142973762 ) ) ;
#2459 = DIRECTION ( 'NONE',  ( 1.000000000000000000, -0.000000000000000000, -1.503427012513232897E-16 ) ) ;
#2460 = AXIS2_PLACEMENT_3D ( 'NONE', #3452, #2312, #102 ) ;
#2461 = ORIENTED_EDGE ( 'NONE', *, *, #1650, .F. ) ;
#2462 = EDGE_CURVE ( 'NONE', #146, #2311, #2622, .T. ) ;
#2463 = CARTESIAN_POINT ( 'NONE',  ( -38.00000000000175504, -2.656854249492375697, -11.00000000000000000 ) ) ;
#2464 = CARTESIAN_POINT ( 'NONE',  ( -124.7945658460642022, -2.973572258944566116, -9.912404177352602375 ) ) ;
#2465 = CYLINDRICAL_SURFACE ( 'NONE', #3642, 5.499999999999994671 ) ;
#2466 = VERTEX_POINT ( 'NONE', #2959 ) ;
#2467 = CARTESIAN_POINT ( 'NONE',  ( 38.99012685085742191, -2.675442446451003597, -10.95816632450416961 ) ) ;
#2468 = PLANE ( 'NONE',  #709 ) ;
#2469 = DIRECTION ( 'NONE',  ( 0.000000000000000000, 0.000000000000000000, -1.000000000000000000 ) ) ;
#2470 = CARTESIAN_POINT ( 'NONE',  ( 123.1278933236751243, 0.1158849091892134447, -12.83026657881114829 ) ) ;
#2471 = DIRECTION ( 'NONE',  ( 0.000000000000000000, 0.000000000000000000, -1.000000000000000000 ) ) ;
#2472 =( LENGTH_UNIT ( ) NAMED_UNIT ( * ) SI_UNIT ( .MILLI., .METRE. ) );
#2473 = AXIS2_PLACEMENT_3D ( 'NONE', #3357, #1583, #1515 ) ;
#2474 = CARTESIAN_POINT ( 'NONE',  ( 64.99999999999997158, 3.000000000000002665, 11.99999999999999112 ) ) ;
#2475 = CARTESIAN_POINT ( 'NONE',  ( -105.0000000000000000, -0.4361258842150391724, 6.222309854445995825 ) ) ;
#2476 = EDGE_CURVE ( 'NONE', #1965, #2496, #4531, .T. ) ;
#2477 = CARTESIAN_POINT ( 'NONE',  ( -31.90363907798693432, 0.01333660880619568813, -12.30943927971740770 ) ) ;
#2478 = AXIS2_PLACEMENT_3D ( 'NONE', #3942, #625, #4451 ) ;
#2479 = ORIENTED_EDGE ( 'NONE', *, *, #3265, .F. ) ;
#2480 = CARTESIAN_POINT ( 'NONE',  ( 79.99999999999998579, 35.00000000000000000, 37.74000000000002331 ) ) ;
#2481 = VERTEX_POINT ( 'NONE', #410 ) ;
#2482 = CARTESIAN_POINT ( 'NONE',  ( 37.99999999999999289, -11.41999999999999993, 0.000000000000000000 ) ) ;
#2483 = CARTESIAN_POINT ( 'NONE',  ( 32.76230901050723787, -2.999999996513334377, 9.685872762058012952 ) ) ;
#2484 = LINE ( 'NONE', #4714, #161 ) ;
#2485 = EDGE_CURVE ( 'NONE', #4799, #2511, #1351, .T. ) ;
#2486 = EDGE_LOOP ( 'NONE', ( #2045, #551, #4633, #3167, #434 ) ) ;
#2487 = CARTESIAN_POINT ( 'NONE',  ( 37.99999999999999289, -11.41999999999999993, -6.120000000000000107 ) ) ;
#2488 = DIRECTION ( 'NONE',  ( -0.000000000000000000, 1.000000000000000000, -0.000000000000000000 ) ) ;
#2489 = LINE ( 'NONE', #3921, #3542 ) ;
#2490 = AXIS2_PLACEMENT_3D ( 'NONE', #4120, #800, #2273 ) ;
#2491 = VERTEX_POINT ( 'NONE', #2594 ) ;
#2492 = CARTESIAN_POINT ( 'NONE',  ( -123.4184205802136631, -2.855187496743228692, -10.46713792506246854 ) ) ;
#2493 = CARTESIAN_POINT ( 'NONE',  ( 39.97345395075429764, -2.728271098084042556, -10.83299564084955691 ) ) ;
#2494 = AXIS2_PLACEMENT_3D ( 'NONE', #4446, #2314, #3797 ) ;
#2495 = DIRECTION ( 'NONE',  ( 0.000000000000000000, 0.000000000000000000, -1.000000000000000000 ) ) ;
#2496 = VERTEX_POINT ( 'NONE', #2910 ) ;
#2497 = CARTESIAN_POINT ( 'NONE',  ( 118.2705829959780743, -2.714457617588161398, -10.86601476249827769 ) ) ;
#2498 = PLANE ( 'NONE',  #3016 ) ;
#2499 = CALENDAR_DATE ( 2026, 2, 8 ) ;
#2500 = FACE_OUTER_BOUND ( 'NONE', #2120, .T. ) ;
#2501 = CARTESIAN_POINT ( 'NONE',  ( -105.9964058657225792, 5.082433277771876861E-10, 0.6108020453370662795 ) ) ;
#2502 = VERTEX_POINT ( 'NONE', #4771 ) ;
#2503 = CARTESIAN_POINT ( 'NONE',  ( -39.25126115104404789, 0.1624176347298728340, 12.97378213628975629 ) ) ;
#2504 = ORIENTED_EDGE ( 'NONE', *, *, #3817, .T. ) ;
#2505 = ORIENTED_EDGE ( 'NONE', *, *, #3409, .F. ) ;
#2506 = CARTESIAN_POINT ( 'NONE',  ( 32.33413370998517422, -2.999999999999999112, -9.428571428571434154 ) ) ;
#2507 = DIRECTION ( 'NONE',  ( -0.000000000000000000, 1.000000000000000000, -0.000000000000000000 ) ) ;
#2508 = EDGE_CURVE ( 'NONE', #3066, #4434, #3290, .T. ) ;
#2509 = CARTESIAN_POINT ( 'NONE',  ( 112.7888974490719676, 0.000000000000000000, 11.99999999999998401 ) ) ;
#2510 = AXIS2_PLACEMENT_3D ( 'NONE', #1127, #358, #1073 ) ;
#2511 = VERTEX_POINT ( 'NONE', #3294 ) ;
#2512 = CARTESIAN_POINT ( 'NONE',  ( 120.0000000000000000, -15.00000000000000000, 11.00000000000000711 ) ) ;
#2513 = DIRECTION ( 'NONE',  ( 1.000000000000000000, -0.000000000000000000, -1.503427012513232897E-16 ) ) ;
#2514 = CARTESIAN_POINT ( 'NONE',  ( 124.8463792762404267, 0.05291308388839827820, 12.57512725172562185 ) ) ;
#2515 = ORIENTED_EDGE ( 'NONE', *, *, #116, .T. ) ;
#2516 = FACE_OUTER_BOUND ( 'NONE', #424, .T. ) ;
#2517 = EDGE_CURVE ( 'NONE', #2801, #3336, #882, .T. ) ;
#2518 = DIRECTION ( 'NONE',  ( -1.000000000000000000, 0.000000000000000000, 0.000000000000000000 ) ) ;
#2519 = EDGE_CURVE ( 'NONE', #2388, #3418, #3761, .T. ) ;
#2520 = CARTESIAN_POINT ( 'NONE',  ( -112.7888974490720528, 0.000000000000000000, 12.00000000000001599 ) ) ;
#2521 = ORIENTED_EDGE ( 'NONE', *, *, #512, .F. ) ;
#2522 = CARTESIAN_POINT ( 'NONE',  ( 125.2376909894963006, -2.999999996512644707, -9.685872762055893759 ) ) ;
#2523 = DIRECTION ( 'NONE',  ( 0.000000000000000000, -1.000000000000000000, 0.000000000000000000 ) ) ;
#2524 = AXIS2_PLACEMENT_3D ( 'NONE', #1217, #4214, #457 ) ;
#2525 = CARTESIAN_POINT ( 'NONE',  ( -115.1586983060349638, 0.05309304788855446350, -12.57610250751161551 ) ) ;
#2526 = CARTESIAN_POINT ( 'NONE',  ( -103.6230157173247761, -0.2922051053284660527, -0.2854980591064574802 ) ) ;
#2527 = ADVANCED_FACE ( 'NONE', ( #2709 ), #1215, .T. ) ;
#2528 = ORIENTED_EDGE ( 'NONE', *, *, #441, .F. ) ;
#2529 = CARTESIAN_POINT ( 'NONE',  ( -40.10003679264873711, -0.5140780408424211467, 10.81138701189755125 ) ) ;
#2530 = ORIENTED_EDGE ( 'NONE', *, *, #1387, .F. ) ;
#2531 = CARTESIAN_POINT ( 'NONE',  ( 113.9036390779913290, 0.01333660880627167422, 12.30943927971792107 ) ) ;
#2532 = ORIENTED_EDGE ( 'NONE', *, *, #887, .F. ) ;
#2533 = DIRECTION ( 'NONE',  ( 0.000000000000000000, 0.000000000000000000, -1.000000000000000000 ) ) ;
#2534 = DIRECTION ( 'NONE',  ( 0.000000000000000000, 0.000000000000000000, 1.000000000000000000 ) ) ;
#2535 = CARTESIAN_POINT ( 'NONE',  ( 37.99999999999999289, -11.41999999999999993, 2.749999999999995559 ) ) ;
#2536 = CIRCLE ( 'NONE', #1685, 2.750000000000002665 ) ;
#2537 = AXIS2_PLACEMENT_3D ( 'NONE', #3442, #115, #3077 ) ;
#2538 = EDGE_CURVE ( 'NONE', #545, #1930, #42, .T. ) ;
#2539 = AXIS2_PLACEMENT_3D ( 'NONE', #4110, #794, #2266 ) ;
#2540 = ORIENTED_EDGE ( 'NONE', *, *, #158, .T. ) ;
#2541 = FACE_OUTER_BOUND ( 'NONE', #1554, .T. ) ;
#2542 = CARTESIAN_POINT ( 'NONE',  ( -90.00000000000002842, -40.00000000000000000, 27.00000000000002132 ) ) ;
#2543 = EDGE_CURVE ( 'NONE', #4252, #4637, #1970, .T. ) ;
#2544 = ORIENTED_EDGE ( 'NONE', *, *, #2519, .F. ) ;
#2545 = LINE ( 'NONE', #2647, #1160 ) ;
#2546 = CARTESIAN_POINT ( 'NONE',  ( 32.33413370998517422, 2.602085213965210642E-15, -9.428571428571430602 ) ) ;
#2547 = DIRECTION ( 'NONE',  ( 0.000000000000000000, -1.000000000000000000, 0.000000000000000000 ) ) ;
#2548 = FACE_OUTER_BOUND ( 'NONE', #3390, .T. ) ;
#2549 = CARTESIAN_POINT ( 'NONE',  ( 117.4877022721759090, 0.1343023901163653555, -12.88819465762414396 ) ) ;
#2550 = CARTESIAN_POINT ( 'NONE',  ( 37.00987314914255677, -2.675442446451000933, 10.95816632450416250 ) ) ;
#2551 = APPROVAL_DATE_TIME ( #4757, #1239 ) ;
#2552 = EDGE_CURVE ( 'NONE', #4311, #2019, #4676, .T. ) ;
#2553 = CARTESIAN_POINT ( 'NONE',  ( 1.665334536937734811E-15, 35.00000000000000000, 12.00000000000000000 ) ) ;
#2554 = DIRECTION ( 'NONE',  ( 0.000000000000000000, -0.000000000000000000, -1.000000000000000000 ) ) ;
#2555 = LINE ( 'NONE', #3675, #4275 ) ;
#2556 = VERTEX_POINT ( 'NONE', #1907 ) ;
#2557 = CARTESIAN_POINT ( 'NONE',  ( 117.3914019994786031, -0.4981258624551701542, 10.69889109170945929 ) ) ;
#2558 = ORIENTED_EDGE ( 'NONE', *, *, #3772, .T. ) ;
#2559 = CARTESIAN_POINT ( 'NONE',  ( -90.00000000000001421, -40.00000000000000000, 6.000000000000019540 ) ) ;
#2560 = CARTESIAN_POINT ( 'NONE',  ( -121.0492083255780216, -0.5309853086719771298, 10.95325125500982466 ) ) ;
#2561 = AXIS2_PLACEMENT_3D ( 'NONE', #3203, #3281, #4704 ) ;
#2562 = CARTESIAN_POINT ( 'NONE',  ( 33.15869830603494961, 0.05309304788855410961, 12.57610250751162084 ) ) ;
#2563 = CIRCLE ( 'NONE', #2400, 6.120000000000014317 ) ;
#2564 = EDGE_LOOP ( 'NONE', ( #3785, #3919, #4074, #1322 ) ) ;
#2565 = FACE_OUTER_BOUND ( 'NONE', #4643, .T. ) ;
#2566 = CARTESIAN_POINT ( 'NONE',  ( 116.5815794197863511, -2.855187496743230913, -10.46713792506249519 ) ) ;
#2567 = EDGE_LOOP ( 'NONE', ( #724, #2761, #4405, #3161 ) ) ;
#2568 = LINE ( 'NONE', #1815, #4093 ) ;
#2569 = DIRECTION ( 'NONE',  ( -1.387778780781445676E-16, 0.000000000000000000, -1.000000000000000000 ) ) ;
#2570 = CARTESIAN_POINT ( 'NONE',  ( 36.93478891947948028, -0.5324910077282934973, -10.96082380305006510 ) ) ;
#2571 = AXIS2_PLACEMENT_3D ( 'NONE', #3441, #1893, #1156 ) ;
#2572 = ORIENTED_EDGE ( 'NONE', *, *, #3154, .F. ) ;
#2573 = AXIS2_PLACEMENT_3D ( 'NONE', #1534, #4105, #392 ) ;
#2574 = AXIS2_PLACEMENT_3D ( 'NONE', #4521, #2309, #1586 ) ;
#2575 = CARTESIAN_POINT ( 'NONE',  ( 98.00000000000000000, 0.000000000000000000, 6.000000000000020428 ) ) ;
#2576 = CARTESIAN_POINT ( 'NONE',  ( 120.0000000000000000, -11.41999999999999993, -6.119999999999986784 ) ) ;
#2577 = FACE_OUTER_BOUND ( 'NONE', #3180, .T. ) ;
#2578 = DIRECTION ( 'NONE',  ( 0.000000000000000000, 0.000000000000000000, 1.000000000000000000 ) ) ;
#2579 = TOROIDAL_SURFACE ( 'NONE', #3967, 18.00000000000001421, 3.000000000000000000 ) ;
#2580 = FACE_OUTER_BOUND ( 'NONE', #4164, .T. ) ;
#2581 = CARTESIAN_POINT ( 'NONE',  ( 63.41797057632038559, 35.00000000000000711, 13.49011449060166790 ) ) ;
#2582 = CONICAL_SURFACE ( 'NONE', #1646, 8.999999999999980460, 0.7853981633974457255 ) ;
#2583 = CARTESIAN_POINT ( 'NONE',  ( -32.33413370998516001, -2.999999999999999112, 9.428571428571434154 ) ) ;
#2584 = EDGE_LOOP ( 'NONE', ( #2821, #1278, #2413, #987 ) ) ;
#2585 = CARTESIAN_POINT ( 'NONE',  ( 115.6623434988505181, 0.07288804113625067804, 12.66293139102772436 ) ) ;
#2586 = ADVANCED_FACE ( 'NONE', ( #129 ), #4348, .F. ) ;
#2587 = EDGE_LOOP ( 'NONE', ( #1928, #41, #3003, #1018 ) ) ;
#2588 = CARTESIAN_POINT ( 'NONE',  ( -72.00000000000002842, 0.000000000000000000, 12.00000000000001066 ) ) ;
#2589 = DIRECTION ( 'NONE',  ( -0.8571428571428575394, 0.000000000000000000, -0.5150787536377120501 ) ) ;
#2590 = LOCAL_TIME ( 4, 12, 43.00000000000000000, #2212 ) ;
#2591 = DIRECTION ( 'NONE',  ( 0.000000000000000000, -1.000000000000000000, 0.000000000000000000 ) ) ;
#2592 = ORIENTED_EDGE ( 'NONE', *, *, #3344, .F. ) ;
#2593 = VERTEX_POINT ( 'NONE', #1301 ) ;
#2594 = CARTESIAN_POINT ( 'NONE',  ( -105.0000000000000426, 3.000000000000002665, 18.00000000000001421 ) ) ;
#2595 = CARTESIAN_POINT ( 'NONE',  ( -117.5423695313959342, -2.768230182562191555, -10.73327605261130380 ) ) ;
#2596 = ADVANCED_FACE ( 'NONE', ( #2063 ), #46, .F. ) ;
#2597 = ORIENTED_EDGE ( 'NONE', *, *, #2736, .T. ) ;
#2598 = LINE ( 'NONE', #1864, #196 ) ;
#2599 = FACE_OUTER_BOUND ( 'NONE', #992, .T. ) ;
#2600 = VERTEX_POINT ( 'NONE', #4713 ) ;
#2601 = AXIS2_PLACEMENT_3D ( 'NONE', #1528, #4571, #1173 ) ;
#2602 = DIRECTION ( 'NONE',  ( 0.000000000000000000, -0.000000000000000000, -1.000000000000000000 ) ) ;
#2603 = DIRECTION ( 'NONE',  ( 0.000000000000000000, -1.000000000000000000, 0.000000000000000000 ) ) ;
#2604 = CARTESIAN_POINT ( 'NONE',  ( -105.0000000000000284, -40.00000000000000000, 6.000000000000017764 ) ) ;
#2605 = LINE ( 'NONE', #3222, #2310 ) ;
#2606 = DATE_AND_TIME ( #3249, #495 ) ;
#2607 = ADVANCED_FACE ( 'NONE', ( #1396 ), #4380, .T. ) ;
#2608 = LINE ( 'NONE', #3726, #4568 ) ;
#2609 = DIRECTION ( 'NONE',  ( 0.000000000000000000, 0.000000000000000000, 1.000000000000000000 ) ) ;
#2610 = EDGE_CURVE ( 'NONE', #1417, #2135, #3517, .T. ) ;
#2611 = CARTESIAN_POINT ( 'NONE',  ( -42.78999786737126243, -2.973326781003358121, 9.914833153857827597 ) ) ;
#2612 = ORIENTED_EDGE ( 'NONE', *, *, #265, .T. ) ;
#2613 = VECTOR ( 'NONE', #234, 1000.000000000000000 ) ;
#2614 = CARTESIAN_POINT ( 'NONE',  ( 41.88424138747040359, -2.901150131221789774, 10.30324543672238846 ) ) ;
#2615 = EDGE_LOOP ( 'NONE', ( #2505, #3473 ) ) ;
#2616 = PLANE ( 'NONE',  #427 ) ;
#2617 = CARTESIAN_POINT ( 'NONE',  ( -105.0000000000000284, -40.00000000000000000, -6.938893903907228378E-14 ) ) ;
#2618 = CARTESIAN_POINT ( 'NONE',  ( 41.04025191932186090, 0.1188004734802628887, 12.84009311048449575 ) ) ;
#2619 = EDGE_CURVE ( 'NONE', #3500, #284, #2119, .T. ) ;
#2620 = ORIENTED_EDGE ( 'NONE', *, *, #22, .T. ) ;
#2621 = EDGE_LOOP ( 'NONE', ( #3317, #3703 ) ) ;
#2622 = LINE ( 'NONE', #3318, #746 ) ;
#2623 = ORIENTED_EDGE ( 'NONE', *, *, #4730, .T. ) ;
#2624 = FACE_OUTER_BOUND ( 'NONE', #1771, .T. ) ;
#2625 = CIRCLE ( 'NONE', #1828, 11.00000000000000000 ) ;
#2626 = EDGE_CURVE ( 'NONE', #3341, #2224, #4261, .T. ) ;
#2627 = ORIENTED_EDGE ( 'NONE', *, *, #2387, .F. ) ;
#2628 = DIRECTION ( 'NONE',  ( 0.000000000000000000, -0.5150380749100528233, -0.8571673007021131108 ) ) ;
#2629 = CARTESIAN_POINT ( 'NONE',  ( -105.0000000000000426, 32.00000000000000000, 12.00000000000001776 ) ) ;
#2630 = LINE ( 'NONE', #3398, #2324 ) ;
#2631 = CARTESIAN_POINT ( 'NONE',  ( -120.0000000000000000, -11.00000000000000000, 0.000000000000000000 ) ) ;
#2632 = CIRCLE ( 'NONE', #4790, 2.750000000000002665 ) ;
#2633 = FACE_OUTER_BOUND ( 'NONE', #3440, .T. ) ;
#2634 = DIRECTION ( 'NONE',  ( -6.608470384673549052E-16, 0.000000000000000000, -1.000000000000000000 ) ) ;
#2635 = FACE_OUTER_BOUND ( 'NONE', #2163, .T. ) ;
#2636 = VERTEX_POINT ( 'NONE', #4041 ) ;
#2637 = CARTESIAN_POINT ( 'NONE',  ( 114.6819928224686151, -0.1371807331394208351, 9.637608742998580169 ) ) ;
#2638 = VERTEX_POINT ( 'NONE', #2167 ) ;
#2639 = FACE_OUTER_BOUND ( 'NONE', #3461, .T. ) ;
#2640 = FACE_OUTER_BOUND ( 'NONE', #2486, .T. ) ;
#2641 = FACE_OUTER_BOUND ( 'NONE', #1827, .T. ) ;
#2642 = ORIENTED_EDGE ( 'NONE', *, *, #2424, .F. ) ;
#2643 = AXIS2_PLACEMENT_3D ( 'NONE', #2284, #3749, #1898 ) ;
#2644 = CARTESIAN_POINT ( 'NONE',  ( 40.85678590626766749, -0.4825024581510876098, 10.62668746299394762 ) ) ;
#2645 = AXIS2_PLACEMENT_3D ( 'NONE', #4335, #2069, #2149 ) ;
#2646 = ORIENTED_EDGE ( 'NONE', *, *, #1585, .F. ) ;
#2647 = CARTESIAN_POINT ( 'NONE',  ( -150.0000000000000000, 35.00000000000000000, -14.99999999999997868 ) ) ;
#2648 = EDGE_CURVE ( 'NONE', #1218, #4754, #1703, .T. ) ;
#2649 = VECTOR ( 'NONE', #3302, 1000.000000000000000 ) ;
#2650 = ORIENTED_EDGE ( 'NONE', *, *, #2283, .F. ) ;
#2651 = DIRECTION ( 'NONE',  ( -0.000000000000000000, -1.000000000000000000, -0.000000000000000000 ) ) ;
#2652 = LINE ( 'NONE', #1082, #3811 ) ;
#2653 = CARTESIAN_POINT ( 'NONE',  ( 79.99999999999998579, 35.00000000000000000, 27.00000000000002132 ) ) ;
#2654 = VECTOR ( 'NONE', #731, 1000.000000000000000 ) ;
#2655 = CARTESIAN_POINT ( 'NONE',  ( -75.00000000000001421, 32.00000000000000000, 18.00000000000001421 ) ) ;
#2656 = CARTESIAN_POINT ( 'NONE',  ( 150.0000000000000000, 35.00000000000000000, -15.00000000000002309 ) ) ;
#2657 = CARTESIAN_POINT ( 'NONE',  ( 150.0000000000000000, 0.000000000000000000, -12.00000000000002487 ) ) ;
#2658 = CIRCLE ( 'NONE', #3183, 2.999999999999999112 ) ;
#2659 = FACE_OUTER_BOUND ( 'NONE', #3804, .T. ) ;
#2660 = ORIENTED_EDGE ( 'NONE', *, *, #3474, .F. ) ;
#2661 = CIRCLE ( 'NONE', #1574, 2.750000000000002665 ) ;
#2662 = CARTESIAN_POINT ( 'NONE',  ( 30.78889744907203863, 0.000000000000000000, -12.00000000000000533 ) ) ;
#2663 = CARTESIAN_POINT ( 'NONE',  ( -39.72941700402081722, -2.714457617588087679, -10.86601476249842335 ) ) ;
#2664 = ADVANCED_FACE ( 'NONE', ( #277 ), #4016, .F. ) ;
#2665 = EDGE_LOOP ( 'NONE', ( #2873, #500, #4533, #43 ) ) ;
#2666 = CARTESIAN_POINT ( 'NONE',  ( 0.000000000000000000, 33.00000000000000000, 0.000000000000000000 ) ) ;
#2667 = ORIENTED_EDGE ( 'NONE', *, *, #3293, .F. ) ;
#2668 = DIRECTION ( 'NONE',  ( -1.000000000000000000, 0.000000000000000000, 1.387778780781445676E-16 ) ) ;
#2669 = EDGE_CURVE ( 'NONE', #1665, #3341, #4501, .T. ) ;
#2670 = ORIENTED_EDGE ( 'NONE', *, *, #3005, .F. ) ;
#2671 = CARTESIAN_POINT ( 'NONE',  ( -127.2111025509279898, -3.000000000000000000, -11.99999999999998224 ) ) ;
#2672 = LINE ( 'NONE', #854, #2304 ) ;
#2673 = DIRECTION ( 'NONE',  ( -0.000000000000000000, -1.000000000000000000, -0.000000000000000000 ) ) ;
#2674 = CARTESIAN_POINT ( 'NONE',  ( -35.56513614286955516, 0.1401118937165300449, -12.92148731006870754 ) ) ;
#2675 = CIRCLE ( 'NONE', #3370, 6.000000000000000000 ) ;
#2676 = EDGE_CURVE ( 'NONE', #3941, #4389, #4354, .T. ) ;
#2677 = FACE_OUTER_BOUND ( 'NONE', #3548, .T. ) ;
#2678 = PLANE ( 'NONE',  #1300 ) ;
#2679 = CARTESIAN_POINT ( 'NONE',  ( -37.99999999999823075, -2.656854249492379694, 11.00000000000000000 ) ) ;
#2680 = ORIENTED_EDGE ( 'NONE', *, *, #1548, .F. ) ;
#2681 = EDGE_CURVE ( 'NONE', #4200, #826, #78, .T. ) ;
#2682 = CARTESIAN_POINT ( 'NONE',  ( -37.99999999999999289, -15.00000000000000000, 6.120000000000000107 ) ) ;
#2683 = CARTESIAN_POINT ( 'NONE',  ( -127.2111025509279898, 0.000000000000000000, -11.99999999999998224 ) ) ;
#2684 = B_SPLINE_CURVE_WITH_KNOTS ( 'NONE', 3,
 ( #1984, #578, #3997, #2467, #1405, #3946, #2101, #3241, #952, #1023, #681, #4720 ),
 .UNSPECIFIED., .F., .F.,
 ( 4, 2, 2, 2, 2, 4 ),
 ( 0.005943925179968828978, 0.006684808149227623730, 0.007425691118486418482, 0.008907457057004006251, 0.01038922299552159575, 0.01187098893403918526 ),
 .UNSPECIFIED. ) ;
#2685 = CARTESIAN_POINT ( 'NONE',  ( -37.99999999999999289, -15.00000000000000000, 0.000000000000000000 ) ) ;
#2686 = VERTEX_POINT ( 'NONE', #3262 ) ;
#2687 = CIRCLE ( 'NONE', #3998, 2.999999999999999112 ) ;
#2688 = CARTESIAN_POINT ( 'NONE',  ( 42.91774399518775596, -0.2405293788030645197, 9.852014752710738676 ) ) ;
#2689 = ORIENTED_EDGE ( 'NONE', *, *, #199, .F. ) ;
#2690 = CYLINDRICAL_SURFACE ( 'NONE', #587, 6.120000000000000107 ) ;
#2691 = EDGE_CURVE ( 'NONE', #4614, #188, #4094, .T. ) ;
#2692 = ORIENTED_EDGE ( 'NONE', *, *, #775, .T. ) ;
#2693 = EDGE_CURVE ( 'NONE', #3838, #3414, #705, .T. ) ;
#2694 = CARTESIAN_POINT ( 'NONE',  ( -75.00000000000002842, -40.00000000000000000, 4.956352788505163307E-14 ) ) ;
#2695 = CARTESIAN_POINT ( 'NONE',  ( -37.99999999999999289, -15.00000000000000000, 8.999999999999980460 ) ) ;
#2696 = AXIS2_PLACEMENT_3D ( 'NONE', #4418, #734, #1130 ) ;
#2697 = CARTESIAN_POINT ( 'NONE',  ( 79.99999999999998579, 35.00000000000000000, 42.00000000000003553 ) ) ;
#2698 = DIRECTION ( 'NONE',  ( 0.000000000000000000, -1.000000000000000000, 0.000000000000000000 ) ) ;
#2699 = CARTESIAN_POINT ( 'NONE',  ( -37.99999999999999289, -15.00000000000000000, 0.000000000000000000 ) ) ;
#2700 = ORIENTED_EDGE ( 'NONE', *, *, #2903, .F. ) ;
#2701 = EDGE_CURVE ( 'NONE', #2914, #4200, #1280, .T. ) ;
#2702 = DIRECTION ( 'NONE',  ( -0.000000000000000000, -1.000000000000000000, -0.000000000000000000 ) ) ;
#2703 = AXIS2_PLACEMENT_3D ( 'NONE', #3432, #863, #3088 ) ;
#2704 = ORIENTED_EDGE ( 'NONE', *, *, #3038, .F. ) ;
#2705 = CARTESIAN_POINT ( 'NONE',  ( 150.0000000000000000, 0.000000000000000000, -12.00000000000002487 ) ) ;
#2706 = CARTESIAN_POINT ( 'NONE',  ( -39.26545574463268906, 0.1636925878661832645, -12.97844714232306629 ) ) ;
#2707 = CARTESIAN_POINT ( 'NONE',  ( 42.91380757515662481, -0.2416334642025118051, -9.854213596355370086 ) ) ;
#2708 = ORIENTED_EDGE ( 'NONE', *, *, #4181, .T. ) ;
#2709 = FACE_OUTER_BOUND ( 'NONE', #875, .T. ) ;
#2710 = ORIENTED_EDGE ( 'NONE', *, *, #382, .T. ) ;
#2711 = DIRECTION ( 'NONE',  ( -1.000000000000000000, -0.000000000000000000, -0.000000000000000000 ) ) ;
#2712 = EDGE_LOOP ( 'NONE', ( #2597, #1532 ) ) ;
#2713 = DIRECTION ( 'NONE',  ( 0.000000000000000000, -1.000000000000000000, 0.000000000000000000 ) ) ;
#2714 = CARTESIAN_POINT ( 'NONE',  ( -150.0000000000000000, 0.000000000000000000, -14.99999999999997868 ) ) ;
#2715 = DIRECTION ( 'NONE',  ( 0.000000000000000000, -0.5150380749100528233, -0.8571673007021131108 ) ) ;
#2716 = AXIS2_PLACEMENT_3D ( 'NONE', #1605, #993, #1224 ) ;
#2717 = CARTESIAN_POINT ( 'NONE',  ( 120.0000000000000000, -15.00000000000000000, 0.000000000000000000 ) ) ;
#2718 = DIRECTION ( 'NONE',  ( 0.000000000000000000, -0.000000000000000000, -1.000000000000000000 ) ) ;
#2719 = VERTEX_POINT ( 'NONE', #3252 ) ;
#2720 = CARTESIAN_POINT ( 'NONE',  ( 114.6833130347142458, -0.1377013678070944658, -9.638402091614054257 ) ) ;
#2721 = CARTESIAN_POINT ( 'NONE',  ( -37.99999999999999289, -15.00000000000000000, -6.120000000000000107 ) ) ;
#2722 = ORIENTED_EDGE ( 'NONE', *, *, #1691, .F. ) ;
#2723 = AXIS2_PLACEMENT_3D ( 'NONE', #2482, #1094, #1781 ) ;
#2724 = CARTESIAN_POINT ( 'NONE',  ( 79.99999999999998579, -40.00000000000000000, 42.00000000000003553 ) ) ;
#2725 = VECTOR ( 'NONE', #810, 1000.000000000000000 ) ;
#2726 = VECTOR ( 'NONE', #3339, 1000.000000000000000 ) ;
#2727 = CARTESIAN_POINT ( 'NONE',  ( -36.02654604924560289, -2.728271098083761892, -10.83299564084954980 ) ) ;
#2728 = EDGE_CURVE ( 'NONE', #2356, #1236, #310, .T. ) ;
#2729 = DIRECTION ( 'NONE',  ( -1.000000000000000000, 0.000000000000000000, 1.387778780781445676E-16 ) ) ;
#2730 = AXIS2_PLACEMENT_3D ( 'NONE', #2177, #3149, #1338 ) ;
#2731 = ORIENTED_EDGE ( 'NONE', *, *, #4416, .T. ) ;
#2732 = CARTESIAN_POINT ( 'NONE',  ( 40.70505151279900247, -2.790587238327914665, 10.66509412981984362 ) ) ;
#2733 = ORIENTED_EDGE ( 'NONE', *, *, #333, .T. ) ;
#2734 = LINE ( 'NONE', #180, #4306 ) ;
#2735 = EDGE_LOOP ( 'NONE', ( #2939, #1606 ) ) ;
#2736 = EDGE_CURVE ( 'NONE', #2259, #1469, #858, .T. ) ;
#2737 = CARTESIAN_POINT ( 'NONE',  ( -119.7608218366875974, -2.656775355114968651, -11.00017533018790949 ) ) ;
#2738 = CARTESIAN_POINT ( 'NONE',  ( 120.0000000000000000, -15.00000000000000000, 0.000000000000000000 ) ) ;
#2739 = PLANE ( 'NONE',  #371 ) ;
#2740 = AXIS2_PLACEMENT_3D ( 'NONE', #3129, #4607, #2077 ) ;
#2741 = CARTESIAN_POINT ( 'NONE',  ( -41.04025191932186090, 0.1188004734802636381, -12.84009311048449753 ) ) ;
#2742 = LINE ( 'NONE', #2121, #3251 ) ;
#2743 = ORIENTED_EDGE ( 'NONE', *, *, #2759, .F. ) ;
#2744 = CARTESIAN_POINT ( 'NONE',  ( 114.3341337099851671, -2.999999999999997335, -9.428571428571446589 ) ) ;
#2745 = DIRECTION ( 'NONE',  ( 0.000000000000000000, 0.000000000000000000, -1.000000000000000000 ) ) ;
#2746 = AXIS2_PLACEMENT_3D ( 'NONE', #1502, #2196, #2534 ) ;
#2747 = EDGE_CURVE ( 'NONE', #4100, #509, #4005, .T. ) ;
#2748 = ORIENTED_EDGE ( 'NONE', *, *, #1870, .T. ) ;
#2749 = LINE ( 'NONE', #4610, #3235 ) ;
#2750 = ADVANCED_FACE ( 'NONE', ( #2500 ), #1859, .F. ) ;
#2751 = CARTESIAN_POINT ( 'NONE',  ( -34.42165102407897592, -0.4365745038699831437, -10.41568038142974473 ) ) ;
#2752 = VERTEX_POINT ( 'NONE', #1087 ) ;
#2753 = DIRECTION ( 'NONE',  ( 0.000000000000000000, -1.000000000000000000, 0.000000000000000000 ) ) ;
#2754 = ORIENTED_EDGE ( 'NONE', *, *, #2765, .T. ) ;
#2755 = AXIS2_PLACEMENT_3D ( 'NONE', #2420, #1435, #4673 ) ;
#2756 = CARTESIAN_POINT ( 'NONE',  ( -116.5572071655523843, 0.1047063810656796157, 12.78687808250978364 ) ) ;
#2757 = EDGE_LOOP ( 'NONE', ( #1022, #1100 ) ) ;
#2758 = DIRECTION ( 'NONE',  ( -0.000000000000000000, 1.000000000000000000, -0.000000000000000000 ) ) ;
#2759 = EDGE_CURVE ( 'NONE', #2019, #4311, #2868, .T. ) ;
#2760 = CIRCLE ( 'NONE', #1609, 3.000000000000002665 ) ;
#2761 = ORIENTED_EDGE ( 'NONE', *, *, #4043, .F. ) ;
#2762 = CARTESIAN_POINT ( 'NONE',  ( -121.8397030894200697, -0.5186765356935094662, -10.84879929160592660 ) ) ;
#2763 = CARTESIAN_POINT ( 'NONE',  ( 120.0000000000000000, -11.41999999999999993, 0.000000000000000000 ) ) ;
#2764 = CARTESIAN_POINT ( 'NONE',  ( -90.00000000000002842, -40.00000000000000711, 27.00000000000002132 ) ) ;
#2765 = EDGE_CURVE ( 'NONE', #252, #862, #3169, .T. ) ;
#2766 = CARTESIAN_POINT ( 'NONE',  ( -119.9999999999982379, -2.656854249492386799, 10.99999999999999289 ) ) ;
#2767 = ORIENTED_EDGE ( 'NONE', *, *, #2193, .T. ) ;
#2768 = CARTESIAN_POINT ( 'NONE',  ( 117.3944821407469448, -0.4943164166440762175, -10.69115549662484277 ) ) ;
#2769 = VECTOR ( 'NONE', #2996, 1000.000000000000000 ) ;
#2770 = CARTESIAN_POINT ( 'NONE',  ( 126.0338399884050915, 0.01492524735671190220, -12.32478208801529362 ) ) ;
#2771 = EDGE_LOOP ( 'NONE', ( #2700, #3535, #933, #4091, #3094 ) ) ;
#2772 = CONICAL_SURFACE ( 'NONE', #2306, 8.999999999999980460, 0.7853981633974457255 ) ;
#2773 = DIRECTION ( 'NONE',  ( 0.000000000000000000, -1.000000000000000000, -0.000000000000000000 ) ) ;
#2774 = CARTESIAN_POINT ( 'NONE',  ( -37.00571334351499075, -2.672614824791205379, 10.96613122369306481 ) ) ;
#2775 = EDGE_LOOP ( 'NONE', ( #521, #4215, #1637, #1814 ) ) ;
#2776 = DIRECTION ( 'NONE',  ( -0.000000000000000000, -1.000000000000000000, -0.000000000000000000 ) ) ;
#2777 = CIRCLE ( 'NONE', #999, 3.000000000000002665 ) ;
#2778 = EDGE_LOOP ( 'NONE', ( #4078, #1878, #653, #445 ) ) ;
#2779 = CARTESIAN_POINT ( 'NONE',  ( -114.7638220958269102, -2.999999996255028112, 9.686782013175385231 ) ) ;
#2780 = ORIENTED_EDGE ( 'NONE', *, *, #2485, .T. ) ;
#2781 = CARTESIAN_POINT ( 'NONE',  ( -120.0000000000000000, -2.999999999999999112, 0.000000000000000000 ) ) ;
#2782 = ORIENTED_EDGE ( 'NONE', *, *, #4744, .F. ) ;
#2783 = CARTESIAN_POINT ( 'NONE',  ( -121.0652110805139472, -0.5324910077291089561, -10.96082380305006687 ) ) ;
#2784 = DIRECTION ( 'NONE',  ( -0.000000000000000000, 1.000000000000000000, -0.000000000000000000 ) ) ;
#2785 = EDGE_CURVE ( 'NONE', #2930, #3117, #472, .T. ) ;
#2786 = FACE_OUTER_BOUND ( 'NONE', #4258, .T. ) ;
#2787 = CARTESIAN_POINT ( 'NONE',  ( -39.21861313176069075, 0.1643204756145810741, -12.98014730326099198 ) ) ;
#2789 = VERTEX_POINT ( 'NONE', #4758 ) ;
#2788 = AXIS2_PLACEMENT_3D ( 'NONE', #3990, #3625, #301 ) ;
#2790 = DIRECTION ( 'NONE',  ( 0.000000000000000000, 0.000000000000000000, 1.000000000000000000 ) ) ;
#2791 = AXIS2_PLACEMENT_3D ( 'NONE', #293, #4296, #2554 ) ;
#2792 = CARTESIAN_POINT ( 'NONE',  ( 150.0000000000000000, 3.000000000000002665, -15.00000000000002309 ) ) ;
#2793 = CALENDAR_DATE ( 2026, 2, 8 ) ;
#2794 = AXIS2_PLACEMENT_3D ( 'NONE', #3719, #2965, #3865 ) ;
#2795 = EDGE_CURVE ( 'NONE', #4352, #2930, #2168, .T. ) ;
#2796 = CARTESIAN_POINT ( 'NONE',  ( -33.08619242484337519, -0.2416334642021023826, -9.854213596354263416 ) ) ;
#2797 = VECTOR ( 'NONE', #988, 1000.000000000000000 ) ;
#2798 = ORIENTED_EDGE ( 'NONE', *, *, #820, .F. ) ;
#2799 = FACE_OUTER_BOUND ( 'NONE', #4500, .T. ) ;
#2800 = UNCERTAINTY_MEASURE_WITH_UNIT (LENGTH_MEASURE( 1.000000000000000082E-05 ), #2472, 'distance_accuracy_value', 'NONE');
#2801 = VERTEX_POINT ( 'NONE', #1004 ) ;
#2802 = CARTESIAN_POINT ( 'NONE',  ( -112.7888974490720528, 2.602085213965210642E-15, 12.00000000000001599 ) ) ;
#2803 = ORIENTED_EDGE ( 'NONE', *, *, #4276, .F. ) ;
#2804 = FACE_OUTER_BOUND ( 'NONE', #2584, .T. ) ;
#2805 = AXIS2_PLACEMENT_3D ( 'NONE', #2816, #4292, #4318 ) ;
#2806 = EDGE_CURVE ( 'NONE', #1731, #4246, #3591, .T. ) ;
#2807 = VERTEX_POINT ( 'NONE', #270 ) ;
#2808 = AXIS2_PLACEMENT_3D ( 'NONE', #3524, #4256, #1660 ) ;
#2809 = CARTESIAN_POINT ( 'NONE',  ( -123.4220984138412689, -2.855540945636560579, -10.46591555408511276 ) ) ;
#2810 = CARTESIAN_POINT ( 'NONE',  ( 121.2186131317607334, 0.1643204756145841272, 12.98014730326098842 ) ) ;
#2811 = ADVANCED_FACE ( 'NONE', ( #292 ), #4783, .T. ) ;
#2812 = VERTEX_POINT ( 'NONE', #3640 ) ;
#2813 = LINE ( 'NONE', #4337, #2132 ) ;
#2814 = CARTESIAN_POINT ( 'NONE',  ( 120.0000000000017621, -2.656854249492369036, 11.00000000000000711 ) ) ;
#2815 = PLANE ( 'NONE',  #2129 ) ;
#2816 = CARTESIAN_POINT ( 'NONE',  ( 0.000000000000000000, 0.000000000000000000, 0.000000000000000000 ) ) ;
#2817 = CARTESIAN_POINT ( 'NONE',  ( 124.2419208465627918, 0.07647072468950572022, -12.67823394722790376 ) ) ;
#2818 = ADVANCED_FACE ( 'NONE', ( #320 ), #2213, .F. ) ;
#2819 = CARTESIAN_POINT ( 'NONE',  ( 37.99999999999999289, -12.99999999999997691, -10.99999999999999289 ) ) ;
#2820 = CARTESIAN_POINT ( 'NONE',  ( 37.99999999999999289, -12.99999999999997691, 0.000000000000000000 ) ) ;
#2821 = ORIENTED_EDGE ( 'NONE', *, *, #2374, .T. ) ;
#2822 = EDGE_CURVE ( 'NONE', #284, #2008, #2608, .T. ) ;
#2823 = CARTESIAN_POINT ( 'NONE',  ( 124.9177439951879478, -0.2405293788013716516, 9.852014752707889400 ) ) ;
#2824 = ADVANCED_FACE ( 'NONE', ( #4153 ), #397, .F. ) ;
#2825 = VECTOR ( 'NONE', #4047, 1000.000000000000000 ) ;
#2826 = VERTEX_POINT ( 'NONE', #2975 ) ;
#2827 = DIRECTION ( 'NONE',  ( -1.000000000000000000, 0.000000000000000000, -5.782411586589351722E-16 ) ) ;
#2828 = CARTESIAN_POINT ( 'NONE',  ( -117.9029381076148866, -0.5123529346372241999, 10.80206725238588206 ) ) ;
#2829 = LINE ( 'NONE', #1043, #950 ) ;
#2830 = EDGE_LOOP ( 'NONE', ( #132, #4492 ) ) ;
#2831 = CARTESIAN_POINT ( 'NONE',  ( 37.99999999999999289, -15.00000000000000000, 8.999999999999980460 ) ) ;
#2832 = CARTESIAN_POINT ( 'NONE',  ( -125.3166869652879427, -0.1377013678009328390, -9.638402091612386258 ) ) ;
#2833 = DIRECTION ( 'NONE',  ( 0.000000000000000000, 0.000000000000000000, 1.000000000000000000 ) ) ;
#2834 = ADVANCED_FACE ( 'NONE', ( #2580 ), #4721, .F. ) ;
#2835 = ORIENTED_EDGE ( 'NONE', *, *, #3949, .F. ) ;
#2836 = CYLINDRICAL_SURFACE ( 'NONE', #52, 5.499999999999994671 ) ;
#2837 = AXIS2_PLACEMENT_3D ( 'NONE', #487, #3144, #4266 ) ;
#2838 = CARTESIAN_POINT ( 'NONE',  ( 35.14321409373122407, -0.4825024581510147237, -10.62668746299394940 ) ) ;
#2839 = ADVANCED_FACE ( 'NONE', ( #2677 ), #744, .F. ) ;
#2840 = LINE ( 'NONE', #3246, #1064 ) ;
#2841 = CARTESIAN_POINT ( 'NONE',  ( 126.6662140046773999, 2.411565937928239650E-15, -12.16371863260619079 ) ) ;
#2842 = CARTESIAN_POINT ( 'NONE',  ( 121.2137992041583203, 0.1716145698699246269, -13.00011793020069284 ) ) ;
#2843 = CARTESIAN_POINT ( 'NONE',  ( -117.5651361428695623, 0.1401118937165307110, -12.92148731006870221 ) ) ;
#2844 = CARTESIAN_POINT ( 'NONE',  ( -104.4739256983321809, -2.690799779171590078, 2.020922265592269174 ) ) ;
#2845 = AXIS2_PLACEMENT_3D ( 'NONE', #3903, #2439, #285 ) ;
#2846 = ADVANCED_FACE ( 'NONE', ( #421 ), #3426, .F. ) ;
#2847 = CARTESIAN_POINT ( 'NONE',  ( -33.66234349885051813, 0.07288804113623997827, -12.66293139102769771 ) ) ;
#2848 = ORIENTED_EDGE ( 'NONE', *, *, #3827, .F. ) ;
#2849 = CARTESIAN_POINT ( 'NONE',  ( -120.0000000000000000, -15.00000000000000000, -8.999999999999980460 ) ) ;
#2850 = ORIENTED_EDGE ( 'NONE', *, *, #829, .F. ) ;
#2851 = DIRECTION ( 'NONE',  ( -6.608470384673549052E-16, -0.000000000000000000, 1.000000000000000000 ) ) ;
#2852 = CARTESIAN_POINT ( 'NONE',  ( 36.68512189348512464, -0.5280151130886282518, 10.92458917757366166 ) ) ;
#2853 = CARTESIAN_POINT ( 'NONE',  ( -72.00000000000002842, -3.000000000000000000, 4.758098676964957053E-14 ) ) ;
#2854 = VECTOR ( 'NONE', #1944, 1000.000000000000000 ) ;
#2855 = EDGE_LOOP ( 'NONE', ( #4711, #2708 ) ) ;
#2856 = CARTESIAN_POINT ( 'NONE',  ( -120.0000000000000000, -15.00000000000000000, -10.99999999999999289 ) ) ;
#2857 = CARTESIAN_POINT ( 'NONE',  ( -105.0000000000000426, 35.00000000000000000, 27.00000000000002132 ) ) ;
#2858 = FACE_OUTER_BOUND ( 'NONE', #1713, .T. ) ;
#2859 = VERTEX_POINT ( 'NONE', #2997 ) ;
#2860 = CARTESIAN_POINT ( 'NONE',  ( -120.0000000000000000, -11.00000000000000000, 0.000000000000000000 ) ) ;
#2861 = CARTESIAN_POINT ( 'NONE',  ( 39.31487810651591985, -0.5280151130882173582, -10.92458917757311809 ) ) ;
#2862 = CARTESIAN_POINT ( 'NONE',  ( -118.0306830329664223, -2.728019188059075617, 10.83360520985084996 ) ) ;
#2863 = CARTESIAN_POINT ( 'NONE',  ( -150.0000000000000000, 32.00000000000000000, -14.99999999999997868 ) ) ;
#2864 =( BOUNDED_SURFACE ( )  B_SPLINE_SURFACE ( 3, 2, ( 
 ( #3914, #615, #4325 ),
 ( #4280, #3571, #2428 ),
 ( #3181, #2823, #3549 ),
 ( #222, #3207, #986 ),
 ( #3157, #589, #2454 ),
 ( #1732, #1008, #1365 ),
 ( #3960, #3987, #4710 ),
 ( #668, #3501, #174 ),
 ( #1779, #4736, #1420 ),
 ( #298, #4090, #1853 ),
 ( #2902, #1519, #3731 ),
 ( #2138, #1498, #2929 ),
 ( #4377, #1143, #2164 ),
 ( #4432, #3704, #4406 ),
 ( #402, #774, #4764 ),
 ( #1091, #4114, #3258 ),
 ( #2952, #2557, #4067 ),
 ( #2192, #3285, #2585 ),
 ( #2980, #1829, #4038 ),
 ( #3622, #1066, #2531 ),
 ( #694, #2637, #4013 ),
 ( #721, #1117, #4457 ) ),
 .UNSPECIFIED., .F., .F., .T. ) 
 B_SPLINE_SURFACE_WITH_KNOTS ( ( 4, 2, 2, 2, 2, 2, 2, 2, 2, 2, 4 ),
 ( 3, 3 ),
 ( 2.168404344971008868E-18, 0.001887074150390726434, 0.003774148300781450700, 0.004717685375976813159, 0.005661222451172174749, 0.007548296601562899666, 0.008491833676758261257, 0.009435370751953624582, 0.01132244490234434950, 0.01320951905273507268, 0.01509659320312579760 ),
 ( 0.000000000000000000, 1.000000000000000000 ),
 .UNSPECIFIED. ) 
 GEOMETRIC_REPRESENTATION_ITEM ( )  RATIONAL_B_SPLINE_SURFACE ( (
 ( 1.000000000000000000, 0.7071067811865471286, 1.000000000000000000),
 ( 1.000000000000000000, 0.7237121247996544104, 1.000000000000000000),
 ( 1.000000000000000000, 0.7389568843892098116, 1.000000000000000000),
 ( 1.000000000000000000, 0.7658791681118783945, 1.000000000000000000),
 ( 1.000000000000000000, 0.7775609741731431823, 1.000000000000000000),
 ( 1.000000000000000000, 0.7919178414669675314, 1.000000000000000000),
 ( 1.000000000000000000, 0.7961889419893471986, 1.000000000000000000),
 ( 1.000000000000000000, 0.8035279549139576760, 1.000000000000000000),
 ( 1.000000000000000000, 0.8065943441576474138, 1.000000000000000000),
 ( 1.000000000000000000, 0.8139739996312167492, 1.000000000000000000),
 ( 1.000000000000000000, 0.8164699156433693483, 1.000000000000000000),
 ( 1.000000000000000000, 0.8165095951493969162, 1.000000000000000000),
 ( 1.000000000000000000, 0.8159049651371499401, 1.000000000000000000),
 ( 1.000000000000000000, 0.8134420739528918087, 1.000000000000000000),
 ( 1.000000000000000000, 0.8115719170268577143, 1.000000000000000000),
 ( 1.000000000000000000, 0.8041602593826874257, 1.000000000000000000),
 ( 1.000000000000000000, 0.7968347466228973275, 1.000000000000000000),
 ( 1.000000000000000000, 0.7778762307524471620, 1.000000000000000000),
 ( 1.000000000000000000, 0.7662376414142626491, 1.000000000000000000),
 ( 1.000000000000000000, 0.7391200073975014995, 1.000000000000000000),
 ( 1.000000000000000000, 0.7236610937098075791, 1.000000000000000000),
 ( 1.000000000000000000, 0.7071067811865465735, 1.000000000000000000) ) ) 
 REPRESENTATION_ITEM ( '' )  SURFACE ( )  );
#2865 = CARTESIAN_POINT ( 'NONE',  ( 127.2111025509279614, 2.602085213965210642E-15, -12.00000000000001776 ) ) ;
#2866 = CARTESIAN_POINT ( 'NONE',  ( 61.99999999999997158, -40.00000000000000000, 17.99999999999999289 ) ) ;
#2867 = DATE_AND_TIME ( #1386, #1509 ) ;
#2868 = CIRCLE ( 'NONE', #1935, 9.000000000000063949 ) ;
#2869 = DIRECTION ( 'NONE',  ( 1.000000000000000000, 0.000000000000000000, -1.387778780781445676E-16 ) ) ;
#2870 = CARTESIAN_POINT ( 'NONE',  ( -106.2156063431820030, 1.522267907820480056E-10, 2.476845725386840336 ) ) ;
#2871 = CARTESIAN_POINT ( 'NONE',  ( 64.99999999999997158, -40.00000000000000000, 6.000000000000015987 ) ) ;
#2872 = VECTOR ( 'NONE', #2945, 1000.000000000000000 ) ;
#2873 = ORIENTED_EDGE ( 'NONE', *, *, #139, .F. ) ;
#2874 = CARTESIAN_POINT ( 'NONE',  ( -37.99999999999999289, -11.41999999999999993, 0.000000000000000000 ) ) ;
#2875 = ORIENTED_EDGE ( 'NONE', *, *, #1553, .F. ) ;
#2876 = CARTESIAN_POINT ( 'NONE',  ( 37.99999999999999289, -15.00000000000000000, 0.000000000000000000 ) ) ;
#2877 = DIRECTION ( 'NONE',  ( -0.5150787536377122722, 0.000000000000000000, 0.8571428571428573173 ) ) ;
#2878 = ADVANCED_FACE ( 'NONE', ( #4453, #3401 ), #1938, .F. ) ;
#2879 = VECTOR ( 'NONE', #2457, 1000.000000000000000 ) ;
#2880 = CARTESIAN_POINT ( 'NONE',  ( -75.00000000000001421, -40.00000000000000000, 27.00000000000002487 ) ) ;
#2881 = ORIENTED_EDGE ( 'NONE', *, *, #2021, .F. ) ;
#2882 = CARTESIAN_POINT ( 'NONE',  ( 97.09967055248046108, 35.00000000000000000, 12.91838403007127667 ) ) ;
#2883 = CARTESIAN_POINT ( 'NONE',  ( -118.9507916744219642, -0.5309853086719104054, -10.95325125500954577 ) ) ;
#2884 = CARTESIAN_POINT ( 'NONE',  ( -105.0000000000000284, -2.942689283625552044, 6.000000000000017764 ) ) ;
#2885 = ORIENTED_EDGE ( 'NONE', *, *, #1742, .T. ) ;
#2886 = CARTESIAN_POINT ( 'NONE',  ( 79.99999999999998579, 28.15000000000000213, 21.50000000000001421 ) ) ;
#2887 = CARTESIAN_POINT ( 'NONE',  ( 36.02605178530292562, -2.731395220154247738, -10.82430589055445047 ) ) ;
#2888 = ADVANCED_FACE ( 'NONE', ( #3 ), #1540, .F. ) ;
#2889 = CIRCLE ( 'NONE', #1416, 5.499999999999980460 ) ;
#2890 = CARTESIAN_POINT ( 'NONE',  ( -72.90032944751958155, 35.00000000000001421, 12.91838403007129443 ) ) ;
#2891 = DIRECTION ( 'NONE',  ( -0.000000000000000000, -1.000000000000000000, -0.000000000000000000 ) ) ;
#2892 = CARTESIAN_POINT ( 'NONE',  ( 122.6085980005171052, -0.4981258624551629377, -10.69889109170999575 ) ) ;
#2893 = FACE_OUTER_BOUND ( 'NONE', #503, .T. ) ;
#2894 = PERSON_AND_ORGANIZATION_ROLE ( 'creator' ) ;
#2895 = CARTESIAN_POINT ( 'NONE',  ( -42.79245568936673294, -2.973440724493547460, -9.913453795269106195 ) ) ;
#2896 = CARTESIAN_POINT ( 'NONE',  ( -150.0000000000000000, 33.00000000000000000, 13.00000000000001954 ) ) ;
#2897 = VERTEX_POINT ( 'NONE', #442 ) ;
#2898 = EDGE_CURVE ( 'NONE', #4156, #4467, #73, .T. ) ;
#2899 = CARTESIAN_POINT ( 'NONE',  ( -45.21110255092796137, 2.168404344971008868E-15, 12.00000000000000533 ) ) ;
#2900 = VECTOR ( 'NONE', #168, 1000.000000000000000 ) ;
#2901 = VERTEX_POINT ( 'NONE', #4063 ) ;
#2902 = CARTESIAN_POINT ( 'NONE',  ( 120.5021524730109377, -2.657015898886832428, 10.99964075997785784 ) ) ;
#2903 = EDGE_CURVE ( 'NONE', #2807, #2930, #1104, .T. ) ;
#2904 = ORIENTED_EDGE ( 'NONE', *, *, #1611, .F. ) ;
#2905 = CARTESIAN_POINT ( 'NONE',  ( 114.7632352466721954, -2.999999999999996447, 9.686429360722382143 ) ) ;
#2906 = CARTESIAN_POINT ( 'NONE',  ( -124.9138075751519494, -0.2416334642032474667, 9.854213596358828653 ) ) ;
#2907 = CARTESIAN_POINT ( 'NONE',  ( -113.3740364122350854, 2.265813133905253407E-15, 12.17581237791302406 ) ) ;
#2908 = AXIS2_PLACEMENT_3D ( 'NONE', #87, #3053, #4187 ) ;
#2909 = VERTEX_POINT ( 'NONE', #4136 ) ;
#2910 = CARTESIAN_POINT ( 'NONE',  ( 127.2111025509279614, 0.000000000000000000, -12.00000000000002132 ) ) ;
#2911 = CARTESIAN_POINT ( 'NONE',  ( -117.8999632073423385, -0.5140780408414511449, -10.81138701189698281 ) ) ;
#2912 = CARTESIAN_POINT ( 'NONE',  ( -104.6697444828107137, -2.648333455113014434, 2.856690991326858331 ) ) ;
#2913 = ADVANCED_FACE ( 'NONE', ( #1873 ), #2241, .F. ) ;
#2914 = VERTEX_POINT ( 'NONE', #1206 ) ;
#2915 = CARTESIAN_POINT ( 'NONE',  ( 150.0000000000000000, 32.00000000000000000, 11.99999999999997868 ) ) ;
#2916 = CARTESIAN_POINT ( 'NONE',  ( 38.48681037854826315, -2.660471519799870954, -10.99203693796864378 ) ) ;
#2917 = DIRECTION ( 'NONE',  ( 0.000000000000000000, -1.000000000000000000, 0.000000000000000000 ) ) ;
#2918 = CARTESIAN_POINT ( 'NONE',  ( -30.78889744907202441, 0.000000000000000000, 12.00000000000000355 ) ) ;
#2919 = CLOSED_SHELL ( 'NONE', ( #1243, #4537, #1448, #621, #3050, #3554, #2839, #718, #4174, #1729, #4543, #312, #475, #837, #3303, #4803, #318, #4305, #3099, #2099, #3244, #449, #240, #238, #2607, #2811, #1757, #585, #3057, #1370, #1956, #1360, #2946, #4642, #4684, #81, #622, #4552, #437, #1025, #2442, #674, #3705, #3901, #3158, #2527, #2913, #3962, #763, #4597, #530, #4589, #3356, #537, #2331, #4242, #1776, #4412, #610, #3449, #162, #4332, #468, #2032, #4608, #2161, #3911, #3606, #1147, #3224, #2846, #1489, #8, #3669, #2106, #2291, #3417, #60, #2964, #3957, #3891, #2834, #2888, #2878, #3103, #3585, #2448, #1577, #1830, #3762, #1050, #1226, #3643, #4544, #3852, #1106, #4188, #3620, #4478, #2029, #3939, #802, #2596, #4203, #2039, #3601, #4248, #4678, #1803, #2340, #1311, #1035, #4071, #3467, #2586, #4554, #1437, #2750, #1015, #4532, #2824, #1490, #1520, #1941, #106, #2300, #3174, #4034, #2393, #572, #4269, #2664, #2953, #2818, #3879 ) ) ;
#2920 = CARTESIAN_POINT ( 'NONE',  ( 43.66586629001481157, -2.999999999999999112, -9.428571428571434154 ) ) ;
#2921 = B_SPLINE_CURVE_WITH_KNOTS ( 'NONE', 3,
 ( #440, #767, #395, #4516, #1205, #2674, #4151, #4672, #2787, #3124, #2741, #507, #3102, #3877, #4578, #1721 ),
 .UNSPECIFIED., .F., .F.,
 ( 4, 2, 2, 2, 2, 2, 2, 4 ),
 ( 6.835559930486821044E-21, 0.001830530536321579079, 0.003661061072643158158, 0.007322122145286316316, 0.009152652681607904503, 0.01098318321792949269, 0.01281371375425108261, 0.01464424429057267080 ),
 .UNSPECIFIED. ) ;
#2922 = DIRECTION ( 'NONE',  ( 0.000000000000000000, -0.5150380749100528233, -0.8571673007021131108 ) ) ;
#2923 = DATE_TIME_ROLE ( 'creation_date' ) ;
#2924 = VECTOR ( 'NONE', #2024, 1000.000000000000000 ) ;
#2925 = DIRECTION ( 'NONE',  ( 0.000000000000000000, 0.000000000000000000, 1.000000000000000000 ) ) ;
#2926 = CARTESIAN_POINT ( 'NONE',  ( 120.0000000000000000, -11.41999999999999993, 2.750000000000002665 ) ) ;
#2927 = CARTESIAN_POINT ( 'NONE',  ( -105.0000000000000142, -0.4361258842150367299, 6.222309854446008259 ) ) ;
#2928 = EDGE_LOOP ( 'NONE', ( #1119, #693, #4039, #2981 ) ) ;
#2929 = CARTESIAN_POINT ( 'NONE',  ( 119.6955914285118467, 0.1716123224431751193, 13.00011157373067228 ) ) ;
#2930 = VERTEX_POINT ( 'NONE', #3770 ) ;
#2931 = DIRECTION ( 'NONE',  ( 0.000000000000000000, -1.000000000000000000, 0.000000000000000000 ) ) ;
#2932 = CARTESIAN_POINT ( 'NONE',  ( -124.9311955946965043, 0.04985358730797819632, 12.55905905216648399 ) ) ;
#2933 = CARTESIAN_POINT ( 'NONE',  ( -115.7528239082849382, 0.07627636560252748499, 12.67742693743807791 ) ) ;
#2934 = AXIS2_PLACEMENT_3D ( 'NONE', #1265, #1626, #3854 ) ;
#2935 = VECTOR ( 'NONE', #183, 1000.000000000000000 ) ;
#2936 = ORIENTED_EDGE ( 'NONE', *, *, #1681, .T. ) ;
#2937 = CARTESIAN_POINT ( 'NONE',  ( 95.68583811527989269, 35.00000000000000000, 14.74509158747469861 ) ) ;
#2938 = CARTESIAN_POINT ( 'NONE',  ( 119.0120707957955659, -2.672347330525938425, -10.96673183072487667 ) ) ;
#2939 = ORIENTED_EDGE ( 'NONE', *, *, #212, .T. ) ;
#2940 = DIRECTION ( 'NONE',  ( -1.387778780781446169E-16, 0.000000000000000000, -1.000000000000000000 ) ) ;
#2941 = CIRCLE ( 'NONE', #3932, 18.00000000000001421 ) ;
#2942 = DIRECTION ( 'NONE',  ( 0.000000000000000000, -1.000000000000000000, 0.000000000000000000 ) ) ;
#2943 = DIRECTION ( 'NONE',  ( 0.000000000000000000, 0.000000000000000000, -1.000000000000000000 ) ) ;
#2944 = CYLINDRICAL_SURFACE ( 'NONE', #2336, 15.00000000000001421 ) ;
#2945 = DIRECTION ( 'NONE',  ( -1.000000000000000000, -0.000000000000000000, 1.387778780781445676E-16 ) ) ;
#2946 = ADVANCED_FACE ( 'NONE', ( #1918 ), #1562, .T. ) ;
#2947 = DIRECTION ( 'NONE',  ( 1.000000000000000000, 0.000000000000000000, 0.000000000000000000 ) ) ;
#2948 = CARTESIAN_POINT ( 'NONE',  ( -40.46142005096146477, -2.768538346299068031, -10.73256665193533621 ) ) ;
#2949 = DIRECTION ( 'NONE',  ( 0.000000000000000000, 0.000000000000000000, 1.000000000000000000 ) ) ;
#2950 = CARTESIAN_POINT ( 'NONE',  ( -40.60859800052131163, -0.4981258624554399383, 10.69889109170785169 ) ) ;
#2951 = ORIENTED_EDGE ( 'NONE', *, *, #96, .F. ) ;
#2952 = CARTESIAN_POINT ( 'NONE',  ( 117.5423695313959200, -2.768230182562598340, 10.73327605261131623 ) ) ;
#2953 = ADVANCED_FACE ( 'NONE', ( #3063 ), #4424, .F. ) ;
#2954 = EDGE_LOOP ( 'NONE', ( #3835, #2515, #1394, #4417, #1090, #649, #154, #2333 ) ) ;
#2955 = CARTESIAN_POINT ( 'NONE',  ( 79.99999999999998579, 28.15000000000000213, 37.74000000000002331 ) ) ;
#2956 = CARTESIAN_POINT ( 'NONE',  ( -123.5783489759254508, -0.4365745038691482005, 10.41568038142916741 ) ) ;
#2957 = LINE ( 'NONE', #1071, #637 ) ;
#2958 = ORIENTED_EDGE ( 'NONE', *, *, #4475, .F. ) ;
#2959 = CARTESIAN_POINT ( 'NONE',  ( 95.00000000000000000, -40.00000000000000000, 27.00000000000002842 ) ) ;
#2960 = CARTESIAN_POINT ( 'NONE',  ( -117.4883313353695087, 0.1358644507031977755, -12.89372449892738537 ) ) ;
#2961 = EDGE_LOOP ( 'NONE', ( #1366, #749, #4527, #2767, #532, #920 ) ) ;
#2962 = DIRECTION ( 'NONE',  ( 0.000000000000000000, 0.000000000000000000, -1.000000000000000000 ) ) ;
#2963 = CC_DESIGN_DATE_AND_TIME_ASSIGNMENT ( #4274, #2923, ( #3243 ) ) ;
#2964 = ADVANCED_FACE ( 'NONE', ( #2633 ), #490, .F. ) ;
#2965 = DIRECTION ( 'NONE',  ( -0.000000000000000000, -1.000000000000000000, -0.000000000000000000 ) ) ;
#2966 = AXIS2_PLACEMENT_3D ( 'NONE', #1862, #4661, #1395 ) ;
#2967 = ORIENTED_EDGE ( 'NONE', *, *, #3291, .F. ) ;
#2968 = CIRCLE ( 'NONE', #1494, 8.999999999999980460 ) ;
#2969 = CIRCLE ( 'NONE', #1192, 2.999999999999999112 ) ;
#2970 = EDGE_CURVE ( 'NONE', #1155, #3505, #3125, .T. ) ;
#2971 = DIRECTION ( 'NONE',  ( -0.000000000000000000, -1.000000000000000000, -0.000000000000000000 ) ) ;
#2972 = DIRECTION ( 'NONE',  ( 1.000000000000000000, 0.000000000000000000, 6.608470384673549052E-16 ) ) ;
#2973 = LINE ( 'NONE', #4472, #3799 ) ;
#2974 = TOROIDAL_SURFACE ( 'NONE', #2730, 18.00000000000001421, 3.000000000000000000 ) ;
#2975 = CARTESIAN_POINT ( 'NONE',  ( -108.0000000000000142, 32.00000000000000000, 15.00000000000001421 ) ) ;
#2976 = FACE_OUTER_BOUND ( 'NONE', #1610, .T. ) ;
#2977 = AXIS2_PLACEMENT_3D ( 'NONE', #1903, #3383, #797 ) ;
#2978 = CARTESIAN_POINT ( 'NONE',  ( -105.0000000000000284, -3.000000000000002665, 7.211102550928025323 ) ) ;
#2979 = ORIENTED_EDGE ( 'NONE', *, *, #1334, .F. ) ;
#2980 = CARTESIAN_POINT ( 'NONE',  ( 116.1254891756734935, -2.900292826767929988, 10.30709279624627506 ) ) ;
#2981 = ORIENTED_EDGE ( 'NONE', *, *, #3532, .F. ) ;
#2982 = LINE ( 'NONE', #3685, #2825 ) ;
#2983 = CARTESIAN_POINT ( 'NONE',  ( -124.7899978673659547, -2.973326781002259889, 9.914833153860097781 ) ) ;
#2984 = PRODUCT_DEFINITION_FORMATION_WITH_SPECIFIED_SOURCE ( 'ANY', '', #2229, .NOT_KNOWN. ) ;
#2985 = CARTESIAN_POINT ( 'NONE',  ( -126.0338399884050347, 0.01492524735671156566, 12.32478208801529362 ) ) ;
#2986 = EDGE_CURVE ( 'NONE', #4191, #2826, #4333, .T. ) ;
#2987 = EDGE_LOOP ( 'NONE', ( #3579, #912 ) ) ;
#2988 = ORIENTED_EDGE ( 'NONE', *, *, #3884, .F. ) ;
#2989 = CARTESIAN_POINT ( 'NONE',  ( -37.99999999999999289, -15.00000000000000000, 0.000000000000000000 ) ) ;
#2990 = ORIENTED_EDGE ( 'NONE', *, *, #256, .T. ) ;
#2991 = DIRECTION ( 'NONE',  ( 1.000000000000000000, 0.000000000000000000, -1.387778780781445676E-16 ) ) ;
#2992 = ORIENTED_EDGE ( 'NONE', *, *, #2152, .F. ) ;
#2993 = CARTESIAN_POINT ( 'NONE',  ( 125.6658662900148329, -2.999999999999999112, -9.428571428571439483 ) ) ;
#2994 = DIRECTION ( 'NONE',  ( -1.000000000000000000, -0.000000000000000000, -0.000000000000000000 ) ) ;
#2995 = LINE ( 'NONE', #1535, #2649 ) ;
#2996 = DIRECTION ( 'NONE',  ( 0.000000000000000000, 0.7071067811865493491, 0.7071067811865456854 ) ) ;
#2997 = CARTESIAN_POINT ( 'NONE',  ( -72.00000000000004263, 3.000000000000002665, 15.00000000000001066 ) ) ;
#2998 = DIRECTION ( 'NONE',  ( -1.000000000000000000, -0.000000000000000000, -0.000000000000000000 ) ) ;
#2999 = CARTESIAN_POINT ( 'NONE',  ( -39.31487810651374559, -0.5280151130887669186, 10.92458917757339698 ) ) ;
#3000 = VERTEX_POINT ( 'NONE', #3081 ) ;
#3001 = CONICAL_SURFACE ( 'NONE', #1371, 9.000000000000063949, 0.7853981633974457255 ) ;
#3002 = CARTESIAN_POINT ( 'NONE',  ( 38.98792920420441988, -2.672347330525936204, 10.96673183072486246 ) ) ;
#3003 = ORIENTED_EDGE ( 'NONE', *, *, #3400, .T. ) ;
#3004 = DIRECTION ( 'NONE',  ( -0.000000000000000000, 1.000000000000000000, -0.000000000000000000 ) ) ;
#3005 = EDGE_CURVE ( 'NONE', #3684, #1065, #3947, .T. ) ;
#3006 = DIRECTION ( 'NONE',  ( 0.000000000000000000, -1.000000000000000000, 0.000000000000000000 ) ) ;
#3007 = VERTEX_POINT ( 'NONE', #1964 ) ;
#3008 = CARTESIAN_POINT ( 'NONE',  ( 1.804112415015879378E-15, 33.00000000000000000, 13.00000000000000000 ) ) ;
#3009 = VERTEX_POINT ( 'NONE', #4691 ) ;
#3010 = DIRECTION ( 'NONE',  ( 0.000000000000000000, -1.000000000000000000, 0.000000000000000000 ) ) ;
#3011 = ORIENTED_EDGE ( 'NONE', *, *, #1947, .F. ) ;
#3012 = LINE ( 'NONE', #1219, #2154 ) ;
#3013 = CARTESIAN_POINT ( 'NONE',  ( -105.0000000000000284, -40.00000000000000000, 6.000000000000017764 ) ) ;
#3014 = FACE_OUTER_BOUND ( 'NONE', #1839, .T. ) ;
#3015 = DIRECTION ( 'NONE',  ( 0.000000000000000000, 0.000000000000000000, -1.000000000000000000 ) ) ;
#3016 = AXIS2_PLACEMENT_3D ( 'NONE', #1111, #2523, #4029 ) ;
#3017 = DIRECTION ( 'NONE',  ( 0.000000000000000000, 0.000000000000000000, -1.000000000000000000 ) ) ;
#3018 = DIRECTION ( 'NONE',  ( -0.000000000000000000, -1.000000000000000000, -0.000000000000000000 ) ) ;
#3019 = DIRECTION ( 'NONE',  ( 0.000000000000000000, 0.000000000000000000, -1.000000000000000000 ) ) ;
#3020 = EDGE_CURVE ( 'NONE', #2070, #2897, #2254, .T. ) ;
#3021 = ORIENTED_EDGE ( 'NONE', *, *, #747, .T. ) ;
#3022 = CARTESIAN_POINT ( 'NONE',  ( 44.03383998840502045, 0.01492524735671188832, -12.32478208801528474 ) ) ;
#3023 = CARTESIAN_POINT ( 'NONE',  ( -37.01686623845965585, -2.675164730406748959, -10.95880049992922523 ) ) ;
#3024 = ORIENTED_EDGE ( 'NONE', *, *, #1200, .T. ) ;
#3025 = AXIS2_PLACEMENT_3D ( 'NONE', #2265, #2307, #816 ) ;
#3026 = EDGE_CURVE ( 'NONE', #2150, #4009, #3855, .T. ) ;
#3027 = CARTESIAN_POINT ( 'NONE',  ( 38.63910314747110419, 0.1714920505551034702, 12.99977139276362514 ) ) ;
#3028 = AXIS2_PLACEMENT_3D ( 'NONE', #31, #1162, #373 ) ;
#3029 = ORIENTED_EDGE ( 'NONE', *, *, #679, .F. ) ;
#3030 = PLANE ( 'NONE',  #833 ) ;
#3031 = EDGE_CURVE ( 'NONE', #4614, #2093, #2742, .T. ) ;
#3032 = CIRCLE ( 'NONE', #4036, 2.750000000000002665 ) ;
#3033 = ORIENTED_EDGE ( 'NONE', *, *, #32, .T. ) ;
#3034 = CARTESIAN_POINT ( 'NONE',  ( 0.000000000000000000, 0.000000000000000000, 0.000000000000000000 ) ) ;
#3035 = DIRECTION ( 'NONE',  ( -0.000000000000000000, 1.000000000000000000, -0.000000000000000000 ) ) ;
#3036 = CYLINDRICAL_SURFACE ( 'NONE', #1250, 10.74000000000000377 ) ;
#3037 = CIRCLE ( 'NONE', #798, 2.750000000000002665 ) ;
#3038 = EDGE_CURVE ( 'NONE', #965, #3112, #3468, .T. ) ;
#3039 = CARTESIAN_POINT ( 'NONE',  ( -127.2111025509279330, 0.000000000000000000, 12.00000000000001776 ) ) ;
#3040 = VECTOR ( 'NONE', #4499, 1000.000000000000000 ) ;
#3041 = DIRECTION ( 'NONE',  ( 0.000000000000000000, -1.000000000000000000, 0.000000000000000000 ) ) ;
#3042 = CARTESIAN_POINT ( 'NONE',  ( -90.00000000000002842, 35.00000000000000000, 32.50000000000001421 ) ) ;
#3043 = AXIS2_PLACEMENT_3D ( 'NONE', #3084, #956, #3881 ) ;
#3044 = DIRECTION ( 'NONE',  ( 0.000000000000000000, 0.000000000000000000, 1.000000000000000000 ) ) ;
#3045 = EDGE_LOOP ( 'NONE', ( #1642, #1500 ) ) ;
#3046 = CIRCLE ( 'NONE', #805, 2.999999999999999112 ) ;
#3047 = CARTESIAN_POINT ( 'NONE',  ( -150.0000000000000000, 3.000000000000002665, 15.00000000000001954 ) ) ;
#3048 = CARTESIAN_POINT ( 'NONE',  ( -36.95079167441974732, -0.5309853086716336268, -10.95325125501010355 ) ) ;
#3049 = CARTESIAN_POINT ( 'NONE',  ( 45.21110255092794716, 2.602085213965210642E-15, -12.00000000000000711 ) ) ;
#3050 = ADVANCED_FACE ( 'NONE', ( #4603 ), #1865, .T. ) ;
#3051 = ORIENTED_EDGE ( 'NONE', *, *, #357, .T. ) ;
#3052 = LOCAL_TIME ( 4, 12, 43.00000000000000000, #1313 ) ;
#3053 = DIRECTION ( 'NONE',  ( -1.919934113490634435E-16, 0.08834431330192876741, -0.9960899970922361124 ) ) ;
#3054 = ORIENTED_EDGE ( 'NONE', *, *, #4320, .T. ) ;
#3055 = DIRECTION ( 'NONE',  ( -1.000000000000000000, 0.000000000000000000, 1.387778780781445676E-16 ) ) ;
#3056 = ORIENTED_EDGE ( 'NONE', *, *, #2806, .T. ) ;
#3057 = ADVANCED_FACE ( 'NONE', ( #119 ), #1019, .T. ) ;
#3058 = FACE_OUTER_BOUND ( 'NONE', #3913, .T. ) ;
#3059 = LINE ( 'NONE', #2368, #2935 ) ;
#3060 = DIRECTION ( 'NONE',  ( -0.000000000000000000, 1.000000000000000000, -0.000000000000000000 ) ) ;
#3061 = DIRECTION ( 'NONE',  ( -0.000000000000000000, -1.000000000000000000, -0.000000000000000000 ) ) ;
#3062 = VECTOR ( 'NONE', #1152, 1000.000000000000000 ) ;
#3063 = FACE_OUTER_BOUND ( 'NONE', #4542, .T. ) ;
#3064 = ORIENTED_EDGE ( 'NONE', *, *, #2462, .F. ) ;
#3065 = CARTESIAN_POINT ( 'NONE',  ( 120.0000000000000000, -11.00000000000000000, 0.000000000000000000 ) ) ;
#3066 = VERTEX_POINT ( 'NONE', #2487 ) ;
#3067 = CARTESIAN_POINT ( 'NONE',  ( 32.76323524667228781, -2.999999999999998668, 9.686429360722387472 ) ) ;
#3068 = CARTESIAN_POINT ( 'NONE',  ( -36.68512189348513175, -0.5280151130884915833, -10.92458917757367232 ) ) ;
#3069 = CARTESIAN_POINT ( 'NONE',  ( 42.78999786737106348, -2.973326781003633901, -9.914833153857907533 ) ) ;
#3070 = ORIENTED_EDGE ( 'NONE', *, *, #2064, .F. ) ;
#3071 = AXIS2_PLACEMENT_3D ( 'NONE', #3074, #2711, #4235 ) ;
#3072 = DIRECTION ( 'NONE',  ( 0.000000000000000000, -0.000000000000000000, -1.000000000000000000 ) ) ;
#3073 = ORIENTED_EDGE ( 'NONE', *, *, #4416, .F. ) ;
#3074 = CARTESIAN_POINT ( 'NONE',  ( -150.0000000000000000, 32.00000000000000000, 12.00000000000002132 ) ) ;
#3075 = EDGE_LOOP ( 'NONE', ( #4620, #3469, #1683 ) ) ;
#3076 = DIRECTION ( 'NONE',  ( 1.000000000000000000, 0.000000000000000000, 0.000000000000000000 ) ) ;
#3077 = DIRECTION ( 'NONE',  ( 0.000000000000000000, 0.000000000000000000, -1.000000000000000000 ) ) ;
#3078 = AXIS2_PLACEMENT_3D ( 'NONE', #1284, #461, #555 ) ;
#3079 = FACE_OUTER_BOUND ( 'NONE', #3130, .T. ) ;
#3080 = DIRECTION ( 'NONE',  ( -0.000000000000000000, -1.000000000000000000, -0.000000000000000000 ) ) ;
#3081 = CARTESIAN_POINT ( 'NONE',  ( -120.0000000000000000, -11.41999999999999993, -2.750000000000002665 ) ) ;
#3082 = ORIENTED_EDGE ( 'NONE', *, *, #2822, .F. ) ;
#3083 = EDGE_CURVE ( 'NONE', #2491, #1391, #1017, .T. ) ;
#3084 = CARTESIAN_POINT ( 'NONE',  ( 0.000000000000000000, 0.000000000000000000, 0.000000000000000000 ) ) ;
#3085 = CARTESIAN_POINT ( 'NONE',  ( 0.000000000000000000, -40.00000000000000000, 0.000000000000000000 ) ) ;
#3086 = CIRCLE ( 'NONE', #4491, 11.00000000000000711 ) ;
#3087 = EDGE_LOOP ( 'NONE', ( #3220, #173, #3774, #1419 ) ) ;
#3088 = DIRECTION ( 'NONE',  ( 0.000000000000000000, 0.000000000000000000, -1.000000000000000000 ) ) ;
#3089 = CARTESIAN_POINT ( 'NONE',  ( -37.74451858872691901, -0.5355522206096587912, -11.00019923545574763 ) ) ;
#3090 = FACE_BOUND ( 'NONE', #1051, .T. ) ;
#3091 = EDGE_CURVE ( 'NONE', #2026, #2000, #3213, .T. ) ;
#3092 = VERTEX_POINT ( 'NONE', #1986 ) ;
#3093 = CARTESIAN_POINT ( 'NONE',  ( 39.83970308941677985, -0.5186765356940584715, 10.84879929160565482 ) ) ;
#3094 = ORIENTED_EDGE ( 'NONE', *, *, #2785, .F. ) ;
#3095 = FACE_OUTER_BOUND ( 'NONE', #566, .T. ) ;
#3096 = ORIENTED_EDGE ( 'NONE', *, *, #3314, .T. ) ;
#3097 = CARTESIAN_POINT ( 'NONE',  ( -42.79063793838401608, -2.973359542481133211, 9.914486006099698656 ) ) ;
#3098 = CARTESIAN_POINT ( 'NONE',  ( -34.12340840296684519, -2.900477069121944584, -10.30627392473357773 ) ) ;
#3099 = ADVANCED_FACE ( 'NONE', ( #137 ), #3580, .F. ) ;
#3100 = CARTESIAN_POINT ( 'NONE',  ( 95.00000000000000000, 32.00000000000000000, 11.99999999999998579 ) ) ;
#3101 = AXIS2_PLACEMENT_3D ( 'NONE', #4058, #2210, #1557 ) ;
#3102 = CARTESIAN_POINT ( 'NONE',  ( -42.84637927624040543, 0.05291308388839769533, -12.57512725172563073 ) ) ;
#3103 = ADVANCED_FACE ( 'NONE', ( #2328 ), #4199, .F. ) ;
#3104 = CARTESIAN_POINT ( 'NONE',  ( -105.0000000000000426, 3.000000000000002665, 12.00000000000001776 ) ) ;
#3105 = ORIENTED_EDGE ( 'NONE', *, *, #4326, .F. ) ;
#3106 = DIRECTION ( 'NONE',  ( -1.000000000000000000, 0.000000000000000000, 0.000000000000000000 ) ) ;
#3107 = CARTESIAN_POINT ( 'NONE',  ( -120.0000000000000000, -15.00000000000000000, -2.750000000000002665 ) ) ;
#3108 = ORIENTED_EDGE ( 'NONE', *, *, #465, .T. ) ;
#3109 = DIRECTION ( 'NONE',  ( 1.000000000000000000, -0.000000000000000000, -0.000000000000000000 ) ) ;
#3110 = EDGE_CURVE ( 'NONE', #4505, #4592, #1634, .T. ) ;
#3111 = CARTESIAN_POINT ( 'NONE',  ( -44.10217471315478122, 0.01321386987366804204, -12.30789356747251162 ) ) ;
#3112 = VERTEX_POINT ( 'NONE', #2371 ) ;
#3113 = CARTESIAN_POINT ( 'NONE',  ( 41.87451082432234983, -2.900292826767519205, -10.30709279624804076 ) ) ;
#3114 = TOROIDAL_SURFACE ( 'NONE', #332, 18.00000000000000000, 3.000000000000000000 ) ;
#3115 = ORIENTED_EDGE ( 'NONE', *, *, #1799, .F. ) ;
#3116 = CARTESIAN_POINT ( 'NONE',  ( 31.33378599532939290, 2.624006344846653409E-15, 12.16371863260688713 ) ) ;
#3117 = VERTEX_POINT ( 'NONE', #2463 ) ;
#3118 = CYLINDRICAL_SURFACE ( 'NONE', #2444, 2.999999999999999112 ) ;
#3119 = ORIENTED_EDGE ( 'NONE', *, *, #4357, .T. ) ;
#3120 = CARTESIAN_POINT ( 'NONE',  ( -123.5924653080326863, -0.4354054784971254088, -10.41097043727928551 ) ) ;
#3121 = CARTESIAN_POINT ( 'NONE',  ( -37.00987314914255677, -2.675442446450997380, -10.95816632450417316 ) ) ;
#3122 = CARTESIAN_POINT ( 'NONE',  ( 37.99999999999999289, -2.999999999999999112, 0.000000000000000000 ) ) ;
#3123 = ORGANIZATION ( 'UNSPECIFIED', 'UNSPECIFIED', '' ) ;
#3124 = CARTESIAN_POINT ( 'NONE',  ( -40.43264667120120492, 0.1379709524836480738, -12.90030929811990390 ) ) ;
#3125 = LINE ( 'NONE', #2831, #1245 ) ;
#3126 = ORIENTED_EDGE ( 'NONE', *, *, #3691, .T. ) ;
#3127 = CARTESIAN_POINT ( 'NONE',  ( 115.0822560048121943, -0.2405293788022126455, -9.852014752712394241 ) ) ;
#3128 = AXIS2_PLACEMENT_3D ( 'NONE', #2989, #4099, #730 ) ;
#3129 = CARTESIAN_POINT ( 'NONE',  ( 0.000000000000000000, 0.000000000000000000, 0.000000000000000000 ) ) ;
#3130 = EDGE_LOOP ( 'NONE', ( #1778, #2329 ) ) ;
#3131 = CARTESIAN_POINT ( 'NONE',  ( -90.00000000000002842, 35.00000000000000000, 42.00000000000003553 ) ) ;
#3132 = CARTESIAN_POINT ( 'NONE',  ( -36.16029691058322015, -0.5186765356943304761, 10.84879929160538659 ) ) ;
#3133 = ORIENTED_EDGE ( 'NONE', *, *, #4611, .F. ) ;
#3134 = CARTESIAN_POINT ( 'NONE',  ( 79.99999999999998579, -3.000000000000002665, -8.999999999999998224 ) ) ;
#3135 = EDGE_CURVE ( 'NONE', #1852, #3009, #3562, .T. ) ;
#3136 = ORIENTED_EDGE ( 'NONE', *, *, #3265, .T. ) ;
#3137 = CARTESIAN_POINT ( 'NONE',  ( -120.3044085714881533, 0.1716123224432669070, 13.00011157373096715 ) ) ;
#3138 = B_SPLINE_CURVE_WITH_KNOTS ( 'NONE', 3,
 ( #2766, #4602, #602, #3511, #4220, #3904, #1698, #905, #2370, #1308, #2004, #953 ),
 .UNSPECIFIED., .F., .F.,
 ( 4, 2, 2, 2, 2, 4 ),
 ( 0.005943925179968821172, 0.006684808149227614189, 0.007425691118486408074, 0.008907457057003994108, 0.01038922299552158188, 0.01187098893403916791 ),
 .UNSPECIFIED. ) ;
#3139 = ORIENTED_EDGE ( 'NONE', *, *, #2476, .T. ) ;
#3140 = DIRECTION ( 'NONE',  ( 0.000000000000000000, 0.000000000000000000, -1.000000000000000000 ) ) ;
#3141 = ORIENTED_EDGE ( 'NONE', *, *, #4068, .F. ) ;
#3142 = CARTESIAN_POINT ( 'NONE',  ( -120.9942866564828563, -2.672614824791748056, -10.96613122369334725 ) ) ;
#3143 = DIRECTION ( 'NONE',  ( 0.000000000000000000, 0.000000000000000000, -1.000000000000000000 ) ) ;
#3144 = DIRECTION ( 'NONE',  ( -0.000000000000000000, -1.000000000000000000, -0.000000000000000000 ) ) ;
#3145 = DIRECTION ( 'NONE',  ( -0.5150787536377098297, 0.000000000000000000, 0.8571428571428588716 ) ) ;
#3146 = ORIENTED_EDGE ( 'NONE', *, *, #3870, .F. ) ;
#3147 = CARTESIAN_POINT ( 'NONE',  ( -105.0000000000000284, -2.942689283625552044, 6.000000000000017764 ) ) ;
#3148 = VECTOR ( 'NONE', #1159, 1000.000000000000000 ) ;
#3149 = DIRECTION ( 'NONE',  ( 0.000000000000000000, -1.000000000000000000, 0.000000000000000000 ) ) ;
#3150 = AXIS2_PLACEMENT_3D ( 'NONE', #4576, #1959, #4193 ) ;
#3151 = DIRECTION ( 'NONE',  ( 0.000000000000000000, -1.000000000000000000, 0.000000000000000000 ) ) ;
#3152 = CIRCLE ( 'NONE', #3784, 10.74000000000000377 ) ;
#3153 = CARTESIAN_POINT ( 'NONE',  ( -115.2075443106333097, -2.973440724493547016, 9.913453795269111524 ) ) ;
#3154 = EDGE_CURVE ( 'NONE', #3828, #509, #2973, .T. ) ;
#3155 = APPLICATION_CONTEXT ( 'configuration controlled 3d designs of mechanical parts and assemblies' ) ;
#3156 = ORIENTED_EDGE ( 'NONE', *, *, #3091, .T. ) ;
#3157 = CARTESIAN_POINT ( 'NONE',  ( 123.4220984138411552, -2.855540945636283467, 10.46591555408516427 ) ) ;
#3158 = ADVANCED_FACE ( 'NONE', ( #3014 ), #2263, .T. ) ;
#3159 = EDGE_LOOP ( 'NONE', ( #4127, #4014, #1987, #352 ) ) ;
#3160 = CARTESIAN_POINT ( 'NONE',  ( -117.1432140937323254, -0.4825024581514203437, 10.62668746299394940 ) ) ;
#3161 = ORIENTED_EDGE ( 'NONE', *, *, #1233, .F. ) ;
#3162 = CARTESIAN_POINT ( 'NONE',  ( -150.0000000000000000, 3.000000000000002665, -11.99999999999997868 ) ) ;
#3163 = VERTEX_POINT ( 'NONE', #3767 ) ;
#3164 = CARTESIAN_POINT ( 'NONE',  ( -126.6641939209705896, 2.555761256450175339E-15, -12.16432559199298602 ) ) ;
#3165 = DIRECTION ( 'NONE',  ( -0.8571428571428560961, -5.956794706081455378E-16, -0.5150787536377144926 ) ) ;
#3166 = EDGE_CURVE ( 'NONE', #1910, #3934, #3745, .T. ) ;
#3167 = ORIENTED_EDGE ( 'NONE', *, *, #4357, .F. ) ;
#3168 = CARTESIAN_POINT ( 'NONE',  ( -120.9879292042044199, -2.672347330525931763, -10.96673183072486246 ) ) ;
#3169 = CIRCLE ( 'NONE', #2561, 10.74000000000000377 ) ;
#3170 = CARTESIAN_POINT ( 'NONE',  ( 123.4184205802136631, -2.855187496743226028, 10.46713792506248630 ) ) ;
#3172 = DIRECTION ( 'NONE',  ( 0.000000000000000000, 0.000000000000000000, -1.000000000000000000 ) ) ;
#3171 = VECTOR ( 'NONE', #4476, 1000.000000000000000 ) ;
#3173 = CARTESIAN_POINT ( 'NONE',  ( 37.99999999999999289, -15.00000000000000000, 6.120000000000000107 ) ) ;
#3174 = ADVANCED_FACE ( 'NONE', ( #766 ), #150, .F. ) ;
#3175 = CARTESIAN_POINT ( 'NONE',  ( -120.0000000000000000, -11.00000000000000000, 2.750000000000002665 ) ) ;
#3176 = CIRCLE ( 'NONE', #1937, 3.000000000000002665 ) ;
#3177 = FACE_BOUND ( 'NONE', #1843, .T. ) ;
#3178 = CARTESIAN_POINT ( 'NONE',  ( -32.33413370998515290, -2.999999999999997335, -9.428571428571428825 ) ) ;
#3179 = AXIS2_PLACEMENT_3D ( 'NONE', #2876, #2931, #2533 ) ;
#3180 = EDGE_LOOP ( 'NONE', ( #3286, #3021, #4142 ) ) ;
#3181 = CARTESIAN_POINT ( 'NONE',  ( 124.7945658460727856, -2.973572258944839231, 9.912404177348928869 ) ) ;
#3182 = AXIS2_PLACEMENT_3D ( 'NONE', #1135, #2262, #3326 ) ;
#3183 = AXIS2_PLACEMENT_3D ( 'NONE', #3736, #1122, #1424 ) ;
#3184 = ORIENTED_EDGE ( 'NONE', *, *, #4023, .F. ) ;
#3185 = CARTESIAN_POINT ( 'NONE',  ( 37.01207079579556591, -2.672347330525939757, -10.96673183072486246 ) ) ;
#3186 = CARTESIAN_POINT ( 'NONE',  ( 33.95614179058135562, -0.3896520326621113472, 10.24183511159950832 ) ) ;
#3187 = CARTESIAN_POINT ( 'NONE',  ( -119.0098731491425639, -2.675442446450997380, -10.95816632450417316 ) ) ;
#3188 = VECTOR ( 'NONE', #3952, 1000.000000000000000 ) ;
#3189 = EDGE_CURVE ( 'NONE', #3240, #2388, #71, .T. ) ;
#3190 = ORIENTED_EDGE ( 'NONE', *, *, #4000, .F. ) ;
#3191 = CIRCLE ( 'NONE', #2494, 13.99999999999999822 ) ;
#3192 = CARTESIAN_POINT ( 'NONE',  ( -43.23676475332769087, -2.999999999999996891, 9.686429360722396353 ) ) ;
#3193 = CARTESIAN_POINT ( 'NONE',  ( 79.99999999999998579, 35.00000000000000000, 27.00000000000002132 ) ) ;
#3194 = ORIENTED_EDGE ( 'NONE', *, *, #1553, .T. ) ;
#3195 = DIRECTION ( 'NONE',  ( -0.5150787536377187115, 0.000000000000000000, -0.8571428571428535426 ) ) ;
#3196 = CARTESIAN_POINT ( 'NONE',  ( -106.1393118336523713, -3.000000000000000000, -1.970107498404797486 ) ) ;
#3197 = EDGE_CURVE ( 'NONE', #3941, #4283, #2084, .T. ) ;
#3198 = EDGE_CURVE ( 'NONE', #2135, #2914, #396, .T. ) ;
#3199 = EDGE_LOOP ( 'NONE', ( #3311, #3371, #2175, #3977 ) ) ;
#3200 = CARTESIAN_POINT ( 'NONE',  ( 126.0963609220042088, 0.01333660880644264336, -12.30943927971912721 ) ) ;
#3201 = DIRECTION ( 'NONE',  ( 0.000000000000000000, 0.000000000000000000, -1.000000000000000000 ) ) ;
#3202 = MECHANICAL_CONTEXT ( 'NONE', #3155, 'mechanical' ) ;
#3203 = CARTESIAN_POINT ( 'NONE',  ( -90.00000000000002842, 35.00000000000000000, 27.00000000000002132 ) ) ;
#3204 = CARTESIAN_POINT ( 'NONE',  ( -104.8430919755997763, -0.8345721498704948837, 3.808569624097306150 ) ) ;
#3205 = CARTESIAN_POINT ( 'NONE',  ( -35.90293810761813376, -0.5123529346370153670, 10.80206725238615384 ) ) ;
#3206 = ORIENTED_EDGE ( 'NONE', *, *, #2382, .F. ) ;
#3207 = CARTESIAN_POINT ( 'NONE',  ( 124.0563663160995134, -0.3879348319906855136, 10.23668291508579742 ) ) ;
#3208 = EDGE_LOOP ( 'NONE', ( #4628, #1863, #514, #3141, #3896 ) ) ;
#3209 = CARTESIAN_POINT ( 'NONE',  ( -105.0000000000000142, 3.000000000000002665, 15.00000000000001421 ) ) ;
#3210 = CARTESIAN_POINT ( 'NONE',  ( 34.87210667632048455, 0.1158849091890580690, 12.83026657881051769 ) ) ;
#3211 = CARTESIAN_POINT ( 'NONE',  ( -118.7603850803347427, -2.686563675237857662, -10.93276237596960954 ) ) ;
#3212 = VERTEX_POINT ( 'NONE', #4150 ) ;
#3213 = LINE ( 'NONE', #1266, #4427 ) ;
#3214 = CARTESIAN_POINT ( 'NONE',  ( 114.3341337099851671, -2.999999999999999112, -9.428571428571446589 ) ) ;
#3215 = CARTESIAN_POINT ( 'NONE',  ( 150.0000000000000000, 0.000000000000000000, -12.00000000000002487 ) ) ;
#3216 = ORIENTED_EDGE ( 'NONE', *, *, #3005, .T. ) ;
#3217 = CARTESIAN_POINT ( 'NONE',  ( 98.00000000000000000, 32.00000000000000000, 14.99999999999998579 ) ) ;
#3218 = CONICAL_SURFACE ( 'NONE', #121, 2.750000000000002665, 1.029744258676656088 ) ;
#3219 = CARTESIAN_POINT ( 'NONE',  ( 36.73454425536729673, 0.1636925878662070233, -12.97844714232315155 ) ) ;
#3220 = ORIENTED_EDGE ( 'NONE', *, *, #4061, .T. ) ;
#3221 = CARTESIAN_POINT ( 'NONE',  ( 120.2554814112686756, -0.5355522206095905124, -11.00019923545575296 ) ) ;
#3222 = CARTESIAN_POINT ( 'NONE',  ( 37.99999999999999289, -15.00000000000000000, -10.99999999999999289 ) ) ;
#3223 =( NAMED_UNIT ( * ) SI_UNIT ( $, .STERADIAN. ) SOLID_ANGLE_UNIT ( ) );
#3224 = ADVANCED_FACE ( 'NONE', ( #3723 ), #3036, .F. ) ;
#3225 = CARTESIAN_POINT ( 'NONE',  ( -122.4326466712012405, 0.1379709524836481571, -12.90030929811989502 ) ) ;
#3226 = CARTESIAN_POINT ( 'NONE',  ( -104.6697735649348857, -2.648325877894076363, 2.856810578749205742 ) ) ;
#3227 = CONICAL_SURFACE ( 'NONE', #3609, 2.750000000000002665, 1.029744258676656088 ) ;
#3228 = CARTESIAN_POINT ( 'NONE',  ( -34.12548917567780649, -2.900292826767794097, -10.30709279624812247 ) ) ;
#3229 = ORIENTED_EDGE ( 'NONE', *, *, #3403, .T. ) ;
#3230 = DIRECTION ( 'NONE',  ( 8.659560562354910671E-17, 0.7071067811865493491, -0.7071067811865456854 ) ) ;
#3231 = ORIENTED_EDGE ( 'NONE', *, *, #2226, .F. ) ;
#3232 = CARTESIAN_POINT ( 'NONE',  ( 33.20754431063328838, -2.973440724493547016, -9.913453795269109747 ) ) ;
#3233 = DIRECTION ( 'NONE',  ( 6.608470384673549052E-16, 0.000000000000000000, -1.000000000000000000 ) ) ;
#3234 = EDGE_CURVE ( 'NONE', #1469, #2259, #792, .T. ) ;
#3235 = VECTOR ( 'NONE', #170, 1000.000000000000000 ) ;
#3236 = ORIENTED_EDGE ( 'NONE', *, *, #3403, .F. ) ;
#3237 = DIRECTION ( 'NONE',  ( -0.5150787536377101627, 0.000000000000000000, 0.8571428571428587606 ) ) ;
#3238 = CARTESIAN_POINT ( 'NONE',  ( -125.6658662900148045, -2.999999999999999112, 9.428571428571439483 ) ) ;
#3239 = CARTESIAN_POINT ( 'NONE',  ( 37.99999999999999289, -15.00000000000000000, -8.999999999999980460 ) ) ;
#3240 = VERTEX_POINT ( 'NONE', #1913 ) ;
#3241 = CARTESIAN_POINT ( 'NONE',  ( 41.41124894775815335, -2.854523621456063420, -10.46926973534801419 ) ) ;
#3242 = CARTESIAN_POINT ( 'NONE',  ( 34.57790158616059983, -2.855540945636977135, -10.46591555408564389 ) ) ;
#3243 = PRODUCT_DEFINITION ( 'UNKNOWN', '', #2984, #2407 ) ;
#3244 = ADVANCED_FACE ( 'NONE', ( #1895 ), #3375, .F. ) ;
#3245 = CARTESIAN_POINT ( 'NONE',  ( 150.0000000000000000, 0.000000000000000000, -12.00000000000002487 ) ) ;
#3246 = CARTESIAN_POINT ( 'NONE',  ( -75.00000000000001421, 0.000000000000000000, 12.00000000000001066 ) ) ;
#3247 = CARTESIAN_POINT ( 'NONE',  ( 119.3608968525310701, 0.1714920505550545649, -12.99977139276351679 ) ) ;
#3248 = DIRECTION ( 'NONE',  ( 0.000000000000000000, 0.000000000000000000, -1.000000000000000000 ) ) ;
#3249 = CALENDAR_DATE ( 2026, 2, 8 ) ;
#3250 = EDGE_CURVE ( 'NONE', #3828, #773, #27, .T. ) ;
#3251 = VECTOR ( 'NONE', #2094, 1000.000000000000000 ) ;
#3252 = CARTESIAN_POINT ( 'NONE',  ( 120.0000000000000000, -13.00000000000004619, -11.00000000000000711 ) ) ;
#3253 = CARTESIAN_POINT ( 'NONE',  ( -104.9672409572761467, -2.786846906580127126, 4.853888015775756237 ) ) ;
#3254 = AXIS2_PLACEMENT_3D ( 'NONE', #1021, #3971, #652 ) ;
#3255 = ORIENTED_EDGE ( 'NONE', *, *, #3701, .F. ) ;
#3256 = CARTESIAN_POINT ( 'NONE',  ( -42.93119559468769353, 0.04985358730823428314, 12.55905905216821594 ) ) ;
#3257 = ORIENTED_EDGE ( 'NONE', *, *, #2508, .T. ) ;
#3258 = CARTESIAN_POINT ( 'NONE',  ( 117.4883313353650891, 0.1358644507031863680, 12.89372449892735162 ) ) ;
#3259 = EDGE_CURVE ( 'NONE', #4283, #4614, #3950, .T. ) ;
#3260 = ORIENTED_EDGE ( 'NONE', *, *, #1578, .F. ) ;
#3261 = CARTESIAN_POINT ( 'NONE',  ( 37.50492208351849399, -2.656854249492418774, -10.99999999999991651 ) ) ;
#3262 = CARTESIAN_POINT ( 'NONE',  ( 125.6658662900148613, -2.999999999999999112, 9.428571428571419943 ) ) ;
#3263 = AXIS2_PLACEMENT_3D ( 'NONE', #3034, #2713, #4192 ) ;
#3264 = CARTESIAN_POINT ( 'NONE',  ( 42.24717609171509025, 0.07627636560252844256, 12.67742693743806370 ) ) ;
#3265 = EDGE_CURVE ( 'NONE', #3366, #1957, #2630, .T. ) ;
#3266 = EDGE_LOOP ( 'NONE', ( #389, #4594, #1521, #181 ) ) ;
#3267 = LINE ( 'NONE', #2147, #1054 ) ;
#3268 = CARTESIAN_POINT ( 'NONE',  ( -114.6819928224706047, -0.1371807331374875760, -9.637608743003223566 ) ) ;
#3269 = CARTESIAN_POINT ( 'NONE',  ( -104.8265964322718418, -2.668135571078433799, 3.707504953466406405 ) ) ;
#3270 = VECTOR ( 'NONE', #4254, 1000.000000000000000 ) ;
#3271 = ORIENTED_EDGE ( 'NONE', *, *, #1650, .T. ) ;
#3272 = DIRECTION ( 'NONE',  ( 0.000000000000000000, 0.000000000000000000, -1.000000000000000000 ) ) ;
#3273 = CARTESIAN_POINT ( 'NONE',  ( 33.94363368389634417, -0.3879348319896290254, -10.23668291508263906 ) ) ;
#3274 = AXIS2_PLACEMENT_3D ( 'NONE', #274, #2086, #1038 ) ;
#3275 = FACE_OUTER_BOUND ( 'NONE', #2735, .T. ) ;
#3276 = ORIENTED_EDGE ( 'NONE', *, *, #2903, .T. ) ;
#3277 = CARTESIAN_POINT ( 'NONE',  ( 123.8745108243272739, -2.900292826768621435, -10.30709279624594643 ) ) ;
#3278 = CARTESIAN_POINT ( 'NONE',  ( 34.12340840296685229, -2.900477069121944584, 10.30627392473357240 ) ) ;
#3279 = APPROVAL_STATUS ( 'not_yet_approved' ) ;
#3280 = VECTOR ( 'NONE', #2105, 1000.000000000000000 ) ;
#3281 = DIRECTION ( 'NONE',  ( -0.000000000000000000, 1.000000000000000000, -0.000000000000000000 ) ) ;
#3282 = CARTESIAN_POINT ( 'NONE',  ( -106.4661386819153961, -1.083492822892927951E-11, 3.603112155197391697 ) ) ;
#3283 = CARTESIAN_POINT ( 'NONE',  ( -38.61957684543239111, 0.1697642401667163181, 12.99493259691798386 ) ) ;
#3284 = VERTEX_POINT ( 'NONE', #367 ) ;
#3285 = CARTESIAN_POINT ( 'NONE',  ( 116.4216510240789546, -0.4365745038692938618, 10.41568038143029007 ) ) ;
#3286 = ORIENTED_EDGE ( 'NONE', *, *, #3384, .F. ) ;
#3287 = CARTESIAN_POINT ( 'NONE',  ( 119.5057732418643184, -2.660622408229027958, 10.99170142825163943 ) ) ;
#3288 = CARTESIAN_POINT ( 'NONE',  ( 79.99999999999998579, -40.00000000000000000, 27.00000000000002132 ) ) ;
#3289 = CARTESIAN_POINT ( 'NONE',  ( -122.4348638571304093, 0.1401118937165257428, 12.92148731006871643 ) ) ;
#3290 = CIRCLE ( 'NONE', #4146, 6.120000000000000107 ) ;
#3291 = EDGE_CURVE ( 'NONE', #3711, #548, #2995, .T. ) ;
#3292 = ORIENTED_EDGE ( 'NONE', *, *, #1293, .F. ) ;
#3293 = EDGE_CURVE ( 'NONE', #169, #1065, #789, .T. ) ;
#3294 = CARTESIAN_POINT ( 'NONE',  ( 114.3341337099851671, -2.999999999999999112, -9.428571428571446589 ) ) ;
#3295 = CARTESIAN_POINT ( 'NONE',  ( -75.00000000000001421, 3.000000000000002665, 18.00000000000001421 ) ) ;
#3296 = ORIENTED_EDGE ( 'NONE', *, *, #1092, .F. ) ;
#3297 = DIRECTION ( 'NONE',  ( -1.000000000000000000, -0.000000000000000000, 1.387778780781445676E-16 ) ) ;
#3298 = DIRECTION ( 'NONE',  ( 0.000000000000000000, 0.000000000000000000, -1.000000000000000000 ) ) ;
#3299 = CARTESIAN_POINT ( 'NONE',  ( 35.79892381307210769, 0.1427711910749801805, -12.91473666705794265 ) ) ;
#3300 = CARTESIAN_POINT ( 'NONE',  ( -72.36387977251240500, 35.00000000000000711, 12.36388090270767748 ) ) ;
#3301 = DIRECTION ( 'NONE',  ( 4.857225732735063020E-14, 0.000000000000000000, -1.000000000000000000 ) ) ;
#3302 = DIRECTION ( 'NONE',  ( -0.000000000000000000, -1.000000000000000000, -0.000000000000000000 ) ) ;
#3303 = ADVANCED_FACE ( 'NONE', ( #2577 ), #3851, .F. ) ;
#3304 = FACE_BOUND ( 'NONE', #2621, .T. ) ;
#3305 = DATE_AND_TIME ( #2499, #2590 ) ;
#3306 = AXIS2_PLACEMENT_3D ( 'NONE', #3162, #4259, #4638 ) ;
#3307 = LINE ( 'NONE', #2657, #3413 ) ;
#3308 = CARTESIAN_POINT ( 'NONE',  ( -105.0000000000000284, -2.978318166430907077, 6.401718789041924929 ) ) ;
#3309 = ORIENTED_EDGE ( 'NONE', *, *, #3972, .T. ) ;
#3310 = CARTESIAN_POINT ( 'NONE',  ( 43.66586629001482578, -2.999999999999999112, 9.428571428571421720 ) ) ;
#3311 = ORIENTED_EDGE ( 'NONE', *, *, #2170, .F. ) ;
#3312 = FACE_BOUND ( 'NONE', #1194, .T. ) ;
#3313 = CARTESIAN_POINT ( 'NONE',  ( -123.8745108243274728, -2.900292826768898102, 10.30709279624584518 ) ) ;
#3314 = EDGE_CURVE ( 'NONE', #188, #4637, #1486, .T. ) ;
#3315 = CARTESIAN_POINT ( 'NONE',  ( 39.21861313176069785, 0.1643204756145801582, 12.98014730326098842 ) ) ;
#3316 = EDGE_CURVE ( 'NONE', #720, #2801, #1527, .T. ) ;
#3317 = ORIENTED_EDGE ( 'NONE', *, *, #2648, .F. ) ;
#3318 = CARTESIAN_POINT ( 'NONE',  ( -150.0000000000000000, 35.00000000000000000, 15.00000000000001954 ) ) ;
#3319 = CARTESIAN_POINT ( 'NONE',  ( -118.0265460492435210, -2.728271098083622892, -10.83299564084926203 ) ) ;
#3320 = VERTEX_POINT ( 'NONE', #2697 ) ;
#3321 = DIRECTION ( 'NONE',  ( 1.000000000000000000, 0.000000000000000000, -6.608470384673549052E-16 ) ) ;
#3322 = VECTOR ( 'NONE', #4365, 1000.000000000000000 ) ;
#3323 = CARTESIAN_POINT ( 'NONE',  ( 64.99999999999997158, 35.00000000000000000, 17.19615242270662137 ) ) ;
#3324 = ORIENTED_EDGE ( 'NONE', *, *, #3884, .T. ) ;
#3325 = CARTESIAN_POINT ( 'NONE',  ( 0.000000000000000000, -15.00000000000000000, 0.000000000000000000 ) ) ;
#3326 = DIRECTION ( 'NONE',  ( 0.000000000000000000, 0.000000000000000000, -1.000000000000000000 ) ) ;
#3327 = DIRECTION ( 'NONE',  ( -0.000000000000000000, -1.000000000000000000, -0.000000000000000000 ) ) ;
#3328 = CARTESIAN_POINT ( 'NONE',  ( 98.00000000000000000, 35.00000000000000000, 17.99999999999998579 ) ) ;
#3329 = DIRECTION ( 'NONE',  ( 0.000000000000000000, 1.000000000000000000, 0.000000000000000000 ) ) ;
#3330 = LINE ( 'NONE', #74, #939 ) ;
#3331 = EDGE_CURVE ( 'NONE', #2556, #3587, #510, .T. ) ;
#3332 = CARTESIAN_POINT ( 'NONE',  ( -43.66586629001482578, 5.637851296924623057E-15, 9.428571428571428825 ) ) ;
#3333 = ORIENTED_EDGE ( 'NONE', *, *, #2250, .F. ) ;
#3334 = AXIS2_PLACEMENT_3D ( 'NONE', #3813, #3969, #1374 ) ;
#3335 = CARTESIAN_POINT ( 'NONE',  ( 0.000000000000000000, 0.000000000000000000, 0.000000000000000000 ) ) ;
#3336 = VERTEX_POINT ( 'NONE', #4577 ) ;
#3337 = DIRECTION ( 'NONE',  ( 0.000000000000000000, 0.000000000000000000, -1.000000000000000000 ) ) ;
#3338 = CARTESIAN_POINT ( 'NONE',  ( -124.0438582094227939, -0.3896520326611842555, 10.24183511159579751 ) ) ;
#3339 = DIRECTION ( 'NONE',  ( -0.000000000000000000, 1.000000000000000000, -0.000000000000000000 ) ) ;
#3340 = ORIENTED_EDGE ( 'NONE', *, *, #4152, .F. ) ;
#3341 = VERTEX_POINT ( 'NONE', #3876 ) ;
#3342 = DIRECTION ( 'NONE',  ( -0.000000000000000000, -1.000000000000000000, -0.000000000000000000 ) ) ;
#3343 = DIRECTION ( 'NONE',  ( 0.000000000000000000, 0.000000000000000000, 1.000000000000000000 ) ) ;
#3344 = EDGE_CURVE ( 'NONE', #1236, #3240, #2760, .T. ) ;
#3345 = ORIENTED_EDGE ( 'NONE', *, *, #812, .F. ) ;
#3346 = PLANE ( 'NONE',  #1359 ) ;
#3347 = AXIS2_PLACEMENT_3D ( 'NONE', #2122, #3714, #3343 ) ;
#3348 = ORIENTED_EDGE ( 'NONE', *, *, #3026, .F. ) ;
#3349 = AXIS2_PLACEMENT_3D ( 'NONE', #1485, #2994, #366 ) ;
#3350 = VECTOR ( 'NONE', #2223, 1000.000000000000000 ) ;
#3351 = CARTESIAN_POINT ( 'NONE',  ( -90.00000000000001421, -3.000000000000002665, 6.000000000000019540 ) ) ;
#3352 = DIRECTION ( 'NONE',  ( 0.000000000000000000, 0.000000000000000000, 1.000000000000000000 ) ) ;
#3353 = DIRECTION ( 'NONE',  ( -0.000000000000000000, 1.000000000000000000, -0.000000000000000000 ) ) ;
#3354 = DIRECTION ( 'NONE',  ( 1.503427012513232404E-16, 0.000000000000000000, 1.000000000000000000 ) ) ;
#3355 = VECTOR ( 'NONE', #4319, 1000.000000000000000 ) ;
#3356 = ADVANCED_FACE ( 'NONE', ( #3079, #3787 ), #1263, .T. ) ;
#3357 = CARTESIAN_POINT ( 'NONE',  ( 0.000000000000000000, 2.000000000000000000, 0.000000000000000000 ) ) ;
#3358 = DIRECTION ( 'NONE',  ( 0.000000000000000000, 0.000000000000000000, -1.000000000000000000 ) ) ;
#3359 = CARTESIAN_POINT ( 'NONE',  ( -35.53857994903853523, -2.768538346299070252, 10.73256665193533799 ) ) ;
#3360 = ORIENTED_EDGE ( 'NONE', *, *, #1529, .F. ) ;
#3361 = CARTESIAN_POINT ( 'NONE',  ( -105.0000000000000426, 35.00000000000000000, 17.19615242270664623 ) ) ;
#3362 = VERTEX_POINT ( 'NONE', #185 ) ;
#3363 = DIRECTION ( 'NONE',  ( 0.000000000000000000, -0.000000000000000000, -1.000000000000000000 ) ) ;
#3364 =( BOUNDED_SURFACE ( )  B_SPLINE_SURFACE ( 3, 2, ( 
 ( #1349, #2436, #2027 ),
 ( #1327, #2832, #3164 ),
 ( #2464, #3874, #4309 ),
 ( #626, #3507, #2367 ),
 ( #2809, #3120, #994 ),
 ( #3849, #1623, #525 ),
 ( #1669, #3484, #155 ),
 ( #4286, #1305, #4575 ),
 ( #4598, #2762, #1261 ),
 ( #3142, #2783, #598 ),
 ( #969, #3920, #2068 ),
 ( #2737, #4216, #901 ),
 ( #4622, #3686, #701 ),
 ( #1428, #2883, #2148 ),
 ( #4442, #2095, #359 ),
 ( #3319, #2911, #2960 ),
 ( #2595, #1020, #3581 ),
 ( #282, #4795, #4717 ),
 ( #336, #3604, #1048 ),
 ( #2174, #4692, #1128 ),
 ( #4772, #3268, #1402 ),
 ( #4387, #1764, #1074 ) ),
 .UNSPECIFIED., .F., .F., .F. ) 
 B_SPLINE_SURFACE_WITH_KNOTS ( ( 4, 2, 2, 2, 2, 2, 2, 2, 2, 2, 4 ),
 ( 3, 3 ),
 ( 8.673617379884035472E-19, 0.001887074150390716893, 0.003774148300781432919, 0.004717685375976790607, 0.005661222451172148729, 0.007548296601562864971, 0.008491833676758223093, 0.009435370751953581214, 0.01132244490234429746, 0.01320951905273501370, 0.01509659320312572994 ),
 ( 0.000000000000000000, 1.000000000000000000 ),
 .UNSPECIFIED. ) 
 GEOMETRIC_REPRESENTATION_ITEM ( )  RATIONAL_B_SPLINE_SURFACE ( (
 ( 1.000000000000000000, 0.7071067811865475727, 1.000000000000000000),
 ( 1.000000000000000000, 0.7237121247995235152, 1.000000000000000000),
 ( 1.000000000000000000, 0.7389568843893842276, 1.000000000000000000),
 ( 1.000000000000000000, 0.7658791681117033123, 1.000000000000000000),
 ( 1.000000000000000000, 0.7775609741732834035, 1.000000000000000000),
 ( 1.000000000000000000, 0.7919178414668968102, 1.000000000000000000),
 ( 1.000000000000000000, 0.7961889419892937969, 1.000000000000000000),
 ( 1.000000000000000000, 0.8035279549140099675, 1.000000000000000000),
 ( 1.000000000000000000, 0.8065943441576293171, 1.000000000000000000),
 ( 1.000000000000000000, 0.8139739996312510550, 1.000000000000000000),
 ( 1.000000000000000000, 0.8164699156432639882, 1.000000000000000000),
 ( 1.000000000000000000, 0.8165095951494486526, 1.000000000000000000),
 ( 1.000000000000000000, 0.8159049651371667045, 1.000000000000000000),
 ( 1.000000000000000000, 0.8134420739528734901, 1.000000000000000000),
 ( 1.000000000000000000, 0.8115719170269276583, 1.000000000000000000),
 ( 1.000000000000000000, 0.8041602593825459833, 1.000000000000000000),
 ( 1.000000000000000000, 0.7968347466228620224, 1.000000000000000000),
 ( 1.000000000000000000, 0.7778762307524818009, 1.000000000000000000),
 ( 1.000000000000000000, 0.7662376414143317049, 1.000000000000000000),
 ( 1.000000000000000000, 0.7391200073974297791, 1.000000000000000000),
 ( 1.000000000000000000, 0.7236610937098616469, 1.000000000000000000),
 ( 1.000000000000000000, 0.7071067811865473507, 1.000000000000000000) ) ) 
 REPRESENTATION_ITEM ( '' )  SURFACE ( )  );
#3365 = CARTESIAN_POINT ( 'NONE',  ( 35.56513614286955516, 0.1401118937165291012, 12.92148731006870399 ) ) ;
#3366 = VERTEX_POINT ( 'NONE', #95 ) ;
#3367 = DIRECTION ( 'NONE',  ( -1.982541115402066490E-15, 0.000000000000000000, -1.000000000000000000 ) ) ;
#3368 = ORIENTED_EDGE ( 'NONE', *, *, #1276, .F. ) ;
#3369 = FACE_OUTER_BOUND ( 'NONE', #3528, .T. ) ;
#3370 = AXIS2_PLACEMENT_3D ( 'NONE', #2220, #38, #1470 ) ;
#3371 = ORIENTED_EDGE ( 'NONE', *, *, #518, .T. ) ;
#3372 = CARTESIAN_POINT ( 'NONE',  ( -103.4494265280436451, -3.000000000000002665, -0.6417562486706641645 ) ) ;
#3373 = DIRECTION ( 'NONE',  ( 0.000000000000000000, 1.000000000000000000, 0.000000000000000000 ) ) ;
#3374 = EDGE_CURVE ( 'NONE', #1930, #3828, #903, .T. ) ;
#3375 = CYLINDRICAL_SURFACE ( 'NONE', #4119, 10.74000000000000377 ) ;
#3376 = LINE ( 'NONE', #4474, #4621 ) ;
#3377 = AXIS2_PLACEMENT_3D ( 'NONE', #1355, #288, #4395 ) ;
#3378 = CARTESIAN_POINT ( 'NONE',  ( 98.00000000000000000, -3.000000000000000000, 0.000000000000000000 ) ) ;
#3379 = CARTESIAN_POINT ( 'NONE',  ( -75.00000000000002842, 35.00000000000000000, 4.956352788505163307E-14 ) ) ;
#3380 = CARTESIAN_POINT ( 'NONE',  ( 95.00000000000000000, -40.00000000000000000, 0.000000000000000000 ) ) ;
#3381 = ORIENTED_EDGE ( 'NONE', *, *, #3189, .T. ) ;
#3382 = AXIS2_PLACEMENT_3D ( 'NONE', #2781, #2412, #3897 ) ;
#3383 = DIRECTION ( 'NONE',  ( 0.000000000000000000, 1.000000000000000000, 0.000000000000000000 ) ) ;
#3384 = EDGE_CURVE ( 'NONE', #2104, #819, #855, .T. ) ;
#3385 = CARTESIAN_POINT ( 'NONE',  ( 31.37403641223507478, 1.961822420612877037E-15, -12.17581237791301874 ) ) ;
#3386 = CARTESIAN_POINT ( 'NONE',  ( -36.43100851609194279, 0.1568857463922594120, -12.95770837007654031 ) ) ;
#3387 = ORIENTED_EDGE ( 'NONE', *, *, #2401, .F. ) ;
#3388 = CARTESIAN_POINT ( 'NONE',  ( 40.46198944780596207, -2.769474244134058960, 10.72383688450591777 ) ) ;
#3389 = EDGE_CURVE ( 'NONE', #2259, #252, #2369, .T. ) ;
#3390 = EDGE_LOOP ( 'NONE', ( #1780, #1942, #2067, #3082 ) ) ;
#3391 = VECTOR ( 'NONE', #3466, 1000.000000000000000 ) ;
#3392 = DIRECTION ( 'NONE',  ( 0.000000000000000000, 0.000000000000000000, 1.000000000000000000 ) ) ;
#3393 = CONICAL_SURFACE ( 'NONE', #207, 2.750000000000002665, 1.029744258676656088 ) ;
#3394 = CIRCLE ( 'NONE', #1539, 6.120000000000000107 ) ;
#3395 = ORIENTED_EDGE ( 'NONE', *, *, #785, .T. ) ;
#3396 = DIRECTION ( 'NONE',  ( -0.8571428571428569843, -1.289110293005105373E-15, -0.5150787536377132714 ) ) ;
#3397 = DIRECTION ( 'NONE',  ( -0.000000000000000000, 1.000000000000000000, -0.000000000000000000 ) ) ;
#3398 = CARTESIAN_POINT ( 'NONE',  ( -120.0000000000000000, -15.00000000000000000, 2.750000000000002665 ) ) ;
#3399 = CARTESIAN_POINT ( 'NONE',  ( 120.0000000000000000, -15.00000000000000000, 9.000000000000063949 ) ) ;
#3400 = EDGE_CURVE ( 'NONE', #2466, #2295, #3509, .T. ) ;
#3401 = FACE_OUTER_BOUND ( 'NONE', #3712, .T. ) ;
#3402 = CYLINDRICAL_SURFACE ( 'NONE', #4244, 15.00000000000001599 ) ;
#3403 = EDGE_CURVE ( 'NONE', #4592, #4505, #2625, .T. ) ;
#3404 = DIRECTION ( 'NONE',  ( -0.000000000000000000, -1.000000000000000000, -0.000000000000000000 ) ) ;
#3405 = ORIENTED_EDGE ( 'NONE', *, *, #3020, .F. ) ;
#3406 = CARTESIAN_POINT ( 'NONE',  ( 42.24192084656279889, 0.07647072468950592838, -12.67823394722789487 ) ) ;
#3407 = CARTESIAN_POINT ( 'NONE',  ( -38.50215247301311194, -2.657015898887111760, -10.99964075997784896 ) ) ;
#3408 = CARTESIAN_POINT ( 'NONE',  ( 150.0000000000000000, 3.000000000000002665, 11.99999999999997868 ) ) ;
#3409 = EDGE_CURVE ( 'NONE', #4069, #4709, #4315, .T. ) ;
#3410 = ORIENTED_EDGE ( 'NONE', *, *, #3110, .T. ) ;
#3411 = AXIS2_PLACEMENT_3D ( 'NONE', #2474, #1727, #3955 ) ;
#3412 = CARTESIAN_POINT ( 'NONE',  ( 40.51229772782078697, 0.1343023901166040535, 12.88819465762492200 ) ) ;
#3413 = VECTOR ( 'NONE', #3700, 1000.000000000000000 ) ;
#3414 = VERTEX_POINT ( 'NONE', #159 ) ;
#3415 = DIRECTION ( 'NONE',  ( 0.000000000000000000, 0.000000000000000000, 1.000000000000000000 ) ) ;
#3416 = AXIS2_PLACEMENT_3D ( 'NONE', #3196, #2031, #186 ) ;
#3417 = ADVANCED_FACE ( 'NONE', ( #1221 ), #506, .F. ) ;
#3418 = VERTEX_POINT ( 'NONE', #1960 ) ;
#3419 = CARTESIAN_POINT ( 'NONE',  ( -30.78889744907200665, -2.999999999999997335, -11.99999999999999645 ) ) ;
#3420 = CARTESIAN_POINT ( 'NONE',  ( -38.00000000000175504, -2.656854249492375697, -11.00000000000000000 ) ) ;
#3421 = DIRECTION ( 'NONE',  ( 0.000000000000000000, 0.000000000000000000, -1.000000000000000000 ) ) ;
#3422 = AXIS2_PLACEMENT_3D ( 'NONE', #787, #2261, #2279 ) ;
#3423 = CARTESIAN_POINT ( 'NONE',  ( -1.804112415015879773E-15, 32.00000000000000000, -12.00000000000000178 ) ) ;
#3424 = CIRCLE ( 'NONE', #3349, 3.000000000000000888 ) ;
#3425 = CIRCLE ( 'NONE', #2574, 15.00000000000000000 ) ;
#3426 = CYLINDRICAL_SURFACE ( 'NONE', #2643, 5.499999999999994671 ) ;
#3427 = ORIENTED_EDGE ( 'NONE', *, *, #1548, .T. ) ;
#3428 = CIRCLE ( 'NONE', #327, 15.00000000000001421 ) ;
#3429 = CARTESIAN_POINT ( 'NONE',  ( -37.99999999999999289, -11.00000000000000000, 0.000000000000000000 ) ) ;
#3430 = ORIENTED_EDGE ( 'NONE', *, *, #4276, .T. ) ;
#3431 = AXIS2_PLACEMENT_3D ( 'NONE', #3335, #7, #36 ) ;
#3432 = CARTESIAN_POINT ( 'NONE',  ( -120.0000000000000000, -11.41999999999999993, 0.000000000000000000 ) ) ;
#3433 = CARTESIAN_POINT ( 'NONE',  ( -40.46198944780601892, -2.769474244134125573, -10.72383688450591421 ) ) ;
#3434 = CARTESIAN_POINT ( 'NONE',  ( 44.09636092201301238, 0.01333660880619009191, -12.30943927971737750 ) ) ;
#3435 = ORIENTED_EDGE ( 'NONE', *, *, #679, .T. ) ;
#3436 = CARTESIAN_POINT ( 'NONE',  ( 40.09706189238185914, -0.5123529346369483095, 10.80206725238669563 ) ) ;
#3437 = ORIENTED_EDGE ( 'NONE', *, *, #4664, .F. ) ;
#3438 = CARTESIAN_POINT ( 'NONE',  ( -37.99999999999999289, -15.00000000000000000, -11.00000000000000000 ) ) ;
#3439 = EDGE_CURVE ( 'NONE', #275, #2150, #2003, .T. ) ;
#3440 = EDGE_LOOP ( 'NONE', ( #1197, #3945, #3915, #4162 ) ) ;
#3441 = CARTESIAN_POINT ( 'NONE',  ( 120.0000000000000000, 0.000000000000000000, 0.000000000000000000 ) ) ;
#3442 = CARTESIAN_POINT ( 'NONE',  ( -72.00000000000001421, 32.00000000000000000, 12.00000000000001066 ) ) ;
#3443 = CARTESIAN_POINT ( 'NONE',  ( -120.0000000000000000, -15.00000000000000000, 8.999999999999980460 ) ) ;
#3444 = FACE_OUTER_BOUND ( 'NONE', #308, .T. ) ;
#3445 = CIRCLE ( 'NONE', #576, 2.750000000000002665 ) ;
#3446 = CARTESIAN_POINT ( 'NONE',  ( -120.0000000000000000, -2.999999999999999112, 0.000000000000000000 ) ) ;
#3447 = EDGE_LOOP ( 'NONE', ( #1281, #686, #4489, #2047 ) ) ;
#3448 = CARTESIAN_POINT ( 'NONE',  ( 117.2949484872009407, -2.790587238328052333, -10.66509412981983829 ) ) ;
#3449 = ADVANCED_FACE ( 'NONE', ( #2786 ), #2739, .F. ) ;
#3450 = CARTESIAN_POINT ( 'NONE',  ( 120.2468367522588863, -2.656854249492364151, -11.00000000000004974 ) ) ;
#3451 = ORIENTED_EDGE ( 'NONE', *, *, #1240, .F. ) ;
#3452 = CARTESIAN_POINT ( 'NONE',  ( -90.00000000000002842, 35.00000000000000000, 27.00000000000002132 ) ) ;
#3453 = CARTESIAN_POINT ( 'NONE',  ( -39.97394821469701043, -2.731395220154174019, -10.82430589055447001 ) ) ;
#3454 = AXIS2_PLACEMENT_3D ( 'NONE', #432, #1531, #1154 ) ;
#3455 = CARTESIAN_POINT ( 'NONE',  ( 120.0000000000000000, -11.41999999999999993, 0.000000000000000000 ) ) ;
#3456 = EDGE_CURVE ( 'NONE', #545, #3007, #1581, .T. ) ;
#3457 = CARTESIAN_POINT ( 'NONE',  ( 37.99999999999999289, 0.000000000000000000, 0.000000000000000000 ) ) ;
#3458 = ORIENTED_EDGE ( 'NONE', *, *, #2424, .T. ) ;
#3459 = DIRECTION ( 'NONE',  ( 0.000000000000000000, 0.000000000000000000, -1.000000000000000000 ) ) ;
#3460 = EDGE_CURVE ( 'NONE', #107, #2600, #528, .T. ) ;
#3461 = EDGE_LOOP ( 'NONE', ( #2780, #1151, #3255, #1579 ) ) ;
#3462 = LINE ( 'NONE', #4264, #1712 ) ;
#3463 = CARTESIAN_POINT ( 'NONE',  ( -32.33413370998514580, -2.999999999999999112, -9.428571428571425272 ) ) ;
#3464 = AXIS2_PLACEMENT_3D ( 'NONE', #2915, #4644, #2418 ) ;
#3465 = DIRECTION ( 'NONE',  ( 0.000000000000000000, 0.000000000000000000, -1.000000000000000000 ) ) ;
#3466 = DIRECTION ( 'NONE',  ( -1.000000000000000000, -0.000000000000000000, 1.387778780781445676E-16 ) ) ;
#3467 = ADVANCED_FACE ( 'NONE', ( #3831 ), #756, .F. ) ;
#3468 = LINE ( 'NONE', #2856, #3871 ) ;
#3469 = ORIENTED_EDGE ( 'NONE', *, *, #3384, .T. ) ;
#3470 = CYLINDRICAL_SURFACE ( 'NONE', #484, 10.99999999999999289 ) ;
#3471 = CARTESIAN_POINT ( 'NONE',  ( -75.00000000000001421, 35.00000000000000000, 27.00000000000002487 ) ) ;
#3472 = AXIS2_PLACEMENT_3D ( 'NONE', #4158, #3109, #1612 ) ;
#3473 = ORIENTED_EDGE ( 'NONE', *, *, #1080, .F. ) ;
#3474 = EDGE_CURVE ( 'NONE', #3715, #4715, #2684, .T. ) ;
#3475 = LINE ( 'NONE', #2724, #3627 ) ;
#3476 = CARTESIAN_POINT ( 'NONE',  ( 1.665334536937734811E-15, 32.00000000000000000, 12.00000000000000000 ) ) ;
#3477 = CARTESIAN_POINT ( 'NONE',  ( 37.99999999999999289, -2.999999999999999112, 0.000000000000000000 ) ) ;
#3478 = VERTEX_POINT ( 'NONE', #3217 ) ;
#3479 = CARTESIAN_POINT ( 'NONE',  ( 32.33413370998516001, -2.999999999999997335, 9.428571428571425272 ) ) ;
#3480 = ORIENTED_EDGE ( 'NONE', *, *, #1387, .T. ) ;
#3481 = DIRECTION ( 'NONE',  ( 0.000000000000000000, 0.000000000000000000, 1.000000000000000000 ) ) ;
#3482 = VERTEX_POINT ( 'NONE', #2886 ) ;
#3483 = CIRCLE ( 'NONE', #544, 2.749999999999995559 ) ;
#3484 = CARTESIAN_POINT ( 'NONE',  ( -122.6055178592552863, -0.4943164166439404372, -10.69115549662399367 ) ) ;
#3485 = CYLINDRICAL_SURFACE ( 'NONE', #684, 15.00000000000001599 ) ;
#3486 = DIRECTION ( 'NONE',  ( 0.000000000000000000, 1.000000000000000000, 0.000000000000000000 ) ) ;
#3487 = AXIS2_PLACEMENT_3D ( 'NONE', #1348, #4560, #2718 ) ;
#3488 = LINE ( 'NONE', #4290, #3617 ) ;
#3489 = CARTESIAN_POINT ( 'NONE',  ( -120.0000000000000000, -15.00000000000000000, 10.99999999999999289 ) ) ;
#3490 = ORIENTED_EDGE ( 'NONE', *, *, #523, .F. ) ;
#3491 = CIRCLE ( 'NONE', #3422, 8.999999999999980460 ) ;
#3492 = CARTESIAN_POINT ( 'NONE',  ( 117.1432140937323112, -0.4825024581512175614, -10.62668746299341649 ) ) ;
#3493 = CARTESIAN_POINT ( 'NONE',  ( 98.00000000000000000, 3.000000000000002665, 17.99999999999998579 ) ) ;
#3494 = DIRECTION ( 'NONE',  ( 0.000000000000000000, 0.000000000000000000, -1.000000000000000000 ) ) ;
#3495 = EDGE_CURVE ( 'NONE', #2826, #146, #3536, .T. ) ;
#3496 = ORIENTED_EDGE ( 'NONE', *, *, #3331, .F. ) ;
#3497 = LINE ( 'NONE', #2682, #925 ) ;
#3498 = AXIS2_PLACEMENT_3D ( 'NONE', #3065, #3404, #3019 ) ;
#3499 = CARTESIAN_POINT ( 'NONE',  ( -36.02605178530286878, -2.731395220154107406, 10.82430589055444692 ) ) ;
#3500 = VERTEX_POINT ( 'NONE', #1431 ) ;
#3501 = CARTESIAN_POINT ( 'NONE',  ( 122.0970618923851561, -0.5123529346366771930, 10.80206725238643450 ) ) ;
#3502 = AXIS2_PLACEMENT_3D ( 'NONE', #4425, #634, #2578 ) ;
#3503 = ORIENTED_EDGE ( 'NONE', *, *, #212, .F. ) ;
#3504 = CARTESIAN_POINT ( 'NONE',  ( 33.06880440531227805, 0.04985358730823252066, 12.55905905216820528 ) ) ;
#3505 = VERTEX_POINT ( 'NONE', #1052 ) ;
#3506 = ORIENTED_EDGE ( 'NONE', *, *, #1578, .T. ) ;
#3507 = CARTESIAN_POINT ( 'NONE',  ( -124.0563663161079830, -0.3879348319893581309, -10.23668291508369421 ) ) ;
#3508 = LINE ( 'NONE', #1580, #1298 ) ;
#3509 = LINE ( 'NONE', #1934, #980 ) ;
#3510 = CC_DESIGN_APPROVAL ( #1239, ( #813 ) ) ;
#3511 = CARTESIAN_POINT ( 'NONE',  ( -120.9901268508574219, -2.675442446451008038, 10.95816632450416606 ) ) ;
#3512 = B_SPLINE_CURVE_WITH_KNOTS ( 'NONE', 3,
 ( #3310, #750, #3647, #2614, #325, #2245, #1806, #3002, #1444, #375 ),
 .UNSPECIFIED., .F., .F.,
 ( 4, 2, 2, 2, 4 ),
 ( 0.000000000000000000, 0.001485981294992213316, 0.002971962589984426632, 0.004457943884976639515, 0.005943925179968853265 ),
 .UNSPECIFIED. ) ;
#3513 = EDGE_CURVE ( 'NONE', #896, #2636, #1150, .T. ) ;
#3514 = ORIENTED_EDGE ( 'NONE', *, *, #1057, .T. ) ;
#3515 = DIRECTION ( 'NONE',  ( 8.659560562354909439E-17, 0.7071067811865493491, -0.7071067811865456854 ) ) ;
#3516 = LINE ( 'NONE', #3175, #2098 ) ;
#3517 = CIRCLE ( 'NONE', #1433, 18.00000000000000000 ) ;
#3518 = PERSON_AND_ORGANIZATION_ROLE ( 'design_owner' ) ;
#3519 = EDGE_CURVE ( 'NONE', #284, #142, #3584, .T. ) ;
#3520 = ORIENTED_EDGE ( 'NONE', *, *, #590, .T. ) ;
#3521 = CARTESIAN_POINT ( 'NONE',  ( -114.3341337099851813, -2.999999999999999112, 9.428571428571439483 ) ) ;
#3522 = CARTESIAN_POINT ( 'NONE',  ( -35.29494848719988909, -2.790587238327984387, 10.66509412981954519 ) ) ;
#3523 = VERTEX_POINT ( 'NONE', #3633 ) ;
#3524 = CARTESIAN_POINT ( 'NONE',  ( -37.99999999999999289, -11.00000000000000000, 0.000000000000000000 ) ) ;
#3525 = ORIENTED_EDGE ( 'NONE', *, *, #4316, .F. ) ;
#3526 = CONICAL_SURFACE ( 'NONE', #1442, 2.750000000000002665, 1.029744258676656088 ) ;
#3527 = CARTESIAN_POINT ( 'NONE',  ( -118.9347889194816759, -0.5324910077280193832, 10.96082380305169757 ) ) ;
#3528 = EDGE_LOOP ( 'NONE', ( #2461, #3623, #3889, #695 ) ) ;
#3529 = FACE_OUTER_BOUND ( 'NONE', #1373, .T. ) ;
#3530 = CONICAL_SURFACE ( 'NONE', #1675, 8.999999999999980460, 0.7853981633974457255 ) ;
#3531 = VERTEX_POINT ( 'NONE', #1744 ) ;
#3532 = EDGE_CURVE ( 'NONE', #1775, #1854, #4540, .T. ) ;
#3533 = DIRECTION ( 'NONE',  ( 0.000000000000000000, 0.000000000000000000, -1.000000000000000000 ) ) ;
#3534 = CARTESIAN_POINT ( 'NONE',  ( 124.2471760917151329, 0.07627636560253024667, 12.67742693743805482 ) ) ;
#3535 = ORIENTED_EDGE ( 'NONE', *, *, #876, .F. ) ;
#3536 = LINE ( 'NONE', #629, #2217 ) ;
#3537 = CARTESIAN_POINT ( 'NONE',  ( 125.6658662900148613, -2.999999999999999112, 9.428571428571419943 ) ) ;
#3538 = CARTESIAN_POINT ( 'NONE',  ( -150.0000000000000000, 32.00000000000000000, -11.99999999999997868 ) ) ;
#3539 = CARTESIAN_POINT ( 'NONE',  ( 114.3341337099851529, 2.602085213965210642E-15, -9.428571428571446589 ) ) ;
#3540 = CIRCLE ( 'NONE', #841, 6.120000000000000107 ) ;
#3541 = DIRECTION ( 'NONE',  ( 0.000000000000000000, 0.000000000000000000, 1.000000000000000000 ) ) ;
#3542 = VECTOR ( 'NONE', #2784, 1000.000000000000000 ) ;
#3543 = EDGE_CURVE ( 'NONE', #2636, #3478, #2813, .T. ) ;
#3544 = AXIS2_PLACEMENT_3D ( 'NONE', #2239, #488, #2264 ) ;
#3545 = EDGE_CURVE ( 'NONE', #2897, #3112, #4582, .T. ) ;
#3546 = TOROIDAL_SURFACE ( 'NONE', #294, 14.00000000000000533, 3.000000000000000000 ) ;
#3547 = DIRECTION ( 'NONE',  ( 0.000000000000000000, 0.000000000000000000, -1.000000000000000000 ) ) ;
#3548 = EDGE_LOOP ( 'NONE', ( #203, #2100, #1968, #2061 ) ) ;
#3549 = CARTESIAN_POINT ( 'NONE',  ( 126.1021747131613466, 0.01321386987343653972, 12.30789356747091823 ) ) ;
#3550 = EDGE_LOOP ( 'NONE', ( #458, #249, #2521, #2660, #1126 ) ) ;
#3551 = CARTESIAN_POINT ( 'NONE',  ( 34.11575861252958930, -2.901150131221790218, -10.30324543672239201 ) ) ;
#3552 = CARTESIAN_POINT ( 'NONE',  ( 33.08619242484338940, -0.2416334642022438806, 9.854213596354819416 ) ) ;
#3553 = DIRECTION ( 'NONE',  ( 6.608470384673549052E-16, 0.000000000000000000, 1.000000000000000000 ) ) ;
#3554 = ADVANCED_FACE ( 'NONE', ( #309 ), #595, .T. ) ;
#3555 = ORIENTED_EDGE ( 'NONE', *, *, #3314, .F. ) ;
#3556 = DIRECTION ( 'NONE',  ( 0.000000000000000000, 0.000000000000000000, -1.000000000000000000 ) ) ;
#3557 = CARTESIAN_POINT ( 'NONE',  ( 30.78889744907203863, 0.000000000000000000, -12.00000000000000533 ) ) ;
#3558 = VERTEX_POINT ( 'NONE', #263 ) ;
#3559 = CARTESIAN_POINT ( 'NONE',  ( 127.2111025509280182, -2.999999999999999112, 11.99999999999998757 ) ) ;
#3560 = VECTOR ( 'NONE', #531, 1000.000000000000000 ) ;
#3561 = DIRECTION ( 'NONE',  ( 2.891205793294675861E-16, 0.000000000000000000, -1.000000000000000000 ) ) ;
#3563 = ORIENTED_EDGE ( 'NONE', *, *, #2610, .F. ) ;
#3562 = CIRCLE ( 'NONE', #2478, 3.000000000000002665 ) ;
#3564 = CARTESIAN_POINT ( 'NONE',  ( 124.0438582094228224, -0.3896520326613155949, -10.24183511159633753 ) ) ;
#3565 = CARTESIAN_POINT ( 'NONE',  ( 113.9642319062398172, 0.01488109377037386515, -12.32428037631674300 ) ) ;
#3566 = DIRECTION ( 'NONE',  ( -0.000000000000000000, 1.000000000000000000, -0.000000000000000000 ) ) ;
#3567 = DIRECTION ( 'NONE',  ( 1.000000000000000000, 0.000000000000000000, 0.000000000000000000 ) ) ;
#3568 = DIRECTION ( 'NONE',  ( -0.000000000000000000, 1.000000000000000000, -0.000000000000000000 ) ) ;
#3569 = CARTESIAN_POINT ( 'NONE',  ( -34.57790158616074194, -2.855540945636701355, 10.46591555408568830 ) ) ;
#3570 = ORIENTED_EDGE ( 'NONE', *, *, #382, .F. ) ;
#3571 = CARTESIAN_POINT ( 'NONE',  ( 125.3166869652914670, -0.1377013678101877414, 9.638402091624795887 ) ) ;
#3572 = CIRCLE ( 'NONE', #2573, 2.999999999999999112 ) ;
#3573 = B_SPLINE_CURVE_WITH_KNOTS ( 'NONE', 3,
 ( #290, #1773, #4728, #2550, #2158, #3638, #317, #1796, #3278, #4180, #3067, #1992 ),
 .UNSPECIFIED., .F., .F.,
 ( 4, 2, 2, 2, 2, 4 ),
 ( 0.005943925179968853265, 0.006684808149227650619, 0.007425691118486448840, 0.008907457057004044415, 0.01038922299552164086, 0.01187098893403923730 ),
 .UNSPECIFIED. ) ;
#3574 = CIRCLE ( 'NONE', #4198, 10.74000000000000377 ) ;
#3575 = EDGE_LOOP ( 'NONE', ( #3139, #1166, #409, #3115 ) ) ;
#3576 = LINE ( 'NONE', #3209, #550 ) ;
#3577 = CARTESIAN_POINT ( 'NONE',  ( -120.2391781633123884, -2.656775355114980641, 11.00017533018790949 ) ) ;
#3578 = AXIS2_PLACEMENT_3D ( 'NONE', #2204, #2569, #1457 ) ;
#3579 = ORIENTED_EDGE ( 'NONE', *, *, #4646, .T. ) ;
#3580 = CYLINDRICAL_SURFACE ( 'NONE', #2716, 10.74000000000000377 ) ;
#3581 = CARTESIAN_POINT ( 'NONE',  ( -116.8721066763248473, 0.1158849091892409089, -12.83026657881121935 ) ) ;
#3582 = DIRECTION ( 'NONE',  ( 0.000000000000000000, 0.000000000000000000, -1.000000000000000000 ) ) ;
#3583 = ORIENTED_EDGE ( 'NONE', *, *, #2434, .F. ) ;
#3584 = LINE ( 'NONE', #2151, #2613 ) ;
#3585 = ADVANCED_FACE ( 'NONE', ( #1378 ), #3218, .F. ) ;
#3586 = DIRECTION ( 'NONE',  ( 0.000000000000000000, 0.000000000000000000, -1.000000000000000000 ) ) ;
#3587 = VERTEX_POINT ( 'NONE', #2071 ) ;
#3588 = LINE ( 'NONE', #3637, #1044 ) ;
#3589 = LINE ( 'NONE', #4756, #3663 ) ;
#3590 = PERSON_AND_ORGANIZATION ( #4433, #3123 ) ;
#3591 = LINE ( 'NONE', #2553, #4639 ) ;
#3592 = CARTESIAN_POINT ( 'NONE',  ( -104.0246805101800760, -2.886210591712619511, 0.6718329179521953520 ) ) ;
#3593 = EDGE_CURVE ( 'NONE', #2686, #3737, #1598, .T. ) ;
#3594 = CARTESIAN_POINT ( 'NONE',  ( -32.33413370998516001, 2.602085213965210642E-15, 9.428571428571430602 ) ) ;
#3595 = ORIENTED_EDGE ( 'NONE', *, *, #465, .F. ) ;
#3596 = LINE ( 'NONE', #2480, #4584 ) ;
#3597 = ORIENTED_EDGE ( 'NONE', *, *, #562, .F. ) ;
#3598 = CARTESIAN_POINT ( 'NONE',  ( 118.7603850803347427, -2.686563675237852333, 10.93276237596962197 ) ) ;
#3599 = CARTESIAN_POINT ( 'NONE',  ( -90.00000000000002842, 28.15000000000000213, 27.00000000000002132 ) ) ;
#3600 = DIRECTION ( 'NONE',  ( -0.5150787536377098297, 0.000000000000000000, -0.8571428571428588716 ) ) ;
#3601 = ADVANCED_FACE ( 'NONE', ( #2516 ), #3841, .F. ) ;
#3602 = ORIENTED_EDGE ( 'NONE', *, *, #812, .T. ) ;
#3603 = DIRECTION ( 'NONE',  ( 6.608470384673549052E-16, 0.000000000000000000, -1.000000000000000000 ) ) ;
#3604 = CARTESIAN_POINT ( 'NONE',  ( -115.9561417905814125, -0.3896520326619803409, -10.24183511159736604 ) ) ;
#3605 = LINE ( 'NONE', #3239, #79 ) ;
#3606 = ADVANCED_FACE ( 'NONE', ( #4671 ), #2836, .F. ) ;
#3607 = ORIENTED_EDGE ( 'NONE', *, *, #2073, .F. ) ;
#3608 = CARTESIAN_POINT ( 'NONE',  ( -37.99999999999999289, -2.999999999999999112, 0.000000000000000000 ) ) ;
#3609 = AXIS2_PLACEMENT_3D ( 'NONE', #4490, #4468, #2962 ) ;
#3610 = CYLINDRICAL_SURFACE ( 'NONE', #1168, 6.120000000000000107 ) ;
#3611 = LINE ( 'NONE', #1383, #1524 ) ;
#3612 = CARTESIAN_POINT ( 'NONE',  ( 121.2512611510407652, 0.1624176347298784961, -12.97378213628979005 ) ) ;
#3613 = CARTESIAN_POINT ( 'NONE',  ( 61.99999999999997158, 3.000000000000002665, 14.99999999999999112 ) ) ;
#3614 = EDGE_CURVE ( 'NONE', #2859, #2379, #3708, .T. ) ;
#3615 = CARTESIAN_POINT ( 'NONE',  ( -39.96931696703361325, -2.728019188059066735, -10.83360520985085529 ) ) ;
#3616 = CARTESIAN_POINT ( 'NONE',  ( -103.9208846261241774, -2.924108259964250944, 0.4061587806282720425 ) ) ;
#3617 = VECTOR ( 'NONE', #2419, 1000.000000000000000 ) ;
#3618 = ORIENTED_EDGE ( 'NONE', *, *, #3031, .F. ) ;
#3619 = CARTESIAN_POINT ( 'NONE',  ( -107.4780193260011885, 4.336808689942017736E-16, 6.260990336999438632 ) ) ;
#3620 = ADVANCED_FACE ( 'NONE', ( #1456 ), #3760, .T. ) ;
#3621 = ORIENTED_EDGE ( 'NONE', *, *, #2387, .T. ) ;
#3622 = CARTESIAN_POINT ( 'NONE',  ( 115.2100021326330079, -2.973326781003219565, 9.914833153859667902 ) ) ;
#3623 = ORIENTED_EDGE ( 'NONE', *, *, #2552, .F. ) ;
#3624 = CARTESIAN_POINT ( 'NONE',  ( 115.2093620616159058, -2.973359542481131879, 9.914486006099691551 ) ) ;
#3625 = DIRECTION ( 'NONE',  ( -0.000000000000000000, 1.000000000000000000, -0.000000000000000000 ) ) ;
#3626 = CARTESIAN_POINT ( 'NONE',  ( -119.9999999999982379, -2.656854249492386799, 10.99999999999999289 ) ) ;
#3627 = VECTOR ( 'NONE', #934, 1000.000000000000000 ) ;
#3628 = ORIENTED_EDGE ( 'NONE', *, *, #2986, .T. ) ;
#3629 = DIRECTION ( 'NONE',  ( -0.8571428571428584275, -1.787038411824423302E-15, -0.5150787536377106068 ) ) ;
#3630 = CARTESIAN_POINT ( 'NONE',  ( -37.99999999999999289, -2.999999999999999112, 0.000000000000000000 ) ) ;
#3631 = DIRECTION ( 'NONE',  ( -0.000000000000000000, 1.000000000000000000, -0.000000000000000000 ) ) ;
#3632 = ORIENTED_EDGE ( 'NONE', *, *, #199, .T. ) ;
#3633 = CARTESIAN_POINT ( 'NONE',  ( 61.99999999999997158, 0.000000000000000000, 6.000000000000015987 ) ) ;
#3634 = CARTESIAN_POINT ( 'NONE',  ( 35.39448214074363364, -0.4943164166437967744, -10.69115549662399722 ) ) ;
#3635 = FACE_OUTER_BOUND ( 'NONE', #1645, .T. ) ;
#3636 = FACE_BOUND ( 'NONE', #1273, .T. ) ;
#3637 = CARTESIAN_POINT ( 'NONE',  ( 1.665334536937734811E-15, 35.00000000000000000, 12.00000000000000000 ) ) ;
#3638 = CARTESIAN_POINT ( 'NONE',  ( 36.02060882245685747, -2.728715950832919290, 10.83188643958926001 ) ) ;
#3639 = AXIS2_PLACEMENT_3D ( 'NONE', #3599, #3680, #1121 ) ;
#3640 = CARTESIAN_POINT ( 'NONE',  ( -32.33413370998514580, -2.999999999999999112, -9.428571428571425272 ) ) ;
#3641 = CARTESIAN_POINT ( 'NONE',  ( -104.8682461438133657, -2.692007188693230191, 3.995448866861674109 ) ) ;
#3642 = AXIS2_PLACEMENT_3D ( 'NONE', #3193, #3631, #2833 ) ;
#3643 = ADVANCED_FACE ( 'NONE', ( #3369 ), #3001, .T. ) ;
#3644 = CARTESIAN_POINT ( 'NONE',  ( -107.6457090924500619, 2.834849829303130583E-10, 6.596369866700886320 ) ) ;
#3645 = AXIS2_PLACEMENT_3D ( 'NONE', #3455, #2380, #4185 ) ;
#3646 = VERTEX_POINT ( 'NONE', #1076 ) ;
#3647 = CARTESIAN_POINT ( 'NONE',  ( 42.79245568936671873, -2.973440724493547460, 9.913453795269100866 ) ) ;
#3648 = ORIENTED_EDGE ( 'NONE', *, *, #4564, .F. ) ;
#3649 = CYLINDRICAL_SURFACE ( 'NONE', #4271, 15.00000000000000000 ) ;
#3650 = CARTESIAN_POINT ( 'NONE',  ( -125.6658662900148045, -2.999999999999996891, 9.428571428571439483 ) ) ;
#3651 = VECTOR ( 'NONE', #306, 1000.000000000000000 ) ;
#3652 = CARTESIAN_POINT ( 'NONE',  ( -116.9597480806781675, 0.1188004734802610707, 12.84009311048450641 ) ) ;
#3653 = CIRCLE ( 'NONE', #4512, 6.120000000000000107 ) ;
#3654 = ORIENTED_EDGE ( 'NONE', *, *, #3764, .F. ) ;
#3655 = CARTESIAN_POINT ( 'NONE',  ( 37.99999999999999289, -11.41999999999999993, 0.000000000000000000 ) ) ;
#3656 = LINE ( 'NONE', #1813, #12 ) ;
#3657 = EDGE_CURVE ( 'NONE', #414, #1762, #2568, .T. ) ;
#3658 = VECTOR ( 'NONE', #3515, 1000.000000000000114 ) ;
#3659 = ORIENTED_EDGE ( 'NONE', *, *, #590, .F. ) ;
#3660 = CARTESIAN_POINT ( 'NONE',  ( -107.2721825791014112, 35.00000000000000000, 12.72784468858364804 ) ) ;
#3661 = CARTESIAN_POINT ( 'NONE',  ( 126.6263296326153807, 9.529120656610874963E-19, -12.17570239512324193 ) ) ;
#3662 = CARTESIAN_POINT ( 'NONE',  ( 37.36089685253105586, 0.1714920505551606467, -12.99977139276380456 ) ) ;
#3663 = VECTOR ( 'NONE', #4369, 1000.000000000000000 ) ;
#3664 = CARTESIAN_POINT ( 'NONE',  ( -74.31416188472013573, 35.00000000000000000, 14.74509158747472171 ) ) ;
#3665 = DIRECTION ( 'NONE',  ( -6.938893903907233111E-15, 0.000000000000000000, -1.000000000000000000 ) ) ;
#3666 = DIRECTION ( 'NONE',  ( 0.000000000000000000, 0.000000000000000000, 1.000000000000000000 ) ) ;
#3667 = DIRECTION ( 'NONE',  ( -1.000000000000000000, -0.000000000000000000, -0.000000000000000000 ) ) ;
#3668 = PERSON_AND_ORGANIZATION ( #4433, #3123 ) ;
#3669 = ADVANCED_FACE ( 'NONE', ( #2624 ), #3227, .F. ) ;
#3670 = APPROVAL_PERSON_ORGANIZATION ( #1488, #1239, #4060 ) ;
#3671 = CARTESIAN_POINT ( 'NONE',  ( -113.3736703673846051, 8.004461351553135739E-17, -12.17570239512320640 ) ) ;
#3672 = FACE_OUTER_BOUND ( 'NONE', #2366, .T. ) ;
#3673 = ADVANCED_BREP_SHAPE_REPRESENTATION ( 'CSWP_18_22', ( #2429, #2740 ), #1204 ) ;
#3674 = EDGE_CURVE ( 'NONE', #9, #3646, #2545, .T. ) ;
#3675 = CARTESIAN_POINT ( 'NONE',  ( 64.99999999999997158, 3.000000000000002665, 17.99999999999999289 ) ) ;
#3676 = EDGE_LOOP ( 'NONE', ( #973, #1939 ) ) ;
#3677 = DIRECTION ( 'NONE',  ( -0.000000000000000000, 1.000000000000000000, -0.000000000000000000 ) ) ;
#3678 = ORIENTED_EDGE ( 'NONE', *, *, #96, .T. ) ;
#3679 = DIRECTION ( 'NONE',  ( 0.000000000000000000, 1.000000000000000000, 0.000000000000000000 ) ) ;
#3680 = DIRECTION ( 'NONE',  ( -0.000000000000000000, 1.000000000000000000, -0.000000000000000000 ) ) ;
#3681 = CARTESIAN_POINT ( 'NONE',  ( -124.2419208465627776, 0.07647072468950477653, 12.67823394722789665 ) ) ;
#3682 = CIRCLE ( 'NONE', #4760, 10.74000000000000377 ) ;
#3683 = EDGE_CURVE ( 'NONE', #2466, #3500, #1228, .T. ) ;
#3684 = VERTEX_POINT ( 'NONE', #4126 ) ;
#3685 = CARTESIAN_POINT ( 'NONE',  ( 150.0000000000000000, 0.000000000000000000, -12.00000000000002487 ) ) ;
#3686 = CARTESIAN_POINT ( 'NONE',  ( -119.4795885766449288, -0.5347353838931699910, -10.99090798253907053 ) ) ;
#3687 = EDGE_LOOP ( 'NONE', ( #2383, #1866, #2274, #1954, #4291 ) ) ;
#3688 = CARTESIAN_POINT ( 'NONE',  ( 0.000000000000000000, 0.000000000000000000, 0.000000000000000000 ) ) ;
#3689 = CARTESIAN_POINT ( 'NONE',  ( 61.99999999999997158, 32.00000000000000000, 11.99999999999999112 ) ) ;
#3690 = CARTESIAN_POINT ( 'NONE',  ( 34.55720716555126160, 0.1047063810657016536, -12.78687808250985825 ) ) ;
#3691 = EDGE_CURVE ( 'NONE', #384, #47, #1990, .T. ) ;
#3692 = ORIENTED_EDGE ( 'NONE', *, *, #3409, .T. ) ;
#3693 = FACE_BOUND ( 'NONE', #3676, .T. ) ;
#3694 = CARTESIAN_POINT ( 'NONE',  ( -120.0000000000000000, -11.41999999999999993, 6.120000000000000107 ) ) ;
#3695 = DIRECTION ( 'NONE',  ( 0.000000000000000000, 0.000000000000000000, 1.000000000000000000 ) ) ;
#3696 = DIRECTION ( 'NONE',  ( -0.000000000000000000, -1.000000000000000000, -0.000000000000000000 ) ) ;
#3697 = APPROVAL_DATE_TIME ( #3305, #4314 ) ;
#3698 = AXIS2_PLACEMENT_3D ( 'NONE', #3740, #413, #3392 ) ;
#3699 = DIRECTION ( 'NONE',  ( -0.000000000000000000, -1.000000000000000000, -0.000000000000000000 ) ) ;
#3700 = DIRECTION ( 'NONE',  ( 1.000000000000000000, -0.000000000000000000, -1.503427012513232897E-16 ) ) ;
#3701 = EDGE_CURVE ( 'NONE', #4096, #783, #3925, .T. ) ;
#3702 = CARTESIAN_POINT ( 'NONE',  ( -41.40815867947351592, -2.854223916786621906, 10.47032075713525856 ) ) ;
#3703 = ORIENTED_EDGE ( 'NONE', *, *, #176, .F. ) ;
#3704 = CARTESIAN_POINT ( 'NONE',  ( 118.9507916744219500, -0.5309853086720489612, 10.95325125501011421 ) ) ;
#3705 = ADVANCED_FACE ( 'NONE', ( #2203 ), #3346, .T. ) ;
#3706 = ORIENTED_EDGE ( 'NONE', *, *, #2970, .T. ) ;
#3707 = CARTESIAN_POINT ( 'NONE',  ( 37.99999999999999289, 0.000000000000000000, 0.000000000000000000 ) ) ;
#3708 = CIRCLE ( 'NONE', #1750, 2.999999999999999112 ) ;
#3709 = CARTESIAN_POINT ( 'NONE',  ( -123.4081586794759460, -2.854223916787033577, 10.47032075713457822 ) ) ;
#3710 = CARTESIAN_POINT ( 'NONE',  ( -118.7813868682393235, 0.1643204756145764112, 12.98014730326100086 ) ) ;
#3711 = VERTEX_POINT ( 'NONE', #807 ) ;
#3712 = EDGE_LOOP ( 'NONE', ( #3395, #1738 ) ) ;
#3713 = CARTESIAN_POINT ( 'NONE',  ( -90.00000000000002842, -40.00000000000000711, 27.00000000000002132 ) ) ;
#3714 = DIRECTION ( 'NONE',  ( -0.000000000000000000, 1.000000000000000000, -0.000000000000000000 ) ) ;
#3715 = VERTEX_POINT ( 'NONE', #4445 ) ;
#3716 = DIRECTION ( 'NONE',  ( -0.5150787536377142706, 0.000000000000000000, 0.8571428571428562071 ) ) ;
#3717 = CIRCLE ( 'NONE', #1615, 2.750000000000002665 ) ;
#3718 = EDGE_CURVE ( 'NONE', #2812, #384, #4157, .T. ) ;
#3719 = CARTESIAN_POINT ( 'NONE',  ( 37.99999999999999289, -15.00000000000000000, 0.000000000000000000 ) ) ;
#3720 = ORIENTED_EDGE ( 'NONE', *, *, #4486, .T. ) ;
#3721 = DIRECTION ( 'NONE',  ( 0.000000000000000000, 0.000000000000000000, -1.000000000000000000 ) ) ;
#3722 = CARTESIAN_POINT ( 'NONE',  ( -120.0000000000000000, 0.000000000000000000, 0.000000000000000000 ) ) ;
#3723 = FACE_OUTER_BOUND ( 'NONE', #2665, .T. ) ;
#3724 = DIRECTION ( 'NONE',  ( -0.000000000000000000, -1.000000000000000000, -0.000000000000000000 ) ) ;
#3725 = PERSON_AND_ORGANIZATION ( #4433, #3123 ) ;
#3726 = CARTESIAN_POINT ( 'NONE',  ( 64.99999999999997158, -40.00000000000000000, 27.00000000000001066 ) ) ;
#3727 = CARTESIAN_POINT ( 'NONE',  ( 79.99999999999998579, 28.15000000000000213, 32.50000000000002842 ) ) ;
#3728 = CARTESIAN_POINT ( 'NONE',  ( -43.66586629001482578, -2.999999999999997780, 9.428571428571432378 ) ) ;
#3729 = EDGE_LOOP ( 'NONE', ( #324, #4456, #401, #65 ) ) ;
#3730 = AXIS2_PLACEMENT_3D ( 'NONE', #690, #1463, #4371 ) ;
#3731 = CARTESIAN_POINT ( 'NONE',  ( 120.6391031474732927, 0.1714920505551381369, 12.99977139276371219 ) ) ;
#3732 = ORIENTED_EDGE ( 'NONE', *, *, #4025, .F. ) ;
#3733 = CARTESIAN_POINT ( 'NONE',  ( -72.00000000000004263, -2.999999999999997335, 12.00000000000001066 ) ) ;
#3734 = DIRECTION ( 'NONE',  ( 1.000000000000000000, 0.000000000000000000, 0.000000000000000000 ) ) ;
#3735 = AXIS2_PLACEMENT_3D ( 'NONE', #3104, #4538, #4308 ) ;
#3736 = CARTESIAN_POINT ( 'NONE',  ( 61.99999999999997158, 3.000000000000002665, 17.99999999999999289 ) ) ;
#3737 = VERTEX_POINT ( 'NONE', #1480 ) ;
#3738 = DIRECTION ( 'NONE',  ( 0.000000000000000000, 0.000000000000000000, 1.000000000000000000 ) ) ;
#3739 = ORIENTED_EDGE ( 'NONE', *, *, #1102, .T. ) ;
#3740 = CARTESIAN_POINT ( 'NONE',  ( 61.99999999999997158, 32.00000000000000000, 17.99999999999999289 ) ) ;
#3741 = ORIENTED_EDGE ( 'NONE', *, *, #3513, .T. ) ;
#3742 = CONICAL_SURFACE ( 'NONE', #3498, 2.750000000000002665, 1.029744258676656088 ) ;
#3743 = DIRECTION ( 'NONE',  ( -0.000000000000000000, -1.000000000000000000, -0.000000000000000000 ) ) ;
#3744 = LINE ( 'NONE', #416, #2097 ) ;
#3745 = LINE ( 'NONE', #4084, #2258 ) ;
#3746 = EDGE_CURVE ( 'NONE', #4467, #3646, #2598, .T. ) ;
#3747 = DIRECTION ( 'NONE',  ( -0.000000000000000000, -1.000000000000000000, -0.000000000000000000 ) ) ;
#3748 = VECTOR ( 'NONE', #3230, 1000.000000000000000 ) ;
#3749 = DIRECTION ( 'NONE',  ( -0.000000000000000000, 1.000000000000000000, -0.000000000000000000 ) ) ;
#3750 = LINE ( 'NONE', #3379, #61 ) ;
#3751 = CARTESIAN_POINT ( 'NONE',  ( 122.4626487748244443, -2.768664227492994456, -10.73208223910489956 ) ) ;
#3752 = ORIENTED_EDGE ( 'NONE', *, *, #1181, .T. ) ;
#3753 = DIRECTION ( 'NONE',  ( 0.000000000000000000, -0.000000000000000000, -1.000000000000000000 ) ) ;
#3754 = EDGE_CURVE ( 'NONE', #826, #1097, #21, .T. ) ;
#3755 = DIRECTION ( 'NONE',  ( 1.000000000000000000, 0.000000000000000000, -1.387778780781445676E-16 ) ) ;
#3756 = CARTESIAN_POINT ( 'NONE',  ( -40.09706189238185914, -0.5123529346370873094, -10.80206725238697807 ) ) ;
#3757 = EDGE_LOOP ( 'NONE', ( #4002, #224, #208 ) ) ;
#3758 = CARTESIAN_POINT ( 'NONE',  ( 37.76082183668867742, -2.656775355114904258, 11.00017533018790949 ) ) ;
#3759 = ORIENTED_EDGE ( 'NONE', *, *, #1870, .F. ) ;
#3760 = CYLINDRICAL_SURFACE ( 'NONE', #4303, 2.999999999999999112 ) ;
#3761 = CIRCLE ( 'NONE', #1661, 13.99999999999999112 ) ;
#3762 = ADVANCED_FACE ( 'NONE', ( #4101 ), #3530, .T. ) ;
#3763 = EDGE_LOOP ( 'NONE', ( #4796, #3984, #1072, #3996 ) ) ;
#3764 = EDGE_CURVE ( 'NONE', #3212, #2752, #1449, .T. ) ;
#3765 = CARTESIAN_POINT ( 'NONE',  ( -37.99999999999999289, -11.00000000000000000, -2.750000000000002665 ) ) ;
#3766 = CARTESIAN_POINT ( 'NONE',  ( -90.00000000000002842, 28.15000000000000213, 27.00000000000002132 ) ) ;
#3767 = CARTESIAN_POINT ( 'NONE',  ( -108.0000000000000426, 35.00000000000000000, 12.00000000000001599 ) ) ;
#3768 = DIRECTION ( 'NONE',  ( -0.5150787536377122722, 0.000000000000000000, -0.8571428571428573173 ) ) ;
#3769 = AXIS2_PLACEMENT_3D ( 'NONE', #3538, #1699, #3172 ) ;
#3770 = CARTESIAN_POINT ( 'NONE',  ( -43.66586629001483288, -2.999999999999999112, -9.428571428571425272 ) ) ;
#3771 = CARTESIAN_POINT ( 'NONE',  ( 61.99999999999997158, 35.00000000000000000, 11.99999999999999112 ) ) ;
#3772 = EDGE_CURVE ( 'NONE', #3163, #1336, #4184, .T. ) ;
#3773 = CARTESIAN_POINT ( 'NONE',  ( 150.0000000000000000, 3.000000000000002665, -12.00000000000002487 ) ) ;
#3774 = ORIENTED_EDGE ( 'NONE', *, *, #4401, .T. ) ;
#3775 = AXIS2_PLACEMENT_3D ( 'NONE', #2346, #1929, #1690 ) ;
#3776 = FACE_BOUND ( 'NONE', #4374, .T. ) ;
#3777 = CARTESIAN_POINT ( 'NONE',  ( -42.05636631609944232, -0.3879348319900216002, -10.23668291508314709 ) ) ;
#3778 = VERTEX_POINT ( 'NONE', #1643 ) ;
#3779 = CARTESIAN_POINT ( 'NONE',  ( 42.79456584606992209, -2.973572258944567892, 9.912404177350147449 ) ) ;
#3780 = EDGE_LOOP ( 'NONE', ( #1921, #4362, #3024, #3894 ) ) ;
#3781 = AXIS2_PLACEMENT_3D ( 'NONE', #3810, #1536, #3015 ) ;
#3782 = PLANE ( 'NONE',  #3775 ) ;
#3783 = AXIS2_PLACEMENT_3D ( 'NONE', #2738, #4535, #924 ) ;
#3784 = AXIS2_PLACEMENT_3D ( 'NONE', #1223, #3788, #1914 ) ;
#3785 = ORIENTED_EDGE ( 'NONE', *, *, #3495, .F. ) ;
#3786 = DIRECTION ( 'NONE',  ( -0.000000000000000000, -1.000000000000000000, -0.000000000000000000 ) ) ;
#3787 = FACE_BOUND ( 'NONE', #2615, .T. ) ;
#3788 = DIRECTION ( 'NONE',  ( -0.000000000000000000, 1.000000000000000000, -0.000000000000000000 ) ) ;
#3789 = CARTESIAN_POINT ( 'NONE',  ( -35.25000000000000000, -11.41999999999999993, 0.000000000000000000 ) ) ;
#3790 = EDGE_LOOP ( 'NONE', ( #1733, #1667, #175, #3856 ) ) ;
#3791 = LINE ( 'NONE', #1163, #4737 ) ;
#3792 = ORIENTED_EDGE ( 'NONE', *, *, #1255, .T. ) ;
#3793 = LINE ( 'NONE', #539, #2854 ) ;
#3794 = DIRECTION ( 'NONE',  ( -1.387778780781446169E-16, 0.000000000000000000, -1.000000000000000000 ) ) ;
#3795 = AXIS2_PLACEMENT_3D ( 'NONE', #372, #4086, #770 ) ;
#3796 = EDGE_CURVE ( 'NONE', #3934, #2638, #4508, .T. ) ;
#3797 = DIRECTION ( 'NONE',  ( 0.000000000000000000, 0.000000000000000000, -1.000000000000000000 ) ) ;
#3798 = ORIENTED_EDGE ( 'NONE', *, *, #171, .T. ) ;
#3799 = VECTOR ( 'NONE', #4781, 1000.000000000000000 ) ;
#3800 = CARTESIAN_POINT ( 'NONE',  ( 39.97394821469706017, -2.731395220154244630, 10.82430589055445047 ) ) ;
#3801 = ORIENTED_EDGE ( 'NONE', *, *, #2087, .T. ) ;
#3802 = CARTESIAN_POINT ( 'NONE',  ( 98.00000000000000000, 3.000000000000002665, 14.99999999999998579 ) ) ;
#3803 = CONICAL_SURFACE ( 'NONE', #2327, 8.999999999999980460, 0.7853981633974456145 ) ;
#3804 = EDGE_LOOP ( 'NONE', ( #760, #3602, #3458 ) ) ;
#3805 = EDGE_CURVE ( 'NONE', #1174, #628, #2734, .T. ) ;
#3806 = CARTESIAN_POINT ( 'NONE',  ( 95.00000000000000000, 3.000000000000002665, 17.99999999999998579 ) ) ;
#3807 = CARTESIAN_POINT ( 'NONE',  ( -90.00000000000002842, 35.00000000000000000, 37.74000000000002331 ) ) ;
#3808 = DIRECTION ( 'NONE',  ( -0.000000000000000000, 1.000000000000000000, -0.000000000000000000 ) ) ;
#3809 = VECTOR ( 'NONE', #3743, 1000.000000000000000 ) ;
#3810 = CARTESIAN_POINT ( 'NONE',  ( -90.00000000000001421, 0.000000000000000000, 6.000000000000019540 ) ) ;
#3811 = VECTOR ( 'NONE', #2236, 1000.000000000000000 ) ;
#3812 = AXIS2_PLACEMENT_3D ( 'NONE', #1920, #4111, #838 ) ;
#3813 = CARTESIAN_POINT ( 'NONE',  ( 37.99999999999999289, -15.00000000000000000, 0.000000000000000000 ) ) ;
#3814 = ORIENTED_EDGE ( 'NONE', *, *, #3439, .F. ) ;
#3815 = PLANE ( 'NONE',  #3043 ) ;
#3816 = CARTESIAN_POINT ( 'NONE',  ( 125.2367647533277051, -2.999999999999998224, -9.686429360722403459 ) ) ;
#3817 = EDGE_CURVE ( 'NONE', #146, #2638, #4613, .T. ) ;
#3818 = EDGE_LOOP ( 'NONE', ( #2297, #479, #17, #871, #4331, #3184, #806 ) ) ;
#3819 = CIRCLE ( 'NONE', #2344, 5.500000000000007994 ) ;
#3820 = CARTESIAN_POINT ( 'NONE',  ( -42.84130169396501486, 0.05309304788855361001, 12.57610250751162972 ) ) ;
#3821 = EDGE_CURVE ( 'NONE', #1097, #2311, #2054, .T. ) ;
#3822 = CARTESIAN_POINT ( 'NONE',  ( -42.35539798129818934, 0.07222952672228155624, -12.66012808007793566 ) ) ;
#3823 = DIRECTION ( 'NONE',  ( 0.000000000000000000, -1.000000000000000000, 0.000000000000000000 ) ) ;
#3824 = CARTESIAN_POINT ( 'NONE',  ( 39.26545574463268906, 0.1636925878661831812, 12.97844714232306451 ) ) ;
#3825 = ORIENTED_EDGE ( 'NONE', *, *, #4664, .T. ) ;
#3826 = CARTESIAN_POINT ( 'NONE',  ( 95.00000000000000000, 35.00000000000000000, 0.000000000000000000 ) ) ;
#3827 = EDGE_CURVE ( 'NONE', #2801, #2295, #2386, .T. ) ;
#3828 = VERTEX_POINT ( 'NONE', #921 ) ;
#3829 = DIRECTION ( 'NONE',  ( -0.8571428571428575394, 0.000000000000000000, -0.5150787536377120501 ) ) ;
#3830 = DIRECTION ( 'NONE',  ( 0.000000000000000000, 0.000000000000000000, 1.000000000000000000 ) ) ;
#3831 = FACE_OUTER_BOUND ( 'NONE', #943, .T. ) ;
#3832 = EDGE_CURVE ( 'NONE', #4774, #169, #2293, .T. ) ;
#3833 = DIRECTION ( 'NONE',  ( 0.000000000000000000, 0.000000000000000000, -1.000000000000000000 ) ) ;
#3834 = DIRECTION ( 'NONE',  ( 1.000000000000000000, 0.000000000000000000, 6.608470384673549052E-16 ) ) ;
#3835 = ORIENTED_EDGE ( 'NONE', *, *, #3189, .F. ) ;
#3836 = DIRECTION ( 'NONE',  ( 1.000000000000000000, 0.000000000000000000, 6.608470384673549052E-16 ) ) ;
#3837 = PLANE ( 'NONE',  #4351 ) ;
#3838 = VERTEX_POINT ( 'NONE', #3802 ) ;
#3839 = DIRECTION ( 'NONE',  ( 8.659560562354910671E-17, 0.7071067811865493491, -0.7071067811865456854 ) ) ;
#3840 = CARTESIAN_POINT ( 'NONE',  ( -35.39140199947862442, -0.4981258624544947500, -10.69889109171000108 ) ) ;
#3841 = TOROIDAL_SURFACE ( 'NONE', #908, 13.99999999999999822, 3.000000000000000000 ) ;
#3842 = CARTESIAN_POINT ( 'NONE',  ( 42.93119559468768642, 0.04985358730823696849, -12.55905905216823371 ) ) ;
#3843 = EDGE_CURVE ( 'NONE', #2026, #3711, #1287, .T. ) ;
#3844 = ORIENTED_EDGE ( 'NONE', *, *, #2401, .T. ) ;
#3845 = CARTESIAN_POINT ( 'NONE',  ( 38.99428665648500214, -2.672614824791478050, 10.96613122369305948 ) ) ;
#3846 = ORIENTED_EDGE ( 'NONE', *, *, #502, .F. ) ;
#3847 = LINE ( 'NONE', #3438, #362 ) ;
#3848 = ORIENTED_EDGE ( 'NONE', *, *, #148, .F. ) ;
#3849 = CARTESIAN_POINT ( 'NONE',  ( -122.7050515127990593, -2.790587238328048780, -10.66509412981982230 ) ) ;
#3850 = DIRECTION ( 'NONE',  ( 0.000000000000000000, 1.000000000000000000, 0.000000000000000000 ) ) ;
#3851 = CONICAL_SURFACE ( 'NONE', #2232, 2.750000000000002665, 1.029744258676656088 ) ;
#3852 = ADVANCED_FACE ( 'NONE', ( #3095 ), #3118, .T. ) ;
#3853 = DIRECTION ( 'NONE',  ( 0.000000000000000000, 0.000000000000000000, -1.000000000000000000 ) ) ;
#3854 = DIRECTION ( 'NONE',  ( 1.000000000000000000, 0.000000000000000000, 0.000000000000000000 ) ) ;
#3855 = LINE ( 'NONE', #3489, #541 ) ;
#3856 = ORIENTED_EDGE ( 'NONE', *, *, #4744, .T. ) ;
#3857 = DIRECTION ( 'NONE',  ( 0.000000000000000000, 0.000000000000000000, -1.000000000000000000 ) ) ;
#3858 = CARTESIAN_POINT ( 'NONE',  ( 119.3890243281695405, 0.1715519580164971414, -12.99994083710985571 ) ) ;
#3859 = CIRCLE ( 'NONE', #2460, 15.00000000000001421 ) ;
#3860 = CARTESIAN_POINT ( 'NONE',  ( -1.954455116267203186E-15, 2.000000000000000000, -13.00000000000000178 ) ) ;
#3861 = ORIENTED_EDGE ( 'NONE', *, *, #1681, .F. ) ;
#3862 = CARTESIAN_POINT ( 'NONE',  ( -35.56735332879876665, 0.1379709524836468248, 12.90030929811990568 ) ) ;
#3863 = CARTESIAN_POINT ( 'NONE',  ( -33.08225600481221562, -0.2405293788023629697, 9.852014752710177348 ) ) ;
#3864 = ORIENTED_EDGE ( 'NONE', *, *, #2691, .T. ) ;
#3865 = DIRECTION ( 'NONE',  ( 0.000000000000000000, 0.000000000000000000, -1.000000000000000000 ) ) ;
#3866 = ORIENTED_EDGE ( 'NONE', *, *, #2759, .T. ) ;
#3867 = CARTESIAN_POINT ( 'NONE',  ( -117.4877022721759232, 0.1343023901164164813, 12.88819465762431626 ) ) ;
#3868 = EDGE_LOOP ( 'NONE', ( #2875, #3190, #4565, #2347 ) ) ;
#3869 = CARTESIAN_POINT ( 'NONE',  ( 120.0000000000000000, -11.00000000000000000, 0.000000000000000000 ) ) ;
#3870 = EDGE_CURVE ( 'NONE', #2556, #4754, #549, .T. ) ;
#3871 = VECTOR ( 'NONE', #2352, 1000.000000000000000 ) ;
#3872 = ORIENTED_EDGE ( 'NONE', *, *, #2517, .T. ) ;
#3873 = AXIS2_PLACEMENT_3D ( 'NONE', #246, #1752, #2110 ) ;
#3874 = CARTESIAN_POINT ( 'NONE',  ( -124.9177439951789097, -0.2405293788027758339, -9.852014752710156031 ) ) ;
#3875 = DIRECTION ( 'NONE',  ( 0.000000000000000000, -1.000000000000000000, 0.000000000000000000 ) ) ;
#3876 = CARTESIAN_POINT ( 'NONE',  ( 32.33413370998515290, -2.999999999999999112, 9.428571428571423496 ) ) ;
#3877 = CARTESIAN_POINT ( 'NONE',  ( -44.03576809376018986, 0.01488109377037411668, -12.32428037631672169 ) ) ;
#3878 = ORIENTED_EDGE ( 'NONE', *, *, #76, .T. ) ;
#3879 = ADVANCED_FACE ( 'NONE', ( #131 ), #4777, .F. ) ;
#3880 = VECTOR ( 'NONE', #2851, 1000.000000000000000 ) ;
#3881 = DIRECTION ( 'NONE',  ( 0.000000000000000000, -0.000000000000000000, -1.000000000000000000 ) ) ;
#3882 = CARTESIAN_POINT ( 'NONE',  ( -120.0000000000000000, 0.000000000000000000, 0.000000000000000000 ) ) ;
#3883 = DIRECTION ( 'NONE',  ( 0.000000000000000000, 0.000000000000000000, -1.000000000000000000 ) ) ;
#3884 = EDGE_CURVE ( 'NONE', #4191, #2491, #2687, .T. ) ;
#3885 = EDGE_LOOP ( 'NONE', ( #1040, #642, #3105, #1034 ) ) ;
#3886 = CARTESIAN_POINT ( 'NONE',  ( -33.75282390828491685, 0.07627636560252831766, 12.67742693743807081 ) ) ;
#3887 = CIRCLE ( 'NONE', #4653, 2.750000000000002665 ) ;
#3888 = CARTESIAN_POINT ( 'NONE',  ( -33.05222968647152726, 0.04927579711519772254, 12.55580258592053866 ) ) ;
#3889 = ORIENTED_EDGE ( 'NONE', *, *, #820, .T. ) ;
#3890 = FACE_OUTER_BOUND ( 'NONE', #1722, .T. ) ;
#3891 = ADVANCED_FACE ( 'NONE', ( #4530 ), #2690, .F. ) ;
#3892 = CIRCLE ( 'NONE', #3502, 10.74000000000000377 ) ;
#3893 = B_SPLINE_CURVE_WITH_KNOTS ( 'NONE', 3,
 ( #3771, #1113, #4519, #2581, #1899, #1850, #4064, #1464, #1563, #4 ),
 .UNSPECIFIED., .F., .F.,
 ( 4, 2, 2, 2, 4 ),
 ( -1.095445118203325118E-05, 0.001531455004230842598, 0.003073864459643718423, 0.004616273915056594464, 0.006158683370469475275 ),
 .UNSPECIFIED. ) ;
#3894 = ORIENTED_EDGE ( 'NONE', *, *, #1838, .F. ) ;
#3895 = CARTESIAN_POINT ( 'NONE',  ( -118.7345442553694710, 0.1636925878661670553, 12.97844714232303431 ) ) ;
#3896 = ORIENTED_EDGE ( 'NONE', *, *, #3545, .F. ) ;
#3897 = DIRECTION ( 'NONE',  ( 0.000000000000000000, 0.000000000000000000, -1.000000000000000000 ) ) ;
#3898 = ORIENTED_EDGE ( 'NONE', *, *, #3545, .T. ) ;
#3899 = DIRECTION ( 'NONE',  ( -0.000000000000000000, -1.000000000000000000, -0.000000000000000000 ) ) ;
#3900 = CARTESIAN_POINT ( 'NONE',  ( 115.7580791534371514, 0.07647072468950848190, 12.67823394722788066 ) ) ;
#3901 = ADVANCED_FACE ( 'NONE', ( #1999 ), #3030, .T. ) ;
#3902 = EDGE_LOOP ( 'NONE', ( #2642, #431, #1214, #2431 ) ) ;
#3903 = CARTESIAN_POINT ( 'NONE',  ( 95.00000000000000000, 3.000000000000002665, 11.99999999999998579 ) ) ;
#3904 = CARTESIAN_POINT ( 'NONE',  ( -121.9793911775431212, -2.728715950832923731, 10.83188643958926711 ) ) ;
#3905 = EDGE_CURVE ( 'NONE', #4505, #3117, #3847, .T. ) ;
#3906 = CARTESIAN_POINT ( 'NONE',  ( -75.00000000000002842, -40.00000000000000000, 6.000000000000021316 ) ) ;
#3907 = CARTESIAN_POINT ( 'NONE',  ( 115.2054341539329272, -2.973572258944294333, -9.912404177351389123 ) ) ;
#3908 = CARTESIAN_POINT ( 'NONE',  ( 37.99999999999999289, -11.41999999999999993, 0.000000000000000000 ) ) ;
#3909 = AXIS2_PLACEMENT_3D ( 'NONE', #1120, #2288, #4483 ) ;
#3910 = DIRECTION ( 'NONE',  ( 0.000000000000000000, 0.000000000000000000, -1.000000000000000000 ) ) ;
#3911 = ADVANCED_FACE ( 'NONE', ( #1596, #872 ), #3782, .T. ) ;
#3912 = CARTESIAN_POINT ( 'NONE',  ( -32.33413370998515290, -4.336808689942017736E-16, -9.428571428571428825 ) ) ;
#3913 = EDGE_LOOP ( 'NONE', ( #4112, #1037, #3798, #2191 ) ) ;
#3914 = CARTESIAN_POINT ( 'NONE',  ( 125.6658662900148613, -2.999999999999997335, 9.428571428571414614 ) ) ;
#3915 = ORIENTED_EDGE ( 'NONE', *, *, #1947, .T. ) ;
#3916 = CARTESIAN_POINT ( 'NONE',  ( 36.76722097691602897, -2.686228507470353577, 10.93354172456699125 ) ) ;
#3917 = DIRECTION ( 'NONE',  ( 0.8571428571428588716, 2.978397353040701065E-16, -0.5150787536377101627 ) ) ;
#3918 = VECTOR ( 'NONE', #1619, 1000.000000000000000 ) ;
#3919 = ORIENTED_EDGE ( 'NONE', *, *, #223, .T. ) ;
#3920 = CARTESIAN_POINT ( 'NONE',  ( -120.5364070866902892, -0.5354963785437999446, -10.99959175981097026 ) ) ;
#3921 = CARTESIAN_POINT ( 'NONE',  ( 95.00000000000000000, -40.00000000000000000, 6.000000000000019540 ) ) ;
#3922 = ORIENTED_EDGE ( 'NONE', *, *, #3796, .T. ) ;
#3923 = CARTESIAN_POINT ( 'NONE',  ( -120.4950779164815202, -2.656854249492409448, -10.99999999999991473 ) ) ;
#3924 = CARTESIAN_POINT ( 'NONE',  ( 98.00000000000000000, -3.000000000000002665, 6.000000000000020428 ) ) ;
#3925 = CIRCLE ( 'NONE', #4548, 3.000000000000001332 ) ;
#3926 = ORIENTED_EDGE ( 'NONE', *, *, #951, .T. ) ;
#3927 = CARTESIAN_POINT ( 'NONE',  ( 121.9734539507565216, -2.728271098083904889, -10.83299564084926558 ) ) ;
#3928 = DIRECTION ( 'NONE',  ( 1.000000000000000000, 0.000000000000000000, -1.387778780781445676E-16 ) ) ;
#3929 = CARTESIAN_POINT ( 'NONE',  ( -105.0000000000000284, -3.000000000000002665, 7.211102550928025323 ) ) ;
#3930 = CARTESIAN_POINT ( 'NONE',  ( -120.6109756718304880, 0.1715519580165011104, -12.99994083710983261 ) ) ;
#3931 = CARTESIAN_POINT ( 'NONE',  ( -103.5261129541630254, -0.1568242844690358184, -0.4864677463149160719 ) ) ;
#3932 = AXIS2_PLACEMENT_3D ( 'NONE', #4449, #2127, #765 ) ;
#3933 = CARTESIAN_POINT ( 'NONE',  ( -32.33413370998516001, -2.999999999999997335, 9.428571428571432378 ) ) ;
#3934 = VERTEX_POINT ( 'NONE', #1711 ) ;
#3935 = CARTESIAN_POINT ( 'NONE',  ( -105.0000000000000284, -3.000000000000002665, -6.938893903907228378E-14 ) ) ;
#3936 = EDGE_LOOP ( 'NONE', ( #3878, #193, #947, #1299, #614, #3348 ) ) ;
#3937 = CARTESIAN_POINT ( 'NONE',  ( 36.03068303296640096, -2.728019188059071620, -10.83360520985084996 ) ) ;
#3938 = CARTESIAN_POINT ( 'NONE',  ( -117.7989238130710135, 0.1427711910750001922, 12.91473666705800660 ) ) ;
#3939 = ADVANCED_FACE ( 'NONE', ( #1346 ), #2222, .F. ) ;
#3940 = CARTESIAN_POINT ( 'NONE',  ( 61.99999999999997158, 0.000000000000000000, 0.000000000000000000 ) ) ;
#3941 = VERTEX_POINT ( 'NONE', #2880 ) ;
#3942 = CARTESIAN_POINT ( 'NONE',  ( -72.00000000000002842, -3.000000000000000000, 6.000000000000019540 ) ) ;
#3943 = FACE_OUTER_BOUND ( 'NONE', #3208, .T. ) ;
#3944 = CARTESIAN_POINT ( 'NONE',  ( 122.4326466712012405, 0.1379709524836503776, 12.90030929811990212 ) ) ;
#3945 = ORIENTED_EDGE ( 'NONE', *, *, #1451, .F. ) ;
#3946 = CARTESIAN_POINT ( 'NONE',  ( 39.97939117754312122, -2.728715950832921955, -10.83188643958926534 ) ) ;
#3947 = CIRCLE ( 'NONE', #1180, 6.120000000000014317 ) ;
#3948 = CARTESIAN_POINT ( 'NONE',  ( 33.64460201870179645, 0.07222952672226370940, -12.66012808007787527 ) ) ;
#3949 = EDGE_CURVE ( 'NONE', #3646, #1885, #439, .T. ) ;
#3951 = CARTESIAN_POINT ( 'NONE',  ( -120.0000000000000000, -12.99999999999997691, 0.000000000000000000 ) ) ;
#3950 = CIRCLE ( 'NONE', #4725, 15.00000000000001421 ) ;
#3952 = DIRECTION ( 'NONE',  ( -0.000000000000000000, -1.000000000000000000, -0.000000000000000000 ) ) ;
#3953 = DIRECTION ( 'NONE',  ( 0.000000000000000000, 0.000000000000000000, -1.000000000000000000 ) ) ;
#3954 = CYLINDRICAL_SURFACE ( 'NONE', #3978, 6.120000000000000107 ) ;
#3955 = DIRECTION ( 'NONE',  ( 0.000000000000000000, 0.000000000000000000, -1.000000000000000000 ) ) ;
#3956 = CARTESIAN_POINT ( 'NONE',  ( -104.9897123204041520, -0.7390626545371870026, 5.109055828909382591 ) ) ;
#3957 = ADVANCED_FACE ( 'NONE', ( #1666, #4618 ), #571, .F. ) ;
#3958 = DIRECTION ( 'NONE',  ( -0.000000000000000000, 1.000000000000000000, -0.000000000000000000 ) ) ;
#3959 = ORIENTED_EDGE ( 'NONE', *, *, #1324, .F. ) ;
#3960 = CARTESIAN_POINT ( 'NONE',  ( 122.4619894478059763, -2.769474244134051411, 10.72383688450593020 ) ) ;
#3961 = CONICAL_SURFACE ( 'NONE', #2490, 2.750000000000002665, 1.029744258676656088 ) ;
#3962 = ADVANCED_FACE ( 'NONE', ( #3529 ), #3991, .T. ) ;
#3963 = ORIENTED_EDGE ( 'NONE', *, *, #1983, .T. ) ;
#3964 = CARTESIAN_POINT ( 'NONE',  ( -108.0000000000000284, -0.000000000000000000, -7.137148015447434001E-14 ) ) ;
#3965 = CARTESIAN_POINT ( 'NONE',  ( -123.1278933236751101, 0.1158849091892039662, 12.83026657881110744 ) ) ;
#3966 = CARTESIAN_POINT ( 'NONE',  ( -119.5057732418643184, -2.660622408229033287, -10.99170142825162344 ) ) ;
#3967 = AXIS2_PLACEMENT_3D ( 'NONE', #4585, #1677, #3953 ) ;
#3968 = ORIENTED_EDGE ( 'NONE', *, *, #33, .T. ) ;
#3969 = DIRECTION ( 'NONE',  ( -0.000000000000000000, -1.000000000000000000, -0.000000000000000000 ) ) ;
#3970 = CARTESIAN_POINT ( 'NONE',  ( 114.7651558838167034, -2.999999999999998668, -9.687583520006715077 ) ) ;
#3971 = DIRECTION ( 'NONE',  ( -0.8571428571428587606, 1.982541115402070829E-15, -0.5150787536377101627 ) ) ;
#3972 = EDGE_CURVE ( 'NONE', #3505, #568, #4045, .T. ) ;
#3973 = ORIENTED_EDGE ( 'NONE', *, *, #2365, .T. ) ;
#3974 = CARTESIAN_POINT ( 'NONE',  ( -123.8842413874703965, -2.901150131221788442, -10.30324543672237780 ) ) ;
#3975 = CARTESIAN_POINT ( 'NONE',  ( 32.76382209582673966, -2.999999996255028112, -9.686782013175285755 ) ) ;
#3976 = DIRECTION ( 'NONE',  ( -0.000000000000000000, -1.000000000000000000, -0.000000000000000000 ) ) ;
#3977 = ORIENTED_EDGE ( 'NONE', *, *, #2970, .F. ) ;
#3978 = AXIS2_PLACEMENT_3D ( 'NONE', #2423, #1358, #3910 ) ;
#3979 = CARTESIAN_POINT ( 'NONE',  ( 120.3044085714859648, 0.1716123224432051786, -13.00011157373079662 ) ) ;
#3980 = CARTESIAN_POINT ( 'NONE',  ( 98.00000000000000000, 3.000000000000002665, 11.99999999999998579 ) ) ;
#3981 = CARTESIAN_POINT ( 'NONE',  ( -43.66586629001483288, -2.999999999999999112, -9.428571428571425272 ) ) ;
#3982 = CARTESIAN_POINT ( 'NONE',  ( -106.2887865530584008, 1.083666295240527570E-11, 2.854898455519486067 ) ) ;
#3983 = VECTOR ( 'NONE', #64, 1000.000000000000000 ) ;
#3984 = ORIENTED_EDGE ( 'NONE', *, *, #3746, .T. ) ;
#3985 = CARTESIAN_POINT ( 'NONE',  ( -105.0000000000000284, -3.000000000000003109, 6.806532843616156292 ) ) ;
#3986 = ORIENTED_EDGE ( 'NONE', *, *, #612, .T. ) ;
#3987 = CARTESIAN_POINT ( 'NONE',  ( 122.6055178592530552, -0.4943164166442856056, 10.69115549662400788 ) ) ;
#3988 = ORIENTED_EDGE ( 'NONE', *, *, #4761, .F. ) ;
#3989 = CARTESIAN_POINT ( 'NONE',  ( 32.76515588381673894, -2.999999999999998224, -9.687583520006704418 ) ) ;
#3990 = CARTESIAN_POINT ( 'NONE',  ( -120.0000000000000000, 0.000000000000000000, 0.000000000000000000 ) ) ;
#3991 = CYLINDRICAL_SURFACE ( 'NONE', #801, 2.999999999999999112 ) ;
#3992 = ORIENTED_EDGE ( 'NONE', *, *, #2462, .T. ) ;
#3993 = CARTESIAN_POINT ( 'NONE',  ( 97.63612022748762342, 35.00000000000000711, 12.36388090270764373 ) ) ;
#3994 = CARTESIAN_POINT ( 'NONE',  ( 117.5385799490385637, -2.768538346299072472, -10.73256665193534509 ) ) ;
#3995 = CARTESIAN_POINT ( 'NONE',  ( 113.9661600115949369, 0.01492524735671206353, 12.32478208801526698 ) ) ;
#3996 = ORIENTED_EDGE ( 'NONE', *, *, #4000, .T. ) ;
#3997 = CARTESIAN_POINT ( 'NONE',  ( 38.49422675813563899, -2.660622408229039504, -10.99170142825162522 ) ) ;
#3998 = AXIS2_PLACEMENT_3D ( 'NONE', #897, #4190, #2319 ) ;
#3999 = CARTESIAN_POINT ( 'NONE',  ( 38.25548141127192991, -0.5355522206106131389, -11.00019923545573697 ) ) ;
#4000 = EDGE_CURVE ( 'NONE', #9, #4156, #2829, .T. ) ;
#4001 = CARTESIAN_POINT ( 'NONE',  ( 95.00000000000000000, -2.999999999999997335, 11.99999999999998579 ) ) ;
#4002 = ORIENTED_EDGE ( 'NONE', *, *, #1923, .F. ) ;
#4003 = PLANE ( 'NONE',  #2805 ) ;
#4004 = CARTESIAN_POINT ( 'NONE',  ( 120.0000000000000000, -15.00000000000000000, 0.000000000000000000 ) ) ;
#4005 = LINE ( 'NONE', #4399, #4183 ) ;
#4006 = CARTESIAN_POINT ( 'NONE',  ( -106.0651789831740643, -1.584949603987224915E-10, -1.386178769170511194 ) ) ;
#4007 = CIRCLE ( 'NONE', #918, 2.749999999999995559 ) ;
#4008 = VECTOR ( 'NONE', #1624, 1000.000000000000000 ) ;
#4009 = VERTEX_POINT ( 'NONE', #3626 ) ;
#4010 = CARTESIAN_POINT ( 'NONE',  ( -42.91380757515655375, -0.2416334642028096502, 9.854213596354844285 ) ) ;
#4011 = AXIS2_PLACEMENT_3D ( 'NONE', #4429, #3747, #4108 ) ;
#4012 = ORIENTED_EDGE ( 'NONE', *, *, #4171, .T. ) ;
#4013 = CARTESIAN_POINT ( 'NONE',  ( 113.3337859953262097, 2.508510345806840375E-15, 12.16371863260592612 ) ) ;
#4014 = ORIENTED_EDGE ( 'NONE', *, *, #4697, .T. ) ;
#4015 = CARTESIAN_POINT ( 'NONE',  ( 150.0000000000000000, 0.000000000000000000, -12.00000000000002487 ) ) ;
#4016 = CYLINDRICAL_SURFACE ( 'NONE', #394, 3.000000000000002665 ) ;
#4017 = CARTESIAN_POINT ( 'NONE',  ( -120.0000000000000000, -11.41999999999999993, 0.000000000000000000 ) ) ;
#4018 = EDGE_LOOP ( 'NONE', ( #2704, #3678, #258, #498, #667, #3898 ) ) ;
#4019 = DIRECTION ( 'NONE',  ( -0.000000000000000000, 1.000000000000000000, -0.000000000000000000 ) ) ;
#4020 = LINE ( 'NONE', #1740, #3651 ) ;
#4021 = ORIENTED_EDGE ( 'NONE', *, *, #899, .F. ) ;
#4022 = DIRECTION ( 'NONE',  ( 0.000000000000000000, 1.000000000000000000, 0.000000000000000000 ) ) ;
#4023 = EDGE_CURVE ( 'NONE', #2789, #1762, #1330, .T. ) ;
#4024 = CARTESIAN_POINT ( 'NONE',  ( 31.33580607903201098, 2.570330962430349027E-15, -12.16432559199012076 ) ) ;
#4025 = EDGE_CURVE ( 'NONE', #3523, #3240, #944, .T. ) ;
#4026 = CARTESIAN_POINT ( 'NONE',  ( 1.804112415015879378E-15, 2.000000000000000000, 13.00000000000000000 ) ) ;
#4027 = DIRECTION ( 'NONE',  ( -0.000000000000000000, 1.000000000000000000, -0.000000000000000000 ) ) ;
#4028 = CARTESIAN_POINT ( 'NONE',  ( -90.00000000000002842, 35.00000000000000000, 16.26000000000001933 ) ) ;
#4029 = DIRECTION ( 'NONE',  ( 0.000000000000000000, -0.000000000000000000, -1.000000000000000000 ) ) ;
#4030 = SHAPE_DEFINITION_REPRESENTATION ( #1264, #3673 ) ;
#4031 = VECTOR ( 'NONE', #2249, 1000.000000000000000 ) ;
#4032 = CARTESIAN_POINT ( 'NONE',  ( -113.9661600115949653, 0.01492524735671220751, -12.32478208801527053 ) ) ;
#4033 = CARTESIAN_POINT ( 'NONE',  ( -104.7308836463674169, -0.8480955221301709201, 3.152274563674700492 ) ) ;
#4034 = ADVANCED_FACE ( 'NONE', ( #2804 ), #4284, .F. ) ;
#4035 = CARTESIAN_POINT ( 'NONE',  ( -40.45763046860636081, -2.768230182562740893, 10.73327605261067674 ) ) ;
#4036 = AXIS2_PLACEMENT_3D ( 'NONE', #1614, #1994, #517 ) ;
#4037 = ORIENTED_EDGE ( 'NONE', *, *, #1900, .T. ) ;
#4038 = CARTESIAN_POINT ( 'NONE',  ( 115.0688044053078585, 0.04985358730815624834, 12.55905905216766349 ) ) ;
#4039 = ORIENTED_EDGE ( 'NONE', *, *, #4510, .F. ) ;
#4040 = CARTESIAN_POINT ( 'NONE',  ( -37.99999999999999289, -11.41999999999999993, -2.749999999999995559 ) ) ;
#4041 = CARTESIAN_POINT ( 'NONE',  ( 150.0000000000000000, 32.00000000000000000, 14.99999999999997868 ) ) ;
#4042 = CARTESIAN_POINT ( 'NONE',  ( 37.99999999999999289, -15.00000000000000000, 10.99999999999999289 ) ) ;
#4043 = EDGE_CURVE ( 'NONE', #4349, #1216, #1258, .T. ) ;
#4044 = AXIS2_PLACEMENT_3D ( 'NONE', #2128, #3397, #3665 ) ;
#4045 = CIRCLE ( 'NONE', #15, 10.99999999999999289 ) ;
#4046 = VERTEX_POINT ( 'NONE', #2433 ) ;
#4047 = DIRECTION ( 'NONE',  ( 1.000000000000000000, -0.000000000000000000, -1.503427012513232897E-16 ) ) ;
#4048 = CARTESIAN_POINT ( 'NONE',  ( 119.9999999999982379, -2.656854249492383691, -11.00000000000000711 ) ) ;
#4049 = CIRCLE ( 'NONE', #4277, 3.000000000000002665 ) ;
#4050 = EDGE_LOOP ( 'NONE', ( #334, #4012, #1663, #3618 ) ) ;
#4051 = CARTESIAN_POINT ( 'NONE',  ( 112.7888974490719676, -3.000000000000000000, 11.99999999999998401 ) ) ;
#4052 = FACE_OUTER_BOUND ( 'NONE', #888, .T. ) ;
#4053 = CARTESIAN_POINT ( 'NONE',  ( 37.46359291331621222, -0.5354963785427079292, -10.99959175981097026 ) ) ;
#4054 = AXIS2_PLACEMENT_3D ( 'NONE', #2270, #425, #3753 ) ;
#4055 = EDGE_LOOP ( 'NONE', ( #3126, #2904, #4037, #2881, #1526 ) ) ;
#4056 = CARTESIAN_POINT ( 'NONE',  ( 37.99999999999999289, -15.00000000000000000, 0.000000000000000000 ) ) ;
#4057 = CYLINDRICAL_SURFACE ( 'NONE', #4241, 15.00000000000001599 ) ;
#4058 = CARTESIAN_POINT ( 'NONE',  ( -90.00000000000002842, -40.00000000000000000, 27.00000000000002132 ) ) ;
#4059 = CYLINDRICAL_SURFACE ( 'NONE', #4743, 2.999999999999999112 ) ;
#4060 = APPROVAL_ROLE ( '' ) ;
#4061 = EDGE_CURVE ( 'NONE', #2859, #1505, #2484, .T. ) ;
#4062 = CIRCLE ( 'NONE', #4211, 8.999999999999980460 ) ;
#4063 = CARTESIAN_POINT ( 'NONE',  ( -120.0000000000000000, -9.347633297674212471, 0.000000000000000000 ) ) ;
#4064 = CARTESIAN_POINT ( 'NONE',  ( 64.55454151253356088, 35.00000000000000000, 15.19626305275311218 ) ) ;
#4065 = CARTESIAN_POINT ( 'NONE',  ( -39.97345395075654295, -2.728271098084040780, 10.83299564084925848 ) ) ;
#4066 = ORIENTED_EDGE ( 'NONE', *, *, #904, .T. ) ;
#4067 = CARTESIAN_POINT ( 'NONE',  ( 116.8721066763204703, 0.1158849091890775673, 12.83026657881058163 ) ) ;
#4068 = EDGE_CURVE ( 'NONE', #3112, #2593, #1009, .T. ) ;
#4069 = VERTEX_POINT ( 'NONE', #4330 ) ;
#4070 = DIRECTION ( 'NONE',  ( 0.000000000000000000, 0.000000000000000000, -1.000000000000000000 ) ) ;
#4071 = ADVANCED_FACE ( 'NONE', ( #1761 ), #244, .F. ) ;
#4072 = CARTESIAN_POINT ( 'NONE',  ( 150.0000000000000000, 2.000000000000000000, 12.99999999999997868 ) ) ;
#4073 = AXIS2_PLACEMENT_3D ( 'NONE', #1812, #3629, #3237 ) ;
#4074 = ORIENTED_EDGE ( 'NONE', *, *, #4730, .F. ) ;
#4075 = ORIENTED_EDGE ( 'NONE', *, *, #518, .F. ) ;
#4076 = DIRECTION ( 'NONE',  ( 0.000000000000000000, 0.000000000000000000, -1.000000000000000000 ) ) ;
#4077 = DIRECTION ( 'NONE',  ( 0.000000000000000000, -1.000000000000000000, 0.000000000000000000 ) ) ;
#4078 = ORIENTED_EDGE ( 'NONE', *, *, #1737, .F. ) ;
#4079 = DIRECTION ( 'NONE',  ( 0.000000000000000000, 0.000000000000000000, 1.000000000000000000 ) ) ;
#4080 = CARTESIAN_POINT ( 'NONE',  ( 42.04385820941864438, -0.3896520326618282404, -10.24183511159895943 ) ) ;
#4081 = ORIENTED_EDGE ( 'NONE', *, *, #103, .T. ) ;
#4082 = CARTESIAN_POINT ( 'NONE',  ( -75.00000000000001421, 35.00000000000000000, 17.19615242270664268 ) ) ;
#4083 = CARTESIAN_POINT ( 'NONE',  ( 79.99999999999998579, 35.00000000000000000, 16.26000000000001933 ) ) ;
#4084 = CARTESIAN_POINT ( 'NONE',  ( -1.804112415015879773E-15, 35.00000000000000000, -12.00000000000000178 ) ) ;
#4085 = CARTESIAN_POINT ( 'NONE',  ( -37.99999999999999289, -11.41999999999999993, 0.000000000000000000 ) ) ;
#4086 = DIRECTION ( 'NONE',  ( 0.8571428571428574283, 0.000000000000000000, -0.5150787536377126052 ) ) ;
#4087 = DIRECTION ( 'NONE',  ( -1.387778780781445676E-16, 0.000000000000000000, -1.000000000000000000 ) ) ;
#4088 = CARTESIAN_POINT ( 'NONE',  ( -38.25548141127197255, -0.5355522206097261817, 11.00019923545601941 ) ) ;
#4089 = ORIENTED_EDGE ( 'NONE', *, *, #3166, .T. ) ;
#4090 = CARTESIAN_POINT ( 'NONE',  ( 121.0652110805182957, -0.5324910077281607146, 10.96082380305062642 ) ) ;
#4091 = ORIENTED_EDGE ( 'NONE', *, *, #333, .F. ) ;
#4092 = CARTESIAN_POINT ( 'NONE',  ( 44.62632963261538066, 1.143494478793305150E-17, -12.17570239512322949 ) ) ;
#4093 = VECTOR ( 'NONE', #3297, 1000.000000000000000 ) ;
#4094 = LINE ( 'NONE', #2617, #4031 ) ;
#4095 = CARTESIAN_POINT ( 'NONE',  ( 44.62596358776495009, 2.212873574701860030E-15, 12.17581237791300452 ) ) ;
#4096 = VERTEX_POINT ( 'NONE', #2509 ) ;
#4097 = ORIENTED_EDGE ( 'NONE', *, *, #2305, .T. ) ;
#4098 = EDGE_CURVE ( 'NONE', #1665, #2388, #1875, .T. ) ;
#4099 = DIRECTION ( 'NONE',  ( -0.000000000000000000, -1.000000000000000000, -0.000000000000000000 ) ) ;
#4100 = VERTEX_POINT ( 'NONE', #4072 ) ;
#4101 = FACE_OUTER_BOUND ( 'NONE', #214, .T. ) ;
#4102 = VECTOR ( 'NONE', #2208, 1000.000000000000000 ) ;
#4103 = ORIENTED_EDGE ( 'NONE', *, *, #1923, .T. ) ;
#4104 = DIRECTION ( 'NONE',  ( 0.000000000000000000, 0.000000000000000000, -1.000000000000000000 ) ) ;
#4105 = DIRECTION ( 'NONE',  ( 0.000000000000000000, 1.000000000000000000, 0.000000000000000000 ) ) ;
#4106 = DIRECTION ( 'NONE',  ( -0.000000000000000000, -1.000000000000000000, -0.000000000000000000 ) ) ;
#4107 = EDGE_CURVE ( 'NONE', #3505, #1504, #331, .T. ) ;
#4108 = DIRECTION ( 'NONE',  ( 0.000000000000000000, 0.000000000000000000, -1.000000000000000000 ) ) ;
#4109 = CARTESIAN_POINT ( 'NONE',  ( -108.0000000000000142, 3.000000000000002665, 12.00000000000001599 ) ) ;
#4110 = CARTESIAN_POINT ( 'NONE',  ( 150.0000000000000000, 35.00000000000000000, -15.00000000000002309 ) ) ;
#4111 = DIRECTION ( 'NONE',  ( -0.000000000000000000, 1.000000000000000000, -0.000000000000000000 ) ) ;
#4112 = ORIENTED_EDGE ( 'NONE', *, *, #3460, .F. ) ;
#4113 = AXIS2_PLACEMENT_3D ( 'NONE', #2187, #3567, #4679 ) ;
#4114 = CARTESIAN_POINT ( 'NONE',  ( 117.8999632073468291, -0.5140780408425603687, 10.81138701189811968 ) ) ;
#4115 = AXIS2_PLACEMENT_3D ( 'NONE', #4693, #3165, #2416 ) ;
#4117 = CARTESIAN_POINT ( 'NONE',  ( 45.21110255092794716, 0.000000000000000000, -12.00000000000000888 ) ) ;
#4116 = CC_DESIGN_PERSON_AND_ORGANIZATION_ASSIGNMENT ( #636, #3518, ( #2229 ) ) ;
#4118 = EDGE_CURVE ( 'NONE', #3362, #2600, #1413, .T. ) ;
#4119 = AXIS2_PLACEMENT_3D ( 'NONE', #2653, #1869, #51 ) ;
#4120 = CARTESIAN_POINT ( 'NONE',  ( -120.0000000000000000, -11.00000000000000000, 0.000000000000000000 ) ) ;
#4121 = EDGE_CURVE ( 'NONE', #826, #1762, #1641, .T. ) ;
#4122 = VERTEX_POINT ( 'NONE', #2251 ) ;
#4123 = AXIS2_PLACEMENT_3D ( 'NONE', #2671, #504, #1511 ) ;
#4124 = CARTESIAN_POINT ( 'NONE',  ( 37.74451858872694743, -0.5355522206099988525, 11.00019923545573519 ) ) ;
#4125 = ORIENTED_EDGE ( 'NONE', *, *, #2073, .T. ) ;
#4126 = CARTESIAN_POINT ( 'NONE',  ( 120.0000000000000000, -15.00000000000000000, 6.120000000000014317 ) ) ;
#4127 = ORIENTED_EDGE ( 'NONE', *, *, #3234, .F. ) ;
#4128 = EDGE_CURVE ( 'NONE', #1807, #2859, #2957, .T. ) ;
#4129 = AXIS2_PLACEMENT_3D ( 'NONE', #1398, #302, #1783 ) ;
#4130 = LINE ( 'NONE', #2694, #67 ) ;
#4131 = CARTESIAN_POINT ( 'NONE',  ( 79.99999999999998579, -40.00000000000000000, 6.000000000000015987 ) ) ;
#4132 = DIRECTION ( 'NONE',  ( -1.000000000000000000, 0.000000000000000000, 1.503427012513232897E-16 ) ) ;
#4133 = B_SPLINE_CURVE_WITH_KNOTS ( 'NONE', 3,
 ( #2978, #3985, #692, #666 ),
 .UNSPECIFIED., .F., .F.,
 ( 4, 4 ),
 ( 0.000000000000000000, 0.001213707350317267883 ),
 .UNSPECIFIED. ) ;
#4134 = CARTESIAN_POINT ( 'NONE',  ( -90.00000000000002842, 35.00000000000000000, 16.26000000000001933 ) ) ;
#4135 = EDGE_CURVE ( 'NONE', #2172, #2491, #4438, .T. ) ;
#4136 = CARTESIAN_POINT ( 'NONE',  ( -75.00000000000001421, 35.00000000000000000, 17.19615242270664268 ) ) ;
#4137 = LINE ( 'NONE', #3042, #4263 ) ;
#4138 = DIRECTION ( 'NONE',  ( 0.000000000000000000, 0.000000000000000000, -1.000000000000000000 ) ) ;
#4139 = ORIENTED_EDGE ( 'NONE', *, *, #256, .F. ) ;
#4140 = CARTESIAN_POINT ( 'NONE',  ( 79.99999999999998579, 28.15000000000000213, 27.00000000000002132 ) ) ;
#4141 = CARTESIAN_POINT ( 'NONE',  ( -42.94777031353065411, 0.04927579711513272592, -12.55580258592007681 ) ) ;
#4142 = ORIENTED_EDGE ( 'NONE', *, *, #4393, .T. ) ;
#4143 = CARTESIAN_POINT ( 'NONE',  ( 37.01686623846073587, -2.675164730406820457, 10.95880049992929095 ) ) ;
#4144 = EDGE_LOOP ( 'NONE', ( #596, #4539, #3064, #2504, #2409, #3968, #2353, #1979 ) ) ;
#4145 = DIRECTION ( 'NONE',  ( -0.000000000000000000, 1.000000000000000000, -0.000000000000000000 ) ) ;
#4146 = AXIS2_PLACEMENT_3D ( 'NONE', #3655, #3342, #4076 ) ;
#4147 = ORIENTED_EDGE ( 'NONE', *, *, #3683, .T. ) ;
#4148 = CARTESIAN_POINT ( 'NONE',  ( 120.0000000000000000, -2.999999999999999112, 0.000000000000000000 ) ) ;
#4149 = CARTESIAN_POINT ( 'NONE',  ( -37.50577324186433259, -2.660622408229033731, -10.99170142825163232 ) ) ;
#4150 = CARTESIAN_POINT ( 'NONE',  ( 64.99999999999997158, 32.00000000000000000, 17.99999999999999289 ) ) ;
#4151 = CARTESIAN_POINT ( 'NONE',  ( -36.78620079584167968, 0.1716145698699276800, -13.00011793020067330 ) ) ;
#4152 = EDGE_CURVE ( 'NONE', #2356, #1505, #2658, .T. ) ;
#4153 = FACE_OUTER_BOUND ( 'NONE', #4222, .T. ) ;
#4154 = DIRECTION ( 'NONE',  ( 0.000000000000000000, 0.000000000000000000, -1.000000000000000000 ) ) ;
#4155 = CARTESIAN_POINT ( 'NONE',  ( 121.9793911775430928, -2.728715950832922843, -10.83188643958927599 ) ) ;
#4156 = VERTEX_POINT ( 'NONE', #4485 ) ;
#4157 = CIRCLE ( 'NONE', #1070, 11.00000000000000000 ) ;
#4158 = CARTESIAN_POINT ( 'NONE',  ( 150.0000000000000000, 32.00000000000000000, -12.00000000000002487 ) ) ;
#4159 = CARTESIAN_POINT ( 'NONE',  ( -41.59246530803498132, -0.4354054784964254687, -10.41097043727816107 ) ) ;
#4160 = CARTESIAN_POINT ( 'NONE',  ( 37.99999999999999289, -15.00000000000000000, 8.999999999999980460 ) ) ;
#4161 = EDGE_CURVE ( 'NONE', #4480, #2026, #406, .T. ) ;
#4162 = ORIENTED_EDGE ( 'NONE', *, *, #502, .T. ) ;
#4163 = CARTESIAN_POINT ( 'NONE',  ( 41.44279283444762996, 0.1047063810656980037, 12.78687808250983515 ) ) ;
#4164 = EDGE_LOOP ( 'NONE', ( #757, #4103, #4270 ) ) ;
#4165 = DIRECTION ( 'NONE',  ( -0.000000000000000000, -1.000000000000000000, -0.000000000000000000 ) ) ;
#4166 = AXIS2_PLACEMENT_3D ( 'NONE', #2763, #4556, #460 ) ;
#4167 = ORIENTED_EDGE ( 'NONE', *, *, #4295, .T. ) ;
#4168 = DIRECTION ( 'NONE',  ( -6.608470384673549052E-16, 0.000000000000000000, -1.000000000000000000 ) ) ;
#4169 = LINE ( 'NONE', #2714, #4008 ) ;
#4170 = CIRCLE ( 'NONE', #2703, 6.120000000000000107 ) ;
#4171 = EDGE_CURVE ( 'NONE', #4283, #1544, #754, .T. ) ;
#4172 = DIRECTION ( 'NONE',  ( 0.000000000000000000, 0.000000000000000000, -1.000000000000000000 ) ) ;
#4173 = CARTESIAN_POINT ( 'NONE',  ( 120.0000000000000000, -11.00000000000000000, 2.750000000000002665 ) ) ;
#4174 = ADVANCED_FACE ( 'NONE', ( #2641 ), #3961, .F. ) ;
#4175 = DIRECTION ( 'NONE',  ( -0.000000000000000000, -1.000000000000000000, -0.000000000000000000 ) ) ;
#4176 = VERTEX_POINT ( 'NONE', #2535 ) ;
#4177 = CARTESIAN_POINT ( 'NONE',  ( 115.9436336839006003, -0.3879348319898862640, -10.23668291508156436 ) ) ;
#4178 = FACE_BOUND ( 'NONE', #2830, .T. ) ;
#4179 = ORIENTED_EDGE ( 'NONE', *, *, #2365, .F. ) ;
#4180 = CARTESIAN_POINT ( 'NONE',  ( 33.20936206161596971, -2.973359542481132767, 9.914486006099689774 ) ) ;
#4181 = EDGE_CURVE ( 'NONE', #107, #519, #3653, .T. ) ;
#4182 = CARTESIAN_POINT ( 'NONE',  ( -35.89996320735348689, -0.5140780408429750370, -10.81138701189700591 ) ) ;
#4183 = VECTOR ( 'NONE', #1388, 1000.000000000000000 ) ;
#4184 = B_SPLINE_CURVE_WITH_KNOTS ( 'NONE', 3,
 ( #66, #703, #3660, #338, #153, #89, #4595, #501, #827, #522 ),
 .UNSPECIFIED., .F., .F.,
 ( 4, 2, 2, 2, 4 ),
 ( -1.095445118201853144E-05, 0.001531455004230857777, 0.003073864459643734035, 0.004616273915056610076, 0.006158683370469491755 ),
 .UNSPECIFIED. ) ;
#4185 = DIRECTION ( 'NONE',  ( 0.000000000000000000, 0.000000000000000000, -1.000000000000000000 ) ) ;
#4186 = AXIS2_PLACEMENT_3D ( 'NONE', #4515, #4495, #1513 ) ;
#4187 = DIRECTION ( 'NONE',  ( 0.000000000000000000, -0.9960899970922360014, -0.08834431330192872578 ) ) ;
#4188 = ADVANCED_FACE ( 'NONE', ( #1212 ), #914, .T. ) ;
#4189 = ORIENTED_EDGE ( 'NONE', *, *, #1080, .T. ) ;
#4190 = DIRECTION ( 'NONE',  ( 0.000000000000000000, -1.000000000000000000, 0.000000000000000000 ) ) ;
#4191 = VERTEX_POINT ( 'NONE', #892 ) ;
#4192 = DIRECTION ( 'NONE',  ( 0.000000000000000000, -0.000000000000000000, -1.000000000000000000 ) ) ;
#4193 = DIRECTION ( 'NONE',  ( 0.000000000000000000, 0.000000000000000000, -1.000000000000000000 ) ) ;
#4194 = DIRECTION ( 'NONE',  ( 0.000000000000000000, 0.000000000000000000, 1.000000000000000000 ) ) ;
#4195 = CIRCLE ( 'NONE', #3179, 8.999999999999980460 ) ;
#4196 = DIRECTION ( 'NONE',  ( -0.000000000000000000, -1.000000000000000000, -0.000000000000000000 ) ) ;
#4197 = CIRCLE ( 'NONE', #14, 3.000000000000000888 ) ;
#4198 = AXIS2_PLACEMENT_3D ( 'NONE', #4249, #4651, #1701 ) ;
#4199 = CYLINDRICAL_SURFACE ( 'NONE', #2015, 6.120000000000000107 ) ;
#4200 = VERTEX_POINT ( 'NONE', #2683 ) ;
#4201 = FACE_OUTER_BOUND ( 'NONE', #164, .T. ) ;
#4202 = CIRCLE ( 'NONE', #640, 13.99999999999999112 ) ;
#4203 = ADVANCED_FACE ( 'NONE', ( #2290 ), #538, .F. ) ;
#4204 = CARTESIAN_POINT ( 'NONE',  ( -90.00000000000001421, -3.000000000000002665, 6.000000000000019540 ) ) ;
#4205 = ORIENTED_EDGE ( 'NONE', *, *, #1900, .F. ) ;
#4206 = CARTESIAN_POINT ( 'NONE',  ( -117.2500000000000000, -11.41999999999999993, 0.000000000000000000 ) ) ;
#4207 = CARTESIAN_POINT ( 'NONE',  ( -43.66586629001483288, -2.999999999999997335, -9.428571428571427049 ) ) ;
#4208 = DIRECTION ( 'NONE',  ( -0.000000000000000000, -0.000000000000000000, -1.000000000000000000 ) ) ;
#4209 = EDGE_CURVE ( 'NONE', #896, #1910, #1340, .T. ) ;
#4210 = ORIENTED_EDGE ( 'NONE', *, *, #523, .T. ) ;
#4211 = AXIS2_PLACEMENT_3D ( 'NONE', #584, #3151, #3883 ) ;
#4212 = CARTESIAN_POINT ( 'NONE',  ( 41.13344111536488157, 0.1152628777392464832, 12.82425983559530991 ) ) ;
#4213 = ORIENTED_EDGE ( 'NONE', *, *, #1538, .F. ) ;
#4214 = DIRECTION ( 'NONE',  ( 1.000000000000000000, 0.000000000000000000, 6.608470384673549052E-16 ) ) ;
#4215 = ORIENTED_EDGE ( 'NONE', *, *, #664, .T. ) ;
#4216 = CARTESIAN_POINT ( 'NONE',  ( -119.7445185887247732, -0.5355522206100684635, -11.00019923545573874 ) ) ;
#4217 = CARTESIAN_POINT ( 'NONE',  ( -36.76038508033474272, -2.686563675237859439, -10.93276237596960954 ) ) ;
#4218 = CIRCLE ( 'NONE', #3128, 6.120000000000000107 ) ;
#4219 = CARTESIAN_POINT ( 'NONE',  ( 64.99999999999997158, -40.00000000000000000, 0.000000000000000000 ) ) ;
#4220 = CARTESIAN_POINT ( 'NONE',  ( -121.2396149196652146, -2.686563675237868321, 10.93276237596960954 ) ) ;
#4221 = DIRECTION ( 'NONE',  ( 0.000000000000000000, 0.000000000000000000, -1.000000000000000000 ) ) ;
#4222 = EDGE_LOOP ( 'NONE', ( #929, #3133, #304, #2689 ) ) ;
#4223 = CARTESIAN_POINT ( 'NONE',  ( 113.3358060790298225, 2.660283059342321291E-15, -12.16432559199135888 ) ) ;
#4224 = CARTESIAN_POINT ( 'NONE',  ( -37.99999999999999289, -15.00000000000000000, 0.000000000000000000 ) ) ;
#4225 = ORIENTED_EDGE ( 'NONE', *, *, #3259, .T. ) ;
#4226 = CIRCLE ( 'NONE', #2289, 10.99999999999999289 ) ;
#4227 = CARTESIAN_POINT ( 'NONE',  ( -114.7651558838167034, -2.999999999999998224, 9.687583520006706195 ) ) ;
#4228 = EDGE_CURVE ( 'NONE', #568, #3505, #4579, .T. ) ;
#4229 = CARTESIAN_POINT ( 'NONE',  ( -40.60551785925637347, -0.4943164166438693274, -10.69115549662344122 ) ) ;
#4230 = AXIS2_PLACEMENT_3D ( 'NONE', #135, #1307, #2301 ) ;
#4231 = EDGE_LOOP ( 'NONE', ( #350, #68, #4342, #1882, #1455 ) ) ;
#4232 = DIRECTION ( 'NONE',  ( 0.000000000000000000, 0.000000000000000000, -1.000000000000000000 ) ) ;
#4233 = CARTESIAN_POINT ( 'NONE',  ( 35.48833133536950157, 0.1358644507031563642, 12.89372449892726991 ) ) ;
#4234 = VERTEX_POINT ( 'NONE', #2403 ) ;
#4235 = DIRECTION ( 'NONE',  ( 0.000000000000000000, 0.000000000000000000, -1.000000000000000000 ) ) ;
#4236 = EDGE_CURVE ( 'NONE', #142, #4349, #172, .T. ) ;
#4237 = ORIENTED_EDGE ( 'NONE', *, *, #2009, .F. ) ;
#4238 = AXIS2_PLACEMENT_3D ( 'NONE', #2282, #4559, #3768 ) ;
#4239 = CARTESIAN_POINT ( 'NONE',  ( -38.49422675813563899, -2.660622408229037283, 10.99170142825163232 ) ) ;
#4240 = FACE_OUTER_BOUND ( 'NONE', #3757, .T. ) ;
#4241 = AXIS2_PLACEMENT_3D ( 'NONE', #739, #134, #526 ) ;
#4242 = ADVANCED_FACE ( 'NONE', ( #4323 ), #4297, .T. ) ;
#4243 = DIRECTION ( 'NONE',  ( -0.000000000000000000, 1.000000000000000000, -0.000000000000000000 ) ) ;
#4244 = AXIS2_PLACEMENT_3D ( 'NONE', #1207, #1541, #2609 ) ;
#4245 = CARTESIAN_POINT ( 'NONE',  ( 95.00000000000000000, 0.000000000000000000, 11.99999999999998579 ) ) ;
#4246 = VERTEX_POINT ( 'NONE', #2111 ) ;
#4247 = DIRECTION ( 'NONE',  ( 0.000000000000000000, 0.000000000000000000, -1.000000000000000000 ) ) ;
#4248 = ADVANCED_FACE ( 'NONE', ( #2452 ), #1012, .F. ) ;
#4249 = CARTESIAN_POINT ( 'NONE',  ( 79.99999999999998579, 35.00000000000000000, 27.00000000000002132 ) ) ;
#4250 = AXIS2_PLACEMENT_3D ( 'NONE', #459, #93, #1958 ) ;
#4251 = LINE ( 'NONE', #2398, #177 ) ;
#4252 = VERTEX_POINT ( 'NONE', #4375 ) ;
#4253 = CARTESIAN_POINT ( 'NONE',  ( -42.24192084656279178, 0.07647072468950631696, 12.67823394722789132 ) ) ;
#4254 = DIRECTION ( 'NONE',  ( -0.000000000000000000, 1.000000000000000000, -0.000000000000000000 ) ) ;
#4255 = ORIENTED_EDGE ( 'NONE', *, *, #775, .F. ) ;
#4256 = DIRECTION ( 'NONE',  ( -0.000000000000000000, -1.000000000000000000, -0.000000000000000000 ) ) ;
#4257 = CARTESIAN_POINT ( 'NONE',  ( -114.6833130347213938, -0.1377013677978477513, 9.638402091609101774 ) ) ;
#4258 = EDGE_LOOP ( 'NONE', ( #1259, #1142, #850, #2202, #4300, #299, #3480, #3430 ) ) ;
#4259 = DIRECTION ( 'NONE',  ( -1.000000000000000000, -0.000000000000000000, -0.000000000000000000 ) ) ;
#4260 = EDGE_CURVE ( 'NONE', #4770, #4637, #4133, .T. ) ;
#4261 = CIRCLE ( 'NONE', #2078, 10.99999999999999289 ) ;
#4262 = ORIENTED_EDGE ( 'NONE', *, *, #4393, .F. ) ;
#4263 = VECTOR ( 'NONE', #2242, 1000.000000000000000 ) ;
#4264 = CARTESIAN_POINT ( 'NONE',  ( 120.0000000000000000, -15.00000000000000000, -11.00000000000000711 ) ) ;
#4265 = CARTESIAN_POINT ( 'NONE',  ( -104.9671038417443043, -2.786652427357484640, 4.852404349750879753 ) ) ;
#4266 = DIRECTION ( 'NONE',  ( 0.000000000000000000, 0.000000000000000000, -1.000000000000000000 ) ) ;
#4267 = AXIS2_PLACEMENT_3D ( 'NONE', #136, #1673, #3145 ) ;
#4268 = CARTESIAN_POINT ( 'NONE',  ( 123.8842413874703965, -2.901150131221786665, 10.30324543672239201 ) ) ;
#4269 = ADVANCED_FACE ( 'NONE', ( #2162 ), #552, .F. ) ;
#4270 = ORIENTED_EDGE ( 'NONE', *, *, #4381, .T. ) ;
#4271 = AXIS2_PLACEMENT_3D ( 'NONE', #2559, #1011, #4712 ) ;
#4272 = CARTESIAN_POINT ( 'NONE',  ( 114.7638220958263702, -2.999999996255028112, -9.686782013175077921 ) ) ;
#4273 = CARTESIAN_POINT ( 'NONE',  ( 127.2111025509279614, 0.000000000000000000, -12.00000000000002132 ) ) ;
#4274 = DATE_AND_TIME ( #2793, #3052 ) ;
#4275 = VECTOR ( 'NONE', #1826, 1000.000000000000000 ) ;
#4276 = EDGE_CURVE ( 'NONE', #3212, #2356, #2555, .T. ) ;
#4277 = AXIS2_PLACEMENT_3D ( 'NONE', #1630, #1268, #3106 ) ;
#4278 = DIRECTION ( 'NONE',  ( -0.000000000000000000, -0.000000000000000000, -1.000000000000000000 ) ) ;
#4279 = ORIENTED_EDGE ( 'NONE', *, *, #3821, .F. ) ;
#4280 = CARTESIAN_POINT ( 'NONE',  ( 125.2361779041697929, -2.999999996255028112, 9.686782013177367645 ) ) ;
#4281 = VECTOR ( 'NONE', #2922, 1000.000000000000000 ) ;
#4282 = CARTESIAN_POINT ( 'NONE',  ( -113.8978252868430729, 0.01321386987366193234, 12.30789356747248853 ) ) ;
#4283 = VERTEX_POINT ( 'NONE', #4430 ) ;
#4284 = CYLINDRICAL_SURFACE ( 'NONE', #2408, 3.000000000000002665 ) ;
#4285 = VERTEX_POINT ( 'NONE', #1115 ) ;
#4286 = CARTESIAN_POINT ( 'NONE',  ( -121.9739482146991918, -2.731395220154447578, -10.82430589055401526 ) ) ;
#4287 = PLANE ( 'NONE',  #2396 ) ;
#4288 = ORIENTED_EDGE ( 'NONE', *, *, #3456, .T. ) ;
#4289 = CARTESIAN_POINT ( 'NONE',  ( -124.7924556893667614, -2.973440724493547460, -9.913453795269088431 ) ) ;
#4290 = CARTESIAN_POINT ( 'NONE',  ( -37.99999999999999289, -15.00000000000000000, 11.00000000000000000 ) ) ;
#4291 = ORIENTED_EDGE ( 'NONE', *, *, #1662, .F. ) ;
#4292 = DIRECTION ( 'NONE',  ( 0.000000000000000000, -1.000000000000000000, 0.000000000000000000 ) ) ;
#4293 = CARTESIAN_POINT ( 'NONE',  ( 112.7888974490720386, 0.000000000000000000, -12.00000000000001776 ) ) ;
#4294 = CIRCLE ( 'NONE', #3909, 6.000000000000000000 ) ;
#4295 = EDGE_CURVE ( 'NONE', #384, #4660, #190, .T. ) ;
#4296 = DIRECTION ( 'NONE',  ( 0.000000000000000000, -1.000000000000000000, 0.000000000000000000 ) ) ;
#4297 = CYLINDRICAL_SURFACE ( 'NONE', #1495, 10.99999999999999289 ) ;
#4298 = VERTEX_POINT ( 'NONE', #2721 ) ;
#4299 = DIRECTION ( 'NONE',  ( 0.000000000000000000, 0.000000000000000000, -1.000000000000000000 ) ) ;
#4300 = ORIENTED_EDGE ( 'NONE', *, *, #2822, .T. ) ;
#4301 = CARTESIAN_POINT ( 'NONE',  ( 37.99999999999823075, -2.656854249492383246, -10.99999999999999289 ) ) ;
#4302 = CARTESIAN_POINT ( 'NONE',  ( -118.2705829959780601, -2.714457617588095673, 10.86601476249826703 ) ) ;
#4303 = AXIS2_PLACEMENT_3D ( 'NONE', #44, #2991, #2940 ) ;
#4304 = DIRECTION ( 'NONE',  ( 0.000000000000000000, -0.000000000000000000, 1.000000000000000000 ) ) ;
#4305 = ADVANCED_FACE ( 'NONE', ( #2659 ), #3742, .F. ) ;
#4306 = VECTOR ( 'NONE', #2758, 1000.000000000000000 ) ;
#4307 = ORIENTED_EDGE ( 'NONE', *, *, #2283, .T. ) ;
#4308 = DIRECTION ( 'NONE',  ( 0.000000000000000000, 0.000000000000000000, -1.000000000000000000 ) ) ;
#4309 = CARTESIAN_POINT ( 'NONE',  ( -126.1021747131526070, 0.01321386987367362785, -12.30789356747254182 ) ) ;
#4310 = CARTESIAN_POINT ( 'NONE',  ( 115.1586983060348786, 0.05309304788855472718, 12.57610250751160841 ) ) ;
#4311 = VERTEX_POINT ( 'NONE', #444 ) ;
#4312 = DIRECTION ( 'NONE',  ( 0.000000000000000000, -1.000000000000000000, 0.000000000000000000 ) ) ;
#4313 = CARTESIAN_POINT ( 'NONE',  ( 34.86655888463510422, 0.1152628777392504522, -12.82425983559533478 ) ) ;
#4314 = APPROVAL ( #3279, 'UNSPECIFIED' ) ;
#4315 = CIRCLE ( 'NONE', #2837, 6.120000000000000107 ) ;
#4316 = EDGE_CURVE ( 'NONE', #773, #545, #3791, .T. ) ;
#4317 = DIRECTION ( 'NONE',  ( -1.000000000000000000, -0.000000000000000000, 1.387778780781445676E-16 ) ) ;
#4318 = DIRECTION ( 'NONE',  ( 0.000000000000000000, -0.000000000000000000, -1.000000000000000000 ) ) ;
#4319 = DIRECTION ( 'NONE',  ( -0.000000000000000000, -1.000000000000000000, -0.000000000000000000 ) ) ;
#4320 = EDGE_CURVE ( 'NONE', #570, #3009, #1030, .T. ) ;
#4321 = CARTESIAN_POINT ( 'NONE',  ( -38.00000000000175504, -2.656854249492375697, -11.00000000000000000 ) ) ;
#4322 = CARTESIAN_POINT ( 'NONE',  ( -104.8882895725710256, -0.8196126682486059023, 4.139934740529680468 ) ) ;
#4323 = FACE_OUTER_BOUND ( 'NONE', #4018, .T. ) ;
#4324 = ORIENTED_EDGE ( 'NONE', *, *, #1473, .T. ) ;
#4325 = CARTESIAN_POINT ( 'NONE',  ( 127.2111025509280182, 2.168404344971008868E-15, 11.99999999999998046 ) ) ;
#4326 = EDGE_CURVE ( 'NONE', #720, #3478, #2969, .T. ) ;
#4327 = ORIENTED_EDGE ( 'NONE', *, *, #1542, .T. ) ;
#4328 = CARTESIAN_POINT ( 'NONE',  ( 43.66586629001482578, -2.999999999999999112, 9.428571428571421720 ) ) ;
#4329 = CARTESIAN_POINT ( 'NONE',  ( -115.0822560048122654, -0.2405293788043110781, 9.852014752710205769 ) ) ;
#4330 = CARTESIAN_POINT ( 'NONE',  ( 37.99999999999999289, -15.00000000000000000, -6.120000000000000107 ) ) ;
#4331 = ORIENTED_EDGE ( 'NONE', *, *, #218, .F. ) ;
#4332 = ADVANCED_FACE ( 'NONE', ( #4178, #861 ), #3837, .T. ) ;
#4333 = LINE ( 'NONE', #163, #3560 ) ;
#4334 = FACE_OUTER_BOUND ( 'NONE', #2165, .T. ) ;
#4335 = CARTESIAN_POINT ( 'NONE',  ( 37.99999999999999289, -15.00000000000000000, 0.000000000000000000 ) ) ;
#4336 = ORIENTED_EDGE ( 'NONE', *, *, #664, .F. ) ;
#4337 = CARTESIAN_POINT ( 'NONE',  ( 150.0000000000000000, 32.00000000000000000, 14.99999999999997868 ) ) ;
#4338 = AXIS2_PLACEMENT_3D ( 'NONE', #1161, #3041, #4518 ) ;
#4339 = CARTESIAN_POINT ( 'NONE',  ( 30.78889744907203863, 2.602085213965210642E-15, -12.00000000000000533 ) ) ;
#4340 = CARTESIAN_POINT ( 'NONE',  ( -72.00000000000001421, 35.00000000000000000, 12.00000000000001066 ) ) ;
#4342 = ORIENTED_EDGE ( 'NONE', *, *, #2252, .T. ) ;
#4341 = AXIS2_PLACEMENT_3D ( 'NONE', #2237, #832, #1158 ) ;
#4343 = CARTESIAN_POINT ( 'NONE',  ( 118.1602969105821046, -0.5186765356941932525, -10.84879929160539014 ) ) ;
#4344 = CARTESIAN_POINT ( 'NONE',  ( 150.0000000000000000, 0.000000000000000000, 11.99999999999997335 ) ) ;
#4345 = CARTESIAN_POINT ( 'NONE',  ( 120.0000000000000000, -15.00000000000000000, 0.000000000000000000 ) ) ;
#4346 = CARTESIAN_POINT ( 'NONE',  ( -106.5702889454243660, 2.697024585173845357E-10, 3.972584560785479280 ) ) ;
#4347 = CARTESIAN_POINT ( 'NONE',  ( -32.68199282247023518, -0.1371807331380281714, -9.637608743005596779 ) ) ;
#4348 =( BOUNDED_SURFACE ( )  B_SPLINE_SURFACE ( 3, 2, ( 
 ( #2343, #1573, #4528 ),
 ( #1886, #1952, #1617 ),
 ( #3779, #2688, #4549 ),
 ( #849, #1195, #895 ),
 ( #1254, #430, #2316 ),
 ( #2732, #2644, #4163 ),
 ( #3388, #869, #4212 ),
 ( #3800, #3436, #3412 ),
 ( #2361, #3093, #108 ),
 ( #3845, #1594, #3824 ),
 ( #454, #1550, #3027 ),
 ( #3758, #4124, #499 ),
 ( #1975, #804, #4506 ),
 ( #4143, #825, #2294 ),
 ( #3916, #2852, #4636 ),
 ( #569, #1710, #4233 ),
 ( #200, #1735, #3210 ),
 ( #1368, #2458, #1013 ),
 ( #1997, #3186, #3504 ),
 ( #942, #3552, #2022 ),
 ( #2483, #593, #3116 ),
 ( #3479, #4687, #4593 ) ),
 .UNSPECIFIED., .F., .F., .F. ) 
 B_SPLINE_SURFACE_WITH_KNOTS ( ( 4, 2, 2, 2, 2, 2, 2, 2, 2, 2, 4 ),
 ( 3, 3 ),
 ( 0.000000000000000000, 0.001887074150390710605, 0.003774148300781421210, 0.004717685375976776729, 0.005661222451172131381, 0.007548296601562842420, 0.008491833676758198807, 0.009435370751953553459, 0.01132244490234426276, 0.01320951905273497380, 0.01509659320312568484 ),
 ( 0.000000000000000000, 1.000000000000000000 ),
 .UNSPECIFIED. ) 
 GEOMETRIC_REPRESENTATION_ITEM ( )  RATIONAL_B_SPLINE_SURFACE ( (
 ( 1.000000000000000000, 0.7071067811865473507, 1.000000000000000000),
 ( 1.000000000000000000, 0.7237121247994700024, 1.000000000000000000),
 ( 1.000000000000000000, 0.7389568843894543937, 1.000000000000000000),
 ( 1.000000000000000000, 0.7658791681116338124, 1.000000000000000000),
 ( 1.000000000000000000, 0.7775609741731780433, 1.000000000000000000),
 ( 1.000000000000000000, 0.7919178414669494348, 1.000000000000000000),
 ( 1.000000000000000000, 0.7961889419892931308, 1.000000000000000000),
 ( 1.000000000000000000, 0.8035279549140093014, 1.000000000000000000),
 ( 1.000000000000000000, 0.8065943441576288730, 1.000000000000000000),
 ( 1.000000000000000000, 0.8139739996312506110, 1.000000000000000000),
 ( 1.000000000000000000, 0.8164699156432634330, 1.000000000000000000),
 ( 1.000000000000000000, 0.8165095951494480975, 1.000000000000000000),
 ( 1.000000000000000000, 0.8159049651371835798, 1.000000000000000000),
 ( 1.000000000000000000, 0.8134420739528552824, 1.000000000000000000),
 ( 1.000000000000000000, 0.8115719170269093397, 1.000000000000000000),
 ( 1.000000000000000000, 0.8041602593825806222, 1.000000000000000000),
 ( 1.000000000000000000, 0.7968347466228962173, 1.000000000000000000),
 ( 1.000000000000000000, 0.7778762307524462738, 1.000000000000000000),
 ( 1.000000000000000000, 0.7662376414144379533, 1.000000000000000000),
 ( 1.000000000000000000, 0.7391200073973246409, 1.000000000000000000),
 ( 1.000000000000000000, 0.7236610937099399177, 1.000000000000000000),
 ( 1.000000000000000000, 0.7071067811865475727, 1.000000000000000000) ) ) 
 REPRESENTATION_ITEM ( '' )  SURFACE ( )  );
#4349 = VERTEX_POINT ( 'NONE', #2355 ) ;
#4350 = DIRECTION ( 'NONE',  ( -0.000000000000000000, 1.000000000000000000, -0.000000000000000000 ) ) ;
#4351 = AXIS2_PLACEMENT_3D ( 'NONE', #3085, #2332, #1543 ) ;
#4352 = VERTEX_POINT ( 'NONE', #423 ) ;
#4353 = FACE_OUTER_BOUND ( 'NONE', #124, .T. ) ;
#4354 = LINE ( 'NONE', #1042, #1397 ) ;
#4355 = CARTESIAN_POINT ( 'NONE',  ( -119.7531632477411137, -2.656854249492356601, -11.00000000000003197 ) ) ;
#4356 = AXIS2_PLACEMENT_3D ( 'NONE', #1392, #4683, #963 ) ;
#4357 = EDGE_CURVE ( 'NONE', #364, #1965, #257, .T. ) ;
#4358 = VERTEX_POINT ( 'NONE', #1248 ) ;
#4359 = DIRECTION ( 'NONE',  ( 0.000000000000000000, 0.000000000000000000, -1.000000000000000000 ) ) ;
#4360 = FACE_OUTER_BOUND ( 'NONE', #1584, .T. ) ;
#4361 = CARTESIAN_POINT ( 'NONE',  ( -105.0000000000000284, -2.881276631396721299, 5.422972399187568904 ) ) ;
#4362 = ORIENTED_EDGE ( 'NONE', *, *, #4765, .T. ) ;
#4363 = DIRECTION ( 'NONE',  ( 0.8571428571428539867, -1.191358941216298373E-15, -0.5150787536377180453 ) ) ;
#4364 = CARTESIAN_POINT ( 'NONE',  ( 150.0000000000000000, 35.00000000000000000, -15.00000000000002309 ) ) ;
#4365 = DIRECTION ( 'NONE',  ( 1.000000000000000000, 0.000000000000000000, -1.387778780781445676E-16 ) ) ;
#4366 = DIRECTION ( 'NONE',  ( 0.000000000000000000, 1.000000000000000000, 0.000000000000000000 ) ) ;
#4367 = VECTOR ( 'NONE', #1702, 1000.000000000000000 ) ;
#4368 = CARTESIAN_POINT ( 'NONE',  ( 124.9138075751519921, -0.2416334642031023883, -9.854213596358265548 ) ) ;
#4369 = DIRECTION ( 'NONE',  ( 0.000000000000000000, 0.000000000000000000, -1.000000000000000000 ) ) ;
#4370 = APPROVAL_STATUS ( 'not_yet_approved' ) ;
#4371 = DIRECTION ( 'NONE',  ( 0.000000000000000000, 0.000000000000000000, 1.000000000000000000 ) ) ;
#4372 = CARTESIAN_POINT ( 'NONE',  ( -103.6971158638718862, -2.981003754014751372, -0.1213646659116546511 ) ) ;
#4373 = AXIS2_PLACEMENT_3D ( 'NONE', #3713, #4019, #4746 ) ;
#4374 = EDGE_LOOP ( 'NONE', ( #3387, #577 ) ) ;
#4375 = CARTESIAN_POINT ( 'NONE',  ( -107.4780193260011885, 0.000000000000000000, 6.260990336999431527 ) ) ;
#4376 = ORIENTED_EDGE ( 'NONE', *, *, #964, .F. ) ;
#4377 = CARTESIAN_POINT ( 'NONE',  ( 119.5131896214472675, -2.660471519799996631, 10.99203693796835957 ) ) ;
#4378 = ORIENTED_EDGE ( 'NONE', *, *, #2676, .F. ) ;
#4379 = CARTESIAN_POINT ( 'NONE',  ( 120.0000000000017621, -2.656854249492369036, 11.00000000000000711 ) ) ;
#4380 = CYLINDRICAL_SURFACE ( 'NONE', #2746, 10.99999999999999289 ) ;
#4381 = EDGE_CURVE ( 'NONE', #3558, #1755, #3887, .T. ) ;
#4382 = CARTESIAN_POINT ( 'NONE',  ( -112.7888974490720528, 0.000000000000000000, 12.00000000000001599 ) ) ;
#4383 = EDGE_CURVE ( 'NONE', #3320, #2295, #2267, .T. ) ;
#4384 = CIRCLE ( 'NONE', #3769, 2.999999999999999112 ) ;
#4385 = ORIENTED_EDGE ( 'NONE', *, *, #4236, .T. ) ;
#4386 = DIRECTION ( 'NONE',  ( -1.000000000000000000, 0.000000000000000000, 1.387778780781445676E-16 ) ) ;
#4387 = CARTESIAN_POINT ( 'NONE',  ( -114.3341337099851387, -2.999999999999997335, -9.428571428571412838 ) ) ;
#4388 = CARTESIAN_POINT ( 'NONE',  ( -104.4740210040345829, -2.690776570156764524, 2.021319963277961929 ) ) ;
#4389 = VERTEX_POINT ( 'NONE', #3471 ) ;
#4390 = DIRECTION ( 'NONE',  ( 0.000000000000000000, 0.000000000000000000, 1.000000000000000000 ) ) ;
#4391 = VECTOR ( 'NONE', #3481, 1000.000000000000000 ) ;
#4392 = DIRECTION ( 'NONE',  ( 0.000000000000000000, 0.000000000000000000, -1.000000000000000000 ) ) ;
#4393 = EDGE_CURVE ( 'NONE', #2481, #819, #322, .T. ) ;
#4394 = CARTESIAN_POINT ( 'NONE',  ( -37.99999999999999289, -11.41999999999999993, -6.120000000000000107 ) ) ;
#4395 = DIRECTION ( 'NONE',  ( 0.000000000000000000, 0.000000000000000000, 1.000000000000000000 ) ) ;
#4396 = CARTESIAN_POINT ( 'NONE',  ( 120.9831337615359388, -2.675164730406824898, -10.95880049992952543 ) ) ;
#4397 = CARTESIAN_POINT ( 'NONE',  ( -90.00000000000002842, 28.15000000000000213, 16.26000000000001933 ) ) ;
#4398 = PERSON_AND_ORGANIZATION_ROLE ( 'design_supplier' ) ;
#4399 = CARTESIAN_POINT ( 'NONE',  ( 150.0000000000000000, 2.000000000000000000, 0.000000000000000000 ) ) ;
#4400 = DIRECTION ( 'NONE',  ( 0.000000000000000000, 0.000000000000000000, 1.000000000000000000 ) ) ;
#4401 = EDGE_CURVE ( 'NONE', #2752, #1807, #795, .T. ) ;
#4402 = CIRCLE ( 'NONE', #3150, 2.999999999999999112 ) ;
#4403 = CARTESIAN_POINT ( 'NONE',  ( -108.0000000000000284, 0.000000000000000000, 7.211102550928016441 ) ) ;
#4404 = VECTOR ( 'NONE', #1242, 1000.000000000000000 ) ;
#4405 = ORIENTED_EDGE ( 'NONE', *, *, #887, .T. ) ;
#4406 = CARTESIAN_POINT ( 'NONE',  ( 118.7487388489592348, 0.1624176347297993650, 12.97378213628952537 ) ) ;
#4407 = ORIENTED_EDGE ( 'NONE', *, *, #3827, .T. ) ;
#4408 = CARTESIAN_POINT ( 'NONE',  ( -106.1393118336523713, 0.000000000000000000, -1.970107498404793933 ) ) ;
#4409 = AXIS2_PLACEMENT_3D ( 'NONE', #3328, #4452, #1137 ) ;
#4410 = CARTESIAN_POINT ( 'NONE',  ( -120.6195768454356880, 0.1697642401667062984, 12.99493259691796787 ) ) ;
#4411 = CARTESIAN_POINT ( 'NONE',  ( 120.0000000000000000, -11.00000000000000000, -2.750000000000002665 ) ) ;
#4412 = ADVANCED_FACE ( 'NONE', ( #2635 ), #2268, .T. ) ;
#4413 = ORIENTED_EDGE ( 'NONE', *, *, #2455, .T. ) ;
#4414 = CARTESIAN_POINT ( 'NONE',  ( 45.21110255092797559, 0.000000000000000000, 11.99999999999999289 ) ) ;
#4415 = LINE ( 'NONE', #1787, #2654 ) ;
#4416 = EDGE_CURVE ( 'NONE', #1575, #4467, #2181, .T. ) ;
#4417 = ORIENTED_EDGE ( 'NONE', *, *, #3614, .T. ) ;
#4418 = CARTESIAN_POINT ( 'NONE',  ( -30.78889744907202441, -2.999999999999999112, 12.00000000000000711 ) ) ;
#4419 = LINE ( 'NONE', #735, #2103 ) ;
#4420 = CARTESIAN_POINT ( 'NONE',  ( 34.40753469196499026, -0.4354054784964220826, -10.41097043727759797 ) ) ;
#4421 = DIRECTION ( 'NONE',  ( 0.000000000000000000, -1.000000000000000000, 0.000000000000000000 ) ) ;
#4422 = DIRECTION ( 'NONE',  ( 0.000000000000000000, 0.000000000000000000, -1.000000000000000000 ) ) ;
#4423 = CARTESIAN_POINT ( 'NONE',  ( -120.0000000000000000, 0.000000000000000000, 0.000000000000000000 ) ) ;
#4424 = TOROIDAL_SURFACE ( 'NONE', #619, 6.000000000000000000, 3.000000000000000000 ) ;
#4425 = CARTESIAN_POINT ( 'NONE',  ( 79.99999999999998579, 28.15000000000000213, 27.00000000000002132 ) ) ;
#4426 = EDGE_CURVE ( 'NONE', #188, #77, #3425, .T. ) ;
#4427 = VECTOR ( 'NONE', #281, 1000.000000000000000 ) ;
#4428 = CARTESIAN_POINT ( 'NONE',  ( -43.23484411618328949, -2.999999999999998224, -9.687583520006697313 ) ) ;
#4429 = CARTESIAN_POINT ( 'NONE',  ( -120.0000000000000000, -15.00000000000000000, 0.000000000000000000 ) ) ;
#4430 = CARTESIAN_POINT ( 'NONE',  ( -90.00000000000002842, -40.00000000000000000, 42.00000000000003553 ) ) ;
#4431 = ORIENTED_EDGE ( 'NONE', *, *, #2238, .T. ) ;
#4432 = CARTESIAN_POINT ( 'NONE',  ( 119.0168662384640470, -2.675164730406812019, 10.95880049992952543 ) ) ;
#4433 = PERSON ( 'UNSPECIFIED', 'UNSPECIFIED', 'UNSPECIFIED', ('UNSPECIFIED'), ('UNSPECIFIED'), ('UNSPECIFIED') ) ;
#4434 = VERTEX_POINT ( 'NONE', #493 ) ;
#4435 = CARTESIAN_POINT ( 'NONE',  ( 34.95974808067815331, 0.1188004734802616119, -12.84009311048450286 ) ) ;
#4436 = CARTESIAN_POINT ( 'NONE',  ( -122.5116686646348683, 0.1358644507030304927, 12.89372449892690753 ) ) ;
#4437 = TOROIDAL_SURFACE ( 'NONE', #713, 6.000000000000000000, 3.000000000000000000 ) ;
#4438 = LINE ( 'NONE', #4769, #1717 ) ;
#4439 = VECTOR ( 'NONE', #1170, 1000.000000000000000 ) ;
#4440 = ORIENTED_EDGE ( 'NONE', *, *, #2186, .T. ) ;
#4441 = LINE ( 'NONE', #2512, #3062 ) ;
#4442 = CARTESIAN_POINT ( 'NONE',  ( -118.7672209769170877, -2.686228507470488136, -10.93354172456713513 ) ) ;
#4443 = AXIS2_PLACEMENT_3D ( 'NONE', #930, #3836, #1169 ) ;
#4444 = ORIENTED_EDGE ( 'NONE', *, *, #158, .F. ) ;
#4445 = CARTESIAN_POINT ( 'NONE',  ( 37.99999999999823075, -2.656854249492383246, -10.99999999999999289 ) ) ;
#4446 = CARTESIAN_POINT ( 'NONE',  ( -37.99999999999999289, 0.000000000000000000, 0.000000000000000000 ) ) ;
#4447 = CIRCLE ( 'NONE', #3274, 2.999999999999999112 ) ;
#4448 = ORIENTED_EDGE ( 'NONE', *, *, #3083, .F. ) ;
#4449 = CARTESIAN_POINT ( 'NONE',  ( 79.99999999999998579, 0.000000000000000000, 6.000000000000015987 ) ) ;
#4450 = DIRECTION ( 'NONE',  ( 0.000000000000000000, 0.000000000000000000, -1.000000000000000000 ) ) ;
#4451 = DIRECTION ( 'NONE',  ( 1.000000000000000000, 0.000000000000000000, -5.782411586589351722E-16 ) ) ;
#4452 = DIRECTION ( 'NONE',  ( 0.000000000000000000, -1.000000000000000000, 0.000000000000000000 ) ) ;
#4453 = FACE_BOUND ( 'NONE', #776, .T. ) ;
#4454 = FACE_OUTER_BOUND ( 'NONE', #2587, .T. ) ;
#4455 = CARTESIAN_POINT ( 'NONE',  ( -34.58157941978635108, -2.855187496743229136, 10.46713792506248808 ) ) ;
#4456 = ORIENTED_EDGE ( 'NONE', *, *, #326, .F. ) ;
#4457 = CARTESIAN_POINT ( 'NONE',  ( 112.7888974490719676, 2.602085213965210642E-15, 11.99999999999998224 ) ) ;
#4458 = EDGE_CURVE ( 'NONE', #4434, #3066, #482, .T. ) ;
#4459 = VERTEX_POINT ( 'NONE', #2446 ) ;
#4460 = FACE_OUTER_BOUND ( 'NONE', #1706, .T. ) ;
#4461 = CARTESIAN_POINT ( 'NONE',  ( -125.6658662900148187, 3.035766082959412021E-15, 9.428571428571439483 ) ) ;
#4462 = CARTESIAN_POINT ( 'NONE',  ( -119.3890243281695120, 0.1715519580164953650, 12.99994083710985393 ) ) ;
#4463 = EDGE_LOOP ( 'NONE', ( #1256, #631, #542, #4213, #3959 ) ) ;
#4464 = EDGE_LOOP ( 'NONE', ( #616, #3752, #2318, #3814 ) ) ;
#4465 = CARTESIAN_POINT ( 'NONE',  ( 120.0000000000000000, -11.00000000000000000, 0.000000000000000000 ) ) ;
#4466 = EDGE_CURVE ( 'NONE', #2502, #1343, #3574, .T. ) ;
#4467 = VERTEX_POINT ( 'NONE', #2792 ) ;
#4468 = DIRECTION ( 'NONE',  ( -0.000000000000000000, -1.000000000000000000, -0.000000000000000000 ) ) ;
#4469 = ORIENTED_EDGE ( 'NONE', *, *, #3764, .T. ) ;
#4470 = DIRECTION ( 'NONE',  ( 0.000000000000000000, 0.000000000000000000, -1.000000000000000000 ) ) ;
#4471 = CARTESIAN_POINT ( 'NONE',  ( -37.99999999999999289, -15.00000000000000000, -8.999999999999980460 ) ) ;
#4472 = CARTESIAN_POINT ( 'NONE',  ( 150.0000000000000000, 35.00000000000000000, -13.00000000000002309 ) ) ;
#4473 = VECTOR ( 'NONE', #3808, 1000.000000000000000 ) ;
#4474 = CARTESIAN_POINT ( 'NONE',  ( 150.0000000000000000, 3.000000000000002665, 14.99999999999997868 ) ) ;
#4475 = EDGE_CURVE ( 'NONE', #2901, #3366, #3516, .T. ) ;
#4476 = DIRECTION ( 'NONE',  ( -0.000000000000000000, -1.000000000000000000, -0.000000000000000000 ) ) ;
#4477 = CARTESIAN_POINT ( 'NONE',  ( -72.00000000000002842, 0.000000000000000000, 6.000000000000019540 ) ) ;
#4478 = ADVANCED_FACE ( 'NONE', ( #2012 ), #2397, .T. ) ;
#4479 = DIRECTION ( 'NONE',  ( 0.000000000000000000, 0.000000000000000000, -1.000000000000000000 ) ) ;
#4480 = VERTEX_POINT ( 'NONE', #191 ) ;
#4481 = FACE_OUTER_BOUND ( 'NONE', #374, .T. ) ;
#4482 = ORIENTED_EDGE ( 'NONE', *, *, #3832, .T. ) ;
#4483 = DIRECTION ( 'NONE',  ( 0.000000000000000000, 8.673617379884035472E-16, -1.000000000000000000 ) ) ;
#4484 = CARTESIAN_POINT ( 'NONE',  ( 116.4075346919628089, -0.4354054784960045277, -10.41097043727872951 ) ) ;
#4485 = CARTESIAN_POINT ( 'NONE',  ( 150.0000000000000000, 32.00000000000000000, -15.00000000000002309 ) ) ;
#4486 = EDGE_CURVE ( 'NONE', #2496, #4799, #840, .T. ) ;
#4487 = ORIENTED_EDGE ( 'NONE', *, *, #2543, .F. ) ;
#4488 = CARTESIAN_POINT ( 'NONE',  ( 98.00000000000000000, 35.00000000000000000, 11.99999999999998579 ) ) ;
#4489 = ORIENTED_EDGE ( 'NONE', *, *, #3691, .F. ) ;
#4490 = CARTESIAN_POINT ( 'NONE',  ( 120.0000000000000000, -11.00000000000000000, 0.000000000000000000 ) ) ;
#4491 = AXIS2_PLACEMENT_3D ( 'NONE', #2235, #2547, #3721 ) ;
#4492 = ORIENTED_EDGE ( 'NONE', *, *, #24, .T. ) ;
#4493 = CARTESIAN_POINT ( 'NONE',  ( 95.00000000000000000, -40.00000000000000000, 6.000000000000019540 ) ) ;
#4494 = DIRECTION ( 'NONE',  ( 0.000000000000000000, 0.000000000000000000, -1.000000000000000000 ) ) ;
#4495 = DIRECTION ( 'NONE',  ( 1.000000000000000000, 0.000000000000000000, -6.608470384673549052E-16 ) ) ;
#4496 = CARTESIAN_POINT ( 'NONE',  ( -120.0000000000000000, -2.999999999999999112, 0.000000000000000000 ) ) ;
#4497 = DIRECTION ( 'NONE',  ( 1.000000000000000000, 0.000000000000000000, 0.000000000000000000 ) ) ;
#4498 = FACE_OUTER_BOUND ( 'NONE', #3763, .T. ) ;
#4499 = DIRECTION ( 'NONE',  ( -1.000000000000000000, -0.000000000000000000, 1.387778780781445676E-16 ) ) ;
#4500 = EDGE_LOOP ( 'NONE', ( #1497, #88, #2850, #337 ) ) ;
#4501 = CIRCLE ( 'NONE', #936, 2.999999999999999556 ) ;
#4502 = DIRECTION ( 'NONE',  ( 0.000000000000000000, 0.000000000000000000, -1.000000000000000000 ) ) ;
#4503 = CIRCLE ( 'NONE', #3645, 6.119999999999986784 ) ;
#4504 = DIRECTION ( 'NONE',  ( 1.000000000000000000, 0.000000000000000000, -1.387778780781445676E-16 ) ) ;
#4505 = VERTEX_POINT ( 'NONE', #979 ) ;
#4506 = CARTESIAN_POINT ( 'NONE',  ( 37.38042315456758757, 0.1697642401667797396, 12.99493259691815972 ) ) ;
#4507 = EDGE_LOOP ( 'NONE', ( #591, #1246, #2253, #1445 ) ) ;
#4508 = LINE ( 'NONE', #1977, #4391 ) ;
#4509 = AXIS2_PLACEMENT_3D ( 'NONE', #1369, #3917, #3600 ) ;
#4510 = EDGE_CURVE ( 'NONE', #1854, #3838, #1260, .T. ) ;
#4511 = EDGE_LOOP ( 'NONE', ( #2139, #3595, #1352, #403, #4376 ) ) ;
#4512 = AXIS2_PLACEMENT_3D ( 'NONE', #4017, #823, #1971 ) ;
#4513 = CARTESIAN_POINT ( 'NONE',  ( -150.0000000000000000, 0.000000000000000000, -11.99999999999997868 ) ) ;
#4514 = CARTESIAN_POINT ( 'NONE',  ( -90.00000000000002842, -40.00000000000000000, 27.00000000000002132 ) ) ;
#4515 = CARTESIAN_POINT ( 'NONE',  ( -72.00000000000004263, 3.000000000000002665, 12.00000000000001066 ) ) ;
#4516 = CARTESIAN_POINT ( 'NONE',  ( -33.15869830603494250, 0.05309304788855373491, -12.57610250751162084 ) ) ;
#4517 = AXIS2_PLACEMENT_3D ( 'NONE', #1972, #2753, #2020 ) ;
#4518 = DIRECTION ( 'NONE',  ( 0.000000000000000000, -0.000000000000000000, -1.000000000000000000 ) ) ;
#4519 = CARTESIAN_POINT ( 'NONE',  ( 62.72781742089862433, 35.00000000000000000, 12.72784468858362850 ) ) ;
#4520 = EDGE_CURVE ( 'NONE', #4252, #2135, #4202, .T. ) ;
#4521 = CARTESIAN_POINT ( 'NONE',  ( -90.00000000000001421, -40.00000000000000000, 6.000000000000019540 ) ) ;
#4522 = ORIENTED_EDGE ( 'NONE', *, *, #4043, .T. ) ;
#4523 = DIRECTION ( 'NONE',  ( -0.000000000000000000, 1.000000000000000000, -0.000000000000000000 ) ) ;
#4524 = CARTESIAN_POINT ( 'NONE',  ( -41.42209841383925095, -2.855540945636699135, -10.46591555408568830 ) ) ;
#4525 = DIRECTION ( 'NONE',  ( 0.000000000000000000, 1.000000000000000000, 0.000000000000000000 ) ) ;
#4526 = EDGE_CURVE ( 'NONE', #968, #3000, #1725, .T. ) ;
#4527 = ORIENTED_EDGE ( 'NONE', *, *, #2425, .T. ) ;
#4528 = CARTESIAN_POINT ( 'NONE',  ( 45.21110255092796848, 2.602085213965210642E-15, 11.99999999999999289 ) ) ;
#4529 = EDGE_LOOP ( 'NONE', ( #3324, #1341, #1199, #197 ) ) ;
#4530 = FACE_OUTER_BOUND ( 'NONE', #808, .T. ) ;
#4531 = CIRCLE ( 'NONE', #4073, 2.999999999999998668 ) ;
#4532 = ADVANCED_FACE ( 'NONE', ( #1002 ), #2579, .F. ) ;
#4533 = ORIENTED_EDGE ( 'NONE', *, *, #1276, .T. ) ;
#4534 = CYLINDRICAL_SURFACE ( 'NONE', #4250, 6.120000000000000107 ) ;
#4535 = DIRECTION ( 'NONE',  ( -0.000000000000000000, -1.000000000000000000, -0.000000000000000000 ) ) ;
#4536 = CARTESIAN_POINT ( 'NONE',  ( -150.0000000000000000, 35.00000000000000000, 13.00000000000001954 ) ) ;
#4537 = ADVANCED_FACE ( 'NONE', ( #2035 ), #2974, .F. ) ;
#4538 = DIRECTION ( 'NONE',  ( 1.000000000000000000, 0.000000000000000000, 6.608470384673549052E-16 ) ) ;
#4539 = ORIENTED_EDGE ( 'NONE', *, *, #3821, .T. ) ;
#4540 = CIRCLE ( 'NONE', #2845, 6.000000000000000000 ) ;
#4541 = DIRECTION ( 'NONE',  ( 0.000000000000000000, -1.000000000000000000, 0.000000000000000000 ) ) ;
#4542 = EDGE_LOOP ( 'NONE', ( #1692, #4448, #2988, #2058 ) ) ;
#4543 = ADVANCED_FACE ( 'NONE', ( #958 ), #1269, .F. ) ;
#4544 = ADVANCED_FACE ( 'NONE', ( #910 ), #167, .T. ) ;
#4545 = CARTESIAN_POINT ( 'NONE',  ( -40.43486385713042353, 0.1401118937165284628, 12.92148731006870932 ) ) ;
#4546 = CARTESIAN_POINT ( 'NONE',  ( -44.66419392096715058, 2.693223263767426739E-15, -12.16432559198737806 ) ) ;
#4547 = DIRECTION ( 'NONE',  ( 0.000000000000000000, 0.000000000000000000, 1.000000000000000000 ) ) ;
#4548 = AXIS2_PLACEMENT_3D ( 'NONE', #4051, #4775, #3716 ) ;
#4549 = CARTESIAN_POINT ( 'NONE',  ( 44.10217471315694837, 0.01321386987359758451, 12.30789356747203378 ) ) ;
#4550 = ORIENTED_EDGE ( 'NONE', *, *, #2021, .T. ) ;
#4551 = DIRECTION ( 'NONE',  ( 0.000000000000000000, 0.000000000000000000, -1.000000000000000000 ) ) ;
#4552 = ADVANCED_FACE ( 'NONE', ( #1312 ), #1103, .F. ) ;
#4553 = ORIENTED_EDGE ( 'NONE', *, *, #4128, .F. ) ;
#4554 = ADVANCED_FACE ( 'NONE', ( #4052 ), #1118, .F. ) ;
#4555 = LINE ( 'NONE', #435, #3809 ) ;
#4556 = DIRECTION ( 'NONE',  ( -0.000000000000000000, -1.000000000000000000, -0.000000000000000000 ) ) ;
#4557 = AXIS2_PLACEMENT_3D ( 'NONE', #4056, #1081, #1867 ) ;
#4558 = CARTESIAN_POINT ( 'NONE',  ( 61.99999999999997158, -2.999999999999997335, 11.99999999999999112 ) ) ;
#4559 = DIRECTION ( 'NONE',  ( 0.8571428571428574283, -2.978397353040714377E-16, -0.5150787536377126052 ) ) ;
#4560 = DIRECTION ( 'NONE',  ( 0.000000000000000000, -1.000000000000000000, 0.000000000000000000 ) ) ;
#4561 = ORIENTED_EDGE ( 'NONE', *, *, #2517, .F. ) ;
#4562 = DIRECTION ( 'NONE',  ( -0.000000000000000000, 1.000000000000000000, -0.000000000000000000 ) ) ;
#4563 = CARTESIAN_POINT ( 'NONE',  ( 125.6658662900148329, -2.999999999999999112, -9.428571428571439483 ) ) ;
#4564 = EDGE_CURVE ( 'NONE', #4774, #3684, #4419, .T. ) ;
#4565 = ORIENTED_EDGE ( 'NONE', *, *, #33, .F. ) ;
#4566 = CARTESIAN_POINT ( 'NONE',  ( 37.99999999999999289, -15.00000000000000000, 2.749999999999999112 ) ) ;
#4567 = CARTESIAN_POINT ( 'NONE',  ( -37.38042315456758757, 0.1697642401666889511, -12.99493259691789682 ) ) ;
#4568 = VECTOR ( 'NONE', #1492, 1000.000000000000000 ) ;
#4569 = CARTESIAN_POINT ( 'NONE',  ( 43.31800717753182539, -0.1371807331407910724, -9.637608743006277123 ) ) ;
#4570 = ORIENTED_EDGE ( 'NONE', *, *, #24, .F. ) ;
#4571 = DIRECTION ( 'NONE',  ( 0.000000000000000000, -1.000000000000000000, 0.000000000000000000 ) ) ;
#4572 = EDGE_LOOP ( 'NONE', ( #3333, #3451, #2044, #764 ) ) ;
#4573 = CARTESIAN_POINT ( 'NONE',  ( 150.0000000000000000, 3.000000000000002665, 11.99999999999997868 ) ) ;
#4574 = ORIENTED_EDGE ( 'NONE', *, *, #2681, .F. ) ;
#4575 = CARTESIAN_POINT ( 'NONE',  ( -122.5122977278218883, 0.1343023901165136813, -12.88819465762460581 ) ) ;
#4576 = CARTESIAN_POINT ( 'NONE',  ( 98.00000000000000000, 32.00000000000000000, 11.99999999999998579 ) ) ;
#4577 = CARTESIAN_POINT ( 'NONE',  ( 98.00000000000000000, 35.00000000000000000, 11.99999999999998579 ) ) ;
#4578 = CARTESIAN_POINT ( 'NONE',  ( -44.62596358776495009, 2.256495771485455314E-15, -12.17581237791300452 ) ) ;
#4579 = CIRCLE ( 'NONE', #408, 10.99999999999999289 ) ;
#4580 = DIRECTION ( 'NONE',  ( 0.000000000000000000, -1.000000000000000000, 0.000000000000000000 ) ) ;
#4581 = ORIENTED_EDGE ( 'NONE', *, *, #1092, .T. ) ;
#4582 = B_SPLINE_CURVE_WITH_KNOTS ( 'NONE', 3,
 ( #209, #1696, #4289, #3974, #2492, #997, #974, #3168, #3923, #1767 ),
 .UNSPECIFIED., .F., .F.,
 ( 4, 2, 2, 2, 4 ),
 ( 0.000000000000000000, 0.001485981294992220906, 0.002971962589984441811, 0.004457943884976662934, 0.005943925179968883622 ),
 .UNSPECIFIED. ) ;
#4583 = CARTESIAN_POINT ( 'NONE',  ( 37.99999999999999289, -15.00000000000000000, 0.000000000000000000 ) ) ;
#4584 = VECTOR ( 'NONE', #4350, 1000.000000000000000 ) ;
#4585 = CARTESIAN_POINT ( 'NONE',  ( 79.99999999999998579, -3.000000000000002665, 6.000000000000015987 ) ) ;
#4586 = ORIENTED_EDGE ( 'NONE', *, *, #4520, .T. ) ;
#4587 = CARTESIAN_POINT ( 'NONE',  ( -31.96423190623981370, 0.01488109377037363269, 12.32428037631672701 ) ) ;
#4588 = CARTESIAN_POINT ( 'NONE',  ( -40.70505151280009670, -2.790587238327982167, -10.66509412981954696 ) ) ;
#4589 = ADVANCED_FACE ( 'NONE', ( #4605 ), #3470, .T. ) ;
#4590 = ORIENTED_EDGE ( 'NONE', *, *, #2795, .T. ) ;
#4591 = CARTESIAN_POINT ( 'NONE',  ( 43.66586629001481157, 3.903127820947815174E-15, -9.428571428571432378 ) ) ;
#4592 = VERTEX_POINT ( 'NONE', #885 ) ;
#4593 = CARTESIAN_POINT ( 'NONE',  ( 30.78889744907202086, 2.602085213965210642E-15, 11.99999999999999645 ) ) ;
#4594 = ORIENTED_EDGE ( 'NONE', *, *, #2326, .F. ) ;
#4595 = CARTESIAN_POINT ( 'NONE',  ( -105.4454584874664675, 35.00000000000000000, 15.19626305275313882 ) ) ;
#4596 = EDGE_LOOP ( 'NONE', ( #2287, #3051, #847, #1467 ) ) ;
#4597 = ADVANCED_FACE ( 'NONE', ( #2354 ), #140, .T. ) ;
#4598 = CARTESIAN_POINT ( 'NONE',  ( -121.7294170040218972, -2.714457617587949567, -10.86601476249826703 ) ) ;
#4599 = FACE_OUTER_BOUND ( 'NONE', #4050, .T. ) ;
#4600 = AXIS2_PLACEMENT_3D ( 'NONE', #2173, #1786, #4386 ) ;
#4601 = CARTESIAN_POINT ( 'NONE',  ( 37.99999999999999289, -11.00000000000000000, -2.750000000000002665 ) ) ;
#4602 = CARTESIAN_POINT ( 'NONE',  ( -120.2468367522588721, -2.656854249492368147, 11.00000000000003020 ) ) ;
#4603 = FACE_OUTER_BOUND ( 'NONE', #2199, .T. ) ;
#4604 = ORIENTED_EDGE ( 'NONE', *, *, #3870, .T. ) ;
#4605 = FACE_OUTER_BOUND ( 'NONE', #1891, .T. ) ;
#4606 = DIRECTION ( 'NONE',  ( 1.049727191138619682E-16, -0.5150380749100528233, 0.8571673007021131108 ) ) ;
#4607 = DIRECTION ( 'NONE',  ( 0.000000000000000000, 0.000000000000000000, 1.000000000000000000 ) ) ;
#4608 = ADVANCED_FACE ( 'NONE', ( #4201 ), #1523, .F. ) ;
#4609 = EDGE_LOOP ( 'NONE', ( #4179, #494, #600, #3368 ) ) ;
#4610 = CARTESIAN_POINT ( 'NONE',  ( -37.99999999999999289, -15.00000000000000000, -6.120000000000000107 ) ) ;
#4611 = EDGE_CURVE ( 'NONE', #3414, #1766, #122, .T. ) ;
#4612 = CARTESIAN_POINT ( 'NONE',  ( -35.79892381307211480, 0.1427711910749760726, 12.91473666705792667 ) ) ;
#4613 = CIRCLE ( 'NONE', #3071, 2.999999999999999112 ) ;
#4614 = VERTEX_POINT ( 'NONE', #2034 ) ;
#4615 = ORIENTED_EDGE ( 'NONE', *, *, #1138, .F. ) ;
#4616 = CARTESIAN_POINT ( 'NONE',  ( -113.3358060790335031, 2.553477264129809044E-15, 12.16432559199079577 ) ) ;
#4617 = ORIENTED_EDGE ( 'NONE', *, *, #4426, .F. ) ;
#4618 = FACE_OUTER_BOUND ( 'NONE', #733, .T. ) ;
#4619 = EDGE_CURVE ( 'NONE', #3009, #4122, #4629, .T. ) ;
#4620 = ORIENTED_EDGE ( 'NONE', *, *, #747, .F. ) ;
#4621 = VECTOR ( 'NONE', #97, 1000.000000000000000 ) ;
#4622 = CARTESIAN_POINT ( 'NONE',  ( -119.5131896214473102, -2.660471519800001516, -10.99203693796834713 ) ) ;
#4623 = CARTESIAN_POINT ( 'NONE',  ( 150.0000000000000000, 3.000000000000002665, 11.99999999999997868 ) ) ;
#4624 = CIRCLE ( 'NONE', #2537, 2.999999999999999112 ) ;
#4625 = CARTESIAN_POINT ( 'NONE',  ( -37.99999999999999289, -12.99999999999996980, 0.000000000000000000 ) ) ;
#4626 = CIRCLE ( 'NONE', #2145, 3.000000000000000888 ) ;
#4627 = CARTESIAN_POINT ( 'NONE',  ( 125.2348441161832682, -2.999999999999998224, 9.687583520006691984 ) ) ;
#4628 = ORIENTED_EDGE ( 'NONE', *, *, #1962, .F. ) ;
#4629 = LINE ( 'NONE', #2330, #19 ) ;
#4630 = CARTESIAN_POINT ( 'NONE',  ( 150.0000000000000000, 3.000000000000002665, 11.99999999999997868 ) ) ;
#4631 = PERSON_AND_ORGANIZATION_ROLE ( 'creator' ) ;
#4632 = CARTESIAN_POINT ( 'NONE',  ( -35.53801055219408056, -2.769474244134197072, 10.72383688450593553 ) ) ;
#4633 = ORIENTED_EDGE ( 'NONE', *, *, #2476, .F. ) ;
#4634 = DIRECTION ( 'NONE',  ( 0.000000000000000000, 0.000000000000000000, -1.000000000000000000 ) ) ;
#4635 = EDGE_LOOP ( 'NONE', ( #2417, #2225, #2088, #201 ) ) ;
#4636 = CARTESIAN_POINT ( 'NONE',  ( 36.43100851609194279, 0.1568857463922719020, 12.95770837007657761 ) ) ;
#4637 = VERTEX_POINT ( 'NONE', #3147 ) ;
#4638 = DIRECTION ( 'NONE',  ( 0.000000000000000000, 0.000000000000000000, -1.000000000000000000 ) ) ;
#4639 = VECTOR ( 'NONE', #2869, 1000.000000000000000 ) ;
#4640 = ORIENTED_EDGE ( 'NONE', *, *, #1381, .F. ) ;
#4641 = CARTESIAN_POINT ( 'NONE',  ( 126.0357680937601828, 0.01488109377037392760, 12.32428037631670925 ) ) ;
#4642 = ADVANCED_FACE ( 'NONE', ( #511 ), #3815, .T. ) ;
#4643 = EDGE_LOOP ( 'NONE', ( #2479, #2722, #2269, #3739 ) ) ;
#4644 = DIRECTION ( 'NONE',  ( 1.000000000000000000, -0.000000000000000000, -0.000000000000000000 ) ) ;
#4645 = CIRCLE ( 'NONE', #941, 2.999999999999999112 ) ;
#4646 = EDGE_CURVE ( 'NONE', #624, #138, #92, .T. ) ;
#4647 = CARTESIAN_POINT ( 'NONE',  ( 120.9879292042044199, -2.672347330525926878, 10.96673183072487667 ) ) ;
#4648 = FACE_BOUND ( 'NONE', #3045, .T. ) ;
#4649 = CIRCLE ( 'NONE', #2179, 3.000000000000002665 ) ;
#4650 = CARTESIAN_POINT ( 'NONE',  ( 125.3180071775351365, -0.1371807331359396476, -9.637608743007438861 ) ) ;
#4651 = DIRECTION ( 'NONE',  ( -0.000000000000000000, 1.000000000000000000, -0.000000000000000000 ) ) ;
#4652 = TOROIDAL_SURFACE ( 'NONE', #635, 6.000000000000000000, 3.000000000000000000 ) ;
#4653 = AXIS2_PLACEMENT_3D ( 'NONE', #3429, #100, #1631 ) ;
#4654 = PLANE ( 'NONE',  #2791 ) ;
#4655 = EDGE_CURVE ( 'NONE', #2008, #3320, #3428, .T. ) ;
#4656 = CARTESIAN_POINT ( 'NONE',  ( -31.33378599532935738, 2.681056602795875737E-15, -12.16371863260688002 ) ) ;
#4657 = ORIENTED_EDGE ( 'NONE', *, *, #4121, .T. ) ;
#4658 = DIRECTION ( 'NONE',  ( 0.000000000000000000, -1.000000000000000000, 0.000000000000000000 ) ) ;
#4659 = CIRCLE ( 'NONE', #1033, 8.999999999999980460 ) ;
#4660 = VERTEX_POINT ( 'NONE', #2421 ) ;
#4661 = DIRECTION ( 'NONE',  ( -0.000000000000000000, -1.000000000000000000, -0.000000000000000000 ) ) ;
#4662 = CARTESIAN_POINT ( 'NONE',  ( -115.0522296864715344, 0.04927579711513709743, 12.55580258592012832 ) ) ;
#4663 = CARTESIAN_POINT ( 'NONE',  ( -117.5373512251755272, -2.768664227492990015, -10.73208223910488535 ) ) ;
#4664 = EDGE_CURVE ( 'NONE', #138, #4505, #2055, .T. ) ;
#4665 = AXIS2_PLACEMENT_3D ( 'NONE', #535, #3566, #3494 ) ;
#4666 = ORIENTED_EDGE ( 'NONE', *, *, #291, .F. ) ;
#4667 = CARTESIAN_POINT ( 'NONE',  ( -40.46264877482445144, -2.768664227492992680, 10.73208223910489245 ) ) ;
#4668 = DIRECTION ( 'NONE',  ( 1.000000000000000000, -0.000000000000000000, -1.503427012513232897E-16 ) ) ;
#4669 = EDGE_CURVE ( 'NONE', #1775, #3414, #4049, .T. ) ;
#4670 = ORIENTED_EDGE ( 'NONE', *, *, #2610, .T. ) ;
#4671 = FACE_OUTER_BOUND ( 'NONE', #4572, .T. ) ;
#4672 = CARTESIAN_POINT ( 'NONE',  ( -38.61097567183046664, 0.1715519580165001112, -12.99994083710984150 ) ) ;
#4673 = DIRECTION ( 'NONE',  ( 0.000000000000000000, 0.000000000000000000, 1.000000000000000000 ) ) ;
#4674 = CARTESIAN_POINT ( 'NONE',  ( 124.3376565011538020, 0.07288804113610783397, -12.66293139102720211 ) ) ;
#4675 = CARTESIAN_POINT ( 'NONE',  ( 118.7813868682393235, 0.1643204756145786594, -12.98014730326100974 ) ) ;
#4676 = CIRCLE ( 'NONE', #2601, 9.000000000000063949 ) ;
#4677 = LINE ( 'NONE', #3860, #4367 ) ;
#4678 = ADVANCED_FACE ( 'NONE', ( #2640 ), #187, .F. ) ;
#4679 = DIRECTION ( 'NONE',  ( 0.000000000000000000, 0.000000000000000000, -1.000000000000000000 ) ) ;
#4680 = CARTESIAN_POINT ( 'NONE',  ( -103.4494265280436451, -3.000000000000002665, -0.6417562486706641645 ) ) ;
#4681 = CARTESIAN_POINT ( 'NONE',  ( -37.46359291331631169, -0.5354963785444807334, 10.99959175981043202 ) ) ;
#4682 = ORIENTED_EDGE ( 'NONE', *, *, #1172, .T. ) ;
#4683 = DIRECTION ( 'NONE',  ( 0.000000000000000000, 1.000000000000000000, 0.000000000000000000 ) ) ;
#4684 = ADVANCED_FACE ( 'NONE', ( #2075 ), #4003, .T. ) ;
#4685 = EDGE_LOOP ( 'NONE', ( #1144, #1377, #1045, #383 ) ) ;
#4686 = LINE ( 'NONE', #300, #86 ) ;
#4687 = CARTESIAN_POINT ( 'NONE',  ( 32.33413370998516001, 2.602085213965210642E-15, 9.428571428571425272 ) ) ;
#4688 = AXIS2_PLACEMENT_3D ( 'NONE', #1790, #601, #4695 ) ;
#4689 = CARTESIAN_POINT ( 'NONE',  ( -115.2093620616159484, -2.973359542481132323, -9.914486006099684445 ) ) ;
#4690 = ORIENTED_EDGE ( 'NONE', *, *, #1200, .F. ) ;
#4691 = CARTESIAN_POINT ( 'NONE',  ( -75.00000000000002842, -3.000000000000002665, 6.000000000000021316 ) ) ;
#4692 = CARTESIAN_POINT ( 'NONE',  ( -115.0861924248434320, -0.2416334642023886259, -9.854213596357080718 ) ) ;
#4693 = CARTESIAN_POINT ( 'NONE',  ( -112.7888974490719960, -2.999999999999997335, -11.99999999999998224 ) ) ;
#4694 = ORIENTED_EDGE ( 'NONE', *, *, #597, .F. ) ;
#4695 = DIRECTION ( 'NONE',  ( 0.000000000000000000, 0.000000000000000000, 1.000000000000000000 ) ) ;
#4696 = CARTESIAN_POINT ( 'NONE',  ( 39.23277902308397813, -2.686228507470288740, -10.93354172456698770 ) ) ;
#4697 = EDGE_CURVE ( 'NONE', #1469, #862, #2130, .T. ) ;
#4698 = VECTOR ( 'NONE', #1241, 1000.000000000000000 ) ;
#4699 = CARTESIAN_POINT ( 'NONE',  ( -116.1157586125295751, -2.901150131221790662, 10.30324543672239201 ) ) ;
#4700 = ORIENTED_EDGE ( 'NONE', *, *, #1181, .F. ) ;
#4701 = CARTESIAN_POINT ( 'NONE',  ( 122.5116686646348825, 0.1358644507030039861, -12.89372449892683470 ) ) ;
#4702 = DIRECTION ( 'NONE',  ( -0.000000000000000000, 1.000000000000000000, -0.000000000000000000 ) ) ;
#4703 = APPROVAL_STATUS ( 'not_yet_approved' ) ;
#4704 = DIRECTION ( 'NONE',  ( 0.000000000000000000, 0.000000000000000000, 1.000000000000000000 ) ) ;
#4705 = CYLINDRICAL_SURFACE ( 'NONE', #707, 11.00000000000000000 ) ;
#4706 = CIRCLE ( 'NONE', #378, 6.120000000000000107 ) ;
#4707 = EDGE_CURVE ( 'NONE', #2636, #1689, #687, .T. ) ;
#4708 = CARTESIAN_POINT ( 'NONE',  ( -33.06880440531226384, 0.04985358730823138268, -12.55905905216818752 ) ) ;
#4709 = VERTEX_POINT ( 'NONE', #3173 ) ;
#4710 = CARTESIAN_POINT ( 'NONE',  ( 123.1334411153638086, 0.1152628777393311654, 12.82425983559558169 ) ) ;
#4711 = ORIENTED_EDGE ( 'NONE', *, *, #1597, .T. ) ;
#4712 = DIRECTION ( 'NONE',  ( 0.000000000000000000, 0.000000000000000000, 1.000000000000000000 ) ) ;
#4713 = CARTESIAN_POINT ( 'NONE',  ( -120.0000000000000000, -15.00000000000000000, 6.120000000000000107 ) ) ;
#4714 = CARTESIAN_POINT ( 'NONE',  ( 64.99999999999997158, 3.000000000000002665, 14.99999999999999112 ) ) ;
#4715 = VERTEX_POINT ( 'NONE', #2920 ) ;
#4716 = CARTESIAN_POINT ( 'NONE',  ( 95.00000000000000000, 35.00000000000000000, 17.19615242270661781 ) ) ;
#4717 = CARTESIAN_POINT ( 'NONE',  ( -115.6623434988461696, 0.07288804113608385316, -12.66293139102707599 ) ) ;
#4718 = DIRECTION ( 'NONE',  ( 8.659560562354910671E-17, 0.7071067811865493491, -0.7071067811865456854 ) ) ;
#4719 = ORIENTED_EDGE ( 'NONE', *, *, #2795, .F. ) ;
#4720 = CARTESIAN_POINT ( 'NONE',  ( 43.66586629001481157, -2.999999999999999112, -9.428571428571434154 ) ) ;
#4721 = CONICAL_SURFACE ( 'NONE', #790, 2.750000000000002665, 1.029744258676656088 ) ;
#4722 = DIRECTION ( 'NONE',  ( 0.000000000000000000, 0.000000000000000000, 1.000000000000000000 ) ) ;
#4723 = CIRCLE ( 'NONE', #3254, 3.000000000000000444 ) ;
#4724 = CARTESIAN_POINT ( 'NONE',  ( -75.00000000000000000, 35.00000000000000711, 16.67617221341256695 ) ) ;
#4726 = FACE_OUTER_BOUND ( 'NONE', #3075, .T. ) ;
#4725 = AXIS2_PLACEMENT_3D ( 'NONE', #344, #1822, #811 ) ;
#4727 = CARTESIAN_POINT ( 'NONE',  ( 119.0057133435172148, -2.672614824791345711, -10.96613122369337390 ) ) ;
#4728 = CARTESIAN_POINT ( 'NONE',  ( 37.50577324186433259, -2.660622408229037283, 10.99170142825162166 ) ) ;
#4729 = CALENDAR_DATE ( 2026, 2, 8 ) ;
#4730 = EDGE_CURVE ( 'NONE', #2638, #3163, #2445, .T. ) ;
#4731 = CARTESIAN_POINT ( 'NONE',  ( -127.2111025509279898, 0.000000000000000000, -11.99999999999998224 ) ) ;
#4732 = CARTESIAN_POINT ( 'NONE',  ( -104.8266666651404364, -2.668162655238414338, 3.707947547358563689 ) ) ;
#4733 = ORIENTED_EDGE ( 'NONE', *, *, #1293, .T. ) ;
#4734 = CARTESIAN_POINT ( 'NONE',  ( -39.04920832558023847, -0.5309853086719779069, 10.95325125500982999 ) ) ;
#4735 = ORIENTED_EDGE ( 'NONE', *, *, #865, .T. ) ;
#4736 = CARTESIAN_POINT ( 'NONE',  ( 121.8397030894178812, -0.5186765356939913030, 10.84879929160566547 ) ) ;
#4737 = VECTOR ( 'NONE', #1608, 1000.000000000000000 ) ;
#4738 = ORIENTED_EDGE ( 'NONE', *, *, #4209, .F. ) ;
#4739 = DIRECTION ( 'NONE',  ( -1.000000000000000000, -0.000000000000000000, 1.387778780781445676E-16 ) ) ;
#4740 = CARTESIAN_POINT ( 'NONE',  ( -120.9831337615381273, -2.675164730406826674, 10.95880049992936733 ) ) ;
#4741 = EDGE_CURVE ( 'NONE', #3336, #896, #3588, .T. ) ;
#4742 = CARTESIAN_POINT ( 'NONE',  ( 33.75807915343717980, 0.07647072468950671942, 12.67823394722788244 ) ) ;
#4743 = AXIS2_PLACEMENT_3D ( 'NONE', #2866, #741, #2185 ) ;
#4744 = EDGE_CURVE ( 'NONE', #509, #4358, #4677, .T. ) ;
#4745 = ORIENTED_EDGE ( 'NONE', *, *, #420, .T. ) ;
#4746 = DIRECTION ( 'NONE',  ( 0.000000000000000000, 0.000000000000000000, 1.000000000000000000 ) ) ;
#4747 = FACE_OUTER_BOUND ( 'NONE', #3447, .T. ) ;
#4748 = CARTESIAN_POINT ( 'NONE',  ( -104.7273053820314175, -2.646329392245221346, 3.138187377163584202 ) ) ;
#4749 = ORIENTED_EDGE ( 'NONE', *, *, #608, .T. ) ;
#4750 = DIRECTION ( 'NONE',  ( 0.000000000000000000, 0.000000000000000000, -1.000000000000000000 ) ) ;
#4751 = CYLINDRICAL_SURFACE ( 'NONE', #2171, 3.000000000000002665 ) ;
#4752 = EDGE_CURVE ( 'NONE', #3737, #2496, #29, .T. ) ;
#4753 = CARTESIAN_POINT ( 'NONE',  ( -108.0000000000000142, 3.000000000000002665, 12.00000000000001599 ) ) ;
#4754 = VERTEX_POINT ( 'NONE', #932 ) ;
#4755 = CARTESIAN_POINT ( 'NONE',  ( 150.0000000000000000, 35.00000000000000000, 14.99999999999997868 ) ) ;
#4756 = CARTESIAN_POINT ( 'NONE',  ( 64.99999999999997158, -3.000000000000002665, 0.000000000000000000 ) ) ;
#4757 = DATE_AND_TIME ( #4729, #1890 ) ;
#4758 = CARTESIAN_POINT ( 'NONE',  ( -114.3341337099851813, -2.999999999999999112, 9.428571428571439483 ) ) ;
#4759 = CARTESIAN_POINT ( 'NONE',  ( -104.4333541239173968, -0.8199678891970086925, 1.860435194901473910 ) ) ;
#4760 = AXIS2_PLACEMENT_3D ( 'NONE', #4140, #4523, #1145 ) ;
#4761 = EDGE_CURVE ( 'NONE', #4358, #3007, #4251, .T. ) ;
#4762 = CARTESIAN_POINT ( 'NONE',  ( -40.51166866463047711, 0.1358644507030186410, 12.89372449892686134 ) ) ;
#4763 = ORIENTED_EDGE ( 'NONE', *, *, #3805, .F. ) ;
#4764 = CARTESIAN_POINT ( 'NONE',  ( 118.4310085160941384, 0.1568857463922621320, 12.95770837007653675 ) ) ;
#4765 = EDGE_CURVE ( 'NONE', #1755, #3531, #2013, .T. ) ;
#4766 = EDGE_LOOP ( 'NONE', ( #1572, #1618, #699, #2731, #536, #3194, #4738, #3741 ) ) ;
#4767 = CARTESIAN_POINT ( 'NONE',  ( 116.5887510522418040, -2.854523621456057647, 10.46926973534801419 ) ) ;
#4768 = CARTESIAN_POINT ( 'NONE',  ( -90.00000000000001421, 0.000000000000000000, 6.000000000000019540 ) ) ;
#4769 = CARTESIAN_POINT ( 'NONE',  ( -105.0000000000000426, 3.000000000000002665, 18.00000000000001421 ) ) ;
#4770 = VERTEX_POINT ( 'NONE', #3929 ) ;
#4771 = CARTESIAN_POINT ( 'NONE',  ( 79.99999999999998579, 35.00000000000000000, 37.74000000000002331 ) ) ;
#4772 = CARTESIAN_POINT ( 'NONE',  ( -114.7623090105068400, -2.999999996512782818, -9.685872762057776697 ) ) ;
#4773 = EDGE_CURVE ( 'NONE', #4234, #275, #4062, .T. ) ;
#4774 = VERTEX_POINT ( 'NONE', #2036 ) ;
#4775 = DIRECTION ( 'NONE',  ( -0.8571428571428565402, 0.000000000000000000, -0.5150787536377140485 ) ) ;
#4776 = DIRECTION ( 'NONE',  ( -0.000000000000000000, -1.000000000000000000, -0.000000000000000000 ) ) ;
#4777 = TOROIDAL_SURFACE ( 'NONE', #2524, 6.000000000000000000, 3.000000000000000000 ) ;
#4778 = CARTESIAN_POINT ( 'NONE',  ( 38.23917816331020703, -2.656775355115113424, -11.00017533018790772 ) ) ;
#4779 = CARTESIAN_POINT ( 'NONE',  ( -72.00000000000001421, 35.00000000000000000, 12.00000000000001066 ) ) ;
#4780 = CARTESIAN_POINT ( 'NONE',  ( -72.00000000000001421, 32.00000000000000000, 12.00000000000001066 ) ) ;
#4781 = DIRECTION ( 'NONE',  ( 0.000000000000000000, -1.000000000000000000, 0.000000000000000000 ) ) ;
#4782 = FACE_OUTER_BOUND ( 'NONE', #3885, .T. ) ;
#4783 = CYLINDRICAL_SURFACE ( 'NONE', #3730, 11.00000000000000000 ) ;
#4784 = DIRECTION ( 'NONE',  ( 0.000000000000000000, 0.000000000000000000, -1.000000000000000000 ) ) ;
#4785 = CARTESIAN_POINT ( 'NONE',  ( -41.12789332367950124, 0.1158849091890562510, 12.83026657881052657 ) ) ;
#4786 = VERTEX_POINT ( 'NONE', #1726 ) ;
#4787 = CARTESIAN_POINT ( 'NONE',  ( 79.99999999999998579, 35.00000000000000000, 16.26000000000001933 ) ) ;
#4788 = ORIENTED_EDGE ( 'NONE', *, *, #3316, .F. ) ;
#4789 = CARTESIAN_POINT ( 'NONE',  ( 64.99999999999997158, 3.000000000000002665, 17.99999999999999289 ) ) ;
#4790 = AXIS2_PLACEMENT_3D ( 'NONE', #685, #2971, #2495 ) ;
#4791 = CARTESIAN_POINT ( 'NONE',  ( 30.78889744907201731, -3.000000000000000000, 11.99999999999999645 ) ) ;
#4792 = CARTESIAN_POINT ( 'NONE',  ( -115.1536207237596301, 0.05291308388839553734, 12.57512725172564139 ) ) ;
#4793 = ORIENTED_EDGE ( 'NONE', *, *, #1172, .F. ) ;
#4794 = DIRECTION ( 'NONE',  ( -0.000000000000000000, -1.000000000000000000, -0.000000000000000000 ) ) ;
#4795 = CARTESIAN_POINT ( 'NONE',  ( -116.4216510240834026, -0.4365745038702614766, -10.41568038143084429 ) ) ;
#4796 = ORIENTED_EDGE ( 'NONE', *, *, #2898, .T. ) ;
#4797 = DIRECTION ( 'NONE',  ( -0.000000000000000000, -1.000000000000000000, -0.000000000000000000 ) ) ;
#4798 = CARTESIAN_POINT ( 'NONE',  ( 43.66586629001481157, -2.999999999999997335, -9.428571428571434154 ) ) ;
#4799 = VERTEX_POINT ( 'NONE', #1290 ) ;
#4800 = DIRECTION ( 'NONE',  ( -1.000000000000000000, -0.000000000000000000, -6.608470384673549052E-16 ) ) ;
#4801 = LINE ( 'NONE', #4083, #873 ) ;
#4802 = DIRECTION ( 'NONE',  ( 0.000000000000000000, 0.000000000000000000, -1.000000000000000000 ) ) ;
#4803 = ADVANCED_FACE ( 'NONE', ( #217 ), #3954, .F. ) ;
ENDSEC;
END-ISO-10303-21;
