ISO-10303-21;
HEADER;
FILE_DESCRIPTION (( 'STEP AP203' ),
    '1' );
FILE_NAME ('CSWP_18_20B.STEP',
    '2026-07-31T17:08:40',
    ( '' ),
    ( '' ),
    'SwSTEP 2.0',
    'SolidWorks 2026',
    '' );
FILE_SCHEMA (( 'CONFIG_CONTROL_DESIGN' ));
ENDSEC;

DATA;
#1 = CARTESIAN_POINT ( 'NONE',  ( 25.41530795972230905, 5.000000000000000000, -15.93932625026777927 ) ) ;
#2 = ORIENTED_EDGE ( 'NONE', *, *, #1775, .F. ) ;
#3 = EDGE_CURVE ( 'NONE', #574, #1679, #131, .T. ) ;
#4 = DIRECTION ( 'NONE',  ( 0.000000000000000000, 1.000000000000000000, -0.000000000000000000 ) ) ;
#5 = AXIS2_PLACEMENT_3D ( 'NONE', #1527, #307, #78 ) ;
#6 = EDGE_CURVE ( 'NONE', #1979, #974, #771, .T. ) ;
#7 = AXIS2_PLACEMENT_3D ( 'NONE', #1630, #186, #1191 ) ;
#8 = CC_DESIGN_APPROVAL ( #1411, ( #1036 ) ) ;
#9 = LINE ( 'NONE', #826, #1425 ) ;
#10 = AXIS2_PLACEMENT_3D ( 'NONE', #115, #805, #646 ) ;
#11 = DIRECTION ( 'NONE',  ( -0.3826834323650843972, 0.000000000000000000, -0.9238795325112890700 ) ) ;
#12 = CARTESIAN_POINT ( 'NONE',  ( 23.09698831269065522, -2.802596928649634142E-42, 9.567085809348183645 ) ) ;
#13 = EDGE_LOOP ( 'NONE', ( #1310, #1285, #444, #142 ) ) ;
#14 = CARTESIAN_POINT ( 'NONE',  ( 27.65169052102088187, 1.295748700287203681, -11.63556173635435265 ) ) ;
#15 = VERTEX_POINT ( 'NONE', #195 ) ;
#16 = DIRECTION ( 'NONE',  ( -0.000000000000000000, -0.000000000000000000, 1.000000000000000000 ) ) ;
#17 = VECTOR ( 'NONE', #1534, 1000.000000000000000 ) ;
#18 = CARTESIAN_POINT ( 'NONE',  ( -4.655830021724758148E-17, -4.688642529591706243, -25.00000000000000000 ) ) ;
#19 = EDGE_CURVE ( 'NONE', #410, #602, #1810, .T. ) ;
#20 = DIRECTION ( 'NONE',  ( 1.000000000000000000, 0.000000000000000000, 6.493266539891791537E-17 ) ) ;
#21 = CARTESIAN_POINT ( 'NONE',  ( -27.97529114175930331, 5.000000000000000000, -10.83434748998774033 ) ) ;
#22 = CARTESIAN_POINT ( 'NONE',  ( -3.254666668306430921, -2.514858130024269833, 29.82349723604965774 ) ) ;
#23 = ORIENTED_EDGE ( 'NONE', *, *, #1865, .T. ) ;
#24 = ORIENTED_EDGE ( 'NONE', *, *, #989, .F. ) ;
#25 = LINE ( 'NONE', #366, #2046 ) ;
#26 = CYLINDRICAL_SURFACE ( 'NONE', #1661, 30.00000000000000000 ) ;
#27 = EDGE_CURVE ( 'NONE', #1274, #577, #2055, .T. ) ;
#28 = CARTESIAN_POINT ( 'NONE',  ( -22.33180212983017654, 5.000000000001050715, 11.24279700657963588 ) ) ;
#29 = EDGE_CURVE ( 'NONE', #1750, #138, #383, .T. ) ;
#30 = CARTESIAN_POINT ( 'NONE',  ( 0.000000000000000000, -10.00000000000000000, -25.00000000000000000 ) ) ;
#31 = DIRECTION ( 'NONE',  ( -0.000000000000000000, 0.000000000000000000, 1.000000000000000000 ) ) ;
#32 = VERTEX_POINT ( 'NONE', #837 ) ;
#33 = ORIENTED_EDGE ( 'NONE', *, *, #770, .F. ) ;
#34 = CARTESIAN_POINT ( 'NONE',  ( -20.23196279801943120, -2.512410763102688183, -14.68676514087076868 ) ) ;
#35 = CARTESIAN_POINT ( 'NONE',  ( 45.00000000000000000, 4.878909776184769953E-16, -5.000000000000000888 ) ) ;
#36 = CARTESIAN_POINT ( 'NONE',  ( -23.90252604965017369, -1.295679409240539481, 18.12930042409698572 ) ) ;
#37 = CARTESIAN_POINT ( 'NONE',  ( -20.23193969972521344, 2.512343555288798935, 14.68679694148634240 ) ) ;
#38 = AXIS2_PLACEMENT_3D ( 'NONE', #262, #564, #887 ) ;
#39 = CIRCLE ( 'NONE', #1833, 25.00000000000000000 ) ;
#40 = VECTOR ( 'NONE', #139, 999.9999999999998863 ) ;
#41 = DIRECTION ( 'NONE',  ( 0.000000000000000000, 1.000000000000000000, -0.000000000000000000 ) ) ;
#42 = CARTESIAN_POINT ( 'NONE',  ( -37.50000000000000711, 5.000000000000000000, -4.999999999999997335 ) ) ;
#43 = EDGE_CURVE ( 'NONE', #353, #1850, #680, .T. ) ;
#44 = VERTEX_POINT ( 'NONE', #261 ) ;
#45 = ORIENTED_EDGE ( 'NONE', *, *, #3, .T. ) ;
#46 = CARTESIAN_POINT ( 'NONE',  ( 0.000000000000000000, -10.00000000000000000, 0.000000000000000000 ) ) ;
#47 = CARTESIAN_POINT ( 'NONE',  ( 27.51746820142083649, 2.223991291806446391, 11.95009206194623097 ) ) ;
#48 = DIRECTION ( 'NONE',  ( 1.000000000000000000, 0.000000000000000000, 0.000000000000000000 ) ) ;
#49 = ORIENTED_EDGE ( 'NONE', *, *, #2051, .T. ) ;
#50 = EDGE_CURVE ( 'NONE', #1195, #1142, #818, .T. ) ;
#51 = ORIENTED_EDGE ( 'NONE', *, *, #1215, .F. ) ;
#52 = CARTESIAN_POINT ( 'NONE',  ( -21.26434549171632327, 4.349869306426962012, -13.14924228932622619 ) ) ;
#53 = EDGE_CURVE ( 'NONE', #1942, #1165, #2032, .T. ) ;
#54 = LINE ( 'NONE', #2017, #419 ) ;
#55 = PLANE ( 'NONE',  #919 ) ;
#56 = LINE ( 'NONE', #1293, #1011 ) ;
#57 = DIRECTION ( 'NONE',  ( 0.000000000000000000, 1.000000000000000000, 0.000000000000000000 ) ) ;
#58 = DIRECTION ( 'NONE',  ( -0.000000000000000000, 0.000000000000000000, 1.000000000000000000 ) ) ;
#59 = DIRECTION ( 'NONE',  ( -0.000000000000000000, -0.000000000000000000, 1.000000000000000000 ) ) ;
#60 = ORIENTED_EDGE ( 'NONE', *, *, #1000, .F. ) ;
#61 = FACE_OUTER_BOUND ( 'NONE', #2024, .T. ) ;
#62 = EDGE_CURVE ( 'NONE', #558, #1165, #964, .T. ) ;
#63 = DIRECTION ( 'NONE',  ( -0.000000000000000000, -0.000000000000000000, 1.000000000000000000 ) ) ;
#64 = APPROVAL ( #319, 'UNSPECIFIED' ) ;
#65 = EDGE_CURVE ( 'NONE', #278, #435, #56, .T. ) ;
#66 = DIRECTION ( 'NONE',  ( 0.000000000000000000, 0.000000000000000000, 1.000000000000000000 ) ) ;
#67 = CARTESIAN_POINT ( 'NONE',  ( 1.759998617158973655, 5.000000000000000000, -24.93797114577684937 ) ) ;
#68 = DIRECTION ( 'NONE',  ( -0.000000000000000000, -0.000000000000000000, 1.000000000000000000 ) ) ;
#69 = CARTESIAN_POINT ( 'NONE',  ( -3.263154805263949410, 0.000000000000000000, -24.78612153437650534 ) ) ;
#70 = AXIS2_PLACEMENT_3D ( 'NONE', #456, #1079, #1885 ) ;
#71 = CARTESIAN_POINT ( 'NONE',  ( 0.000000000000000000, 10.00000000000000000, 0.000000000000000000 ) ) ;
#72 = VERTEX_POINT ( 'NONE', #201 ) ;
#73 = CARTESIAN_POINT ( 'NONE',  ( -25.96067111013911344, -4.874553041927828012, -15.03559880055155240 ) ) ;
#74 = AXIS2_PLACEMENT_3D ( 'NONE', #1367, #80, #1857 ) ;
#75 = CARTESIAN_POINT ( 'NONE',  ( -21.87899364241733480, 4.836662566309273714, -12.09688310846347292 ) ) ;
#76 = CARTESIAN_POINT ( 'NONE',  ( -4.655830021724758148E-17, -4.688642529591706243, -25.00000000000000000 ) ) ;
#77 = CARTESIAN_POINT ( 'NONE',  ( -1.961123968122294059, -3.985580549585463928, 29.93707722497045864 ) ) ;
#78 = DIRECTION ( 'NONE',  ( 0.000000000000000000, 0.000000000000000000, -1.000000000000000000 ) ) ;
#79 = EDGE_CURVE ( 'NONE', #1299, #1158, #106, .T. ) ;
#80 = DIRECTION ( 'NONE',  ( 0.000000000000000000, 1.000000000000000000, -0.000000000000000000 ) ) ;
#81 = ORIENTED_EDGE ( 'NONE', *, *, #1617, .T. ) ;
#82 = APPLICATION_CONTEXT ( 'configuration controlled 3d designs of mechanical parts and assemblies' ) ;
#83 = CARTESIAN_POINT ( 'NONE',  ( 49.99999999999999289, 4.878909776184769953E-16, 10.00000000000000888 ) ) ;
#84 = ORIENTED_EDGE ( 'NONE', *, *, #1241, .T. ) ;
#85 = CARTESIAN_POINT ( 'NONE',  ( -27.97529114175930331, 5.000000000000000000, 10.83434748998774921 ) ) ;
#86 = ORIENTED_EDGE ( 'NONE', *, *, #6, .T. ) ;
#87 = CARTESIAN_POINT ( 'NONE',  ( -2.958357667871217789, 1.744103322822952773, 24.82446226149957269 ) ) ;
#88 = FACE_OUTER_BOUND ( 'NONE', #223, .T. ) ;
#89 = FACE_OUTER_BOUND ( 'NONE', #1095, .T. ) ;
#90 = DIRECTION ( 'NONE',  ( -0.000000000000000000, 0.000000000000000000, 1.000000000000000000 ) ) ;
#91 = ORIENTED_EDGE ( 'NONE', *, *, #1876, .T. ) ;
#92 = CARTESIAN_POINT ( 'NONE',  ( 20.71691722270940872, -5.000000000000000000, -13.99318908567330233 ) ) ;
#93 = AXIS2_PLACEMENT_3D ( 'NONE', #368, #1483, #848 ) ;
#94 = ADVANCED_FACE ( 'NONE', ( #245 ), #125, .F. ) ;
#95 = CARTESIAN_POINT ( 'NONE',  ( 0.000000000000000000, 5.000000000000000000, 0.000000000000000000 ) ) ;
#96 = LINE ( 'NONE', #1381, #521 ) ;
#97 = ADVANCED_FACE ( 'NONE', ( #609 ), #1894, .F. ) ;
#98 = ORIENTED_EDGE ( 'NONE', *, *, #1085, .F. ) ;
#99 = CYLINDRICAL_SURFACE ( 'NONE', #2027, 4.999999999999997335 ) ;
#100 = CARTESIAN_POINT ( 'NONE',  ( -27.97529114175929621, 10.00000000000000000, 10.83434748998774744 ) ) ;
#101 = VECTOR ( 'NONE', #156, 1000.000000000000000 ) ;
#102 = AXIS2_PLACEMENT_3D ( 'NONE', #1645, #1622, #1147 ) ;
#103 = DIRECTION ( 'NONE',  ( -0.000000000000000000, -0.000000000000000000, 1.000000000000000000 ) ) ;
#104 = ORIENTED_EDGE ( 'NONE', *, *, #1450, .F. ) ;
#105 = CYLINDRICAL_SURFACE ( 'NONE', #1389, 4.999999999999997335 ) ;
#106 = B_SPLINE_CURVE_WITH_KNOTS ( 'NONE', 3,
 ( #1314, #182, #1324, #668, #524, #1303, #1955, #509, #361, #992, #780, #1354, #2019, #2008, #1041, #621, #1723, #869, #768, #398 ),
 .UNSPECIFIED., .F., .F.,
 ( 4, 2, 2, 2, 2, 2, 2, 2, 2, 4 ),
 ( 0.000000000000000000, 0.0009878871914302334370, 0.001975774382860466874, 0.002963661574290699877, 0.003951548765720933748, 0.004939435957151167185, 0.005927323148581399755, 0.006421266744296517774, 0.006915210340011635794, 0.007903097531441869231 ),
 .UNSPECIFIED. ) ;
#107 = AXIS2_PLACEMENT_3D ( 'NONE', #1343, #296, #1077 ) ;
#108 = CARTESIAN_POINT ( 'NONE',  ( 45.00000000000000000, 4.878909776184769953E-16, -10.00000000000000000 ) ) ;
#109 = CIRCLE ( 'NONE', #1627, 7.999999999999996447 ) ;
#110 = ORIENTED_EDGE ( 'NONE', *, *, #1157, .T. ) ;
#111 = FACE_OUTER_BOUND ( 'NONE', #144, .T. ) ;
#112 = EDGE_CURVE ( 'NONE', #458, #874, #1235, .T. ) ;
#113 = CARTESIAN_POINT ( 'NONE',  ( -0.4789076492861122358, 4.512755291750621289, 25.00000000000000355 ) ) ;
#114 = CIRCLE ( 'NONE', #1286, 4.999999999999997335 ) ;
#115 = CARTESIAN_POINT ( 'NONE',  ( 1.759998617158973655, 0.000000000000000000, -24.93797114577684937 ) ) ;
#116 = CARTESIAN_POINT ( 'NONE',  ( -37.50000000000000711, -5.000000000000000000, 0.000000000000000000 ) ) ;
#117 = VERTEX_POINT ( 'NONE', #441 ) ;
#118 = CARTESIAN_POINT ( 'NONE',  ( 3.061616997868383043E-15, 10.00000000000000000, 25.00000000000000000 ) ) ;
#119 = CARTESIAN_POINT ( 'NONE',  ( -24.10781740385962379, 2.223991292062287961, 17.85578047936769153 ) ) ;
#120 = CIRCLE ( 'NONE', #1396, 10.00000000000000178 ) ;
#121 = VERTEX_POINT ( 'NONE', #1589 ) ;
#122 = CARTESIAN_POINT ( 'NONE',  ( 3.044229279614759283E-15, 4.688642529597064623, 25.00000000000000000 ) ) ;
#123 = CARTESIAN_POINT ( 'NONE',  ( 3.020677499145736674E-15, -4.688642529597064623, 25.00000000000000000 ) ) ;
#124 = EDGE_CURVE ( 'NONE', #1067, #798, #1101, .T. ) ;
#125 = CYLINDRICAL_SURFACE ( 'NONE', #547, 5.000000000119659838 ) ;
#126 = PERSON_AND_ORGANIZATION_ROLE ( 'creator' ) ;
#127 = CARTESIAN_POINT ( 'NONE',  ( 27.71638597524709624, 4.203895392974451213E-42, 11.48050297117359797 ) ) ;
#128 = EDGE_CURVE ( 'NONE', #1061, #1371, #1624, .T. ) ;
#129 = ORIENTED_EDGE ( 'NONE', *, *, #910, .F. ) ;
#130 = CARTESIAN_POINT ( 'NONE',  ( 22.89728938968962524, -2.224509430672940713, -10.03643865096581678 ) ) ;
#131 = CIRCLE ( 'NONE', #1676, 10.00000000000000178 ) ;
#132 = CARTESIAN_POINT ( 'NONE',  ( -3.654268178084127960, 1.610536090474202764, 29.77664537306832671 ) ) ;
#133 = EDGE_LOOP ( 'NONE', ( #217, #1399, #485, #664 ) ) ;
#134 = CARTESIAN_POINT ( 'NONE',  ( -1.714436938110544650, -3.633371147449944161, 24.94175779861467390 ) ) ;
#135 = DIRECTION ( 'NONE',  ( 1.000000000000000000, 0.000000000000000000, 0.000000000000000000 ) ) ;
#136 = APPROVAL_STATUS ( 'not_yet_approved' ) ;
#137 = CARTESIAN_POINT ( 'NONE',  ( 1.759998616797776583, 5.000000000000000000, 24.93797114580234719 ) ) ;
#138 = VERTEX_POINT ( 'NONE', #407 ) ;
#139 = DIRECTION ( 'NONE',  ( 0.9659258262890699775, 0.000000000000000000, -0.2588190451025146888 ) ) ;
#140 = EDGE_CURVE ( 'NONE', #117, #303, #711, .T. ) ;
#141 = DIRECTION ( 'NONE',  ( -0.000000000000000000, 1.000000000000000000, -0.000000000000000000 ) ) ;
#142 = ORIENTED_EDGE ( 'NONE', *, *, #1370, .T. ) ;
#143 = DIRECTION ( 'NONE',  ( -0.7933533402912348320, 0.000000000000000000, -0.6087614290087212110 ) ) ;
#144 = EDGE_LOOP ( 'NONE', ( #451, #284, #461, #1500, #252 ) ) ;
#145 = CARTESIAN_POINT ( 'NONE',  ( -26.51151543515662823, 5.000000000000000000, -14.04063920665480758 ) ) ;
#146 = LOCAL_TIME ( 22, 38, 40.00000000000000000, #1225 ) ;
#147 = CARTESIAN_POINT ( 'NONE',  ( 3.061616997868383043E-15, 10.00000000000000000, 25.00000000000000000 ) ) ;
#148 = ORIENTED_EDGE ( 'NONE', *, *, #426, .F. ) ;
#149 = CARTESIAN_POINT ( 'NONE',  ( 6.493266539891793262E-16, -10.00000000000000000, -10.00000000000000355 ) ) ;
#150 = EDGE_CURVE ( 'NONE', #1821, #1133, #654, .T. ) ;
#151 = LINE ( 'NONE', #786, #1282 ) ;
#152 = EDGE_LOOP ( 'NONE', ( #1034, #1586, #840, #1543 ) ) ;
#153 = PLANE ( 'NONE',  #1915 ) ;
#154 = ORIENTED_EDGE ( 'NONE', *, *, #140, .T. ) ;
#155 = CARTESIAN_POINT ( 'NONE',  ( -24.41250688154077864, 3.053770278269762439, -17.43739447624703942 ) ) ;
#156 = DIRECTION ( 'NONE',  ( -0.000000000000000000, -1.000000000000000000, -0.000000000000000000 ) ) ;
#157 = ORIENTED_EDGE ( 'NONE', *, *, #287, .T. ) ;
#158 = DIRECTION ( 'NONE',  ( 0.000000000000000000, 1.000000000000000000, 0.000000000000000000 ) ) ;
#159 = FACE_BOUND ( 'NONE', #687, .T. ) ;
#160 = CARTESIAN_POINT ( 'NONE',  ( -2.641833481885465407, 3.354248875643778049, -29.88397207290751112 ) ) ;
#161 = DIRECTION ( 'NONE',  ( -0.000000000000000000, -1.000000000000000000, 0.000000000000000000 ) ) ;
#162 = ADVANCED_FACE ( 'NONE', ( #1735 ), #1192, .T. ) ;
#163 = LINE ( 'NONE', #1618, #1475 ) ;
#164 = VECTOR ( 'NONE', #1405, 1000.000000000000000 ) ;
#165 = ORIENTED_EDGE ( 'NONE', *, *, #1816, .T. ) ;
#166 = CYLINDRICAL_SURFACE ( 'NONE', #1224, 30.00000000000000000 ) ;
#167 = CARTESIAN_POINT ( 'NONE',  ( 0.000000000000000000, 10.00000000000000000, 0.000000000000000000 ) ) ;
#168 = DIRECTION ( 'NONE',  ( -0.9659258262890699775, 0.000000000000000000, 0.2588190451025146888 ) ) ;
#169 = CARTESIAN_POINT ( 'NONE',  ( -1.077354480097914013, -4.547673541760141269, -29.98455697780798346 ) ) ;
#170 = CYLINDRICAL_SURFACE ( 'NONE', #1459, 4.999999999999997335 ) ;
#171 = CARTESIAN_POINT ( 'NONE',  ( 1.759998617158973655, -5.000000000000000000, -24.93797114577684937 ) ) ;
#172 = ORIENTED_EDGE ( 'NONE', *, *, #332, .F. ) ;
#173 = CARTESIAN_POINT ( 'NONE',  ( 27.02116126559019804, 3.772423783745527448, -13.03497284273766255 ) ) ;
#174 = ORIENTED_EDGE ( 'NONE', *, *, #112, .T. ) ;
#175 = PLANE ( 'NONE',  #762 ) ;
#176 = EDGE_CURVE ( 'NONE', #263, #1503, #446, .T. ) ;
#177 = AXIS2_PLACEMENT_3D ( 'NONE', #1258, #600, #1568 ) ;
#178 = LINE ( 'NONE', #2091, #382 ) ;
#179 = CIRCLE ( 'NONE', #7, 30.00000000000000000 ) ;
#180 = VECTOR ( 'NONE', #1934, 1000.000000000000114 ) ;
#181 = DIRECTION ( 'NONE',  ( -3.412176828051111703E-17, 0.000000000000000000, 1.000000000000000000 ) ) ;
#182 = CARTESIAN_POINT ( 'NONE',  ( 20.90244888202296991, 5.000000000117912791, 13.71850945370753649 ) ) ;
#183 = AXIS2_PLACEMENT_3D ( 'NONE', #861, #57, #1656 ) ;
#184 = DIRECTION ( 'NONE',  ( 0.000000000000000000, 1.000000000000000000, 0.000000000000000000 ) ) ;
#185 = FACE_OUTER_BOUND ( 'NONE', #1599, .T. ) ;
#186 = DIRECTION ( 'NONE',  ( 0.000000000000000000, 1.000000000000000000, 0.000000000000000000 ) ) ;
#187 = VERTEX_POINT ( 'NONE', #1685 ) ;
#188 = ORIENTED_EDGE ( 'NONE', *, *, #1634, .T. ) ;
#189 = DIRECTION ( 'NONE',  ( -0.000000000000000000, -1.000000000000000000, -0.000000000000000000 ) ) ;
#190 = DIRECTION ( 'NONE',  ( -0.000000000000000000, -1.000000000000000000, -0.000000000000000000 ) ) ;
#191 = CARTESIAN_POINT ( 'NONE',  ( -39.57055236082011618, 10.00000000000000000, -7.727406610312552715 ) ) ;
#192 = EDGE_CURVE ( 'NONE', #1729, #1116, #697, .T. ) ;
#193 = CARTESIAN_POINT ( 'NONE',  ( 49.99999999999999289, 4.878909776184769953E-16, -10.00000000000000000 ) ) ;
#194 = DIRECTION ( 'NONE',  ( 0.000000000000000000, 0.000000000000000000, 1.000000000000000000 ) ) ;
#195 = CARTESIAN_POINT ( 'NONE',  ( -39.57055236082010907, 10.00000000000000000, 7.727406610312566926 ) ) ;
#196 = VERTEX_POINT ( 'NONE', #881 ) ;
#197 = ORIENTED_EDGE ( 'NONE', *, *, #972, .T. ) ;
#198 = CARTESIAN_POINT ( 'NONE',  ( -21.41528737594541454, 4.502069821021271068, -12.90264336185206950 ) ) ;
#199 = CARTESIAN_POINT ( 'NONE',  ( -37.50000000000000711, 10.00000000000000000, -4.999999999999997335 ) ) ;
#200 = CARTESIAN_POINT ( 'NONE',  ( 45.00000000000000000, 4.878909776184769953E-16, 5.000000000000000888 ) ) ;
#201 = CARTESIAN_POINT ( 'NONE',  ( 20.71691722250672996, -5.000000000000000000, 13.99318908597337696 ) ) ;
#202 = EDGE_CURVE ( 'NONE', #1110, #847, #1907, .T. ) ;
#203 = PLANE ( 'NONE',  #2004 ) ;
#204 = CARTESIAN_POINT ( 'NONE',  ( -0.5473859585818657836, 4.736083451014986956, -29.99614693286688549 ) ) ;
#205 = CIRCLE ( 'NONE', #1380, 29.99999999999999645 ) ;
#206 = ORIENTED_EDGE ( 'NONE', *, *, #320, .F. ) ;
#207 = ORIENTED_EDGE ( 'NONE', *, *, #1238, .F. ) ;
#208 = CYLINDRICAL_SURFACE ( 'NONE', #93, 30.00000000000000000 ) ;
#209 =( NAMED_UNIT ( * ) SI_UNIT ( $, .STERADIAN. ) SOLID_ANGLE_UNIT ( ) );
#210 = CARTESIAN_POINT ( 'NONE',  ( -24.10709336115210988, -2.221826627876632987, 17.85676156133321157 ) ) ;
#211 = CARTESIAN_POINT ( 'NONE',  ( 27.61650524729170897, 1.621376654488702274, 11.71940247757994946 ) ) ;
#212 = EDGE_CURVE ( 'NONE', #240, #1671, #649, .T. ) ;
#213 = CARTESIAN_POINT ( 'NONE',  ( 0.000000000000000000, 5.000000000000000000, 0.000000000000000000 ) ) ;
#214 = ADVANCED_FACE ( 'NONE', ( #1031, #234 ), #1515, .T. ) ;
#215 = ORIENTED_EDGE ( 'NONE', *, *, #934, .T. ) ;
#216 = B_SPLINE_CURVE_WITH_KNOTS ( 'NONE', 3,
 ( #1486, #28, #980, #1315, #1966, #1281, #1149, #1002, #1937, #815, #525, #37, #1808, #1118, #373, #491, #500, #1945, #827, #1771 ),
 .UNSPECIFIED., .F., .F.,
 ( 4, 2, 2, 2, 2, 2, 2, 2, 2, 4 ),
 ( 0.000000000000000000, 0.0009878871914165057028, 0.001975774382833011406, 0.002963661574249517542, 0.003951548765666022811, 0.004939435957082528514, 0.005927323148499035084, 0.006421266744207286201, 0.006915210339915538185, 0.007903097531332043887 ),
 .UNSPECIFIED. ) ;
#217 = ORIENTED_EDGE ( 'NONE', *, *, #1919, .F. ) ;
#218 = CARTESIAN_POINT ( 'NONE',  ( -20.44812512782113956, 3.065503081042215694, -14.38430446594114720 ) ) ;
#219 = PERSON_AND_ORGANIZATION ( #1361, #250 ) ;
#220 = CIRCLE ( 'NONE', #1570, 30.00000000000000000 ) ;
#221 = DIRECTION ( 'NONE',  ( -0.000000000000000000, -1.000000000000000000, -0.000000000000000000 ) ) ;
#222 = CARTESIAN_POINT ( 'NONE',  ( -23.82045990376726863, -0.6565980043591408410, 18.23704358317890595 ) ) ;
#223 = EDGE_LOOP ( 'NONE', ( #1018, #1704, #1359, #1410 ) ) ;
#224 = CARTESIAN_POINT ( 'NONE',  ( 25.41530795972230905, -5.000000000000000000, -15.93932625026777927 ) ) ;
#225 = DIRECTION ( 'NONE',  ( 1.000000000000000000, 0.000000000000000000, 0.000000000000000000 ) ) ;
#226 = CARTESIAN_POINT ( 'NONE',  ( 1.947979961967538768E-15, 10.00000000000000000, 10.00000000000000888 ) ) ;
#227 = EDGE_LOOP ( 'NONE', ( #1765, #864 ) ) ;
#228 = PRODUCT_RELATED_PRODUCT_CATEGORY ( 'detail', '', ( #1647 ) ) ;
#229 = ORIENTED_EDGE ( 'NONE', *, *, #3, .F. ) ;
#230 = CARTESIAN_POINT ( 'NONE',  ( 21.07944718246536908, -4.968658103479219434, 13.44469908602971131 ) ) ;
#231 = CLOSED_SHELL ( 'NONE', ( #1930, #614, #1168, #389, #679, #402, #1466, #1842, #97, #1463, #1062, #1786, #854, #1368, #1488, #94, #1621, #393, #214, #515, #863, #305, #717, #1529, #1658, #1733, #896, #1607, #2039, #1749, #1770, #1994, #1888, #162, #274, #1840, #1566, #530, #1277, #844, #1254, #1670, #1355, #658, #1178 ) ) ;
#232 = CARTESIAN_POINT ( 'NONE',  ( -2.957605965276272286, -1.746118681807422357, -24.82455204326781484 ) ) ;
#233 = CARTESIAN_POINT ( 'NONE',  ( 0.3610464761160953606, -4.960545064167011908, -30.00000000000000000 ) ) ;
#234 = FACE_OUTER_BOUND ( 'NONE', #1927, .T. ) ;
#235 = CARTESIAN_POINT ( 'NONE',  ( 27.65398763834289397, 1.305467688192386122, 11.63018345173771273 ) ) ;
#236 = CARTESIAN_POINT ( 'NONE',  ( -3.186938513032432585, 1.011468122335911879, -24.79650652381138087 ) ) ;
#237 = DIRECTION ( 'NONE',  ( 0.000000000000000000, 1.000000000000000000, 0.000000000000000000 ) ) ;
#238 = ORIENTED_EDGE ( 'NONE', *, *, #1827, .F. ) ;
#239 = CARTESIAN_POINT ( 'NONE',  ( -24.80076695212013149, -3.774856576386452556, -16.88122399103650650 ) ) ;
#240 = VERTEX_POINT ( 'NONE', #978 ) ;
#241 = CARTESIAN_POINT ( 'NONE',  ( 21.57695851213445337, -4.743048456895132325, 12.62773948116235800 ) ) ;
#242 = EDGE_CURVE ( 'NONE', #263, #390, #25, .T. ) ;
#243 =( NAMED_UNIT ( * ) PLANE_ANGLE_UNIT ( ) SI_UNIT ( $, .RADIAN. ) );
#244 = CARTESIAN_POINT ( 'NONE',  ( 25.41530795969167400, 5.000000000000000000, 15.93932625031663974 ) ) ;
#245 = FACE_OUTER_BOUND ( 'NONE', #13, .T. ) ;
#246 = CYLINDRICAL_SURFACE ( 'NONE', #1984, 4.999999999999997335 ) ;
#247 = CARTESIAN_POINT ( 'NONE',  ( 26.08045045501543768, 4.835523866148291106, 14.82683221071005342 ) ) ;
#248 = EDGE_LOOP ( 'NONE', ( #2089, #681 ) ) ;
#249 = VECTOR ( 'NONE', #310, 999.9999999999998863 ) ;
#250 = ORGANIZATION ( 'UNSPECIFIED', 'UNSPECIFIED', '' ) ;
#251 = CARTESIAN_POINT ( 'NONE',  ( 45.00000000000000000, 4.878909776184769953E-16, -10.00000000000000000 ) ) ;
#252 = ORIENTED_EDGE ( 'NONE', *, *, #1904, .F. ) ;
#253 = CARTESIAN_POINT ( 'NONE',  ( -2.958842820308475119, -1.742950694504559861, 24.82440511551769191 ) ) ;
#254 = CARTESIAN_POINT ( 'NONE',  ( -0.1998257630805102825, -4.835520274897620929, 29.99974865765074838 ) ) ;
#255 = CARTESIAN_POINT ( 'NONE',  ( 0.7242522154485343533, 4.999999999977836396, -29.99356588358291020 ) ) ;
#256 = AXIS2_PLACEMENT_3D ( 'NONE', #364, #31, #1978 ) ;
#257 = B_SPLINE_CURVE_WITH_KNOTS ( 'NONE', 3,
 ( #321, #1387, #623, #1094, #592, #433, #2028, #1237, #905, #1227, #1866, #2052, #1559, #2041, #1259, #1217, #1572, #298, #427, #127 ),
 .UNSPECIFIED., .F., .F.,
 ( 4, 2, 2, 2, 2, 2, 2, 2, 2, 4 ),
 ( 0.000000000000000000, 0.0009867925805436793263, 0.001973585161087358653, 0.002960377741631037979, 0.003947170322174717305, 0.004933962902718396631, 0.005920755483262075958, 0.006414151773533917356, 0.006907548063805758753, 0.007894340644349439814 ),
 .UNSPECIFIED. ) ;
#258 = VERTEX_POINT ( 'NONE', #1145 ) ;
#259 = EDGE_CURVE ( 'NONE', #1602, #270, #1669, .T. ) ;
#260 = CARTESIAN_POINT ( 'NONE',  ( 26.66074794039993634, 4.347038263699845473, 13.75787476949314758 ) ) ;
#261 = CARTESIAN_POINT ( 'NONE',  ( 1.759998616797776583, 5.000000000000000000, 24.93797114580234719 ) ) ;
#262 = CARTESIAN_POINT ( 'NONE',  ( -22.47691583950653538, 0.000000000000000000, 10.94478206012985844 ) ) ;
#263 = VERTEX_POINT ( 'NONE', #801 ) ;
#264 = DIRECTION ( 'NONE',  ( 1.000000000000000000, 0.000000000000000000, 0.000000000000000000 ) ) ;
#265 = ORIENTED_EDGE ( 'NONE', *, *, #490, .F. ) ;
#266 = CARTESIAN_POINT ( 'NONE',  ( 29.58039891549807976, 10.00000000000000000, -5.000000000000000000 ) ) ;
#267 = COORDINATED_UNIVERSAL_TIME_OFFSET ( 5, 30, .AHEAD. ) ;
#268 = DIRECTION ( 'NONE',  ( 0.000000000000000000, 0.000000000000000000, 1.000000000000000000 ) ) ;
#269 = CARTESIAN_POINT ( 'NONE',  ( 0.3588931342988690432, 4.960070838632852919, -30.00000000000000355 ) ) ;
#270 = VERTEX_POINT ( 'NONE', #496 ) ;
#271 = CARTESIAN_POINT ( 'NONE',  ( 23.09698530740937272, -0.3316024750100253216, -9.567093064739021102 ) ) ;
#272 = VECTOR ( 'NONE', #2036, 1000.000000000000000 ) ;
#273 = DIRECTION ( 'NONE',  ( 1.000000000000000000, 0.000000000000000000, 0.000000000000000000 ) ) ;
#274 = ADVANCED_FACE ( 'NONE', ( #640 ), #175, .F. ) ;
#275 = CARTESIAN_POINT ( 'NONE',  ( 28.28427124746190202, -10.00000000000000000, -10.00000000000000178 ) ) ;
#276 = ORIENTED_EDGE ( 'NONE', *, *, #1476, .T. ) ;
#277 = CARTESIAN_POINT ( 'NONE',  ( -39.57055236082010907, -5.000000000000000000, 7.727406610312566926 ) ) ;
#278 = VERTEX_POINT ( 'NONE', #1431 ) ;
#279 = LINE ( 'NONE', #1046, #635 ) ;
#280 = CIRCLE ( 'NONE', #2094, 4.999999999999997335 ) ;
#281 = VECTOR ( 'NONE', #528, 1000.000000000000114 ) ;
#282 = CYLINDRICAL_SURFACE ( 'NONE', #10, 5.000000000119659838 ) ;
#283 = CARTESIAN_POINT ( 'NONE',  ( 0.000000000000000000, 5.000000000000000000, 0.000000000000000000 ) ) ;
#284 = ORIENTED_EDGE ( 'NONE', *, *, #1959, .F. ) ;
#285 = LINE ( 'NONE', #1081, #40 ) ;
#286 = AXIS2_PLACEMENT_3D ( 'NONE', #95, #740, #1709 ) ;
#287 = EDGE_CURVE ( 'NONE', #353, #1619, #1928, .T. ) ;
#288 = DIRECTION ( 'NONE',  ( -0.000000000000000000, 1.000000000000000000, -0.000000000000000000 ) ) ;
#289 = CIRCLE ( 'NONE', #880, 29.99999999999999645 ) ;
#290 = ORIENTED_EDGE ( 'NONE', *, *, #1047, .F. ) ;
#291 = PLANE ( 'NONE',  #1825 ) ;
#292 = CIRCLE ( 'NONE', #988, 29.99999999999999645 ) ;
#293 = EDGE_CURVE ( 'NONE', #1144, #1110, #220, .T. ) ;
#294 = LINE ( 'NONE', #1068, #272 ) ;
#295 = AXIS2_PLACEMENT_3D ( 'NONE', #1295, #184, #1130 ) ;
#296 = DIRECTION ( 'NONE',  ( -3.412176828051111703E-17, 0.000000000000000000, 1.000000000000000000 ) ) ;
#297 = APPROVAL_DATE_TIME ( #309, #603 ) ;
#298 = CARTESIAN_POINT ( 'NONE',  ( 27.70397298474999914, -0.6565980043372646735, 11.51060161511947832 ) ) ;
#299 = ORIENTED_EDGE ( 'NONE', *, *, #1802, .F. ) ;
#300 = DIRECTION ( 'NONE',  ( -0.7933533402912337218, 0.000000000000000000, 0.6087614290087225433 ) ) ;
#301 = DIRECTION ( 'NONE',  ( -0.000000000000000000, -0.000000000000000000, 1.000000000000000000 ) ) ;
#302 = CIRCLE ( 'NONE', #1841, 10.00000000000000178 ) ;
#303 = VERTEX_POINT ( 'NONE', #987 ) ;
#304 = CARTESIAN_POINT ( 'NONE',  ( -1.527869127882061751, 3.801528398633131633, -24.95407404172875587 ) ) ;
#305 = ADVANCED_FACE ( 'NONE', ( #2084, #1600 ), #166, .T. ) ;
#306 = LINE ( 'NONE', #1722, #164 ) ;
#307 = DIRECTION ( 'NONE',  ( 0.000000000000000000, -1.000000000000000000, 0.000000000000000000 ) ) ;
#308 = EDGE_CURVE ( 'NONE', #412, #574, #120, .T. ) ;
#309 = DATE_AND_TIME ( #759, #146 ) ;
#310 = DIRECTION ( 'NONE',  ( -0.1305261922200491587, 0.000000000000000000, -0.9914448613738108262 ) ) ;
#311 = ORIENTED_EDGE ( 'NONE', *, *, #950, .F. ) ;
#312 = CARTESIAN_POINT ( 'NONE',  ( 21.41570490016048112, 4.836662565536351543, -12.89932274865831552 ) ) ;
#313 = CARTESIAN_POINT ( 'NONE',  ( -3.915780057468360553, 0.3311529676970014213, 29.74334659283595172 ) ) ;
#314 = ORIENTED_EDGE ( 'NONE', *, *, #1317, .F. ) ;
#315 = CARTESIAN_POINT ( 'NONE',  ( 27.30748003507611443, 3.053770277106813147, -12.42315388681245736 ) ) ;
#316 = ORIENTED_EDGE ( 'NONE', *, *, #1025, .T. ) ;
#317 = DIRECTION ( 'NONE',  ( 1.000000000000000000, 0.000000000000000000, 0.000000000000000000 ) ) ;
#318 = APPLICATION_CONTEXT ( 'configuration controlled 3d designs of mechanical parts and assemblies' ) ;
#319 = APPROVAL_STATUS ( 'not_yet_approved' ) ;
#320 = EDGE_CURVE ( 'NONE', #874, #566, #1294, .T. ) ;
#321 = CARTESIAN_POINT ( 'NONE',  ( 25.41530795969167400, -5.000000000000000000, 15.93932625031663974 ) ) ;
#322 = ORIENTED_EDGE ( 'NONE', *, *, #1982, .F. ) ;
#323 = LINE ( 'NONE', #149, #1492 ) ;
#324 = CARTESIAN_POINT ( 'NONE',  ( 45.00000000000000000, 4.878909776184769953E-16, -24.14213562373095101 ) ) ;
#325 = CARTESIAN_POINT ( 'NONE',  ( 27.61446542159971784, 1.610536090474202986, -11.72363361207195709 ) ) ;
#326 = EDGE_LOOP ( 'NONE', ( #1921, #1980, #2013, #1784 ) ) ;
#327 = CARTESIAN_POINT ( 'NONE',  ( -24.79919825519776566, 3.772423785278204100, -16.88352567005416915 ) ) ;
#328 = APPROVAL_PERSON_ORGANIZATION ( #1736, #64, #610 ) ;
#329 = LINE ( 'NONE', #369, #101 ) ;
#330 = VERTEX_POINT ( 'NONE', #1155 ) ;
#331 = CARTESIAN_POINT ( 'NONE',  ( -27.97529114175930331, 5.000000000000000000, 10.83434748998774033 ) ) ;
#332 = EDGE_CURVE ( 'NONE', #117, #948, #1266, .T. ) ;
#333 = CYLINDRICAL_SURFACE ( 'NONE', #362, 25.00000000000000000 ) ;
#334 = DIRECTION ( 'NONE',  ( -0.000000000000000000, -0.000000000000000000, 1.000000000000000000 ) ) ;
#335 = ORIENTED_EDGE ( 'NONE', *, *, #2066, .T. ) ;
#336 = LINE ( 'NONE', #967, #1531 ) ;
#337 = ORIENTED_EDGE ( 'NONE', *, *, #1540, .T. ) ;
#338 = CARTESIAN_POINT ( 'NONE',  ( -23.87847184523912247, 1.136984887287191714, -18.16093608926643199 ) ) ;
#339 = FACE_OUTER_BOUND ( 'NONE', #698, .T. ) ;
#340 = FACE_BOUND ( 'NONE', #902, .T. ) ;
#341 = CARTESIAN_POINT ( 'NONE',  ( -22.47691583950653538, -5.000000000000000000, 10.94478206012985844 ) ) ;
#342 = CARTESIAN_POINT ( 'NONE',  ( -22.47691583950513206, 5.000000000000000000, -10.94478206013273969 ) ) ;
#343 = EDGE_CURVE ( 'NONE', #278, #138, #302, .T. ) ;
#344 = ORIENTED_EDGE ( 'NONE', *, *, #834, .T. ) ;
#345 = CARTESIAN_POINT ( 'NONE',  ( 26.66339146447228003, 4.343916154348311132, -13.75277995181693313 ) ) ;
#346 = ORIENTED_EDGE ( 'NONE', *, *, #478, .T. ) ;
#347 = CARTESIAN_POINT ( 'NONE',  ( -23.96019724636695614, 1.610536090943417209, -18.05301175721158202 ) ) ;
#348 = PLANE ( 'NONE',  #102 ) ;
#349 = CARTESIAN_POINT ( 'NONE',  ( 0.000000000000000000, -5.000000000000000000, 0.000000000000000000 ) ) ;
#350 = CARTESIAN_POINT ( 'NONE',  ( -3.446460153198331877, -2.197791444947152950, -29.80197464491798343 ) ) ;
#351 = DIRECTION ( 'NONE',  ( 1.000000000000000000, 0.000000000000000000, 0.000000000000000000 ) ) ;
#352 = CARTESIAN_POINT ( 'NONE',  ( -0.04087497394585202365, -4.874553039624433204, 30.00040008093977306 ) ) ;
#353 = VERTEX_POINT ( 'NONE', #1462 ) ;
#354 = EDGE_CURVE ( 'NONE', #1213, #1602, #432, .T. ) ;
#355 = CARTESIAN_POINT ( 'NONE',  ( 27.61651392221343215, -1.621312371703480082, -11.71938200856705059 ) ) ;
#356 = EDGE_LOOP ( 'NONE', ( #995, #597, #959, #900, #1297 ) ) ;
#357 = CARTESIAN_POINT ( 'NONE',  ( 0.000000000000000000, 10.00000000000000000, 0.000000000000000000 ) ) ;
#358 = EDGE_CURVE ( 'NONE', #1371, #1519, #1703, .T. ) ;
#359 = AXIS2_PLACEMENT_3D ( 'NONE', #928, #103, #2062 ) ;
#360 = CARTESIAN_POINT ( 'NONE',  ( 20.71691722250672996, -5.000000000000000000, 13.99318908597337696 ) ) ;
#361 = CARTESIAN_POINT ( 'NONE',  ( 22.39129121273888501, 3.775768441656292218, 11.12133126827039220 ) ) ;
#362 = AXIS2_PLACEMENT_3D ( 'NONE', #2095, #659, #363 ) ;
#363 = DIRECTION ( 'NONE',  ( 0.000000000000000000, 0.000000000000000000, -1.000000000000000000 ) ) ;
#364 = CARTESIAN_POINT ( 'NONE',  ( 45.00000000000000000, 4.878909776184769953E-16, 10.00000000000000888 ) ) ;
#365 = VERTEX_POINT ( 'NONE', #122 ) ;
#366 = CARTESIAN_POINT ( 'NONE',  ( 40.00000000000000000, 1.100214377192153131E-15, -24.14213562373095101 ) ) ;
#367 = ORIENTED_EDGE ( 'NONE', *, *, #490, .T. ) ;
#368 = CARTESIAN_POINT ( 'NONE',  ( 0.000000000000000000, 10.00000000000000000, 0.000000000000000000 ) ) ;
#369 = CARTESIAN_POINT ( 'NONE',  ( 0.000000000000000000, 10.00000000000000000, -25.00000000000000000 ) ) ;
#370 = EDGE_CURVE ( 'NONE', #1979, #808, #1088, .T. ) ;
#371 = CARTESIAN_POINT ( 'NONE',  ( 1.759998617158973655, -5.000000000000000000, -24.93797114577684937 ) ) ;
#372 = DIRECTION ( 'NONE',  ( -1.000000000000000000, 0.000000000000000000, 1.947979961967537091E-16 ) ) ;
#373 = CARTESIAN_POINT ( 'NONE',  ( -19.99364147703602512, 1.612460202045606028, 15.00855081878437147 ) ) ;
#374 = DIRECTION ( 'NONE',  ( 0.000000000000000000, 0.000000000000000000, 1.000000000000000000 ) ) ;
#375 = DIRECTION ( 'NONE',  ( 0.9659258262890700886, 0.000000000000000000, 0.2588190451025140781 ) ) ;
#376 = ORIENTED_EDGE ( 'NONE', *, *, #1746, .F. ) ;
#377 = ORIENTED_EDGE ( 'NONE', *, *, #2009, .T. ) ;
#378 = AXIS2_PLACEMENT_3D ( 'NONE', #1578, #1863, #569 ) ;
#379 = CARTESIAN_POINT ( 'NONE',  ( 20.71691722250672996, -5.000000000000000000, 13.99318908597337696 ) ) ;
#380 = CIRCLE ( 'NONE', #1378, 25.00000000000000711 ) ;
#381 = DIRECTION ( 'NONE',  ( 1.000000000000000000, 0.000000000000000000, 0.000000000000000000 ) ) ;
#382 = VECTOR ( 'NONE', #1464, 1000.000000000000000 ) ;
#383 = LINE ( 'NONE', #1003, #1779 ) ;
#384 = CARTESIAN_POINT ( 'NONE',  ( 0.000000000000000000, -10.00000000000000000, 0.000000000000000000 ) ) ;
#385 = ORIENTED_EDGE ( 'NONE', *, *, #1569, .F. ) ;
#386 = VERTEX_POINT ( 'NONE', #1871 ) ;
#387 = DIRECTION ( 'NONE',  ( 0.000000000000000000, 0.000000000000000000, 1.000000000000000000 ) ) ;
#388 = CARTESIAN_POINT ( 'NONE',  ( 3.020677499145736674E-15, -4.688642529597064623, 25.00000000000000000 ) ) ;
#389 = ADVANCED_FACE ( 'NONE', ( #731 ), #1861, .T. ) ;
#390 = VERTEX_POINT ( 'NONE', #1383 ) ;
#391 = CARTESIAN_POINT ( 'NONE',  ( 26.23482290780498261, 4.741458601424116459, 14.55193857660122170 ) ) ;
#392 = AXIS2_PLACEMENT_3D ( 'NONE', #1451, #1126, #168 ) ;
#393 = ADVANCED_FACE ( 'NONE', ( #778, #111 ), #291, .F. ) ;
#394 = EDGE_LOOP ( 'NONE', ( #929, #23, #529, #172 ) ) ;
#395 = CARTESIAN_POINT ( 'NONE',  ( 22.68121794399791114, -3.065556868225311149, 10.51648178443573833 ) ) ;
#396 = AXIS2_PLACEMENT_3D ( 'NONE', #996, #4, #1951 ) ;
#397 = CARTESIAN_POINT ( 'NONE',  ( 1.096207472136826011, -5.000000000000000000, -29.97996546325614275 ) ) ;
#398 = CARTESIAN_POINT ( 'NONE',  ( 23.09698831269065522, -2.802596928649634142E-42, 9.567085809348183645 ) ) ;
#399 = CARTESIAN_POINT ( 'NONE',  ( 27.70397401867307963, 0.6583548758557612457, 11.51060480580332346 ) ) ;
#400 = B_SPLINE_CURVE_WITH_KNOTS ( 'NONE', 3,
 ( #18, #842, #1313, #1161, #1806, #371 ),
 .UNSPECIFIED., .F., .F.,
 ( 4, 2, 4 ),
 ( 0.01400365705567847320, 0.01490480840591077924, 0.01580595975614308701 ),
 .UNSPECIFIED. ) ;
#401 = CARTESIAN_POINT ( 'NONE',  ( -3.263154805258134505, 0.5122813151914222818, -24.78612153437726917 ) ) ;
#402 = ADVANCED_FACE ( 'NONE', ( #1545 ), #99, .F. ) ;
#403 = ORIENTED_EDGE ( 'NONE', *, *, #937, .T. ) ;
#404 = CARTESIAN_POINT ( 'NONE',  ( -24.53686682879096281, -3.313998619986425531, -17.26255864798433137 ) ) ;
#405 = CARTESIAN_POINT ( 'NONE',  ( 22.59296573767430161, -3.317462181331095383, 10.70569608130854711 ) ) ;
#406 = CARTESIAN_POINT ( 'NONE',  ( -3.883521357473594726, -0.6582763955120750632, 29.74764630578512126 ) ) ;
#407 = CARTESIAN_POINT ( 'NONE',  ( 55.00000000000000000, 4.878909776184769953E-16, 10.00000000000000888 ) ) ;
#408 = DIRECTION ( 'NONE',  ( 0.000000000000000000, 0.000000000000000000, 1.000000000000000000 ) ) ;
#409 = CARTESIAN_POINT ( 'NONE',  ( -22.47691583950513206, -5.000000000000000000, -10.94478206013273969 ) ) ;
#410 = VERTEX_POINT ( 'NONE', #2058 ) ;
#411 = DIRECTION ( 'NONE',  ( 0.000000000000000000, 0.000000000000000000, 1.000000000000000000 ) ) ;
#412 = VERTEX_POINT ( 'NONE', #743 ) ;
#413 = ORIENTED_EDGE ( 'NONE', *, *, #1141, .T. ) ;
#414 = CARTESIAN_POINT ( 'NONE',  ( 29.58039891549807621, 10.00000000000000000, 5.000000000000001776 ) ) ;
#415 = EDGE_CURVE ( 'NONE', #1133, #1308, #2044, .T. ) ;
#416 = CARTESIAN_POINT ( 'NONE',  ( 1.161398172133293105, -4.974042000766387694, 24.97475616104832952 ) ) ;
#417 = DIRECTION ( 'NONE',  ( 0.9659258262890699775, 0.000000000000000000, -0.2588190451025146888 ) ) ;
#418 = AXIS2_PLACEMENT_3D ( 'NONE', #460, #141, #1740 ) ;
#419 = VECTOR ( 'NONE', #63, 1000.000000000000000 ) ;
#420 = CARTESIAN_POINT ( 'NONE',  ( -25.71975993579123809, 4.741458601575964771, 15.44405381324281024 ) ) ;
#421 = ORIENTED_EDGE ( 'NONE', *, *, #1413, .F. ) ;
#422 = CARTESIAN_POINT ( 'NONE',  ( 45.00000000000000000, 4.878909776184769953E-16, -24.14213562373095101 ) ) ;
#423 = ORIENTED_EDGE ( 'NONE', *, *, #950, .T. ) ;
#424 = CARTESIAN_POINT ( 'NONE',  ( 0.000000000000000000, -5.000000000000000000, 0.000000000000000000 ) ) ;
#425 = B_SPLINE_CURVE_WITH_KNOTS ( 'NONE', 3,
 ( #970, #1613, #169, #1453, #1139, #1271, #350, #1626, #510, #1923 ),
 .UNSPECIFIED., .F., .F.,
 ( 4, 2, 2, 2, 4 ),
 ( 0.001102818439061873648, 0.002800698990383764485, 0.004498579541705655972, 0.006196460093027546592, 0.007894340644349438080 ),
 .UNSPECIFIED. ) ;
#426 = EDGE_CURVE ( 'NONE', #540, #330, #838, .T. ) ;
#427 = CARTESIAN_POINT ( 'NONE',  ( 27.71638597524567160, -0.3310706151296811117, 11.48050297117703700 ) ) ;
#428 = VERTEX_POINT ( 'NONE', #30 ) ;
#429 = DIRECTION ( 'NONE',  ( 6.493266539891791537E-17, -0.000000000000000000, -1.000000000000000000 ) ) ;
#430 = ORIENTED_EDGE ( 'NONE', *, *, #629, .T. ) ;
#431 = CARTESIAN_POINT ( 'NONE',  ( -3.109634128805530917, 1.260292814991430976, 24.80596666628085600 ) ) ;
#432 = B_SPLINE_CURVE_WITH_KNOTS ( 'NONE', 3,
 ( #145, #1473, #792, #1918, #1635, #477, #1943, #665, #327, #957, #155, #1449, #2090, #1275, #347, #1124, #338, #1300, #507, #1501, #1349, #2003, #1196, #1642, #1844, #1990, #404, #239, #1174, #1035, #2014, #1822, #699, #1520, #73, #567, #889, #1577 ),
 .UNSPECIFIED., .F., .F.,
 ( 4, 2, 2, 2, 2, 2, 2, 2, 2, 2, 2, 2, 2, 2, 2, 2, 2, 2, 4 ),
 ( 0.000000000000000000, 0.0009867817817352877736, 0.001973563563470575547, 0.002960345345205867441, 0.003947127126941159768, 0.004933908908676451661, 0.005920690690411743555, 0.006414081581279389502, 0.006907472472147035449, 0.007894254253882328209, 0.008881036035617620103, 0.009867817817352913731, 0.01085459959908820562, 0.01184138138082349925, 0.01282816316255879288, 0.01381494494429408651, 0.01430833583516173332, 0.01480172672602938014, 0.01578850850776467377 ),
 .UNSPECIFIED. ) ;
#433 = CARTESIAN_POINT ( 'NONE',  ( 26.52849571394981965, -4.498391415101404611, 14.01178420681647552 ) ) ;
#434 = CARTESIAN_POINT ( 'NONE',  ( 45.00000000000000000, 4.878909776184769953E-16, -24.14213562373095101 ) ) ;
#435 = VERTEX_POINT ( 'NONE', #845 ) ;
#436 = CARTESIAN_POINT ( 'NONE',  ( 20.90242461038722865, 5.000000000000262013, -13.71854538785769861 ) ) ;
#437 = EDGE_CURVE ( 'NONE', #32, #948, #1181, .T. ) ;
#438 = CARTESIAN_POINT ( 'NONE',  ( -23.80060020873829174, 0.3310633687614858434, 18.26284287026001252 ) ) ;
#439 = ORIENTED_EDGE ( 'NONE', *, *, #878, .T. ) ;
#440 = CARTESIAN_POINT ( 'NONE',  ( -2.078476846589763838, 3.279243667977715937, 24.91515394593230681 ) ) ;
#441 = CARTESIAN_POINT ( 'NONE',  ( 49.99999999999999289, 4.878909776184769953E-16, 5.000000000000000888 ) ) ;
#442 = PERSON_AND_ORGANIZATION ( #1361, #250 ) ;
#443 = CARTESIAN_POINT ( 'NONE',  ( 1.096207472136812910, 5.000000000000000000, -29.97996546325614275 ) ) ;
#444 = ORIENTED_EDGE ( 'NONE', *, *, #1901, .F. ) ;
#445 = CARTESIAN_POINT ( 'NONE',  ( 23.03440464705073865, 1.306661248761791683, -9.717016892062876110 ) ) ;
#446 = CIRCLE ( 'NONE', #1721, 4.999999999999997335 ) ;
#447 = DIRECTION ( 'NONE',  ( 0.9659258262890699775, 0.000000000000000000, -0.2588190451025146888 ) ) ;
#448 = CC_DESIGN_PERSON_AND_ORGANIZATION_ASSIGNMENT ( #1590, #1884, ( #1036 ) ) ;
#449 = EDGE_CURVE ( 'NONE', #1257, #428, #1654, .T. ) ;
#450 = AXIS2_PLACEMENT_3D ( 'NONE', #582, #1104, #1727 ) ;
#451 = ORIENTED_EDGE ( 'NONE', *, *, #878, .F. ) ;
#452 = CARTESIAN_POINT ( 'NONE',  ( 45.00000000000000000, 4.878909776184769953E-16, 5.000000000000000888 ) ) ;
#453 = VECTOR ( 'NONE', #20, 1000.000000000000000 ) ;
#454 = CARTESIAN_POINT ( 'NONE',  ( 1.161398172348697466, 4.974042000872835878, -24.97475616103899654 ) ) ;
#455 = PERSON_AND_ORGANIZATION ( #1361, #250 ) ;
#456 = CARTESIAN_POINT ( 'NONE',  ( 0.000000000000000000, -5.000000000000000000, 0.000000000000000000 ) ) ;
#457 = B_SPLINE_CURVE_WITH_KNOTS ( 'NONE', 3,
 ( #576, #438, #1688, #1542, #922, #119, #1211, #764, #2056, #1859, #605, #1869, #1220, #1242, #420, #1055, #1065, #1597, #973, #2087 ),
 .UNSPECIFIED., .F., .F.,
 ( 4, 2, 2, 2, 2, 2, 2, 2, 2, 4 ),
 ( 0.007894340645194185963, 0.008881111627293207522, 0.009867882609392227347, 0.01085465359149124891, 0.01184142457359026873, 0.01282819555568929029, 0.01381496653778831185, 0.01430835202883781743, 0.01480173751988731953, 0.01578850850198632375 ),
 .UNSPECIFIED. ) ;
#458 = VERTEX_POINT ( 'NONE', #543 ) ;
#459 = CARTESIAN_POINT ( 'NONE',  ( 1.947979961967538768E-15, -10.00000000000000000, 10.00000000000000888 ) ) ;
#460 = CARTESIAN_POINT ( 'NONE',  ( -37.50000000000000711, -10.00000000000000000, 0.000000000000000000 ) ) ;
#461 = ORIENTED_EDGE ( 'NONE', *, *, #797, .T. ) ;
#462 = EDGE_CURVE ( 'NONE', #1158, #187, #1184, .T. ) ;
#463 = CARTESIAN_POINT ( 'NONE',  ( 26.90683137594223595, -3.985580549585465704, -13.27015543612050408 ) ) ;
#464 = ORIENTED_EDGE ( 'NONE', *, *, #910, .T. ) ;
#465 = CARTESIAN_POINT ( 'NONE',  ( 29.58039891549807976, -10.00000000000000000, -5.000000000000000000 ) ) ;
#466 = PERSON_AND_ORGANIZATION ( #1361, #250 ) ;
#467 = CARTESIAN_POINT ( 'NONE',  ( 4.957224307224969095, 5.000000000000000000, -0.6526309611471029504 ) ) ;
#468 = VERTEX_POINT ( 'NONE', #1831 ) ;
#469 = CARTESIAN_POINT ( 'NONE',  ( 22.97249144994232140, -1.769136165063924793, -9.862485849408125560 ) ) ;
#470 = CIRCLE ( 'NONE', #570, 10.00000000000000178 ) ;
#471 = CARTESIAN_POINT ( 'NONE',  ( 3.020677499145736674E-15, -4.688642529597064623, 25.00000000000000000 ) ) ;
#472 = AXIS2_PLACEMENT_3D ( 'NONE', #1012, #1820, #1988 ) ;
#473 = ORIENTED_EDGE ( 'NONE', *, *, #124, .T. ) ;
#474 = CARTESIAN_POINT ( 'NONE',  ( -2.226543799763143650, 3.066685263889841639, -24.90107589085181061 ) ) ;
#475 = DIRECTION ( 'NONE',  ( 1.000000000000000000, 0.000000000000000000, 0.000000000000000000 ) ) ;
#476 = ORIENTED_EDGE ( 'NONE', *, *, #1998, .T. ) ;
#477 = CARTESIAN_POINT ( 'NONE',  ( -25.39882094164199700, 4.498402197053284368, -15.96843995521138737 ) ) ;
#478 = EDGE_CURVE ( 'NONE', #1891, #278, #1024, .T. ) ;
#479 = VECTOR ( 'NONE', #1268, 1000.000000000000000 ) ;
#480 = ORIENTED_EDGE ( 'NONE', *, *, #1090, .T. ) ;
#481 = PLANE ( 'NONE',  #392 ) ;
#482 = CARTESIAN_POINT ( 'NONE',  ( 6.493266539891793262E-16, 10.00000000000000000, -10.00000000000000355 ) ) ;
#483 = CARTESIAN_POINT ( 'NONE',  ( -0.5259742019427805504, 4.746158880890737564, 29.99690869019003614 ) ) ;
#484 = CARTESIAN_POINT ( 'NONE',  ( 26.91066336625419808, 3.979173872910938936, -13.26241297724268620 ) ) ;
#485 = ORIENTED_EDGE ( 'NONE', *, *, #758, .T. ) ;
#486 = DIRECTION ( 'NONE',  ( 0.000000000000000000, 0.000000000000000000, 1.000000000000000000 ) ) ;
#487 = VECTOR ( 'NONE', #1323, 1000.000000000000000 ) ;
#488 = FACE_OUTER_BOUND ( 'NONE', #580, .T. ) ;
#489 = DIRECTION ( 'NONE',  ( -0.000000000000000000, -0.000000000000000000, 1.000000000000000000 ) ) ;
#490 = EDGE_CURVE ( 'NONE', #1619, #1087, #1517, .T. ) ;
#491 = CARTESIAN_POINT ( 'NONE',  ( -19.93594708827718875, 1.297288980753921628, 15.08510228290484001 ) ) ;
#492 = CARTESIAN_POINT ( 'NONE',  ( -21.41530323661885760, -4.502084435277613039, 12.90261695183663271 ) ) ;
#493 = CARTESIAN_POINT ( 'NONE',  ( 45.00000000000000000, 10.00000000000000000, -24.14213562373095101 ) ) ;
#494 = ORIENTED_EDGE ( 'NONE', *, *, #629, .F. ) ;
#495 = FACE_OUTER_BOUND ( 'NONE', #1255, .T. ) ;
#496 = CARTESIAN_POINT ( 'NONE',  ( -27.97529114175930331, -5.000000000000000000, -10.83434748998774033 ) ) ;
#497 = B_SPLINE_CURVE_WITH_KNOTS ( 'NONE', 3,
 ( #92, #739, #2075, #1751, #2043, #1739, #2086, #634, #2054, #1717, #763, #1922, #130, #469, #1391, #795, #1400, #1433, #271, #949, #1730, #445, #1910, #774, #1270, #1230, #1063, #1107, #1593, #1574, #940, #595, #1412, #312, #1900, #1877, #436, #1562 ),
 .UNSPECIFIED., .F., .F.,
 ( 4, 2, 2, 2, 2, 2, 2, 2, 2, 2, 2, 2, 2, 2, 2, 2, 2, 2, 4 ),
 ( 0.000000000000000000, 0.0009878724847365611024, 0.001975744969473122205, 0.002963617454209683307, 0.003951489938946244410, 0.004939362423682804211, 0.005927234908419364880, 0.006421171150787645214, 0.006915107393155925548, 0.007902979877892487084, 0.008890852362629047753, 0.009878724847365608422, 0.01086659733210216909, 0.01185446981683872802, 0.01284234230157528696, 0.01383021478631184589, 0.01432415102868012796, 0.01481808727104840830, 0.01580595975578497070 ),
 .UNSPECIFIED. ) ;
#498 = LINE ( 'NONE', #1465, #1936 ) ;
#499 = EDGE_CURVE ( 'NONE', #1886, #1979, #1164, .T. ) ;
#500 = CARTESIAN_POINT ( 'NONE',  ( -19.91185004039920159, 1.138329642432183153, 15.11685318753652219 ) ) ;
#501 = CARTESIAN_POINT ( 'NONE',  ( -21.72442243897098990, -4.743048456785483147, 12.37232446760149962 ) ) ;
#502 = CARTESIAN_POINT ( 'NONE',  ( -3.409677843657219931, -2.223936863544200282, 29.80586943675702116 ) ) ;
#503 = ORIENTED_EDGE ( 'NONE', *, *, #1330, .F. ) ;
#504 = EDGE_CURVE ( 'NONE', #1729, #1651, #205, .T. ) ;
#505 = CYLINDRICAL_SURFACE ( 'NONE', #1372, 5.000000002356352446 ) ;
#506 = VERTEX_POINT ( 'NONE', #1004 ) ;
#507 = CARTESIAN_POINT ( 'NONE',  ( -23.80060371708383116, 0.3311529675626147529, -18.26283829809507253 ) ) ;
#508 = DIRECTION ( 'NONE',  ( -0.000000000000000000, 0.000000000000000000, 1.000000000000000000 ) ) ;
#509 = CARTESIAN_POINT ( 'NONE',  ( 22.27777229955407634, 3.982421797469096525, 11.34798035538727490 ) ) ;
#510 = CARTESIAN_POINT ( 'NONE',  ( -3.915785766357847475, -0.5696418574541725066, -29.74334584124639491 ) ) ;
#511 = DIRECTION ( 'NONE',  ( -0.1305261922200475488, 0.000000000000000000, 0.9914448613738109373 ) ) ;
#512 = EDGE_CURVE ( 'NONE', #468, #566, #1489, .T. ) ;
#513 = DIRECTION ( 'NONE',  ( 1.000000000000000000, 0.000000000000000000, 3.412176828051111703E-17 ) ) ;
#514 = DIRECTION ( 'NONE',  ( -0.000000000000000000, -1.000000000000000000, 0.000000000000000000 ) ) ;
#515 = ADVANCED_FACE ( 'NONE', ( #1125 ), #958, .T. ) ;
#516 = ORIENTED_EDGE ( 'NONE', *, *, #1090, .F. ) ;
#517 = DIRECTION ( 'NONE',  ( 0.2588190451025141336, 0.000000000000000000, -0.9659258262890700886 ) ) ;
#518 = ORIENTED_EDGE ( 'NONE', *, *, #656, .F. ) ;
#519 = CARTESIAN_POINT ( 'NONE',  ( -21.95560870946656351, 4.875471924949703606, -11.95729918072492026 ) ) ;
#520 = CARTESIAN_POINT ( 'NONE',  ( 0.000000000000000000, 10.00000000000000000, -30.00000000000000000 ) ) ;
#521 = VECTOR ( 'NONE', #1392, 1000.000000000000000 ) ;
#522 = AXIS2_PLACEMENT_3D ( 'NONE', #657, #1944, #1137 ) ;
#523 = DIRECTION ( 'NONE',  ( 0.000000000000000000, 0.000000000000000000, 1.000000000000000000 ) ) ;
#524 = CARTESIAN_POINT ( 'NONE',  ( 21.58361264621487408, 4.747777015317353744, 12.61900254333788851 ) ) ;
#525 = CARTESIAN_POINT ( 'NONE',  ( -20.44445826664991372, 3.057022949270607359, 14.38949320153353284 ) ) ;
#526 = CARTESIAN_POINT ( 'NONE',  ( 45.00000000000000000, 4.878909776184769953E-16, 10.00000000000000888 ) ) ;
#527 = ORIENTED_EDGE ( 'NONE', *, *, #1085, .T. ) ;
#528 = DIRECTION ( 'NONE',  ( 0.9238795325112895140, 0.000000000000000000, 0.3826834323650830649 ) ) ;
#529 = ORIENTED_EDGE ( 'NONE', *, *, #437, .T. ) ;
#530 = ADVANCED_FACE ( 'NONE', ( #1756 ), #348, .T. ) ;
#531 = EDGE_LOOP ( 'NONE', ( #846, #730, #1100, #1075 ) ) ;
#532 = CARTESIAN_POINT ( 'NONE',  ( 20.90242184849972418, -5.000000000000000000, 13.71854947684086135 ) ) ;
#533 = CARTESIAN_POINT ( 'NONE',  ( -25.87674591878895214, -4.841238539152921128, 15.18219116448780959 ) ) ;
#534 = VERTEX_POINT ( 'NONE', #675 ) ;
#535 = CARTESIAN_POINT ( 'NONE',  ( -21.64625459823059828, -4.687987732323160017, 12.50851094651642548 ) ) ;
#536 = VERTEX_POINT ( 'NONE', #1601 ) ;
#537 = ORIENTED_EDGE ( 'NONE', *, *, #415, .T. ) ;
#538 = CARTESIAN_POINT ( 'NONE',  ( -19.93238580382140768, 1.306661248551044485, -15.08987113570950100 ) ) ;
#539 = EDGE_CURVE ( 'NONE', #1154, #428, #329, .T. ) ;
#540 = VERTEX_POINT ( 'NONE', #802 ) ;
#541 = CARTESIAN_POINT ( 'NONE',  ( 27.71638597524709624, 4.203895392974451213E-42, 11.48050297117359797 ) ) ;
#542 = DIRECTION ( 'NONE',  ( 0.000000000000000000, 0.000000000000000000, 1.000000000000000000 ) ) ;
#543 = CARTESIAN_POINT ( 'NONE',  ( -37.50000000000000711, 5.000000000000000000, 4.999999999999997335 ) ) ;
#544 = AXIS2_PLACEMENT_3D ( 'NONE', #1968, #1499, #48 ) ;
#545 = ORIENTED_EDGE ( 'NONE', *, *, #1904, .T. ) ;
#546 = CARTESIAN_POINT ( 'NONE',  ( -20.14045553241435016, -2.224509429548209294, -14.81141496065073149 ) ) ;
#547 = AXIS2_PLACEMENT_3D ( 'NONE', #1245, #1406, #2060 ) ;
#548 = DIRECTION ( 'NONE',  ( 0.000000000000000000, 1.000000000000000000, -0.000000000000000000 ) ) ;
#549 = CARTESIAN_POINT ( 'NONE',  ( -3.754978520043262158, -1.305397445729437500, 29.76414512768774046 ) ) ;
#550 = AXIS2_PLACEMENT_3D ( 'NONE', #1342, #2007, #66 ) ;
#551 = DIRECTION ( 'NONE',  ( 0.000000000000000000, 0.000000000000000000, 1.000000000000000000 ) ) ;
#552 = LOCAL_TIME ( 22, 38, 40.00000000000000000, #1103 ) ;
#553 = EDGE_CURVE ( 'NONE', #536, #1651, #178, .T. ) ;
#554 = CARTESIAN_POINT ( 'NONE',  ( 45.00000000000000000, 10.00000000000000000, -5.000000000000000888 ) ) ;
#555 = AXIS2_PLACEMENT_3D ( 'NONE', #526, #1478, #351 ) ;
#556 = DIRECTION ( 'NONE',  ( 0.000000000000000000, -1.000000000000000000, 0.000000000000000000 ) ) ;
#557 = ORIENTED_EDGE ( 'NONE', *, *, #1153, .F. ) ;
#558 = VERTEX_POINT ( 'NONE', #1636 ) ;
#559 = CARTESIAN_POINT ( 'NONE',  ( 21.33312051231748896, -4.875475623541493775, 13.03547950652365550 ) ) ;
#560 =( LENGTH_UNIT ( ) NAMED_UNIT ( * ) SI_UNIT ( .MILLI., .METRE. ) );
#561 = LINE ( 'NONE', #982, #2071 ) ;
#562 = CARTESIAN_POINT ( 'NONE',  ( 0.5708518328524772034, 4.869827858825351186, -24.99522792860707199 ) ) ;
#563 = CARTESIAN_POINT ( 'NONE',  ( 27.21823474149546840, 3.314033288495910945, 12.61829870462450387 ) ) ;
#564 = DIRECTION ( 'NONE',  ( -0.7933533402912337218, 0.000000000000000000, 0.6087614290087225433 ) ) ;
#565 = EDGE_CURVE ( 'NONE', #1448, #1263, #1931, .T. ) ;
#566 = VERTEX_POINT ( 'NONE', #199 ) ;
#567 = CARTESIAN_POINT ( 'NONE',  ( -26.19936781146110505, -4.968340400080734298, -14.61833880437890265 ) ) ;
#568 = ORIENTED_EDGE ( 'NONE', *, *, #1919, .T. ) ;
#569 = DIRECTION ( 'NONE',  ( 2.664535259100376091E-15, 0.000000000000000000, 1.000000000000000000 ) ) ;
#570 = AXIS2_PLACEMENT_3D ( 'NONE', #1264, #1914, #475 ) ;
#571 = CARTESIAN_POINT ( 'NONE',  ( -3.243797104966879452, -0.5094649292572590582, -24.78869252953965230 ) ) ;
#572 = CARTESIAN_POINT ( 'NONE',  ( 0.000000000000000000, 5.000000000000000000, 0.000000000000000000 ) ) ;
#573 = CARTESIAN_POINT ( 'NONE',  ( 5.572205368520520484E-19, 4.881032626044842004, -30.00000000000000000 ) ) ;
#574 = VERTEX_POINT ( 'NONE', #1440 ) ;
#575 = CARTESIAN_POINT ( 'NONE',  ( 26.52748600568677517, 4.499610849628775888, 14.01373841827597033 ) ) ;
#576 = CARTESIAN_POINT ( 'NONE',  ( -23.80060020873830595, -2.958228394578794270E-28, 18.26284287025998765 ) ) ;
#577 = VERTEX_POINT ( 'NONE', #642 ) ;
#578 = VECTOR ( 'NONE', #1479, 1000.000000000000000 ) ;
#579 = EDGE_CURVE ( 'NONE', #1652, #1602, #1790, .T. ) ;
#580 = EDGE_LOOP ( 'NONE', ( #197, #811, #91, #997 ) ) ;
#581 = PLANE ( 'NONE',  #938 ) ;
#582 = CARTESIAN_POINT ( 'NONE',  ( 1.759998617158973655, 0.000000000000000000, -24.93797114577684937 ) ) ;
#583 = ORIENTED_EDGE ( 'NONE', *, *, #1204, .T. ) ;
#584 = FACE_OUTER_BOUND ( 'NONE', #890, .T. ) ;
#585 = AXIS2_PLACEMENT_3D ( 'NONE', #1048, #1169, #381 ) ;
#586 = VECTOR ( 'NONE', #1604, 1000.000000000000000 ) ;
#587 = CARTESIAN_POINT ( 'NONE',  ( -39.57055236082011618, -5.000000000000000000, -7.727406610312552715 ) ) ;
#588 = EDGE_LOOP ( 'NONE', ( #1961, #1190, #344, #1357 ) ) ;
#589 = CARTESIAN_POINT ( 'NONE',  ( -1.715174979840843106, 3.632680325108282204, -24.94170739975626816 ) ) ;
#590 = FACE_OUTER_BOUND ( 'NONE', #133, .T. ) ;
#591 = CALENDAR_DATE ( 2026, 31, 7 ) ;
#592 = CARTESIAN_POINT ( 'NONE',  ( 26.24108035367752834, -4.746153392268435134, 14.54293242008933618 ) ) ;
#593 = ORIENTED_EDGE ( 'NONE', *, *, #925, .T. ) ;
#594 = VECTOR ( 'NONE', #1892, 1000.000000000000000 ) ;
#595 = CARTESIAN_POINT ( 'NONE',  ( 21.65582824337788281, 4.687978433548570578, -12.49192890920871868 ) ) ;
#596 = CARTESIAN_POINT ( 'NONE',  ( 4.957224306869185249, -5.000000000000000000, 0.6526309611002549804 ) ) ;
#597 = ORIENTED_EDGE ( 'NONE', *, *, #50, .F. ) ;
#598 = CARTESIAN_POINT ( 'NONE',  ( -1.127459393981082192, 4.110520346315284179, -24.97536847910237512 ) ) ;
#599 = CARTESIAN_POINT ( 'NONE',  ( -0.9208959189114849231, 4.269553024899318316, 24.98631725967591066 ) ) ;
#600 = DIRECTION ( 'NONE',  ( 0.9238795325112896251, 0.000000000000000000, 0.3826834323650831204 ) ) ;
#601 = CARTESIAN_POINT ( 'NONE',  ( 28.28427124746190202, -10.00000000000000000, 10.00000000000000355 ) ) ;
#602 = VERTEX_POINT ( 'NONE', #1276 ) ;
#603 = APPROVAL ( #1725, 'UNSPECIFIED' ) ;
#604 = FACE_BOUND ( 'NONE', #248, .T. ) ;
#605 = CARTESIAN_POINT ( 'NONE',  ( -24.94572343476029275, 3.985602193313455999, 16.66689776866336103 ) ) ;
#606 = EDGE_LOOP ( 'NONE', ( #1666, #265, #1006, #1917 ) ) ;
#607 = CARTESIAN_POINT ( 'NONE',  ( -0.9123027745770890817, 4.251655705463541324, -24.98434047497168109 ) ) ;
#608 = CARTESIAN_POINT ( 'NONE',  ( 0.000000000000000000, -5.000000000000000000, 0.000000000000000000 ) ) ;
#609 = FACE_OUTER_BOUND ( 'NONE', #1912, .T. ) ;
#610 = APPROVAL_ROLE ( '' ) ;
#611 = DIRECTION ( 'NONE',  ( 0.000000000000000000, 1.000000000000000000, 0.000000000000000000 ) ) ;
#612 = ORIENTED_EDGE ( 'NONE', *, *, #1115, .F. ) ;
#613 = DIRECTION ( 'NONE',  ( 0.6087614290087224322, 0.000000000000000000, 0.7933533402912338328 ) ) ;
#614 = ADVANCED_FACE ( 'NONE', ( #488 ), #1953, .F. ) ;
#615 = DIRECTION ( 'NONE',  ( -0.9238795325112889589, 0.000000000000000000, 0.3826834323650843417 ) ) ;
#616 = VECTOR ( 'NONE', #648, 999.9999999999998863 ) ;
#617 = ORIENTED_EDGE ( 'NONE', *, *, #785, .T. ) ;
#618 = AXIS2_PLACEMENT_3D ( 'NONE', #851, #1189, #724 ) ;
#619 = CARTESIAN_POINT ( 'NONE',  ( -26.51151543515662112, 0.000000000000000000, -14.04063920665480403 ) ) ;
#620 = AXIS2_PLACEMENT_3D ( 'NONE', #459, #1887, #1096 ) ;
#621 = CARTESIAN_POINT ( 'NONE',  ( 23.03205533972255026, 1.297288980827716154, 9.722485485730819832 ) ) ;
#622 = PERSON_AND_ORGANIZATION ( #1361, #250 ) ;
#623 = CARTESIAN_POINT ( 'NONE',  ( 25.76050992300622156, -4.968334918422188551, 15.37859019570005437 ) ) ;
#624 = ORIENTED_EDGE ( 'NONE', *, *, #202, .T. ) ;
#625 = LINE ( 'NONE', #118, #2038 ) ;
#626 = CIRCLE ( 'NONE', #256, 10.00000000000000178 ) ;
#627 = CARTESIAN_POINT ( 'NONE',  ( -1.969745129354224966, 3.979173872910938048, 29.93652459648875919 ) ) ;
#628 = ORIENTED_EDGE ( 'NONE', *, *, #79, .F. ) ;
#629 = EDGE_CURVE ( 'NONE', #410, #977, #280, .T. ) ;
#630 = CARTESIAN_POINT ( 'NONE',  ( 26.23483124181795390, -4.741452927442797005, -14.55192356945091881 ) ) ;
#631 = EDGE_LOOP ( 'NONE', ( #1066, #673, #1633, #1112 ) ) ;
#632 = CARTESIAN_POINT ( 'NONE',  ( 0.000000000000000000, -10.00000000000000000, 0.000000000000000000 ) ) ;
#633 = ORIENTED_EDGE ( 'NONE', *, *, #1384, .F. ) ;
#634 = CARTESIAN_POINT ( 'NONE',  ( 22.27775456954718436, -3.982451125525873437, -11.34801511035519539 ) ) ;
#635 = VECTOR ( 'NONE', #1535, 1000.000000000000000 ) ;
#636 = CARTESIAN_POINT ( 'NONE',  ( 1.096207472079200107, 5.000000000000000000, 29.97996546325824951 ) ) ;
#637 = ORIENTED_EDGE ( 'NONE', *, *, #1802, .T. ) ;
#638 = CARTESIAN_POINT ( 'NONE',  ( 27.65399506252616391, -1.305397445729437278, -11.63016577482123637 ) ) ;
#639 = EDGE_LOOP ( 'NONE', ( #1588, #1533, #1738, #81 ) ) ;
#640 = FACE_OUTER_BOUND ( 'NONE', #326, .T. ) ;
#641 = EDGE_CURVE ( 'NONE', #270, #839, #1376, .T. ) ;
#642 = CARTESIAN_POINT ( 'NONE',  ( 1.096207472079200107, 5.000000000000000000, 29.97996546325824951 ) ) ;
#643 = AXIS2_PLACEMENT_3D ( 'NONE', #167, #1805, #1920 ) ;
#644 = VERTEX_POINT ( 'NONE', #1042 ) ;
#645 = CARTESIAN_POINT ( 'NONE',  ( 45.00000000000000000, -10.00000000000000000, 5.000000000000002665 ) ) ;
#646 = DIRECTION ( 'NONE',  ( -0.9914448613738107152, 0.000000000000000000, 0.1305261922200492974 ) ) ;
#647 = CARTESIAN_POINT ( 'NONE',  ( -1.320490822983256596, 4.396878717240330303, -29.97187639530461922 ) ) ;
#648 = DIRECTION ( 'NONE',  ( 0.7933533402912348320, 0.000000000000000000, 0.6087614290087211000 ) ) ;
#649 = CIRCLE ( 'NONE', #1829, 10.00000000000000178 ) ;
#650 = ORIENTED_EDGE ( 'NONE', *, *, #553, .T. ) ;
#651 = VECTOR ( 'NONE', #221, 1000.000000000000000 ) ;
#652 = CARTESIAN_POINT ( 'NONE',  ( 25.76050621685567776, 4.968335604812567752, -15.37859633080818433 ) ) ;
#653 = ORIENTED_EDGE ( 'NONE', *, *, #1719, .T. ) ;
#654 = B_SPLINE_CURVE_WITH_KNOTS ( 'NONE', 3,
 ( #67, #1419, #454, #562, #1201, #1996 ),
 .UNSPECIFIED., .F., .F.,
 ( 4, 2, 4 ),
 ( 0.000000000000000000, 0.0008982097366747026496, 0.001796419473349405299 ),
 .UNSPECIFIED. ) ;
#655 = CIRCLE ( 'NONE', #295, 30.00000000000000000 ) ;
#656 = EDGE_CURVE ( 'NONE', #1263, #1416, #1363, .T. ) ;
#657 = CARTESIAN_POINT ( 'NONE',  ( 6.493266539891793262E-16, -10.00000000000000000, -10.00000000000000355 ) ) ;
#658 = ADVANCED_FACE ( 'NONE', ( #749 ), #1388, .F. ) ;
#659 = DIRECTION ( 'NONE',  ( -0.000000000000000000, -1.000000000000000000, -0.000000000000000000 ) ) ;
#660 = DIRECTION ( 'NONE',  ( 1.000000000000000000, 0.000000000000000000, 0.000000000000000000 ) ) ;
#661 = ORIENTED_EDGE ( 'NONE', *, *, #370, .T. ) ;
#662 = VECTOR ( 'NONE', #1768, 1000.000000000000000 ) ;
#663 = CARTESIAN_POINT ( 'NONE',  ( 27.70396895441483309, 0.6566759220640205896, -11.51061133832640415 ) ) ;
#664 = ORIENTED_EDGE ( 'NONE', *, *, #1023, .T. ) ;
#665 = CARTESIAN_POINT ( 'NONE',  ( -24.94091823986934386, 3.979173874552758061, -16.67411161480582038 ) ) ;
#666 = CARTESIAN_POINT ( 'NONE',  ( -26.51151543515662112, -5.000000000000000000, -14.04063920665480403 ) ) ;
#667 = DIRECTION ( 'NONE',  ( 0.000000000000000000, 0.000000000000000000, -1.000000000000000000 ) ) ;
#668 = CARTESIAN_POINT ( 'NONE',  ( 21.42208680706257695, 4.842425626689177420, 12.89183363561618023 ) ) ;
#669 = EDGE_CURVE ( 'NONE', #1821, #506, #1991, .T. ) ;
#670 = FACE_BOUND ( 'NONE', #708, .T. ) ;
#671 = CARTESIAN_POINT ( 'NONE',  ( 1.096207472079200329, 0.000000000000000000, 29.97996546325825307 ) ) ;
#672 = CARTESIAN_POINT ( 'NONE',  ( -2.219185352791066101, -3.774856574495948802, 29.91870620897276112 ) ) ;
#673 = ORIENTED_EDGE ( 'NONE', *, *, #1596, .T. ) ;
#674 = CARTESIAN_POINT ( 'NONE',  ( 0.000000000000000000, -5.000000000000000000, 0.000000000000000000 ) ) ;
#675 = CARTESIAN_POINT ( 'NONE',  ( -39.57055236082011618, -10.00000000000000000, -7.727406610312552715 ) ) ;
#676 = DIRECTION ( 'NONE',  ( 0.000000000000000000, 1.000000000000000000, 0.000000000000000000 ) ) ;
#677 = CARTESIAN_POINT ( 'NONE',  ( -24.79918150751685602, -3.772398132631165080, 16.88355027880154680 ) ) ;
#678 = CYLINDRICAL_SURFACE ( 'NONE', #1524, 5.000000000000044409 ) ;
#679 = ADVANCED_FACE ( 'NONE', ( #1696 ), #246, .F. ) ;
#680 = LINE ( 'NONE', #1650, #1952 ) ;
#681 = ORIENTED_EDGE ( 'NONE', *, *, #437, .F. ) ;
#682 = ORIENTED_EDGE ( 'NONE', *, *, #1853, .F. ) ;
#683 = CARTESIAN_POINT ( 'NONE',  ( 23.03439450606251881, -1.306756865308266402, 9.717040970412428535 ) ) ;
#684 = CIRCLE ( 'NONE', #1424, 25.00000000000000000 ) ;
#685 = AXIS2_PLACEMENT_3D ( 'NONE', #200, #181, #960 ) ;
#686 = FACE_OUTER_BOUND ( 'NONE', #1788, .T. ) ;
#687 = EDGE_LOOP ( 'NONE', ( #206, #1435 ) ) ;
#688 = CARTESIAN_POINT ( 'NONE',  ( -24.19882076467019516, -2.509474265653935277, 17.73274630618699632 ) ) ;
#689 = CARTESIAN_POINT ( 'NONE',  ( -2.992814836023665936, 2.916633455213343940, -29.85086481758281707 ) ) ;
#690 = DIRECTION ( 'NONE',  ( 8.881784197001252323E-16, 0.000000000000000000, 1.000000000000000000 ) ) ;
#691 = CARTESIAN_POINT ( 'NONE',  ( -2.643148598789975434, 2.432632227538682468, -24.86013289401149962 ) ) ;
#692 = ORIENTED_EDGE ( 'NONE', *, *, #1182, .F. ) ;
#693 = EDGE_CURVE ( 'NONE', #121, #390, #904, .T. ) ;
#694 = ORIENTED_EDGE ( 'NONE', *, *, #1023, .F. ) ;
#695 = DIRECTION ( 'NONE',  ( 0.000000000000000000, 1.000000000000000000, 0.000000000000000000 ) ) ;
#696 = CARTESIAN_POINT ( 'NONE',  ( 27.30485488055373011, 3.062263185348125027, 12.42894777153862229 ) ) ;
#697 = LINE ( 'NONE', #1675, #1280 ) ;
#698 = EDGE_LOOP ( 'NONE', ( #527, #794, #1843, #721, #1446 ) ) ;
#699 = CARTESIAN_POINT ( 'NONE',  ( -25.71975110930489805, -4.741452929708086295, -15.44406852915504835 ) ) ;
#700 = EDGE_LOOP ( 'NONE', ( #299, #1206, #423, #1432 ) ) ;
#701 = CARTESIAN_POINT ( 'NONE',  ( 22.27377424929843031, -3.988902631200918592, 11.35578888449892432 ) ) ;
#702 = EDGE_CURVE ( 'NONE', #1158, #72, #1541, .T. ) ;
#703 = CARTESIAN_POINT ( 'NONE',  ( -3.263154805263949410, 0.000000000000000000, -24.78612153437650534 ) ) ;
#704 = PLANE ( 'NONE',  #550 ) ;
#705 = CARTESIAN_POINT ( 'NONE',  ( -37.50000000000000711, -5.000000000000000000, 0.000000000000000000 ) ) ;
#706 = CARTESIAN_POINT ( 'NONE',  ( 1.096207472136826011, -5.000000000000000000, -29.97996546325614275 ) ) ;
#707 = ORIENTED_EDGE ( 'NONE', *, *, #1370, .F. ) ;
#708 = EDGE_LOOP ( 'NONE', ( #612, #494 ) ) ;
#709 = ORIENTED_EDGE ( 'NONE', *, *, #565, .F. ) ;
#710 = CARTESIAN_POINT ( 'NONE',  ( -21.87570808045485293, -4.842430339913041948, -12.10613772317888603 ) ) ;
#711 = CIRCLE ( 'NONE', #107, 4.999999999999997335 ) ;
#712 = CARTESIAN_POINT ( 'NONE',  ( -2.512846899491874453, -2.654713027696897765, -24.87381829700915858 ) ) ;
#713 = EDGE_CURVE ( 'NONE', #196, #2042, #735, .T. ) ;
#714 = LINE ( 'NONE', #829, #1895 ) ;
#715 = AXIS2_PLACEMENT_3D ( 'NONE', #1695, #1140, #1684 ) ;
#716 = CARTESIAN_POINT ( 'NONE',  ( 0.000000000000000000, -10.00000000000000000, -5.000000000000000000 ) ) ;
#717 = ADVANCED_FACE ( 'NONE', ( #61 ), #208, .T. ) ;
#718 = CARTESIAN_POINT ( 'NONE',  ( 0.000000000000000000, 10.00000000000000000, -25.00000000000000000 ) ) ;
#719 = AXIS2_PLACEMENT_3D ( 'NONE', #2010, #68, #1830 ) ;
#720 = DIRECTION ( 'NONE',  ( 0.000000000000000000, 0.000000000000000000, 1.000000000000000000 ) ) ;
#721 = ORIENTED_EDGE ( 'NONE', *, *, #1010, .T. ) ;
#722 = ORIENTED_EDGE ( 'NONE', *, *, #354, .F. ) ;
#723 = CARTESIAN_POINT ( 'NONE',  ( -19.83382873101193411, 0.3313656005680037930, -15.21904194977290459 ) ) ;
#724 = DIRECTION ( 'NONE',  ( 0.000000000000000000, 0.000000000000000000, 1.000000000000000000 ) ) ;
#725 = CARTESIAN_POINT ( 'NONE',  ( 1.459368248779186805, -5.000000000000281553, 24.95918814973529010 ) ) ;
#726 = DIRECTION ( 'NONE',  ( 0.000000000000000000, 1.000000000000000000, 0.000000000000000000 ) ) ;
#727 = PLANE ( 'NONE',  #183 ) ;
#728 = EDGE_CURVE ( 'NONE', #1652, #1195, #1089, .T. ) ;
#729 = DIRECTION ( 'NONE',  ( 0.000000000000000000, 1.000000000000000000, 0.000000000000000000 ) ) ;
#730 = ORIENTED_EDGE ( 'NONE', *, *, #1398, .T. ) ;
#731 = FACE_OUTER_BOUND ( 'NONE', #1166, .T. ) ;
#732 = ORIENTED_EDGE ( 'NONE', *, *, #925, .F. ) ;
#733 = CARTESIAN_POINT ( 'NONE',  ( 1.759998616797776583, -5.000000000000000000, 24.93797114580234719 ) ) ;
#734 = VECTOR ( 'NONE', #1143, 999.9999999999998863 ) ;
#735 = CIRCLE ( 'NONE', #1172, 30.00000000000000000 ) ;
#736 = DIRECTION ( 'NONE',  ( 0.000000000000000000, 1.000000000000000000, 0.000000000000000000 ) ) ;
#737 = CARTESIAN_POINT ( 'NONE',  ( 20.71691722250672996, 5.000000000000000000, 13.99318908597337696 ) ) ;
#738 = DIRECTION ( 'NONE',  ( 1.000000000000000000, 0.000000000000000000, 0.000000000000000000 ) ) ;
#739 = CARTESIAN_POINT ( 'NONE',  ( 20.90244612019364823, -5.000000000000303757, -13.71851354258808087 ) ) ;
#740 = DIRECTION ( 'NONE',  ( 0.000000000000000000, 1.000000000000000000, -0.000000000000000000 ) ) ;
#741 = LINE ( 'NONE', #596, #1050 ) ;
#742 = ORIENTED_EDGE ( 'NONE', *, *, #785, .F. ) ;
#743 = CARTESIAN_POINT ( 'NONE',  ( 45.00000000000000000, -10.00000000000000000, -5.000000000000022204 ) ) ;
#744 = VECTOR ( 'NONE', #1977, 1000.000000000000000 ) ;
#745 = ORIENTED_EDGE ( 'NONE', *, *, #877, .T. ) ;
#746 = CARTESIAN_POINT ( 'NONE',  ( -0.9118642923678784706, -4.251919482742159140, 24.98435555463031577 ) ) ;
#747 = DATE_TIME_ROLE ( 'creation_date' ) ;
#748 = CARTESIAN_POINT ( 'NONE',  ( 1.160942080970154278, 4.973878726026677910, 24.97475579970321036 ) ) ;
#749 = FACE_OUTER_BOUND ( 'NONE', #1767, .T. ) ;
#750 = VERTEX_POINT ( 'NONE', #733 ) ;
#751 = CARTESIAN_POINT ( 'NONE',  ( -37.50000000000000711, -5.000000000000000000, 0.000000000000000000 ) ) ;
#752 = AXIS2_PLACEMENT_3D ( 'NONE', #1296, #1606, #796 ) ;
#753 = CIRCLE ( 'NONE', #1898, 30.00000000000000000 ) ;
#754 = DIRECTION ( 'NONE',  ( 1.000000000000000000, 0.000000000000000000, 0.000000000000000000 ) ) ;
#755 = ORIENTED_EDGE ( 'NONE', *, *, #65, .F. ) ;
#756 = DIRECTION ( 'NONE',  ( 0.000000000000000000, 0.000000000000000000, 1.000000000000000000 ) ) ;
#757 = CARTESIAN_POINT ( 'NONE',  ( -2.513734004535245870, 2.653300739802286756, 24.87372874927023148 ) ) ;
#758 = EDGE_CURVE ( 'NONE', #72, #750, #1916, .T. ) ;
#759 = CALENDAR_DATE ( 2026, 31, 7 ) ;
#760 = FACE_OUTER_BOUND ( 'NONE', #1510, .T. ) ;
#761 = ORIENTED_EDGE ( 'NONE', *, *, #876, .F. ) ;
#762 = AXIS2_PLACEMENT_3D ( 'NONE', #1611, #517, #831 ) ;
#763 = CARTESIAN_POINT ( 'NONE',  ( 22.68387801578365526, -3.057077369417941615, -10.51071201815943645 ) ) ;
#764 = CARTESIAN_POINT ( 'NONE',  ( -24.41621195275145340, 3.062263185645914376, 17.43222408742117580 ) ) ;
#765 = ORIENTED_EDGE ( 'NONE', *, *, #202, .F. ) ;
#766 = DIRECTION ( 'NONE',  ( -3.412176828051111703E-17, 0.000000000000000000, 1.000000000000000000 ) ) ;
#767 = CARTESIAN_POINT ( 'NONE',  ( -2.225678738850900285, -3.067794820649750953, 24.90115319941258321 ) ) ;
#768 = CARTESIAN_POINT ( 'NONE',  ( 23.09698831268919861, 0.3314903093978188720, 9.567085809351691950 ) ) ;
#769 = CALENDAR_DATE ( 2026, 31, 7 ) ;
#770 = EDGE_CURVE ( 'NONE', #1106, #365, #1471, .T. ) ;
#771 = CIRCLE ( 'NONE', #1404, 30.00000000000000000 ) ;
#772 = CARTESIAN_POINT ( 'NONE',  ( -39.57055236082010907, -5.000000000000000000, 7.727406610312566926 ) ) ;
#773 = VERTEX_POINT ( 'NONE', #414 ) ;
#774 = CARTESIAN_POINT ( 'NONE',  ( 22.89682060882265446, 2.226561996827209899, -10.03750181481064985 ) ) ;
#775 = CARTESIAN_POINT ( 'NONE',  ( -26.51151543214628958, -5.000000000000000000, 14.04063921233891321 ) ) ;
#776 = CARTESIAN_POINT ( 'NONE',  ( -3.410835448709931050, 2.221880978872609269, 29.80573914397896473 ) ) ;
#777 = ORIENTED_EDGE ( 'NONE', *, *, #877, .F. ) ;
#778 = FACE_BOUND ( 'NONE', #1985, .T. ) ;
#779 = CARTESIAN_POINT ( 'NONE',  ( 27.66706793424957667, 1.136984887037616687, -11.59889517255483504 ) ) ;
#780 = CARTESIAN_POINT ( 'NONE',  ( 22.68389579331999428, 3.057022949362747433, 10.51067362501427915 ) ) ;
#781 = PERSON_AND_ORGANIZATION ( #1361, #250 ) ;
#782 = CARTESIAN_POINT ( 'NONE',  ( 0.000000000000000000, -10.00000000000000000, 0.000000000000000000 ) ) ;
#783 = VERTEX_POINT ( 'NONE', #1705 ) ;
#784 = CARTESIAN_POINT ( 'NONE',  ( -22.47691583950653538, 0.000000000000000000, 10.94478206012985844 ) ) ;
#785 = EDGE_CURVE ( 'NONE', #977, #1834, #306, .T. ) ;
#786 = CARTESIAN_POINT ( 'NONE',  ( 25.41530795972230905, 5.000000000000000000, -15.93932625026777927 ) ) ;
#787 = CIRCLE ( 'NONE', #1862, 4.999999999999997335 ) ;
#788 = ORIENTED_EDGE ( 'NONE', *, *, #1241, .F. ) ;
#789 = APPROVAL_PERSON_ORGANIZATION ( #466, #1411, #1386 ) ;
#790 = CARTESIAN_POINT ( 'NONE',  ( 25.41530795972230905, -5.000000000000000000, -15.93932625026777927 ) ) ;
#791 = ORIENTED_EDGE ( 'NONE', *, *, #1153, .T. ) ;
#792 = CARTESIAN_POINT ( 'NONE',  ( -26.19850820854461304, 4.968335607088937955, -14.61995462720452110 ) ) ;
#793 = DIRECTION ( 'NONE',  ( 0.000000000000000000, 0.000000000000000000, 1.000000000000000000 ) ) ;
#794 = ORIENTED_EDGE ( 'NONE', *, *, #212, .T. ) ;
#795 = CARTESIAN_POINT ( 'NONE',  ( 23.03204546196080571, -1.297383352742185414, -9.722508897513137072 ) ) ;
#796 = DIRECTION ( 'NONE',  ( 0.000000000000000000, 0.000000000000000000, 1.000000000000000000 ) ) ;
#797 = EDGE_CURVE ( 'NONE', #1144, #773, #279, .T. ) ;
#798 = VERTEX_POINT ( 'NONE', #1076 ) ;
#799 = CARTESIAN_POINT ( 'NONE',  ( -4.582576039861760542, 5.000000000000000000, 17.10240661031234310 ) ) ;
#800 = ORIENTED_EDGE ( 'NONE', *, *, #809, .T. ) ;
#801 = CARTESIAN_POINT ( 'NONE',  ( 40.00000000000000000, 1.100214377192153131E-15, -10.00000000000000000 ) ) ;
#802 = CARTESIAN_POINT ( 'NONE',  ( 45.00000000000000000, 10.00000000000000000, 10.00000000000000888 ) ) ;
#803 = ORIENTED_EDGE ( 'NONE', *, *, #758, .F. ) ;
#804 = DIRECTION ( 'NONE',  ( 0.000000000000000000, 0.000000000000000000, 1.000000000000000000 ) ) ;
#805 = DIRECTION ( 'NONE',  ( -0.1305261922200491587, 0.000000000000000000, -0.9914448613738107152 ) ) ;
#806 = CARTESIAN_POINT ( 'NONE',  ( -2.448762998930019030, 3.557242373339796426, -29.90064085844519681 ) ) ;
#807 = CARTESIAN_POINT ( 'NONE',  ( -2.221963013343721371, 3.772423783745529668, 29.91849851712604647 ) ) ;
#808 = VERTEX_POINT ( 'NONE', #100 ) ;
#809 = EDGE_CURVE ( 'NONE', #1067, #558, #1336, .T. ) ;
#810 = CARTESIAN_POINT ( 'NONE',  ( 0.000000000000000000, 10.00000000000000000, 0.000000000000000000 ) ) ;
#811 = ORIENTED_EDGE ( 'NONE', *, *, #242, .T. ) ;
#812 = DIRECTION ( 'NONE',  ( -0.000000000000000000, 0.000000000000000000, 1.000000000000000000 ) ) ;
#813 = EDGE_CURVE ( 'NONE', #1061, #534, #294, .T. ) ;
#814 = FACE_OUTER_BOUND ( 'NONE', #394, .T. ) ;
#815 = CARTESIAN_POINT ( 'NONE',  ( -20.56647436121403416, 3.314648097493979151, 14.21527571670033652 ) ) ;
#816 = CARTESIAN_POINT ( 'NONE',  ( -20.44814935561678837, -3.065556868176716243, 14.38427003625447753 ) ) ;
#817 = CARTESIAN_POINT ( 'NONE',  ( 45.00000000000000000, -10.00000000000000000, -24.14213562373095101 ) ) ;
#818 = CIRCLE ( 'NONE', #286, 25.00000000000000000 ) ;
#819 = ORIENTED_EDGE ( 'NONE', *, *, #1304, .F. ) ;
#820 = VECTOR ( 'NONE', #611, 1000.000000000000000 ) ;
#821 = CARTESIAN_POINT ( 'NONE',  ( 27.21925140634908402, 3.311284808336963703, -12.61610185556160424 ) ) ;
#822 = EDGE_LOOP ( 'NONE', ( #2057, #86, #516, #1120, #1480, #473, #1852, #1867, #1777 ) ) ;
#823 = EDGE_CURVE ( 'NONE', #303, #117, #1544, .T. ) ;
#824 = DIRECTION ( 'NONE',  ( 1.000000000000000000, 0.000000000000000000, 0.000000000000000000 ) ) ;
#825 = CIRCLE ( 'NONE', #555, 4.999999999999997335 ) ;
#826 = CARTESIAN_POINT ( 'NONE',  ( -1.706088414025556036E-16, -10.00000000000000000, 5.000000000000000888 ) ) ;
#827 = CARTESIAN_POINT ( 'NONE',  ( -19.83383350728216499, 0.3314903093365468845, 15.21903572521634729 ) ) ;
#828 = CARTESIAN_POINT ( 'NONE',  ( -22.33182327410575141, -4.999999999999998224, 11.24275358332094044 ) ) ;
#829 = CARTESIAN_POINT ( 'NONE',  ( -1.706088414025556036E-16, 10.00000000000000000, 5.000000000000000888 ) ) ;
#830 = ORIENTED_EDGE ( 'NONE', *, *, #1502, .F. ) ;
#831 = DIRECTION ( 'NONE',  ( -0.9659258262890700886, 0.000000000000000000, -0.2588190451025141336 ) ) ;
#832 = B_SPLINE_CURVE_WITH_KNOTS ( 'NONE', 3,
 ( #397, #1030, #233, #936 ),
 .UNSPECIFIED., .F., .F.,
 ( 4, 4 ),
 ( 0.000000000000000000, 0.001102818439061873648 ),
 .UNSPECIFIED. ) ;
#833 = CARTESIAN_POINT ( 'NONE',  ( 45.00000000000000000, 4.878909776184769953E-16, -24.14213562373095101 ) ) ;
#834 = EDGE_CURVE ( 'NONE', #566, #874, #1105, .T. ) ;
#835 = CARTESIAN_POINT ( 'NONE',  ( 45.00000000000000000, 10.00000000000000000, -24.14213562373095101 ) ) ;
#836 = CARTESIAN_POINT ( 'NONE',  ( -19.93240158288471164, -1.306756865322757255, 15.08985031801881327 ) ) ;
#837 = CARTESIAN_POINT ( 'NONE',  ( 40.00000000000000000, 1.100214377192153131E-15, 10.00000000000000888 ) ) ;
#838 = LINE ( 'NONE', #226, #578 ) ;
#839 = VERTEX_POINT ( 'NONE', #2025 ) ;
#840 = ORIENTED_EDGE ( 'NONE', *, *, #128, .F. ) ;
#841 = CARTESIAN_POINT ( 'NONE',  ( -20.97126736310453410, 3.988873208584548635, -13.61179294434309739 ) ) ;
#842 = CARTESIAN_POINT ( 'NONE',  ( 0.2828278039819561163, -4.792516003554901260, -25.00000000000000355 ) ) ;
#843 = DIRECTION ( 'NONE',  ( 0.000000000000000000, 1.000000000000000000, 0.000000000000000000 ) ) ;
#844 = ADVANCED_FACE ( 'NONE', ( #590 ), #581, .T. ) ;
#845 = CARTESIAN_POINT ( 'NONE',  ( 28.28427124746190202, -10.00000000000000000, 10.00000000000000355 ) ) ;
#846 = ORIENTED_EDGE ( 'NONE', *, *, #937, .F. ) ;
#847 = VERTEX_POINT ( 'NONE', #266 ) ;
#848 = DIRECTION ( 'NONE',  ( 0.000000000000000000, 0.000000000000000000, -1.000000000000000000 ) ) ;
#849 = CIRCLE ( 'NONE', #1864, 25.00000000000000000 ) ;
#850 = CIRCLE ( 'NONE', #1084, 30.00000000000000000 ) ;
#851 = CARTESIAN_POINT ( 'NONE',  ( 0.000000000000000000, 5.000000000000000000, 0.000000000000000000 ) ) ;
#852 = CARTESIAN_POINT ( 'NONE',  ( -23.99393200717930696, -1.766892849447440073, 18.00819807144122819 ) ) ;
#853 = DIRECTION ( 'NONE',  ( -0.000000000000000000, -1.000000000000000000, -0.000000000000000000 ) ) ;
#854 = ADVANCED_FACE ( 'NONE', ( #1547 ), #505, .F. ) ;
#855 = ORIENTED_EDGE ( 'NONE', *, *, #876, .T. ) ;
#856 = ORIENTED_EDGE ( 'NONE', *, *, #2011, .F. ) ;
#857 = CARTESIAN_POINT ( 'NONE',  ( -20.44448262929875071, -3.057077368176089660, -14.38945860634933105 ) ) ;
#858 = DIRECTION ( 'NONE',  ( 0.000000000000000000, 0.000000000000000000, 1.000000000000000000 ) ) ;
#859 = FACE_OUTER_BOUND ( 'NONE', #531, .T. ) ;
#860 = CARTESIAN_POINT ( 'NONE',  ( -23.80060020873830595, -2.958228394578794270E-28, 18.26284287025998765 ) ) ;
#861 = CARTESIAN_POINT ( 'NONE',  ( 0.000000000000000000, -10.00000000000000000, 0.000000000000000000 ) ) ;
#862 = ORIENTED_EDGE ( 'NONE', *, *, #512, .F. ) ;
#863 = ADVANCED_FACE ( 'NONE', ( #495 ), #976, .F. ) ;
#864 = ORIENTED_EDGE ( 'NONE', *, *, #1876, .F. ) ;
#865 = CARTESIAN_POINT ( 'NONE',  ( -19.85374564905719197, 0.6590042460721929896, -15.19318921185550941 ) ) ;
#866 = EDGE_CURVE ( 'NONE', #1850, #1087, #1134, .T. ) ;
#867 = CARTESIAN_POINT ( 'NONE',  ( -2.642518860912743239, -2.433757819081289409, -24.86019988350231458 ) ) ;
#868 = CARTESIAN_POINT ( 'NONE',  ( -2.888673650869751253, -3.062223674112266814, 29.86116888283540050 ) ) ;
#869 = CARTESIAN_POINT ( 'NONE',  ( 23.08455356037296724, 0.6574241052192641988, 9.597263996462135793 ) ) ;
#870 = PLANE ( 'NONE',  #1252 ) ;
#871 = CARTESIAN_POINT ( 'NONE',  ( 22.63033438437793876, 0.000000000000000000, 9.373791423306379045 ) ) ;
#872 = DIRECTION ( 'NONE',  ( -0.1305261922200475488, 0.000000000000000000, 0.9914448613738109373 ) ) ;
#873 = ORIENTED_EDGE ( 'NONE', *, *, #1102, .F. ) ;
#874 = VERTEX_POINT ( 'NONE', #1447 ) ;
#875 = CARTESIAN_POINT ( 'NONE',  ( -19.99102037181483382, 1.623258438924418678, -15.01249283658706446 ) ) ;
#876 = EDGE_CURVE ( 'NONE', #847, #1679, #163, .T. ) ;
#877 = EDGE_CURVE ( 'NONE', #1971, #1651, #1742, .T. ) ;
#878 = EDGE_CURVE ( 'NONE', #1891, #1750, #470, .T. ) ;
#879 = DIRECTION ( 'NONE',  ( 0.000000000000000000, 1.000000000000000000, -0.000000000000000000 ) ) ;
#880 = AXIS2_PLACEMENT_3D ( 'NONE', #1752, #161, #931 ) ;
#881 = CARTESIAN_POINT ( 'NONE',  ( 28.28427124746190202, -10.00000000000000000, -10.00000000000000178 ) ) ;
#882 = LOCAL_TIME ( 22, 38, 40.00000000000000000, #267 ) ;
#883 = FACE_BOUND ( 'NONE', #1573, .T. ) ;
#884 = AXIS2_PLACEMENT_3D ( 'NONE', #941, #1763, #963 ) ;
#885 = CARTESIAN_POINT ( 'NONE',  ( -37.50000000000000711, -5.000000000000000000, 0.000000000000000000 ) ) ;
#886 = EDGE_LOOP ( 'NONE', ( #1098, #1390, #1909, #650 ) ) ;
#887 = DIRECTION ( 'NONE',  ( 0.6087614290087224322, 0.000000000000000000, 0.7933533402912338328 ) ) ;
#888 = ORIENTED_EDGE ( 'NONE', *, *, #2063, .F. ) ;
#889 = CARTESIAN_POINT ( 'NONE',  ( -26.35658899782011133, -5.000000000000000000, -14.33317109030394931 ) ) ;
#890 = EDGE_LOOP ( 'NONE', ( #1260, #98, #413, #229 ) ) ;
#891 = DIRECTION ( 'NONE',  ( 0.000000000000000000, 0.000000000000000000, 1.000000000000000000 ) ) ;
#892 = CARTESIAN_POINT ( 'NONE',  ( -37.50000000000000711, -10.00000000000000000, 0.000000000000000000 ) ) ;
#893 = CARTESIAN_POINT ( 'NONE',  ( 3.061616997868383043E-15, -10.00000000000000000, 25.00000000000000000 ) ) ;
#894 = B_SPLINE_CURVE_WITH_KNOTS ( 'NONE', 3,
 ( #1163, #1487, #1131, #836, #1171, #1444, #1782, #816, #1946, #2096, #1306, #1649, #492, #535, #501, #1938, #1772, #1326, #828, #341 ),
 .UNSPECIFIED., .F., .F.,
 ( 4, 2, 2, 2, 2, 2, 2, 2, 2, 4 ),
 ( 0.007903097531332043887, 0.008890955309388111349, 0.009878813087444177077, 0.01086667086550024627, 0.01185452864355631200, 0.01284238642161238120, 0.01383024419966844866, 0.01432417308869647979, 0.01481810197772450918, 0.01580595975578056797 ),
 .UNSPECIFIED. ) ;
#895 = DIRECTION ( 'NONE',  ( 0.000000000000000000, 0.000000000000000000, -1.000000000000000000 ) ) ;
#896 = ADVANCED_FACE ( 'NONE', ( #955 ), #153, .T. ) ;
#897 = CARTESIAN_POINT ( 'NONE',  ( 26.31045871062716657, 4.686168713690225474, 14.41467505689343831 ) ) ;
#898 = DESIGN_CONTEXT ( 'detailed design', #318, 'design' ) ;
#899 = CARTESIAN_POINT ( 'NONE',  ( -27.97529114175929976, 10.00000000000000000, -10.83434748998773678 ) ) ;
#900 = ORIENTED_EDGE ( 'NONE', *, *, #1384, .T. ) ;
#901 = DIRECTION ( 'NONE',  ( 1.000000000000000000, 0.000000000000000000, 3.412176828051111703E-17 ) ) ;
#902 = EDGE_LOOP ( 'NONE', ( #322, #207 ) ) ;
#903 = DIRECTION ( 'NONE',  ( 0.000000000000000000, 1.000000000000000000, -0.000000000000000000 ) ) ;
#904 = CIRCLE ( 'NONE', #1881, 4.999999999999997335 ) ;
#905 = CARTESIAN_POINT ( 'NONE',  ( 27.02117420133037839, -3.772398132357096312, 13.03494603904905702 ) ) ;
#906 = ORIENTED_EDGE ( 'NONE', *, *, #539, .T. ) ;
#907 = DIRECTION ( 'NONE',  ( -0.000000000000000000, -1.000000000000000000, -0.000000000000000000 ) ) ;
#908 = VECTOR ( 'NONE', #1301, 999.9999999999998863 ) ;
#909 = CARTESIAN_POINT ( 'NONE',  ( -27.97529114175930331, -5.000000000000000000, 10.83434748998774033 ) ) ;
#910 = EDGE_CURVE ( 'NONE', #1142, #974, #336, .T. ) ;
#911 = EDGE_LOOP ( 'NONE', ( #1549, #1660, #188, #2030, #1616, #215, #316, #276, #148, #830, #2081, #1774, #855 ) ) ;
#912 = CARTESIAN_POINT ( 'NONE',  ( -22.33182111418119931, 4.999999999540897022, -11.24275801908231820 ) ) ;
#913 = CALENDAR_DATE ( 2026, 31, 7 ) ;
#914 = CARTESIAN_POINT ( 'NONE',  ( -1.913417161962792656, 5.000000000000000000, 4.619397662888106382 ) ) ;
#915 = AXIS2_PLACEMENT_3D ( 'NONE', #716, #927, #968 ) ;
#916 = DIRECTION ( 'NONE',  ( 1.000000000000000000, 0.000000000000000000, 0.000000000000000000 ) ) ;
#917 = EDGE_LOOP ( 'NONE', ( #1554, #430, #617, #692 ) ) ;
#918 = CARTESIAN_POINT ( 'NONE',  ( 1.759998617158973655, 5.000000000000000000, -24.93797114577684937 ) ) ;
#919 = AXIS2_PLACEMENT_3D ( 'NONE', #572, #1470, #1353 ) ;
#920 =( GEOMETRIC_REPRESENTATION_CONTEXT ( 3 ) GLOBAL_UNCERTAINTY_ASSIGNED_CONTEXT ( ( #1699 ) ) GLOBAL_UNIT_ASSIGNED_CONTEXT ( ( #560, #243, #209 ) ) REPRESENTATION_CONTEXT ( 'NONE', 'WORKASPACE' ) );
#921 = VECTOR ( 'NONE', #1713, 1000.000000000000000 ) ;
#922 = CARTESIAN_POINT ( 'NONE',  ( -23.95755288630745383, 1.621376654698233333, 18.05689386923971540 ) ) ;
#923 = ORIENTED_EDGE ( 'NONE', *, *, #579, .T. ) ;
#924 = CARTESIAN_POINT ( 'NONE',  ( -1.706088414025556036E-16, -10.00000000000000000, 5.000000000000000888 ) ) ;
#925 = EDGE_CURVE ( 'NONE', #138, #540, #626, .T. ) ;
#926 = CARTESIAN_POINT ( 'NONE',  ( -37.50000000000000711, 10.00000000000000000, 0.000000000000000000 ) ) ;
#927 = DIRECTION ( 'NONE',  ( -0.000000000000000000, 0.000000000000000000, 1.000000000000000000 ) ) ;
#928 = CARTESIAN_POINT ( 'NONE',  ( 45.00000000000000000, 4.878909776184769953E-16, -24.14213562373095101 ) ) ;
#929 = ORIENTED_EDGE ( 'NONE', *, *, #823, .F. ) ;
#930 = CYLINDRICAL_SURFACE ( 'NONE', #1218, 5.000000000001064926 ) ;
#931 = DIRECTION ( 'NONE',  ( -1.776356839400250465E-15, 0.000000000000000000, 1.000000000000000000 ) ) ;
#932 = ORIENTED_EDGE ( 'NONE', *, *, #553, .F. ) ;
#933 = CARTESIAN_POINT ( 'NONE',  ( -0.2371085603467699698, -4.601560250140249941, 25.00000000000000355 ) ) ;
#934 = EDGE_CURVE ( 'NONE', #1850, #15, #1700, .T. ) ;
#935 = CARTESIAN_POINT ( 'NONE',  ( -37.50000000000000711, 5.000000000000000000, 4.999999999999997335 ) ) ;
#936 = CARTESIAN_POINT ( 'NONE',  ( 8.067108587617793606E-17, -4.881032626044842004, -30.00000000000000000 ) ) ;
#937 = EDGE_CURVE ( 'NONE', #1299, #44, #380, .T. ) ;
#938 = AXIS2_PLACEMENT_3D ( 'NONE', #424, #903, #1059 ) ;
#939 = ORIENTED_EDGE ( 'NONE', *, *, #1681, .F. ) ;
#940 = CARTESIAN_POINT ( 'NONE',  ( 21.88166061608139046, 4.502069821094222490, -12.09486121459285712 ) ) ;
#941 = CARTESIAN_POINT ( 'NONE',  ( 0.000000000000000000, -5.000000000000000000, 0.000000000000000000 ) ) ;
#942 = CARTESIAN_POINT ( 'NONE',  ( -3.915791474234980196, -0.3309790555308202431, 29.74334508979011815 ) ) ;
#943 = ORIENTED_EDGE ( 'NONE', *, *, #1395, .T. ) ;
#944 = CARTESIAN_POINT ( 'NONE',  ( 27.70397808234113413, -0.6582763955120753963, -11.51059500118071988 ) ) ;
#945 = ORIENTED_EDGE ( 'NONE', *, *, #29, .T. ) ;
#946 = DIRECTION ( 'NONE',  ( 0.000000000000000000, -1.000000000000000000, 0.000000000000000000 ) ) ;
#947 = CARTESIAN_POINT ( 'NONE',  ( 0.000000000000000000, 10.00000000000000000, 0.000000000000000000 ) ) ;
#948 = VERTEX_POINT ( 'NONE', #83 ) ;
#949 = CARTESIAN_POINT ( 'NONE',  ( 23.09699131708141095, 0.3313656004090653195, -9.567078556107279752 ) ) ;
#950 = EDGE_CURVE ( 'NONE', #1061, #270, #1701, .T. ) ;
#951 = CARTESIAN_POINT ( 'NONE',  ( -3.151935180515794688, 2.679523613175896379, -29.83427845000823453 ) ) ;
#952 = FACE_OUTER_BOUND ( 'NONE', #1715, .T. ) ;
#953 = AXIS2_PLACEMENT_3D ( 'NONE', #251, #1532, #754 ) ;
#954 = CIRCLE ( 'NONE', #618, 30.00000000000000000 ) ;
#955 = FACE_OUTER_BOUND ( 'NONE', #1640, .T. ) ;
#956 = ORIENTED_EDGE ( 'NONE', *, *, #1025, .F. ) ;
#957 = CARTESIAN_POINT ( 'NONE',  ( -24.53549040973908291, 3.311284809630253623, -17.26451225796960642 ) ) ;
#958 = CYLINDRICAL_SURFACE ( 'NONE', #643, 30.00000000000000000 ) ;
#959 = ORIENTED_EDGE ( 'NONE', *, *, #728, .F. ) ;
#960 = DIRECTION ( 'NONE',  ( 1.000000000000000000, 0.000000000000000000, 0.000000000000000000 ) ) ;
#961 = CARTESIAN_POINT ( 'NONE',  ( -26.35657458729516733, -5.000000000048305360, 14.33319830008544749 ) ) ;
#962 = PLANE ( 'NONE',  #884 ) ;
#963 = DIRECTION ( 'NONE',  ( 0.000000000000000000, 0.000000000000000000, 1.000000000000000000 ) ) ;
#964 = B_SPLINE_CURVE_WITH_KNOTS ( 'NONE', 3,
 ( #775, #961, #1127, #533, #1467, #1180, #1020, #1625, #677, #1170, #1807, #688, #210, #852, #1496, #36, #1507, #222, #1001, #860 ),
 .UNSPECIFIED., .F., .F.,
 ( 4, 2, 2, 2, 2, 2, 2, 2, 2, 4 ),
 ( 0.000000000000000000, 0.0009867925806492734622, 0.001973585161298546924, 0.002960377741947820603, 0.003947170322597093849, 0.004933962903246367528, 0.005920755483895641207, 0.006414151774220278046, 0.006907548064544914886, 0.007894340645194185963 ),
 .UNSPECIFIED. ) ;
#965 = DIRECTION ( 'NONE',  ( 1.000000000000000000, 0.000000000000000000, 0.000000000000000000 ) ) ;
#966 = ORIENTED_EDGE ( 'NONE', *, *, #1502, .T. ) ;
#967 = CARTESIAN_POINT ( 'NONE',  ( -3.043807145045557494, 5.000000000000000000, -3.966766701458702915 ) ) ;
#968 = DIRECTION ( 'NONE',  ( 1.000000000000000000, 0.000000000000000000, 0.000000000000000000 ) ) ;
#969 = DIRECTION ( 'NONE',  ( 1.000000000000000000, 0.000000000000000000, 3.412176828051111703E-17 ) ) ;
#970 = CARTESIAN_POINT ( 'NONE',  ( 8.067108587617793606E-17, -4.881032626044842004, -30.00000000000000000 ) ) ;
#971 = CARTESIAN_POINT ( 'NONE',  ( 5.572205368520520484E-19, 4.881032626044842004, -30.00000000000000000 ) ) ;
#972 = EDGE_CURVE ( 'NONE', #1503, #263, #1879, .T. ) ;
#973 = CARTESIAN_POINT ( 'NONE',  ( -26.35659069023451195, 5.000000000047250204, 14.33316789453778561 ) ) ;
#974 = VERTEX_POINT ( 'NONE', #1890 ) ;
#975 = CC_DESIGN_DATE_AND_TIME_ASSIGNMENT ( #1420, #1093, ( #1351 ) ) ;
#976 = CYLINDRICAL_SURFACE ( 'NONE', #2021, 25.00000000000000000 ) ;
#977 = VERTEX_POINT ( 'NONE', #1205 ) ;
#978 = CARTESIAN_POINT ( 'NONE',  ( 55.00000000000000000, 4.878909776184769953E-16, -10.00000000000000000 ) ) ;
#979 = DIRECTION ( 'NONE',  ( 1.000000000000000000, 0.000000000000000000, 0.000000000000000000 ) ) ;
#980 = CARTESIAN_POINT ( 'NONE',  ( -22.18237732936410112, 4.968651063004109858, 11.53461372025260445 ) ) ;
#981 = CYLINDRICAL_SURFACE ( 'NONE', #1728, 5.000000000000041744 ) ;
#982 = CARTESIAN_POINT ( 'NONE',  ( -3.197225689828715467, 0.000000000000000000, -24.28534018466098487 ) ) ;
#983 = MANIFOLD_SOLID_BREP ( 'Fillet6', #231 ) ;
#984 = CIRCLE ( 'NONE', #70, 25.00000000000000000 ) ;
#985 = DIRECTION ( 'NONE',  ( 1.000000000000000000, -0.000000000000000000, 0.000000000000000000 ) ) ;
#986 = EDGE_LOOP ( 'NONE', ( #1974, #377 ) ) ;
#987 = CARTESIAN_POINT ( 'NONE',  ( 40.00000000000000000, 1.100214377192153131E-15, 5.000000000000000888 ) ) ;
#988 = AXIS2_PLACEMENT_3D ( 'NONE', #349, #1965, #1623 ) ;
#989 = EDGE_CURVE ( 'NONE', #783, #2042, #96, .T. ) ;
#990 = VECTOR ( 'NONE', #1839, 1000.000000000000114 ) ;
#991 = DIRECTION ( 'NONE',  ( -0.000000000000000000, -0.000000000000000000, 1.000000000000000000 ) ) ;
#992 = CARTESIAN_POINT ( 'NONE',  ( 22.59402707294919210, 3.314648097588496434, 10.70345140499667913 ) ) ;
#993 = FACE_OUTER_BOUND ( 'NONE', #1058, .T. ) ;
#994 = CARTESIAN_POINT ( 'NONE',  ( 0.000000000000000000, 10.00000000000000000, 0.000000000000000000 ) ) ;
#995 = ORIENTED_EDGE ( 'NONE', *, *, #1512, .F. ) ;
#996 = CARTESIAN_POINT ( 'NONE',  ( -37.50000000000000711, 10.00000000000000000, 0.000000000000000000 ) ) ;
#997 = ORIENTED_EDGE ( 'NONE', *, *, #2051, .F. ) ;
#998 = CARTESIAN_POINT ( 'NONE',  ( 23.08455510792109067, -0.6591111073568681755, 9.597266847959950553 ) ) ;
#999 = LINE ( 'NONE', #1791, #487 ) ;
#1000 = EDGE_CURVE ( 'NONE', #1116, #536, #684, .T. ) ;
#1001 = CARTESIAN_POINT ( 'NONE',  ( -23.80060020873831306, -0.3310706151133995800, 18.26284287025995923 ) ) ;
#1002 = CARTESIAN_POINT ( 'NONE',  ( -20.96652541902932754, 3.982421797368090655, 13.61912657369147084 ) ) ;
#1003 = CARTESIAN_POINT ( 'NONE',  ( 55.00000000000000000, 4.878909776184769953E-16, -24.14213562373095101 ) ) ;
#1004 = CARTESIAN_POINT ( 'NONE',  ( 20.71691722270940872, 5.000000000000000000, -13.99318908567330233 ) ) ;
#1005 = ORIENTED_EDGE ( 'NONE', *, *, #79, .T. ) ;
#1006 = ORIENTED_EDGE ( 'NONE', *, *, #287, .F. ) ;
#1007 = CARTESIAN_POINT ( 'NONE',  ( -19.85375994559870350, -0.6575302286205542135, -15.19316642583791754 ) ) ;
#1008 = CARTESIAN_POINT ( 'NONE',  ( 0.000000000000000000, 10.00000000000000000, -25.00000000000000000 ) ) ;
#1009 = VECTOR ( 'NONE', #375, 1000.000000000000114 ) ;
#1010 = EDGE_CURVE ( 'NONE', #196, #386, #1851, .T. ) ;
#1011 = VECTOR ( 'NONE', #372, 1000.000000000000000 ) ;
#1012 = CARTESIAN_POINT ( 'NONE',  ( -37.50000000000000711, 10.00000000000000000, 0.000000000000000000 ) ) ;
#1013 = ORIENTED_EDGE ( 'NONE', *, *, #1634, .F. ) ;
#1014 = ORIENTED_EDGE ( 'NONE', *, *, #713, .F. ) ;
#1015 = VECTOR ( 'NONE', #1615, 1000.000000000000000 ) ;
#1016 = CARTESIAN_POINT ( 'NONE',  ( -20.23360994376144717, 2.517519684716471140, -14.68451786255316271 ) ) ;
#1017 = VECTOR ( 'NONE', #1183, 1000.000000000000114 ) ;
#1018 = ORIENTED_EDGE ( 'NONE', *, *, #934, .F. ) ;
#1019 = CARTESIAN_POINT ( 'NONE',  ( -2.681380914483167288, -3.313998618283827025, 29.88082932651490964 ) ) ;
#1020 = CARTESIAN_POINT ( 'NONE',  ( -25.24193878180491524, -4.343901803837461273, 16.21480583246754392 ) ) ;
#1021 = EDGE_LOOP ( 'NONE', ( #1029, #1321 ) ) ;
#1022 = CARTESIAN_POINT ( 'NONE',  ( 26.00153997785952953, 4.874555775585027284, 14.96481186035657274 ) ) ;
#1023 = EDGE_CURVE ( 'NONE', #750, #644, #741, .T. ) ;
#1024 = LINE ( 'NONE', #1509, #1484 ) ;
#1025 = EDGE_CURVE ( 'NONE', #15, #808, #1552, .T. ) ;
#1026 = ORIENTED_EDGE ( 'NONE', *, *, #449, .T. ) ;
#1027 = CARTESIAN_POINT ( 'NONE',  ( 23.09698831269065522, -2.802596928649634142E-42, 9.567085809348183645 ) ) ;
#1028 = PERSON_AND_ORGANIZATION_ROLE ( 'design_owner' ) ;
#1029 = ORIENTED_EDGE ( 'NONE', *, *, #972, .F. ) ;
#1030 = CARTESIAN_POINT ( 'NONE',  ( 0.7264743897350977031, -5.000000000095664809, -29.99348463051842018 ) ) ;
#1031 = FACE_BOUND ( 'NONE', #227, .T. ) ;
#1032 = FACE_BOUND ( 'NONE', #1239, .T. ) ;
#1033 = DIRECTION ( 'NONE',  ( 0.000000000000000000, 1.000000000000000000, 0.000000000000000000 ) ) ;
#1034 = ORIENTED_EDGE ( 'NONE', *, *, #1037, .T. ) ;
#1035 = CARTESIAN_POINT ( 'NONE',  ( -25.24502957072559894, -4.347024308921032087, -16.20996859853370609 ) ) ;
#1036 = PRODUCT_DEFINITION ( 'UNKNOWN', '', #1251, #898 ) ;
#1037 = EDGE_CURVE ( 'NONE', #534, #1519, #109, .T. ) ;
#1038 = CARTESIAN_POINT ( 'NONE',  ( -20.56649845977217694, -3.314695590943205872, -14.21524083638837332 ) ) ;
#1039 = CARTESIAN_POINT ( 'NONE',  ( 0.000000000000000000, -10.00000000000000000, -30.00000000000000000 ) ) ;
#1040 = CARTESIAN_POINT ( 'NONE',  ( -22.47691583950653538, -5.000000000000000000, 10.94478206012985844 ) ) ;
#1041 = CARTESIAN_POINT ( 'NONE',  ( 22.99460702147423063, 1.612460202123308095, 9.810726024115474786 ) ) ;
#1042 = CARTESIAN_POINT ( 'NONE',  ( 1.096207472079200107, -5.000000000000000000, 29.97996546325824951 ) ) ;
#1043 = CARTESIAN_POINT ( 'NONE',  ( 0.000000000000000000, -5.000000000000000000, 0.000000000000000000 ) ) ;
#1044 = ORIENTED_EDGE ( 'NONE', *, *, #1540, .F. ) ;
#1045 = ORIENTED_EDGE ( 'NONE', *, *, #343, .F. ) ;
#1046 = CARTESIAN_POINT ( 'NONE',  ( 29.58039891549807621, -10.00000000000000000, 5.000000000000001776 ) ) ;
#1047 = EDGE_CURVE ( 'NONE', #458, #468, #787, .T. ) ;
#1048 = CARTESIAN_POINT ( 'NONE',  ( 0.000000000000000000, 0.000000000000000000, 0.000000000000000000 ) ) ;
#1049 = CARTESIAN_POINT ( 'NONE',  ( 0.2791435373538460607, -4.791162891969730886, 25.00000000000000355 ) ) ;
#1050 = VECTOR ( 'NONE', #872, 1000.000000000000000 ) ;
#1051 = DIRECTION ( 'NONE',  ( 0.000000000000000000, -1.000000000000000000, 0.000000000000000000 ) ) ;
#1052 = VECTOR ( 'NONE', #1495, 1000.000000000000000 ) ;
#1053 = ORIENTED_EDGE ( 'NONE', *, *, #1959, .T. ) ;
#1054 = CARTESIAN_POINT ( 'NONE',  ( 45.00000000000000000, -10.00000000000000000, -10.00000000000000000 ) ) ;
#1055 = CARTESIAN_POINT ( 'NONE',  ( -25.88063857989447669, 4.835523866257068981, 15.17291653038232901 ) ) ;
#1056 = ORIENTED_EDGE ( 'NONE', *, *, #728, .T. ) ;
#1057 = DIRECTION ( 'NONE',  ( -0.000000000000000000, -0.000000000000000000, 1.000000000000000000 ) ) ;
#1058 = EDGE_LOOP ( 'NONE', ( #1243, #745, #932, #1123 ) ) ;
#1059 = DIRECTION ( 'NONE',  ( 0.000000000000000000, 0.000000000000000000, 1.000000000000000000 ) ) ;
#1060 = CARTESIAN_POINT ( 'NONE',  ( 0.5740521024071622014, 4.870475014467549713, 24.99513308534081446 ) ) ;
#1061 = VERTEX_POINT ( 'NONE', #587 ) ;
#1062 = ADVANCED_FACE ( 'NONE', ( #1369 ), #1678, .F. ) ;
#1063 = CARTESIAN_POINT ( 'NONE',  ( 22.59298378743973146, 3.317415002651767697, -10.70565800286149205 ) ) ;
#1064 = CARTESIAN_POINT ( 'NONE',  ( -19.43310869446227329, 0.000000000000000000, 14.91154876158687159 ) ) ;
#1065 = CARTESIAN_POINT ( 'NONE',  ( -25.96067722312549719, 4.874555775670270208, 15.03558822769488401 ) ) ;
#1066 = ORIENTED_EDGE ( 'NONE', *, *, #53, .F. ) ;
#1067 = VERTEX_POINT ( 'NONE', #909 ) ;
#1068 = CARTESIAN_POINT ( 'NONE',  ( -39.57055236082011618, -5.000000000000000000, -7.727406610312552715 ) ) ;
#1069 = FACE_OUTER_BOUND ( 'NONE', #2023, .T. ) ;
#1070 = ORIENTED_EDGE ( 'NONE', *, *, #1719, .F. ) ;
#1071 = FACE_OUTER_BOUND ( 'NONE', #631, .T. ) ;
#1072 = EDGE_CURVE ( 'NONE', #1448, #1087, #1832, .T. ) ;
#1073 = AXIS2_PLACEMENT_3D ( 'NONE', #434, #1714, #916 ) ;
#1074 = DIRECTION ( 'NONE',  ( 0.000000000000000000, 1.000000000000000000, -0.000000000000000000 ) ) ;
#1075 = ORIENTED_EDGE ( 'NONE', *, *, #1853, .T. ) ;
#1076 = CARTESIAN_POINT ( 'NONE',  ( -27.97529114175930331, -10.00000000000000000, 10.83434748998774033 ) ) ;
#1077 = DIRECTION ( 'NONE',  ( 1.000000000000000000, 0.000000000000000000, 0.000000000000000000 ) ) ;
#1078 = PERSON_AND_ORGANIZATION_ROLE ( 'design_supplier' ) ;
#1079 = DIRECTION ( 'NONE',  ( 0.000000000000000000, 1.000000000000000000, -0.000000000000000000 ) ) ;
#1080 = ORIENTED_EDGE ( 'NONE', *, *, #1226, .F. ) ;
#1081 = CARTESIAN_POINT ( 'NONE',  ( -4.582576039861772976, -10.00000000000000000, -17.10240661031235021 ) ) ;
#1082 = CIRCLE ( 'NONE', #715, 25.00000000000000000 ) ;
#1083 = AXIS2_PLACEMENT_3D ( 'NONE', #833, #991, #979 ) ;
#1084 = AXIS2_PLACEMENT_3D ( 'NONE', #994, #1639, #194 ) ;
#1085 = EDGE_CURVE ( 'NONE', #1950, #240, #1793, .T. ) ;
#1086 = LINE ( 'NONE', #817, #1015 ) ;
#1087 = VERTEX_POINT ( 'NONE', #899 ) ;
#1088 = LINE ( 'NONE', #85, #594 ) ;
#1089 = B_SPLINE_CURVE_WITH_KNOTS ( 'NONE', 3,
 ( #1187, #1198, #1981, #710, #1846, #1167, #1176, #1814, #1494, #1038, #857, #34, #546, #1644, #1511, #1972, #1835, #1007, #1680, #723, #865, #538, #875, #1350, #1016, #218, #1963, #1504, #841, #52, #198, #1339, #1523, #75, #519, #1159, #912, #1712 ),
 .UNSPECIFIED., .F., .F.,
 ( 4, 2, 2, 2, 2, 2, 2, 2, 2, 2, 2, 2, 2, 2, 2, 2, 2, 2, 4 ),
 ( 0.000000000000000000, 0.0009878724843596724779, 0.001975744968719344956, 0.002963617453079017434, 0.003951489937438689912, 0.004939362421798361956, 0.005927234906158034868, 0.006421171148337872191, 0.006915107390517709514, 0.007902979874877383293, 0.008890852359237057939, 0.009878724843596732585, 0.01086659732795640723, 0.01185446981231608014, 0.01284234229667575479, 0.01383021478103542944, 0.01432415102321525982, 0.01481808726539509194, 0.01580595974975475271 ),
 .UNSPECIFIED. ) ;
#1090 = EDGE_CURVE ( 'NONE', #1165, #974, #457, .T. ) ;
#1091 = DIRECTION ( 'NONE',  ( 0.000000000000000000, 0.000000000000000000, 1.000000000000000000 ) ) ;
#1092 = DIRECTION ( 'NONE',  ( -0.000000000000000000, 1.000000000000000000, -0.000000000000000000 ) ) ;
#1093 = DATE_TIME_ROLE ( 'classification_date' ) ;
#1094 = CARTESIAN_POINT ( 'NONE',  ( 26.08653619321756878, -4.841238539036007538, 14.81882375023516296 ) ) ;
#1095 = EDGE_LOOP ( 'NONE', ( #1662, #943, #791, #110 ) ) ;
#1096 = DIRECTION ( 'NONE',  ( -1.000000000000000000, 0.000000000000000000, 1.947979961967537091E-16 ) ) ;
#1097 = CARTESIAN_POINT ( 'NONE',  ( -3.883502645127255626, 0.6566759220640183692, 29.74764656934189588 ) ) ;
#1098 = ORIENTED_EDGE ( 'NONE', *, *, #504, .F. ) ;
#1099 = CARTESIAN_POINT ( 'NONE',  ( 26.66075938900693743, -4.347024306805680638, -13.75785262290837707 ) ) ;
#1100 = ORIENTED_EDGE ( 'NONE', *, *, #27, .T. ) ;
#1101 = LINE ( 'NONE', #1838, #1347 ) ;
#1102 = EDGE_CURVE ( 'NONE', #1671, #412, #1086, .T. ) ;
#1103 = COORDINATED_UNIVERSAL_TIME_OFFSET ( 5, 30, .AHEAD. ) ;
#1104 = DIRECTION ( 'NONE',  ( -0.1305261922200491587, 0.000000000000000000, -0.9914448613738107152 ) ) ;
#1105 = CIRCLE ( 'NONE', #1744, 4.999999999999997335 ) ;
#1106 = VERTEX_POINT ( 'NONE', #471 ) ;
#1107 = CARTESIAN_POINT ( 'NONE',  ( 22.39001879822972185, 3.778264046948568211, -11.12389715471455887 ) ) ;
#1108 = CARTESIAN_POINT ( 'NONE',  ( -3.424987041106567709, 2.186426504507977597, -29.80416631585340781 ) ) ;
#1109 = CARTESIAN_POINT ( 'NONE',  ( 29.58039891549807976, -10.00000000000000000, -5.000000000000000000 ) ) ;
#1110 = VERTEX_POINT ( 'NONE', #1109 ) ;
#1111 = CARTESIAN_POINT ( 'NONE',  ( 26.08045732621405932, -4.835520274897622706, -14.82682014166678108 ) ) ;
#1112 = ORIENTED_EDGE ( 'NONE', *, *, #62, .T. ) ;
#1113 = AXIS2_PLACEMENT_3D ( 'NONE', #384, #1033, #1987 ) ;
#1114 = DIRECTION ( 'NONE',  ( 0.9659258262890699775, 0.000000000000000000, -0.2588190451025146888 ) ) ;
#1115 = EDGE_CURVE ( 'NONE', #977, #410, #1522, .T. ) ;
#1116 = VERTEX_POINT ( 'NONE', #171 ) ;
#1117 = CYLINDRICAL_SURFACE ( 'NONE', #1083, 4.999999999999997335 ) ;
#1118 = CARTESIAN_POINT ( 'NONE',  ( -20.02738971226920839, 1.769051139726089961, 14.96354408744216791 ) ) ;
#1119 = CARTESIAN_POINT ( 'NONE',  ( -26.51151543515662112, 5.000000000000000000, -14.04063920665480403 ) ) ;
#1120 = ORIENTED_EDGE ( 'NONE', *, *, #62, .F. ) ;
#1121 = CIRCLE ( 'NONE', #685, 10.00000000000000178 ) ;
#1122 = DIRECTION ( 'NONE',  ( 0.9659258262890700886, 0.000000000000000000, 0.2588190451025141336 ) ) ;
#1123 = ORIENTED_EDGE ( 'NONE', *, *, #1759, .T. ) ;
#1124 = CARTESIAN_POINT ( 'NONE',  ( -23.90253731434496487, 1.295748700610946713, -18.12928557685541620 ) ) ;
#1125 = FACE_OUTER_BOUND ( 'NONE', #1899, .T. ) ;
#1126 = DIRECTION ( 'NONE',  ( -0.2588190451025146888, 0.000000000000000000, -0.9659258262890699775 ) ) ;
#1127 = CARTESIAN_POINT ( 'NONE',  ( -26.19850474567500243, -4.968334918432497638, 14.61996090936829873 ) ) ;
#1128 = EDGE_CURVE ( 'NONE', #1213, #1195, #1457, .T. ) ;
#1129 = VECTOR ( 'NONE', #1114, 999.9999999999998863 ) ;
#1130 = DIRECTION ( 'NONE',  ( 0.000000000000000000, 0.000000000000000000, 1.000000000000000000 ) ) ;
#1131 = CARTESIAN_POINT ( 'NONE',  ( -19.85375445105175984, -0.6591111073925324249, 15.19317773472488042 ) ) ;
#1132 = CARTESIAN_POINT ( 'NONE',  ( -4.655830021724758148E-17, -4.688642529591706243, -25.00000000000000000 ) ) ;
#1133 = VERTEX_POINT ( 'NONE', #1427 ) ;
#1134 = LINE ( 'NONE', #1609, #734 ) ;
#1135 = ORIENTED_EDGE ( 'NONE', *, *, #192, .F. ) ;
#1136 = DIRECTION ( 'NONE',  ( 0.000000000000000000, 1.000000000000000000, -0.000000000000000000 ) ) ;
#1137 = DIRECTION ( 'NONE',  ( 1.000000000000000000, 0.000000000000000000, 6.493266539891791537E-17 ) ) ;
#1138 = AXIS2_PLACEMENT_3D ( 'NONE', #1960, #514, #690 ) ;
#1139 = CARTESIAN_POINT ( 'NONE',  ( -2.464320242993536247, -3.576252334540690914, -29.90074412026220330 ) ) ;
#1140 = DIRECTION ( 'NONE',  ( 0.000000000000000000, 1.000000000000000000, 0.000000000000000000 ) ) ;
#1141 = EDGE_CURVE ( 'NONE', #1950, #1679, #1415, .T. ) ;
#1142 = VERTEX_POINT ( 'NONE', #2067 ) ;
#1143 = DIRECTION ( 'NONE',  ( 0.9659258262890699775, 0.000000000000000000, -0.2588190451025146888 ) ) ;
#1144 = VERTEX_POINT ( 'NONE', #1445 ) ;
#1145 = CARTESIAN_POINT ( 'NONE',  ( 25.41530795969167400, -5.000000000000000000, 15.93932625031663974 ) ) ;
#1146 = B_SPLINE_CURVE_WITH_KNOTS ( 'NONE', 3,
 ( #541, #1677, #399, #235, #211, #47, #1698, #696, #563, #1379, #1210, #260, #575, #897, #391, #247, #1022, #1667, #1193, #1508 ),
 .UNSPECIFIED., .F., .F.,
 ( 4, 2, 2, 2, 2, 2, 2, 2, 2, 4 ),
 ( 0.007894340644349439814, 0.008881111626360342626, 0.009867882608371245437, 0.01085465359038214825, 0.01184142457239305279, 0.01282819555440395387, 0.01381496653641485842, 0.01430835202742030896, 0.01480173751842576123, 0.01578850850043666404 ),
 .UNSPECIFIED. ) ;
#1147 = DIRECTION ( 'NONE',  ( 0.000000000000000000, 0.000000000000000000, 1.000000000000000000 ) ) ;
#1148 = CARTESIAN_POINT ( 'NONE',  ( -39.57055236082010907, 5.000000000000000000, 7.727406610312566926 ) ) ;
#1149 = CARTESIAN_POINT ( 'NONE',  ( -21.26136511392414974, 4.346793049128010011, 13.15409252930210471 ) ) ;
#1150 = CARTESIAN_POINT ( 'NONE',  ( 1.096207472079200107, -5.000000000000000000, 29.97996546325824951 ) ) ;
#1151 = CARTESIAN_POINT ( 'NONE',  ( 45.00000000000000000, 4.878909776184769953E-16, -5.000000000000000888 ) ) ;
#1152 = CARTESIAN_POINT ( 'NONE',  ( -2.515598920911550795, 2.650235893789390840, -24.87353693955352085 ) ) ;
#1153 = EDGE_CURVE ( 'NONE', #1416, #1971, #289, .T. ) ;
#1154 = VERTEX_POINT ( 'NONE', #1132 ) ;
#1155 = CARTESIAN_POINT ( 'NONE',  ( 28.28427124746190202, 10.00000000000000000, 10.00000000000000355 ) ) ;
#1156 = VECTOR ( 'NONE', #1525, 1000.000000000000000 ) ;
#1157 = EDGE_CURVE ( 'NONE', #1971, #506, #151, .T. ) ;
#1158 = VERTEX_POINT ( 'NONE', #12 ) ;
#1159 = CARTESIAN_POINT ( 'NONE',  ( -22.18317011939074845, 4.968657180099657289, -11.53299585781784309 ) ) ;
#1160 = CIRCLE ( 'NONE', #1761, 30.00000000000000000 ) ;
#1161 = CARTESIAN_POINT ( 'NONE',  ( 1.160942081197978260, -4.973878726134520534, -24.97475579969330894 ) ) ;
#1162 = LINE ( 'NONE', #835, #586 ) ;
#1163 = CARTESIAN_POINT ( 'NONE',  ( -19.83383350728214367, -9.860761315262647568E-29, 15.21903572521637571 ) ) ;
#1164 = LINE ( 'NONE', #1811, #1009 ) ;
#1165 = VERTEX_POINT ( 'NONE', #1947 ) ;
#1166 = EDGE_LOOP ( 'NONE', ( #1278, #476, #1248, #873 ) ) ;
#1167 = CARTESIAN_POINT ( 'NONE',  ( -21.41413645032897151, -4.500862313918184476, -12.90450765622687079 ) ) ;
#1168 = ADVANCED_FACE ( 'NONE', ( #952 ), #1272, .T. ) ;
#1169 = DIRECTION ( 'NONE',  ( 0.000000000000000000, 0.000000000000000000, 1.000000000000000000 ) ) ;
#1170 = CARTESIAN_POINT ( 'NONE',  ( -24.53547251994898204, -3.311249899597215052, 17.26453769095522617 ) ) ;
#1171 = CARTESIAN_POINT ( 'NONE',  ( -19.99103859346840650, -1.623346006768928040, 15.01246860061553079 ) ) ;
#1172 = AXIS2_PLACEMENT_3D ( 'NONE', #46, #695, #387 ) ;
#1173 = ORIENTED_EDGE ( 'NONE', *, *, #426, .T. ) ;
#1174 = CARTESIAN_POINT ( 'NONE',  ( -24.94570741103077438, -3.985580551560343299, -16.66692178404587210 ) ) ;
#1175 = ORIENTED_EDGE ( 'NONE', *, *, #504, .T. ) ;
#1176 = CARTESIAN_POINT ( 'NONE',  ( -21.26138338438913067, -4.346812539639473449, -13.15406295361476907 ) ) ;
#1177 = APPLICATION_PROTOCOL_DEFINITION ( 'international standard', 'config_control_design', 1994, #82 ) ;
#1178 = ADVANCED_FACE ( 'NONE', ( #1585 ), #1773, .F. ) ;
#1179 = AXIS2_PLACEMENT_3D ( 'NONE', #1312, #1964, #273 ) ;
#1180 = CARTESIAN_POINT ( 'NONE',  ( -25.39880893261433314, -4.498391415321470355, 15.96845910875653551 ) ) ;
#1181 = CIRCLE ( 'NONE', #544, 4.999999999999997335 ) ;
#1182 = EDGE_CURVE ( 'NONE', #602, #1834, #1454, .T. ) ;
#1183 = DIRECTION ( 'NONE',  ( 0.9659258262890700886, 0.000000000000000000, 0.2588190451025140781 ) ) ;
#1184 = LINE ( 'NONE', #871, #281 ) ;
#1185 = ORIENTED_EDGE ( 'NONE', *, *, #354, .T. ) ;
#1186 = VECTOR ( 'NONE', #1764, 1000.000000000000000 ) ;
#1187 = CARTESIAN_POINT ( 'NONE',  ( -22.47691583950513206, -5.000000000000000000, -10.94478206013273969 ) ) ;
#1188 = LOCAL_TIME ( 22, 38, 40.00000000000000000, #2072 ) ;
#1189 = DIRECTION ( 'NONE',  ( 0.000000000000000000, 1.000000000000000000, -0.000000000000000000 ) ) ;
#1190 = ORIENTED_EDGE ( 'NONE', *, *, #512, .T. ) ;
#1191 = DIRECTION ( 'NONE',  ( 0.000000000000000000, 0.000000000000000000, 1.000000000000000000 ) ) ;
#1192 = CYLINDRICAL_SURFACE ( 'NONE', #5, 7.999999999999996447 ) ;
#1193 = CARTESIAN_POINT ( 'NONE',  ( 25.59118285882733090, 4.999999999980289545, 15.65889314707780500 ) ) ;
#1194 = CC_DESIGN_DATE_AND_TIME_ASSIGNMENT ( #1216, #747, ( #1036 ) ) ;
#1195 = VERTEX_POINT ( 'NONE', #342 ) ;
#1196 = CARTESIAN_POINT ( 'NONE',  ( -23.95753950013737565, -1.621312372693938242, -18.05691161239674258 ) ) ;
#1197 = VECTOR ( 'NONE', #447, 999.9999999999998863 ) ;
#1198 = CARTESIAN_POINT ( 'NONE',  ( -22.33180428996170264, -5.000000001862776600, -11.24279257037665225 ) ) ;
#1199 = DIRECTION ( 'NONE',  ( 0.000000000000000000, 0.000000000000000000, 1.000000000000000000 ) ) ;
#1200 = CARTESIAN_POINT ( 'NONE',  ( -3.263154805263949410, 0.000000000000000000, -24.78612153437650534 ) ) ;
#1201 = CARTESIAN_POINT ( 'NONE',  ( 0.2791435374019051729, 4.791162892003319129, -25.00000000000000355 ) ) ;
#1202 = FACE_OUTER_BOUND ( 'NONE', #606, .T. ) ;
#1203 = DIRECTION ( 'NONE',  ( 0.000000000000000000, 1.000000000000000000, 0.000000000000000000 ) ) ;
#1204 = EDGE_CURVE ( 'NONE', #577, #644, #1408, .T. ) ;
#1205 = CARTESIAN_POINT ( 'NONE',  ( -37.50000000000000711, -5.000000000000000000, -4.999999999999997335 ) ) ;
#1206 = ORIENTED_EDGE ( 'NONE', *, *, #813, .F. ) ;
#1207 = CARTESIAN_POINT ( 'NONE',  ( -3.244085368191141239, 0.5066762026620692527, 24.78865462552819565 ) ) ;
#1208 = CARTESIAN_POINT ( 'NONE',  ( -1.415729821542149214, -4.347024306805678862, 29.96782122651870139 ) ) ;
#1209 = ORIENTED_EDGE ( 'NONE', *, *, #1935, .T. ) ;
#1210 = CARTESIAN_POINT ( 'NONE',  ( 26.90681858741457333, 3.985602193026440698, 13.27018132576028719 ) ) ;
#1211 = CARTESIAN_POINT ( 'NONE',  ( -24.20059035957010352, 2.514908473534552158, 17.73034881224938175 ) ) ;
#1212 = ORIENTED_EDGE ( 'NONE', *, *, #293, .T. ) ;
#1213 = VERTEX_POINT ( 'NONE', #1514 ) ;
#1214 = CARTESIAN_POINT ( 'NONE',  ( -2.865069330718337692, 1.978457485604593780, 24.83553531970265738 ) ) ;
#1215 = EDGE_CURVE ( 'NONE', #750, #1106, #1682, .T. ) ;
#1216 = DATE_AND_TIME ( #913, #1188 ) ;
#1217 = CARTESIAN_POINT ( 'NONE',  ( 27.65169774485238108, -1.295679409145063188, 11.63554456175958762 ) ) ;
#1218 = AXIS2_PLACEMENT_3D ( 'NONE', #784, #300, #613 ) ;
#1219 = ORIENTED_EDGE ( 'NONE', *, *, #1694, .T. ) ;
#1220 = CARTESIAN_POINT ( 'NONE',  ( -25.39999647525827697, 4.499610849854546402, 15.96660757000901576 ) ) ;
#1221 = VERTEX_POINT ( 'NONE', #1674 ) ;
#1222 = CARTESIAN_POINT ( 'NONE',  ( -37.50000000000000711, 5.000000000000000000, 0.000000000000000000 ) ) ;
#1223 = CARTESIAN_POINT ( 'NONE',  ( -2.643385441542098757, 2.432203664471015880, 24.86010760824386878 ) ) ;
#1224 = AXIS2_PLACEMENT_3D ( 'NONE', #357, #189, #1439 ) ;
#1225 = COORDINATED_UNIVERSAL_TIME_OFFSET ( 5, 30, .AHEAD. ) ;
#1226 = EDGE_CURVE ( 'NONE', #353, #1886, #1250, .T. ) ;
#1227 = CARTESIAN_POINT ( 'NONE',  ( 27.21926448495013418, -3.311249899328756463, 12.61607365062109487 ) ) ;
#1228 = CARTESIAN_POINT ( 'NONE',  ( -27.97529114175929976, -5.000000000000000000, -10.83434748998773678 ) ) ;
#1229 = VERTEX_POINT ( 'NONE', #1040 ) ;
#1230 = CARTESIAN_POINT ( 'NONE',  ( 22.68123564866313657, 3.065503081827904541, -10.51644358430297643 ) ) ;
#1231 = DIRECTION ( 'NONE',  ( 2.664535259100376091E-15, 0.000000000000000000, 1.000000000000000000 ) ) ;
#1232 = EDGE_LOOP ( 'NONE', ( #800, #1337, #633, #923, #1720, #311, #1329, #1219 ) ) ;
#1233 = VECTOR ( 'NONE', #556, 1000.000000000000000 ) ;
#1234 = CARTESIAN_POINT ( 'NONE',  ( -2.864073554297539737, -1.980769120654209514, 24.83565040425241932 ) ) ;
#1235 = LINE ( 'NONE', #935, #1929 ) ;
#1236 = COORDINATED_UNIVERSAL_TIME_OFFSET ( 5, 30, .AHEAD. ) ;
#1237 = CARTESIAN_POINT ( 'NONE',  ( 26.91067602627034461, -3.979152298064411397, 13.26238732122146935 ) ) ;
#1238 = EDGE_CURVE ( 'NONE', #1428, #2085, #1082, .T. ) ;
#1239 = EDGE_LOOP ( 'NONE', ( #1209, #1026 ) ) ;
#1240 = PLANE ( 'NONE',  #620 ) ;
#1241 = EDGE_CURVE ( 'NONE', #1106, #1257, #1783, .T. ) ;
#1242 = CARTESIAN_POINT ( 'NONE',  ( -25.63870414211196547, 4.686168713862149282, 15.57818809979841568 ) ) ;
#1243 = ORIENTED_EDGE ( 'NONE', *, *, #1157, .F. ) ;
#1244 = CARTESIAN_POINT ( 'NONE',  ( -2.514725872849947308, -2.651629657198726786, 24.87362519404051397 ) ) ;
#1245 = CARTESIAN_POINT ( 'NONE',  ( 20.71691722250672996, 0.000000000000000000, 13.99318908597337696 ) ) ;
#1246 = PERSON_AND_ORGANIZATION_ROLE ( 'classification_officer' ) ;
#1247 = CYLINDRICAL_SURFACE ( 'NONE', #450, 5.000000000119659838 ) ;
#1248 = ORIENTED_EDGE ( 'NONE', *, *, #308, .F. ) ;
#1249 = LINE ( 'NONE', #2065, #1799 ) ;
#1250 = CIRCLE ( 'NONE', #1558, 7.999999999999996447 ) ;
#1251 = PRODUCT_DEFINITION_FORMATION_WITH_SPECIFIED_SOURCE ( 'ANY', '', #1647, .NOT_KNOWN. ) ;
#1252 = AXIS2_PLACEMENT_3D ( 'NONE', #1999, #1687, #417 ) ;
#1253 = CARTESIAN_POINT ( 'NONE',  ( -3.749153209525100561, 1.295748700287203015, 29.76484731696665875 ) ) ;
#1254 = ADVANCED_FACE ( 'NONE', ( #859 ), #55, .F. ) ;
#1255 = EDGE_LOOP ( 'NONE', ( #238, #1668, #1689, #1402, #1823, #1481, #60, #2092, #906, #1880, #788, #51, #803, #1592, #628, #403, #421 ) ) ;
#1256 = CARTESIAN_POINT ( 'NONE',  ( 27.71638377169556122, 0.3311529676970036418, -11.48050829101761039 ) ) ;
#1257 = VERTEX_POINT ( 'NONE', #893 ) ;
#1258 = CARTESIAN_POINT ( 'NONE',  ( 20.71691722250672996, 0.000000000000000000, 13.99318908597337696 ) ) ;
#1259 = CARTESIAN_POINT ( 'NONE',  ( 27.61447408536025705, -1.610471025998097661, 11.72361319774473110 ) ) ;
#1260 = ORIENTED_EDGE ( 'NONE', *, *, #1998, .F. ) ;
#1261 = CARTESIAN_POINT ( 'NONE',  ( -37.50000000000000711, -10.00000000000000000, -4.999999999999997335 ) ) ;
#1262 = CARTESIAN_POINT ( 'NONE',  ( -2.683760999525893975, 3.311284808336963703, 29.88061411767443332 ) ) ;
#1263 = VERTEX_POINT ( 'NONE', #1537 ) ;
#1264 = CARTESIAN_POINT ( 'NONE',  ( 45.00000000000000000, 4.878909776184769953E-16, 5.000000000000000888 ) ) ;
#1265 = ORIENTED_EDGE ( 'NONE', *, *, #2011, .T. ) ;
#1266 = LINE ( 'NONE', #1801, #662 ) ;
#1267 = B_SPLINE_CURVE_WITH_KNOTS ( 'NONE', 3,
 ( #1563, #1605, #1889, #1584, #1414, #2077, #1108, #951, #689, #160, #806, #1975, #1957, #647, #1316, #204, #1283, #971 ),
 .UNSPECIFIED., .F., .F.,
 ( 4, 2, 2, 2, 2, 2, 2, 2, 4 ),
 ( 0.007894340644349438080, 0.008742419421027864887, 0.009590498197706291694, 0.01043857697438471850, 0.01128665575106314531, 0.01213473452774157212, 0.01298281330441999892, 0.01383089208109842573, 0.01467897085777685254 ),
 .UNSPECIFIED. ) ;
#1268 = DIRECTION ( 'NONE',  ( 0.000000000000000000, 1.000000000000000000, 0.000000000000000000 ) ) ;
#1269 = ORIENTED_EDGE ( 'NONE', *, *, #1935, .F. ) ;
#1270 = CARTESIAN_POINT ( 'NONE',  ( 22.83397048480714631, 2.517519685353140080, -10.18056128663693904 ) ) ;
#1271 = CARTESIAN_POINT ( 'NONE',  ( -3.174948212389889335, -2.688865058757344606, -29.83365678313781544 ) ) ;
#1272 = CYLINDRICAL_SURFACE ( 'NONE', #1724, 10.00000000000000178 ) ;
#1273 = DIRECTION ( 'NONE',  ( -0.2588190451025141336, 0.000000000000000000, 0.9659258262890700886 ) ) ;
#1274 = VERTEX_POINT ( 'NONE', #244 ) ;
#1275 = CARTESIAN_POINT ( 'NONE',  ( -23.99394620591495553, 1.766955290727554750, -18.00817915731447982 ) ) ;
#1276 = CARTESIAN_POINT ( 'NONE',  ( -37.50000000000000711, -10.00000000000000000, 4.999999999999997335 ) ) ;
#1277 = ADVANCED_FACE ( 'NONE', ( #89 ), #704, .F. ) ;
#1278 = ORIENTED_EDGE ( 'NONE', *, *, #212, .F. ) ;
#1279 = LINE ( 'NONE', #360, #180 ) ;
#1280 = VECTOR ( 'NONE', #1848, 999.9999999999998863 ) ;
#1281 = CARTESIAN_POINT ( 'NONE',  ( -21.41412058682340103, 4.500847691414449514, 12.90453406921764667 ) ) ;
#1282 = VECTOR ( 'NONE', #615, 1000.000000000000000 ) ;
#1283 = CARTESIAN_POINT ( 'NONE',  ( -0.2743211573830289240, 4.820619506142238109, -30.00000000000001066 ) ) ;
#1284 = CARTESIAN_POINT ( 'NONE',  ( -3.598567527898077767, 1.766955290184702765, 29.78345652944654987 ) ) ;
#1285 = ORIENTED_EDGE ( 'NONE', *, *, #702, .T. ) ;
#1286 = AXIS2_PLACEMENT_3D ( 'NONE', #35, #508, #2093 ) ;
#1287 = CARTESIAN_POINT ( 'NONE',  ( 25.59119921442740520, 5.000000000000044409, -15.65886706801867412 ) ) ;
#1288 = B_SPLINE_CURVE_WITH_KNOTS ( 'NONE', 3,
 ( #703, #1983, #571, #1973, #1513, #232, #1815, #867, #712, #1352, #1664, #1692, #1993, #76 ),
 .UNSPECIFIED., .F., .F.,
 ( 4, 2, 2, 2, 2, 2, 4 ),
 ( 0.007903097531441869231, 0.008665667471971444727, 0.009428237412501020223, 0.01019080735303059745, 0.01095337729356017295, 0.01247851717461932394, 0.01400365705567847320 ),
 .UNSPECIFIED. ) ;
#1289 = ORIENTED_EDGE ( 'NONE', *, *, #293, .F. ) ;
#1290 = CARTESIAN_POINT ( 'NONE',  ( 45.00000000000000000, 4.878909776184769953E-16, -5.000000000000000888 ) ) ;
#1291 = CARTESIAN_POINT ( 'NONE',  ( 0.000000000000000000, -10.00000000000000000, 0.000000000000000000 ) ) ;
#1292 = EDGE_CURVE ( 'NONE', #1308, #1221, #561, .T. ) ;
#1293 = CARTESIAN_POINT ( 'NONE',  ( 1.947979961967538768E-15, -10.00000000000000000, 10.00000000000000888 ) ) ;
#1294 = CIRCLE ( 'NONE', #396, 4.999999999999997335 ) ;
#1295 = CARTESIAN_POINT ( 'NONE',  ( 0.000000000000000000, 10.00000000000000000, 0.000000000000000000 ) ) ;
#1296 = CARTESIAN_POINT ( 'NONE',  ( -37.50000000000000711, -5.000000000000000000, 0.000000000000000000 ) ) ;
#1297 = ORIENTED_EDGE ( 'NONE', *, *, #1596, .F. ) ;
#1298 = CARTESIAN_POINT ( 'NONE',  ( 27.71638817840298685, -0.3309790555308173565, -11.48049765228476460 ) ) ;
#1299 = VERTEX_POINT ( 'NONE', #737 ) ;
#1300 = CARTESIAN_POINT ( 'NONE',  ( -23.82046631213859911, 0.6566759220867008917, -18.23703522729119442 ) ) ;
#1301 = DIRECTION ( 'NONE',  ( -0.7933533402912348320, -0.000000000000000000, -0.6087614290087211000 ) ) ;
#1302 = DIRECTION ( 'NONE',  ( -0.000000000000000000, -1.000000000000000000, -0.000000000000000000 ) ) ;
#1303 = CARTESIAN_POINT ( 'NONE',  ( 21.88271462120807698, 4.500847691521159710, 12.09290539355125205 ) ) ;
#1304 = EDGE_CURVE ( 'NONE', #2042, #839, #179, .T. ) ;
#1305 = DIRECTION ( 'NONE',  ( 0.000000000000000000, -0.000000000000000000, 1.000000000000000000 ) ) ;
#1306 = CARTESIAN_POINT ( 'NONE',  ( -20.97128877849224438, -3.988902631118685704, 13.61175989602740621 ) ) ;
#1307 = CARTESIAN_POINT ( 'NONE',  ( 1.759998616797776583, -5.000000000000000000, 24.93797114580234719 ) ) ;
#1308 = VERTEX_POINT ( 'NONE', #1200 ) ;
#1309 = EDGE_CURVE ( 'NONE', #773, #1732, #714, .T. ) ;
#1310 = ORIENTED_EDGE ( 'NONE', *, *, #462, .F. ) ;
#1311 = DIRECTION ( 'NONE',  ( -0.000000000000000000, 0.000000000000000000, 1.000000000000000000 ) ) ;
#1312 = CARTESIAN_POINT ( 'NONE',  ( 45.00000000000000000, 4.878909776184769953E-16, -24.14213562373095101 ) ) ;
#1313 = CARTESIAN_POINT ( 'NONE',  ( 0.5740521025201150707, -4.870475014534649816, -24.99513308533889600 ) ) ;
#1314 = CARTESIAN_POINT ( 'NONE',  ( 20.71691722250672996, 5.000000000000000000, 13.99318908597337696 ) ) ;
#1315 = CARTESIAN_POINT ( 'NONE',  ( -21.87569883318347763, 4.842425626577365527, 12.10615455946193997 ) ) ;
#1316 = CARTESIAN_POINT ( 'NONE',  ( -1.070501345223085821, 4.523881033030037635, -29.98203610623647819 ) ) ;
#1317 = EDGE_CURVE ( 'NONE', #1729, #783, #832, .T. ) ;
#1318 = AXIS2_PLACEMENT_3D ( 'NONE', #71, #237, #2022 ) ;
#1319 = ORIENTED_EDGE ( 'NONE', *, *, #242, .F. ) ;
#1320 = CIRCLE ( 'NONE', #1795, 4.999999999999997335 ) ;
#1321 = ORIENTED_EDGE ( 'NONE', *, *, #176, .F. ) ;
#1322 = CARTESIAN_POINT ( 'NONE',  ( 21.41569512311040313, -4.836667424238058288, 12.89933895331322233 ) ) ;
#1323 = DIRECTION ( 'NONE',  ( 0.1305261922200475488, -0.000000000000000000, -0.9914448613738109373 ) ) ;
#1324 = CARTESIAN_POINT ( 'NONE',  ( 21.08045716908564415, 4.968651063119304823, 13.44319542371063747 ) ) ;
#1325 = EDGE_LOOP ( 'NONE', ( #1472, #1903, #480, #129 ) ) ;
#1326 = CARTESIAN_POINT ( 'NONE',  ( -22.18317454581682213, -4.968658103362692202, 11.53298721503044533 ) ) ;
#1327 = CARTESIAN_POINT ( 'NONE',  ( -2.959604615260920557, 1.740899882694621814, -24.82431406381944683 ) ) ;
#1328 = DIRECTION ( 'NONE',  ( -0.7933533402912337218, 0.000000000000000000, 0.6087614290087225433 ) ) ;
#1329 = ORIENTED_EDGE ( 'NONE', *, *, #128, .T. ) ;
#1330 = EDGE_CURVE ( 'NONE', #435, #330, #1837, .T. ) ;
#1331 = EDGE_LOOP ( 'NONE', ( #1643, #1657, #856, #742 ) ) ;
#1332 = CARTESIAN_POINT ( 'NONE',  ( 22.99669847829368052, -1.623346006766140937, 9.806512969881584496 ) ) ;
#1333 = CARTESIAN_POINT ( 'NONE',  ( -37.50000000000000711, 5.000000000000000000, 0.000000000000000000 ) ) ;
#1334 = FACE_OUTER_BOUND ( 'NONE', #1906, .T. ) ;
#1335 = CARTESIAN_POINT ( 'NONE',  ( -2.864878479093110109, 1.978904225075900358, -24.83555743934947913 ) ) ;
#1336 = CIRCLE ( 'NONE', #1818, 30.00000000000000000 ) ;
#1337 = ORIENTED_EDGE ( 'NONE', *, *, #2080, .T. ) ;
#1338 = ORIENTED_EDGE ( 'NONE', *, *, #1413, .T. ) ;
#1339 = CARTESIAN_POINT ( 'NONE',  ( -21.64624189993545755, 4.687978433871269779, -12.50853294310914343 ) ) ;
#1340 = CARTESIAN_POINT ( 'NONE',  ( 55.00000000000000000, 4.878909776184769953E-16, -24.14213562373095101 ) ) ;
#1341 = CC_DESIGN_PERSON_AND_ORGANIZATION_ASSIGNMENT ( #219, #1028, ( #1647 ) ) ;
#1342 = CARTESIAN_POINT ( 'NONE',  ( 0.000000000000000000, 5.000000000000000000, 0.000000000000000000 ) ) ;
#1343 = CARTESIAN_POINT ( 'NONE',  ( 45.00000000000000000, 4.878909776184769953E-16, 5.000000000000000888 ) ) ;
#1344 = CARTESIAN_POINT ( 'NONE',  ( 45.00000000000000000, 10.00000000000000000, 4.999999999999993783 ) ) ;
#1345 = CARTESIAN_POINT ( 'NONE',  ( -37.50000000000000711, -5.000000000000000000, 4.999999999999997335 ) ) ;
#1346 = DIRECTION ( 'NONE',  ( -0.000000000000000000, -1.000000000000000000, 0.000000000000000000 ) ) ;
#1347 = VECTOR ( 'NONE', #946, 1000.000000000000000 ) ;
#1348 = ORIENTED_EDGE ( 'NONE', *, *, #1292, .T. ) ;
#1349 = CARTESIAN_POINT ( 'NONE',  ( -23.82045672776315826, -0.6582763960865308794, -18.23705130082200654 ) ) ;
#1350 = CARTESIAN_POINT ( 'NONE',  ( -20.14114186902016712, 2.226561996183625158, -14.81047740239646693 ) ) ;
#1351 = SECURITY_CLASSIFICATION ( '', '', #2061 ) ;
#1352 = CARTESIAN_POINT ( 'NONE',  ( -2.077632604106291581, -3.280183449312154220, -24.91522401292043654 ) ) ;
#1353 = DIRECTION ( 'NONE',  ( 0.000000000000000000, 0.000000000000000000, 1.000000000000000000 ) ) ;
#1354 = CARTESIAN_POINT ( 'NONE',  ( 22.83510910130397065, 2.512343555375336379, 10.17797527729928575 ) ) ;
#1355 = ADVANCED_FACE ( 'NONE', ( #2073 ), #1908, .T. ) ;
#1356 = CYLINDRICAL_SURFACE ( 'NONE', #719, 10.00000000000000178 ) ;
#1357 = ORIENTED_EDGE ( 'NONE', *, *, #112, .F. ) ;
#1358 = DIRECTION ( 'NONE',  ( -0.000000000000000000, -1.000000000000000000, 0.000000000000000000 ) ) ;
#1359 = ORIENTED_EDGE ( 'NONE', *, *, #1226, .T. ) ;
#1360 = ORIENTED_EDGE ( 'NONE', *, *, #343, .T. ) ;
#1361 = PERSON ( 'UNSPECIFIED', 'UNSPECIFIED', 'UNSPECIFIED', ('UNSPECIFIED'), ('UNSPECIFIED'), ('UNSPECIFIED') ) ;
#1362 = CARTESIAN_POINT ( 'NONE',  ( -3.262841240537565302, -0.5150504905547388379, 24.78616281594380766 ) ) ;
#1363 = B_SPLINE_CURVE_WITH_KNOTS ( 'NONE', 3,
 ( #573, #269, #255, #1856 ),
 .UNSPECIFIED., .F., .F.,
 ( 4, 4 ),
 ( 0.01467897085777685254, 0.01578850850043665363 ),
 .UNSPECIFIED. ) ;
#1364 = LINE ( 'NONE', #1683, #1052 ) ;
#1365 = CARTESIAN_POINT ( 'NONE',  ( 0.5708518327524182423, -4.869827858761420103, 24.99522792860866360 ) ) ;
#1366 = DIRECTION ( 'NONE',  ( 6.493266539891791537E-17, -0.000000000000000000, -1.000000000000000000 ) ) ;
#1367 = CARTESIAN_POINT ( 'NONE',  ( 0.000000000000000000, 5.000000000000000000, 0.000000000000000000 ) ) ;
#1368 = ADVANCED_FACE ( 'NONE', ( #760 ), #1247, .F. ) ;
#1369 = FACE_OUTER_BOUND ( 'NONE', #1325, .T. ) ;
#1370 = EDGE_CURVE ( 'NONE', #258, #187, #257, .T. ) ;
#1371 = VERTEX_POINT ( 'NONE', #772 ) ;
#1372 = AXIS2_PLACEMENT_3D ( 'NONE', #619, #143, #1753 ) ;
#1373 = ORIENTED_EDGE ( 'NONE', *, *, #50, .T. ) ;
#1374 = CARTESIAN_POINT ( 'NONE',  ( -3.167572592357374095, 1.009601716790144543, 24.79854777788366604 ) ) ;
#1375 = CARTESIAN_POINT ( 'NONE',  ( -3.658974425033051148, -1.621312371703480082, 29.77629362488701759 ) ) ;
#1376 = LINE ( 'NONE', #1228, #1716 ) ;
#1377 = ORIENTED_EDGE ( 'NONE', *, *, #1436, .F. ) ;
#1378 = AXIS2_PLACEMENT_3D ( 'NONE', #1710, #1358, #1231 ) ;
#1379 = CARTESIAN_POINT ( 'NONE',  ( 27.01993925852518430, 3.774882427144769181, 13.03750923711616139 ) ) ;
#1380 = AXIS2_PLACEMENT_3D ( 'NONE', #1659, #1346, #2000 ) ;
#1381 = CARTESIAN_POINT ( 'NONE',  ( 0.000000000000000000, 10.00000000000000000, -30.00000000000000000 ) ) ;
#1382 = ORIENTED_EDGE ( 'NONE', *, *, #499, .F. ) ;
#1383 = CARTESIAN_POINT ( 'NONE',  ( 40.00000000000000000, 1.100214377192153131E-15, -5.000000000000000888 ) ) ;
#1384 = EDGE_CURVE ( 'NONE', #1652, #1229, #984, .T. ) ;
#1385 = CARTESIAN_POINT ( 'NONE',  ( -3.263310177659936251, 0.2529060044087947934, 24.78610107921853611 ) ) ;
#1386 = APPROVAL_ROLE ( '' ) ;
#1387 = CARTESIAN_POINT ( 'NONE',  ( 25.59120113934947938, -5.000000000098189901, 15.65886399872475820 ) ) ;
#1388 = CYLINDRICAL_SURFACE ( 'NONE', #1073, 4.999999999999997335 ) ;
#1389 = AXIS2_PLACEMENT_3D ( 'NONE', #751, #1474, #1637 ) ;
#1390 = ORIENTED_EDGE ( 'NONE', *, *, #192, .T. ) ;
#1391 = CARTESIAN_POINT ( 'NONE',  ( 22.99459515646102403, -1.612548815998681606, -9.810753845373481496 ) ) ;
#1392 = DIRECTION ( 'NONE',  ( -0.000000000000000000, -1.000000000000000000, -0.000000000000000000 ) ) ;
#1393 = ORIENTED_EDGE ( 'NONE', *, *, #565, .T. ) ;
#1394 = DIRECTION ( 'NONE',  ( 1.000000000000000000, 0.000000000000000000, 0.000000000000000000 ) ) ;
#1395 = EDGE_CURVE ( 'NONE', #1821, #1416, #1737, .T. ) ;
#1396 = AXIS2_PLACEMENT_3D ( 'NONE', #1290, #1311, #1778 ) ;
#1397 = CARTESIAN_POINT ( 'NONE',  ( 1.458418660697811564, 5.000000000000238920, 24.95925516696375723 ) ) ;
#1398 = EDGE_CURVE ( 'NONE', #1299, #1274, #1706, .T. ) ;
#1399 = ORIENTED_EDGE ( 'NONE', *, *, #1901, .T. ) ;
#1400 = CARTESIAN_POINT ( 'NONE',  ( 23.04749507114851781, -1.138426924241798366, -9.685762409359172764 ) ) ;
#1401 = CARTESIAN_POINT ( 'NONE',  ( -4.582576039861772976, -5.000000000000000000, -17.10240661031235021 ) ) ;
#1402 = ORIENTED_EDGE ( 'NONE', *, *, #150, .F. ) ;
#1403 = DIRECTION ( 'NONE',  ( 0.000000000000000000, 1.000000000000000000, 0.000000000000000000 ) ) ;
#1404 = AXIS2_PLACEMENT_3D ( 'NONE', #213, #41, #542 ) ;
#1405 = DIRECTION ( 'NONE',  ( 0.000000000000000000, -1.000000000000000000, 0.000000000000000000 ) ) ;
#1406 = DIRECTION ( 'NONE',  ( 0.9238795325112896251, 0.000000000000000000, 0.3826834323650831204 ) ) ;
#1407 = CALENDAR_DATE ( 2026, 31, 7 ) ;
#1408 = B_SPLINE_CURVE_WITH_KNOTS ( 'NONE', 3,
 ( #636, #1924, #1911, #1575, #483, #1939, #2078, #627, #807, #1262, #1434, #2098, #776, #1284, #132, #1253, #1902, #1097, #313, #942, #406, #549, #1375, #502, #22, #868, #1019, #672, #77, #1208, #1526, #1855, #1796, #254, #352, #1958, #1506, #1150 ),
 .UNSPECIFIED., .F., .F.,
 ( 4, 2, 2, 2, 2, 2, 2, 2, 2, 2, 2, 2, 2, 2, 2, 2, 2, 2, 4 ),
 ( 0.000000000000000000, 0.0009867817812897871493, 0.001973563562579574299, 0.002960345343869361448, 0.003947127125159147730, 0.004933908906448934879, 0.005920690687738721161, 0.006414081578383614736, 0.006907472469028508311, 0.007894254250318293725, 0.008881036031608080875, 0.009867817812897866289, 0.01085459959418765170, 0.01184138137547743712, 0.01282816315676722253, 0.01381494493805700795, 0.01430833582870190065, 0.01480172671934679163, 0.01578850850063657357 ),
 .UNSPECIFIED. ) ;
#1409 = CARTESIAN_POINT ( 'NONE',  ( 0.000000000000000000, 10.00000000000000000, -30.00000000000000000 ) ) ;
#1410 = ORIENTED_EDGE ( 'NONE', *, *, #1775, .T. ) ;
#1411 = APPROVAL ( #136, 'UNSPECIFIED' ) ;
#1412 = CARTESIAN_POINT ( 'NONE',  ( 21.57697034258559654, 4.743040771551718215, -12.62771929447251473 ) ) ;
#1413 = EDGE_CURVE ( 'NONE', #365, #44, #1482, .T. ) ;
#1414 = CARTESIAN_POINT ( 'NONE',  ( -3.725388241965932323, 1.400679267939765715, -29.76793991752010271 ) ) ;
#1415 = LINE ( 'NONE', #493, #1186 ) ;
#1416 = VERTEX_POINT ( 'NONE', #443 ) ;
#1417 = CARTESIAN_POINT ( 'NONE',  ( -0.4672068669018610843, 4.496875687412925870, -24.99662543355261235 ) ) ;
#1418 = DIRECTION ( 'NONE',  ( -0.000000000000000000, -1.000000000000000000, -0.000000000000000000 ) ) ;
#1419 = CARTESIAN_POINT ( 'NONE',  ( 1.459368249053303757, 5.000000000118069998, -24.95918814971998145 ) ) ;
#1420 = DATE_AND_TIME ( #1407, #882 ) ;
#1421 = DIRECTION ( 'NONE',  ( 0.000000000000000000, 1.000000000000000000, 0.000000000000000000 ) ) ;
#1422 = ORIENTED_EDGE ( 'NONE', *, *, #1182, .T. ) ;
#1423 = DIRECTION ( 'NONE',  ( 1.000000000000000000, 0.000000000000000000, 6.493266539891791537E-17 ) ) ;
#1424 = AXIS2_PLACEMENT_3D ( 'NONE', #1043, #1718, #2045 ) ;
#1425 = VECTOR ( 'NONE', #969, 1000.000000000000000 ) ;
#1426 = EDGE_CURVE ( 'NONE', #773, #847, #753, .T. ) ;
#1427 = CARTESIAN_POINT ( 'NONE',  ( -1.635959224431894723E-17, 4.688642529591706243, -25.00000000000000000 ) ) ;
#1428 = VERTEX_POINT ( 'NONE', #147 ) ;
#1429 = CARTESIAN_POINT ( 'NONE',  ( 27.59251373095936444, 1.766955290184702987, -11.77527736832948868 ) ) ;
#1430 = ORIENTED_EDGE ( 'NONE', *, *, #1569, .T. ) ;
#1431 = CARTESIAN_POINT ( 'NONE',  ( 45.00000000000000000, -10.00000000000000000, 10.00000000000000888 ) ) ;
#1432 = ORIENTED_EDGE ( 'NONE', *, *, #641, .T. ) ;
#1433 = CARTESIAN_POINT ( 'NONE',  ( 23.08454806327793563, -0.6575302291939885135, -9.597277256331182116 ) ) ;
#1434 = CARTESIAN_POINT ( 'NONE',  ( -2.894973156434778261, 3.053770277106813147, 29.86054836711853611 ) ) ;
#1435 = ORIENTED_EDGE ( 'NONE', *, *, #834, .F. ) ;
#1436 = EDGE_CURVE ( 'NONE', #798, #435, #1160, .T. ) ;
#1437 = CARTESIAN_POINT ( 'NONE',  ( 27.51747903594249678, -2.223936863544199394, -11.95006708705013843 ) ) ;
#1438 = ORIENTED_EDGE ( 'NONE', *, *, #641, .F. ) ;
#1439 = DIRECTION ( 'NONE',  ( 0.000000000000000000, 0.000000000000000000, -1.000000000000000000 ) ) ;
#1440 = CARTESIAN_POINT ( 'NONE',  ( 55.00000000000000000, 4.878909776184769953E-16, -5.000000000000000888 ) ) ;
#1441 = ORIENTED_EDGE ( 'NONE', *, *, #770, .T. ) ;
#1442 = CARTESIAN_POINT ( 'NONE',  ( 0.000000000000000000, 10.00000000000000000, 0.000000000000000000 ) ) ;
#1443 = CARTESIAN_POINT ( 'NONE',  ( 25.41530795972230905, 0.000000000000000000, -15.93932625026777927 ) ) ;
#1444 = CARTESIAN_POINT ( 'NONE',  ( -20.14116387112111539, -2.226636096102599716, 14.81044751000642457 ) ) ;
#1445 = CARTESIAN_POINT ( 'NONE',  ( 29.58039891549807621, -10.00000000000000000, 5.000000000000001776 ) ) ;
#1446 = ORIENTED_EDGE ( 'NONE', *, *, #1556, .T. ) ;
#1447 = CARTESIAN_POINT ( 'NONE',  ( -37.50000000000000711, 10.00000000000000000, 4.999999999999997335 ) ) ;
#1448 = VERTEX_POINT ( 'NONE', #1409 ) ;
#1449 = CARTESIAN_POINT ( 'NONE',  ( -24.19883780714590671, 2.509523630949667350, -17.73272306062924031 ) ) ;
#1450 = EDGE_CURVE ( 'NONE', #1110, #412, #1548, .T. ) ;
#1451 = CARTESIAN_POINT ( 'NONE',  ( -4.582576039861772976, -5.000000000000000000, -17.10240661031235021 ) ) ;
#1452 = VECTOR ( 'NONE', #2076, 1000.000000000000000 ) ;
#1453 = CARTESIAN_POINT ( 'NONE',  ( -2.044237104990236364, -3.948546836027321927, -29.93418521506441721 ) ) ;
#1454 = CIRCLE ( 'NONE', #418, 4.999999999999997335 ) ;
#1455 = DIRECTION ( 'NONE',  ( 0.000000000000000000, 1.000000000000000000, 0.000000000000000000 ) ) ;
#1456 = CC_DESIGN_APPROVAL ( #603, ( #1351 ) ) ;
#1457 = LINE ( 'NONE', #1119, #616 ) ;
#1458 = EDGE_LOOP ( 'NONE', ( #755, #1360, #593, #1173, #503 ) ) ;
#1459 = AXIS2_PLACEMENT_3D ( 'NONE', #1809, #1455, #374 ) ;
#1460 = CARTESIAN_POINT ( 'NONE',  ( 27.45640755431154645, 2.509523630050551013, -12.09044674828218824 ) ) ;
#1461 = ORIENTED_EDGE ( 'NONE', *, *, #27, .F. ) ;
#1462 = CARTESIAN_POINT ( 'NONE',  ( -39.57055236082011618, 5.000000000000000000, -7.727406610312552715 ) ) ;
#1463 = ADVANCED_FACE ( 'NONE', ( #1069 ), #282, .F. ) ;
#1464 = DIRECTION ( 'NONE',  ( 0.9238795325112889589, -0.000000000000000000, -0.3826834323650843417 ) ) ;
#1465 = CARTESIAN_POINT ( 'NONE',  ( 40.00000000000000000, 1.100214377192153131E-15, -24.14213562373095101 ) ) ;
#1466 = ADVANCED_FACE ( 'NONE', ( #1638, #1792 ), #333, .F. ) ;
#1467 = CARTESIAN_POINT ( 'NONE',  ( -25.71508909839806378, -4.746153392423894779, 15.45397599858780957 ) ) ;
#1468 = LINE ( 'NONE', #482, #453 ) ;
#1469 = ADVANCED_BREP_SHAPE_REPRESENTATION ( 'CSWP_18_20B', ( #983, #585 ), #920 ) ;
#1470 = DIRECTION ( 'NONE',  ( 0.000000000000000000, 1.000000000000000000, -0.000000000000000000 ) ) ;
#1471 = B_SPLINE_CURVE_WITH_KNOTS ( 'NONE', 3,
 ( #123, #933, #1882, #746, #1734, #2059, #134, #2016, #767, #1244, #1872, #1234, #253, #1893, #1362, #1385, #1207, #1374, #431, #87, #1214, #1223, #757, #440, #2049, #599, #113, #1854 ),
 .UNSPECIFIED., .F., .F.,
 ( 4, 2, 2, 2, 2, 2, 2, 2, 2, 2, 2, 2, 2, 4 ),
 ( 0.001796419472990472364, 0.002559371821910068172, 0.003322324170829663546, 0.004085276519749258921, 0.004848228868668855163, 0.005611181217588451405, 0.006374133566508047646, 0.007900038264347240130, 0.008662990613266833770, 0.009425942962186430879, 0.01018889531110602625, 0.01095184766002562336, 0.01247775235786481758, 0.01400365705570401180 ),
 .UNSPECIFIED. ) ;
#1472 = ORIENTED_EDGE ( 'NONE', *, *, #1512, .T. ) ;
#1473 = CARTESIAN_POINT ( 'NONE',  ( -26.35657628570075062, 5.000000002321742798, -14.33319509329737684 ) ) ;
#1474 = DIRECTION ( 'NONE',  ( 0.000000000000000000, -1.000000000000000000, 0.000000000000000000 ) ) ;
#1475 = VECTOR ( 'NONE', #985, 1000.000000000000000 ) ;
#1476 = EDGE_CURVE ( 'NONE', #808, #330, #655, .T. ) ;
#1477 = DIRECTION ( 'NONE',  ( 0.9238795325112890700, 0.000000000000000000, -0.3826834323650843972 ) ) ;
#1478 = DIRECTION ( 'NONE',  ( -0.000000000000000000, 0.000000000000000000, 1.000000000000000000 ) ) ;
#1479 = DIRECTION ( 'NONE',  ( -1.000000000000000000, 0.000000000000000000, 1.947979961967537091E-16 ) ) ;
#1480 = ORIENTED_EDGE ( 'NONE', *, *, #809, .F. ) ;
#1481 = ORIENTED_EDGE ( 'NONE', *, *, #1759, .F. ) ;
#1482 = B_SPLINE_CURVE_WITH_KNOTS ( 'NONE', 3,
 ( #1581, #1748, #1060, #748, #1397, #137 ),
 .UNSPECIFIED., .F., .F.,
 ( 4, 2, 4 ),
 ( 0.01400365705570401180, 0.01490480840574450253, 0.01580595975578499499 ),
 .UNSPECIFIED. ) ;
#1483 = DIRECTION ( 'NONE',  ( -0.000000000000000000, -1.000000000000000000, -0.000000000000000000 ) ) ;
#1484 = VECTOR ( 'NONE', #59, 1000.000000000000000 ) ;
#1485 = CARTESIAN_POINT ( 'NONE',  ( 25.41530795972230905, 5.000000000000000000, -15.93932625026777927 ) ) ;
#1486 = CARTESIAN_POINT ( 'NONE',  ( -22.47691583950653538, 5.000000000000000000, 10.94478206012985844 ) ) ;
#1487 = CARTESIAN_POINT ( 'NONE',  ( -19.83383350728212591, -0.3314804395406427129, 15.21903572521639880 ) ) ;
#1488 = ADVANCED_FACE ( 'NONE', ( #993 ), #678, .F. ) ;
#1489 = LINE ( 'NONE', #42, #479 ) ;
#1490 = ORIENTED_EDGE ( 'NONE', *, *, #713, .T. ) ;
#1491 = AXIS2_PLACEMENT_3D ( 'NONE', #1505, #736, #1836 ) ;
#1492 = VECTOR ( 'NONE', #1423, 1000.000000000000000 ) ;
#1493 = ORIENTED_EDGE ( 'NONE', *, *, #693, .T. ) ;
#1494 = CARTESIAN_POINT ( 'NONE',  ( -20.82702345453255433, -3.775803321762638998, -13.83072756425655925 ) ) ;
#1495 = DIRECTION ( 'NONE',  ( 0.7933533402912337218, -0.000000000000000000, -0.6087614290087225433 ) ) ;
#1496 = CARTESIAN_POINT ( 'NONE',  ( -23.96018389595732856, -1.610471026129256522, 18.05302947134567404 ) ) ;
#1497 = LINE ( 'NONE', #1986, #1017 ) ;
#1498 = AXIS2_PLACEMENT_3D ( 'NONE', #674, #1136, #1620 ) ;
#1499 = DIRECTION ( 'NONE',  ( -0.000000000000000000, 0.000000000000000000, 1.000000000000000000 ) ) ;
#1500 = ORIENTED_EDGE ( 'NONE', *, *, #1309, .T. ) ;
#1501 = CARTESIAN_POINT ( 'NONE',  ( -23.80059670704867614, -0.3309790559925469000, -18.26284743375076047 ) ) ;
#1502 = EDGE_CURVE ( 'NONE', #1732, #540, #1162, .T. ) ;
#1503 = VERTEX_POINT ( 'NONE', #193 ) ;
#1504 = CARTESIAN_POINT ( 'NONE',  ( -20.82858692569651637, 3.778264046277702182, -13.82837649083694309 ) ) ;
#1505 = CARTESIAN_POINT ( 'NONE',  ( -37.50000000000000711, 5.000000000000000000, 0.000000000000000000 ) ) ;
#1506 = CARTESIAN_POINT ( 'NONE',  ( 0.7654042107449343657, -5.000000000000000888, 29.99206117455276654 ) ) ;
#1507 = CARTESIAN_POINT ( 'NONE',  ( -23.87846171468505574, -1.136913460016556243, 18.16094940554480175 ) ) ;
#1508 = CARTESIAN_POINT ( 'NONE',  ( 25.41530795969167400, 5.000000000000000000, 15.93932625031663974 ) ) ;
#1509 = CARTESIAN_POINT ( 'NONE',  ( 45.00000000000000000, -10.00000000000000000, -24.14213562373095101 ) ) ;
#1510 = EDGE_LOOP ( 'NONE', ( #1711, #2068, #1697, #1135, #1925, #337 ) ) ;
#1511 = CARTESIAN_POINT ( 'NONE',  ( -19.99365964115478178, -1.612548815034481331, -15.00852662914326530 ) ) ;
#1512 = EDGE_CURVE ( 'NONE', #1142, #1942, #216, .T. ) ;
#1513 = CARTESIAN_POINT ( 'NONE',  ( -3.109020052453103311, -1.262641978725316028, -24.80604385040456705 ) ) ;
#1514 = CARTESIAN_POINT ( 'NONE',  ( -26.51151543515662823, 5.000000000000000000, -14.04063920665480758 ) ) ;
#1515 = PLANE ( 'NONE',  #915 ) ;
#1516 = FACE_OUTER_BOUND ( 'NONE', #2034, .T. ) ;
#1517 = LINE ( 'NONE', #1819, #744 ) ;
#1518 = CARTESIAN_POINT ( 'NONE',  ( -4.582576039861760542, 10.00000000000000000, 17.10240661031234310 ) ) ;
#1519 = VERTEX_POINT ( 'NONE', #1648 ) ;
#1520 = CARTESIAN_POINT ( 'NONE',  ( -25.88063156645939600, -4.835520277191880822, -15.17292851031118950 ) ) ;
#1521 = ORIENTED_EDGE ( 'NONE', *, *, #1072, .F. ) ;
#1522 = CIRCLE ( 'NONE', #752, 4.999999999999997335 ) ;
#1523 = CARTESIAN_POINT ( 'NONE',  ( -21.72441087269811177, 4.743040772020259865, -12.37234480520823787 ) ) ;
#1524 = AXIS2_PLACEMENT_3D ( 'NONE', #1443, #1477, #11 ) ;
#1525 = DIRECTION ( 'NONE',  ( -0.000000000000000000, -0.000000000000000000, 1.000000000000000000 ) ) ;
#1526 = CARTESIAN_POINT ( 'NONE',  ( -1.127512116503294859, -4.499600075547662392, 29.98034516597377319 ) ) ;
#1527 = CARTESIAN_POINT ( 'NONE',  ( -37.50000000000000711, -5.000000000000000000, 0.000000000000000000 ) ) ;
#1528 = CARTESIAN_POINT ( 'NONE',  ( 45.00000000000000000, 4.878909776184769953E-16, -5.000000000000000888 ) ) ;
#1529 = ADVANCED_FACE ( 'NONE', ( #1781, #340, #159 ), #203, .T. ) ;
#1530 = LINE ( 'NONE', #2020, #990 ) ;
#1531 = VECTOR ( 'NONE', #1328, 1000.000000000000000 ) ;
#1532 = DIRECTION ( 'NONE',  ( 6.493266539891791537E-17, -0.000000000000000000, -1.000000000000000000 ) ) ;
#1533 = ORIENTED_EDGE ( 'NONE', *, *, #140, .F. ) ;
#1534 = DIRECTION ( 'NONE',  ( 0.000000000000000000, -1.000000000000000000, 0.000000000000000000 ) ) ;
#1535 = DIRECTION ( 'NONE',  ( 0.000000000000000000, 1.000000000000000000, 0.000000000000000000 ) ) ;
#1536 = DIRECTION ( 'NONE',  ( -0.000000000000000000, 1.000000000000000000, -0.000000000000000000 ) ) ;
#1537 = CARTESIAN_POINT ( 'NONE',  ( 5.572205368520520484E-19, 4.881032626044842004, -30.00000000000000000 ) ) ;
#1538 = DIRECTION ( 'NONE',  ( 0.000000000000000000, 0.000000000000000000, 1.000000000000000000 ) ) ;
#1539 = FACE_BOUND ( 'NONE', #986, .T. ) ;
#1540 = EDGE_CURVE ( 'NONE', #783, #1221, #425, .T. ) ;
#1541 = B_SPLINE_CURVE_WITH_KNOTS ( 'NONE', 3,
 ( #1027, #2006, #998, #683, #1332, #1672, #1804, #395, #405, #1824, #701, #1653, #1992, #1663, #241, #1322, #559, #230, #532, #379 ),
 .UNSPECIFIED., .F., .F.,
 ( 4, 2, 2, 2, 2, 2, 2, 2, 2, 4 ),
 ( 0.007903097531441869231, 0.008890955309529524273, 0.009878813087617177580, 0.01086667086570483262, 0.01185452864379248593, 0.01284238642188013924, 0.01383024419996779428, 0.01432417308901162006, 0.01481810197805544585, 0.01580595975614309048 ),
 .UNSPECIFIED. ) ;
#1542 = CARTESIAN_POINT ( 'NONE',  ( -23.89902813893518640, 1.305467688360943512, 18.13396408502790536 ) ) ;
#1543 = ORIENTED_EDGE ( 'NONE', *, *, #813, .T. ) ;
#1544 = CIRCLE ( 'NONE', #1817, 4.999999999999997335 ) ;
#1545 = FACE_OUTER_BOUND ( 'NONE', #588, .T. ) ;
#1546 = ORIENTED_EDGE ( 'NONE', *, *, #259, .F. ) ;
#1547 = FACE_OUTER_BOUND ( 'NONE', #1870, .T. ) ;
#1548 = LINE ( 'NONE', #1874, #921 ) ;
#1549 = ORIENTED_EDGE ( 'NONE', *, *, #1141, .F. ) ;
#1550 = VECTOR ( 'NONE', #190, 1000.000000000000000 ) ;
#1551 = FACE_OUTER_BOUND ( 'NONE', #917, .T. ) ;
#1552 = LINE ( 'NONE', #1518, #1594 ) ;
#1553 = ORIENTED_EDGE ( 'NONE', *, *, #539, .F. ) ;
#1554 = ORIENTED_EDGE ( 'NONE', *, *, #19, .F. ) ;
#1555 = VECTOR ( 'NONE', #726, 1000.000000000000000 ) ;
#1556 = EDGE_CURVE ( 'NONE', #386, #1950, #1468, .T. ) ;
#1557 = DIRECTION ( 'NONE',  ( -3.412176828051111703E-17, 0.000000000000000000, 1.000000000000000000 ) ) ;
#1558 = AXIS2_PLACEMENT_3D ( 'NONE', #1847, #879, #2018 ) ;
#1559 = CARTESIAN_POINT ( 'NONE',  ( 27.51795582195940071, -2.221826627685895783, 11.94897448161535536 ) ) ;
#1560 = VECTOR ( 'NONE', #1897, 1000.000000000000114 ) ;
#1561 = EDGE_LOOP ( 'NONE', ( #682, #583, #694, #1940, #1441, #1338 ) ) ;
#1562 = CARTESIAN_POINT ( 'NONE',  ( 20.71691722270940872, 5.000000000000000000, -13.99318908567330233 ) ) ;
#1563 = CARTESIAN_POINT ( 'NONE',  ( -3.915785766364195730, -6.310887241768094443E-27, -29.74334584124556002 ) ) ;
#1564 = DIRECTION ( 'NONE',  ( 0.9659258262890700886, 0.000000000000000000, 0.2588190451025140781 ) ) ;
#1565 = ORIENTED_EDGE ( 'NONE', *, *, #823, .T. ) ;
#1566 = ADVANCED_FACE ( 'NONE', ( #670, #1762 ), #962, .F. ) ;
#1567 = DIRECTION ( 'NONE',  ( 0.000000000000000000, 1.000000000000000000, -0.000000000000000000 ) ) ;
#1568 = DIRECTION ( 'NONE',  ( 0.3826834323650832315, 0.000000000000000000, -0.9238795325112895140 ) ) ;
#1569 = EDGE_CURVE ( 'NONE', #1221, #1263, #1267, .T. ) ;
#1570 = AXIS2_PLACEMENT_3D ( 'NONE', #632, #1755, #486 ) ;
#1571 = APPROVAL_DATE_TIME ( #1580, #1411 ) ;
#1572 = CARTESIAN_POINT ( 'NONE',  ( 27.66707439930448587, -1.136913459939250082, 11.59887974563867097 ) ) ;
#1573 = EDGE_LOOP ( 'NONE', ( #1265, #1422 ) ) ;
#1574 = CARTESIAN_POINT ( 'NONE',  ( 22.01975060982172749, 4.349869306707081051, -11.84084224436333521 ) ) ;
#1575 = CARTESIAN_POINT ( 'NONE',  ( -0.2097761733281402197, 4.841242025255728443, 30.00101497635889913 ) ) ;
#1576 = ORIENTED_EDGE ( 'NONE', *, *, #415, .F. ) ;
#1577 = CARTESIAN_POINT ( 'NONE',  ( -26.51151543515660691, -5.000000000000000000, -14.04063920665482890 ) ) ;
#1578 = CARTESIAN_POINT ( 'NONE',  ( 0.000000000000000000, -5.000000000000000000, 0.000000000000000000 ) ) ;
#1579 = CARTESIAN_POINT ( 'NONE',  ( 45.00000000000000000, 4.878909776184769953E-16, -10.00000000000000000 ) ) ;
#1580 = DATE_AND_TIME ( #591, #552 ) ;
#1581 = CARTESIAN_POINT ( 'NONE',  ( 3.044229279614759283E-15, 4.688642529597064623, 25.00000000000000000 ) ) ;
#1582 = ORIENTED_EDGE ( 'NONE', *, *, #1304, .T. ) ;
#1583 = FACE_OUTER_BOUND ( 'NONE', #1458, .T. ) ;
#1584 = CARTESIAN_POINT ( 'NONE',  ( -3.796968127626211498, 1.124247667605025480, -29.75878564203958376 ) ) ;
#1585 = FACE_OUTER_BOUND ( 'NONE', #639, .T. ) ;
#1586 = ORIENTED_EDGE ( 'NONE', *, *, #358, .F. ) ;
#1587 = CARTESIAN_POINT ( 'NONE',  ( 25.59118478364732852, -5.000000000000000000, -15.65889007794481635 ) ) ;
#1588 = ORIENTED_EDGE ( 'NONE', *, *, #1865, .F. ) ;
#1589 = CARTESIAN_POINT ( 'NONE',  ( 49.99999999999999289, 4.878909776184769953E-16, -5.000000000000000888 ) ) ;
#1590 = PERSON_AND_ORGANIZATION ( #1361, #250 ) ;
#1591 = DIRECTION ( 'NONE',  ( 0.000000000000000000, 1.000000000000000000, 0.000000000000000000 ) ) ;
#1592 = ORIENTED_EDGE ( 'NONE', *, *, #702, .F. ) ;
#1593 = CARTESIAN_POINT ( 'NONE',  ( 22.27379216352996494, 3.988873209150418653, -11.35575381163729602 ) ) ;
#1594 = VECTOR ( 'NONE', #1564, 1000.000000000000114 ) ;
#1595 = AXIS2_PLACEMENT_3D ( 'NONE', #892, #1536, #858 ) ;
#1596 = EDGE_CURVE ( 'NONE', #1942, #1229, #894, .T. ) ;
#1597 = CARTESIAN_POINT ( 'NONE',  ( -26.19937125018394397, 4.968341084418783637, 14.61833256700126604 ) ) ;
#1598 = CARTESIAN_POINT ( 'NONE',  ( 27.01995230172929752, -3.774856574495949690, -13.03748221326271661 ) ) ;
#1599 = EDGE_LOOP ( 'NONE', ( #862, #290, #174, #1976 ) ) ;
#1600 = FACE_OUTER_BOUND ( 'NONE', #822, .T. ) ;
#1601 = CARTESIAN_POINT ( 'NONE',  ( 20.71691722270940872, -5.000000000000000000, -13.99318908567330233 ) ) ;
#1602 = VERTEX_POINT ( 'NONE', #1614 ) ;
#1603 = CARTESIAN_POINT ( 'NONE',  ( 0.000000000000000000, 10.00000000000000000, 0.000000000000000000 ) ) ;
#1604 = DIRECTION ( 'NONE',  ( -0.000000000000000000, -0.000000000000000000, 1.000000000000000000 ) ) ;
#1605 = CARTESIAN_POINT ( 'NONE',  ( -3.915785766367366971, 0.2845318942462452538, -29.74334584124514436 ) ) ;
#1606 = DIRECTION ( 'NONE',  ( -0.000000000000000000, 1.000000000000000000, -0.000000000000000000 ) ) ;
#1607 = ADVANCED_FACE ( 'NONE', ( #185 ), #170, .F. ) ;
#1608 = ORIENTED_EDGE ( 'NONE', *, *, #6, .F. ) ;
#1609 = CARTESIAN_POINT ( 'NONE',  ( -4.582576039861772976, 10.00000000000000000, -17.10240661031235021 ) ) ;
#1610 = ORIENTED_EDGE ( 'NONE', *, *, #1426, .F. ) ;
#1611 = CARTESIAN_POINT ( 'NONE',  ( -4.582576039861760542, -5.000000000000000000, 17.10240661031234310 ) ) ;
#1612 = PLANE ( 'NONE',  #522 ) ;
#1613 = CARTESIAN_POINT ( 'NONE',  ( -0.5558610268089909656, -4.758616625827563063, -30.00000000000000000 ) ) ;
#1614 = CARTESIAN_POINT ( 'NONE',  ( -26.51151543515660691, -5.000000000000000000, -14.04063920665482890 ) ) ;
#1615 = DIRECTION ( 'NONE',  ( -0.000000000000000000, -0.000000000000000000, 1.000000000000000000 ) ) ;
#1616 = ORIENTED_EDGE ( 'NONE', *, *, #866, .F. ) ;
#1617 = EDGE_CURVE ( 'NONE', #948, #32, #825, .T. ) ;
#1618 = CARTESIAN_POINT ( 'NONE',  ( 0.000000000000000000, 10.00000000000000000, -5.000000000000000000 ) ) ;
#1619 = VERTEX_POINT ( 'NONE', #21 ) ;
#1620 = DIRECTION ( 'NONE',  ( 0.000000000000000000, 0.000000000000000000, 1.000000000000000000 ) ) ;
#1621 = ADVANCED_FACE ( 'NONE', ( #1628 ), #981, .F. ) ;
#1622 = DIRECTION ( 'NONE',  ( 0.000000000000000000, 1.000000000000000000, -0.000000000000000000 ) ) ;
#1623 = DIRECTION ( 'NONE',  ( 8.881784197001252323E-16, 0.000000000000000000, 1.000000000000000000 ) ) ;
#1624 = CIRCLE ( 'NONE', #1997, 7.999999999999996447 ) ;
#1625 = CARTESIAN_POINT ( 'NONE',  ( -24.94090234824702890, -3.979152298335547844, 16.67413541099556795 ) ) ;
#1626 = CARTESIAN_POINT ( 'NONE',  ( -3.821987751841476655, -1.123410596275266293, -29.75614541483308528 ) ) ;
#1627 = AXIS2_PLACEMENT_3D ( 'NONE', #1878, #288, #720 ) ;
#1628 = FACE_OUTER_BOUND ( 'NONE', #1561, .T. ) ;
#1629 = LOCAL_TIME ( 22, 38, 40.00000000000000000, #1236 ) ;
#1630 = CARTESIAN_POINT ( 'NONE',  ( 0.000000000000000000, -10.00000000000000000, 0.000000000000000000 ) ) ;
#1631 = VECTOR ( 'NONE', #853, 1000.000000000000000 ) ;
#1632 = CARTESIAN_POINT ( 'NONE',  ( 26.52848513349201198, 4.498402195117777502, -14.01180417900567221 ) ) ;
#1633 = ORIENTED_EDGE ( 'NONE', *, *, #2080, .F. ) ;
#1634 = EDGE_CURVE ( 'NONE', #386, #1448, #850, .T. ) ;
#1635 = CARTESIAN_POINT ( 'NONE',  ( -25.71509786279093390, 4.746158882984379268, -15.45396136063074977 ) ) ;
#1636 = CARTESIAN_POINT ( 'NONE',  ( -26.51151543214628958, -5.000000000000000000, 14.04063921233891321 ) ) ;
#1637 = DIRECTION ( 'NONE',  ( 0.000000000000000000, 0.000000000000000000, -1.000000000000000000 ) ) ;
#1638 = FACE_BOUND ( 'NONE', #356, .T. ) ;
#1639 = DIRECTION ( 'NONE',  ( 0.000000000000000000, 1.000000000000000000, 0.000000000000000000 ) ) ;
#1640 = EDGE_LOOP ( 'NONE', ( #956, #2, #1757, #661 ) ) ;
#1641 = EDGE_LOOP ( 'NONE', ( #1754, #1745, #33, #84, #1269, #1553, #888, #1576, #939 ) ) ;
#1642 = CARTESIAN_POINT ( 'NONE',  ( -24.10780119529288612, -2.223936864791983492, -17.85580234564623581 ) ) ;
#1643 = ORIENTED_EDGE ( 'NONE', *, *, #1115, .T. ) ;
#1644 = CARTESIAN_POINT ( 'NONE',  ( -20.02740901751955960, -1.769136164050987281, -14.96351825582517314 ) ) ;
#1645 = CARTESIAN_POINT ( 'NONE',  ( 0.000000000000000000, -5.000000000000000000, 0.000000000000000000 ) ) ;
#1646 = CARTESIAN_POINT ( 'NONE',  ( -19.83383350728214367, -9.860761315262647568E-29, 15.21903572521637571 ) ) ;
#1647 = PRODUCT ( 'CSWP_18_20B', 'CSWP_18_20B', '', ( #1826 ) ) ;
#1648 = CARTESIAN_POINT ( 'NONE',  ( -39.57055236082010907, -10.00000000000000000, 7.727406610312566926 ) ) ;
#1649 = CARTESIAN_POINT ( 'NONE',  ( -21.26436334214122326, -4.349888252468013583, 13.14921336625941706 ) ) ;
#1650 = CARTESIAN_POINT ( 'NONE',  ( -39.57055236082011618, 5.000000000000000000, -7.727406610312552715 ) ) ;
#1651 = VERTEX_POINT ( 'NONE', #224 ) ;
#1652 = VERTEX_POINT ( 'NONE', #409 ) ;
#1653 = CARTESIAN_POINT ( 'NONE',  ( 22.01973448589854954, -4.349888252563541613, 11.84087216671769482 ) ) ;
#1654 = CIRCLE ( 'NONE', #1113, 25.00000000000000000 ) ;
#1655 = CYLINDRICAL_SURFACE ( 'NONE', #1491, 7.999999999999996447 ) ;
#1656 = DIRECTION ( 'NONE',  ( 0.000000000000000000, -0.000000000000000000, 1.000000000000000000 ) ) ;
#1657 = ORIENTED_EDGE ( 'NONE', *, *, #19, .T. ) ;
#1658 = ADVANCED_FACE ( 'NONE', ( #1334, #1032, #883 ), #727, .F. ) ;
#1659 = CARTESIAN_POINT ( 'NONE',  ( 0.000000000000000000, -5.000000000000000000, 0.000000000000000000 ) ) ;
#1660 = ORIENTED_EDGE ( 'NONE', *, *, #1556, .F. ) ;
#1661 = AXIS2_PLACEMENT_3D ( 'NONE', #1442, #1302, #667 ) ;
#1662 = ORIENTED_EDGE ( 'NONE', *, *, #669, .F. ) ;
#1663 = CARTESIAN_POINT ( 'NONE',  ( 21.65581554216075233, -4.687987732430803689, 12.49195090586134249 ) ) ;
#1664 = CARTESIAN_POINT ( 'NONE',  ( -1.729167738284511868, -3.646655576687367173, -24.94341485574042849 ) ) ;
#1665 = CARTESIAN_POINT ( 'NONE',  ( 3.061616997868383043E-15, 10.00000000000000000, 25.00000000000000000 ) ) ;
#1666 = ORIENTED_EDGE ( 'NONE', *, *, #866, .T. ) ;
#1667 = CARTESIAN_POINT ( 'NONE',  ( 25.75953298939868574, 4.968341084410177189, 15.38015478181107198 ) ) ;
#1668 = ORIENTED_EDGE ( 'NONE', *, *, #1238, .T. ) ;
#1669 = CIRCLE ( 'NONE', #1498, 30.00000000000000000 ) ;
#1670 = ADVANCED_FACE ( 'NONE', ( #584 ), #1356, .T. ) ;
#1671 = VERTEX_POINT ( 'NONE', #1054 ) ;
#1672 = CARTESIAN_POINT ( 'NONE',  ( 22.89680572054896857, -2.226636096121061392, 10.03753581938549999 ) ) ;
#1673 = APPLICATION_PROTOCOL_DEFINITION ( 'international standard', 'config_control_design', 1994, #318 ) ;
#1674 = CARTESIAN_POINT ( 'NONE',  ( -3.915785766364195730, -6.310887241768094443E-27, -29.74334584124556002 ) ) ;
#1675 = CARTESIAN_POINT ( 'NONE',  ( 1.759998617158973655, -5.000000000000000000, -24.93797114577684937 ) ) ;
#1676 = AXIS2_PLACEMENT_3D ( 'NONE', #1151, #58, #225 ) ;
#1677 = CARTESIAN_POINT ( 'NONE',  ( 27.71638597524852088, 0.3310633686722308511, 11.48050297117016250 ) ) ;
#1678 = CYLINDRICAL_SURFACE ( 'NONE', #38, 5.000000000001064926 ) ;
#1679 = VERTEX_POINT ( 'NONE', #554 ) ;
#1680 = CARTESIAN_POINT ( 'NONE',  ( -19.83383829099549445, -0.3316024745724966971, -15.21902949095975899 ) ) ;
#1681 = EDGE_CURVE ( 'NONE', #2085, #1133, #1868, .T. ) ;
#1682 = B_SPLINE_CURVE_WITH_KNOTS ( 'NONE', 3,
 ( #1307, #725, #416, #1365, #1049, #388 ),
 .UNSPECIFIED., .F., .F.,
 ( 4, 2, 4 ),
 ( 0.000000000000000000, 0.0008982097364952359650, 0.001796419472990472364 ),
 .UNSPECIFIED. ) ;
#1683 = CARTESIAN_POINT ( 'NONE',  ( -3.043807145045557494, -5.000000000000000000, -3.966766701458702915 ) ) ;
#1684 = DIRECTION ( 'NONE',  ( 0.000000000000000000, 0.000000000000000000, 1.000000000000000000 ) ) ;
#1685 = CARTESIAN_POINT ( 'NONE',  ( 27.71638597524709624, 4.203895392974451213E-42, 11.48050297117359797 ) ) ;
#1686 = DIRECTION ( 'NONE',  ( -0.000000000000000000, -1.000000000000000000, 0.000000000000000000 ) ) ;
#1687 = DIRECTION ( 'NONE',  ( 0.2588190451025146888, -0.000000000000000000, 0.9659258262890699775 ) ) ;
#1688 = CARTESIAN_POINT ( 'NONE',  ( -23.82046318395028806, 0.6583548759742049450, 18.23704288322991474 ) ) ;
#1689 = ORIENTED_EDGE ( 'NONE', *, *, #1681, .T. ) ;
#1690 = AXIS2_PLACEMENT_3D ( 'NONE', #108, #429, #2012 ) ;
#1691 = DIRECTION ( 'NONE',  ( 0.000000000000000000, 1.000000000000000000, -0.000000000000000000 ) ) ;
#1692 = CARTESIAN_POINT ( 'NONE',  ( -0.9204520029994548436, -4.269795263234772875, -24.98633093999339039 ) ) ;
#1693 = CC_DESIGN_PERSON_AND_ORGANIZATION_ASSIGNMENT ( #781, #126, ( #1251 ) ) ;
#1694 = EDGE_CURVE ( 'NONE', #1371, #1067, #1497, .T. ) ;
#1695 = CARTESIAN_POINT ( 'NONE',  ( 0.000000000000000000, 10.00000000000000000, 0.000000000000000000 ) ) ;
#1696 = FACE_OUTER_BOUND ( 'NONE', #1331, .T. ) ;
#1697 = ORIENTED_EDGE ( 'NONE', *, *, #1970, .T. ) ;
#1698 = CARTESIAN_POINT ( 'NONE',  ( 27.45522766912430157, 2.514908473270784484, 12.09315163190661124 ) ) ;
#1699 = UNCERTAINTY_MEASURE_WITH_UNIT (LENGTH_MEASURE( 1.000000000000000082E-05 ), #560, 'distance_accuracy_value', 'NONE');
#1700 = CIRCLE ( 'NONE', #472, 7.999999999999996447 ) ;
#1701 = LINE ( 'NONE', #1401, #1197 ) ;
#1702 = ORIENTED_EDGE ( 'NONE', *, *, #1102, .T. ) ;
#1703 = LINE ( 'NONE', #277, #17 ) ;
#1704 = ORIENTED_EDGE ( 'NONE', *, *, #43, .F. ) ;
#1705 = CARTESIAN_POINT ( 'NONE',  ( 8.067108587617793606E-17, -4.881032626044842004, -30.00000000000000000 ) ) ;
#1706 = LINE ( 'NONE', #914, #1560 ) ;
#1707 = ORIENTED_EDGE ( 'NONE', *, *, #308, .T. ) ;
#1708 = DIRECTION ( 'NONE',  ( 0.000000000000000000, 1.000000000000000000, 0.000000000000000000 ) ) ;
#1709 = DIRECTION ( 'NONE',  ( 0.000000000000000000, 0.000000000000000000, 1.000000000000000000 ) ) ;
#1710 = CARTESIAN_POINT ( 'NONE',  ( 0.000000000000000000, 5.000000000000000000, 0.000000000000000000 ) ) ;
#1711 = ORIENTED_EDGE ( 'NONE', *, *, #1292, .F. ) ;
#1712 = CARTESIAN_POINT ( 'NONE',  ( -22.47691583950513206, 5.000000000000000000, -10.94478206013273969 ) ) ;
#1713 = DIRECTION ( 'NONE',  ( 1.000000000000000000, -0.000000000000000000, 0.000000000000000000 ) ) ;
#1714 = DIRECTION ( 'NONE',  ( -0.000000000000000000, -0.000000000000000000, 1.000000000000000000 ) ) ;
#1715 = EDGE_LOOP ( 'NONE', ( #439, #945, #1045, #1741 ) ) ;
#1716 = VECTOR ( 'NONE', #2029, 1000.000000000000000 ) ;
#1717 = CARTESIAN_POINT ( 'NONE',  ( 22.59400891635116082, -3.314695592146513548, -10.70348971225318202 ) ) ;
#1718 = DIRECTION ( 'NONE',  ( -0.000000000000000000, -1.000000000000000000, 0.000000000000000000 ) ) ;
#1719 = EDGE_CURVE ( 'NONE', #187, #1274, #1146, .T. ) ;
#1720 = ORIENTED_EDGE ( 'NONE', *, *, #259, .T. ) ;
#1721 = AXIS2_PLACEMENT_3D ( 'NONE', #1579, #2070, #135 ) ;
#1722 = CARTESIAN_POINT ( 'NONE',  ( -37.50000000000000711, -5.000000000000000000, -4.999999999999997335 ) ) ;
#1723 = CARTESIAN_POINT ( 'NONE',  ( 23.04750390578888997, 1.138329642503969952, 9.685741377794721885 ) ) ;
#1724 = AXIS2_PLACEMENT_3D ( 'NONE', #324, #334, #660 ) ;
#1725 = APPROVAL_STATUS ( 'not_yet_approved' ) ;
#1726 = CC_DESIGN_SECURITY_CLASSIFICATION ( #1351, ( #1251 ) ) ;
#1727 = DIRECTION ( 'NONE',  ( -0.9914448613738107152, 0.000000000000000000, 0.1305261922200492974 ) ) ;
#1728 = AXIS2_PLACEMENT_3D ( 'NONE', #671, #511, #1794 ) ;
#1729 = VERTEX_POINT ( 'NONE', #706 ) ;
#1730 = CARTESIAN_POINT ( 'NONE',  ( 23.08456064830529186, 0.6590042460747309594, -9.597253482086557597 ) ) ;
#1731 = CARTESIAN_POINT ( 'NONE',  ( 45.00000000000000000, 4.878909776184769953E-16, -24.14213562373095101 ) ) ;
#1732 = VERTEX_POINT ( 'NONE', #1344 ) ;
#1733 = ADVANCED_FACE ( 'NONE', ( #1202 ), #870, .F. ) ;
#1734 = CARTESIAN_POINT ( 'NONE',  ( -1.126931890445763917, -4.110878384839000255, 24.97539168717545621 ) ) ;
#1735 = FACE_OUTER_BOUND ( 'NONE', #152, .T. ) ;
#1736 = PERSON_AND_ORGANIZATION ( #1361, #250 ) ;
#1737 = LINE ( 'NONE', #467, #249 ) ;
#1738 = ORIENTED_EDGE ( 'NONE', *, *, #332, .T. ) ;
#1739 = CARTESIAN_POINT ( 'NONE',  ( 21.88269967932837190, -4.500862314229496342, -12.09293233700662284 ) ) ;
#1740 = DIRECTION ( 'NONE',  ( 0.000000000000000000, 0.000000000000000000, 1.000000000000000000 ) ) ;
#1741 = ORIENTED_EDGE ( 'NONE', *, *, #478, .F. ) ;
#1742 = B_SPLINE_CURVE_WITH_KNOTS ( 'NONE', 3,
 ( #1, #1287, #652, #1941, #1776, #1632, #345, #484, #173, #821, #315, #1460, #1787, #1429, #325, #14, #779, #663, #1256, #1298, #944, #638, #355, #1437, #1926, #2069, #1905, #1598, #463, #1099, #2082, #2088, #630, #1111, #1743, #1766, #1587, #790 ),
 .UNSPECIFIED., .F., .F.,
 ( 4, 2, 2, 2, 2, 2, 2, 2, 2, 2, 2, 2, 2, 2, 2, 2, 2, 2, 4 ),
 ( 0.000000000000000000, 0.0009867817812897877999, 0.001973563562579575600, 0.002960345343869363616, 0.003947127125159151199, 0.004933908906448938349, 0.005920690687738727233, 0.006414081578383619940, 0.006907472469028512647, 0.007894254250318297195, 0.008881036031608080875, 0.009867817812897864554, 0.01085459959418764997, 0.01184138137547743538, 0.01282816315676721906, 0.01381494493805700274, 0.01430833582870189545, 0.01480172671934678816, 0.01578850850063657010 ),
 .UNSPECIFIED. ) ;
#1743 = CARTESIAN_POINT ( 'NONE',  ( 26.00154608076364582, -4.874553039624431428, -14.96480127465348531 ) ) ;
#1744 = AXIS2_PLACEMENT_3D ( 'NONE', #926, #1567, #1091 ) ;
#1745 = ORIENTED_EDGE ( 'NONE', *, *, #1827, .T. ) ;
#1746 = EDGE_CURVE ( 'NONE', #1519, #798, #1530, .T. ) ;
#1747 = CARTESIAN_POINT ( 'NONE',  ( 45.00000000000000000, 4.878909776184769953E-16, -10.00000000000000000 ) ) ;
#1748 = CARTESIAN_POINT ( 'NONE',  ( 0.2828278039316889370, 4.792516003520217893, 25.00000000000000355 ) ) ;
#1749 = ADVANCED_FACE ( 'NONE', ( #1539, #1516 ), #2031, .F. ) ;
#1750 = VERTEX_POINT ( 'NONE', #1849 ) ;
#1751 = CARTESIAN_POINT ( 'NONE',  ( 21.42207685030190589, -4.842430339322622679, -12.89185006171481618 ) ) ;
#1752 = CARTESIAN_POINT ( 'NONE',  ( 0.000000000000000000, 5.000000000000000000, 0.000000000000000000 ) ) ;
#1753 = DIRECTION ( 'NONE',  ( -0.6087614290087209890, 0.000000000000000000, 0.7933533402912348320 ) ) ;
#1754 = ORIENTED_EDGE ( 'NONE', *, *, #1982, .T. ) ;
#1755 = DIRECTION ( 'NONE',  ( 0.000000000000000000, 1.000000000000000000, 0.000000000000000000 ) ) ;
#1756 = FACE_OUTER_BOUND ( 'NONE', #886, .T. ) ;
#1757 = ORIENTED_EDGE ( 'NONE', *, *, #499, .T. ) ;
#1758 = CARTESIAN_POINT ( 'NONE',  ( 45.00000000000000000, 10.00000000000000000, -10.00000000000000000 ) ) ;
#1759 = EDGE_CURVE ( 'NONE', #536, #506, #497, .T. ) ;
#1760 = CC_DESIGN_APPROVAL ( #64, ( #1251 ) ) ;
#1761 = AXIS2_PLACEMENT_3D ( 'NONE', #782, #1421, #793 ) ;
#1762 = FACE_OUTER_BOUND ( 'NONE', #1232, .T. ) ;
#1763 = DIRECTION ( 'NONE',  ( 0.000000000000000000, -1.000000000000000000, 0.000000000000000000 ) ) ;
#1764 = DIRECTION ( 'NONE',  ( -0.000000000000000000, -0.000000000000000000, 1.000000000000000000 ) ) ;
#1765 = ORIENTED_EDGE ( 'NONE', *, *, #693, .F. ) ;
#1766 = CARTESIAN_POINT ( 'NONE',  ( 25.75953667490952625, -4.968340397755804716, -15.38014867983316591 ) ) ;
#1767 = EDGE_LOOP ( 'NONE', ( #1319, #2015, #49, #1493 ) ) ;
#1768 = DIRECTION ( 'NONE',  ( -0.000000000000000000, -0.000000000000000000, 1.000000000000000000 ) ) ;
#1769 = FACE_BOUND ( 'NONE', #1021, .T. ) ;
#1770 = ADVANCED_FACE ( 'NONE', ( #604, #1583 ), #1240, .F. ) ;
#1771 = CARTESIAN_POINT ( 'NONE',  ( -19.83383350728214367, -9.860761315262647568E-29, 15.21903572521637571 ) ) ;
#1772 = CARTESIAN_POINT ( 'NONE',  ( -21.95561665916402205, -4.875475623427633742, 11.95728455268574919 ) ) ;
#1773 = CYLINDRICAL_SURFACE ( 'NONE', #2001, 4.999999999999997335 ) ;
#1774 = ORIENTED_EDGE ( 'NONE', *, *, #1426, .T. ) ;
#1775 = EDGE_CURVE ( 'NONE', #1886, #15, #1249, .T. ) ;
#1776 = CARTESIAN_POINT ( 'NONE',  ( 26.24107206167828821, 4.746158880890736675, -14.54294732447705307 ) ) ;
#1777 = ORIENTED_EDGE ( 'NONE', *, *, #1476, .F. ) ;
#1778 = DIRECTION ( 'NONE',  ( 1.000000000000000000, 0.000000000000000000, 0.000000000000000000 ) ) ;
#1779 = VECTOR ( 'NONE', #1797, 1000.000000000000000 ) ;
#1780 = LINE ( 'NONE', #1340, #1156 ) ;
#1781 = FACE_OUTER_BOUND ( 'NONE', #911, .T. ) ;
#1782 = CARTESIAN_POINT ( 'NONE',  ( -20.23363361506113023, -2.517588267545977754, 14.68448525747388622 ) ) ;
#1783 = LINE ( 'NONE', #1665, #651 ) ;
#1784 = ORIENTED_EDGE ( 'NONE', *, *, #358, .T. ) ;
#1785 = CC_DESIGN_PERSON_AND_ORGANIZATION_ASSIGNMENT ( #455, #1246, ( #1351 ) ) ;
#1786 = ADVANCED_FACE ( 'NONE', ( #1071 ), #930, .F. ) ;
#1787 = CARTESIAN_POINT ( 'NONE',  ( 27.51794500161312129, 2.221880978872609713, -11.94899942527791303 ) ) ;
#1788 = EDGE_LOOP ( 'NONE', ( #1521, #1393, #385, #1044, #1828, #1582, #1438, #1546, #722, #335, #367 ) ) ;
#1789 = CARTESIAN_POINT ( 'NONE',  ( 45.00000000000000000, 4.878909776184769953E-16, 10.00000000000000888 ) ) ;
#1790 = LINE ( 'NONE', #666, #908 ) ;
#1791 = CARTESIAN_POINT ( 'NONE',  ( 1.096207472079200329, 5.000000000000000000, 29.97996546325825307 ) ) ;
#1792 = FACE_OUTER_BOUND ( 'NONE', #1641, .T. ) ;
#1793 = CIRCLE ( 'NONE', #1690, 10.00000000000000178 ) ;
#1794 = DIRECTION ( 'NONE',  ( 0.9914448613738110483, 0.000000000000000000, 0.1305261922200473823 ) ) ;
#1795 = AXIS2_PLACEMENT_3D ( 'NONE', #1333, #548, #1199 ) ;
#1796 = CARTESIAN_POINT ( 'NONE',  ( -0.5150801358346536185, -4.741452927442797005, 29.99599210413746420 ) ) ;
#1797 = DIRECTION ( 'NONE',  ( -0.000000000000000000, -0.000000000000000000, 1.000000000000000000 ) ) ;
#1798 = PRODUCT_DEFINITION_SHAPE ( 'NONE', 'NONE',  #1036 ) ;
#1799 = VECTOR ( 'NONE', #1708, 1000.000000000000000 ) ;
#1800 = ORIENTED_EDGE ( 'NONE', *, *, #462, .T. ) ;
#1801 = CARTESIAN_POINT ( 'NONE',  ( 49.99999999999999289, 4.878909776184769953E-16, -24.14213562373095101 ) ) ;
#1802 = EDGE_CURVE ( 'NONE', #534, #839, #285, .T. ) ;
#1803 = ORIENTED_EDGE ( 'NONE', *, *, #579, .F. ) ;
#1804 = CARTESIAN_POINT ( 'NONE',  ( 22.83395408190558129, -2.517588267574221828, 10.18059809298693175 ) ) ;
#1805 = DIRECTION ( 'NONE',  ( -0.000000000000000000, -1.000000000000000000, -0.000000000000000000 ) ) ;
#1806 = CARTESIAN_POINT ( 'NONE',  ( 1.458418661002280903, -5.000000000000000000, -24.95925516694665447 ) ) ;
#1807 = CARTESIAN_POINT ( 'NONE',  ( -24.41248884299299604, -3.053730298686611278, 17.43741971883926567 ) ) ;
#1808 = CARTESIAN_POINT ( 'NONE',  ( -20.14043355062278806, 2.224435427411673327, 14.81144482380688210 ) ) ;
#1809 = CARTESIAN_POINT ( 'NONE',  ( -37.50000000000000711, 5.000000000000000000, 0.000000000000000000 ) ) ;
#1810 = LINE ( 'NONE', #1345, #1233 ) ;
#1811 = CARTESIAN_POINT ( 'NONE',  ( -4.582576039861760542, 5.000000000000000000, 17.10240661031234310 ) ) ;
#1812 = ORIENTED_EDGE ( 'NONE', *, *, #1204, .F. ) ;
#1813 = EDGE_LOOP ( 'NONE', ( #707, #568, #1812, #1461, #1070 ) ) ;
#1814 = CARTESIAN_POINT ( 'NONE',  ( -20.96654665396819439, -3.982451124607255810, -13.61909383962875530 ) ) ;
#1815 = CARTESIAN_POINT ( 'NONE',  ( -2.864268553533904083, -1.980314459620170942, -24.83562783243469241 ) ) ;
#1816 = EDGE_CURVE ( 'NONE', #196, #1671, #323, .T. ) ;
#1817 = AXIS2_PLACEMENT_3D ( 'NONE', #452, #1557, #1394 ) ;
#1818 = AXIS2_PLACEMENT_3D ( 'NONE', #608, #1691, #891 ) ;
#1819 = CARTESIAN_POINT ( 'NONE',  ( -27.97529114175929976, 5.000000000000000000, -10.83434748998773678 ) ) ;
#1820 = DIRECTION ( 'NONE',  ( 0.000000000000000000, 1.000000000000000000, -0.000000000000000000 ) ) ;
#1821 = VERTEX_POINT ( 'NONE', #918 ) ;
#1822 = CARTESIAN_POINT ( 'NONE',  ( -25.63869447322865369, -4.686161852688274010, -15.57820402579842778 ) ) ;
#1823 = ORIENTED_EDGE ( 'NONE', *, *, #669, .T. ) ;
#1824 = CARTESIAN_POINT ( 'NONE',  ( 22.39000058846168173, -3.778299197101127493, 11.12393379420049833 ) ) ;
#1825 = AXIS2_PLACEMENT_3D ( 'NONE', #924, #766, #901 ) ;
#1826 = MECHANICAL_CONTEXT ( 'NONE', #82, 'mechanical' ) ;
#1827 = EDGE_CURVE ( 'NONE', #1428, #365, #625, .T. ) ;
#1828 = ORIENTED_EDGE ( 'NONE', *, *, #989, .T. ) ;
#1829 = AXIS2_PLACEMENT_3D ( 'NONE', #1747, #1366, #317 ) ;
#1830 = DIRECTION ( 'NONE',  ( 1.000000000000000000, 0.000000000000000000, 0.000000000000000000 ) ) ;
#1831 = CARTESIAN_POINT ( 'NONE',  ( -37.50000000000000711, 5.000000000000000000, -4.999999999999997335 ) ) ;
#1832 = CIRCLE ( 'NONE', #1318, 30.00000000000000000 ) ;
#1833 = AXIS2_PLACEMENT_3D ( 'NONE', #1291, #676, #523 ) ;
#1834 = VERTEX_POINT ( 'NONE', #1261 ) ;
#1835 = CARTESIAN_POINT ( 'NONE',  ( -19.91186383980421937, -1.138426923470300611, -15.11683501696913545 ) ) ;
#1836 = DIRECTION ( 'NONE',  ( 0.000000000000000000, 0.000000000000000000, 1.000000000000000000 ) ) ;
#1837 = LINE ( 'NONE', #601, #820 ) ;
#1838 = CARTESIAN_POINT ( 'NONE',  ( -27.97529114175930331, -5.000000000000000000, 10.83434748998774921 ) ) ;
#1839 = DIRECTION ( 'NONE',  ( 0.9659258262890700886, 0.000000000000000000, 0.2588190451025140781 ) ) ;
#1840 = ADVANCED_FACE ( 'NONE', ( #1551 ), #105, .F. ) ;
#1841 = AXIS2_PLACEMENT_3D ( 'NONE', #1789, #812, #824 ) ;
#1842 = ADVANCED_FACE ( 'NONE', ( #686 ), #26, .T. ) ;
#1843 = ORIENTED_EDGE ( 'NONE', *, *, #1816, .F. ) ;
#1844 = CARTESIAN_POINT ( 'NONE',  ( -24.20057290499786973, -2.514858131398566954, -17.73037262948423631 ) ) ;
#1845 = ORIENTED_EDGE ( 'NONE', *, *, #797, .F. ) ;
#1846 = CARTESIAN_POINT ( 'NONE',  ( -21.72019457136322629, -4.747784448730049789, -12.38243536405699530 ) ) ;
#1847 = CARTESIAN_POINT ( 'NONE',  ( -37.50000000000000711, 5.000000000000000000, 0.000000000000000000 ) ) ;
#1848 = DIRECTION ( 'NONE',  ( 0.1305261922200491587, 0.000000000000000000, 0.9914448613738108262 ) ) ;
#1849 = CARTESIAN_POINT ( 'NONE',  ( 55.00000000000000000, 4.878909776184769953E-16, 5.000000000000000888 ) ) ;
#1850 = VERTEX_POINT ( 'NONE', #191 ) ;
#1851 = LINE ( 'NONE', #275, #1932 ) ;
#1852 = ORIENTED_EDGE ( 'NONE', *, *, #1436, .T. ) ;
#1853 = EDGE_CURVE ( 'NONE', #577, #44, #999, .T. ) ;
#1854 = CARTESIAN_POINT ( 'NONE',  ( 3.044229279614759283E-15, 4.688642529597064623, 25.00000000000000000 ) ) ;
#1855 = CARTESIAN_POINT ( 'NONE',  ( -0.6717732014395035867, -4.686161850444229948, 29.99286274643978700 ) ) ;
#1856 = CARTESIAN_POINT ( 'NONE',  ( 1.096207472136812910, 5.000000000000000000, -29.97996546325614275 ) ) ;
#1857 = DIRECTION ( 'NONE',  ( 0.000000000000000000, 0.000000000000000000, 1.000000000000000000 ) ) ;
#1858 = DIRECTION ( 'NONE',  ( -0.000000000000000000, 1.000000000000000000, -0.000000000000000000 ) ) ;
#1859 = CARTESIAN_POINT ( 'NONE',  ( -24.80078383077111326, 3.774882427442325383, 16.88119918790319218 ) ) ;
#1860 = ORIENTED_EDGE ( 'NONE', *, *, #1037, .F. ) ;
#1861 = CYLINDRICAL_SURFACE ( 'NONE', #2097, 10.00000000000000178 ) ;
#1862 = AXIS2_PLACEMENT_3D ( 'NONE', #2033, #1074, #411 ) ;
#1863 = DIRECTION ( 'NONE',  ( -0.000000000000000000, -1.000000000000000000, 0.000000000000000000 ) ) ;
#1864 = AXIS2_PLACEMENT_3D ( 'NONE', #1603, #158, #804 ) ;
#1865 = EDGE_CURVE ( 'NONE', #303, #32, #498, .T. ) ;
#1866 = CARTESIAN_POINT ( 'NONE',  ( 27.30749287445785711, -3.053730298429169210, 12.42312564822719168 ) ) ;
#1867 = ORIENTED_EDGE ( 'NONE', *, *, #1330, .T. ) ;
#1868 = LINE ( 'NONE', #718, #1631 ) ;
#1869 = CARTESIAN_POINT ( 'NONE',  ( -25.24504302283920865, 4.347038263952630821, 16.20994761526459982 ) ) ;
#1870 = EDGE_LOOP ( 'NONE', ( #2047, #1185, #1803, #1056 ) ) ;
#1871 = CARTESIAN_POINT ( 'NONE',  ( 28.28427124746190202, 10.00000000000000000, -10.00000000000000178 ) ) ;
#1872 = CARTESIAN_POINT ( 'NONE',  ( -2.642286689506171182, -2.434176548150276620, 24.86022464454271130 ) ) ;
#1873 = SHAPE_DEFINITION_REPRESENTATION ( #1798, #1469 ) ;
#1874 = CARTESIAN_POINT ( 'NONE',  ( 0.000000000000000000, -10.00000000000000000, -5.000000000000000000 ) ) ;
#1875 = ORIENTED_EDGE ( 'NONE', *, *, #1395, .F. ) ;
#1876 = EDGE_CURVE ( 'NONE', #390, #121, #114, .T. ) ;
#1877 = CARTESIAN_POINT ( 'NONE',  ( 21.07945245442638438, 4.968657178633028693, -13.44469093077406363 ) ) ;
#1878 = CARTESIAN_POINT ( 'NONE',  ( -37.50000000000000711, -10.00000000000000000, 0.000000000000000000 ) ) ;
#1879 = CIRCLE ( 'NONE', #953, 4.999999999999997335 ) ;
#1880 = ORIENTED_EDGE ( 'NONE', *, *, #449, .F. ) ;
#1881 = AXIS2_PLACEMENT_3D ( 'NONE', #1528, #90, #738 ) ;
#1882 = CARTESIAN_POINT ( 'NONE',  ( -0.4669763978814314154, -4.496980427100971234, 24.99662881293604144 ) ) ;
#1883 = DIRECTION ( 'NONE',  ( 0.000000000000000000, 1.000000000000000000, 0.000000000000000000 ) ) ;
#1884 = PERSON_AND_ORGANIZATION_ROLE ( 'creator' ) ;
#1885 = DIRECTION ( 'NONE',  ( 0.000000000000000000, 0.000000000000000000, 1.000000000000000000 ) ) ;
#1886 = VERTEX_POINT ( 'NONE', #1148 ) ;
#1887 = DIRECTION ( 'NONE',  ( -1.947979961967537091E-16, 0.000000000000000000, -1.000000000000000000 ) ) ;
#1888 = ADVANCED_FACE ( 'NONE', ( #1954 ), #481, .T. ) ;
#1889 = CARTESIAN_POINT ( 'NONE',  ( -3.891883829535989214, 0.5662706045015555301, -29.74652131104521402 ) ) ;
#1890 = CARTESIAN_POINT ( 'NONE',  ( -26.51151543214628958, 5.000000000000000000, 14.04063921233891321 ) ) ;
#1891 = VERTEX_POINT ( 'NONE', #645 ) ;
#1892 = DIRECTION ( 'NONE',  ( 0.000000000000000000, 1.000000000000000000, 0.000000000000000000 ) ) ;
#1893 = CARTESIAN_POINT ( 'NONE',  ( -3.186410557751950368, -1.013943861671210200, 24.79657533725116636 ) ) ;
#1894 = CYLINDRICAL_SURFACE ( 'NONE', #177, 5.000000000119659838 ) ;
#1895 = VECTOR ( 'NONE', #513, 1000.000000000000000 ) ;
#1896 = APPROVAL_DATE_TIME ( #2050, #64 ) ;
#1897 = DIRECTION ( 'NONE',  ( 0.9238795325112895140, 0.000000000000000000, 0.3826834323650830649 ) ) ;
#1898 = AXIS2_PLACEMENT_3D ( 'NONE', #947, #1591, #268 ) ;
#1899 = EDGE_LOOP ( 'NONE', ( #709, #1013, #2074, #1490, #24, #314, #1175, #777, #557, #518 ) ) ;
#1900 = CARTESIAN_POINT ( 'NONE',  ( 21.33312920623323450, 4.875471924013330849, -13.03546530702966599 ) ) ;
#1901 = EDGE_CURVE ( 'NONE', #258, #72, #1279, .T. ) ;
#1902 = CARTESIAN_POINT ( 'NONE',  ( -3.788596091859312676, 1.136984887037615133, 29.75983126556744551 ) ) ;
#1903 = ORIENTED_EDGE ( 'NONE', *, *, #53, .T. ) ;
#1904 = EDGE_CURVE ( 'NONE', #1750, #1732, #1121, .T. ) ;
#1905 = CARTESIAN_POINT ( 'NONE',  ( 27.21824774015068371, -3.313998618283826136, -12.61827067409200964 ) ) ;
#1906 = EDGE_LOOP ( 'NONE', ( #165, #1702, #104, #1289, #1053, #346, #1933, #1377, #376, #1860, #637, #819, #1014 ) ) ;
#1907 = LINE ( 'NONE', #465, #1555 ) ;
#1908 = CYLINDRICAL_SURFACE ( 'NONE', #359, 10.00000000000000178 ) ;
#1909 = ORIENTED_EDGE ( 'NONE', *, *, #1000, .T. ) ;
#1910 = CARTESIAN_POINT ( 'NONE',  ( 22.99671035826837340, 1.623258439358975291, -9.806485067181036186 ) ) ;
#1911 = CARTESIAN_POINT ( 'NONE',  ( 0.4380019885985053096, 4.968335604812566864, 29.99855096354806605 ) ) ;
#1912 = EDGE_LOOP ( 'NONE', ( #1005, #1800, #653, #2053 ) ) ;
#1913 = CARTESIAN_POINT ( 'NONE',  ( -2.063992709994872943, 3.266163810732856110, -24.91526695260592561 ) ) ;
#1914 = DIRECTION ( 'NONE',  ( -3.412176828051111703E-17, 0.000000000000000000, 1.000000000000000000 ) ) ;
#1915 = AXIS2_PLACEMENT_3D ( 'NONE', #799, #1273, #1122 ) ;
#1916 = CIRCLE ( 'NONE', #378, 25.00000000000000711 ) ;
#1917 = ORIENTED_EDGE ( 'NONE', *, *, #43, .T. ) ;
#1918 = CARTESIAN_POINT ( 'NONE',  ( -25.87675302524635867, 4.841242027416288174, -15.18217897816719919 ) ) ;
#1919 = EDGE_CURVE ( 'NONE', #258, #644, #292, .T. ) ;
#1920 = DIRECTION ( 'NONE',  ( 0.000000000000000000, 0.000000000000000000, -1.000000000000000000 ) ) ;
#1921 = ORIENTED_EDGE ( 'NONE', *, *, #1746, .T. ) ;
#1922 = CARTESIAN_POINT ( 'NONE',  ( 22.83509311192030822, -2.512410764282416054, -10.17801117770873987 ) ) ;
#1923 = CARTESIAN_POINT ( 'NONE',  ( -3.915785766364195730, -6.310887241768094443E-27, -29.74334584124556002 ) ) ;
#1924 = CARTESIAN_POINT ( 'NONE',  ( 0.7653770681743220505, 5.000000000000041744, 29.99206216701183081 ) ) ;
#1925 = ORIENTED_EDGE ( 'NONE', *, *, #1317, .T. ) ;
#1926 = CARTESIAN_POINT ( 'NONE',  ( 27.45523957026733441, -2.514858130024268945, -12.09312460242071907 ) ) ;
#1927 = EDGE_LOOP ( 'NONE', ( #1969, #1707, #45, #761, #765 ) ) ;
#1928 = LINE ( 'NONE', #1962, #1129 ) ;
#1929 = VECTOR ( 'NONE', #1883, 1000.000000000000000 ) ;
#1930 = ADVANCED_FACE ( 'NONE', ( #814 ), #1117, .F. ) ;
#1931 = LINE ( 'NONE', #520, #1550 ) ;
#1932 = VECTOR ( 'NONE', #729, 1000.000000000000000 ) ;
#1933 = ORIENTED_EDGE ( 'NONE', *, *, #65, .T. ) ;
#1934 = DIRECTION ( 'NONE',  ( -0.9238795325112895140, 0.000000000000000000, -0.3826834323650830649 ) ) ;
#1935 = EDGE_CURVE ( 'NONE', #428, #1257, #39, .T. ) ;
#1936 = VECTOR ( 'NONE', #489, 1000.000000000000000 ) ;
#1937 = CARTESIAN_POINT ( 'NONE',  ( -20.82700100843375424, 3.775768441557387334, 13.83076137987290011 ) ) ;
#1938 = CARTESIAN_POINT ( 'NONE',  ( -21.87900278699510537, -4.836667424125320025, 12.09686653994072536 ) ) ;
#1939 = CARTESIAN_POINT ( 'NONE',  ( -1.129664194873831962, 4.498402195117777502, 29.98024413902474805 ) ) ;
#1940 = ORIENTED_EDGE ( 'NONE', *, *, #1215, .T. ) ;
#1941 = CARTESIAN_POINT ( 'NONE',  ( 26.08652919550842597, 4.841242025255728443, -14.81883599296833154 ) ) ;
#1942 = VERTEX_POINT ( 'NONE', #1646 ) ;
#1943 = CARTESIAN_POINT ( 'NONE',  ( -25.24195254616991235, 4.343916156189320255, -16.21478437870069556 ) ) ;
#1944 = DIRECTION ( 'NONE',  ( -6.493266539891791537E-17, 0.000000000000000000, 1.000000000000000000 ) ) ;
#1945 = CARTESIAN_POINT ( 'NONE',  ( -19.85375120779977109, 0.6574241051536615643, 15.19317782026872088 ) ) ;
#1946 = CARTESIAN_POINT ( 'NONE',  ( -20.56788764030468997, -3.317462181273283406, 14.21323423520730067 ) ) ;
#1947 = CARTESIAN_POINT ( 'NONE',  ( -23.80060020873830595, -2.958228394578794270E-28, 18.26284287025998765 ) ) ;
#1948 = EDGE_LOOP ( 'NONE', ( #2064, #545, #966, #732 ) ) ;
#1949 = DIRECTION ( 'NONE',  ( 0.000000000000000000, 0.000000000000000000, -1.000000000000000000 ) ) ;
#1950 = VERTEX_POINT ( 'NONE', #1758 ) ;
#1951 = DIRECTION ( 'NONE',  ( 0.000000000000000000, 0.000000000000000000, 1.000000000000000000 ) ) ;
#1952 = VECTOR ( 'NONE', #1203, 1000.000000000000000 ) ;
#1953 = CYLINDRICAL_SURFACE ( 'NONE', #1179, 4.999999999999997335 ) ;
#1954 = FACE_OUTER_BOUND ( 'NONE', #700, .T. ) ;
#1955 = CARTESIAN_POINT ( 'NONE',  ( 22.02246085092595251, 4.346793049232998918, 11.83583604340935125 ) ) ;
#1956 = CARTESIAN_POINT ( 'NONE',  ( 0.000000000000000000, 10.00000000000000000, 0.000000000000000000 ) ) ;
#1957 = CARTESIAN_POINT ( 'NONE',  ( -1.797634555204160600, 4.101488504129378931, -29.94704627630140337 ) ) ;
#1958 = CARTESIAN_POINT ( 'NONE',  ( 0.4398311332627526382, -4.968340397755804716, 29.99848749010515547 ) ) ;
#1959 = EDGE_CURVE ( 'NONE', #1144, #1891, #9, .T. ) ;
#1960 = CARTESIAN_POINT ( 'NONE',  ( 0.000000000000000000, 5.000000000000000000, 0.000000000000000000 ) ) ;
#1961 = ORIENTED_EDGE ( 'NONE', *, *, #2009, .F. ) ;
#1962 = CARTESIAN_POINT ( 'NONE',  ( -4.582576039861772976, 5.000000000000000000, -17.10240661031235021 ) ) ;
#1963 = CARTESIAN_POINT ( 'NONE',  ( -20.56786369027323147, 3.317415001864341573, -14.21326890310487556 ) ) ;
#1964 = DIRECTION ( 'NONE',  ( -0.000000000000000000, -0.000000000000000000, 1.000000000000000000 ) ) ;
#1965 = DIRECTION ( 'NONE',  ( -0.000000000000000000, -1.000000000000000000, 0.000000000000000000 ) ) ;
#1966 = CARTESIAN_POINT ( 'NONE',  ( -21.72018309590290031, 4.747777015207192086, 12.38245558566903881 ) ) ;
#1967 = CIRCLE ( 'NONE', #1595, 4.999999999999997335 ) ;
#1968 = CARTESIAN_POINT ( 'NONE',  ( 45.00000000000000000, 4.878909776184769953E-16, 10.00000000000000888 ) ) ;
#1969 = ORIENTED_EDGE ( 'NONE', *, *, #1450, .T. ) ;
#1970 = EDGE_CURVE ( 'NONE', #1154, #1116, #400, .T. ) ;
#1971 = VERTEX_POINT ( 'NONE', #1485 ) ;
#1972 = CARTESIAN_POINT ( 'NONE',  ( -19.93596242740723667, -1.297383351905653459, -15.08508201890366429 ) ) ;
#1973 = CARTESIAN_POINT ( 'NONE',  ( -3.167054093573089535, -1.012106444156050777, -24.79861418205921808 ) ) ;
#1974 = ORIENTED_EDGE ( 'NONE', *, *, #1047, .T. ) ;
#1975 = CARTESIAN_POINT ( 'NONE',  ( -2.026791902597039119, 3.931153935674297273, -29.93220470587186810 ) ) ;
#1976 = ORIENTED_EDGE ( 'NONE', *, *, #320, .T. ) ;
#1977 = DIRECTION ( 'NONE',  ( 0.000000000000000000, 1.000000000000000000, 0.000000000000000000 ) ) ;
#1978 = DIRECTION ( 'NONE',  ( 1.000000000000000000, 0.000000000000000000, 0.000000000000000000 ) ) ;
#1979 = VERTEX_POINT ( 'NONE', #331 ) ;
#1980 = ORIENTED_EDGE ( 'NONE', *, *, #124, .F. ) ;
#1981 = CARTESIAN_POINT ( 'NONE',  ( -22.18238177863629090, -4.968651988986664492, -11.53460503097861611 ) ) ;
#1982 = EDGE_CURVE ( 'NONE', #2085, #1428, #849, .T. ) ;
#1983 = CARTESIAN_POINT ( 'NONE',  ( -3.263154805266854641, -0.2558840195685112007, -24.78612153437612520 ) ) ;
#1984 = AXIS2_PLACEMENT_3D ( 'NONE', #116, #1051, #895 ) ;
#1985 = EDGE_LOOP ( 'NONE', ( #154, #1565 ) ) ;
#1986 = CARTESIAN_POINT ( 'NONE',  ( -4.582576039861760542, -5.000000000000000000, 17.10240661031234310 ) ) ;
#1987 = DIRECTION ( 'NONE',  ( 0.000000000000000000, 0.000000000000000000, 1.000000000000000000 ) ) ;
#1988 = DIRECTION ( 'NONE',  ( 0.000000000000000000, 0.000000000000000000, 1.000000000000000000 ) ) ;
#1989 = ORIENTED_EDGE ( 'NONE', *, *, #656, .T. ) ;
#1990 = CARTESIAN_POINT ( 'NONE',  ( -24.41619401689213475, -3.062223675711534643, -17.43224920198082728 ) ) ;
#1991 = CIRCLE ( 'NONE', #2026, 25.00000000000000000 ) ;
#1992 = CARTESIAN_POINT ( 'NONE',  ( 21.88164567375794789, -4.502084435378629124, 12.09488815699739739 ) ) ;
#1993 = CARTESIAN_POINT ( 'NONE',  ( -0.4786676102899548035, -4.512843450242175258, -25.00000000000000711 ) ) ;
#1994 = ADVANCED_FACE ( 'NONE', ( #1769, #339 ), #1612, .F. ) ;
#1995 = DIRECTION ( 'NONE',  ( -0.1305261922200491587, 0.000000000000000000, -0.9914448613738108262 ) ) ;
#1996 = CARTESIAN_POINT ( 'NONE',  ( -1.635959224431894723E-17, 4.688642529591706243, -25.00000000000000000 ) ) ;
#1997 = AXIS2_PLACEMENT_3D ( 'NONE', #705, #1092, #551 ) ;
#1998 = EDGE_CURVE ( 'NONE', #240, #574, #1780, .T. ) ;
#1999 = CARTESIAN_POINT ( 'NONE',  ( -4.582576039861772976, 5.000000000000000000, -17.10240661031235021 ) ) ;
#2000 = DIRECTION ( 'NONE',  ( -1.776356839400250465E-15, 0.000000000000000000, 1.000000000000000000 ) ) ;
#2001 = AXIS2_PLACEMENT_3D ( 'NONE', #1731, #301, #965 ) ;
#2002 = ORIENTED_EDGE ( 'NONE', *, *, #2066, .F. ) ;
#2003 = CARTESIAN_POINT ( 'NONE',  ( -23.89901654541737486, -1.305397446586310073, -18.13397934899886721 ) ) ;
#2004 = AXIS2_PLACEMENT_3D ( 'NONE', #1956, #843, #1305 ) ;
#2005 = ORIENTED_EDGE ( 'NONE', *, *, #150, .T. ) ;
#2006 = CARTESIAN_POINT ( 'NONE',  ( 23.09698831269210118, -0.3314804394944279031, 9.567085809344677116 ) ) ;
#2007 = DIRECTION ( 'NONE',  ( 0.000000000000000000, 1.000000000000000000, -0.000000000000000000 ) ) ;
#2008 = CARTESIAN_POINT ( 'NONE',  ( 22.97250416640585158, 1.769051139805358774, 9.862456218833042243 ) ) ;
#2009 = EDGE_CURVE ( 'NONE', #468, #458, #1320, .T. ) ;
#2010 = CARTESIAN_POINT ( 'NONE',  ( 45.00000000000000000, 4.878909776184769953E-16, -24.14213562373095101 ) ) ;
#2011 = EDGE_CURVE ( 'NONE', #1834, #602, #1967, .T. ) ;
#2012 = DIRECTION ( 'NONE',  ( 1.000000000000000000, 0.000000000000000000, 0.000000000000000000 ) ) ;
#2013 = ORIENTED_EDGE ( 'NONE', *, *, #1694, .F. ) ;
#2014 = CARTESIAN_POINT ( 'NONE',  ( -25.39998447299106132, -4.499600077721468416, -15.96662671373283082 ) ) ;
#2015 = ORIENTED_EDGE ( 'NONE', *, *, #176, .T. ) ;
#2016 = CARTESIAN_POINT ( 'NONE',  ( -2.063157848969927599, -3.267125318534990441, 24.91533575510767662 ) ) ;
#2017 = CARTESIAN_POINT ( 'NONE',  ( 49.99999999999999289, 4.878909776184769953E-16, -24.14213562373095101 ) ) ;
#2018 = DIRECTION ( 'NONE',  ( 0.000000000000000000, 0.000000000000000000, 1.000000000000000000 ) ) ;
#2019 = CARTESIAN_POINT ( 'NONE',  ( 22.89730425937341352, 2.224435427495316198, 10.03640468641084915 ) ) ;
#2020 = CARTESIAN_POINT ( 'NONE',  ( -4.582576039861760542, -10.00000000000000000, 17.10240661031234310 ) ) ;
#2021 = AXIS2_PLACEMENT_3D ( 'NONE', #810, #1418, #1949 ) ;
#2022 = DIRECTION ( 'NONE',  ( 0.000000000000000000, 0.000000000000000000, 1.000000000000000000 ) ) ;
#2023 = EDGE_LOOP ( 'NONE', ( #2005, #537, #1348, #1430, #1989, #1875 ) ) ;
#2024 = EDGE_LOOP ( 'NONE', ( #1212, #624, #1610, #1845 ) ) ;
#2025 = CARTESIAN_POINT ( 'NONE',  ( -27.97529114175930331, -10.00000000000000000, -10.83434748998774033 ) ) ;
#2026 = AXIS2_PLACEMENT_3D ( 'NONE', #283, #1686, #1538 ) ;
#2027 = AXIS2_PLACEMENT_3D ( 'NONE', #1222, #1403, #756 ) ;
#2028 = CARTESIAN_POINT ( 'NONE',  ( 26.66340315939385519, -4.343901803587389310, 13.75275730930357376 ) ) ;
#2029 = DIRECTION ( 'NONE',  ( 0.000000000000000000, -1.000000000000000000, 0.000000000000000000 ) ) ;
#2030 = ORIENTED_EDGE ( 'NONE', *, *, #1072, .T. ) ;
#2031 = PLANE ( 'NONE',  #74 ) ;
#2032 = LINE ( 'NONE', #1064, #1452 ) ;
#2033 = CARTESIAN_POINT ( 'NONE',  ( -37.50000000000000711, 5.000000000000000000, 0.000000000000000000 ) ) ;
#2034 = EDGE_LOOP ( 'NONE', ( #1373, #464, #1608, #1382, #1080, #157, #2002, #2083 ) ) ;
#2035 = CARTESIAN_POINT ( 'NONE',  ( -1.635959224431894723E-17, 4.688642529591706243, -25.00000000000000000 ) ) ;
#2036 = DIRECTION ( 'NONE',  ( 0.000000000000000000, -1.000000000000000000, 0.000000000000000000 ) ) ;
#2037 = APPROVAL_PERSON_ORGANIZATION ( #622, #603, #2040 ) ;
#2038 = VECTOR ( 'NONE', #907, 1000.000000000000000 ) ;
#2039 = ADVANCED_FACE ( 'NONE', ( #88 ), #1655, .T. ) ;
#2040 = APPROVAL_ROLE ( '' ) ;
#2041 = CARTESIAN_POINT ( 'NONE',  ( 27.59252300977138361, -1.766892849300086166, 11.77525561933322251 ) ) ;
#2042 = VERTEX_POINT ( 'NONE', #1039 ) ;
#2043 = CARTESIAN_POINT ( 'NONE',  ( 21.58360087195016419, -4.747784448462258666, -12.61902259144702754 ) ) ;
#2044 = B_SPLINE_CURVE_WITH_KNOTS ( 'NONE', 3,
 ( #2035, #2048, #1417, #607, #598, #304, #589, #1913, #474, #1152, #691, #1335, #1327, #236, #401, #69 ),
 .UNSPECIFIED., .F., .F.,
 ( 4, 2, 2, 2, 2, 2, 2, 4 ),
 ( 0.001796419473349405299, 0.002559754230610962640, 0.003323088987872519981, 0.004086423745134078189, 0.004849758502395636398, 0.005613093259657193738, 0.006376428016918751947, 0.007903097531441869231 ),
 .UNSPECIFIED. ) ;
#2045 = DIRECTION ( 'NONE',  ( 0.000000000000000000, 0.000000000000000000, 1.000000000000000000 ) ) ;
#2046 = VECTOR ( 'NONE', #16, 1000.000000000000000 ) ;
#2047 = ORIENTED_EDGE ( 'NONE', *, *, #1128, .F. ) ;
#2048 = CARTESIAN_POINT ( 'NONE',  ( -0.2372274043172426239, 4.601516602583217264, -25.00000000000000355 ) ) ;
#2049 = CARTESIAN_POINT ( 'NONE',  ( -1.729940412540696526, 3.645960245930942811, 24.94336396045459381 ) ) ;
#2050 = DATE_AND_TIME ( #769, #1629 ) ;
#2051 = EDGE_CURVE ( 'NONE', #1503, #121, #54, .T. ) ;
#2052 = CARTESIAN_POINT ( 'NONE',  ( 27.45641916231831914, -2.509474265438094598, 12.09042037082607735 ) ) ;
#2053 = ORIENTED_EDGE ( 'NONE', *, *, #1398, .F. ) ;
#2054 = CARTESIAN_POINT ( 'NONE',  ( 22.39127315177175248, -3.775803322795934225, -11.12136761262800277 ) ) ;
#2055 = CIRCLE ( 'NONE', #1138, 29.99999999999999645 ) ;
#2056 = CARTESIAN_POINT ( 'NONE',  ( -24.53688460153191642, 3.314033288799776322, 17.26253337993606962 ) ) ;
#2057 = ORIENTED_EDGE ( 'NONE', *, *, #370, .F. ) ;
#2058 = CARTESIAN_POINT ( 'NONE',  ( -37.50000000000000711, -5.000000000000000000, 4.999999999999997335 ) ) ;
#2059 = CARTESIAN_POINT ( 'NONE',  ( -1.527192992127870852, -3.802099048815192894, 24.95411483059121593 ) ) ;
#2060 = DIRECTION ( 'NONE',  ( 0.3826834323650832315, 0.000000000000000000, -0.9238795325112895140 ) ) ;
#2061 = SECURITY_CLASSIFICATION_LEVEL ( 'unclassified' ) ;
#2062 = DIRECTION ( 'NONE',  ( 1.000000000000000000, 0.000000000000000000, 0.000000000000000000 ) ) ;
#2063 = EDGE_CURVE ( 'NONE', #1308, #1154, #1288, .T. ) ;
#2064 = ORIENTED_EDGE ( 'NONE', *, *, #29, .F. ) ;
#2065 = CARTESIAN_POINT ( 'NONE',  ( -39.57055236082010907, 5.000000000000000000, 7.727406610312566926 ) ) ;
#2066 = EDGE_CURVE ( 'NONE', #1213, #1619, #954, .T. ) ;
#2067 = CARTESIAN_POINT ( 'NONE',  ( -22.47691583950653538, 5.000000000000000000, 10.94478206012985844 ) ) ;
#2068 = ORIENTED_EDGE ( 'NONE', *, *, #2063, .T. ) ;
#2069 = CARTESIAN_POINT ( 'NONE',  ( 27.30486766466783521, -3.062223674112265037, -12.42891967652148111 ) ) ;
#2070 = DIRECTION ( 'NONE',  ( 6.493266539891791537E-17, -0.000000000000000000, -1.000000000000000000 ) ) ;
#2071 = VECTOR ( 'NONE', #1995, 999.9999999999998863 ) ;
#2072 = COORDINATED_UNIVERSAL_TIME_OFFSET ( 5, 30, .AHEAD. ) ;
#2073 = FACE_OUTER_BOUND ( 'NONE', #1948, .T. ) ;
#2074 = ORIENTED_EDGE ( 'NONE', *, *, #1010, .F. ) ;
#2075 = CARTESIAN_POINT ( 'NONE',  ( 21.08045186865060927, -4.968651987571278461, -13.44320362143943193 ) ) ;
#2076 = DIRECTION ( 'NONE',  ( -0.7933533402912337218, 0.000000000000000000, 0.6087614290087225433 ) ) ;
#2077 = CARTESIAN_POINT ( 'NONE',  ( -3.539528168104226324, 1.930609085916792589, -29.79061101813223544 ) ) ;
#2078 = CARTESIAN_POINT ( 'NONE',  ( -1.421438921305050007, 4.343916154348311132, 29.96756433519065155 ) ) ;
#2079 = CC_DESIGN_PERSON_AND_ORGANIZATION_ASSIGNMENT ( #442, #1078, ( #1251 ) ) ;
#2080 = EDGE_CURVE ( 'NONE', #558, #1229, #1364, .T. ) ;
#2081 = ORIENTED_EDGE ( 'NONE', *, *, #1309, .F. ) ;
#2082 = CARTESIAN_POINT ( 'NONE',  ( 26.52749658621106477, -4.499600075547661504, -14.01371844702000224 ) ) ;
#2083 = ORIENTED_EDGE ( 'NONE', *, *, #1128, .T. ) ;
#2084 = FACE_BOUND ( 'NONE', #1813, .T. ) ;
#2085 = VERTEX_POINT ( 'NONE', #1008 ) ;
#2086 = CARTESIAN_POINT ( 'NONE',  ( 22.02244437363620477, -4.346812540241330680, -11.83586665250706460 ) ) ;
#2087 = CARTESIAN_POINT ( 'NONE',  ( -26.51151543214628958, 5.000000000000000000, 14.04063921233891321 ) ) ;
#2088 = CARTESIAN_POINT ( 'NONE',  ( 26.31046767135664410, -4.686161850444227284, -14.41465871519140585 ) ) ;
#2089 = ORIENTED_EDGE ( 'NONE', *, *, #1617, .F. ) ;
#2090 = CARTESIAN_POINT ( 'NONE',  ( -24.10710955576723435, 2.221880979633411801, -17.85673971483434386 ) ) ;
#2091 = CARTESIAN_POINT ( 'NONE',  ( -1.913417161825471391, -5.000000000000000000, -4.619397662556564477 ) ) ;
#2092 = ORIENTED_EDGE ( 'NONE', *, *, #1970, .F. ) ;
#2093 = DIRECTION ( 'NONE',  ( 1.000000000000000000, 0.000000000000000000, 0.000000000000000000 ) ) ;
#2094 = AXIS2_PLACEMENT_3D ( 'NONE', #885, #1858, #408 ) ;
#2095 = CARTESIAN_POINT ( 'NONE',  ( 0.000000000000000000, 10.00000000000000000, 0.000000000000000000 ) ) ;
#2096 = CARTESIAN_POINT ( 'NONE',  ( -20.82860954988046842, -3.778299197026586675, 13.82834240347322208 ) ) ;
#2097 = AXIS2_PLACEMENT_3D ( 'NONE', #422, #1057, #264 ) ;
#2098 = CARTESIAN_POINT ( 'NONE',  ( -3.257569750040142154, 2.509523630050548348, 29.82316981283388913 ) ) ;
ENDSEC;
END-ISO-10303-21;
