ISO-10303-21;
HEADER;
FILE_DESCRIPTION (( 'STEP AP203' ),
    '1' );
FILE_NAME ('CSWP_18_25.STEP',
    '2026-08-04T15:50:33',
    ( '' ),
    ( '' ),
    'SwSTEP 2.0',
    'SolidWorks 2026',
    '' );
FILE_SCHEMA (( 'CONFIG_CONTROL_DESIGN' ));
ENDSEC;

DATA;
#1 = VERTEX_POINT ( 'NONE', #396 ) ;
#2 = DIRECTION ( 'NONE',  ( 0.000000000000000000, 0.000000000000000000, -1.000000000000000000 ) ) ;
#3 = EDGE_CURVE ( 'NONE', #3606, #2859, #101, .T. ) ;
#4 = VECTOR ( 'NONE', #3187, 1000.000000000000000 ) ;
#5 = DIRECTION ( 'NONE',  ( 0.000000000000000000, 0.000000000000000000, 1.000000000000000000 ) ) ;
#6 = CARTESIAN_POINT ( 'NONE',  ( 5.678697002567633767, 29.38913351690056786, -9.037811760968361696 ) ) ;
#7 = CARTESIAN_POINT ( 'NONE',  ( 11.82508361656680407, 11.58266369975986443, -17.94342515349758571 ) ) ;
#8 = EDGE_LOOP ( 'NONE', ( #2508, #1382, #2251, #1011 ) ) ;
#9 = CARTESIAN_POINT ( 'NONE',  ( 12.15037700523041053, 5.607329420814126664, 13.85059506184381029 ) ) ;
#10 = DIRECTION ( 'NONE',  ( 0.000000000000000000, 0.000000000000000000, -1.000000000000000000 ) ) ;
#11 = PERSON_AND_ORGANIZATION ( #3575, #2105 ) ;
#12 = PLANE ( 'NONE',  #3023 ) ;
#13 = ORIENTED_EDGE ( 'NONE', *, *, #452, .F. ) ;
#14 = DIRECTION ( 'NONE',  ( 0.000000000000000000, 1.000000000000000000, 0.000000000000000000 ) ) ;
#15 = CARTESIAN_POINT ( 'NONE',  ( -12.00393059422011355, 11.97975029348421749, -18.03774813976716374 ) ) ;
#16 = CARTESIAN_POINT ( 'NONE',  ( 7.141428428542837992, 24.00000000000000000, -10.57312005391655774 ) ) ;
#17 = DIRECTION ( 'NONE',  ( 0.000000000000000000, 0.000000000000000000, 1.000000000000000000 ) ) ;
#18 = CARTESIAN_POINT ( 'NONE',  ( -7.954379980385381188, 6.683656378983673818, 16.26937433510075692 ) ) ;
#19 = ORIENTED_EDGE ( 'NONE', *, *, #1243, .T. ) ;
#20 = CARTESIAN_POINT ( 'NONE',  ( -2.907958651962845309, 29.86805643343649663, 7.467632433489788113 ) ) ;
#21 = EDGE_CURVE ( 'NONE', #3606, #2561, #1403, .T. ) ;
#22 = AXIS2_PLACEMENT_3D ( 'NONE', #3158, #2500, #1857 ) ;
#23 = DIRECTION ( 'NONE',  ( -0.4302266903854707336, -0.8842691673947767894, -0.1815847859125666319 ) ) ;
#24 = CARTESIAN_POINT ( 'NONE',  ( 17.30803215376621296, 16.58289234300443127, -15.89997319000817022 ) ) ;
#25 = CARTESIAN_POINT ( 'NONE',  ( -31.00000000000000000, 28.00000000000000000, 13.96424004376894068 ) ) ;
#26 = AXIS2_PLACEMENT_3D ( 'NONE', #3672, #769, #2075 ) ;
#27 = FACE_BOUND ( 'NONE', #910, .T. ) ;
#28 = AXIS2_PLACEMENT_3D ( 'NONE', #206, #1505, #2806 ) ;
#29 = ORIENTED_EDGE ( 'NONE', *, *, #4007, .F. ) ;
#30 = CARTESIAN_POINT ( 'NONE',  ( 4.000598984736038588, 1.430083867844552659, 12.16046729720751252 ) ) ;
#31 = CARTESIAN_POINT ( 'NONE',  ( 0.000000000000000000, 30.00000000000000000, -51.96152422706631313 ) ) ;
#32 = PERSON_AND_ORGANIZATION_ROLE ( 'creator' ) ;
#33 = CARTESIAN_POINT ( 'NONE',  ( -12.69185818179420977, 14.09058185414803432, 13.77376354304905881 ) ) ;
#34 = EDGE_LOOP ( 'NONE', ( #2645, #1642, #3458, #2539 ) ) ;
#35 = DIRECTION ( 'NONE',  ( -0.000000000000000000, -1.000000000000000000, -0.000000000000000000 ) ) ;
#36 = CARTESIAN_POINT ( 'NONE',  ( -12.28831404729483623, 12.66410449404778049, -13.68383911524299812 ) ) ;
#37 = CARTESIAN_POINT ( 'NONE',  ( 28.99999999999981526, 25.03482898272063295, -17.84463380296329760 ) ) ;
#38 = DIRECTION ( 'NONE',  ( -0.000000000000000000, -1.000000000000000000, -0.000000000000000000 ) ) ;
#39 = AXIS2_PLACEMENT_3D ( 'NONE', #3861, #930, #4179 ) ;
#40 = ORIENTED_EDGE ( 'NONE', *, *, #1031, .F. ) ;
#41 = CARTESIAN_POINT ( 'NONE',  ( 12.03317727667555559, 21.98181818181817349, -13.62345556346797437 ) ) ;
#42 = CARTESIAN_POINT ( 'NONE',  ( -9.662529898438075193, 14.40322344961237988, 11.08799803539622175 ) ) ;
#43 = EDGE_CURVE ( 'NONE', #1968, #3994, #1653, .T. ) ;
#44 = CARTESIAN_POINT ( 'NONE',  ( -12.10693169393713298, 5.567826423755460219, 13.83683507253345368 ) ) ;
#45 = CARTESIAN_POINT ( 'NONE',  ( 31.00000000000000355, 24.52572923158695772, 17.94611691583699198 ) ) ;
#46 = DIRECTION ( 'NONE',  ( -0.000000000000000000, -1.000000000000000000, 0.000000000000000000 ) ) ;
#47 = CARTESIAN_POINT ( 'NONE',  ( -20.99999999999999645, 24.00000000000000000, -15.58845726811989785 ) ) ;
#48 = AXIS2_PLACEMENT_3D ( 'NONE', #3595, #418, #3284 ) ;
#49 = CARTESIAN_POINT ( 'NONE',  ( -11.00487167697001389, 23.92921801484757083, -17.39675292428066911 ) ) ;
#50 = EDGE_LOOP ( 'NONE', ( #2335, #3010, #3138, #2741 ) ) ;
#51 = CARTESIAN_POINT ( 'NONE',  ( 9.872239462154738021, 8.537571103171444520, 17.01274282921088243 ) ) ;
#52 = CYLINDRICAL_SURFACE ( 'NONE', #620, 41.99999999999999289 ) ;
#53 = AXIS2_PLACEMENT_3D ( 'NONE', #4022, #1135, #4044 ) ;
#54 = EDGE_CURVE ( 'NONE', #3877, #1975, #3476, .T. ) ;
#55 = CARTESIAN_POINT ( 'NONE',  ( -12.54476894740676229, 13.54627369848991236, 18.33614331279276399 ) ) ;
#56 = ORIENTED_EDGE ( 'NONE', *, *, #2229, .T. ) ;
#57 = CARTESIAN_POINT ( 'NONE',  ( -9.499948118232893535, 20.18935920503322734, -11.04924560309638615 ) ) ;
#58 = CARTESIAN_POINT ( 'NONE',  ( -15.97196586312605859, 10.82123113052548646, -15.28717170047402085 ) ) ;
#59 = CARTESIAN_POINT ( 'NONE',  ( 5.330878760245851389, 25.46700554424604945, -10.02440782836474575 ) ) ;
#60 = CARTESIAN_POINT ( 'NONE',  ( -9.012550919060910104, 28.35314557324299756, 11.08136637285245563 ) ) ;
#61 = VERTEX_POINT ( 'NONE', #522 ) ;
#62 = EDGE_LOOP ( 'NONE', ( #1370, #1846, #2637, #2881 ) ) ;
#63 = LINE ( 'NONE', #3906, #2848 ) ;
#64 = CARTESIAN_POINT ( 'NONE',  ( -30.00000000000000000, 28.00000000000000000, 0.000000000000000000 ) ) ;
#65 = CARTESIAN_POINT ( 'NONE',  ( 31.00000000000000000, 28.00000000000308731, 13.96424004376921069 ) ) ;
#66 = CARTESIAN_POINT ( 'NONE',  ( -3.593393782136306225, 26.33764002205652943, 9.361039541070294234 ) ) ;
#67 = CARTESIAN_POINT ( 'NONE',  ( -13.00000000000000178, 16.99999999997615063, -18.59986959184175603 ) ) ;
#68 = CARTESIAN_POINT ( 'NONE',  ( -10.81905987381122536, 24.21532616977329866, -17.23406361323934632 ) ) ;
#69 = ORIENTED_EDGE ( 'NONE', *, *, #2523, .T. ) ;
#70 = DIRECTION ( 'NONE',  ( 0.000000000000000000, 0.000000000000000000, -1.000000000000000000 ) ) ;
#71 = DIRECTION ( 'NONE',  ( 0.000000000000000000, 0.000000000000000000, -1.000000000000000000 ) ) ;
#72 = EDGE_CURVE ( 'NONE', #2815, #2073, #2614, .T. ) ;
#73 = CARTESIAN_POINT ( 'NONE',  ( -12.03317727667555204, 21.98181818181817349, 13.62345556346797260 ) ) ;
#74 = ORIENTED_EDGE ( 'NONE', *, *, #1552, .T. ) ;
#75 = CARTESIAN_POINT ( 'NONE',  ( 30.00000000000000000, 30.00000000000000000, 0.000000000000000000 ) ) ;
#76 = CARTESIAN_POINT ( 'NONE',  ( -9.692229046108018053, 8.331997966450492399, -16.93640461211140291 ) ) ;
#77 = CARTESIAN_POINT ( 'NONE',  ( 0.3458079565826018276, 26.99549473496464103, -8.613448395118943779 ) ) ;
#78 = CARTESIAN_POINT ( 'NONE',  ( -6.914045646733242734, 5.983160642012650854, 15.95068912137726258 ) ) ;
#79 = ORIENTED_EDGE ( 'NONE', *, *, #3544, .F. ) ;
#80 = ORIENTED_EDGE ( 'NONE', *, *, #3358, .F. ) ;
#81 = DIRECTION ( 'NONE',  ( -0.000000000000000000, -1.000000000000000000, 0.000000000000000000 ) ) ;
#82 = CYLINDRICAL_SURFACE ( 'NONE', #3631, 13.00000000000000178 ) ;
#83 = CARTESIAN_POINT ( 'NONE',  ( -17.02153435727473507, 14.13271781666909988, 15.76381057304228328 ) ) ;
#84 = DIRECTION ( 'NONE',  ( -0.000000000000000000, -1.000000000000000000, -0.000000000000000000 ) ) ;
#85 = PRODUCT_DEFINITION_SHAPE ( 'NONE', 'NONE',  #3351 ) ;
#86 = CARTESIAN_POINT ( 'NONE',  ( 9.475446449098351209, 26.01665417988229834, 12.98819179148309111 ) ) ;
#87 = CARTESIAN_POINT ( 'NONE',  ( -7.070129410388164892, 27.92469190468477436, -13.22564166221737381 ) ) ;
#88 = ORIENTED_EDGE ( 'NONE', *, *, #2047, .F. ) ;
#89 = CARTESIAN_POINT ( 'NONE',  ( 7.998959344823792783, 23.03558215411426602, -10.72869417581548745 ) ) ;
#90 = CARTESIAN_POINT ( 'NONE',  ( -30.00000000000000000, 24.00000000000000000, 0.000000000000000000 ) ) ;
#91 = AXIS2_PLACEMENT_3D ( 'NONE', #1056, #391, #430 ) ;
#92 = EDGE_CURVE ( 'NONE', #3525, #3994, #1192, .T. ) ;
#93 = EDGE_CURVE ( 'NONE', #3166, #923, #4017, .T. ) ;
#94 = CARTESIAN_POINT ( 'NONE',  ( -13.01055251721232686, 16.82766581189309107, 18.60607525348177660 ) ) ;
#95 = ORIENTED_EDGE ( 'NONE', *, *, #1272, .F. ) ;
#96 = DIRECTION ( 'NONE',  ( 0.000000000000000000, 0.000000000000000000, -1.000000000000000000 ) ) ;
#97 = DIRECTION ( 'NONE',  ( 0.000000000000000000, 0.000000000000000000, 1.000000000000000000 ) ) ;
#98 = PLANE ( 'NONE',  #3968 ) ;
#99 = FACE_OUTER_BOUND ( 'NONE', #2101, .T. ) ;
#100 = ORIENTED_EDGE ( 'NONE', *, *, #103, .T. ) ;
#101 = LINE ( 'NONE', #3929, #2877 ) ;
#102 = CARTESIAN_POINT ( 'NONE',  ( 12.90372532121631366, 6.339584169174161232, -14.09912864002802735 ) ) ;
#103 = EDGE_CURVE ( 'NONE', #2401, #2190, #1520, .T. ) ;
#104 = AXIS2_PLACEMENT_3D ( 'NONE', #1852, #1474, #211 ) ;
#105 = DIRECTION ( 'NONE',  ( 0.000000000000000000, 0.000000000000000000, 1.000000000000000000 ) ) ;
#106 = CARTESIAN_POINT ( 'NONE',  ( -17.20523756462721110, 18.68622173251409535, 15.85082333568713864 ) ) ;
#107 = LINE ( 'NONE', #2002, #2824 ) ;
#108 = VECTOR ( 'NONE', #3564, 1000.000000000000000 ) ;
#109 = CARTESIAN_POINT ( 'NONE',  ( 11.69237295972149226, 22.83092471043730143, 13.89476539356322782 ) ) ;
#110 = CARTESIAN_POINT ( 'NONE',  ( -15.55404818371693842, 23.99999999999998934, -15.10950141828942783 ) ) ;
#111 = ORIENTED_EDGE ( 'NONE', *, *, #43, .F. ) ;
#112 = CARTESIAN_POINT ( 'NONE',  ( 9.935712823173934893, 18.30353035349061486, -11.15345896104129508 ) ) ;
#113 = FACE_OUTER_BOUND ( 'NONE', #2359, .T. ) ;
#114 = CARTESIAN_POINT ( 'NONE',  ( -9.724911886935736050, 8.328881147542924523, 13.07732782155990492 ) ) ;
#115 = ORIENTED_EDGE ( 'NONE', *, *, #1770, .T. ) ;
#116 = CIRCLE ( 'NONE', #3704, 4.000000000000001776 ) ;
#117 = CARTESIAN_POINT ( 'NONE',  ( 28.99999999999981171, 24.00000000000000000, -17.97220075561141783 ) ) ;
#118 = CARTESIAN_POINT ( 'NONE',  ( 28.99999999999999645, 27.47138770719884349, 15.97304807789340053 ) ) ;
#119 = DIRECTION ( 'NONE',  ( 0.000000000000000000, 0.000000000000000000, 1.000000000000000000 ) ) ;
#120 = CARTESIAN_POINT ( 'NONE',  ( 47.15002632247913539, 26.44152756656971093, -0.9999999999999983347 ) ) ;
#121 = ORIENTED_EDGE ( 'NONE', *, *, #3317, .F. ) ;
#122 = CARTESIAN_POINT ( 'NONE',  ( -22.99999999999999645, 24.00000000000000000, -12.12435565298214435 ) ) ;
#123 = CARTESIAN_POINT ( 'NONE',  ( 12.41217799918001141, 5.851375295848693092, -13.93515227191593908 ) ) ;
#124 = EDGE_CURVE ( 'NONE', #2964, #1320, #2066, .T. ) ;
#125 = CARTESIAN_POINT ( 'NONE',  ( 0.000000000000000000, 17.00000000000000000, -20.00000000000000000 ) ) ;
#126 = DIRECTION ( 'NONE',  ( 0.000000000000000000, 1.000000000000000000, -0.000000000000000000 ) ) ;
#127 = CARTESIAN_POINT ( 'NONE',  ( 31.00000000000000355, 27.97387281242361823, 14.49115542382691402 ) ) ;
#128 = ADVANCED_FACE ( 'NONE', ( #225 ), #1807, .T. ) ;
#129 = CARTESIAN_POINT ( 'NONE',  ( 12.03317727667555026, 21.98181818181819125, 13.62345556346797437 ) ) ;
#130 = CARTESIAN_POINT ( 'NONE',  ( -11.36004713922718956, 23.33013364143293700, -17.67468819827842808 ) ) ;
#131 = VERTEX_POINT ( 'NONE', #3387 ) ;
#132 = CARTESIAN_POINT ( 'NONE',  ( 17.29945377097443426, 16.76834166126183590, 15.89590476236318928 ) ) ;
#133 = CARTESIAN_POINT ( 'NONE',  ( -23.00000000000000000, 30.00000000000000000, 12.12435565298214080 ) ) ;
#134 = CARTESIAN_POINT ( 'NONE',  ( -1.856389075961939250, 1.088744765930632408, 12.00294125692102831 ) ) ;
#135 = VERTEX_POINT ( 'NONE', #2786 ) ;
#136 = DIRECTION ( 'NONE',  ( 0.000000000000000000, 0.000000000000000000, 1.000000000000000000 ) ) ;
#137 = CARTESIAN_POINT ( 'NONE',  ( -12.40487398671363906, 20.89813516134793403, -18.25816326763175113 ) ) ;
#138 = DIRECTION ( 'NONE',  ( 0.000000000000000000, 0.000000000000000000, 1.000000000000000000 ) ) ;
#139 = DIRECTION ( 'NONE',  ( 0.000000000000000000, 0.000000000000000000, -1.000000000000000000 ) ) ;
#140 = ORIENTED_EDGE ( 'NONE', *, *, #3642, .F. ) ;
#141 = LINE ( 'NONE', #798, #1587 ) ;
#142 = CARTESIAN_POINT ( 'NONE',  ( 0.000000000000000000, 17.00000000000000000, 20.00000000000000000 ) ) ;
#143 = CARTESIAN_POINT ( 'NONE',  ( 12.90286995066588105, 18.69005755643788191, -13.81621279572485328 ) ) ;
#144 = B_SPLINE_CURVE_WITH_KNOTS ( 'NONE', 3,
 ( #434, #1804, #3108, #1128, #204, #1171, #1150, #1739, #2740, #1759, #796, #1190, #2100, #1503 ),
 .UNSPECIFIED., .F., .F.,
 ( 4, 2, 2, 2, 2, 2, 4 ),
 ( 2.778548539295149428E-07, 0.002049851677841418949, 0.003074638589335167670, 0.004099425500828916824, 0.006148999323816413398, 0.007173786235310162553, 0.008198573146803909972 ),
 .UNSPECIFIED. ) ;
#145 = CARTESIAN_POINT ( 'NONE',  ( 3.304743073058657998, 26.46006481131579591, 9.253219392468151838 ) ) ;
#146 = CARTESIAN_POINT ( 'NONE',  ( 2.841119903432359983, 29.69805869893364658, -8.708478276485836389 ) ) ;
#147 = CARTESIAN_POINT ( 'NONE',  ( 1.315495351185835604, 7.065417984375102378, -9.977235534028306319 ) ) ;
#148 = CARTESIAN_POINT ( 'NONE',  ( 31.00000000000000000, 0.000000000000000000, -11.00000000000002132 ) ) ;
#149 = ADVANCED_FACE ( 'NONE', ( #164 ), #186, .F. ) ;
#150 = CARTESIAN_POINT ( 'NONE',  ( -16.83748174289071287, 13.08196389734992060, -15.67396376189184437 ) ) ;
#151 = ORIENTED_EDGE ( 'NONE', *, *, #535, .F. ) ;
#152 = CARTESIAN_POINT ( 'NONE',  ( -12.66692523685063243, 26.52919786160454052, 13.43374127936721507 ) ) ;
#153 = CIRCLE ( 'NONE', #1920, 46.00000000000000000 ) ;
#154 = CARTESIAN_POINT ( 'NONE',  ( 0.000000000000000000, 30.00000000000000000, 9.961524227066316683 ) ) ;
#155 = CARTESIAN_POINT ( 'NONE',  ( -1.485022517971787748, 1.055389112103182869, 11.98738768095955542 ) ) ;
#156 = ORIENTED_EDGE ( 'NONE', *, *, #1547, .T. ) ;
#157 = CARTESIAN_POINT ( 'NONE',  ( -30.99999999999980815, 24.26210319296686890, -17.97220075561146402 ) ) ;
#158 = CARTESIAN_POINT ( 'NONE',  ( 28.99999999999999645, 24.52572923158695772, 17.94611691583699198 ) ) ;
#159 = AXIS2_PLACEMENT_3D ( 'NONE', #618, #2856, #1228 ) ;
#160 = DIRECTION ( 'NONE',  ( 0.000000000000000000, 1.000000000000000000, 0.000000000000000000 ) ) ;
#161 = CARTESIAN_POINT ( 'NONE',  ( 0.000000000000000000, 24.00000000000000000, -5.961524227066313131 ) ) ;
#162 = EDGE_LOOP ( 'NONE', ( #3713, #2313, #521, #257 ) ) ;
#163 = CLOSED_SHELL ( 'NONE', ( #4105, #3867, #667, #2518, #2565, #1010, #634, #128, #2670, #2130, #4000, #1732, #1426, #1827, #1427, #3306, #3915, #2254, #1273, #1434, #2728, #2540, #713, #2901, #4082, #564, #2278, #921, #3797, #4031, #1218, #3834, #2444, #787, #1607, #3359, #655, #877, #485, #1999, #2956, #1298, #2850, #1815, #1966, #2363, #2762, #3238, #483, #2977, #3693, #1508, #3583, #977, #1199, #3844, #2331, #2880, #1980, #302, #2503, #1745, #2332, #2098, #1398, #3977, #1297, #3976, #2370, #2831, #3791, #3869, #508, #1625, #2497, #3441, #4149, #149, #509, #684, #3182, #2923, #801, #201, #3747, #1071 ) ) ;
#164 = FACE_OUTER_BOUND ( 'NONE', #1358, .T. ) ;
#165 = CARTESIAN_POINT ( 'NONE',  ( 13.00625706428787254, 17.37905442740119000, -18.60352017642222577 ) ) ;
#166 = CARTESIAN_POINT ( 'NONE',  ( 30.00000000000000000, 27.99999999999999645, 0.000000000000000000 ) ) ;
#167 = CARTESIAN_POINT ( 'NONE',  ( 15.64935114477509437, 10.17573208490771108, 15.14944460613892474 ) ) ;
#168 = CARTESIAN_POINT ( 'NONE',  ( -2.594455546556072800, 7.336810041704021401, -10.04054452592020041 ) ) ;
#169 = CARTESIAN_POINT ( 'NONE',  ( -47.97220075561143915, 24.26316777965513083, -0.9999999999999981126 ) ) ;
#170 = AXIS2_PLACEMENT_3D ( 'NONE', #2911, #335, #2851 ) ;
#171 = EDGE_CURVE ( 'NONE', #1968, #3733, #3406, .T. ) ;
#172 = CARTESIAN_POINT ( 'NONE',  ( -17.12350512912611222, 19.36760036176418964, -15.81168533012933253 ) ) ;
#173 = AXIS2_PLACEMENT_3D ( 'NONE', #1251, #3447, #2222 ) ;
#174 = ORIENTED_EDGE ( 'NONE', *, *, #1597, .F. ) ;
#175 = CARTESIAN_POINT ( 'NONE',  ( -8.480244978450913962, 26.93713363223097090, 12.28918114349666268 ) ) ;
#176 = LINE ( 'NONE', #2817, #626 ) ;
#177 = CARTESIAN_POINT ( 'NONE',  ( 30.00000000000000355, 30.00000000000000000, 20.00000000000000000 ) ) ;
#178 = EDGE_CURVE ( 'NONE', #568, #1610, #141, .T. ) ;
#179 = CARTESIAN_POINT ( 'NONE',  ( -7.885016983814190361, 6.572263136958041763, 12.68894451432978876 ) ) ;
#180 = VERTEX_POINT ( 'NONE', #2121 ) ;
#181 = CARTESIAN_POINT ( 'NONE',  ( -28.99999999999998934, 27.47149313299148332, 15.97286779266253021 ) ) ;
#182 = CARTESIAN_POINT ( 'NONE',  ( -12.74910423863871145, 19.60294610174877050, -13.78534221450175856 ) ) ;
#183 = CARTESIAN_POINT ( 'NONE',  ( 47.44073933046757219, 26.00785047182295529, -0.9999999999999981126 ) ) ;
#184 = TOROIDAL_SURFACE ( 'NONE', #1676, 46.00000000000000000, 6.000000000000000000 ) ;
#185 = EDGE_LOOP ( 'NONE', ( #2673, #2383, #3184, #390 ) ) ;
#186 = PLANE ( 'NONE',  #766 ) ;
#187 = CARTESIAN_POINT ( 'NONE',  ( 12.21014241050799498, 12.50423803736483919, -18.15007267303677096 ) ) ;
#188 = CARTESIAN_POINT ( 'NONE',  ( -12.44099329583548297, 20.89656189482052184, 18.27720210177253080 ) ) ;
#189 = CIRCLE ( 'NONE', #1077, 9.999999999999994671 ) ;
#190 = CARTESIAN_POINT ( 'NONE',  ( 1.157591054140762354, 29.96087631906183901, -7.046859554828698080 ) ) ;
#191 = CARTESIAN_POINT ( 'NONE',  ( 0.6630660132581792654, 6.999996028399058545, -9.961523281447034250 ) ) ;
#192 = CARTESIAN_POINT ( 'NONE',  ( 20.00000000000000000, 24.00000000000000000, -17.32050807568877460 ) ) ;
#193 = CYLINDRICAL_SURFACE ( 'NONE', #3496, 39.99999999999999289 ) ;
#194 = CARTESIAN_POINT ( 'NONE',  ( 0.7126408932360752679, 1.010225720905376434, -11.96630830569401382 ) ) ;
#195 = ORIENTED_EDGE ( 'NONE', *, *, #4104, .F. ) ;
#196 = CARTESIAN_POINT ( 'NONE',  ( -11.36004713922673837, 23.33013364143369728, 17.67468819828077642 ) ) ;
#197 = DIRECTION ( 'NONE',  ( 0.000000000000000000, 0.000000000000000000, 1.000000000000000000 ) ) ;
#198 = CARTESIAN_POINT ( 'NONE',  ( 0.000000000000000000, 24.00000000000000000, -51.96152422706631313 ) ) ;
#199 = CARTESIAN_POINT ( 'NONE',  ( -11.57351177894460115, 11.01405961808331924, 13.51288190848527293 ) ) ;
#200 = ORIENTED_EDGE ( 'NONE', *, *, #2978, .F. ) ;
#201 = ADVANCED_FACE ( 'NONE', ( #2488 ), #3781, .F. ) ;
#202 = CARTESIAN_POINT ( 'NONE',  ( -29.00000000000000000, 28.00000000000000711, 14.22627661360253626 ) ) ;
#203 = TOROIDAL_SURFACE ( 'NONE', #1965, 14.00000000000000000, 4.000000000000000000 ) ;
#204 = CARTESIAN_POINT ( 'NONE',  ( -5.051534614162848769, 25.63641090947882617, -9.916924797067673936 ) ) ;
#205 = ORIENTED_EDGE ( 'NONE', *, *, #2803, .F. ) ;
#206 = CARTESIAN_POINT ( 'NONE',  ( 0.000000000000000000, 0.000000000000000000, -51.96152422706631313 ) ) ;
#207 = CARTESIAN_POINT ( 'NONE',  ( -1.096492147530115924, 4.034586775687861504, -14.97999346006041854 ) ) ;
#208 = CARTESIAN_POINT ( 'NONE',  ( -0.3353742705358083720, 26.99585503324374258, 8.612956910174437652 ) ) ;
#209 = CARTESIAN_POINT ( 'NONE',  ( 11.33771871466121084, 23.37094802587915510, -17.65920872603839697 ) ) ;
#210 = CARTESIAN_POINT ( 'NONE',  ( 9.471228083113551577, 13.77456613823195752, -11.04324642354814756 ) ) ;
#211 = DIRECTION ( 'NONE',  ( -1.892425610156517368E-15, 0.000000000000000000, 1.000000000000000000 ) ) ;
#212 = CARTESIAN_POINT ( 'NONE',  ( 1.177320043725651244, 30.00000000000000355, 7.048599852741951999 ) ) ;
#213 = EDGE_LOOP ( 'NONE', ( #3258, #636, #4016 ) ) ;
#214 = EDGE_CURVE ( 'NONE', #2132, #3626, #3810, .T. ) ;
#215 = DIRECTION ( 'NONE',  ( -0.000000000000000000, -1.000000000000000000, -0.000000000000000000 ) ) ;
#216 = CARTESIAN_POINT ( 'NONE',  ( 1.096492147530262473, 4.034586775687881044, 14.97999346006043453 ) ) ;
#217 = CIRCLE ( 'NONE', #3066, 18.00000000000000355 ) ;
#218 = EDGE_LOOP ( 'NONE', ( #115, #1741, #56, #2193, #1760, #3645, #1560 ) ) ;
#219 = CARTESIAN_POINT ( 'NONE',  ( -29.99999999999999645, 24.00000000000000000, 20.00000000000000000 ) ) ;
#220 = AXIS2_PLACEMENT_3D ( 'NONE', #3192, #3765, #1890 ) ;
#221 = EDGE_CURVE ( 'NONE', #1975, #1921, #362, .T. ) ;
#222 = EDGE_CURVE ( 'NONE', #3030, #542, #2711, .T. ) ;
#223 = DIRECTION ( 'NONE',  ( -0.000000000000000000, 1.000000000000000000, -0.000000000000000000 ) ) ;
#224 = ORIENTED_EDGE ( 'NONE', *, *, #2978, .T. ) ;
#225 = FACE_OUTER_BOUND ( 'NONE', #2775, .T. ) ;
#226 = CARTESIAN_POINT ( 'NONE',  ( -0.6009834157678554112, 3.999670533435056186, -11.96142101510924149 ) ) ;
#227 = CARTESIAN_POINT ( 'NONE',  ( 3.534947793703600905, 7.639889556942149440, 10.10944419377590187 ) ) ;
#228 = AXIS2_PLACEMENT_3D ( 'NONE', #75, #1377, #1988 ) ;
#229 = CARTESIAN_POINT ( 'NONE',  ( 9.352766987720647407, 3.524764537346438686, 13.06573562222783025 ) ) ;
#230 = CARTESIAN_POINT ( 'NONE',  ( 30.00000000000000000, 24.00000000000000000, 0.000000000000000000 ) ) ;
#231 = DIRECTION ( 'NONE',  ( 0.000000000000000000, 0.000000000000000000, 1.000000000000000000 ) ) ;
#232 = CARTESIAN_POINT ( 'NONE',  ( -13.99258406577468605, 7.570218804104651866, -14.48631040452787033 ) ) ;
#233 = ORIENTED_EDGE ( 'NONE', *, *, #1925, .T. ) ;
#234 = DIRECTION ( 'NONE',  ( -0.000000000000000000, 1.000000000000000000, -0.000000000000000000 ) ) ;
#235 = CARTESIAN_POINT ( 'NONE',  ( 11.12976565082521851, 27.41881123150307786, -12.43790743244284869 ) ) ;
#236 = CARTESIAN_POINT ( 'NONE',  ( -30.00000000000000000, 30.00000000000000000, 0.000000000000000000 ) ) ;
#237 = TOROIDAL_SURFACE ( 'NONE', #1530, 46.00000000000000000, 6.000000000000000000 ) ;
#238 = EDGE_LOOP ( 'NONE', ( #3920, #2723, #3688, #1987 ) ) ;
#239 = CARTESIAN_POINT ( 'NONE',  ( 30.00000000000000000, 28.00000000000000000, 0.000000000000000000 ) ) ;
#240 = CARTESIAN_POINT ( 'NONE',  ( -30.00000000000000000, 24.00000000000000000, 0.000000000000000000 ) ) ;
#241 = CARTESIAN_POINT ( 'NONE',  ( -45.74074826167029073, 27.59550163431901026, 1.000000000000001776 ) ) ;
#242 = ORIENTED_EDGE ( 'NONE', *, *, #738, .F. ) ;
#243 = B_SPLINE_CURVE_WITH_KNOTS ( 'NONE', 3,
 ( #2399, #3969, #1779, #3342, #2196, #2764, #1535, #1225, #3384, #573, #1399, #2421, #432, #4014, #4112, #3403, #2739, #2696 ),
 .UNSPECIFIED., .F., .F.,
 ( 4, 2, 2, 2, 2, 2, 2, 2, 4 ),
 ( 0.002353990887179758292, 0.003136233814950351983, 0.003918476742720946107, 0.004700719670491539798, 0.005482962598262133488, 0.006265205526032727179, 0.007047448453803320870, 0.007829691381573914560, 0.008611934309344508251 ),
 .UNSPECIFIED. ) ;
#244 = DIRECTION ( 'NONE',  ( 0.000000000000000000, 0.000000000000000000, -1.000000000000000000 ) ) ;
#245 = CARTESIAN_POINT ( 'NONE',  ( -1.207305998101898092, 4.041719225864187415, -11.97465774260178861 ) ) ;
#246 = CARTESIAN_POINT ( 'NONE',  ( 9.662235332076177130, 14.40215616243246544, 11.08792849515143253 ) ) ;
#247 = CARTESIAN_POINT ( 'NONE',  ( 30.99999999999984368, 26.64539795739227657, -16.98228707489444744 ) ) ;
#248 = DIRECTION ( 'NONE',  ( 0.000000000000000000, 0.000000000000000000, 1.000000000000000000 ) ) ;
#249 = EDGE_CURVE ( 'NONE', #2073, #2198, #426, .T. ) ;
#250 = AXIS2_PLACEMENT_3D ( 'NONE', #64, #2316, #2021 ) ;
#251 = CARTESIAN_POINT ( 'NONE',  ( -20.00000000000000000, 30.00000000000000000, -17.32050807568877460 ) ) ;
#252 = EDGE_CURVE ( 'NONE', #2805, #3964, #3609, .T. ) ;
#253 = VERTEX_POINT ( 'NONE', #3429 ) ;
#254 = CARTESIAN_POINT ( 'NONE',  ( 12.97212766939405704, 17.98525315926998758, -18.58335025577089894 ) ) ;
#255 = CARTESIAN_POINT ( 'NONE',  ( 15.11086962846568760, 24.52728914165989593, -14.90502982064759152 ) ) ;
#256 = CARTESIAN_POINT ( 'NONE',  ( 6.914045646723341321, 5.983160642006443375, -15.95068912137436534 ) ) ;
#257 = ORIENTED_EDGE ( 'NONE', *, *, #429, .T. ) ;
#258 = CARTESIAN_POINT ( 'NONE',  ( -1.203706215242022408E-32, 30.00000000000000000, -5.961524227066313131 ) ) ;
#259 = CARTESIAN_POINT ( 'NONE',  ( -47.97220075561142494, 30.00000000000000000, -0.9999999999999978906 ) ) ;
#260 = CARTESIAN_POINT ( 'NONE',  ( -30.00000000000000000, 30.00000000000000000, 0.000000000000000000 ) ) ;
#261 = ORIENTED_EDGE ( 'NONE', *, *, #3358, .T. ) ;
#262 = CARTESIAN_POINT ( 'NONE',  ( 10.94037866415784244, 27.51333241779485661, 12.31528835459866933 ) ) ;
#263 = CARTESIAN_POINT ( 'NONE',  ( 5.855861776806436048, 5.380835811983798678, -15.66532498504462723 ) ) ;
#264 = CARTESIAN_POINT ( 'NONE',  ( -9.131085439695462824, 21.09005321358329965, 10.96592485583383692 ) ) ;
#265 = FACE_OUTER_BOUND ( 'NONE', #3572, .T. ) ;
#266 = CARTESIAN_POINT ( 'NONE',  ( 30.99999999999991473, 28.00000000000001776, -14.22709424269413958 ) ) ;
#267 = CARTESIAN_POINT ( 'NONE',  ( 6.973161338752443150, 27.98637749748058923, 13.11794248272563124 ) ) ;
#268 = ORIENTED_EDGE ( 'NONE', *, *, #1526, .F. ) ;
#269 = CARTESIAN_POINT ( 'NONE',  ( -10.22921074252792373, 25.02930120873842768, 16.67112011569751218 ) ) ;
#270 = EDGE_CURVE ( 'NONE', #1579, #3043, #2339, .T. ) ;
#271 = EDGE_CURVE ( 'NONE', #1095, #3517, #3011, .T. ) ;
#272 = FACE_OUTER_BOUND ( 'NONE', #162, .T. ) ;
#273 = ORIENTED_EDGE ( 'NONE', *, *, #1202, .T. ) ;
#274 = CARTESIAN_POINT ( 'NONE',  ( 13.66451661800039474, 25.83201743210635470, -14.06709842710473879 ) ) ;
#275 = CARTESIAN_POINT ( 'NONE',  ( 6.070340933507995196, 28.51028166653178886, -12.12189299470334625 ) ) ;
#276 = CARTESIAN_POINT ( 'NONE',  ( 0.000000000000000000, 0.000000000000000000, 0.000000000000000000 ) ) ;
#277 = VERTEX_POINT ( 'NONE', #3190 ) ;
#278 = CARTESIAN_POINT ( 'NONE',  ( 10.42955948701109214, 9.187853220970064072, 13.23866209003708683 ) ) ;
#279 = CARTESIAN_POINT ( 'NONE',  ( -29.00000000000001066, 25.28953775735752885, 17.76733237549843381 ) ) ;
#280 = PERSON_AND_ORGANIZATION_ROLE ( 'design_owner' ) ;
#281 = CARTESIAN_POINT ( 'NONE',  ( -44.22709424269413603, 28.00000000000000355, 1.000000000000000666 ) ) ;
#282 = VERTEX_POINT ( 'NONE', #3547 ) ;
#283 = CARTESIAN_POINT ( 'NONE',  ( 30.00000000000000000, 30.00000000000000000, 0.000000000000000000 ) ) ;
#284 = CARTESIAN_POINT ( 'NONE',  ( -1.458950050777933605, 1.042568339248612919, -11.98149096540067760 ) ) ;
#285 = CARTESIAN_POINT ( 'NONE',  ( 4.443343841200163347, 8.017417456506651163, 10.19279750985007382 ) ) ;
#286 = AXIS2_PLACEMENT_3D ( 'NONE', #1730, #3269, #1006 ) ;
#287 = CARTESIAN_POINT ( 'NONE',  ( 30.00000000000000355, 24.00000000000000000, 20.00000000000000000 ) ) ;
#288 = CARTESIAN_POINT ( 'NONE',  ( -8.986728750640995855, 12.56572825709338304, -10.93343423774430789 ) ) ;
#289 = CARTESIAN_POINT ( 'NONE',  ( 10.36485111839440520, 24.85428159019780736, 16.80659803247490558 ) ) ;
#290 = EDGE_LOOP ( 'NONE', ( #1617, #1947, #3835, #1517 ) ) ;
#291 = DIRECTION ( 'NONE',  ( -0.000000000000000000, -0.000000000000000000, 1.000000000000000000 ) ) ;
#292 = VECTOR ( 'NONE', #3482, 1000.000000000000000 ) ;
#293 = FACE_OUTER_BOUND ( 'NONE', #3339, .T. ) ;
#294 = EDGE_LOOP ( 'NONE', ( #3943, #3593, #3829, #2531 ) ) ;
#295 = CARTESIAN_POINT ( 'NONE',  ( 1.448146819588489675, 29.95954024826608375, -6.701428806789512471 ) ) ;
#296 = EDGE_CURVE ( 'NONE', #3729, #2164, #2409, .T. ) ;
#297 = FACE_BOUND ( 'NONE', #829, .T. ) ;
#298 = ORIENTED_EDGE ( 'NONE', *, *, #1552, .F. ) ;
#299 = CARTESIAN_POINT ( 'NONE',  ( 7.106407790505204325, 6.091756277200599534, 12.56214885571404771 ) ) ;
#300 = LINE ( 'NONE', #1883, #2408 ) ;
#301 = DATE_AND_TIME ( #1356, #3383 ) ;
#302 = ADVANCED_FACE ( 'NONE', ( #1561 ), #2860, .F. ) ;
#303 = CIRCLE ( 'NONE', #2888, 4.000000000000000000 ) ;
#304 = DIRECTION ( 'NONE',  ( -0.8660254037844385966, 0.000000000000000000, 0.5000000000000003331 ) ) ;
#305 = EDGE_CURVE ( 'NONE', #1916, #3346, #2882, .T. ) ;
#306 = ORIENTED_EDGE ( 'NONE', *, *, #2577, .T. ) ;
#307 = CARTESIAN_POINT ( 'NONE',  ( 15.30726392541313352, 24.31279158457812883, 15.00534175615749710 ) ) ;
#308 = CARTESIAN_POINT ( 'NONE',  ( -11.91605819168305835, 11.71660663047258311, -13.59580267722516389 ) ) ;
#309 = CARTESIAN_POINT ( 'NONE',  ( 30.00000000000000000, 24.00000000000000000, 14.00000000000000000 ) ) ;
#310 = FACE_OUTER_BOUND ( 'NONE', #313, .T. ) ;
#311 = DIRECTION ( 'NONE',  ( -0.000000000000000000, -1.000000000000000000, -0.000000000000000000 ) ) ;
#312 = CARTESIAN_POINT ( 'NONE',  ( 10.96293868309465580, 23.99620058305660208, 17.36156908592100478 ) ) ;
#313 = EDGE_LOOP ( 'NONE', ( #1187, #761, #732, #3121, #2382, #3984, #2018, #3251, #3614, #1500, #2698, #3224, #3709 ) ) ;
#314 = CARTESIAN_POINT ( 'NONE',  ( 0.000000000000000000, 30.00000000000000355, 5.961524227066320236 ) ) ;
#315 = CARTESIAN_POINT ( 'NONE',  ( 3.519476871675614404, 1.321308146494255986, -12.11080140342831690 ) ) ;
#316 = AXIS2_PLACEMENT_3D ( 'NONE', #1627, #2926, #17 ) ;
#317 = CARTESIAN_POINT ( 'NONE',  ( 12.47674433791417137, 26.64939686798256702, -13.31122533162090882 ) ) ;
#318 = AXIS2_PLACEMENT_3D ( 'NONE', #2036, #1859, #119 ) ;
#319 = DIRECTION ( 'NONE',  ( 0.000000000000000000, 0.000000000000000000, 1.000000000000000000 ) ) ;
#320 = ORIENTED_EDGE ( 'NONE', *, *, #1371, .F. ) ;
#321 = CARTESIAN_POINT ( 'NONE',  ( 9.649110245261610430, 3.716570630281017973, 13.14151166890221312 ) ) ;
#322 = FACE_OUTER_BOUND ( 'NONE', #3506, .T. ) ;
#323 = CALENDAR_DATE ( 2026, 4, 8 ) ;
#324 = EDGE_CURVE ( 'NONE', #2842, #3059, #327, .T. ) ;
#325 = CARTESIAN_POINT ( 'NONE',  ( -12.88325901188601819, 15.17474030275572439, 18.53105543007801614 ) ) ;
#326 = VERTEX_POINT ( 'NONE', #2287 ) ;
#327 = LINE ( 'NONE', #1905, #1050 ) ;
#328 = CARTESIAN_POINT ( 'NONE',  ( -10.70561957886476634, 9.605355445757686184, -17.38502747682007765 ) ) ;
#329 = CARTESIAN_POINT ( 'NONE',  ( 28.99999999999991118, 28.00000000000000711, -14.22709424269412892 ) ) ;
#330 = CARTESIAN_POINT ( 'NONE',  ( 30.00000000000000000, 0.000000000000000000, 0.000000000000000000 ) ) ;
#331 = CARTESIAN_POINT ( 'NONE',  ( -7.032999293507472771, 29.04246851191649270, 9.848637828122496884 ) ) ;
#332 =( GEOMETRIC_REPRESENTATION_CONTEXT ( 3 ) GLOBAL_UNCERTAINTY_ASSIGNED_CONTEXT ( ( #2117 ) ) GLOBAL_UNIT_ASSIGNED_CONTEXT ( ( #3758, #2783, #1168 ) ) REPRESENTATION_CONTEXT ( 'NONE', 'WORKASPACE' ) );
#333 = DIRECTION ( 'NONE',  ( -0.000000000000000000, -1.000000000000000000, -0.000000000000000000 ) ) ;
#334 = FACE_OUTER_BOUND ( 'NONE', #185, .T. ) ;
#335 = DIRECTION ( 'NONE',  ( 0.000000000000000000, 1.000000000000000000, -0.000000000000000000 ) ) ;
#336 = CARTESIAN_POINT ( 'NONE',  ( 9.935712823173938446, 18.30353035349061130, 11.15345896104130574 ) ) ;
#337 = CARTESIAN_POINT ( 'NONE',  ( -8.607907972572482080, 7.222339915575463287, -16.50249338216415040 ) ) ;
#338 = PRODUCT_RELATED_PRODUCT_CATEGORY ( 'detail', '', ( #2325 ) ) ;
#339 = ORIENTED_EDGE ( 'NONE', *, *, #171, .F. ) ;
#340 = CARTESIAN_POINT ( 'NONE',  ( 10.70561957886505411, 9.605355445758139155, 17.38502747681657112 ) ) ;
#341 = CARTESIAN_POINT ( 'NONE',  ( -28.99999999999999645, 0.000000000000000000, 17.97220075561142849 ) ) ;
#342 = DATE_TIME_ROLE ( 'creation_date' ) ;
#343 = CARTESIAN_POINT ( 'NONE',  ( -17.30562270519037682, 17.46652852603979866, 15.89881714533749424 ) ) ;
#344 = ORIENTED_EDGE ( 'NONE', *, *, #2704, .T. ) ;
#345 = DIRECTION ( 'NONE',  ( 0.000000000000000000, 0.000000000000000000, -1.000000000000000000 ) ) ;
#346 = CARTESIAN_POINT ( 'NONE',  ( -10.91436485604950590, 9.863178457157275147, -13.35311979003040328 ) ) ;
#347 = EDGE_CURVE ( 'NONE', #1916, #1921, #698, .T. ) ;
#348 = CARTESIAN_POINT ( 'NONE',  ( 0.000000000000000000, 17.00000000000000000, -20.00200000000000244 ) ) ;
#349 = CARTESIAN_POINT ( 'NONE',  ( -28.99999999999981171, 0.000000000000000000, -17.97220075561142139 ) ) ;
#350 = CARTESIAN_POINT ( 'NONE',  ( 7.965092066900669288, 6.691407540153281985, 16.27283462583658746 ) ) ;
#351 = ORIENTED_EDGE ( 'NONE', *, *, #3484, .F. ) ;
#352 = AXIS2_PLACEMENT_3D ( 'NONE', #1355, #3874, #3335 ) ;
#353 = DIRECTION ( 'NONE',  ( 0.000000000000000000, 0.000000000000000000, -1.000000000000000000 ) ) ;
#354 = VECTOR ( 'NONE', #3518, 1000.000000000000000 ) ;
#355 = CARTESIAN_POINT ( 'NONE',  ( -1.314977075736011303, 7.065305307277482072, 9.977209274455903554 ) ) ;
#356 = CARTESIAN_POINT ( 'NONE',  ( -0.7050515567811844742, 1.009936711995931047, 11.96617319819869429 ) ) ;
#357 = CARTESIAN_POINT ( 'NONE',  ( 3.149091769236007576E-16, 27.99999999999999645, 0.9999999999999870104 ) ) ;
#358 = EDGE_CURVE ( 'NONE', #405, #2785, #4176, .T. ) ;
#359 = CARTESIAN_POINT ( 'NONE',  ( -30.00000000000000000, 30.00000000000000000, 0.000000000000000000 ) ) ;
#360 = CIRCLE ( 'NONE', #159, 9.999999999999989342 ) ;
#361 = CARTESIAN_POINT ( 'NONE',  ( 5.734508681847957590, 29.34721695696631372, 9.081472726873720092 ) ) ;
#362 = CIRCLE ( 'NONE', #2268, 14.00000000000000000 ) ;
#363 = ORIENTED_EDGE ( 'NONE', *, *, #881, .T. ) ;
#364 = CARTESIAN_POINT ( 'NONE',  ( 7.132813100203415857, 2.361576499828275555, 12.58109461624477632 ) ) ;
#365 = DIRECTION ( 'NONE',  ( -0.000000000000000000, -1.000000000000000000, -0.000000000000000000 ) ) ;
#366 = PERSON_AND_ORGANIZATION_ROLE ( 'classification_officer' ) ;
#367 = CARTESIAN_POINT ( 'NONE',  ( -12.29368159801255445, 12.67938909060407582, 13.68508700362019148 ) ) ;
#368 = ORIENTED_EDGE ( 'NONE', *, *, #3770, .F. ) ;
#369 = CARTESIAN_POINT ( 'NONE',  ( -10.25957682284991179, 8.966256744665823675, -13.19899957831672666 ) ) ;
#370 = CARTESIAN_POINT ( 'NONE',  ( 28.99999999999999645, 0.000000000000000000, 17.97220075561142849 ) ) ;
#371 = DIRECTION ( 'NONE',  ( 0.000000000000000000, 1.000000000000000000, -0.000000000000000000 ) ) ;
#372 = CARTESIAN_POINT ( 'NONE',  ( -30.00000000000000000, 30.00000000000000000, 0.000000000000000000 ) ) ;
#373 = AXIS2_PLACEMENT_3D ( 'NONE', #3087, #519, #3993 ) ;
#374 = VERTEX_POINT ( 'NONE', #2225 ) ;
#375 = VERTEX_POINT ( 'NONE', #3821 ) ;
#376 = DIRECTION ( 'NONE',  ( -0.000000000000000000, -1.000000000000000000, -0.000000000000000000 ) ) ;
#377 = DIRECTION ( 'NONE',  ( -0.000000000000000000, -1.000000000000000000, 0.000000000000000000 ) ) ;
#378 = CARTESIAN_POINT ( 'NONE',  ( -7.504762145600841983, 2.569608645170171624, 12.66669718576513226 ) ) ;
#379 = DIRECTION ( 'NONE',  ( -0.000000000000000000, -1.000000000000000000, -0.000000000000000000 ) ) ;
#380 = EDGE_CURVE ( 'NONE', #1212, #2465, #3017, .T. ) ;
#381 = CARTESIAN_POINT ( 'NONE',  ( -2.342266147754931360, 26.72756178527990301, 8.951315935061838758 ) ) ;
#382 = CARTESIAN_POINT ( 'NONE',  ( 9.159623238762382158, 28.29718310132372139, 11.17410967950940126 ) ) ;
#383 = CARTESIAN_POINT ( 'NONE',  ( -15.11086962846516535, 24.52728914166007712, -14.90502982064736415 ) ) ;
#384 = ORIENTED_EDGE ( 'NONE', *, *, #3535, .T. ) ;
#385 = CARTESIAN_POINT ( 'NONE',  ( 16.61261521785961648, 21.47006489971345999, 15.57427348644062093 ) ) ;
#386 = CARTESIAN_POINT ( 'NONE',  ( 30.00000000000000000, 30.00000000000000000, 0.000000000000000000 ) ) ;
#387 = CIRCLE ( 'NONE', #1681, 46.00000000000000000 ) ;
#388 = B_SPLINE_CURVE_WITH_KNOTS ( 'NONE', 3,
 ( #649, #3239, #587, #2530, #2209, #3511, #2830, #3470, #951, #1300, #2272, #1974, #60, #331, #687, #1061, #2381, #2677, #1380, #749, #1695, #3571, #2970, #730 ),
 .UNSPECIFIED., .F., .F.,
 ( 4, 2, 2, 2, 2, 2, 2, 2, 2, 2, 2, 4 ),
 ( 0.000000000000000000, 0.001213033935312832472, 0.002426067870625664945, 0.003639101805938497417, 0.004852135741251329890, 0.007278203611877001773, 0.009704271482502673657, 0.01455640722375401569, 0.01698247509437968497, 0.01819550902969252135, 0.01880202599734893606, 0.01940854296500535425 ),
 .UNSPECIFIED. ) ;
#389 = CARTESIAN_POINT ( 'NONE',  ( -12.78571528327301721, 14.55593401418747490, 13.79298453598028473 ) ) ;
#390 = ORIENTED_EDGE ( 'NONE', *, *, #3459, .T. ) ;
#391 = DIRECTION ( 'NONE',  ( 0.000000000000000000, 1.000000000000000000, 0.000000000000000000 ) ) ;
#392 = CARTESIAN_POINT ( 'NONE',  ( -17.28999724895521695, 16.42269724665752051, -15.89136272315614917 ) ) ;
#393 = CARTESIAN_POINT ( 'NONE',  ( 28.99999999999988631, 27.79677622823754035, -15.25325841213762246 ) ) ;
#394 = CARTESIAN_POINT ( 'NONE',  ( 9.493908795026213099, 8.109534607826734742, 16.85296448810112935 ) ) ;
#395 = ORIENTED_EDGE ( 'NONE', *, *, #3317, .T. ) ;
#396 = CARTESIAN_POINT ( 'NONE',  ( -28.99999999999999645, 27.99999999999999645, 10.95445115010331705 ) ) ;
#397 = CARTESIAN_POINT ( 'NONE',  ( -20.00000000000000000, 24.00000000000000000, -17.32050807568877460 ) ) ;
#398 = B_SPLINE_CURVE_WITH_KNOTS ( 'NONE', 3,
 ( #3991, #747, #3695, #3341, #3715, #2055, #118, #3321, #1396, #2097, #3382, #2397, #1419, #2076, #814, #158, #1462, #2761 ),
 .UNSPECIFIED., .F., .F.,
 ( 4, 2, 2, 2, 2, 2, 2, 2, 4 ),
 ( 0.002353990887179760027, 0.003136233814950353284, 0.003918476742720946107, 0.004700719670491539798, 0.005482962598262133488, 0.006265205526032727179, 0.007047448453803319135, 0.007829691381573912826, 0.008611934309344506516 ),
 .UNSPECIFIED. ) ;
#399 = DIRECTION ( 'NONE',  ( 1.000000000000000000, 0.000000000000000000, 0.000000000000000000 ) ) ;
#400 = CARTESIAN_POINT ( 'NONE',  ( 20.99999999999999645, 30.00000000000000000, -15.58845726811988719 ) ) ;
#401 = VECTOR ( 'NONE', #3967, 1000.000000000000000 ) ;
#402 = EDGE_CURVE ( 'NONE', #726, #553, #1254, .T. ) ;
#403 = EDGE_CURVE ( 'NONE', #2465, #2980, #955, .T. ) ;
#404 = CARTESIAN_POINT ( 'NONE',  ( 6.839512303666120729, 28.10722314520019793, 11.05089274221679929 ) ) ;
#405 = VERTEX_POINT ( 'NONE', #1888 ) ;
#406 = CARTESIAN_POINT ( 'NONE',  ( 12.23113600106284515, 21.49812953221569600, 13.67053122604427351 ) ) ;
#407 = DIRECTION ( 'NONE',  ( 0.000000000000000000, -1.000000000000000000, 0.000000000000000000 ) ) ;
#408 = CARTESIAN_POINT ( 'NONE',  ( -12.95239753949027595, 18.22552582607982785, 13.82529272034313728 ) ) ;
#409 = ORIENTED_EDGE ( 'NONE', *, *, #611, .F. ) ;
#410 = CARTESIAN_POINT ( 'NONE',  ( -30.00000000000000000, 24.00000000000000000, 0.000000000000000000 ) ) ;
#411 = DIRECTION ( 'NONE',  ( 0.000000000000000000, 1.000000000000000000, -0.000000000000000000 ) ) ;
#412 = CARTESIAN_POINT ( 'NONE',  ( 28.99999999999987210, 27.59550163431900671, -15.74074826167030849 ) ) ;
#413 = CARTESIAN_POINT ( 'NONE',  ( -9.790070711843750217, 8.405645258841147438, 16.97001778511018344 ) ) ;
#414 = ORIENTED_EDGE ( 'NONE', *, *, #3565, .F. ) ;
#415 = ORIENTED_EDGE ( 'NONE', *, *, #1328, .T. ) ;
#416 = CARTESIAN_POINT ( 'NONE',  ( -1.313092199151140615, 30.00000000026709301, -6.867370591175681938 ) ) ;
#417 = CARTESIAN_POINT ( 'NONE',  ( 9.697956061724928745, 8.338412137490943010, -16.93880830891570710 ) ) ;
#418 = DIRECTION ( 'NONE',  ( 0.000000000000000000, -1.000000000000000000, 0.000000000000000000 ) ) ;
#419 = CARTESIAN_POINT ( 'NONE',  ( 30.00000000000000000, 24.00000000000000000, 0.000000000000000000 ) ) ;
#420 = AXIS2_PLACEMENT_3D ( 'NONE', #3357, #1774, #1797 ) ;
#421 = DIRECTION ( 'NONE',  ( 0.000000000000000000, 0.000000000000000000, 1.000000000000000000 ) ) ;
#422 = CARTESIAN_POINT ( 'NONE',  ( -15.34059574339935672, 24.27054450929780316, -15.01941003961914056 ) ) ;
#423 = ORIENTED_EDGE ( 'NONE', *, *, #3131, .T. ) ;
#424 = CARTESIAN_POINT ( 'NONE',  ( 9.500317301566264305, 20.18793977633843184, -11.04933622128664084 ) ) ;
#425 = DIRECTION ( 'NONE',  ( -0.000000000000000000, -0.000000000000000000, 1.000000000000000000 ) ) ;
#426 = CIRCLE ( 'NONE', #1864, 13.99999999999999822 ) ;
#427 = CARTESIAN_POINT ( 'NONE',  ( -9.136322320068352099, 7.747894085274626086, 16.71068994854947221 ) ) ;
#428 = EDGE_LOOP ( 'NONE', ( #2007, #2657, #224, #1776 ) ) ;
#429 = EDGE_CURVE ( 'NONE', #2951, #277, #2603, .T. ) ;
#430 = DIRECTION ( 'NONE',  ( -1.776356839400250465E-15, 0.000000000000000000, -1.000000000000000000 ) ) ;
#431 = CARTESIAN_POINT ( 'NONE',  ( -17.10324700646621210, 19.48423395964124438, -15.80209507348715903 ) ) ;
#432 = CARTESIAN_POINT ( 'NONE',  ( 47.56665664928866732, 25.77308599895922825, 1.000000000000002220 ) ) ;
#433 = EDGE_CURVE ( 'NONE', #1055, #2800, #623, .T. ) ;
#434 = CARTESIAN_POINT ( 'NONE',  ( -7.141428428542839768, 24.00000000000000000, -10.57312005391655241 ) ) ;
#435 = ORIENTED_EDGE ( 'NONE', *, *, #402, .T. ) ;
#436 = ORIENTED_EDGE ( 'NONE', *, *, #2876, .F. ) ;
#437 = CARTESIAN_POINT ( 'NONE',  ( -30.00000000000000000, 0.000000000000000000, 0.000000000000000000 ) ) ;
#438 = CARTESIAN_POINT ( 'NONE',  ( 16.87157852610734210, 13.40615893178095241, -15.69346460917092223 ) ) ;
#439 = CIRCLE ( 'NONE', #2763, 39.99999999999998579 ) ;
#440 = CARTESIAN_POINT ( 'NONE',  ( 0.000000000000000000, 0.000000000000000000, 11.96152422706631846 ) ) ;
#441 = CARTESIAN_POINT ( 'NONE',  ( 31.00000000000001066, 27.18222439334252982, 16.40702844718722631 ) ) ;
#442 = VECTOR ( 'NONE', #725, 1000.000000000000000 ) ;
#443 = CARTESIAN_POINT ( 'NONE',  ( 7.070129410391461811, 27.92469190468284168, 13.22564166221268067 ) ) ;
#444 = CARTESIAN_POINT ( 'NONE',  ( -11.97546082082152452, 22.14996032609650811, -13.71927256189915667 ) ) ;
#445 = ORIENTED_EDGE ( 'NONE', *, *, #1894, .T. ) ;
#446 = CARTESIAN_POINT ( 'NONE',  ( 12.96524657465830010, 15.92507537707747289, 13.82764844557923034 ) ) ;
#447 = CARTESIAN_POINT ( 'NONE',  ( -28.99999999999989342, 27.79700667960302596, -15.25255924330444657 ) ) ;
#448 = CARTESIAN_POINT ( 'NONE',  ( -3.819202912516198811, 4.561629726310952648, 15.25547104946405241 ) ) ;
#449 = ORIENTED_EDGE ( 'NONE', *, *, #3741, .F. ) ;
#450 = DIRECTION ( 'NONE',  ( 2.676430505792786015E-14, 0.000000000000000000, -1.000000000000000000 ) ) ;
#451 = CARTESIAN_POINT ( 'NONE',  ( -12.79288028202315708, 19.36968887014072038, -13.79427031972123707 ) ) ;
#452 = EDGE_CURVE ( 'NONE', #538, #3069, #3222, .T. ) ;
#453 = FACE_OUTER_BOUND ( 'NONE', #1423, .T. ) ;
#454 = CARTESIAN_POINT ( 'NONE',  ( 46.40702844718722275, 27.18222439334253338, -0.9999999999999983347 ) ) ;
#455 = ORIENTED_EDGE ( 'NONE', *, *, #358, .T. ) ;
#456 = VERTEX_POINT ( 'NONE', #1035 ) ;
#457 = CARTESIAN_POINT ( 'NONE',  ( -2.926047721682623954E-95, 30.00000000000000355, -5.961524227066313131 ) ) ;
#458 = CARTESIAN_POINT ( 'NONE',  ( 12.69185818179298586, 14.09058185414431819, -13.77376354305498651 ) ) ;
#459 = CARTESIAN_POINT ( 'NONE',  ( 0.6958432257382499708, 26.98150792665962427, 8.632868457924047334 ) ) ;
#460 = CARTESIAN_POINT ( 'NONE',  ( 1.404772374925257639, 1.039601900990811956, 11.98009369435719407 ) ) ;
#461 = DIRECTION ( 'NONE',  ( 0.000000000000000000, 1.000000000000000000, 0.000000000000000000 ) ) ;
#462 = CARTESIAN_POINT ( 'NONE',  ( -11.68983933807476205, 22.68749999999998934, -17.87340312894769667 ) ) ;
#463 = CARTESIAN_POINT ( 'NONE',  ( -15.80197774932096522, 10.48332711610036405, -15.21479288452610490 ) ) ;
#464 = ORIENTED_EDGE ( 'NONE', *, *, #3565, .T. ) ;
#465 = CIRCLE ( 'NONE', #3515, 39.99999999999998579 ) ;
#466 = CARTESIAN_POINT ( 'NONE',  ( 15.55404818371692954, 24.00000000000000000, 15.10950141828942783 ) ) ;
#467 = CARTESIAN_POINT ( 'NONE',  ( -30.00000000000000000, 30.00000000000000000, -8.999999999999998224 ) ) ;
#468 = CARTESIAN_POINT ( 'NONE',  ( -9.328527527510726003, 7.941742427840443597, 16.78713016869241059 ) ) ;
#469 = ORIENTED_EDGE ( 'NONE', *, *, #380, .T. ) ;
#470 = CARTESIAN_POINT ( 'NONE',  ( -28.99999999999999645, 28.00000000000000000, 13.96424004376894068 ) ) ;
#471 = CARTESIAN_POINT ( 'NONE',  ( -17.27985028481690222, 17.79488808586120641, -15.88649673290421660 ) ) ;
#472 = LINE ( 'NONE', #3067, #2774 ) ;
#473 = CARTESIAN_POINT ( 'NONE',  ( 47.94611691583700264, 24.52572923158696483, -0.9999999999999981126 ) ) ;
#474 = ORIENTED_EDGE ( 'NONE', *, *, #1944, .T. ) ;
#475 = CARTESIAN_POINT ( 'NONE',  ( -13.00000000000184386, 17.99454692877474571, -18.59986959184260513 ) ) ;
#476 = CARTESIAN_POINT ( 'NONE',  ( -1.177320043727351662, 30.00000000000000355, -7.048599852737194027 ) ) ;
#477 = CARTESIAN_POINT ( 'NONE',  ( 11.66346985324785557, 11.25210030167748165, -17.85937155850373514 ) ) ;
#478 = EDGE_CURVE ( 'NONE', #1794, #2286, #838, .T. ) ;
#479 = CARTESIAN_POINT ( 'NONE',  ( -31.00000000000000355, 26.44175885710125229, 17.14987021064083805 ) ) ;
#480 = CARTESIAN_POINT ( 'NONE',  ( 17.12331906013088201, 19.36870458790681937, 15.81159713942573930 ) ) ;
#481 = CARTESIAN_POINT ( 'NONE',  ( 2.276120563177665534, 7.257008306330034131, -10.02201980162373651 ) ) ;
#482 = CARTESIAN_POINT ( 'NONE',  ( -43.96424004376893890, 28.00000000000000000, -0.9999999999999991118 ) ) ;
#483 = ADVANCED_FACE ( 'NONE', ( #2306 ), #3473, .T. ) ;
#484 = CARTESIAN_POINT ( 'NONE',  ( -16.82346322110220527, 20.73574837148452943, -15.67127306943575604 ) ) ;
#485 = ADVANCED_FACE ( 'NONE', ( #1359 ), #2329, .F. ) ;
#486 = VERTEX_POINT ( 'NONE', #2674 ) ;
#487 = CARTESIAN_POINT ( 'NONE',  ( -8.500109207985065751, 26.85417618825514907, 14.81920112497445530 ) ) ;
#488 = CIRCLE ( 'NONE', #3598, 46.00000000000000000 ) ;
#489 = DIRECTION ( 'NONE',  ( 0.000000000000000000, 0.000000000000000000, 1.000000000000000000 ) ) ;
#490 = DIRECTION ( 'NONE',  ( 0.000000000000000000, 0.000000000000000000, 1.000000000000000000 ) ) ;
#491 = CARTESIAN_POINT ( 'NONE',  ( -11.13906579503128746, 10.29219584780310370, 17.59463763397042513 ) ) ;
#492 = EDGE_LOOP ( 'NONE', ( #95, #559, #852, #1390 ) ) ;
#493 = CARTESIAN_POINT ( 'NONE',  ( -28.99999999999999645, 27.79680244799996558, 15.25320525963862828 ) ) ;
#494 = CARTESIAN_POINT ( 'NONE',  ( -12.62866182865568909, 20.09733396565802366, -18.38436613152549981 ) ) ;
#495 = VECTOR ( 'NONE', #4172, 1000.000000000000000 ) ;
#496 = DIRECTION ( 'NONE',  ( 0.000000000000000000, 0.000000000000000000, -1.000000000000000000 ) ) ;
#497 = CARTESIAN_POINT ( 'NONE',  ( -40.99999999999999289, 0.000000000000000000, 1.000000000000000000 ) ) ;
#498 = VERTEX_POINT ( 'NONE', #117 ) ;
#499 = VECTOR ( 'NONE', #14, 1000.000000000000000 ) ;
#500 = CARTESIAN_POINT ( 'NONE',  ( -12.55638323924307542, 20.40261082093815403, -18.34313650831645148 ) ) ;
#501 = FACE_OUTER_BOUND ( 'NONE', #1286, .T. ) ;
#502 = CARTESIAN_POINT ( 'NONE',  ( 14.24404572269011382, 7.898093629380198877, -14.58134132096111024 ) ) ;
#503 = CARTESIAN_POINT ( 'NONE',  ( -31.00000000000000000, 26.00764172247803074, 17.44088033189241926 ) ) ;
#504 = DIRECTION ( 'NONE',  ( 0.000000000000000000, 0.000000000000000000, 1.000000000000000000 ) ) ;
#505 = CARTESIAN_POINT ( 'NONE',  ( 2.907958651963618024, 29.86805643343652150, -7.467632433489790778 ) ) ;
#506 = CARTESIAN_POINT ( 'NONE',  ( -9.512437723954722202, 25.86636282632252914, -15.92533685573003055 ) ) ;
#507 = AXIS2_PLACEMENT_3D ( 'NONE', #736, #756, #3596 ) ;
#508 = ADVANCED_FACE ( 'NONE', ( #2694 ), #3899, .T. ) ;
#509 = ADVANCED_FACE ( 'NONE', ( #1667 ), #704, .T. ) ;
#510 = CARTESIAN_POINT ( 'NONE',  ( -1.397410782107260774, 1.039043456978319124, -11.97983266818946468 ) ) ;
#511 = AXIS2_PLACEMENT_3D ( 'NONE', #4153, #2203, #3485 ) ;
#512 = ORIENTED_EDGE ( 'NONE', *, *, #1328, .F. ) ;
#513 = DIRECTION ( 'NONE',  ( 1.000000000000000000, 0.000000000000000000, 0.000000000000000000 ) ) ;
#514 = CARTESIAN_POINT ( 'NONE',  ( 0.000000000000000000, 24.00000000000000000, 51.96152422706631313 ) ) ;
#515 = CARTESIAN_POINT ( 'NONE',  ( -5.855861776806667862, 5.380835811983926575, 15.66532498503989856 ) ) ;
#516 = ORIENTED_EDGE ( 'NONE', *, *, #656, .F. ) ;
#517 = CARTESIAN_POINT ( 'NONE',  ( -30.99999999999987210, 27.59589510970615578, -15.73993583459090395 ) ) ;
#518 = CARTESIAN_POINT ( 'NONE',  ( -13.00000000000000178, 17.00000000000000000, -20.00000000000000000 ) ) ;
#519 = DIRECTION ( 'NONE',  ( 0.8660254037844385966, -0.000000000000000000, 0.5000000000000003331 ) ) ;
#520 = CIRCLE ( 'NONE', #4165, 10.99999999999999645 ) ;
#521 = ORIENTED_EDGE ( 'NONE', *, *, #1376, .T. ) ;
#522 = CARTESIAN_POINT ( 'NONE',  ( -21.00000000000001421, 24.00000000000000000, 15.58845726811990140 ) ) ;
#523 = CARTESIAN_POINT ( 'NONE',  ( 8.772682295624194992, 7.311836245167935289, -12.86841739139574692 ) ) ;
#524 = CARTESIAN_POINT ( 'NONE',  ( -2.665135485923569636, 26.64386011921700970, 9.047343807501976087 ) ) ;
#525 = AXIS2_PLACEMENT_3D ( 'NONE', #1443, #1127, #795 ) ;
#526 = CARTESIAN_POINT ( 'NONE',  ( 14.79512961327653109, 8.684190322807854301, 14.79584110130190666 ) ) ;
#527 = CARTESIAN_POINT ( 'NONE',  ( 1.313092199150802664, 29.99999999857658750, -6.867370591179059680 ) ) ;
#528 = FACE_OUTER_BOUND ( 'NONE', #3825, .T. ) ;
#529 = CARTESIAN_POINT ( 'NONE',  ( 0.000000000000000000, 30.00000000000000355, 5.961524227066320236 ) ) ;
#530 = ORIENTED_EDGE ( 'NONE', *, *, #1946, .T. ) ;
#531 = CARTESIAN_POINT ( 'NONE',  ( -11.27841277181086888, 23.62418493931243191, 13.89053900580487877 ) ) ;
#532 = CARTESIAN_POINT ( 'NONE',  ( 40.99999999999999289, 0.000000000000000000, 1.000000000000000000 ) ) ;
#533 = CARTESIAN_POINT ( 'NONE',  ( -20.99999999999999645, 30.00000000000000000, -15.58845726811989785 ) ) ;
#534 = EDGE_CURVE ( 'NONE', #3626, #3592, #764, .T. ) ;
#535 = EDGE_CURVE ( 'NONE', #3877, #2938, #1997, .T. ) ;
#536 = TOROIDAL_SURFACE ( 'NONE', #3046, 14.00000000000000000, 6.000000000000000000 ) ;
#537 = CARTESIAN_POINT ( 'NONE',  ( 0.7270944761813848967, 0.9996619653124217963, 11.96136619776962107 ) ) ;
#538 = VERTEX_POINT ( 'NONE', #1643 ) ;
#539 = CARTESIAN_POINT ( 'NONE',  ( -31.00000000000000000, 0.000000000000000000, -11.00000000000002132 ) ) ;
#540 = DIRECTION ( 'NONE',  ( -0.000000000000000000, -0.000000000000000000, 1.000000000000000000 ) ) ;
#541 = CARTESIAN_POINT ( 'NONE',  ( 30.00000000000000000, 30.00000000000000000, 0.000000000000000000 ) ) ;
#542 = VERTEX_POINT ( 'NONE', #3966 ) ;
#543 = DIRECTION ( 'NONE',  ( 0.8660254037844383745, -0.000000000000000000, 0.5000000000000004441 ) ) ;
#544 = CARTESIAN_POINT ( 'NONE',  ( -1.917215260554657741, 4.139193477025355783, -15.03530365878315145 ) ) ;
#545 = CARTESIAN_POINT ( 'NONE',  ( 9.360871699038963101, 13.46725289003200565, 11.01777639622722837 ) ) ;
#546 = CARTESIAN_POINT ( 'NONE',  ( 12.61350169011912925, 6.031096937564122129, 13.99904491005495011 ) ) ;
#547 = LINE ( 'NONE', #2428, #2057 ) ;
#548 = DIRECTION ( 'NONE',  ( 0.000000000000000000, 1.000000000000000000, -0.000000000000000000 ) ) ;
#549 = CARTESIAN_POINT ( 'NONE',  ( 30.00000000000000000, 30.00000000000000000, 0.000000000000000000 ) ) ;
#550 = ORIENTED_EDGE ( 'NONE', *, *, #3336, .T. ) ;
#551 = DIRECTION ( 'NONE',  ( -0.000000000000000000, -1.000000000000000000, -0.000000000000000000 ) ) ;
#552 = CARTESIAN_POINT ( 'NONE',  ( 9.601347008946268247, 25.76995989377200402, -16.02021152331392528 ) ) ;
#553 = VERTEX_POINT ( 'NONE', #1080 ) ;
#554 = CARTESIAN_POINT ( 'NONE',  ( 0.000000000000000000, 27.99999999999999645, 0.000000000000000000 ) ) ;
#555 = FACE_OUTER_BOUND ( 'NONE', #3204, .T. ) ;
#556 = VECTOR ( 'NONE', #4051, 1000.000000000000000 ) ;
#557 = EDGE_CURVE ( 'NONE', #2915, #2964, #1735, .T. ) ;
#558 = CARTESIAN_POINT ( 'NONE',  ( -44.49034615760332656, 27.97394126015763050, 1.000000000000001332 ) ) ;
#559 = ORIENTED_EDGE ( 'NONE', *, *, #1652, .T. ) ;
#560 = DIRECTION ( 'NONE',  ( -0.000000000000000000, -1.000000000000000000, -0.000000000000000000 ) ) ;
#561 = CARTESIAN_POINT ( 'NONE',  ( 2.440834017269009948, 4.214773445078037639, -12.02832904455462071 ) ) ;
#562 = CARTESIAN_POINT ( 'NONE',  ( 9.471232013621307289, 13.77457780112994890, 11.04324733503936251 ) ) ;
#563 = CIRCLE ( 'NONE', #2337, 39.99999999999998579 ) ;
#564 = ADVANCED_FACE ( 'NONE', ( #2985 ), #3567, .F. ) ;
#565 = DIRECTION ( 'NONE',  ( 0.000000000000000000, 0.000000000000000000, 1.000000000000000000 ) ) ;
#566 = LINE ( 'NONE', #1299, #3667 ) ;
#567 = CARTESIAN_POINT ( 'NONE',  ( -0.2911136645837168468, 29.99754691493041037, -6.231294812907563596 ) ) ;
#568 = VERTEX_POINT ( 'NONE', #3944 ) ;
#569 = CARTESIAN_POINT ( 'NONE',  ( 2.828768963406490311, 1.201836476464950065, -12.05547400791625989 ) ) ;
#570 = ORIENTED_EDGE ( 'NONE', *, *, #2003, .F. ) ;
#571 = CARTESIAN_POINT ( 'NONE',  ( 0.000000000000000000, 17.00000000000000000, -20.00000000000000000 ) ) ;
#572 = CARTESIAN_POINT ( 'NONE',  ( 11.36004713922674192, 23.33013364143369728, -17.67468819827998061 ) ) ;
#573 = CARTESIAN_POINT ( 'NONE',  ( 46.98432105186305563, 26.64325597047014327, 1.000000000000001776 ) ) ;
#574 = VECTOR ( 'NONE', #3676, 1000.000000000000000 ) ;
#575 = EDGE_CURVE ( 'NONE', #1095, #3386, #1048, .T. ) ;
#576 = ORIENTED_EDGE ( 'NONE', *, *, #557, .T. ) ;
#577 = CARTESIAN_POINT ( 'NONE',  ( -29.00000000000000355, 25.04002983819690087, 17.84334801811369786 ) ) ;
#578 = DIRECTION ( 'NONE',  ( 0.000000000000000000, -1.000000000000000000, 0.000000000000000000 ) ) ;
#579 = DIRECTION ( 'NONE',  ( -0.4302266903854718438, 0.8842691673947767894, 0.1815847859125639674 ) ) ;
#580 = ORIENTED_EDGE ( 'NONE', *, *, #3226, .F. ) ;
#581 = CARTESIAN_POINT ( 'NONE',  ( 14.23443968396815507, 25.36970827256843464, 14.41432082701166983 ) ) ;
#582 = CARTESIAN_POINT ( 'NONE',  ( -8.723997581541944157, 3.179963044238749870, -12.92310955781768200 ) ) ;
#583 = LINE ( 'NONE', #2227, #1112 ) ;
#584 = EDGE_CURVE ( 'NONE', #4049, #3898, #2034, .T. ) ;
#585 = CIRCLE ( 'NONE', #48, 10.99999999999999645 ) ;
#586 = DIRECTION ( 'NONE',  ( 0.000000000000000000, 0.000000000000000000, 1.000000000000000000 ) ) ;
#587 = CARTESIAN_POINT ( 'NONE',  ( -15.04815822425296368, 24.59595387078775985, 14.87322841135365081 ) ) ;
#588 = CIRCLE ( 'NONE', #3437, 20.00000000000000000 ) ;
#589 = CARTESIAN_POINT ( 'NONE',  ( 7.510163305127616873, 2.572020864793463257, -12.66773337631722995 ) ) ;
#590 = ORIENTED_EDGE ( 'NONE', *, *, #103, .F. ) ;
#591 = CARTESIAN_POINT ( 'NONE',  ( 14.51179246278230828, 25.12459749874199488, -14.57792947118247717 ) ) ;
#592 = CARTESIAN_POINT ( 'NONE',  ( 7.070129410388060087, 27.92469190468483120, -13.22564166221658333 ) ) ;
#593 = CARTESIAN_POINT ( 'NONE',  ( 7.954379980375738235, 6.683656378976261081, -16.26937433509748132 ) ) ;
#594 = EDGE_LOOP ( 'NONE', ( #3355, #3157, #912, #629 ) ) ;
#595 = B_SPLINE_CURVE_WITH_KNOTS ( 'NONE', 3,
 ( #1707, #2998, #89, #3961, #1075, #741, #2050, #424, #3021, #112, #1413, #2714 ),
 .UNSPECIFIED., .F., .F.,
 ( 4, 2, 2, 2, 2, 4 ),
 ( 0.000000000000000000, 0.001936035231207277945, 0.002904052846810921580, 0.003872070462414565432, 0.005808105693621852701, 0.007744140924829139537 ),
 .UNSPECIFIED. ) ;
#596 = CARTESIAN_POINT ( 'NONE',  ( 5.360754845477821995, 5.106280906262798069, 15.53462683739579830 ) ) ;
#597 = CARTESIAN_POINT ( 'NONE',  ( -11.68983933807475672, 22.68750000000000000, 17.87340312894770022 ) ) ;
#598 = LINE ( 'NONE', #259, #1226 ) ;
#599 = CARTESIAN_POINT ( 'NONE',  ( -43.96424004376893890, 28.00000000000000000, 1.000000000000000888 ) ) ;
#600 = ORIENTED_EDGE ( 'NONE', *, *, #3697, .F. ) ;
#601 = DIRECTION ( 'NONE',  ( -0.000000000000000000, -1.000000000000000000, -0.000000000000000000 ) ) ;
#602 = CARTESIAN_POINT ( 'NONE',  ( 0.3112110994472341297, 4.000167655315870263, -11.96157674843001573 ) ) ;
#603 = AXIS2_PLACEMENT_3D ( 'NONE', #2910, #81, #1020 ) ;
#604 = CYLINDRICAL_SURFACE ( 'NONE', #3806, 10.99999999999999645 ) ;
#605 = DIRECTION ( 'NONE',  ( 0.000000000000000000, 1.000000000000000000, 0.000000000000000000 ) ) ;
#606 = CARTESIAN_POINT ( 'NONE',  ( 11.33771471786935869, 23.37095535566396265, 17.65920596762267891 ) ) ;
#607 = EDGE_CURVE ( 'NONE', #1055, #405, #2680, .T. ) ;
#608 = ORIENTED_EDGE ( 'NONE', *, *, #2709, .T. ) ;
#609 = CARTESIAN_POINT ( 'NONE',  ( -15.55404818371692954, 24.00000000000000000, 15.10950141828942783 ) ) ;
#610 = CARTESIAN_POINT ( 'NONE',  ( 16.68062712486681676, 21.46027375069961707, -15.60412031196727511 ) ) ;
#611 = EDGE_CURVE ( 'NONE', #1440, #253, #793, .T. ) ;
#612 = ORIENTED_EDGE ( 'NONE', *, *, #1113, .T. ) ;
#613 = CARTESIAN_POINT ( 'NONE',  ( -1.203706215242022408E-32, 30.00000000000000000, -5.961524227066313131 ) ) ;
#614 = CARTESIAN_POINT ( 'NONE',  ( 13.82799665193670080, 25.70445261548945837, -14.16813992455045224 ) ) ;
#615 = CARTESIAN_POINT ( 'NONE',  ( 1.738484418904885143, 4.109364621868703438, -15.01956345126869685 ) ) ;
#616 = EDGE_LOOP ( 'NONE', ( #1717, #1568, #1996, #2456 ) ) ;
#617 = CARTESIAN_POINT ( 'NONE',  ( 15.97196586312478850, 10.82123113052668018, 15.28717170047348262 ) ) ;
#618 = CARTESIAN_POINT ( 'NONE',  ( 0.000000000000000000, 17.00000000000000000, -20.00000000000000000 ) ) ;
#619 = DIRECTION ( 'NONE',  ( 1.000000000000000000, 0.000000000000000000, 0.000000000000000000 ) ) ;
#620 = AXIS2_PLACEMENT_3D ( 'NONE', #3316, #365, #71 ) ;
#621 = CARTESIAN_POINT ( 'NONE',  ( -23.00000000000000000, 24.00000000000000000, 12.12435565298214080 ) ) ;
#622 = ORIENTED_EDGE ( 'NONE', *, *, #2752, .T. ) ;
#623 = LINE ( 'NONE', #1928, #1321 ) ;
#624 = CARTESIAN_POINT ( 'NONE',  ( -14.24448343145526508, 7.898899010154404543, -14.58152774005224650 ) ) ;
#625 = CARTESIAN_POINT ( 'NONE',  ( -9.499948118232893535, 20.18935920503323089, 11.04924560309639503 ) ) ;
#626 = VECTOR ( 'NONE', #551, 1000.000000000000000 ) ;
#627 = CARTESIAN_POINT ( 'NONE',  ( -9.662532439841985621, 14.40323305614325378, -11.08799863789396767 ) ) ;
#628 = DIRECTION ( 'NONE',  ( -0.000000000000000000, -1.000000000000000000, -0.000000000000000000 ) ) ;
#629 = ORIENTED_EDGE ( 'NONE', *, *, #1678, .F. ) ;
#630 = CARTESIAN_POINT ( 'NONE',  ( -12.96397042583039827, 26.33417673809979576, 13.62451432704049203 ) ) ;
#631 = VECTOR ( 'NONE', #2839, 1000.000000000000000 ) ;
#632 = DIRECTION ( 'NONE',  ( 1.000000000000000000, 0.000000000000000000, -2.676430505792786015E-14 ) ) ;
#633 = CARTESIAN_POINT ( 'NONE',  ( 7.596246909045275331, 23.53599233907332433, 10.65159743644376178 ) ) ;
#634 = ADVANCED_FACE ( 'NONE', ( #2139 ), #3604, .F. ) ;
#635 = CARTESIAN_POINT ( 'NONE',  ( 12.82761052907858890, 14.84586669498913025, -18.49873699147757478 ) ) ;
#636 = ORIENTED_EDGE ( 'NONE', *, *, #897, .F. ) ;
#637 = CARTESIAN_POINT ( 'NONE',  ( 16.86894342119963142, 13.39757087007082781, 15.69224437285302720 ) ) ;
#638 = CARTESIAN_POINT ( 'NONE',  ( -12.47677215928885808, 26.64937947734089718, -13.31124327556765685 ) ) ;
#639 = DATE_TIME_ROLE ( 'classification_date' ) ;
#640 = AXIS2_PLACEMENT_3D ( 'NONE', #780, #3057, #2150 ) ;
#641 = CARTESIAN_POINT ( 'NONE',  ( -12.21014241050787064, 12.50423803736446260, 18.15007267304032013 ) ) ;
#642 = ORIENTED_EDGE ( 'NONE', *, *, #2438, .T. ) ;
#643 = AXIS2_PLACEMENT_3D ( 'NONE', #621, #304, #922 ) ;
#644 = DIRECTION ( 'NONE',  ( -0.000000000000000000, 1.000000000000000000, -0.000000000000000000 ) ) ;
#645 = CARTESIAN_POINT ( 'NONE',  ( -9.322262939757068878, 7.935289479643037325, -16.78461213635432969 ) ) ;
#646 = DIRECTION ( 'NONE',  ( 0.000000000000000000, 0.000000000000000000, 1.000000000000000000 ) ) ;
#647 = PLANE ( 'NONE',  #3563 ) ;
#648 = CARTESIAN_POINT ( 'NONE',  ( -9.999999999999991118, 17.00000000000000000, -11.16936811832402476 ) ) ;
#649 = CARTESIAN_POINT ( 'NONE',  ( -15.55404818371693132, 24.00000000000000000, 15.10950141828942783 ) ) ;
#650 = CARTESIAN_POINT ( 'NONE',  ( 30.00000000000000000, 30.00000000000000000, 0.000000000000000000 ) ) ;
#651 = CARTESIAN_POINT ( 'NONE',  ( 31.00000000000000000, 0.000000000000000000, 17.97220075561142849 ) ) ;
#652 = DIRECTION ( 'NONE',  ( 0.000000000000000000, 0.000000000000000000, 1.000000000000000000 ) ) ;
#653 = CARTESIAN_POINT ( 'NONE',  ( -10.56029318827217267, 9.406934911103030927, -17.31812869153994328 ) ) ;
#654 = ORIENTED_EDGE ( 'NONE', *, *, #92, .T. ) ;
#655 = ADVANCED_FACE ( 'NONE', ( #3381 ), #1798, .F. ) ;
#656 = EDGE_CURVE ( 'NONE', #4049, #3872, #3674, .T. ) ;
#657 = CARTESIAN_POINT ( 'NONE',  ( 12.44301261486986299, 13.14402225266366919, 13.71918420615366152 ) ) ;
#658 = CARTESIAN_POINT ( 'NONE',  ( 0.000000000000000000, 27.99999999999999645, 0.000000000000000000 ) ) ;
#659 = CARTESIAN_POINT ( 'NONE',  ( 0.000000000000000000, 0.000000000000000000, 0.000000000000000000 ) ) ;
#660 = CARTESIAN_POINT ( 'NONE',  ( -12.43362982933254202, 21.00335989368353040, 13.71868536098227942 ) ) ;
#661 = EDGE_LOOP ( 'NONE', ( #2795, #3481, #1375, #2417 ) ) ;
#662 = CARTESIAN_POINT ( 'NONE',  ( -7.998732426636446569, 23.03578981274855053, -10.72865389661908608 ) ) ;
#663 = CARTESIAN_POINT ( 'NONE',  ( -8.130052255093678681, 6.841497838287540212, -16.33591410025062984 ) ) ;
#664 = CYLINDRICAL_SURFACE ( 'NONE', #3534, 10.99999999999999645 ) ;
#665 = FACE_OUTER_BOUND ( 'NONE', #4088, .T. ) ;
#666 = DIRECTION ( 'NONE',  ( 0.000000000000000000, 1.000000000000000000, -0.000000000000000000 ) ) ;
#667 = ADVANCED_FACE ( 'NONE', ( #2418 ), #1484, .T. ) ;
#668 = CARTESIAN_POINT ( 'NONE',  ( -12.89271242422466912, 15.27814102139467067, 18.53681072080430070 ) ) ;
#669 = VERTEX_POINT ( 'NONE', #2162 ) ;
#670 = CIRCLE ( 'NONE', #2039, 46.00000000000000000 ) ;
#671 = DIRECTION ( 'NONE',  ( -1.000000000000000000, 0.000000000000000000, 0.000000000000000000 ) ) ;
#672 = DIRECTION ( 'NONE',  ( -0.8660254037844388186, 0.000000000000000000, 0.5000000000000001110 ) ) ;
#673 = CARTESIAN_POINT ( 'NONE',  ( -13.00000000000000178, 16.99999999997615063, -18.59986959184175603 ) ) ;
#674 = CARTESIAN_POINT ( 'NONE',  ( 0.000000000000000000, 30.00000000000000000, 51.96152422706631313 ) ) ;
#675 = CARTESIAN_POINT ( 'NONE',  ( 4.241054109164262620, 4.681594089763512656, -15.31836561391303242 ) ) ;
#676 = EDGE_LOOP ( 'NONE', ( #1781, #2095, #2838, #3613 ) ) ;
#677 = CARTESIAN_POINT ( 'NONE',  ( 8.060046034190568420, 6.771357419598857064, 12.73294987264864986 ) ) ;
#678 = FACE_OUTER_BOUND ( 'NONE', #1104, .T. ) ;
#679 = COORDINATED_UNIVERSAL_TIME_OFFSET ( 5, 30, .AHEAD. ) ;
#680 = CARTESIAN_POINT ( 'NONE',  ( -12.92695870537800218, 18.48328814150313093, 18.55686066869157358 ) ) ;
#681 = EDGE_LOOP ( 'NONE', ( #298, #2081, #1253, #974 ) ) ;
#682 = CARTESIAN_POINT ( 'NONE',  ( -30.99999999999991473, 28.00000000000000355, -14.22610328868094065 ) ) ;
#683 = CARTESIAN_POINT ( 'NONE',  ( -9.649110245261473651, 3.716570630280569443, -13.14151166890216871 ) ) ;
#684 = ADVANCED_FACE ( 'NONE', ( #1461 ), #1188, .F. ) ;
#685 = CARTESIAN_POINT ( 'NONE',  ( 28.99999999999981526, 24.26316777965513438, -17.97220075561143204 ) ) ;
#686 = FACE_BOUND ( 'NONE', #1734, .T. ) ;
#687 = CARTESIAN_POINT ( 'NONE',  ( -5.678697002567631102, 29.38913351690057496, 9.037811760968361696 ) ) ;
#688 = VERTEX_POINT ( 'NONE', #3757 ) ;
#689 = AXIS2_PLACEMENT_3D ( 'NONE', #2349, #723, #1708 ) ;
#690 = VERTEX_POINT ( 'NONE', #860 ) ;
#691 = CARTESIAN_POINT ( 'NONE',  ( -30.00000000000000000, 24.00000000000000000, 0.000000000000000000 ) ) ;
#692 = CARTESIAN_POINT ( 'NONE',  ( -28.99999999999999645, 0.000000000000000000, 10.95445115010331705 ) ) ;
#693 = CARTESIAN_POINT ( 'NONE',  ( -1.412480427601549904, 1.050065990277821770, 11.98490480193602359 ) ) ;
#694 = LINE ( 'NONE', #357, #1058 ) ;
#695 = CARTESIAN_POINT ( 'NONE',  ( -30.99999999999999645, 27.87215182914066602, 15.00318336417240772 ) ) ;
#696 = AXIS2_PLACEMENT_3D ( 'NONE', #1712, #3005, #96 ) ;
#697 = CARTESIAN_POINT ( 'NONE',  ( 12.66692523685145133, 26.52919786160525817, 13.43374127936709073 ) ) ;
#698 = CIRCLE ( 'NONE', #4144, 6.000000000000000000 ) ;
#699 = VERTEX_POINT ( 'NONE', #4056 ) ;
#700 = CARTESIAN_POINT ( 'NONE',  ( 15.87446401336361390, 23.39082393826149087, 15.24473858773900403 ) ) ;
#701 = CARTESIAN_POINT ( 'NONE',  ( -13.00000000000000178, 17.00000000000000000, 20.00000000000000000 ) ) ;
#702 = CARTESIAN_POINT ( 'NONE',  ( -16.24634333224257432, 11.46675450749853553, 15.40860362793201155 ) ) ;
#703 = ORIENTED_EDGE ( 'NONE', *, *, #1946, .F. ) ;
#704 = PLANE ( 'NONE',  #1650 ) ;
#705 = CARTESIAN_POINT ( 'NONE',  ( -8.731804512613857483, 7.321374118165518752, -12.86343595759515424 ) ) ;
#706 = CARTESIAN_POINT ( 'NONE',  ( -40.99999999999999289, 0.000000000000000000, -1.000000000000000000 ) ) ;
#707 = CARTESIAN_POINT ( 'NONE',  ( 11.25869517919832141, 10.44717606463662563, 17.64877838432772350 ) ) ;
#708 = AXIS2_PLACEMENT_3D ( 'NONE', #1911, #4028, #3100 ) ;
#709 = ORIENTED_EDGE ( 'NONE', *, *, #3926, .F. ) ;
#710 = ORIENTED_EDGE ( 'NONE', *, *, #3749, .T. ) ;
#711 = CARTESIAN_POINT ( 'NONE',  ( -7.460038318034304616, 27.66296592578712676, 13.66102288116292485 ) ) ;
#712 = EDGE_CURVE ( 'NONE', #2859, #2554, #4034, .T. ) ;
#713 = ADVANCED_FACE ( 'NONE', ( #2820 ), #2115, .F. ) ;
#714 = CARTESIAN_POINT ( 'NONE',  ( 30.00000000000000355, 0.000000000000000000, 20.00000000000000000 ) ) ;
#715 = CARTESIAN_POINT ( 'NONE',  ( -16.10779750389385967, 11.12870715365603402, 15.34718818077599956 ) ) ;
#716 = DIRECTION ( 'NONE',  ( -2.676430505792786015E-14, 0.000000000000000000, 1.000000000000000000 ) ) ;
#717 = CARTESIAN_POINT ( 'NONE',  ( -30.99999999999999289, 27.47149313299148332, 15.97286779266253021 ) ) ;
#718 = CARTESIAN_POINT ( 'NONE',  ( 7.804701248078513842, 28.77766700839248415, 10.32824619007497624 ) ) ;
#719 = CIRCLE ( 'NONE', #3033, 13.00000000000000178 ) ;
#720 = CARTESIAN_POINT ( 'NONE',  ( -8.951252833485709104, 26.44813825096201043, -15.32020473191367493 ) ) ;
#721 = ORIENTED_EDGE ( 'NONE', *, *, #305, .F. ) ;
#722 = CARTESIAN_POINT ( 'NONE',  ( 17.22620233070164630, 15.39717224114249561, 15.86082926962958872 ) ) ;
#723 = DIRECTION ( 'NONE',  ( -1.000000000000000000, -0.000000000000000000, 0.000000000000000000 ) ) ;
#724 = AXIS2_PLACEMENT_3D ( 'NONE', #1060, #3007, #3635 ) ;
#725 = DIRECTION ( 'NONE',  ( -0.000000000000000000, -0.000000000000000000, 1.000000000000000000 ) ) ;
#726 = VERTEX_POINT ( 'NONE', #2096 ) ;
#727 = CARTESIAN_POINT ( 'NONE',  ( -9.131085439695462824, 21.09005321358329965, -10.96592485583382626 ) ) ;
#728 = CARTESIAN_POINT ( 'NONE',  ( 0.000000000000000000, 17.00000000000000000, 20.00000000000000000 ) ) ;
#729 = CARTESIAN_POINT ( 'NONE',  ( 4.481734491934966869, 25.94532178772607267, -9.696810850767121792 ) ) ;
#730 = CARTESIAN_POINT ( 'NONE',  ( 0.000000000000000000, 30.00000000000000000, 5.961524227066320236 ) ) ;
#731 = ORIENTED_EDGE ( 'NONE', *, *, #93, .T. ) ;
#732 = ORIENTED_EDGE ( 'NONE', *, *, #1202, .F. ) ;
#733 = CARTESIAN_POINT ( 'NONE',  ( -3.978825323157442639, 29.38919112220658292, 9.878733881745507261 ) ) ;
#734 = CARTESIAN_POINT ( 'NONE',  ( -9.743511432501165359, 14.72572982496505212, 11.10729130082236082 ) ) ;
#735 = CARTESIAN_POINT ( 'NONE',  ( -17.31131600731563935, 17.28199059599878140, 15.90155993102044008 ) ) ;
#736 = CARTESIAN_POINT ( 'NONE',  ( 30.00000000000000000, 0.000000000000000000, 0.000000000000000000 ) ) ;
#737 = CIRCLE ( 'NONE', #2379, 18.00000000000000355 ) ;
#738 = EDGE_CURVE ( 'NONE', #3638, #3517, #1912, .T. ) ;
#739 = CARTESIAN_POINT ( 'NONE',  ( 5.559503105356700559, 28.76493179490131524, 11.56385701760263451 ) ) ;
#740 = ORIENTED_EDGE ( 'NONE', *, *, #822, .F. ) ;
#741 = CARTESIAN_POINT ( 'NONE',  ( 8.994110126293479723, 21.38298910483377924, -10.93555872259712203 ) ) ;
#742 = CARTESIAN_POINT ( 'NONE',  ( -15.55404818371694198, 24.00000000000000000, -15.10950141828942073 ) ) ;
#743 = EDGE_CURVE ( 'NONE', #2110, #1629, #360, .T. ) ;
#744 = CARTESIAN_POINT ( 'NONE',  ( -10.43292929526844581, 9.192411499125828556, 13.23945344175769101 ) ) ;
#745 = EDGE_LOOP ( 'NONE', ( #2486, #1207, #2989, #789 ) ) ;
#746 = DIRECTION ( 'NONE',  ( 0.000000000000000000, -1.000000000000000000, 0.000000000000000000 ) ) ;
#747 = CARTESIAN_POINT ( 'NONE',  ( 28.99999999999999645, 27.99999999999996803, 14.22585862220728536 ) ) ;
#748 = DIRECTION ( 'NONE',  ( 0.5000000000000003331, 0.000000000000000000, 0.8660254037844385966 ) ) ;
#749 = CARTESIAN_POINT ( 'NONE',  ( -0.9068951450602639186, 29.98368058017423365, 6.421358199980156556 ) ) ;
#750 = ORIENTED_EDGE ( 'NONE', *, *, #2257, .T. ) ;
#751 = DIRECTION ( 'NONE',  ( 0.8660254037844389297, 5.007715329123866724E-16, 0.4999999999999998890 ) ) ;
#752 = CARTESIAN_POINT ( 'NONE',  ( 12.88739498507941406, 18.96904349789161870, 18.53241435657610126 ) ) ;
#753 = CARTESIAN_POINT ( 'NONE',  ( 9.328527527510432904, 7.941742427840129182, -16.78713016869240704 ) ) ;
#754 = CARTESIAN_POINT ( 'NONE',  ( -30.00000000000000000, 27.99999999999999645, 0.000000000000000000 ) ) ;
#755 = CARTESIAN_POINT ( 'NONE',  ( -15.55404818371693132, 24.00000000000000000, 15.10950141828942783 ) ) ;
#756 = DIRECTION ( 'NONE',  ( 0.000000000000000000, 1.000000000000000000, -0.000000000000000000 ) ) ;
#757 = CIRCLE ( 'NONE', #3130, 42.00000000000000000 ) ;
#758 = CIRCLE ( 'NONE', #220, 10.99999999999999645 ) ;
#759 = CARTESIAN_POINT ( 'NONE',  ( 13.54510693036974267, 25.92147791488866204, 13.99211242432363989 ) ) ;
#760 = CARTESIAN_POINT ( 'NONE',  ( -10.43172296463349724, 24.76480162518436146, -16.87178720096424911 ) ) ;
#761 = ORIENTED_EDGE ( 'NONE', *, *, #21, .T. ) ;
#762 = CARTESIAN_POINT ( 'NONE',  ( 17.13692726943172673, 14.72400255020409965, 15.81809277606704356 ) ) ;
#763 = CYLINDRICAL_SURFACE ( 'NONE', #2738, 10.99999999999999645 ) ;
#764 = CIRCLE ( 'NONE', #91, 41.99999999999999289 ) ;
#765 = EDGE_CURVE ( 'NONE', #2069, #2198, #300, .T. ) ;
#766 = AXIS2_PLACEMENT_3D ( 'NONE', #1130, #3089, #1152 ) ;
#767 = CARTESIAN_POINT ( 'NONE',  ( -5.772290061024922814, 1.902098504114124289, 12.37426319465830993 ) ) ;
#768 = ORIENTED_EDGE ( 'NONE', *, *, #1731, .F. ) ;
#769 = DIRECTION ( 'NONE',  ( 0.000000000000000000, 0.000000000000000000, -1.000000000000000000 ) ) ;
#770 = CARTESIAN_POINT ( 'NONE',  ( -11.68983933807475672, 22.68750000000000000, -17.87340312894769312 ) ) ;
#771 = AXIS2_PLACEMENT_3D ( 'NONE', #2843, #601, #2246 ) ;
#772 = CARTESIAN_POINT ( 'NONE',  ( 31.00000000000000000, 30.00000000000000000, 17.97220075561142849 ) ) ;
#773 = CARTESIAN_POINT ( 'NONE',  ( 12.82651990104122319, 14.84056082352723749, 18.49810932154648313 ) ) ;
#774 = EDGE_LOOP ( 'NONE', ( #2390, #1455, #2178, #3914, #931 ) ) ;
#775 = ORIENTED_EDGE ( 'NONE', *, *, #252, .F. ) ;
#776 = CARTESIAN_POINT ( 'NONE',  ( 0.000000000000000000, 30.00000000000000000, 5.961524227066320236 ) ) ;
#777 = CARTESIAN_POINT ( 'NONE',  ( 11.91103468642269547, 11.72314589350744818, -13.59435084886601075 ) ) ;
#778 = CARTESIAN_POINT ( 'NONE',  ( 4.460865618052429760, 29.26178233564168707, -10.37340408033207417 ) ) ;
#779 = CARTESIAN_POINT ( 'NONE',  ( 0.000000000000000000, 24.00000000000000000, 51.96152422706631313 ) ) ;
#780 = CARTESIAN_POINT ( 'NONE',  ( 0.000000000000000000, 24.00000000000000000, 51.96152422706631313 ) ) ;
#781 = CC_DESIGN_PERSON_AND_ORGANIZATION_ASSIGNMENT ( #1601, #280, ( #2325 ) ) ;
#782 = CARTESIAN_POINT ( 'NONE',  ( -12.97770243491598663, 16.12480409831419692, -18.58666952389566518 ) ) ;
#783 = CARTESIAN_POINT ( 'NONE',  ( -8.480244978448640225, 26.93713363223248791, -12.28918114349741231 ) ) ;
#784 = ORIENTED_EDGE ( 'NONE', *, *, #271, .T. ) ;
#785 = CARTESIAN_POINT ( 'NONE',  ( 12.79288028202226890, 19.36968887014015195, 13.79427031972094753 ) ) ;
#786 = DIRECTION ( 'NONE',  ( 0.000000000000000000, 0.000000000000000000, -1.000000000000000000 ) ) ;
#787 = ADVANCED_FACE ( 'NONE', ( #322 ), #3854, .F. ) ;
#788 = CARTESIAN_POINT ( 'NONE',  ( -11.19774843577279455, 10.31975408065609656, 13.42184770393488691 ) ) ;
#789 = ORIENTED_EDGE ( 'NONE', *, *, #3104, .T. ) ;
#790 = TOROIDAL_SURFACE ( 'NONE', #1279, 14.00000000000000000, 6.000000000000000000 ) ;
#791 = CARTESIAN_POINT ( 'NONE',  ( 30.00000000000000000, 30.00000000000000000, 0.000000000000000000 ) ) ;
#792 = DIRECTION ( 'NONE',  ( -0.000000000000000000, -0.000000000000000000, 1.000000000000000000 ) ) ;
#793 = B_SPLINE_CURVE_WITH_KNOTS ( 'NONE', 3,
 ( #2632, #682, #1395, #3064, #2441, #517, #3362, #3694, #813, #1825, #3122, #3085, #2801, #3044, #3714, #1501, #157, #2462 ),
 .UNSPECIFIED., .F., .F.,
 ( 4, 2, 2, 2, 2, 2, 2, 2, 4 ),
 ( 0.01988089301221659597, 0.02066280168908228576, 0.02144471036594797556, 0.02222661904281366188, 0.02300852771967934821, 0.02379043639654503453, 0.02457234507341071739, 0.02535425375027640371, 0.02613616242714209004 ),
 .UNSPECIFIED. ) ;
#794 = B_SPLINE_CURVE_WITH_KNOTS ( 'NONE', 3,
 ( #462, #2429, #4046, #2108, #3392, #2128, #1158, #2453, #506, #2812, #846, #3094, #3745, #4085, #2495, #3768, #3552, #3847, #2574, #1955, #2887, #567, #4138, #1932 ),
 .UNSPECIFIED., .F., .F.,
 ( 4, 2, 2, 2, 2, 2, 2, 2, 2, 2, 2, 4 ),
 ( 0.000000000000000000, 0.001180241411423874412, 0.002360482822847748824, 0.003540724234271623236, 0.004720965645695497648, 0.007081448468543240400, 0.009441931291390981418, 0.01416289693708646345, 0.01652337975993420360, 0.01770362117135807628, 0.01829374187707000915, 0.01888386258278194549 ),
 .UNSPECIFIED. ) ;
#795 = DIRECTION ( 'NONE',  ( 0.000000000000000000, 0.000000000000000000, -1.000000000000000000 ) ) ;
#796 = CARTESIAN_POINT ( 'NONE',  ( -1.360785697697372676, 26.91278390522188602, -8.723565587804364085 ) ) ;
#797 = ORIENTED_EDGE ( 'NONE', *, *, #2046, .F. ) ;
#798 = CARTESIAN_POINT ( 'NONE',  ( 40.99999999999999289, 0.000000000000000000, -1.000000000000000000 ) ) ;
#799 = CARTESIAN_POINT ( 'NONE',  ( 13.01055251721232686, 16.82766581189309107, -18.60607525348412850 ) ) ;
#800 = CARTESIAN_POINT ( 'NONE',  ( -6.659828622772510975, 24.49133007772985238, 10.49002164476505072 ) ) ;
#801 = ADVANCED_FACE ( 'NONE', ( #2242 ), #3144, .T. ) ;
#802 = CARTESIAN_POINT ( 'NONE',  ( 16.16286563089022366, 22.74141879898868268, 15.37149009645889208 ) ) ;
#803 = CARTESIAN_POINT ( 'NONE',  ( 9.743189119364146222, 14.72428591495551942, -11.10721423392844009 ) ) ;
#804 = DIRECTION ( 'NONE',  ( -2.676430505792786015E-14, 0.000000000000000000, -1.000000000000000000 ) ) ;
#805 = DIRECTION ( 'NONE',  ( -0.000000000000000000, -0.000000000000000000, 1.000000000000000000 ) ) ;
#806 = CARTESIAN_POINT ( 'NONE',  ( 30.00000000000000000, 30.00000000000000000, 0.000000000000000000 ) ) ;
#807 = ORIENTED_EDGE ( 'NONE', *, *, #3283, .F. ) ;
#808 = CC_DESIGN_APPROVAL ( #2431, ( #2239 ) ) ;
#809 = CARTESIAN_POINT ( 'NONE',  ( -11.52942861970381472, 23.01720119136025389, 17.79007490134343428 ) ) ;
#810 = CARTESIAN_POINT ( 'NONE',  ( 28.99999999999991829, 28.00000000000000000, -13.96424004376893535 ) ) ;
#811 = CARTESIAN_POINT ( 'NONE',  ( -12.15643718252952432, 5.612792720399081503, 13.85251419635066661 ) ) ;
#812 = ORIENTED_EDGE ( 'NONE', *, *, #1598, .T. ) ;
#813 = CARTESIAN_POINT ( 'NONE',  ( -30.99999999999985079, 27.01589681946107646, -16.61064361345995621 ) ) ;
#814 = CARTESIAN_POINT ( 'NONE',  ( 29.00000000000000000, 25.03988018267284232, 17.84335289353231957 ) ) ;
#815 = DIRECTION ( 'NONE',  ( 0.000000000000000000, -1.000000000000000000, 0.000000000000000000 ) ) ;
#816 = CARTESIAN_POINT ( 'NONE',  ( 12.15351145378484610, 12.36594754363697213, 18.11920865682346360 ) ) ;
#817 = ORIENTED_EDGE ( 'NONE', *, *, #72, .T. ) ;
#818 = DIRECTION ( 'NONE',  ( 0.000000000000000000, 0.000000000000000000, 1.000000000000000000 ) ) ;
#819 = CARTESIAN_POINT ( 'NONE',  ( -2.642912865986867477, 29.79420857744933571, -7.844069759146796272 ) ) ;
#820 = CARTESIAN_POINT ( 'NONE',  ( 12.92439168742049738, 15.49072486640291935, -13.82027351349974609 ) ) ;
#821 = CARTESIAN_POINT ( 'NONE',  ( 7.141428428542837992, 24.00000000000000000, 10.57312005391655774 ) ) ;
#822 = EDGE_CURVE ( 'NONE', #3179, #2017, #563, .T. ) ;
#823 = CARTESIAN_POINT ( 'NONE',  ( 17.29911562049493057, 17.26924295047477642, 15.89574260494144475 ) ) ;
#824 = CARTESIAN_POINT ( 'NONE',  ( -6.603840261659580158, 9.483573418242082553, -10.48315803878612940 ) ) ;
#825 = CARTESIAN_POINT ( 'NONE',  ( -47.43986267119487366, 26.00946370992087964, -0.9999999999999981126 ) ) ;
#826 = B_SPLINE_CURVE_WITH_KNOTS ( 'NONE', 3,
 ( #3285, #999, #356, #693, #1701, #1722, #2661, #1430, #1655, #2341, #378, #3908, #3307, #2954, #44, #2640, #3015, #3329, #1023, #2317, #2064, #1679, #3619, #3956, #715, #2993, #2023, #83, #1385, #1069, #2366, #3641, #735, #2044, #106, #1407, #2706, #3979, #1090, #755 ),
 .UNSPECIFIED., .F., .F.,
 ( 4, 2, 2, 2, 2, 2, 2, 2, 2, 2, 2, 2, 2, 2, 2, 2, 2, 2, 2, 4 ),
 ( 0.03408703374845453715, 0.03515274077935215402, 0.03621844781024976395, 0.03834986187204499075, 0.04048127593384021755, 0.04261268999563544435, 0.04687551811922589795, 0.04794122515012351482, 0.04900693218102113169, 0.05113834624281635155, 0.05220405327371396842, 0.05326976030461157141, 0.05540117436640680515, 0.05753258842820203195, 0.05859829545909964188, 0.05966400248999725181, 0.06179541655179247861, 0.06286112358269008160, 0.06392683061358768459, 0.06818965873717811044 ),
 .UNSPECIFIED. ) ;
#827 = CARTESIAN_POINT ( 'NONE',  ( -47.97220075561142494, 0.000000000000000000, 1.000000000000002220 ) ) ;
#828 = CARTESIAN_POINT ( 'NONE',  ( 3.978825323157257898, 29.38919112220663266, 9.878733881745507261 ) ) ;
#829 = EDGE_LOOP ( 'NONE', ( #1221, #74 ) ) ;
#830 = CARTESIAN_POINT ( 'NONE',  ( -11.68983933807475495, 22.68750000000000000, 17.87340312894769667 ) ) ;
#831 = AXIS2_PLACEMENT_3D ( 'NONE', #3378, #4029, #3711 ) ;
#832 = DIRECTION ( 'NONE',  ( 0.000000000000000000, 0.000000000000000000, 1.000000000000000000 ) ) ;
#833 = DIRECTION ( 'NONE',  ( -0.000000000000000000, -1.000000000000000000, -0.000000000000000000 ) ) ;
#834 = CARTESIAN_POINT ( 'NONE',  ( -6.372680393019247269, 5.639798635591497522, 12.44281906121919690 ) ) ;
#835 = ORIENTED_EDGE ( 'NONE', *, *, #2702, .F. ) ;
#836 = DIRECTION ( 'NONE',  ( 0.000000000000000000, 0.000000000000000000, -1.000000000000000000 ) ) ;
#837 = LINE ( 'NONE', #2140, #3783 ) ;
#838 = CIRCLE ( 'NONE', #3746, 18.00000000000000355 ) ;
#839 = CARTESIAN_POINT ( 'NONE',  ( 12.30058017384170022, 12.77171646715132702, 18.20009398614627472 ) ) ;
#840 = ORIENTED_EDGE ( 'NONE', *, *, #72, .F. ) ;
#841 = DIRECTION ( 'NONE',  ( 0.000000000000000000, 1.000000000000000000, -0.000000000000000000 ) ) ;
#842 = CARTESIAN_POINT ( 'NONE',  ( 2.955052858073864641, 1.220420830756084873, -12.06408325475165277 ) ) ;
#843 = CARTESIAN_POINT ( 'NONE',  ( -31.00000000000000000, 27.97385116576777619, 14.49121070663782618 ) ) ;
#844 = CARTESIAN_POINT ( 'NONE',  ( 16.90735952870858227, 20.39614265362248702, 15.71035162829126008 ) ) ;
#845 = CARTESIAN_POINT ( 'NONE',  ( -5.832393873583848531, 8.870427979140979247, -10.36755538542482036 ) ) ;
#846 = CARTESIAN_POINT ( 'NONE',  ( -8.398970251410039722, 26.94023740409052792, -14.70679429923279891 ) ) ;
#847 = EDGE_CURVE ( 'NONE', #3950, #3295, #906, .T. ) ;
#848 = EDGE_CURVE ( 'NONE', #669, #1686, #942, .T. ) ;
#849 = VECTOR ( 'NONE', #84, 1000.000000000000000 ) ;
#850 = CARTESIAN_POINT ( 'NONE',  ( 2.333995197477749528, 29.83919377831783137, 8.185682360761745713 ) ) ;
#851 = CIRCLE ( 'NONE', #3958, 8.999999999999994671 ) ;
#852 = ORIENTED_EDGE ( 'NONE', *, *, #3053, .T. ) ;
#853 = CARTESIAN_POINT ( 'NONE',  ( -9.601347008944943084, 25.76995989377338248, 16.02021152331706233 ) ) ;
#854 = CARTESIAN_POINT ( 'NONE',  ( 0.000000000000000000, 17.00000000000000000, -20.00200000000000244 ) ) ;
#855 = CARTESIAN_POINT ( 'NONE',  ( 30.00000000000000000, 0.000000000000000000, -8.999999999999996447 ) ) ;
#856 = EDGE_CURVE ( 'NONE', #1755, #2805, #2521, .T. ) ;
#857 = B_SPLINE_CURVE_WITH_KNOTS ( 'NONE', 3,
 ( #3109, #3699, #77, #2269, #1339, #970, #2290, #3880, #1379, #2615, #3569, #3323, #729, #2969, #59, #3236, #2925, #16 ),
 .UNSPECIFIED., .F., .F.,
 ( 4, 2, 2, 2, 2, 2, 2, 2, 4 ),
 ( 0.008198573146803909972, 0.008709623139808145634, 0.009220673132812383030, 0.01024277311882085609, 0.01126487310482932741, 0.01228697309083780220, 0.01330907307684627353, 0.01433117306285474658, 0.01637537303487168749 ),
 .UNSPECIFIED. ) ;
#858 = CARTESIAN_POINT ( 'NONE',  ( 2.734304959807798863, 4.287786169092767885, 15.11335340433288899 ) ) ;
#859 = ORIENTED_EDGE ( 'NONE', *, *, #2074, .T. ) ;
#860 = CARTESIAN_POINT ( 'NONE',  ( 30.00000000000000000, 30.00000000000000000, 14.00000000000000178 ) ) ;
#861 = APPLICATION_PROTOCOL_DEFINITION ( 'international standard', 'config_control_design', 1994, #2878 ) ;
#862 = CARTESIAN_POINT ( 'NONE',  ( 43.96424004376920891, 28.00000000000308731, -0.9999999999999991118 ) ) ;
#863 = AXIS2_PLACEMENT_3D ( 'NONE', #674, #46, #652 ) ;
#864 = ORIENTED_EDGE ( 'NONE', *, *, #2471, .T. ) ;
#865 = DIRECTION ( 'NONE',  ( 0.000000000000000000, -1.000000000000000000, 0.000000000000000000 ) ) ;
#866 = CARTESIAN_POINT ( 'NONE',  ( -5.034235259946171048, 29.49882348491576067, -8.673226687616219621 ) ) ;
#867 = CARTESIAN_POINT ( 'NONE',  ( 7.791583237296723752, 2.699490230292747484, -12.72238991108000583 ) ) ;
#868 = DIRECTION ( 'NONE',  ( -0.000000000000000000, 1.000000000000000000, -0.000000000000000000 ) ) ;
#869 = CIRCLE ( 'NONE', #3232, 18.00000000000000355 ) ;
#870 = DIRECTION ( 'NONE',  ( -0.000000000000000000, -0.000000000000000000, 1.000000000000000000 ) ) ;
#871 = CARTESIAN_POINT ( 'NONE',  ( 17.27994557220793581, 16.20130322510950549, 15.88654112054159029 ) ) ;
#872 = CARTESIAN_POINT ( 'NONE',  ( 8.662840937669852082, 11.99378932748869531, -10.86432126397298603 ) ) ;
#873 = PLANE ( 'NONE',  #3215 ) ;
#874 = CARTESIAN_POINT ( 'NONE',  ( -17.27984650168752268, 16.19943969646358539, -15.88649361756917422 ) ) ;
#875 = ORIENTED_EDGE ( 'NONE', *, *, #1894, .F. ) ;
#876 = CARTESIAN_POINT ( 'NONE',  ( 10.55263107359558639, 24.72857624086066153, -13.62070268454104571 ) ) ;
#877 = ADVANCED_FACE ( 'NONE', ( #1557 ), #1271, .F. ) ;
#878 = ORIENTED_EDGE ( 'NONE', *, *, #3926, .T. ) ;
#879 = DIRECTION ( 'NONE',  ( 0.000000000000000000, 1.000000000000000000, -0.000000000000000000 ) ) ;
#880 = DIRECTION ( 'NONE',  ( -1.000000000000000000, 0.000000000000000000, 3.149091769236048498E-16 ) ) ;
#881 = EDGE_CURVE ( 'NONE', #2210, #61, #1583, .T. ) ;
#882 = DIRECTION ( 'NONE',  ( 0.000000000000000000, 0.000000000000000000, 1.000000000000000000 ) ) ;
#883 = VERTEX_POINT ( 'NONE', #597 ) ;
#884 = DIRECTION ( 'NONE',  ( 0.000000000000000000, 1.000000000000000000, -0.000000000000000000 ) ) ;
#885 = CARTESIAN_POINT ( 'NONE',  ( 7.126300034776322789, 2.405367655531956750, -12.59546757401857775 ) ) ;
#886 = FACE_OUTER_BOUND ( 'NONE', #2834, .T. ) ;
#887 = DIRECTION ( 'NONE',  ( 0.000000000000000000, 1.000000000000000000, 0.000000000000000000 ) ) ;
#888 = FACE_OUTER_BOUND ( 'NONE', #428, .T. ) ;
#889 = CARTESIAN_POINT ( 'NONE',  ( 17.31127802633757540, 17.28359372938444949, -15.90154160465852229 ) ) ;
#890 = ORIENTED_EDGE ( 'NONE', *, *, #2743, .T. ) ;
#891 = CARTESIAN_POINT ( 'NONE',  ( 12.76727993870156119, 19.46128124164414075, -18.46395933558923019 ) ) ;
#892 = CARTESIAN_POINT ( 'NONE',  ( 6.839512303669626370, 28.10722314519556164, -11.05089274221224649 ) ) ;
#893 = LINE ( 'NONE', #772, #1612 ) ;
#894 = TOROIDAL_SURFACE ( 'NONE', #3266, 14.00000000000000000, 4.000000000000000000 ) ;
#895 = VERTEX_POINT ( 'NONE', #3815 ) ;
#896 = EDGE_CURVE ( 'NONE', #282, #669, #2262, .T. ) ;
#897 = EDGE_CURVE ( 'NONE', #2626, #2938, #1555, .T. ) ;
#898 = CARTESIAN_POINT ( 'NONE',  ( 28.99999999999999645, 0.000000000000000000, -10.99999999999996980 ) ) ;
#899 = FACE_OUTER_BOUND ( 'NONE', #4170, .T. ) ;
#900 = CIRCLE ( 'NONE', #1316, 13.00000000000000178 ) ;
#901 = CYLINDRICAL_SURFACE ( 'NONE', #511, 18.00000000000000355 ) ;
#902 = ORIENTED_EDGE ( 'NONE', *, *, #2496, .T. ) ;
#903 = CARTESIAN_POINT ( 'NONE',  ( 9.665419848713332485, 28.09379055725225172, 11.49608119332973111 ) ) ;
#904 = CARTESIAN_POINT ( 'NONE',  ( -7.106407790505505417, 6.091756277200445879, -12.56214885571404416 ) ) ;
#905 = CARTESIAN_POINT ( 'NONE',  ( 8.662850785226059003, 11.99380645170747783, 10.86432334417103540 ) ) ;
#906 = CIRCLE ( 'NONE', #3271, 13.99999999999999822 ) ;
#907 =( BOUNDED_SURFACE ( )  B_SPLINE_SURFACE ( 3, 2, ( 
 ( #2943, #73, #2983 ),
 ( #2264, #660, #3250 ),
 ( #3002, #3585, #1374 ),
 ( #1393, #2672, #1054 ),
 ( #680, #408, #3294 ),
 ( #2351, #2285, #343 ),
 ( #94, #1357, #2650 ),
 ( #1312, #3876, #1641 ),
 ( #325, #1986, #1665 ),
 ( #1621, #389, #2692 ),
 ( #55, #33, #965 ),
 ( #641, #3629, #702 ),
 ( #3272, #367, #2963 ),
 ( #3919, #1033, #2327 ),
 ( #1690, #2779, #3732 ),
 ( #1822, #1499, #3105 ),
 ( #491, #199, #2113 ),
 ( #3963, #788, #3024 ),
 ( #2094, #1098, #4054 ),
 ( #3399, #744, #2394 ),
 ( #1800, #1754, #3338 ),
 ( #468, #2375, #3712 ),
 ( #427, #114, #811 ),
 ( #3670, #2052, #1078 ),
 ( #2416, #179, #1733 ),
 ( #515, #834, #1165 ),
 ( #3379, #2460, #2137 ),
 ( #1416, #1122, #767 ),
 ( #448, #3423, #3360 ),
 ( #2716, #3988, #1143 ),
 ( #4009, #2072, #3042 ),
 ( #1482, #3083, #134 ),
 ( #3649, #1439, #155 ),
 ( #2734, #2439, #3691 ),
 ( #1775, #3062, #1459 ),
 ( #2758, #4032, #537 ),
 ( #216, #2799, #3120 ),
 ( #4072, #2159, #1186 ),
 ( #2481, #3755, #3442 ),
 ( #858, #1840, #1637 ),
 ( #3853, #2584, #30 ),
 ( #3503, #2897, #3227 ),
 ( #596, #1962, #364 ),
 ( #1618, #299, #1661 ),
 ( #2541, #2939, #983 ),
 ( #2562, #3580, #321 ),
 ( #918, #677, #961 ),
 ( #1331, #1901, #2219 ),
 ( #1982, #2627, #4171 ),
 ( #1005, #3268, #9 ),
 ( #2261, #2241, #2916 ),
 ( #4150, #3873, #2961 ),
 ( #51, #278, #1290 ),
 ( #1941, #2282, #941 ),
 ( #340, #2606, #3185 ),
 ( #1308, #3814, #3560 ),
 ( #1599, #3893, #2300 ),
 ( #1576, #3522, #617 ),
 ( #2874, #657, #3247 ),
 ( #1270, #3836, #1922 ),
 ( #3541, #3205, #637 ),
 ( #3627, #1029, #762 ),
 ( #1372, #446, #722 ),
 ( #1391, #3040, #1728 ),
 ( #1687, #2391, #132 ),
 ( #3315, #1437, #3916 ),
 ( #2413, #2981, #4004 ),
 ( #1354, #1752, #3986 ),
 ( #2667, #3689, #3333 ),
 ( #2323, #785, #1118 ),
 ( #2070, #2732, #2092 ),
 ( #3060, #2373, #385 ),
 ( #3646, #3939, #3377 ),
 ( #3666, #3602, #1052 ),
 ( #3356, #406, #700 ),
 ( #2008, #2689, #466 ) ),
 .UNSPECIFIED., .F., .F., .F. ) 
 B_SPLINE_SURFACE_WITH_KNOTS ( ( 4, 2, 2, 2, 2, 2, 2, 2, 2, 2, 2, 2, 2, 2, 2, 2, 2, 2, 2, 2, 2, 2, 2, 2, 2, 2, 2, 2, 2, 2, 2, 2, 2, 2, 2, 2, 2, 4 ),
 ( 3, 3 ),
 ( -7.806255641895631925E-18, 0.004074926441986106984, 0.006112389662979164813, 0.008149852883972222642, 0.01018731610496528134, 0.01222477932595833830, 0.01426224254695139526, 0.01528097415744792374, 0.01629970576794445222, 0.01833716898893750918, 0.01935590059943403940, 0.02037463220993056962, 0.02444955865191668354, 0.02648702187290974050, 0.02852448509390279746, 0.03056194831489585442, 0.03158067992539238117, 0.03259941153588891138, 0.03463687475688197182, 0.03565560636737849509, 0.03667433797787502531, 0.04074926441986113923, 0.04176799603035766945, 0.04278672764085419966, 0.04482419086184726009, 0.04584292247234379031, 0.04686165408284032052, 0.04889911730383337402, 0.05093658052482642751, 0.05297404374581948794, 0.05501150696681254837, 0.05704897018780560880, 0.05806770179830213902, 0.05908643340879866923, 0.06112389662979172272, 0.06214262824028825294, 0.06316135985078477622, 0.06519882307177783665 ),
 ( 0.000000000000000000, 1.000000000000000000 ),
 .UNSPECIFIED. ) 
 GEOMETRIC_REPRESENTATION_ITEM ( )  RATIONAL_B_SPLINE_SURFACE ( (
 ( 1.000000000000000000, 0.5702358449965405640, 1.000000000000000000),
 ( 1.000000000000000000, 0.5576194881880276455, 1.000000000000000000),
 ( 1.000000000000000000, 0.5472691944339664882, 1.000000000000000000),
 ( 1.000000000000000000, 0.5373483425879550524, 1.000000000000000000),
 ( 1.000000000000000000, 0.5349861083597334810, 1.000000000000000000),
 ( 1.000000000000000000, 0.5325214816001860862, 1.000000000000000000),
 ( 1.000000000000000000, 0.5323858918639350346, 1.000000000000000000),
 ( 1.000000000000000000, 0.5342959905782189711, 1.000000000000000000),
 ( 1.000000000000000000, 0.5363509294905148828, 1.000000000000000000),
 ( 1.000000000000000000, 0.5425112690944040583, 1.000000000000000000),
 ( 1.000000000000000000, 0.5465531788924210543, 1.000000000000000000),
 ( 1.000000000000000000, 0.5561639709846571966, 1.000000000000000000),
 ( 1.000000000000000000, 0.5617326493310538238, 1.000000000000000000),
 ( 1.000000000000000000, 0.5709495336709248248, 1.000000000000000000),
 ( 1.000000000000000000, 0.5741773208389432392, 1.000000000000000000),
 ( 1.000000000000000000, 0.5808038294523673040, 1.000000000000000000),
 ( 1.000000000000000000, 0.5842037966772245516, 1.000000000000000000),
 ( 1.000000000000000000, 0.5945865159199735794, 1.000000000000000000),
 ( 1.000000000000000000, 0.6017502957212338410, 1.000000000000000000),
 ( 1.000000000000000000, 0.6125920252173354674, 1.000000000000000000),
 ( 1.000000000000000000, 0.6162224544033567675, 1.000000000000000000),
 ( 1.000000000000000000, 0.6234764005175168489, 1.000000000000000000),
 ( 1.000000000000000000, 0.6271118067366822091, 1.000000000000000000),
 ( 1.000000000000000000, 0.6450013733288937345, 1.000000000000000000),
 ( 1.000000000000000000, 0.6583709457184363512, 1.000000000000000000),
 ( 1.000000000000000000, 0.6756111486051680215, 1.000000000000000000),
 ( 1.000000000000000000, 0.6809206408704022717, 1.000000000000000000),
 ( 1.000000000000000000, 0.6901260611072761453, 1.000000000000000000),
 ( 1.000000000000000000, 0.6940512704027883562, 1.000000000000000000),
 ( 1.000000000000000000, 0.7004420374973574503, 1.000000000000000000),
 ( 1.000000000000000000, 0.7029082405298647807, 1.000000000000000000),
 ( 1.000000000000000000, 0.7054127971531976016, 1.000000000000000000),
 ( 1.000000000000000000, 0.7060491155476916747, 1.000000000000000000),
 ( 1.000000000000000000, 0.7068928844227494457, 1.000000000000000000),
 ( 1.000000000000000000, 0.7071034938474208831, 1.000000000000000000),
 ( 1.000000000000000000, 0.7071132413650104143, 1.000000000000000000),
 ( 1.000000000000000000, 0.7062913554251275539, 1.000000000000000000),
 ( 1.000000000000000000, 0.7038421431074651791, 1.000000000000000000),
 ( 1.000000000000000000, 0.7028227350211846414, 1.000000000000000000),
 ( 1.000000000000000000, 0.7003791823357373714, 1.000000000000000000),
 ( 1.000000000000000000, 0.6989482795180065322, 1.000000000000000000),
 ( 1.000000000000000000, 0.6908893901354320466, 1.000000000000000000),
 ( 1.000000000000000000, 0.6815699334237660389, 1.000000000000000000),
 ( 1.000000000000000000, 0.6671442814141912425, 1.000000000000000000),
 ( 1.000000000000000000, 0.6641119681782472473, 1.000000000000000000),
 ( 1.000000000000000000, 0.6578708285829331093, 1.000000000000000000),
 ( 1.000000000000000000, 0.6546544366481096278, 1.000000000000000000),
 ( 1.000000000000000000, 0.6447654032961669390, 1.000000000000000000),
 ( 1.000000000000000000, 0.6378521141611809275, 1.000000000000000000),
 ( 1.000000000000000000, 0.6271959902956214528, 1.000000000000000000),
 ( 1.000000000000000000, 0.6235963828034707390, 1.000000000000000000),
 ( 1.000000000000000000, 0.6163378377448234247, 1.000000000000000000),
 ( 1.000000000000000000, 0.6126670621103039727, 1.000000000000000000),
 ( 1.000000000000000000, 0.6017492086382382199, 1.000000000000000000),
 ( 1.000000000000000000, 0.5945778136883140830, 1.000000000000000000),
 ( 1.000000000000000000, 0.5807952075788261892, 1.000000000000000000),
 ( 1.000000000000000000, 0.5741829986488593551, 1.000000000000000000),
 ( 1.000000000000000000, 0.5619196899466998296, 1.000000000000000000),
 ( 1.000000000000000000, 0.5562404343559546049, 1.000000000000000000),
 ( 1.000000000000000000, 0.5465837351535673960, 1.000000000000000000),
 ( 1.000000000000000000, 0.5425701054676137502, 1.000000000000000000),
 ( 1.000000000000000000, 0.5364669007035554049, 1.000000000000000000),
 ( 1.000000000000000000, 0.5343779585275442168, 1.000000000000000000),
 ( 1.000000000000000000, 0.5328853730419784718, 1.000000000000000000),
 ( 1.000000000000000000, 0.5326630051115640585, 1.000000000000000000),
 ( 1.000000000000000000, 0.5327837784381693753, 1.000000000000000000),
 ( 1.000000000000000000, 0.5331234385514573848, 1.000000000000000000),
 ( 1.000000000000000000, 0.5349500327610310357, 1.000000000000000000),
 ( 1.000000000000000000, 0.5372462846412650039, 1.000000000000000000),
 ( 1.000000000000000000, 0.5421529558554442074, 1.000000000000000000),
 ( 1.000000000000000000, 0.5440317761813306952, 1.000000000000000000),
 ( 1.000000000000000000, 0.5482454410343344797, 1.000000000000000000),
 ( 1.000000000000000000, 0.5505845055694946755, 1.000000000000000000),
 ( 1.000000000000000000, 0.5581418187829454425, 1.000000000000000000),
 ( 1.000000000000000000, 0.5639204618653016476, 1.000000000000000000),
 ( 1.000000000000000000, 0.5702358449965411191, 1.000000000000000000) ) ) 
 REPRESENTATION_ITEM ( '' )  SURFACE ( )  );
#908 = CARTESIAN_POINT ( 'NONE',  ( -30.99999999999991829, 28.00000000000000000, -13.96424004376894423 ) ) ;
#909 = CARTESIAN_POINT ( 'NONE',  ( 5.489333724204629839, 28.83930291689457448, 11.48196448059941233 ) ) ;
#910 = EDGE_LOOP ( 'NONE', ( #4175, #1040 ) ) ;
#911 = CARTESIAN_POINT ( 'NONE',  ( 5.546657122852331590, 1.830945861741341663, -12.34237624621814966 ) ) ;
#912 = ORIENTED_EDGE ( 'NONE', *, *, #4104, .T. ) ;
#913 = LINE ( 'NONE', #1917, #3296 ) ;
#914 = CARTESIAN_POINT ( 'NONE',  ( 14.62394544302045318, 25.01884555067284310, -14.64158179434559770 ) ) ;
#915 = FACE_OUTER_BOUND ( 'NONE', #3780, .T. ) ;
#916 = AXIS2_PLACEMENT_3D ( 'NONE', #3909, #1024, #2065 ) ;
#917 = ORIENTED_EDGE ( 'NONE', *, *, #3484, .T. ) ;
#918 = CARTESIAN_POINT ( 'NONE',  ( 7.475670261907892744, 6.361034679291244665, 16.12269130598895117 ) ) ;
#919 = CARTESIAN_POINT ( 'NONE',  ( -28.99999999999998934, 24.52484688038346761, 17.94626820046572746 ) ) ;
#920 = DIRECTION ( 'NONE',  ( 0.000000000000000000, -1.000000000000000000, 0.000000000000000000 ) ) ;
#921 = ADVANCED_FACE ( 'NONE', ( #1638 ), #1983, .F. ) ;
#922 = DIRECTION ( 'NONE',  ( 0.5000000000000002220, 0.000000000000000000, 0.8660254037844384856 ) ) ;
#923 = VERTEX_POINT ( 'NONE', #1309 ) ;
#924 = CARTESIAN_POINT ( 'NONE',  ( 0.000000000000000000, 30.00000000000000000, 5.961524227066320236 ) ) ;
#925 = CARTESIAN_POINT ( 'NONE',  ( 7.885016983814211677, 6.572263136959261232, -12.68894451431896542 ) ) ;
#926 = CARTESIAN_POINT ( 'NONE',  ( 30.00000000000000000, 0.000000000000000000, 0.000000000000000000 ) ) ;
#927 = EDGE_CURVE ( 'NONE', #1263, #2909, #2533, .T. ) ;
#928 = AXIS2_PLACEMENT_3D ( 'NONE', #4063, #1175, #2469 ) ;
#929 = LINE ( 'NONE', #2594, #1853 ) ;
#930 = DIRECTION ( 'NONE',  ( -0.000000000000000000, -1.000000000000000000, -0.000000000000000000 ) ) ;
#931 = ORIENTED_EDGE ( 'NONE', *, *, #822, .T. ) ;
#932 = FACE_OUTER_BOUND ( 'NONE', #2376, .T. ) ;
#933 = AXIS2_PLACEMENT_3D ( 'NONE', #4036, #1463, #1420 ) ;
#934 = EDGE_CURVE ( 'NONE', #2903, #4049, #3736, .T. ) ;
#935 = DIRECTION ( 'NONE',  ( 0.000000000000000000, 1.000000000000000000, -0.000000000000000000 ) ) ;
#936 = ORIENTED_EDGE ( 'NONE', *, *, #534, .T. ) ;
#937 = CARTESIAN_POINT ( 'NONE',  ( 0.3635463077560619483, 29.99793164892840025, -6.144106791496819930 ) ) ;
#938 = FACE_OUTER_BOUND ( 'NONE', #1659, .T. ) ;
#939 = CARTESIAN_POINT ( 'NONE',  ( -2.996820023769794172, 4.342710478392543649, -15.14208278147022924 ) ) ;
#940 = VERTEX_POINT ( 'NONE', #3603 ) ;
#941 = CARTESIAN_POINT ( 'NONE',  ( 13.82406675908213067, 7.359813610823212393, 14.42311324480858659 ) ) ;
#942 = LINE ( 'NONE', #898, #631 ) ;
#943 = DIRECTION ( 'NONE',  ( 0.000000000000000000, 0.000000000000000000, 1.000000000000000000 ) ) ;
#944 = ORIENTED_EDGE ( 'NONE', *, *, #2299, .T. ) ;
#945 = CARTESIAN_POINT ( 'NONE',  ( 14.51180161219610909, 25.12458896132028485, 14.57793469634125039 ) ) ;
#946 = CARTESIAN_POINT ( 'NONE',  ( -7.475670261907841230, 6.361034679291204696, -16.12269130598894051 ) ) ;
#947 = APPROVAL_PERSON_ORGANIZATION ( #1310, #2040, #1943 ) ;
#948 = CARTESIAN_POINT ( 'NONE',  ( 9.936228335480247864, 15.69393784145391457, 11.15357300277999641 ) ) ;
#949 = B_SPLINE_CURVE_WITH_KNOTS ( 'NONE', 3,
 ( #3214, #3493, #606, #312, #1546, #289, #3824, #2847, #1217, #1873, #1609, #3171, #267, #909, #2552, #2595, #3805, #1565, #2908, #4161, #2513, #1281, #4121, #1259 ),
 .UNSPECIFIED., .F., .F.,
 ( 4, 2, 2, 2, 2, 2, 2, 2, 2, 2, 2, 4 ),
 ( 0.000000000000000000, 0.001180241411423873761, 0.002360482822847747523, 0.003540724234271621067, 0.004720965645695495046, 0.007081448468543232594, 0.009441931291390974479, 0.01416289693708645478, 0.01652337975993419666, 0.01770362117135806587, 0.01829374187706999874, 0.01888386258278193508 ),
 .UNSPECIFIED. ) ;
#950 = CARTESIAN_POINT ( 'NONE',  ( 30.99999999999982592, 25.77505142849726383, -17.56576432901407259 ) ) ;
#951 = CARTESIAN_POINT ( 'NONE',  ( -12.47674433791416426, 26.64939686798255636, 13.31122533162091059 ) ) ;
#952 = ORIENTED_EDGE ( 'NONE', *, *, #2671, .T. ) ;
#953 = CARTESIAN_POINT ( 'NONE',  ( 0.000000000000000000, 17.00000000000000000, 20.00000000000000000 ) ) ;
#954 = EDGE_CURVE ( 'NONE', #1504, #2842, #3467, .T. ) ;
#955 = B_SPLINE_CURVE_WITH_KNOTS ( 'NONE', 3,
 ( #924, #1314, #3799, #2611, #1276, #3507, #3167, #967, #903, #262, #1604, #1868, #3878, #3488, #2921, #581, #945, #1542, #307, #991 ),
 .UNSPECIFIED., .F., .F.,
 ( 4, 2, 2, 2, 2, 2, 2, 2, 2, 4 ),
 ( -2.539134798354889555E-05, 0.002416304112388961613, 0.004857999572761471929, 0.009741390493506491693, 0.01218308595387899984, 0.01462478141425150799, 0.01584562914443776380, 0.01706647687462402307, 0.01828732460481027888, 0.01950817233499653816 ),
 .UNSPECIFIED. ) ;
#956 = DIRECTION ( 'NONE',  ( 0.000000000000000000, 0.000000000000000000, 1.000000000000000000 ) ) ;
#957 = CARTESIAN_POINT ( 'NONE',  ( 15.82283204033575785, 10.49971762580541856, -15.22236716042382731 ) ) ;
#958 = CARTESIAN_POINT ( 'NONE',  ( 13.00000000000000178, 16.99999999999998224, -18.59986959184175248 ) ) ;
#959 = CARTESIAN_POINT ( 'NONE',  ( 5.810419566195426988, 5.363072179096198155, -15.65617644135474151 ) ) ;
#960 = ORIENTED_EDGE ( 'NONE', *, *, #712, .F. ) ;
#961 = CARTESIAN_POINT ( 'NONE',  ( 9.946837770522666489, 3.905888836097751504, 13.21683998792070902 ) ) ;
#962 = CARTESIAN_POINT ( 'NONE',  ( 0.000000000000000000, 24.00000000000000000, 51.96152422706631313 ) ) ;
#963 = CALENDAR_DATE ( 2026, 4, 8 ) ;
#964 = AXIS2_PLACEMENT_3D ( 'NONE', #514, #3398, #490 ) ;
#965 = CARTESIAN_POINT ( 'NONE',  ( -16.69158446207211455, 12.74925993662992951, 15.60976107668759383 ) ) ;
#966 = ORIENTED_EDGE ( 'NONE', *, *, #2802, .T. ) ;
#967 = CARTESIAN_POINT ( 'NONE',  ( 9.012611189838175108, 28.35312243331732418, 11.08140443678090215 ) ) ;
#968 = CARTESIAN_POINT ( 'NONE',  ( -13.82406675908272398, 7.359813610822612873, -14.42311324480879087 ) ) ;
#969 = CIRCLE ( 'NONE', #2259, 6.000000000000000000 ) ;
#970 = CARTESIAN_POINT ( 'NONE',  ( 1.364459236393108732, 26.91226996144338202, -8.724232378217694261 ) ) ;
#971 = DIRECTION ( 'NONE',  ( 0.000000000000000000, 0.000000000000000000, 1.000000000000000000 ) ) ;
#972 = CARTESIAN_POINT ( 'NONE',  ( -9.361116192944480829, 13.46792999728531903, -11.01783278290646706 ) ) ;
#973 = CARTESIAN_POINT ( 'NONE',  ( -30.00000000000000000, 0.000000000000000000, -20.00000000000000000 ) ) ;
#974 = ORIENTED_EDGE ( 'NONE', *, *, #1631, .F. ) ;
#975 = CARTESIAN_POINT ( 'NONE',  ( -9.999999999999996447, 17.00000000000000000, 20.00000000000000000 ) ) ;
#976 = VECTOR ( 'NONE', #2447, 1000.000000000000000 ) ;
#977 = ADVANCED_FACE ( 'NONE', ( #2009 ), #52, .T. ) ;
#978 = EDGE_CURVE ( 'NONE', #2183, #253, #217, .T. ) ;
#979 = CARTESIAN_POINT ( 'NONE',  ( 15.32869475017846206, 9.578937613284674413, -15.01476474545712314 ) ) ;
#980 = CARTESIAN_POINT ( 'NONE',  ( 9.500317301566266082, 20.18793977633843539, 11.04933622128665149 ) ) ;
#981 = CARTESIAN_POINT ( 'NONE',  ( -4.239499135572332378, 4.703219004210541954, -15.32775462702579006 ) ) ;
#982 = EDGE_LOOP ( 'NONE', ( #3110, #1240, #2041, #1772 ) ) ;
#983 = CARTESIAN_POINT ( 'NONE',  ( 9.038150942188588388, 3.353817384395190615, 12.99473668835013385 ) ) ;
#984 = DIRECTION ( 'NONE',  ( 0.000000000000000000, 1.000000000000000000, -0.000000000000000000 ) ) ;
#985 = PERSON_AND_ORGANIZATION ( #3575, #2105 ) ;
#986 = EDGE_CURVE ( 'NONE', #131, #3733, #1574, .T. ) ;
#987 = CIRCLE ( 'NONE', #3686, 45.99999999999999289 ) ;
#988 = LINE ( 'NONE', #3231, #2891 ) ;
#989 = ORIENTED_EDGE ( 'NONE', *, *, #3028, .T. ) ;
#990 = AXIS2_PLACEMENT_3D ( 'NONE', #3292, #2348, #70 ) ;
#991 = CARTESIAN_POINT ( 'NONE',  ( 15.55404818371692777, 24.00000000000000000, 15.10950141828942783 ) ) ;
#992 = CARTESIAN_POINT ( 'NONE',  ( -6.792735317506672033, 5.912476624749810838, -15.91724575389650376 ) ) ;
#993 = DIRECTION ( 'NONE',  ( -1.000000000000000000, 0.000000000000000000, 3.149091769236048498E-16 ) ) ;
#994 = DIRECTION ( 'NONE',  ( 0.000000000000000000, 0.000000000000000000, 1.000000000000000000 ) ) ;
#995 = CARTESIAN_POINT ( 'NONE',  ( 4.640041911330857083, 4.848859211844677830, 15.40163766864128192 ) ) ;
#996 = ORIENTED_EDGE ( 'NONE', *, *, #2781, .F. ) ;
#997 = CARTESIAN_POINT ( 'NONE',  ( -5.034235259946981067, 29.49882348491502526, 8.673226687618292630 ) ) ;
#998 = DIRECTION ( 'NONE',  ( 0.000000000000000000, 0.000000000000000000, -1.000000000000000000 ) ) ;
#999 = CARTESIAN_POINT ( 'NONE',  ( -0.3521343653855502076, 0.9999999999998224753, 11.96152422706623852 ) ) ;
#1000 = CARTESIAN_POINT ( 'NONE',  ( 31.00000000000000000, 0.000000000000000000, 10.95445115010331705 ) ) ;
#1001 = VECTOR ( 'NONE', #1131, 1000.000000000000000 ) ;
#1002 = CARTESIAN_POINT ( 'NONE',  ( -31.00000000000000711, 28.00000000000000711, 14.22627661360253626 ) ) ;
#1003 = DIRECTION ( 'NONE',  ( 0.000000000000000000, 1.000000000000000000, -0.000000000000000000 ) ) ;
#1004 = ORIENTED_EDGE ( 'NONE', *, *, #2387, .T. ) ;
#1005 = CARTESIAN_POINT ( 'NONE',  ( 9.131767718039826676, 7.743455154394060180, 16.70891474911785224 ) ) ;
#1006 = DIRECTION ( 'NONE',  ( -5.377642775528101993E-15, 0.000000000000000000, 1.000000000000000000 ) ) ;
#1007 = APPROVAL_STATUS ( 'not_yet_approved' ) ;
#1008 = EDGE_CURVE ( 'NONE', #1579, #3346, #2669, .T. ) ;
#1009 = LINE ( 'NONE', #1967, #108 ) ;
#1010 = ADVANCED_FACE ( 'NONE', ( #678 ), #2051, .F. ) ;
#1011 = ORIENTED_EDGE ( 'NONE', *, *, #2803, .T. ) ;
#1012 = CARTESIAN_POINT ( 'NONE',  ( 30.00000000000000000, 30.00200000000000244, 0.000000000000000000 ) ) ;
#1013 = CARTESIAN_POINT ( 'NONE',  ( -12.87947190102792661, 15.15075207203133445, -18.52885013478460507 ) ) ;
#1014 = CARTESIAN_POINT ( 'NONE',  ( 28.99999999999989342, 27.87254110502510684, -15.00163274055148044 ) ) ;
#1015 = DIRECTION ( 'NONE',  ( 0.000000000000000000, 0.000000000000000000, 1.000000000000000000 ) ) ;
#1016 = CARTESIAN_POINT ( 'NONE',  ( 10.31079908943008761, 9.071322635337255136, 17.20408234978720685 ) ) ;
#1017 = ORIENTED_EDGE ( 'NONE', *, *, #1991, .F. ) ;
#1018 = LOCAL_TIME ( 21, 20, 33.00000000000000000, #3229 ) ;
#1019 = ORIENTED_EDGE ( 'NONE', *, *, #2577, .F. ) ;
#1020 = DIRECTION ( 'NONE',  ( 0.000000000000000000, 0.000000000000000000, 1.000000000000000000 ) ) ;
#1021 = B_SPLINE_CURVE_WITH_KNOTS ( 'NONE', 3,
 ( #1788, #4084, #3998, #803, #2748, #210, #1450, #2107, #2169, #872, #1813, #3093, #2086, #1768, #3056, #3371, #3453, #3683, #1851, #1177, #481, #147, #191, #3115, #2473, #3074, #168, #1197, #3725, #1473, #1834, #845, #2149, #824, #3133, #3411, #2127, #2829, #288, #972, #4102, #627, #3846, #2863, #2512, #648 ),
 .UNSPECIFIED., .F., .F.,
 ( 4, 2, 2, 2, 2, 2, 2, 2, 2, 2, 2, 2, 2, 2, 2, 2, 2, 2, 2, 2, 2, 2, 4 ),
 ( 0.007744140924829139537, 0.009705854556940483185, 0.01068671137299615284, 0.01166756818905182597, 0.01264842500510749736, 0.01362928182116316875, 0.01559099545327450459, 0.01755270908538584390, 0.01951442271749718321, 0.02049527953355285287, 0.02147613634960852252, 0.02343784998171986184, 0.02539956361383120462, 0.02638042042988687427, 0.02736127724594254740, 0.02932299087805389018, 0.03030384769410955983, 0.03128470451016522602, 0.03324641814227655839, 0.03520813177438789077, 0.03618898859044356736, 0.03716984540649923702, 0.03913155903861058327 ),
 .UNSPECIFIED. ) ;
#1022 = CARTESIAN_POINT ( 'NONE',  ( -9.999999999999991118, 17.00000000000000000, 11.16936811832404253 ) ) ;
#1023 = CARTESIAN_POINT ( 'NONE',  ( -13.98998299587055882, 7.566784232100241425, 14.48532448162356090 ) ) ;
#1024 = DIRECTION ( 'NONE',  ( 0.000000000000000000, 1.000000000000000000, -0.000000000000000000 ) ) ;
#1025 = CARTESIAN_POINT ( 'NONE',  ( 6.149854037521522265, 24.91259861973842149, 10.32323656631030317 ) ) ;
#1026 = CARTESIAN_POINT ( 'NONE',  ( 11.11281092978604157, 23.90272952955359997, 13.84946133002913626 ) ) ;
#1027 = CARTESIAN_POINT ( 'NONE',  ( -7.119745346695848909, 28.98661070354606295, -9.908955921903162434 ) ) ;
#1028 = ORIENTED_EDGE ( 'NONE', *, *, #3260, .T. ) ;
#1029 = CARTESIAN_POINT ( 'NONE',  ( 12.92184283897457853, 15.47037434300816905, 13.81978594000251448 ) ) ;
#1030 = CARTESIAN_POINT ( 'NONE',  ( 30.00000000000000000, 0.000000000000000000, 0.000000000000000000 ) ) ;
#1031 = EDGE_CURVE ( 'NONE', #688, #2626, #153, .T. ) ;
#1032 = EDGE_CURVE ( 'NONE', #1742, #1204, #1790, .T. ) ;
#1033 = CARTESIAN_POINT ( 'NONE',  ( -12.01286398128221933, 11.96224032944958182, 13.61870684491969286 ) ) ;
#1034 = VERTEX_POINT ( 'NONE', #2668 ) ;
#1035 = CARTESIAN_POINT ( 'NONE',  ( -40.95445115010331705, 27.99999999999999645, 1.000000000000000000 ) ) ;
#1036 = CARTESIAN_POINT ( 'NONE',  ( -12.99647086415799535, 16.61371457211267710, -13.83329461539974048 ) ) ;
#1037 = B_SPLINE_CURVE_WITH_KNOTS ( 'NONE', 3,
 ( #3538, #2624, #1897, #591, #3180, #274, #3889, #1287, #317, #3577, #2869, #2296, #4145, #1265, #6, #1305, #1594, #2558, #295, #3830, #4167, #937, #2236, #613 ),
 .UNSPECIFIED., .F., .F.,
 ( 4, 2, 2, 2, 2, 2, 2, 2, 2, 2, 2, 4 ),
 ( 0.000000000000000000, 0.001213033935312834207, 0.002426067870625668414, 0.003639101805938502188, 0.004852135741251336828, 0.007278203611877006110, 0.009704271482502677126, 0.01455640722375401222, 0.01698247509437968150, 0.01819550902969251788, 0.01880202599734893260, 0.01940854296500535078 ),
 .UNSPECIFIED. ) ;
#1038 = CARTESIAN_POINT ( 'NONE',  ( 28.99999999999999645, 28.00000000000308731, 13.96424004376921069 ) ) ;
#1039 = CARTESIAN_POINT ( 'NONE',  ( 0.8645954060810866482, 3.999962789925976203, 14.96150442295209970 ) ) ;
#1040 = ORIENTED_EDGE ( 'NONE', *, *, #954, .F. ) ;
#1041 = AXIS2_PLACEMENT_3D ( 'NONE', #3102, #1119, #1414 ) ;
#1042 = ORIENTED_EDGE ( 'NONE', *, *, #3152, .T. ) ;
#1043 = CARTESIAN_POINT ( 'NONE',  ( 0.000000000000000000, 24.00000000000000000, 51.96152422706631313 ) ) ;
#1044 = CARTESIAN_POINT ( 'NONE',  ( -8.986721302612629358, 12.56571280710694971, 10.93343259480580620 ) ) ;
#1045 = FACE_OUTER_BOUND ( 'NONE', #3003, .T. ) ;
#1046 = CARTESIAN_POINT ( 'NONE',  ( 31.00000000000000355, 25.77308599895922825, 17.56665664928866732 ) ) ;
#1047 = CARTESIAN_POINT ( 'NONE',  ( -6.147808618111252343, 24.91450488301000021, 10.32263826375738347 ) ) ;
#1048 = CIRCLE ( 'NONE', #1387, 18.00000000000000355 ) ;
#1049 = CARTESIAN_POINT ( 'NONE',  ( 9.832128549734793665, 28.02419593508297879, 11.60249446380539418 ) ) ;
#1050 = VECTOR ( 'NONE', #3841, 1000.000000000000000 ) ;
#1051 = VERTEX_POINT ( 'NONE', #701 ) ;
#1052 = CARTESIAN_POINT ( 'NONE',  ( 16.15248873870615043, 22.76434028774109564, 15.36693932818679009 ) ) ;
#1053 = PLANE ( 'NONE',  #689 ) ;
#1054 = CARTESIAN_POINT ( 'NONE',  ( -17.09883353338730316, 19.51058813266168812, 15.79999973646992117 ) ) ;
#1055 = VERTEX_POINT ( 'NONE', #2628 ) ;
#1056 = CARTESIAN_POINT ( 'NONE',  ( 0.000000000000000000, 24.00000000000000000, 51.96152422706631313 ) ) ;
#1057 = CARTESIAN_POINT ( 'NONE',  ( -16.50544563709777890, 21.79770481394551496, -15.52545832506966406 ) ) ;
#1058 = VECTOR ( 'NONE', #2994, 1000.000000000000000 ) ;
#1059 = EDGE_CURVE ( 'NONE', #2091, #688, #1180, .T. ) ;
#1060 = CARTESIAN_POINT ( 'NONE',  ( 30.00000000000000000, 30.00000000000000000, 0.000000000000000000 ) ) ;
#1061 = CARTESIAN_POINT ( 'NONE',  ( -3.588267375226741329, 29.74875901899272890, 7.853795847752143011 ) ) ;
#1062 = VECTOR ( 'NONE', #2755, 1000.000000000000000 ) ;
#1063 = ORIENTED_EDGE ( 'NONE', *, *, #3225, .F. ) ;
#1064 = ORIENTED_EDGE ( 'NONE', *, *, #3716, .T. ) ;
#1065 = CARTESIAN_POINT ( 'NONE',  ( -30.00000000000000000, 27.99999999999999645, 0.000000000000000000 ) ) ;
#1066 = CARTESIAN_POINT ( 'NONE',  ( -5.090519203852522878, 28.99404554688668867, 9.702592336525995620 ) ) ;
#1067 = EDGE_CURVE ( 'NONE', #3525, #3809, #2982, .T. ) ;
#1068 = CARTESIAN_POINT ( 'NONE',  ( 21.00000000000000355, 0.000000000000000000, 15.58845726811990140 ) ) ;
#1069 = CARTESIAN_POINT ( 'NONE',  ( -17.18948917963702172, 15.18190201660783778, 15.84331930106064590 ) ) ;
#1070 = LINE ( 'NONE', #2367, #3082 ) ;
#1071 = ADVANCED_FACE ( 'NONE', ( #3940 ), #1053, .F. ) ;
#1072 = CARTESIAN_POINT ( 'NONE',  ( 15.55404818371692777, 24.00000000000000355, 15.10950141828942961 ) ) ;
#1073 = AXIS2_PLACEMENT_3D ( 'NONE', #125, #870, #1428 ) ;
#1074 = ORIENTED_EDGE ( 'NONE', *, *, #2572, .T. ) ;
#1075 = CARTESIAN_POINT ( 'NONE',  ( 8.692085750436529423, 21.95502328592356989, -10.87050929868021676 ) ) ;
#1076 = DIRECTION ( 'NONE',  ( -0.000000000000000000, -1.000000000000000000, 0.000000000000000000 ) ) ;
#1077 = AXIS2_PLACEMENT_3D ( 'NONE', #142, #805, #2793 ) ;
#1078 = CARTESIAN_POINT ( 'NONE',  ( -10.84375528334938998, 4.462876597135206680, 13.44370057023957088 ) ) ;
#1079 = ORIENTED_EDGE ( 'NONE', *, *, #3124, .T. ) ;
#1080 = CARTESIAN_POINT ( 'NONE',  ( 30.99999999999981171, 0.000000000000000000, -17.97220075561144270 ) ) ;
#1081 = CARTESIAN_POINT ( 'NONE',  ( -12.98688747973955060, 17.64584656976548516, -18.59212379494420730 ) ) ;
#1082 = DIRECTION ( 'NONE',  ( -0.000000000000000000, 1.000000000000000000, -0.000000000000000000 ) ) ;
#1083 = CARTESIAN_POINT ( 'NONE',  ( 1.722072317008431774, 4.085430704447021277, 15.00736475139293269 ) ) ;
#1084 = ORIENTED_EDGE ( 'NONE', *, *, #1113, .F. ) ;
#1085 = ORIENTED_EDGE ( 'NONE', *, *, #1059, .T. ) ;
#1086 = CARTESIAN_POINT ( 'NONE',  ( 11.68983933807475672, 22.68750000000000000, 17.87340312894770022 ) ) ;
#1087 = CARTESIAN_POINT ( 'NONE',  ( 12.96696995983956491, 15.94881831841155595, -13.82796249128487709 ) ) ;
#1088 = CARTESIAN_POINT ( 'NONE',  ( -2.276585191165078292, 7.257105630040024735, 10.02204251168513238 ) ) ;
#1089 = CIRCLE ( 'NONE', #2720, 20.00000000000000000 ) ;
#1090 = CARTESIAN_POINT ( 'NONE',  ( -16.20481002138224014, 22.76276857495677319, 15.38416696464743971 ) ) ;
#1091 = CARTESIAN_POINT ( 'NONE',  ( 31.00000000000000000, 27.47138770719884349, 15.97304807789340053 ) ) ;
#1092 = EDGE_CURVE ( 'NONE', #2920, #1282, #3000, .T. ) ;
#1093 = DIRECTION ( 'NONE',  ( -0.000000000000000000, 1.000000000000000000, -0.000000000000000000 ) ) ;
#1094 = CARTESIAN_POINT ( 'NONE',  ( -11.69237295972190083, 22.83092471043800487, -13.89476539356702212 ) ) ;
#1095 = VERTEX_POINT ( 'NONE', #341 ) ;
#1096 = FACE_OUTER_BOUND ( 'NONE', #2735, .T. ) ;
#1097 = CARTESIAN_POINT ( 'NONE',  ( -28.99999999999983658, 26.44326146099449559, -17.14869954454648138 ) ) ;
#1098 = CARTESIAN_POINT ( 'NONE',  ( -10.91411660735800382, 9.863112023753377144, 13.35306987526352174 ) ) ;
#1099 = ORIENTED_EDGE ( 'NONE', *, *, #1126, .T. ) ;
#1100 = DIRECTION ( 'NONE',  ( 0.000000000000000000, 1.000000000000000000, -0.000000000000000000 ) ) ;
#1101 = CARTESIAN_POINT ( 'NONE',  ( -15.55404818371693132, 23.99999999999999645, -15.10950141828942428 ) ) ;
#1102 = DIRECTION ( 'NONE',  ( -0.000000000000000000, -1.000000000000000000, 0.000000000000000000 ) ) ;
#1103 = DIRECTION ( 'NONE',  ( -0.000000000000000000, -1.000000000000000000, 0.000000000000000000 ) ) ;
#1104 = EDGE_LOOP ( 'NONE', ( #1381, #2372, #3118, #1588 ) ) ;
#1105 = APPROVAL ( #3543, 'UNSPECIFIED' ) ;
#1106 = EDGE_LOOP ( 'NONE', ( #3546, #3240, #4124, #817 ) ) ;
#1107 = LINE ( 'NONE', #1153, #2836 ) ;
#1108 = CARTESIAN_POINT ( 'NONE',  ( 17.09883353338782186, 19.51058813266169167, -15.79999973647016098 ) ) ;
#1109 = CARTESIAN_POINT ( 'NONE',  ( 17.29497734610198023, 16.55843130518361050, 15.89375795489648979 ) ) ;
#1110 = DIRECTION ( 'NONE',  ( 0.000000000000000000, 0.000000000000000000, 1.000000000000000000 ) ) ;
#1111 = CARTESIAN_POINT ( 'NONE',  ( -47.76749439233984873, 25.28935709104022678, -0.9999999999999978906 ) ) ;
#1112 = VECTOR ( 'NONE', #1194, 1000.000000000000000 ) ;
#1113 = EDGE_CURVE ( 'NONE', #1629, #3650, #2690, .T. ) ;
#1114 = MANIFOLD_SOLID_BREP ( 'Rib3', #163 ) ;
#1115 = CARTESIAN_POINT ( 'NONE',  ( -12.89093700952771471, 15.26492900089347238, -18.53577241157604050 ) ) ;
#1116 = CARTESIAN_POINT ( 'NONE',  ( -6.265715529063294653, 28.43517018570773658, -10.60763048310786338 ) ) ;
#1117 = EDGE_LOOP ( 'NONE', ( #2499, #3280, #4039, #2395 ) ) ;
#1118 = CARTESIAN_POINT ( 'NONE',  ( 16.88684304586282892, 20.48141258464382020, 15.70078960042616423 ) ) ;
#1119 = DIRECTION ( 'NONE',  ( 0.000000000000000000, -1.000000000000000000, 0.000000000000000000 ) ) ;
#1120 = AXIS2_PLACEMENT_3D ( 'NONE', #410, #1100, #1418 ) ;
#1121 = AXIS2_PLACEMENT_3D ( 'NONE', #122, #751, #2061 ) ;
#1122 = CARTESIAN_POINT ( 'NONE',  ( -4.747528962421391441, 4.875855788420826897, 12.22712152323789425 ) ) ;
#1123 = VERTEX_POINT ( 'NONE', #2798 ) ;
#1124 = CARTESIAN_POINT ( 'NONE',  ( -30.00000000000000000, 24.00000000000000000, 14.00000000000000000 ) ) ;
#1125 = CARTESIAN_POINT ( 'NONE',  ( -16.15248873870427104, 22.76434028773988771, -15.36693932818593922 ) ) ;
#1126 = EDGE_CURVE ( 'NONE', #2815, #1794, #1185, .T. ) ;
#1127 = DIRECTION ( 'NONE',  ( 1.000000000000000000, 0.000000000000000000, 1.224646799147353207E-16 ) ) ;
#1128 = CARTESIAN_POINT ( 'NONE',  ( -5.332933123563271316, 25.46567090472294836, -10.02517333885294626 ) ) ;
#1129 = ORIENTED_EDGE ( 'NONE', *, *, #848, .T. ) ;
#1130 = CARTESIAN_POINT ( 'NONE',  ( -28.99999999999999645, 0.000000000000000000, 10.99999999999999645 ) ) ;
#1131 = DIRECTION ( 'NONE',  ( -0.000000000000000000, -1.000000000000000000, -0.000000000000000000 ) ) ;
#1132 = CARTESIAN_POINT ( 'NONE',  ( 11.69122985074213794, 11.24907777943414366, -13.54140436381408108 ) ) ;
#1133 = DIRECTION ( 'NONE',  ( 0.000000000000000000, 0.000000000000000000, 1.000000000000000000 ) ) ;
#1134 = CIRCLE ( 'NONE', #916, 18.00000000000000355 ) ;
#1135 = DIRECTION ( 'NONE',  ( -0.000000000000000000, -1.000000000000000000, 0.000000000000000000 ) ) ;
#1136 = CARTESIAN_POINT ( 'NONE',  ( -2.377413773867131963E-95, 30.00000000000000355, -5.961524227066313131 ) ) ;
#1137 = DIRECTION ( 'NONE',  ( 0.5000000000000002220, 0.000000000000000000, 0.8660254037844385966 ) ) ;
#1138 = CARTESIAN_POINT ( 'NONE',  ( -11.05790255646627607, 4.679038004061326639, -13.51643352227979378 ) ) ;
#1139 = VERTEX_POINT ( 'NONE', #1141 ) ;
#1140 = CARTESIAN_POINT ( 'NONE',  ( -9.939008654363110651, 25.51033490957556893, 13.28857825228769940 ) ) ;
#1141 = CARTESIAN_POINT ( 'NONE',  ( -40.95445115010331705, 0.000000000000000000, 1.000000000000000222 ) ) ;
#1142 = CIRCLE ( 'NONE', #1481, 10.99999999999999645 ) ;
#1143 = CARTESIAN_POINT ( 'NONE',  ( -3.673062969812202816, 1.350402385483884249, 12.12422168042555448 ) ) ;
#1144 = VERTEX_POINT ( 'NONE', #467 ) ;
#1145 = EDGE_CURVE ( 'NONE', #3405, #253, #1820, .T. ) ;
#1146 = AXIS2_PLACEMENT_3D ( 'NONE', #3047, #815, #496 ) ;
#1147 = CARTESIAN_POINT ( 'NONE',  ( -28.99999999999999645, 27.97385116576777619, 14.49121070663782618 ) ) ;
#1148 = CARTESIAN_POINT ( 'NONE',  ( -12.90506862067142713, 18.67202218786914969, -13.81662785304866681 ) ) ;
#1149 = DIRECTION ( 'NONE',  ( 0.000000000000000000, 0.000000000000000000, 1.000000000000000000 ) ) ;
#1150 = CARTESIAN_POINT ( 'NONE',  ( -4.189516115726032552, 26.08580021699683016, -9.583456805715337978 ) ) ;
#1151 = EDGE_LOOP ( 'NONE', ( #1550, #2204, #80 ) ) ;
#1152 = DIRECTION ( 'NONE',  ( 0.000000000000000000, 0.000000000000000000, 1.000000000000000000 ) ) ;
#1153 = CARTESIAN_POINT ( 'NONE',  ( -13.00000000000000178, 17.00000000000000000, -20.00200000000000244 ) ) ;
#1154 = CARTESIAN_POINT ( 'NONE',  ( 12.95239753949087458, 18.22552582607859151, -13.82529272034194534 ) ) ;
#1155 = CARTESIAN_POINT ( 'NONE',  ( -12.76727993869958055, 19.46128124165431927, 18.46395933558809332 ) ) ;
#1156 = CARTESIAN_POINT ( 'NONE',  ( 2.451364130849892131, 1.158153943201023051, 12.03518133024214087 ) ) ;
#1157 = CARTESIAN_POINT ( 'NONE',  ( 40.95445115010331705, 0.000000000000000000, 1.000000000000000000 ) ) ;
#1158 = CARTESIAN_POINT ( 'NONE',  ( -10.15494591846385219, 25.12320340610549962, -16.59638949629843552 ) ) ;
#1159 = CARTESIAN_POINT ( 'NONE',  ( -2.444273880359370210, 1.157215196065919161, -12.03474587720979194 ) ) ;
#1160 = ORIENTED_EDGE ( 'NONE', *, *, #2572, .F. ) ;
#1161 = CARTESIAN_POINT ( 'NONE',  ( -9.159623238761685826, 28.29718310132325954, 11.17410967950979384 ) ) ;
#1162 = B_SPLINE_CURVE_WITH_KNOTS ( 'NONE', 3,
 ( #3394, #3117, #3374, #2131, #4087, #484, #3417, #172, #2476, #3771, #1793, #2153, #874, #2172, #150, #2455, #3748, #463, #3455, #1854, #4048, #232, #1531, #1475, #2832, #1138, #2773, #2433, #2753, #4107, #1220, #2515, #3787, #4025, #1159, #510, #1816, #3097, #194, #3242, #2534, #569, #315, #2556, #911, #2213, #589, #1877, #4164, #2599, #1285, #2578, #1239, #1935, #3866, #2192, #2867, #3849, #979, #957, #1895, #2931, #2622, #4142, #3177, #3808, #3198, #24, #889, #4123, #1614, #3220, #3495, #610, #3474, #1262 ),
 .UNSPECIFIED., .F., .F.,
 ( 4, 2, 2, 2, 2, 2, 2, 2, 2, 2, 2, 2, 2, 2, 2, 2, 2, 2, 2, 2, 2, 2, 2, 2, 2, 2, 2, 2, 2, 2, 2, 2, 2, 2, 2, 2, 2, 4 ),
 ( 1.900294357652536760E-17, 0.002130926835536834599, 0.003196390253305235636, 0.004261853671073637106, 0.006392780506610450456, 0.007458243924378857130, 0.008523707342147263805, 0.01278556101322090958, 0.01385102443098932060, 0.01491648784875773161, 0.01704741468429454496, 0.01917834151983136004, 0.02130926835536817859, 0.02344019519090499368, 0.02557112202644181223, 0.02983297569751543546, 0.03089843911528383780, 0.03196390253305225054, 0.03409482936858905522, 0.03516029278635746103, 0.03622575620412586683, 0.03835668303966267845, 0.04048760987519949006, 0.04261853671073629474, 0.04688039038180991797, 0.04794585379957832377, 0.04901131721734672958, 0.05114224405288354119, 0.05220770747065195394, 0.05327317088842035975, 0.05540409772395717830, 0.05753502455949398992, 0.05860048797726239572, 0.05966595139503080153, 0.06179687823056762008, 0.06286234164833603977, 0.06392780506610444557, 0.06818965873717806880 ),
 .UNSPECIFIED. ) ;
#1163 = LINE ( 'NONE', #4125, #2604 ) ;
#1164 = CARTESIAN_POINT ( 'NONE',  ( -28.99999999999986500, 27.47202547651910365, -15.97192497668711120 ) ) ;
#1165 = CARTESIAN_POINT ( 'NONE',  ( -7.791583237295724551, 2.699490230293617898, 12.72238991107979800 ) ) ;
#1166 = ORIENTED_EDGE ( 'NONE', *, *, #270, .T. ) ;
#1167 = CARTESIAN_POINT ( 'NONE',  ( -28.99999999999999645, 26.64331162654298879, 16.98421714599252041 ) ) ;
#1168 =( NAMED_UNIT ( * ) SI_UNIT ( $, .STERADIAN. ) SOLID_ANGLE_UNIT ( ) );
#1169 = EDGE_CURVE ( 'NONE', #2610, #2980, #4005, .T. ) ;
#1170 = EDGE_CURVE ( 'NONE', #2626, #1975, #488, .T. ) ;
#1171 = CARTESIAN_POINT ( 'NONE',  ( -4.480181637075845380, 25.94614821329597731, -9.696210589117924883 ) ) ;
#1172 = ORIENTED_EDGE ( 'NONE', *, *, #3947, .T. ) ;
#1173 = CARTESIAN_POINT ( 'NONE',  ( -11.68983933807476205, 22.68749999999998934, -17.87340312894769667 ) ) ;
#1174 = CARTESIAN_POINT ( 'NONE',  ( 11.27698058527259484, 10.52663477608284737, -17.66292719243130094 ) ) ;
#1175 = DIRECTION ( 'NONE',  ( 0.000000000000000000, 1.000000000000000000, -0.000000000000000000 ) ) ;
#1176 = CARTESIAN_POINT ( 'NONE',  ( 11.68983933807475672, 22.68750000000000000, -17.87340312894769667 ) ) ;
#1177 = CARTESIAN_POINT ( 'NONE',  ( 2.593464003784887062, 7.336566636398943686, -10.04048788177936835 ) ) ;
#1178 = CARTESIAN_POINT ( 'NONE',  ( 0.000000000000000000, 0.000000000000000000, 51.96152422706631313 ) ) ;
#1179 = EDGE_CURVE ( 'NONE', #2160, #135, #4071, .T. ) ;
#1180 = CIRCLE ( 'NONE', #2999, 14.00000000000000000 ) ;
#1181 = CYLINDRICAL_SURFACE ( 'NONE', #2487, 20.00000000000000000 ) ;
#1182 = ORIENTED_EDGE ( 'NONE', *, *, #92, .F. ) ;
#1183 = CARTESIAN_POINT ( 'NONE',  ( -6.839512303667271809, 28.10722314519866316, 11.05089274221602835 ) ) ;
#1184 = VECTOR ( 'NONE', #3784, 1000.000000000000000 ) ;
#1185 = LINE ( 'NONE', #533, #3532 ) ;
#1186 = CARTESIAN_POINT ( 'NONE',  ( 2.550972488051059361, 1.171315048675765080, 12.04128577488714313 ) ) ;
#1187 = ORIENTED_EDGE ( 'NONE', *, *, #2682, .F. ) ;
#1188 = PLANE ( 'NONE',  #2197 ) ;
#1189 = CARTESIAN_POINT ( 'NONE',  ( 31.00000000000029488, 27.99999999999999645, -8.296934567957716353E-13 ) ) ;
#1190 = CARTESIAN_POINT ( 'NONE',  ( -0.6860479945120543377, 26.98220219269824582, -8.631924816352437801 ) ) ;
#1191 = ORIENTED_EDGE ( 'NONE', *, *, #3311, .T. ) ;
#1192 = LINE ( 'NONE', #3111, #3345 ) ;
#1193 = CARTESIAN_POINT ( 'NONE',  ( 5.772290061025303842, 1.902098504113832966, -12.37426319465835967 ) ) ;
#1194 = DIRECTION ( 'NONE',  ( 0.000000000000000000, 0.000000000000000000, 1.000000000000000000 ) ) ;
#1195 = B_SPLINE_CURVE_WITH_KNOTS ( 'NONE', 3,
 ( #25, #1002, #843, #695, #2146, #3723, #717, #1507, #2004, #2343, #479, #503, #1764, #1832, #3910, #3054, #2027, #2663 ),
 .UNSPECIFIED., .F., .F.,
 ( 4, 2, 2, 2, 2, 2, 2, 2, 4 ),
 ( 0.002422729618285770874, 0.003205003801572515500, 0.003987277984859260126, 0.004769552168146000415, 0.005551826351432739837, 0.006334100534719479259, 0.007116374718006219548, 0.007898648901292959837, 0.008680923084579699259 ),
 .UNSPECIFIED. ) ;
#1196 = CARTESIAN_POINT ( 'NONE',  ( 16.82325975258628503, 20.73652490753538302, 15.67117876367567142 ) ) ;
#1197 = CARTESIAN_POINT ( 'NONE',  ( -3.224566810438884712, 7.528431563981401453, -10.08430001662017972 ) ) ;
#1198 = CARTESIAN_POINT ( 'NONE',  ( -47.97220075561142494, 24.00000000000000000, -0.9999999999999978906 ) ) ;
#1199 = ADVANCED_FACE ( 'NONE', ( #113 ), #3264, .F. ) ;
#1200 = AXIS2_PLACEMENT_3D ( 'NONE', #497, #3427, #2119 ) ;
#1201 = DIRECTION ( 'NONE',  ( -0.000000000000000000, -1.000000000000000000, -0.000000000000000000 ) ) ;
#1202 = EDGE_CURVE ( 'NONE', #2154, #2561, #2256, .T. ) ;
#1203 = VECTOR ( 'NONE', #223, 1000.000000000000000 ) ;
#1204 = VERTEX_POINT ( 'NONE', #855 ) ;
#1205 = FACE_OUTER_BOUND ( 'NONE', #661, .T. ) ;
#1206 = CARTESIAN_POINT ( 'NONE',  ( 11.97546082081613505, 22.14996032609866816, -13.71927256189010613 ) ) ;
#1207 = ORIENTED_EDGE ( 'NONE', *, *, #3845, .T. ) ;
#1208 = CARTESIAN_POINT ( 'NONE',  ( -5.678788482923822656, 29.38911191113899690, -9.037865750918356866 ) ) ;
#1209 = CARTESIAN_POINT ( 'NONE',  ( -3.149091769236089420E-16, 27.99999999999999645, -1.000000000000013101 ) ) ;
#1210 = CARTESIAN_POINT ( 'NONE',  ( -47.94644024511980973, 24.52273256872765828, 1.000000000000002220 ) ) ;
#1211 = CIRCLE ( 'NONE', #3230, 2.999999999999999556 ) ;
#1212 = VERTEX_POINT ( 'NONE', #133 ) ;
#1213 = CARTESIAN_POINT ( 'NONE',  ( -12.88739498507941761, 18.96904349789161159, -18.53241435657609415 ) ) ;
#1214 = CARTESIAN_POINT ( 'NONE',  ( -4.347954753538668449, 4.698591732857475556, -15.32645548702929972 ) ) ;
#1215 = DIRECTION ( 'NONE',  ( 0.000000000000000000, 0.000000000000000000, 1.000000000000000000 ) ) ;
#1216 = CARTESIAN_POINT ( 'NONE',  ( 30.99999999999982947, 26.44425028034719816, -17.14799434890229435 ) ) ;
#1217 = CARTESIAN_POINT ( 'NONE',  ( 9.512437723954718649, 25.86636282632253980, 15.92533685573003410 ) ) ;
#1218 = ADVANCED_FACE ( 'NONE', ( #2479 ), #763, .T. ) ;
#1219 = EDGE_CURVE ( 'NONE', #2842, #1504, #2601, .T. ) ;
#1220 = CARTESIAN_POINT ( 'NONE',  ( -5.556163899672258211, 1.791151036109714711, -12.32509894682517171 ) ) ;
#1221 = ORIENTED_EDGE ( 'NONE', *, *, #1032, .T. ) ;
#1222 = CARTESIAN_POINT ( 'NONE',  ( 12.44099329583744229, 20.89656189481502935, -18.27720210177362148 ) ) ;
#1223 = CARTESIAN_POINT ( 'NONE',  ( 10.22921074252862894, 25.02930120873757502, -16.67112011569514252 ) ) ;
#1224 = B_SPLINE_CURVE_WITH_KNOTS ( 'NONE', 3,
 ( #1533, #2174, #1222, #3789, #891, #2536, #3477, #254, #1569, #958 ),
 .UNSPECIFIED., .F., .F.,
 ( 4, 2, 2, 2, 4 ),
 ( 0.000000000000000000, 0.002957929909481224039, 0.003697412386851532760, 0.004436894864221841046, 0.005915859818962458487 ),
 .UNSPECIFIED. ) ;
#1225 = CARTESIAN_POINT ( 'NONE',  ( 46.40702844718722275, 27.18222439334252982, 1.000000000000001776 ) ) ;
#1226 = VECTOR ( 'NONE', #1249, 1000.000000000000000 ) ;
#1227 = ORIENTED_EDGE ( 'NONE', *, *, #1326, .F. ) ;
#1228 = DIRECTION ( 'NONE',  ( 1.000000000000000000, 0.000000000000000000, 0.000000000000000000 ) ) ;
#1229 = CARTESIAN_POINT ( 'NONE',  ( -31.00000000000000000, 0.000000000000000000, 10.99999999999999645 ) ) ;
#1230 = CARTESIAN_POINT ( 'NONE',  ( -28.99999999999999645, 28.00000000000000000, 13.96424004376894068 ) ) ;
#1231 = EDGE_LOOP ( 'NONE', ( #273, #2440, #2260, #3807 ) ) ;
#1232 = CARTESIAN_POINT ( 'NONE',  ( -30.00000000000000000, 30.00000000000000000, -20.00000000000000000 ) ) ;
#1233 = CARTESIAN_POINT ( 'NONE',  ( 4.338236748940978771, 4.732955034673558714, -15.34330777221047093 ) ) ;
#1234 = CARTESIAN_POINT ( 'NONE',  ( 6.099975565426605684, 9.049217008905298343, 10.40326405643740770 ) ) ;
#1235 = FACE_OUTER_BOUND ( 'NONE', #2868, .T. ) ;
#1236 = DIRECTION ( 'NONE',  ( 1.776356839400250465E-15, 0.000000000000000000, 1.000000000000000000 ) ) ;
#1237 = CC_DESIGN_DATE_AND_TIME_ASSIGNMENT ( #1333, #342, ( #3351 ) ) ;
#1238 = ORIENTED_EDGE ( 'NONE', *, *, #2177, .F. ) ;
#1239 = CARTESIAN_POINT ( 'NONE',  ( 12.85484430411960410, 6.289243918604857875, -14.08258035020760524 ) ) ;
#1240 = ORIENTED_EDGE ( 'NONE', *, *, #347, .T. ) ;
#1241 = CARTESIAN_POINT ( 'NONE',  ( 30.00000000000000000, 24.00000000000000000, 0.000000000000000000 ) ) ;
#1242 = CARTESIAN_POINT ( 'NONE',  ( 11.75842880843514671, 27.08565189813039353, -12.84730754516711926 ) ) ;
#1243 = EDGE_CURVE ( 'NONE', #1476, #3189, #1512, .T. ) ;
#1244 = B_SPLINE_CURVE_WITH_KNOTS ( 'NONE', 3,
 ( #2085, #4083, #802, #2106, #3743, #1196, #844, #480, #1787, #3767, #823, #1109, #871, #2148, #3432, #3073, #2168, #1812, #167, #2405, #526, #3452, #3682, #546, #1833, #2451, #3370, #229, #1850, #3132, #1472, #1527, #3410, #2770, #1156, #460, #1767, #2126 ),
 .UNSPECIFIED., .F., .F.,
 ( 4, 2, 2, 2, 2, 2, 2, 2, 2, 2, 2, 2, 2, 2, 2, 2, 2, 2, 4 ),
 ( 0.000000000000000000, 0.002130439609278428521, 0.003195659413917639313, 0.004260879218556850104, 0.006391318827835271686, 0.007456538632474482044, 0.008521758437113693269, 0.01278263765567050694, 0.01384785746030970863, 0.01491307726494891031, 0.01704351687422731021, 0.01917395648350571011, 0.02130439609278411348, 0.02343483570206251684, 0.02556527531134091674, 0.02982615452989772695, 0.03089137433453693210, 0.03195659413917613378, 0.03408703374845453715 ),
 .UNSPECIFIED. ) ;
#1245 = CARTESIAN_POINT ( 'NONE',  ( -6.917226309125897643, 5.985036417550468002, -15.95157511014188856 ) ) ;
#1246 = VECTOR ( 'NONE', #3248, 1000.000000000000000 ) ;
#1247 = ORIENTED_EDGE ( 'NONE', *, *, #1008, .T. ) ;
#1248 = DIRECTION ( 'NONE',  ( 0.000000000000000000, 1.000000000000000000, -0.000000000000000000 ) ) ;
#1249 = DIRECTION ( 'NONE',  ( 0.000000000000000000, 1.000000000000000000, 0.000000000000000000 ) ) ;
#1250 = EDGE_CURVE ( 'NONE', #2198, #3303, #1784, .T. ) ;
#1251 = CARTESIAN_POINT ( 'NONE',  ( -30.00000000000000000, 24.00000000000000000, 0.000000000000000000 ) ) ;
#1252 = EDGE_CURVE ( 'NONE', #1686, #2724, #1452, .T. ) ;
#1253 = ORIENTED_EDGE ( 'NONE', *, *, #3544, .T. ) ;
#1254 = LINE ( 'NONE', #2547, #2936 ) ;
#1255 = CARTESIAN_POINT ( 'NONE',  ( 0.2829714035847604170, 4.000139760514516141, -14.96159861105780919 ) ) ;
#1256 = CARTESIAN_POINT ( 'NONE',  ( -4.930380657631323784E-29, 7.000000000000008882, 9.961524227066318460 ) ) ;
#1257 = AXIS2_PLACEMENT_3D ( 'NONE', #1012, #746, #2054 ) ;
#1258 = FACE_OUTER_BOUND ( 'NONE', #3521, .T. ) ;
#1259 = CARTESIAN_POINT ( 'NONE',  ( 0.000000000000000000, 30.00000000000000000, 5.961524227066320236 ) ) ;
#1260 = AXIS2_PLACEMENT_3D ( 'NONE', #283, #3149, #4133 ) ;
#1261 = CARTESIAN_POINT ( 'NONE',  ( -13.54510693037011926, 25.92147791488789466, 13.99211242432408397 ) ) ;
#1262 = CARTESIAN_POINT ( 'NONE',  ( 15.55404818371693132, 24.00000000000000000, -15.10950141828942073 ) ) ;
#1263 = VERTEX_POINT ( 'NONE', #810 ) ;
#1264 = CIRCLE ( 'NONE', #170, 13.99999999999999822 ) ;
#1265 = CARTESIAN_POINT ( 'NONE',  ( 7.032999293507468330, 29.04246851191649270, -9.848637828122503990 ) ) ;
#1266 = CARTESIAN_POINT ( 'NONE',  ( 5.559503105355597441, 28.76493179490177354, -11.56385701760572537 ) ) ;
#1267 = DIRECTION ( 'NONE',  ( 0.000000000000000000, 1.000000000000000000, -0.000000000000000000 ) ) ;
#1268 = AXIS2_PLACEMENT_3D ( 'NONE', #260, #2609, #2919 ) ;
#1269 = EDGE_LOOP ( 'NONE', ( #121, #1882, #3314, #2944 ) ) ;
#1270 = CARTESIAN_POINT ( 'NONE',  ( 12.54374644483158363, 13.54225285882728436, 18.33555789097446365 ) ) ;
#1271 = PLANE ( 'NONE',  #2480 ) ;
#1272 = EDGE_CURVE ( 'NONE', #2240, #2218, #3081, .T. ) ;
#1273 = ADVANCED_FACE ( 'NONE', ( #938 ), #2559, .F. ) ;
#1274 = CARTESIAN_POINT ( 'NONE',  ( 14.38749456993816089, 24.00000000000000000, -17.87340312894769667 ) ) ;
#1275 = ORIENTED_EDGE ( 'NONE', *, *, #221, .T. ) ;
#1276 = CARTESIAN_POINT ( 'NONE',  ( 3.588379372921521870, 29.74874268522409793, 7.853858195372820816 ) ) ;
#1277 = CARTESIAN_POINT ( 'NONE',  ( 12.15643718252898076, 5.612792720399826685, -13.85251419635048897 ) ) ;
#1278 = CARTESIAN_POINT ( 'NONE',  ( 0.6631240982409373208, 7.000000000000009770, 9.961524227066313131 ) ) ;
#1279 = AXIS2_PLACEMENT_3D ( 'NONE', #1384, #1345, #2063 ) ;
#1280 = DIRECTION ( 'NONE',  ( 0.000000000000000000, 1.000000000000000000, -0.000000000000000000 ) ) ;
#1281 = CARTESIAN_POINT ( 'NONE',  ( 0.2911136645837044679, 29.99754691493041392, 6.231294812907586689 ) ) ;
#1282 = VERTEX_POINT ( 'NONE', #2537 ) ;
#1283 = CARTESIAN_POINT ( 'NONE',  ( -13.82799665193697969, 25.70445261548874782, 14.16813992455075066 ) ) ;
#1284 = AXIS2_PLACEMENT_3D ( 'NONE', #348, #2356, #1361 ) ;
#1285 = CARTESIAN_POINT ( 'NONE',  ( 12.11033440333377165, 5.570912929398113000, -13.83791671235960408 ) ) ;
#1286 = EDGE_LOOP ( 'NONE', ( #242, #3776, #1063, #878 ) ) ;
#1287 = CARTESIAN_POINT ( 'NONE',  ( 12.77741447439180611, 26.45808776302061105, -13.50501915887291737 ) ) ;
#1288 = CARTESIAN_POINT ( 'NONE',  ( -11.25869517919975138, 10.44717606463912141, -17.64877838432842694 ) ) ;
#1289 = VERTEX_POINT ( 'NONE', #1839 ) ;
#1290 = CARTESIAN_POINT ( 'NONE',  ( 13.13562007437290902, 6.584702896262128569, 14.17905785085097214 ) ) ;
#1291 = CARTESIAN_POINT ( 'NONE',  ( -9.012611189838192871, 28.35312243331732773, -11.08140443678090215 ) ) ;
#1292 = DATE_AND_TIME ( #3249, #3985 ) ;
#1293 = CARTESIAN_POINT ( 'NONE',  ( -46.61133186086159697, 27.01520666300588402, 1.000000000000001776 ) ) ;
#1294 = ORIENTED_EDGE ( 'NONE', *, *, #1572, .F. ) ;
#1295 = CARTESIAN_POINT ( 'NONE',  ( -9.999999999999994671, 17.64686993199744691, -11.16936811832403009 ) ) ;
#1296 = CARTESIAN_POINT ( 'NONE',  ( -10.81753314607038696, 4.497228108567223437, -13.44735111728177124 ) ) ;
#1297 = ADVANCED_FACE ( 'NONE', ( #1918 ), #3931, .F. ) ;
#1298 = ADVANCED_FACE ( 'NONE', ( #2494 ), #3935, .T. ) ;
#1299 = CARTESIAN_POINT ( 'NONE',  ( -28.99999999999999645, 0.000000000000000000, -10.99999999999996980 ) ) ;
#1300 = CARTESIAN_POINT ( 'NONE',  ( -11.56369748835303923, 27.19231374203990015, 12.72074768498676001 ) ) ;
#1301 = ORIENTED_EDGE ( 'NONE', *, *, #3845, .F. ) ;
#1302 = CARTESIAN_POINT ( 'NONE',  ( -8.399010896877218357, 26.94020271398804667, 14.70683949167231575 ) ) ;
#1303 = DIRECTION ( 'NONE',  ( 0.000000000000000000, 1.000000000000000000, -0.000000000000000000 ) ) ;
#1304 = EDGE_CURVE ( 'NONE', #1139, #1968, #547, .T. ) ;
#1305 = CARTESIAN_POINT ( 'NONE',  ( 3.588267375226744438, 29.74875901899272534, -7.853795847752137682 ) ) ;
#1306 = CARTESIAN_POINT ( 'NONE',  ( -9.777355609990696195, 8.422131972844830727, -16.97135235382667418 ) ) ;
#1307 = ORIENTED_EDGE ( 'NONE', *, *, #2523, .F. ) ;
#1308 = CARTESIAN_POINT ( 'NONE',  ( 11.28150627146523099, 10.51781866206689031, 17.66351147546036415 ) ) ;
#1309 = CARTESIAN_POINT ( 'NONE',  ( 30.00000000000000000, 24.00000000000000000, -20.00000000000000000 ) ) ;
#1310 = PERSON_AND_ORGANIZATION ( #3575, #2105 ) ;
#1311 = CIRCLE ( 'NONE', #2191, 18.00000000000000355 ) ;
#1312 = CARTESIAN_POINT ( 'NONE',  ( -12.94920619632448222, 15.72633019954066214, 18.56993339974943069 ) ) ;
#1313 = ORIENTED_EDGE ( 'NONE', *, *, #3172, .F. ) ;
#1314 = CARTESIAN_POINT ( 'NONE',  ( 0.7279191041526942296, 30.00000000000000355, 6.325618504898949723 ) ) ;
#1315 = CARTESIAN_POINT ( 'NONE',  ( -16.69022395987731855, 12.74431121083117979, -15.60912818824147230 ) ) ;
#1316 = AXIS2_PLACEMENT_3D ( 'NONE', #3080, #832, #513 ) ;
#1317 = FACE_BOUND ( 'NONE', #3762, .T. ) ;
#1318 = PLANE ( 'NONE',  #2703 ) ;
#1319 = CARTESIAN_POINT ( 'NONE',  ( -2.165819008563637293, 4.174504844641113266, 15.05401439968540167 ) ) ;
#1320 = VERTEX_POINT ( 'NONE', #1157 ) ;
#1321 = VECTOR ( 'NONE', #3210, 1000.000000000000000 ) ;
#1322 = CARTESIAN_POINT ( 'NONE',  ( -10.15496461980496079, 25.12317990456208605, 16.59640837665219948 ) ) ;
#1323 = AXIS2_PLACEMENT_3D ( 'NONE', #1467, #1523, #2767 ) ;
#1324 = DIRECTION ( 'NONE',  ( -0.000000000000000000, -1.000000000000000000, 0.000000000000000000 ) ) ;
#1325 = CARTESIAN_POINT ( 'NONE',  ( 40.95445115010331705, 27.99999999999999645, 1.000000000000000000 ) ) ;
#1326 = EDGE_CURVE ( 'NONE', #2815, #3069, #757, .T. ) ;
#1327 = DIRECTION ( 'NONE',  ( 0.000000000000000000, 0.000000000000000000, -1.000000000000000000 ) ) ;
#1328 = EDGE_CURVE ( 'NONE', #3650, #538, #1021, .T. ) ;
#1329 = FACE_BOUND ( 'NONE', #62, .T. ) ;
#1330 = ORIENTED_EDGE ( 'NONE', *, *, #1145, .T. ) ;
#1331 = CARTESIAN_POINT ( 'NONE',  ( 8.130052255093579205, 6.841497838287469158, 16.33591410025064050 ) ) ;
#1332 = DIRECTION ( 'NONE',  ( 0.000000000000000000, 0.000000000000000000, -1.000000000000000000 ) ) ;
#1333 = DATE_AND_TIME ( #3207, #2514 ) ;
#1334 = AXIS2_PLACEMENT_3D ( 'NONE', #3412, #548, #231 ) ;
#1335 = CARTESIAN_POINT ( 'NONE',  ( 47.97220075561142494, 24.00000000000000000, 1.000000000000002220 ) ) ;
#1336 = ORIENTED_EDGE ( 'NONE', *, *, #1944, .F. ) ;
#1337 = DIRECTION ( 'NONE',  ( 0.000000000000000000, 1.000000000000000000, -0.000000000000000000 ) ) ;
#1338 = CARTESIAN_POINT ( 'NONE',  ( -7.251909418686363296, 6.207213637174604060, -16.05301261062184182 ) ) ;
#1339 = CARTESIAN_POINT ( 'NONE',  ( 0.8588176371555213962, 26.96449413995453170, -8.655307385762082362 ) ) ;
#1340 = FACE_OUTER_BOUND ( 'NONE', #1231, .T. ) ;
#1341 = CARTESIAN_POINT ( 'NONE',  ( 4.239499135565750976, 4.703219004208266441, 15.32775462702463187 ) ) ;
#1342 = ORIENTED_EDGE ( 'NONE', *, *, #3103, .T. ) ;
#1343 = EDGE_CURVE ( 'NONE', #3189, #498, #1311, .T. ) ;
#1344 = CARTESIAN_POINT ( 'NONE',  ( -2.333995197477390704, 29.83919377831792730, 8.185682360761745713 ) ) ;
#1345 = DIRECTION ( 'NONE',  ( 0.000000000000000000, 1.000000000000000000, -0.000000000000000000 ) ) ;
#1346 = DIRECTION ( 'NONE',  ( 0.5000000000000002220, 0.000000000000000000, 0.8660254037844385966 ) ) ;
#1347 = CARTESIAN_POINT ( 'NONE',  ( 15.55404818371692777, 24.00000000000000000, 15.10950141828942783 ) ) ;
#1348 = AXIS2_PLACEMENT_3D ( 'NONE', #359, #3498, #1327 ) ;
#1349 = DIRECTION ( 'NONE',  ( 0.000000000000000000, 0.000000000000000000, -1.000000000000000000 ) ) ;
#1350 = EDGE_CURVE ( 'NONE', #2401, #2286, #566, .T. ) ;
#1351 = CARTESIAN_POINT ( 'NONE',  ( 12.96397042583077841, 26.33417673809902837, 13.62451432704092902 ) ) ;
#1352 = CARTESIAN_POINT ( 'NONE',  ( -9.832128549734070688, 28.02419593508262707, -11.60249446380547944 ) ) ;
#1353 = EDGE_LOOP ( 'NONE', ( #731, #1394, #2446, #3773 ) ) ;
#1354 = CARTESIAN_POINT ( 'NONE',  ( 12.92812305716827481, 18.47278342979762655, 18.55754428169875681 ) ) ;
#1355 = CARTESIAN_POINT ( 'NONE',  ( -30.00000000000000000, 0.000000000000000000, 0.000000000000000000 ) ) ;
#1356 = CALENDAR_DATE ( 2026, 4, 8 ) ;
#1357 = CARTESIAN_POINT ( 'NONE',  ( -13.00694509053785453, 16.85966891109564614, 13.83518610010118266 ) ) ;
#1358 = EDGE_LOOP ( 'NONE', ( #3750, #268, #1172, #750, #1596 ) ) ;
#1359 = FACE_OUTER_BOUND ( 'NONE', #2029, .T. ) ;
#1360 = CARTESIAN_POINT ( 'NONE',  ( -9.038150942188721615, 3.353817384395633372, -12.99473668835015694 ) ) ;
#1361 = DIRECTION ( 'NONE',  ( 1.000000000000000000, 0.000000000000000000, 0.000000000000000000 ) ) ;
#1362 = CARTESIAN_POINT ( 'NONE',  ( -11.82508361657310481, 11.58266369977360633, 17.94342515350090395 ) ) ;
#1363 = ORIENTED_EDGE ( 'NONE', *, *, #2702, .T. ) ;
#1364 = ORIENTED_EDGE ( 'NONE', *, *, #1547, .F. ) ;
#1365 = CARTESIAN_POINT ( 'NONE',  ( -9.999999999999991118, 17.00000000000000000, 11.16936811832404253 ) ) ;
#1366 = CARTESIAN_POINT ( 'NONE',  ( -9.999999999999989342, 17.00000000000000000, -20.00000000000000000 ) ) ;
#1367 = CARTESIAN_POINT ( 'NONE',  ( 31.00000000000000355, 27.99999999999996803, 14.22585862220728536 ) ) ;
#1368 = CARTESIAN_POINT ( 'NONE',  ( -5.047769254665965377, 25.63857716476754689, 9.915473354947675233 ) ) ;
#1369 = CARTESIAN_POINT ( 'NONE',  ( -11.56877690631032607, 23.08838934405056875, -13.91449011238643330 ) ) ;
#1370 = ORIENTED_EDGE ( 'NONE', *, *, #4111, .F. ) ;
#1371 = EDGE_CURVE ( 'NONE', #568, #277, #929, .T. ) ;
#1372 = CARTESIAN_POINT ( 'NONE',  ( 12.94656768895526966, 15.69770244593953912, 18.56838139147361844 ) ) ;
#1373 = DIRECTION ( 'NONE',  ( 0.000000000000000000, 1.000000000000000000, -0.000000000000000000 ) ) ;
#1374 = CARTESIAN_POINT ( 'NONE',  ( -16.66101533305402782, 21.50959518868125286, 15.59513294586120935 ) ) ;
#1375 = ORIENTED_EDGE ( 'NONE', *, *, #656, .T. ) ;
#1376 = EDGE_CURVE ( 'NONE', #3295, #2951, #2184, .T. ) ;
#1377 = DIRECTION ( 'NONE',  ( -0.000000000000000000, -1.000000000000000000, -0.000000000000000000 ) ) ;
#1378 = CARTESIAN_POINT ( 'NONE',  ( -10.42955948701168190, 9.187853220970948698, -13.23866209003560535 ) ) ;
#1379 = CARTESIAN_POINT ( 'NONE',  ( 2.671804811299022475, 26.64199821781600264, -9.049403337909176059 ) ) ;
#1380 = CARTESIAN_POINT ( 'NONE',  ( -1.448146819588494560, 29.95954024826609086, 6.701428806789509807 ) ) ;
#1381 = ORIENTED_EDGE ( 'NONE', *, *, #1219, .T. ) ;
#1382 = ORIENTED_EDGE ( 'NONE', *, *, #954, .T. ) ;
#1383 = CARTESIAN_POINT ( 'NONE',  ( -8.852830878804924808, 26.54058819019934745, 15.21180674400215871 ) ) ;
#1384 = CARTESIAN_POINT ( 'NONE',  ( 30.00000000000000000, 24.00000000000000000, 0.000000000000000000 ) ) ;
#1385 = CARTESIAN_POINT ( 'NONE',  ( -17.08622392005032609, 14.48326466232144583, 15.79435378911666810 ) ) ;
#1386 = CARTESIAN_POINT ( 'NONE',  ( -31.00000000000000000, 30.00000000000000000, 17.97220075561142849 ) ) ;
#1387 = AXIS2_PLACEMENT_3D ( 'NONE', #2945, #1337, #2353 ) ;
#1388 = CARTESIAN_POINT ( 'NONE',  ( 7.560847719788461596, 27.59198879602010734, 13.77350033094580972 ) ) ;
#1389 = CARTESIAN_POINT ( 'NONE',  ( -7.943662473842419303, 27.36354363912658627, -11.88976229095514903 ) ) ;
#1390 = ORIENTED_EDGE ( 'NONE', *, *, #3202, .T. ) ;
#1391 = CARTESIAN_POINT ( 'NONE',  ( 12.99451355752442083, 16.53094151290361680, 18.59662483593137594 ) ) ;
#1392 = DIRECTION ( 'NONE',  ( 0.000000000000000000, 0.000000000000000000, 1.000000000000000000 ) ) ;
#1393 = CARTESIAN_POINT ( 'NONE',  ( -12.85084207764097997, 19.03985285782054149, 18.51211407314606561 ) ) ;
#1394 = ORIENTED_EDGE ( 'NONE', *, *, #4058, .T. ) ;
#1395 = CARTESIAN_POINT ( 'NONE',  ( -30.99999999999991473, 27.97387911384957704, -14.49093803379815881 ) ) ;
#1396 = CARTESIAN_POINT ( 'NONE',  ( 28.99999999999999645, 27.01561717598879753, 16.61103419390756741 ) ) ;
#1397 = TOROIDAL_SURFACE ( 'NONE', #2077, 14.00000000000000000, 6.000000000000000000 ) ;
#1398 = ADVANCED_FACE ( 'NONE', ( #2573 ), #3154, .F. ) ;
#1399 = CARTESIAN_POINT ( 'NONE',  ( 47.15002632247913539, 26.44152756656971093, 1.000000000000001998 ) ) ;
#1400 = CARTESIAN_POINT ( 'NONE',  ( -5.422612741640176814, 5.177238601504558169, 15.56510044087614375 ) ) ;
#1401 = CIRCLE ( 'NONE', #643, 6.000000000000002665 ) ;
#1402 = ORIENTED_EDGE ( 'NONE', *, *, #1875, .F. ) ;
#1403 = LINE ( 'NONE', #3973, #1724 ) ;
#1404 = CARTESIAN_POINT ( 'NONE',  ( 13.00000000000184208, 17.99454692877474571, 18.59986959184259803 ) ) ;
#1405 = CARTESIAN_POINT ( 'NONE',  ( 17.20011137502952181, 18.82558540491673327, -15.84837443417846536 ) ) ;
#1406 = CARTESIAN_POINT ( 'NONE',  ( 0.000000000000000000, 0.000000000000000000, 51.96152422706631313 ) ) ;
#1407 = CARTESIAN_POINT ( 'NONE',  ( -17.10763393097704466, 19.38932710131641102, 15.80448093249374431 ) ) ;
#1408 = LINE ( 'NONE', #3286, #2006 ) ;
#1409 = CARTESIAN_POINT ( 'NONE',  ( 14.62394544302069477, 25.01884555067224980, 14.64158179434578777 ) ) ;
#1410 = VECTOR ( 'NONE', #1703, 1000.000000000000000 ) ;
#1411 = CARTESIAN_POINT ( 'NONE',  ( -11.52942861970318233, 23.01720119136155418, -17.79007490134875269 ) ) ;
#1412 = ORIENTED_EDGE ( 'NONE', *, *, #93, .F. ) ;
#1413 = CARTESIAN_POINT ( 'NONE',  ( 9.999999999999987566, 17.64663651924137611, -11.16936811832402832 ) ) ;
#1414 = DIRECTION ( 'NONE',  ( 0.000000000000000000, 0.000000000000000000, -1.000000000000000000 ) ) ;
#1415 = CC_DESIGN_DATE_AND_TIME_ASSIGNMENT ( #301, #639, ( #2239 ) ) ;
#1416 = CARTESIAN_POINT ( 'NONE',  ( -4.338236748940569321, 4.732955034673391737, 15.34330777220870701 ) ) ;
#1417 = EDGE_LOOP ( 'NONE', ( #3494, #3418, #2693, #3463, #339 ) ) ;
#1418 = DIRECTION ( 'NONE',  ( 0.000000000000000000, 0.000000000000000000, 1.000000000000000000 ) ) ;
#1419 = CARTESIAN_POINT ( 'NONE',  ( 29.00000000000000000, 25.77308599895922825, 17.56665664928866732 ) ) ;
#1420 = DIRECTION ( 'NONE',  ( 0.000000000000000000, 0.000000000000000000, 1.000000000000000000 ) ) ;
#1421 = CARTESIAN_POINT ( 'NONE',  ( 0.000000000000000000, 0.000000000000000000, 51.96152422706631313 ) ) ;
#1422 = ORIENTED_EDGE ( 'NONE', *, *, #3584, .F. ) ;
#1423 = EDGE_LOOP ( 'NONE', ( #1981, #2766, #1933, #1691 ) ) ;
#1424 = CARTESIAN_POINT ( 'NONE',  ( 11.90280007590600952, 22.24978979154897019, 17.98402940210106493 ) ) ;
#1425 = CARTESIAN_POINT ( 'NONE',  ( 12.85084207764102615, 19.03985285782031056, -18.51211407314606205 ) ) ;
#1426 = ADVANCED_FACE ( 'NONE', ( #1235 ), #2271, .F. ) ;
#1427 = ADVANCED_FACE ( 'NONE', ( #4120 ), #2886, .T. ) ;
#1428 = DIRECTION ( 'NONE',  ( 1.000000000000000000, 0.000000000000000000, 0.000000000000000000 ) ) ;
#1429 = CC_DESIGN_APPROVAL ( #1105, ( #3351 ) ) ;
#1430 = CARTESIAN_POINT ( 'NONE',  ( -4.872123963285797998, 1.634145457740850071, 12.25347048882868961 ) ) ;
#1431 = CARTESIAN_POINT ( 'NONE',  ( -2.926047721682623954E-95, 30.00000000000000355, -5.961524227066313131 ) ) ;
#1432 = CARTESIAN_POINT ( 'NONE',  ( 31.00000000000001066, 26.64325597047015393, 16.98432105186304142 ) ) ;
#1433 = CARTESIAN_POINT ( 'NONE',  ( 11.56877690631113076, 23.08838934404897358, 13.91449011238362132 ) ) ;
#1434 = ADVANCED_FACE ( 'NONE', ( #1258 ), #894, .F. ) ;
#1435 = CARTESIAN_POINT ( 'NONE',  ( -11.12976565082587044, 27.41881123150281496, -12.43790743244323416 ) ) ;
#1436 = ORIENTED_EDGE ( 'NONE', *, *, #296, .F. ) ;
#1437 = CARTESIAN_POINT ( 'NONE',  ( 12.99854271061318478, 17.30393472785265629, 13.83365828095067407 ) ) ;
#1438 = CARTESIAN_POINT ( 'NONE',  ( -28.99999999999981171, 24.00000000000000000, -17.97220075561141783 ) ) ;
#1439 = CARTESIAN_POINT ( 'NONE',  ( -1.227251892153712109, 4.053981899576435843, 11.97840504072928169 ) ) ;
#1440 = VERTEX_POINT ( 'NONE', #908 ) ;
#1441 = DIRECTION ( 'NONE',  ( 0.000000000000000000, 1.000000000000000000, -0.000000000000000000 ) ) ;
#1442 = CARTESIAN_POINT ( 'NONE',  ( -12.39156894007282617, 21.02215505356040026, -13.70753176273909091 ) ) ;
#1443 = CARTESIAN_POINT ( 'NONE',  ( 30.00000000000000000, 24.00000000000000000, -14.00000000000000000 ) ) ;
#1444 = CARTESIAN_POINT ( 'NONE',  ( 11.68983933807475672, 22.68750000000000000, -17.87340312894769667 ) ) ;
#1445 = ORIENTED_EDGE ( 'NONE', *, *, #1170, .F. ) ;
#1446 = CARTESIAN_POINT ( 'NONE',  ( -13.00000000000000178, 16.99999999997615063, -18.59986959184175603 ) ) ;
#1447 = CARTESIAN_POINT ( 'NONE',  ( 11.53917034470440761, 11.00647881469253875, -17.79528323725672934 ) ) ;
#1448 = CARTESIAN_POINT ( 'NONE',  ( 1.369564395849089955, 26.91155848746286239, 8.725155412663097465 ) ) ;
#1449 = CARTESIAN_POINT ( 'NONE',  ( 6.973220854311303007, 27.98633944053528921, -13.11800862670139445 ) ) ;
#1450 = CARTESIAN_POINT ( 'NONE',  ( 9.360866966780010401, 13.46724023828839201, -11.01777531139488175 ) ) ;
#1451 = CARTESIAN_POINT ( 'NONE',  ( -46.98228707489443678, 26.64539795739227301, -0.9999999999999985567 ) ) ;
#1452 = CIRCLE ( 'NONE', #831, 18.00000000000000355 ) ;
#1453 = AXIS2_PLACEMENT_3D ( 'NONE', #4109, #1796, #2194 ) ;
#1454 = DIRECTION ( 'NONE',  ( 0.000000000000000000, 0.000000000000000000, -1.000000000000000000 ) ) ;
#1455 = ORIENTED_EDGE ( 'NONE', *, *, #2003, .T. ) ;
#1456 = CARTESIAN_POINT ( 'NONE',  ( -11.75842880843786098, 27.08565189813212726, 12.84730754516706952 ) ) ;
#1457 = CARTESIAN_POINT ( 'NONE',  ( -28.99999999999982236, 25.28955818700347180, -17.76742464400970434 ) ) ;
#1458 = AXIS2_PLACEMENT_3D ( 'NONE', #1902, #2585, #3837 ) ;
#1459 = CARTESIAN_POINT ( 'NONE',  ( -0.3765108072645655390, 1.000172012996297655, 11.96160464216572983 ) ) ;
#1460 = VERTEX_POINT ( 'NONE', #2230 ) ;
#1461 = FACE_OUTER_BOUND ( 'NONE', #2358, .T. ) ;
#1462 = CARTESIAN_POINT ( 'NONE',  ( 29.00000000000000000, 24.26093931960956951, 17.97220075561143204 ) ) ;
#1463 = DIRECTION ( 'NONE',  ( 0.000000000000000000, 1.000000000000000000, -0.000000000000000000 ) ) ;
#1464 = DIRECTION ( 'NONE',  ( -1.000000000000000000, 0.000000000000000000, 0.000000000000000000 ) ) ;
#1465 = ORIENTED_EDGE ( 'NONE', *, *, #1145, .F. ) ;
#1466 = AXIS2_PLACEMENT_3D ( 'NONE', #3454, #2792, #1511 ) ;
#1467 = CARTESIAN_POINT ( 'NONE',  ( 30.00000000000000000, 24.00000000000000000, 0.000000000000000000 ) ) ;
#1468 = CARTESIAN_POINT ( 'NONE',  ( 12.09108314771907011, 21.80054585020871016, 18.08536143357436643 ) ) ;
#1469 = CARTESIAN_POINT ( 'NONE',  ( 12.68004573577102612, 14.08000413211243185, -18.41356908062211062 ) ) ;
#1470 = DIRECTION ( 'NONE',  ( -0.000000000000000000, -1.000000000000000000, 0.000000000000000000 ) ) ;
#1471 = AXIS2_PLACEMENT_3D ( 'NONE', #2975, #3350, #2707 ) ;
#1472 = CARTESIAN_POINT ( 'NONE',  ( 5.562246038911065504, 1.793085782060609867, 12.32596974922176614 ) ) ;
#1473 = CARTESIAN_POINT ( 'NONE',  ( -4.443971797277549207, 8.017782202721916107, -10.19287482954734969 ) ) ;
#1474 = DIRECTION ( 'NONE',  ( -0.000000000000000000, -1.000000000000000000, 0.000000000000000000 ) ) ;
#1475 = CARTESIAN_POINT ( 'NONE',  ( -12.61034651066244017, 6.027985194965553184, -13.99799359694431189 ) ) ;
#1476 = VERTEX_POINT ( 'NONE', #3551 ) ;
#1477 = CARTESIAN_POINT ( 'NONE',  ( -7.560847719787492593, 27.59198879602086407, 13.77350033095128801 ) ) ;
#1478 = DIRECTION ( 'NONE',  ( 0.000000000000000000, 1.000000000000000000, -0.000000000000000000 ) ) ;
#1479 = DIRECTION ( 'NONE',  ( 0.000000000000000000, 0.000000000000000000, 1.000000000000000000 ) ) ;
#1480 = EDGE_CURVE ( 'NONE', #2286, #3303, #1954, .T. ) ;
#1481 = AXIS2_PLACEMENT_3D ( 'NONE', #166, #1470, #1133 ) ;
#1482 = CARTESIAN_POINT ( 'NONE',  ( -1.395192414911475609, 4.072105122222637874, 14.99983497976198876 ) ) ;
#1483 = ORIENTED_EDGE ( 'NONE', *, *, #402, .F. ) ;
#1484 = CYLINDRICAL_SURFACE ( 'NONE', #26, 13.00000000000000178 ) ;
#1485 = DIRECTION ( 'NONE',  ( -1.000000000000000000, -0.000000000000000000, 0.000000000000000000 ) ) ;
#1486 = CARTESIAN_POINT ( 'NONE',  ( 47.76742501261329465, 25.28934042080472011, -0.9999999999999978906 ) ) ;
#1487 =( BOUNDED_SURFACE ( )  B_SPLINE_SURFACE ( 3, 2, ( 
 ( #4002, #3331, #110 ),
 ( #1411, #444, #422 ),
 ( #130, #3290, #383 ),
 ( #49, #1094, #3644 ),
 ( #68, #1369, #2996 ),
 ( #760, #2090, #1685 ),
 ( #2321, #2644, #2389 ),
 ( #3937, #2346, #3625 ),
 ( #1726, #1750, #2712 ),
 ( #720, #3983, #3038 ),
 ( #3313, #2068, #1435 ),
 ( #1705, #783, #1352 ),
 ( #87, #1389, #2371 ),
 ( #3913, #2687, #3354 ),
 ( #2730, #1116, #1027 ),
 ( #2411, #3687, #3375 ),
 ( #3600, #2467, #866 ),
 ( #3388, #819, #2083 ),
 ( #476, #416, #3974 ),
 ( #1783, #3407, #457 ) ),
 .UNSPECIFIED., .F., .F., .F. ) 
 B_SPLINE_SURFACE_WITH_KNOTS ( ( 4, 2, 2, 2, 2, 2, 2, 2, 2, 4 ),
 ( 3, 3 ),
 ( 0.000000000000000000, 0.001350437688729310901, 0.002700875377458621801, 0.004051313066187932702, 0.005401750754917243602, 0.008102626132375865403, 0.01080350150983448720, 0.01350437688729310901, 0.01620525226475173081, 0.02160700301966897441 ),
 ( 0.000000000000000000, 1.000000000000000000 ),
 .UNSPECIFIED. ) 
 GEOMETRIC_REPRESENTATION_ITEM ( )  RATIONAL_B_SPLINE_SURFACE ( (
 ( 1.000000000000000000, 0.5702358449965401199, 1.000000000000000000),
 ( 1.000000000000000000, 0.5831040951869851385, 1.000000000000000000),
 ( 1.000000000000000000, 0.5972674134107568422, 1.000000000000000000),
 ( 1.000000000000000000, 0.6267005355685598689, 1.000000000000000000),
 ( 1.000000000000000000, 0.6419685592302183386, 1.000000000000000000),
 ( 1.000000000000000000, 0.6726746053799309566, 1.000000000000000000),
 ( 1.000000000000000000, 0.6881896289781916920, 1.000000000000000000),
 ( 1.000000000000000000, 0.7184850277554335474, 1.000000000000000000),
 ( 1.000000000000000000, 0.7332144698625754353, 1.000000000000000000),
 ( 1.000000000000000000, 0.7758360890201349003, 1.000000000000000000),
 ( 1.000000000000000000, 0.8021444324287699823, 1.000000000000000000),
 ( 1.000000000000000000, 0.8499896103468870256, 1.000000000000000000),
 ( 1.000000000000000000, 0.8716234742837440930, 1.000000000000000000),
 ( 1.000000000000000000, 0.9093196092349127291, 1.000000000000000000),
 ( 1.000000000000000000, 0.9255117847715265134, 1.000000000000000000),
 ( 1.000000000000000000, 0.9530103291933841314, 1.000000000000000000),
 ( 1.000000000000000000, 0.9643166757222643160, 1.000000000000000000),
 ( 1.000000000000000000, 0.9913139834766323544, 1.000000000000000000),
 ( 1.000000000000000000, 1.000056020334301410, 1.000000000000000000),
 ( 1.000000000000000000, 1.000000000000000000, 1.000000000000000000) ) ) 
 REPRESENTATION_ITEM ( '' )  SURFACE ( )  );
#1488 = EDGE_LOOP ( 'NONE', ( #1887, #261, #3738, #3960 ) ) ;
#1489 = CARTESIAN_POINT ( 'NONE',  ( -12.09108314771907544, 21.80054585020870661, -18.08536143357435577 ) ) ;
#1490 = CARTESIAN_POINT ( 'NONE',  ( 12.29368159801500582, 12.67938909060541519, -13.68508700361479669 ) ) ;
#1491 = CARTESIAN_POINT ( 'NONE',  ( -13.00000000000000178, 17.00000000001773159, 18.59986959184175959 ) ) ;
#1492 = CARTESIAN_POINT ( 'NONE',  ( 2.286556545688615660, 29.80999575214657327, -8.151128332789458142 ) ) ;
#1493 = CARTESIAN_POINT ( 'NONE',  ( 5.090519203857913233, 28.99404554688513969, -9.702592336519121119 ) ) ;
#1494 = CARTESIAN_POINT ( 'NONE',  ( -47.14799434890228014, 26.44425028034720881, -0.9999999999999983347 ) ) ;
#1495 = CARTESIAN_POINT ( 'NONE',  ( 5.034235259946588492, 29.49882348491501105, 8.673226687618287301 ) ) ;
#1496 = ORIENTED_EDGE ( 'NONE', *, *, #4030, .F. ) ;
#1497 = CARTESIAN_POINT ( 'NONE',  ( -11.12976565082542280, 27.41881123150331589, 12.43790743244271901 ) ) ;
#1498 = CARTESIAN_POINT ( 'NONE',  ( -28.99999999999982592, 26.00957739145685821, -17.43974486406205315 ) ) ;
#1499 = CARTESIAN_POINT ( 'NONE',  ( -11.69122985074272947, 11.24907777943414189, 13.54140436381438661 ) ) ;
#1500 = ORIENTED_EDGE ( 'NONE', *, *, #2709, .F. ) ;
#1501 = CARTESIAN_POINT ( 'NONE',  ( -30.99999999999981171, 24.52149124577691452, -17.94664585581771021 ) ) ;
#1502 = EDGE_CURVE ( 'NONE', #4162, #3729, #1908, .T. ) ;
#1503 = CARTESIAN_POINT ( 'NONE',  ( -1.874333510805124050E-24, 26.99999999999999289, -8.607275538130910064 ) ) ;
#1504 = VERTEX_POINT ( 'NONE', #1870 ) ;
#1505 = DIRECTION ( 'NONE',  ( 0.000000000000000000, 1.000000000000000000, -0.000000000000000000 ) ) ;
#1506 = CARTESIAN_POINT ( 'NONE',  ( -2.405755802560549661, 4.219100983976461272, -12.02961968164540885 ) ) ;
#1507 = CARTESIAN_POINT ( 'NONE',  ( -31.00000000000001066, 27.18232732502992377, 16.40689601069144032 ) ) ;
#1508 = ADVANCED_FACE ( 'NONE', ( #886 ), #4100, .T. ) ;
#1509 = CARTESIAN_POINT ( 'NONE',  ( 0.5834332942021680513, 30.00000000000000711, -6.500239160864003551 ) ) ;
#1510 = CARTESIAN_POINT ( 'NONE',  ( 1.177320043726226118, 30.00000000000000355, -7.048599852742198024 ) ) ;
#1511 = DIRECTION ( 'NONE',  ( 0.8992184106211347228, -0.4375000000000004441, 0.000000000000000000 ) ) ;
#1512 = CIRCLE ( 'NONE', #3402, 42.00000000000000000 ) ;
#1513 = DIRECTION ( 'NONE',  ( 0.8660254037844383745, -0.000000000000000000, 0.5000000000000004441 ) ) ;
#1514 = ORIENTED_EDGE ( 'NONE', *, *, #1875, .T. ) ;
#1515 = CIRCLE ( 'NONE', #4076, 9.999999999999989342 ) ;
#1516 = CARTESIAN_POINT ( 'NONE',  ( 12.03317727667555559, 21.98181818181817349, -13.62345556346796549 ) ) ;
#1517 = ORIENTED_EDGE ( 'NONE', *, *, #3536, .F. ) ;
#1518 = CARTESIAN_POINT ( 'NONE',  ( -30.00000000000000000, 24.00000000000000000, 0.000000000000000000 ) ) ;
#1519 = DIRECTION ( 'NONE',  ( -0.000000000000000000, -1.000000000000000000, 0.000000000000000000 ) ) ;
#1520 = CIRCLE ( 'NONE', #3871, 10.99999999999999645 ) ;
#1521 = CARTESIAN_POINT ( 'NONE',  ( -45.97098594159884755, 27.47258215537555515, 1.000000000000001776 ) ) ;
#1522 = ORIENTED_EDGE ( 'NONE', *, *, #3446, .F. ) ;
#1523 = DIRECTION ( 'NONE',  ( -0.000000000000000000, -1.000000000000000000, -0.000000000000000000 ) ) ;
#1524 = CARTESIAN_POINT ( 'NONE',  ( -5.785220462171937861, 1.859805209196844222, -12.35604450856527414 ) ) ;
#1525 = CARTESIAN_POINT ( 'NONE',  ( 2.593511622815371620, 7.336579452305274529, 10.04049083866885006 ) ) ;
#1526 = EDGE_CURVE ( 'NONE', #2190, #1095, #583, .T. ) ;
#1527 = CARTESIAN_POINT ( 'NONE',  ( 3.841607649531264101, 1.396142830557601133, 12.14492234227101264 ) ) ;
#1528 = CARTESIAN_POINT ( 'NONE',  ( 30.99999999999987210, 27.59550163431900671, -15.74074826167032271 ) ) ;
#1529 = CARTESIAN_POINT ( 'NONE',  ( -21.00000000000001421, 30.00000000000000000, 15.58845726811990140 ) ) ;
#1530 = AXIS2_PLACEMENT_3D ( 'NONE', #3661, #2318, #1977 ) ;
#1531 = CARTESIAN_POINT ( 'NONE',  ( -13.55628108177188018, 7.039741502177564669, -14.32540141592672178 ) ) ;
#1532 = ORIENTED_EDGE ( 'NONE', *, *, #2311, .F. ) ;
#1533 = CARTESIAN_POINT ( 'NONE',  ( 11.68983933807475672, 22.68750000000000000, -17.87340312894769667 ) ) ;
#1534 = CARTESIAN_POINT ( 'NONE',  ( 9.475446449100054735, 26.01665417988220241, -12.98819179147830916 ) ) ;
#1535 = CARTESIAN_POINT ( 'NONE',  ( 45.97304807789340231, 27.47138770719883993, 1.000000000000001776 ) ) ;
#1536 = ORIENTED_EDGE ( 'NONE', *, *, #4095, .T. ) ;
#1537 = CARTESIAN_POINT ( 'NONE',  ( 28.99999999999999645, 30.00200000000000244, -10.95445115010331882 ) ) ;
#1538 = CARTESIAN_POINT ( 'NONE',  ( -40.99999999999999289, 0.000000000000000000, -1.000000000000000000 ) ) ;
#1539 = DIRECTION ( 'NONE',  ( 0.000000000000000000, 0.000000000000000000, 1.000000000000000000 ) ) ;
#1540 = TOROIDAL_SURFACE ( 'NONE', #3772, 14.00000000000000000, 4.000000000000000000 ) ;
#1541 = EDGE_LOOP ( 'NONE', ( #368, #3630, #3540, #4027 ) ) ;
#1542 = CARTESIAN_POINT ( 'NONE',  ( 15.04816256572308220, 24.59594911154364638, 14.87323061366597621 ) ) ;
#1543 = CARTESIAN_POINT ( 'NONE',  ( -5.360754845477370800, 5.106280906262544939, -15.53462683739579475 ) ) ;
#1544 = CARTESIAN_POINT ( 'NONE',  ( 8.971438372399701322, 12.57052473759118527, 10.93058227265373006 ) ) ;
#1545 = CARTESIAN_POINT ( 'NONE',  ( 0.000000000000000000, 17.00000000000000000, 20.00000000000000000 ) ) ;
#1546 = CARTESIAN_POINT ( 'NONE',  ( 10.76823287659933825, 24.29143598476508359, 17.18848982794022362 ) ) ;
#1547 = EDGE_CURVE ( 'NONE', #1610, #726, #758, .T. ) ;
#1548 = ORIENTED_EDGE ( 'NONE', *, *, #3008, .F. ) ;
#1549 = CARTESIAN_POINT ( 'NONE',  ( -15.55404818371694198, 24.00000000000000000, -15.10950141828942073 ) ) ;
#1550 = ORIENTED_EDGE ( 'NONE', *, *, #3172, .T. ) ;
#1551 = CARTESIAN_POINT ( 'NONE',  ( 10.81905987381159129, 24.21532616977278707, -17.23406361323776892 ) ) ;
#1552 = EDGE_CURVE ( 'NONE', #1204, #1742, #1645, .T. ) ;
#1553 = CARTESIAN_POINT ( 'NONE',  ( -12.65691912950563847, 14.00246960351590708, -18.40042936123685990 ) ) ;
#1554 = APPROVAL_PERSON_ORGANIZATION ( #985, #2431, #2629 ) ;
#1555 = B_SPLINE_CURVE_WITH_KNOTS ( 'NONE', 3,
 ( #258, #3163, #2542, #3186, #1619, #1208, #2875, #1291, #3542, #3460, #1942, #638, #3777, #2917, #2505, #4151, #1862, #2563, #3581, #742 ),
 .UNSPECIFIED., .F., .F.,
 ( 4, 2, 2, 2, 2, 2, 2, 2, 2, 4 ),
 ( -2.539134798354777069E-05, 0.002416304112388962047, 0.004857999572761471929, 0.009741390493506491693, 0.01218308595387899984, 0.01462478141425150625, 0.01584562914443776033, 0.01706647687462401267, 0.01828732460481026501, 0.01950817233499651734 ),
 .UNSPECIFIED. ) ;
#1556 = EDGE_LOOP ( 'NONE', ( #3904, #1805, #4055, #1896 ) ) ;
#1557 = FACE_OUTER_BOUND ( 'NONE', #1541, .T. ) ;
#1558 = LINE ( 'NONE', #1209, #2789 ) ;
#1559 = DIRECTION ( 'NONE',  ( -0.000000000000000000, -1.000000000000000000, 0.000000000000000000 ) ) ;
#1560 = ORIENTED_EDGE ( 'NONE', *, *, #2046, .T. ) ;
#1561 = FACE_OUTER_BOUND ( 'NONE', #34, .T. ) ;
#1562 = CARTESIAN_POINT ( 'NONE',  ( 1.395192414911332612, 4.072105122222618334, -14.99983497976436730 ) ) ;
#1563 = CARTESIAN_POINT ( 'NONE',  ( -7.596315282680714098, 23.53592258401276993, 10.65160923408210536 ) ) ;
#1564 = DIRECTION ( 'NONE',  ( 1.000000000000000000, 0.000000000000000000, 0.000000000000000000 ) ) ;
#1565 = CARTESIAN_POINT ( 'NONE',  ( 1.439697006345213026, 29.92317134138272294, 7.322795443682395877 ) ) ;
#1566 = ORIENTED_EDGE ( 'NONE', *, *, #2079, .T. ) ;
#1567 = CARTESIAN_POINT ( 'NONE',  ( -15.11086962846594872, 24.52728914165981067, 14.90502982064772652 ) ) ;
#1568 = ORIENTED_EDGE ( 'NONE', *, *, #3414, .T. ) ;
#1569 = CARTESIAN_POINT ( 'NONE',  ( 13.00000000000000000, 17.49231163538295775, -18.59986959184175248 ) ) ;
#1570 = CARTESIAN_POINT ( 'NONE',  ( 10.43172296463312421, 24.76480162518490147, -16.87178720096580875 ) ) ;
#1571 = EDGE_CURVE ( 'NONE', #2240, #690, #969, .T. ) ;
#1572 = EDGE_CURVE ( 'NONE', #2915, #4162, #3135, .T. ) ;
#1573 = DIRECTION ( 'NONE',  ( 0.000000000000000000, -1.000000000000000000, 0.000000000000000000 ) ) ;
#1574 = CIRCLE ( 'NONE', #2326, 18.00000000000000355 ) ;
#1575 = EDGE_LOOP ( 'NONE', ( #3049, #1412, #1019, #1801 ) ) ;
#1576 = CARTESIAN_POINT ( 'NONE',  ( 12.00393059422045283, 11.97975029348493869, 18.03774813976361813 ) ) ;
#1577 = DIRECTION ( 'NONE',  ( 0.000000000000000000, 0.000000000000000000, 1.000000000000000000 ) ) ;
#1578 = CARTESIAN_POINT ( 'NONE',  ( -47.14799434890228014, 26.44425028034719816, 1.000000000000001998 ) ) ;
#1579 = VERTEX_POINT ( 'NONE', #4158 ) ;
#1580 = CARTESIAN_POINT ( 'NONE',  ( -28.99999999999999645, 30.00000000000000000, 17.97220075561142849 ) ) ;
#1581 = CARTESIAN_POINT ( 'NONE',  ( -2.106636076775589839, 4.166844364852642535, -12.01347069086127206 ) ) ;
#1582 = CARTESIAN_POINT ( 'NONE',  ( 0.000000000000000000, 30.00000000000000000, -51.96152422706631313 ) ) ;
#1583 = CIRCLE ( 'NONE', #2136, 41.99999999999999289 ) ;
#1584 = DIRECTION ( 'NONE',  ( 1.000000000000000000, 0.000000000000000000, 0.000000000000000000 ) ) ;
#1585 = CARTESIAN_POINT ( 'NONE',  ( 30.99999999999988987, 27.79677622823754035, -15.25325841213763844 ) ) ;
#1586 = LINE ( 'NONE', #2189, #2420 ) ;
#1587 = VECTOR ( 'NONE', #3701, 1000.000000000000000 ) ;
#1588 = ORIENTED_EDGE ( 'NONE', *, *, #324, .F. ) ;
#1589 = CARTESIAN_POINT ( 'NONE',  ( -10.81905987381109213, 24.21532616977349406, 17.23406361323777247 ) ) ;
#1590 = B_SPLINE_CURVE_WITH_KNOTS ( 'NONE', 3,
 ( #2365, #1700, #355, #1088, #2340, #2639, #2930, #3640, #2385, #2619, #1654, #2000, #3305, #2294, #3932, #3574, #1044, #2953, #2974, #42, #734, #3907, #2043, #1022 ),
 .UNSPECIFIED., .F., .F.,
 ( 4, 2, 2, 2, 2, 2, 2, 2, 2, 2, 2, 4 ),
 ( 0.02343779091982738788, 0.02539951193467528470, 0.02638037244209923138, 0.02736123294952318152, 0.02932295396437107488, 0.03030381447179502502, 0.03128467497921896823, 0.03324639599406686852, 0.03520811700891476881, 0.03618897751633871895, 0.03716983802376266216, 0.03913155903861056245 ),
 .UNSPECIFIED. ) ;
#1591 = CC_DESIGN_PERSON_AND_ORGANIZATION_ASSIGNMENT ( #2302, #3270, ( #2303 ) ) ;
#1592 = EDGE_LOOP ( 'NONE', ( #320, #1673, #1867, #423, #2865 ) ) ;
#1593 = AXIS2_PLACEMENT_3D ( 'NONE', #3827, #935, #2234 ) ;
#1594 = CARTESIAN_POINT ( 'NONE',  ( 2.880116573771885236, 29.84144245426847775, -7.463551761318601763 ) ) ;
#1595 = CARTESIAN_POINT ( 'NONE',  ( -5.805211282462975575, 5.360428659459704370, -15.65489594922373584 ) ) ;
#1596 = ORIENTED_EDGE ( 'NONE', *, *, #738, .T. ) ;
#1597 = EDGE_CURVE ( 'NONE', #1755, #2160, #3141, .T. ) ;
#1598 = EDGE_CURVE ( 'NONE', #3938, #2210, #3886, .T. ) ;
#1599 = CARTESIAN_POINT ( 'NONE',  ( 11.54142342753943140, 10.99227146977575664, 17.79548085700576721 ) ) ;
#1600 = CARTESIAN_POINT ( 'NONE',  ( 9.999999999999991118, 17.00000000000000000, 20.00000000000000000 ) ) ;
#1601 = PERSON_AND_ORGANIZATION ( #3575, #2105 ) ;
#1602 = CARTESIAN_POINT ( 'NONE',  ( -45.00163274055147156, 27.87254110502511040, 1.000000000000000888 ) ) ;
#1603 = ORIENTED_EDGE ( 'NONE', *, *, #535, .T. ) ;
#1604 = CARTESIAN_POINT ( 'NONE',  ( 11.56373370685589030, 27.19229390056131734, 12.72077120478890144 ) ) ;
#1605 = CARTESIAN_POINT ( 'NONE',  ( -13.00105103290496267, 16.84483449025702129, -13.83410692109242568 ) ) ;
#1606 = AXIS2_PLACEMENT_3D ( 'NONE', #3570, #666, #1015 ) ;
#1607 = ADVANCED_FACE ( 'NONE', ( #3823 ), #604, .T. ) ;
#1608 = DIRECTION ( 'NONE',  ( -0.000000000000000000, -0.000000000000000000, 1.000000000000000000 ) ) ;
#1609 = CARTESIAN_POINT ( 'NONE',  ( 8.398970251410037946, 26.94023740409052792, 14.70679429923279535 ) ) ;
#1610 = VERTEX_POINT ( 'NONE', #3322 ) ;
#1611 = CARTESIAN_POINT ( 'NONE',  ( -30.00000000000000000, 30.00000000000000000, 14.00000000000000178 ) ) ;
#1612 = VECTOR ( 'NONE', #160, 1000.000000000000000 ) ;
#1613 = FACE_OUTER_BOUND ( 'NONE', #8, .T. ) ;
#1614 = CARTESIAN_POINT ( 'NONE',  ( 17.20508845098939332, 18.68750688085355449, -15.85075225956748746 ) ) ;
#1615 = CARTESIAN_POINT ( 'NONE',  ( -30.00000000000000000, 30.00000000000000000, 0.000000000000000000 ) ) ;
#1616 = FACE_BOUND ( 'NONE', #2232, .T. ) ;
#1617 = ORIENTED_EDGE ( 'NONE', *, *, #3041, .F. ) ;
#1618 = CARTESIAN_POINT ( 'NONE',  ( 6.556629432413567216, 5.771219973406026327, 15.85099065792647899 ) ) ;
#1619 = CARTESIAN_POINT ( 'NONE',  ( -3.588379372921528976, 29.74874268522409437, -7.853858195372810158 ) ) ;
#1620 = PERSON_AND_ORGANIZATION ( #3575, #2105 ) ;
#1621 = CARTESIAN_POINT ( 'NONE',  ( -12.68004573577085203, 14.08000413211149215, 18.41356908062332209 ) ) ;
#1622 = ORIENTED_EDGE ( 'NONE', *, *, #296, .T. ) ;
#1623 = DIRECTION ( 'NONE',  ( 2.664535259100375697E-15, 0.000000000000000000, 1.000000000000000000 ) ) ;
#1624 = CARTESIAN_POINT ( 'NONE',  ( -8.060046034189992881, 6.771357419598864169, -12.73294987264805656 ) ) ;
#1625 = ADVANCED_FACE ( 'NONE', ( #2613 ), #664, .T. ) ;
#1626 = CARTESIAN_POINT ( 'NONE',  ( 28.99999999999984723, 27.01520666300588402, -16.61133186086157920 ) ) ;
#1627 = CARTESIAN_POINT ( 'NONE',  ( 30.00000000000000000, 24.00000000000000000, 0.000000000000000000 ) ) ;
#1628 = CARTESIAN_POINT ( 'NONE',  ( -12.97861244278023030, 16.13834400363535693, 18.58720659978528644 ) ) ;
#1629 = VERTEX_POINT ( 'NONE', #3924 ) ;
#1630 = CARTESIAN_POINT ( 'NONE',  ( -1.157591054140762798, 29.96087631906184257, 7.046859554828701633 ) ) ;
#1631 = EDGE_CURVE ( 'NONE', #1742, #1460, #1163, .T. ) ;
#1632 = CARTESIAN_POINT ( 'NONE',  ( 23.00000000000000000, 27.99999999999999645, 12.12435565298214080 ) ) ;
#1633 = CARTESIAN_POINT ( 'NONE',  ( 23.00000000000000000, 30.00000000000000000, 12.12435565298214080 ) ) ;
#1634 = CARTESIAN_POINT ( 'NONE',  ( 9.999999999999989342, 17.64663651924137966, 11.16936811832403365 ) ) ;
#1635 = CARTESIAN_POINT ( 'NONE',  ( 10.31945527560749376, 9.049593800229446927, -17.20426341432639106 ) ) ;
#1636 = ORIENTED_EDGE ( 'NONE', *, *, #534, .F. ) ;
#1637 = CARTESIAN_POINT ( 'NONE',  ( 3.638160445466443349, 1.354198362031009628, 12.12566387817897251 ) ) ;
#1638 = FACE_OUTER_BOUND ( 'NONE', #294, .T. ) ;
#1639 = DATE_AND_TIME ( #963, #1018 ) ;
#1640 = AXIS2_PLACEMENT_3D ( 'NONE', #4137, #2907, #4178 ) ;
#1641 = CARTESIAN_POINT ( 'NONE',  ( -17.22971302626230994, 15.43240639943722492, 15.86250711641369904 ) ) ;
#1642 = ORIENTED_EDGE ( 'NONE', *, *, #1032, .F. ) ;
#1643 = CARTESIAN_POINT ( 'NONE',  ( -9.999999999999991118, 17.00000000000000000, -11.16936811832402476 ) ) ;
#1644 = CARTESIAN_POINT ( 'NONE',  ( -11.28150627146547613, 10.51781866206727933, -17.66351147545680789 ) ) ;
#1645 = CIRCLE ( 'NONE', #3471, 8.999999999999996447 ) ;
#1646 = CARTESIAN_POINT ( 'NONE',  ( 28.99999999999990763, 27.97394126015763760, -14.49034615760331590 ) ) ;
#1647 = DIRECTION ( 'NONE',  ( -0.000000000000000000, 1.000000000000000000, -0.000000000000000000 ) ) ;
#1648 = CARTESIAN_POINT ( 'NONE',  ( -0.4331366640380398536, 4.000018623084594438, 14.96153413872879945 ) ) ;
#1649 = ORIENTED_EDGE ( 'NONE', *, *, #1914, .F. ) ;
#1650 = AXIS2_PLACEMENT_3D ( 'NONE', #1969, #3990, #3297 ) ;
#1651 = CARTESIAN_POINT ( 'NONE',  ( 0.000000000000000000, 30.00000000000000000, 5.961524227066320236 ) ) ;
#1652 = EDGE_CURVE ( 'NONE', #2240, #2610, #4008, .T. ) ;
#1653 = CIRCLE ( 'NONE', #2947, 18.00000000000000355 ) ;
#1654 = CARTESIAN_POINT ( 'NONE',  ( -6.097576774679846601, 9.067350181355585903, 10.40571685639412891 ) ) ;
#1655 = CARTESIAN_POINT ( 'NONE',  ( -5.540580984086154182, 1.829040669306848610, 12.34152263364425295 ) ) ;
#1656 = CARTESIAN_POINT ( 'NONE',  ( 31.00000000000001066, 26.00785047182295529, 17.44073933046756864 ) ) ;
#1657 = CYLINDRICAL_SURFACE ( 'NONE', #1348, 20.00000000000000000 ) ;
#1658 = CARTESIAN_POINT ( 'NONE',  ( 9.999999999999994671, 17.00000000000000000, 20.00000000000000000 ) ) ;
#1659 = EDGE_LOOP ( 'NONE', ( #1294, #344, #1436, #2224 ) ) ;
#1660 = B_SPLINE_CURVE_WITH_KNOTS ( 'NONE', 3,
 ( #862, #2804, #2722, #4015, #3029, #2784, #3385, #454, #2422, #3698, #120, #183, #4077, #1486, #4059, #473, #2485, #3761 ),
 .UNSPECIFIED., .F., .F.,
 ( 4, 2, 2, 2, 2, 2, 2, 2, 4 ),
 ( 0.002353990887179758292, 0.003136233814950351549, 0.003918476742720945240, 0.004700719670491538063, 0.005482962598262131754, 0.006265205526032725444, 0.007047448453803319135, 0.007829691381573912826, 0.008611934309344506516 ),
 .UNSPECIFIED. ) ;
#1661 = CARTESIAN_POINT ( 'NONE',  ( 8.723997581541940605, 3.179963044238900416, 12.92310955781768556 ) ) ;
#1662 = DIRECTION ( 'NONE',  ( 0.000000000000000000, 0.000000000000000000, 1.000000000000000000 ) ) ;
#1663 = COORDINATED_UNIVERSAL_TIME_OFFSET ( 5, 30, .AHEAD. ) ;
#1664 = CIRCLE ( 'NONE', #1334, 20.00000000000000000 ) ;
#1665 = CARTESIAN_POINT ( 'NONE',  ( -17.14196625247734573, 14.75352652651775465, 15.82047687908888456 ) ) ;
#1666 = ORIENTED_EDGE ( 'NONE', *, *, #4159, .T. ) ;
#1667 = FACE_OUTER_BOUND ( 'NONE', #2336, .T. ) ;
#1668 = CARTESIAN_POINT ( 'NONE',  ( -11.69987090813661723, 11.24738956979912885, -13.54349418288651030 ) ) ;
#1669 = DIRECTION ( 'NONE',  ( 0.000000000000000000, 0.000000000000000000, -1.000000000000000000 ) ) ;
#1670 = CARTESIAN_POINT ( 'NONE',  ( 28.99999999999982236, 25.77505142849726383, -17.56576432901405482 ) ) ;
#1671 = CARTESIAN_POINT ( 'NONE',  ( 0.000000000000000000, 30.00000000000000000, 0.000000000000000000 ) ) ;
#1672 = CARTESIAN_POINT ( 'NONE',  ( 5.422898896985462791, 5.177463091808393258, 15.56520568031889518 ) ) ;
#1673 = ORIENTED_EDGE ( 'NONE', *, *, #178, .T. ) ;
#1674 = ORIENTED_EDGE ( 'NONE', *, *, #305, .T. ) ;
#1675 = CARTESIAN_POINT ( 'NONE',  ( -9.728823744608162016, 25.62898294920786668, 16.15579652370192321 ) ) ;
#1676 = AXIS2_PLACEMENT_3D ( 'NONE', #2001, #126, #3349 ) ;
#1677 = DIRECTION ( 'NONE',  ( -0.000000000000000000, -0.000000000000000000, 1.000000000000000000 ) ) ;
#1678 = EDGE_CURVE ( 'NONE', #2903, #3179, #176, .T. ) ;
#1679 = CARTESIAN_POINT ( 'NONE',  ( -15.15161574403033917, 9.274219362107887221, 14.94169551063025025 ) ) ;
#1680 = CARTESIAN_POINT ( 'NONE',  ( -30.00000000000000000, 30.00000000000000000, 8.999999999999998224 ) ) ;
#1681 = AXIS2_PLACEMENT_3D ( 'NONE', #3717, #2078, #1881 ) ;
#1682 = CARTESIAN_POINT ( 'NONE',  ( -3.289638810187320406, 26.44908787427986496, 9.251950863550321813 ) ) ;
#1683 = EDGE_CURVE ( 'NONE', #1051, #895, #900, .T. ) ;
#1684 = DIRECTION ( 'NONE',  ( 0.000000000000000000, -1.000000000000000000, 0.000000000000000000 ) ) ;
#1685 = CARTESIAN_POINT ( 'NONE',  ( -13.82799665193609151, 25.70445261548832860, -14.16813992455053217 ) ) ;
#1686 = VERTEX_POINT ( 'NONE', #2134 ) ;
#1687 = CARTESIAN_POINT ( 'NONE',  ( 13.00162072483352738, 16.81177759977578745, 18.60082622221290904 ) ) ;
#1688 = DIRECTION ( 'NONE',  ( 0.000000000000000000, 1.000000000000000000, -0.000000000000000000 ) ) ;
#1689 = EDGE_CURVE ( 'NONE', #1629, #2110, #1515, .T. ) ;
#1690 = CARTESIAN_POINT ( 'NONE',  ( -11.53917034470434011, 11.00647881469241085, 17.79528323725614314 ) ) ;
#1691 = ORIENTED_EDGE ( 'NONE', *, *, #2311, .T. ) ;
#1692 = DIRECTION ( 'NONE',  ( -0.000000000000000000, 0.000000000000000000, -1.000000000000000000 ) ) ;
#1693 = CARTESIAN_POINT ( 'NONE',  ( -12.89610517559689384, 6.331689804912258523, -14.09653004885725025 ) ) ;
#1694 = CARTESIAN_POINT ( 'NONE',  ( 28.99999999999983658, 26.44425028034719816, -17.14799434890227658 ) ) ;
#1695 = CARTESIAN_POINT ( 'NONE',  ( -0.7260631729460336192, 29.98977096622341065, 6.328558796898732020 ) ) ;
#1696 = ORIENTED_EDGE ( 'NONE', *, *, #2871, .F. ) ;
#1697 = VECTOR ( 'NONE', #4093, 1000.000000000000000 ) ;
#1698 = DIRECTION ( 'NONE',  ( 0.000000000000000000, 1.000000000000000000, -0.000000000000000000 ) ) ;
#1699 = DIRECTION ( 'NONE',  ( 0.000000000000000000, 1.000000000000000000, -0.000000000000000000 ) ) ;
#1700 = CARTESIAN_POINT ( 'NONE',  ( -0.6631290894780573764, 7.000000000000011546, 9.961524227066314907 ) ) ;
#1701 = CARTESIAN_POINT ( 'NONE',  ( -1.767805889793611973, 1.080412289833411865, 11.99905884517730215 ) ) ;
#1702 = LINE ( 'NONE', #1386, #3148 ) ;
#1703 = DIRECTION ( 'NONE',  ( -0.000000000000000000, -1.000000000000000000, -0.000000000000000000 ) ) ;
#1704 = CARTESIAN_POINT ( 'NONE',  ( -31.00000000000000000, 27.99999999999999645, -10.95445115010331705 ) ) ;
#1705 = CARTESIAN_POINT ( 'NONE',  ( -7.560847719785770416, 27.59198879602221766, -13.77350033095206427 ) ) ;
#1706 = ORIENTED_EDGE ( 'NONE', *, *, #1598, .F. ) ;
#1707 = CARTESIAN_POINT ( 'NONE',  ( 7.141428428542837992, 24.00000000000000000, -10.57312005391655774 ) ) ;
#1708 = DIRECTION ( 'NONE',  ( 0.000000000000000000, 0.000000000000000000, 1.000000000000000000 ) ) ;
#1709 = EDGE_CURVE ( 'NONE', #2142, #2554, #2813, .T. ) ;
#1710 = CARTESIAN_POINT ( 'NONE',  ( -9.999999999999991118, 17.00000000000000000, 20.00000000000000000 ) ) ;
#1711 = EDGE_LOOP ( 'NONE', ( #3656, #2461, #4074, #3497 ) ) ;
#1712 = CARTESIAN_POINT ( 'NONE',  ( -30.00000000000000000, 0.000000000000000000, 0.000000000000000000 ) ) ;
#1713 = CARTESIAN_POINT ( 'NONE',  ( -12.03317727667555204, 21.98181818181818414, -13.62345556346796371 ) ) ;
#1714 = VECTOR ( 'NONE', #4006, 1000.000000000000000 ) ;
#1715 = DIRECTION ( 'NONE',  ( 0.000000000000000000, 0.000000000000000000, 1.000000000000000000 ) ) ;
#1716 = CARTESIAN_POINT ( 'NONE',  ( -8.600111656368223834, 7.214986077793253294, 16.49950806187402108 ) ) ;
#1717 = ORIENTED_EDGE ( 'NONE', *, *, #2415, .F. ) ;
#1718 = ORIENTED_EDGE ( 'NONE', *, *, #3104, .F. ) ;
#1719 = DIRECTION ( 'NONE',  ( 0.000000000000000000, 0.000000000000000000, 1.000000000000000000 ) ) ;
#1720 = CARTESIAN_POINT ( 'NONE',  ( 10.26500915975675809, 8.973187439892832629, -13.20025939081691746 ) ) ;
#1721 = CARTESIAN_POINT ( 'NONE',  ( -47.97220075561142494, 24.00000000000000000, -0.9999999999999978906 ) ) ;
#1722 = CARTESIAN_POINT ( 'NONE',  ( -2.821782606590122811, 1.200759582699683747, 12.05497525109231027 ) ) ;
#1723 = DIRECTION ( 'NONE',  ( 0.000000000000000000, 0.000000000000000000, 1.000000000000000000 ) ) ;
#1724 = VECTOR ( 'NONE', #2972, 1000.000000000000000 ) ;
#1725 = CARTESIAN_POINT ( 'NONE',  ( 11.36004713922674014, 23.33013364143369728, 17.67468819828077287 ) ) ;
#1726 = CARTESIAN_POINT ( 'NONE',  ( -9.601347008944559391, 25.76995989377379104, -16.02021152331705522 ) ) ;
#1727 = ORIENTED_EDGE ( 'NONE', *, *, #1689, .T. ) ;
#1728 = CARTESIAN_POINT ( 'NONE',  ( 17.28999724895544432, 16.42269724665753117, 15.89136272315625931 ) ) ;
#1729 = AXIS2_PLACEMENT_3D ( 'NONE', #2205, #1948, #1623 ) ;
#1730 = CARTESIAN_POINT ( 'NONE',  ( -30.00000000000000000, 24.00000000000000000, 0.000000000000000000 ) ) ;
#1731 = EDGE_CURVE ( 'NONE', #3809, #456, #1856, .T. ) ;
#1732 = ADVANCED_FACE ( 'NONE', ( #1205 ), #2402, .T. ) ;
#1733 = CARTESIAN_POINT ( 'NONE',  ( -9.688648771775651980, 3.677964278642731788, 13.13107470836869695 ) ) ;
#1734 = EDGE_LOOP ( 'NONE', ( #205, #1878 ) ) ;
#1735 = LINE ( 'NONE', #3026, #4141 ) ;
#1736 = CARTESIAN_POINT ( 'NONE',  ( -16.80320908597773055, 20.81210334236624959, -15.66189385359361630 ) ) ;
#1737 = AXIS2_PLACEMENT_3D ( 'NONE', #1178, #2407, #3999 ) ;
#1738 = CARTESIAN_POINT ( 'NONE',  ( 30.00000000000000000, 30.00000000000000000, 0.000000000000000000 ) ) ;
#1739 = CARTESIAN_POINT ( 'NONE',  ( -3.299167771218309841, 26.46206824567368088, -9.251228917728960610 ) ) ;
#1740 = AXIS2_PLACEMENT_3D ( 'NONE', #953, #291, #3533 ) ;
#1741 = ORIENTED_EDGE ( 'NONE', *, *, #3446, .T. ) ;
#1742 = VERTEX_POINT ( 'NONE', #3101 ) ;
#1743 = DIRECTION ( 'NONE',  ( 0.000000000000000000, 0.000000000000000000, 1.000000000000000000 ) ) ;
#1744 = CARTESIAN_POINT ( 'NONE',  ( 10.70529061329557408, 9.604701073928783472, -17.38485503914863983 ) ) ;
#1745 = ADVANCED_FACE ( 'NONE', ( #2797 ), #3752, .T. ) ;
#1746 = CARTESIAN_POINT ( 'NONE',  ( 23.00000000000000000, 24.00000000000000000, -12.12435565298213724 ) ) ;
#1747 = CARTESIAN_POINT ( 'NONE',  ( 30.99999999999981171, 24.00000000000000000, -17.97220075561144270 ) ) ;
#1748 = CARTESIAN_POINT ( 'NONE',  ( 7.119745346697426314, 28.98661070354582847, 9.908955921903805475 ) ) ;
#1749 = CIRCLE ( 'NONE', #4106, 10.99999999999999645 ) ;
#1750 = CARTESIAN_POINT ( 'NONE',  ( -10.55263107359356667, 24.72857624086309158, -13.62070268454461086 ) ) ;
#1751 = VERTEX_POINT ( 'NONE', #2853 ) ;
#1752 = CARTESIAN_POINT ( 'NONE',  ( 12.95316167356152981, 18.21677922199816280, 13.82543330583899177 ) ) ;
#1753 = CARTESIAN_POINT ( 'NONE',  ( -28.99999999999982592, 25.03486277236530455, -17.84466815711405019 ) ) ;
#1754 = CARTESIAN_POINT ( 'NONE',  ( -10.26500915975645256, 8.973187439892233996, 13.20025939081721766 ) ) ;
#1755 = VERTEX_POINT ( 'NONE', #2777 ) ;
#1756 = CARTESIAN_POINT ( 'NONE',  ( 28.99999999999999645, 0.000000000000000000, 10.99999999999999645 ) ) ;
#1757 = CARTESIAN_POINT ( 'NONE',  ( -17.20166061675749702, 18.81265652899259067, -15.84911347526456460 ) ) ;
#1758 = CYLINDRICAL_SURFACE ( 'NONE', #1146, 10.99999999999999645 ) ;
#1759 = CARTESIAN_POINT ( 'NONE',  ( -1.696226434545613504, 26.86080195031209428, -8.790846437709586070 ) ) ;
#1760 = ORIENTED_EDGE ( 'NONE', *, *, #222, .T. ) ;
#1761 = DIRECTION ( 'NONE',  ( 0.000000000000000000, 0.000000000000000000, -1.000000000000000000 ) ) ;
#1762 = DIRECTION ( 'NONE',  ( 0.000000000000000000, 0.000000000000000000, 1.000000000000000000 ) ) ;
#1763 = CARTESIAN_POINT ( 'NONE',  ( 12.92695870537808567, 18.48328814150195853, -18.55686066869037987 ) ) ;
#1764 = CARTESIAN_POINT ( 'NONE',  ( -30.99999999999999645, 25.77260882530197605, 17.56686542065282808 ) ) ;
#1765 = EDGE_CURVE ( 'NONE', #1320, #4162, #2156, .T. ) ;
#1766 = APPROVAL_PERSON_ORGANIZATION ( #11, #1105, #3838 ) ;
#1767 = CARTESIAN_POINT ( 'NONE',  ( 0.7039467490457617105, 1.000000000000353717, 11.96152422706648721 ) ) ;
#1768 = CARTESIAN_POINT ( 'NONE',  ( 6.612811432378445708, 9.470453842919315690, -10.48275293785099826 ) ) ;
#1769 = CARTESIAN_POINT ( 'NONE',  ( -47.84463380296330826, 25.03482898272062940, -0.9999999999999978906 ) ) ;
#1770 = EDGE_CURVE ( 'NONE', #3475, #375, #1224, .T. ) ;
#1771 = CARTESIAN_POINT ( 'NONE',  ( 1.313092199149898720, 29.99999999857658750, 6.867370591178674211 ) ) ;
#1772 = ORIENTED_EDGE ( 'NONE', *, *, #54, .F. ) ;
#1773 = FACE_OUTER_BOUND ( 'NONE', #4128, .T. ) ;
#1774 = DIRECTION ( 'NONE',  ( 0.000000000000000000, 1.000000000000000000, -0.000000000000000000 ) ) ;
#1775 = CARTESIAN_POINT ( 'NONE',  ( -0.2829714035847932241, 4.000139760514516141, 14.96159861105781097 ) ) ;
#1776 = ORIENTED_EDGE ( 'NONE', *, *, #4058, .F. ) ;
#1777 = CARTESIAN_POINT ( 'NONE',  ( 0.000000000000000000, 24.00000000000000000, -51.96152422706631313 ) ) ;
#1778 = CARTESIAN_POINT ( 'NONE',  ( -12.69151797665375803, 19.82864772502705009, -18.42034469748409009 ) ) ;
#1779 = CARTESIAN_POINT ( 'NONE',  ( 44.49115542382691757, 27.97387281242361823, 1.000000000000001332 ) ) ;
#1780 = CARTESIAN_POINT ( 'NONE',  ( -31.00000000000000000, 0.000000000000000000, 10.95445115010331705 ) ) ;
#1781 = ORIENTED_EDGE ( 'NONE', *, *, #358, .F. ) ;
#1782 = CARTESIAN_POINT ( 'NONE',  ( 0.000000000000000000, 17.00000000000000000, 20.00000000000000000 ) ) ;
#1783 = CARTESIAN_POINT ( 'NONE',  ( -2.377413773867131963E-95, 30.00000000000000355, -5.961524227066313131 ) ) ;
#1784 = B_SPLINE_CURVE_WITH_KNOTS ( 'NONE', 3,
 ( #2715, #2778, #3753, #3690, #447, #2459, #1164, #3987, #2157, #3440, #1097, #1498, #3731, #1457, #1753, #2756, #2414, #1438 ),
 .UNSPECIFIED., .F., .F.,
 ( 4, 2, 2, 2, 2, 2, 2, 2, 4 ),
 ( 0.01988089301221655433, 0.02066280168908224413, 0.02144471036594793739, 0.02222661904281361678, 0.02300852771967929963, 0.02379043639654497902, 0.02457234507341066188, 0.02535425375027634126, 0.02613616242714202412 ),
 .UNSPECIFIED. ) ;
#1785 = CARTESIAN_POINT ( 'NONE',  ( 12.88325901188584233, 15.17474030275478469, -18.53105543007919209 ) ) ;
#1786 = CARTESIAN_POINT ( 'NONE',  ( 4.483965945021856747, 25.94423740621322949, 9.697676122474243599 ) ) ;
#1787 = CARTESIAN_POINT ( 'NONE',  ( 17.21900226956579871, 18.67538031815364619, 15.85738886480013399 ) ) ;
#1788 = CARTESIAN_POINT ( 'NONE',  ( 9.999999999999991118, 17.00000000000000000, -11.16936811832402832 ) ) ;
#1789 = CARTESIAN_POINT ( 'NONE',  ( -45.97098594159884755, 27.47258215537555515, -0.9999999999999983347 ) ) ;
#1790 = CIRCLE ( 'NONE', #1985, 8.999999999999996447 ) ;
#1791 = EDGE_CURVE ( 'NONE', #1995, #2017, #2255, .T. ) ;
#1792 = EDGE_CURVE ( 'NONE', #2465, #2928, #2742, .T. ) ;
#1793 = CARTESIAN_POINT ( 'NONE',  ( -17.29914710121739319, 17.26762451744254534, -15.89575770187049208 ) ) ;
#1794 = VERTEX_POINT ( 'NONE', #1978 ) ;
#1795 = DIRECTION ( 'NONE',  ( 0.000000000000000000, 0.000000000000000000, -1.000000000000000000 ) ) ;
#1796 = DIRECTION ( 'NONE',  ( -0.000000000000000000, -1.000000000000000000, 0.000000000000000000 ) ) ;
#1797 = DIRECTION ( 'NONE',  ( 0.000000000000000000, 0.000000000000000000, 1.000000000000000000 ) ) ;
#1798 = TOROIDAL_SURFACE ( 'NONE', #3413, 14.00000000000000000, 4.000000000000000000 ) ;
#1799 = AXIS2_PLACEMENT_3D ( 'NONE', #1847, #543, #1830 ) ;
#1800 = CARTESIAN_POINT ( 'NONE',  ( -9.697956061724632093, 8.338412137490621490, 16.93880830891571065 ) ) ;
#1801 = ORIENTED_EDGE ( 'NONE', *, *, #1059, .F. ) ;
#1802 = CARTESIAN_POINT ( 'NONE',  ( -28.99999999999999645, 27.59542955716901957, 15.74091247903833946 ) ) ;
#1803 = CARTESIAN_POINT ( 'NONE',  ( -15.87446401335955493, 23.39082393825895068, -15.24473858773728630 ) ) ;
#1804 = CARTESIAN_POINT ( 'NONE',  ( -6.659415523194852859, 24.49175152359666185, -10.48995036583735718 ) ) ;
#1805 = ORIENTED_EDGE ( 'NONE', *, *, #1067, .T. ) ;
#1806 = VECTOR ( 'NONE', #3516, 1000.000000000000000 ) ;
#1807 = CYLINDRICAL_SURFACE ( 'NONE', #2201, 41.99999999999999289 ) ;
#1808 = CARTESIAN_POINT ( 'NONE',  ( 13.00000000000000178, 16.99999999997615063, 18.59986959184176314 ) ) ;
#1809 = CARTESIAN_POINT ( 'NONE',  ( 12.78571528327066176, 14.55593401418876276, -13.79298453598145358 ) ) ;
#1810 = CARTESIAN_POINT ( 'NONE',  ( 4.193731012459843477, 26.08384051205427312, 9.585075058764383371 ) ) ;
#1811 = CIRCLE ( 'NONE', #1268, 14.00000000000000000 ) ;
#1812 = CARTESIAN_POINT ( 'NONE',  ( 15.80335563482800687, 10.48618984563000289, 15.21538585445273739 ) ) ;
#1813 = CARTESIAN_POINT ( 'NONE',  ( 8.492739448038101102, 11.71030097391454383, -10.82871490051855901 ) ) ;
#1814 = CARTESIAN_POINT ( 'NONE',  ( -46.40528608391370113, 27.18356333603248487, -0.9999999999999983347 ) ) ;
#1815 = ADVANCED_FACE ( 'NONE', ( #2642 ), #3243, .T. ) ;
#1816 = CARTESIAN_POINT ( 'NONE',  ( -0.6964029728169418565, 0.9997106145812972855, -11.96138894097945737 ) ) ;
#1817 = ORIENTED_EDGE ( 'NONE', *, *, #986, .F. ) ;
#1818 = CARTESIAN_POINT ( 'NONE',  ( -7.943662473843886573, 27.36354363912668575, 11.88976229095424841 ) ) ;
#1819 = CARTESIAN_POINT ( 'NONE',  ( 30.00000000000000000, 0.000000000000000000, 0.000000000000000000 ) ) ;
#1820 = LINE ( 'NONE', #2392, #1714 ) ;
#1821 = CIRCLE ( 'NONE', #3369, 2.999999999999999556 ) ;
#1822 = CARTESIAN_POINT ( 'NONE',  ( -11.27698058527266234, 10.52663477608296816, 17.66292719243190135 ) ) ;
#1823 = ORIENTED_EDGE ( 'NONE', *, *, #2496, .F. ) ;
#1824 = CIRCLE ( 'NONE', #525, 6.000000000000000000 ) ;
#1825 = CARTESIAN_POINT ( 'NONE',  ( -30.99999999999984368, 26.64464635301287032, -16.98303696005553221 ) ) ;
#1826 = DIRECTION ( 'NONE',  ( 0.000000000000000000, 0.000000000000000000, 1.000000000000000000 ) ) ;
#1827 = ADVANCED_FACE ( 'NONE', ( #2600 ), #1657, .T. ) ;
#1828 = CARTESIAN_POINT ( 'NONE',  ( 12.89093700952762056, 15.26492900089272453, 18.53577241157598721 ) ) ;
#1829 = ORIENTED_EDGE ( 'NONE', *, *, #252, .T. ) ;
#1830 = DIRECTION ( 'NONE',  ( -0.5000000000000004441, -8.673617379884035472E-16, 0.8660254037844384856 ) ) ;
#1831 = CARTESIAN_POINT ( 'NONE',  ( 1.856389075961927260, 1.088744765930595770, -12.00294125692103187 ) ) ;
#1832 = CARTESIAN_POINT ( 'NONE',  ( -31.00000000000001421, 25.28953775735752885, 17.76733237549843381 ) ) ;
#1833 = CARTESIAN_POINT ( 'NONE',  ( 12.11362526259305028, 5.559937695517219503, 13.83591560661912645 ) ) ;
#1834 = CARTESIAN_POINT ( 'NONE',  ( -5.017704904284056688, 8.325342908833050615, -10.25873191434736320 ) ) ;
#1835 = CARTESIAN_POINT ( 'NONE',  ( -45.74074826167029073, 27.59550163431900671, -0.9999999999999983347 ) ) ;
#1836 = DIRECTION ( 'NONE',  ( -0.000000000000000000, 1.000000000000000000, -0.000000000000000000 ) ) ;
#1837 = ORIENTED_EDGE ( 'NONE', *, *, #2362, .F. ) ;
#1838 = DIRECTION ( 'NONE',  ( -0.000000000000000000, -1.000000000000000000, -0.000000000000000000 ) ) ;
#1839 = CARTESIAN_POINT ( 'NONE',  ( -15.55404818371693132, 24.00000000000000000, 15.10950141828942783 ) ) ;
#1840 = CARTESIAN_POINT ( 'NONE',  ( 3.000902283036548379, 4.344539985931702653, 12.06804408838309683 ) ) ;
#1841 = ORIENTED_EDGE ( 'NONE', *, *, #1765, .T. ) ;
#1842 = EDGE_CURVE ( 'NONE', #1139, #456, #913, .T. ) ;
#1843 = CARTESIAN_POINT ( 'NONE',  ( -28.99999999999998934, 25.77260882530197605, 17.56686542065282808 ) ) ;
#1844 = CARTESIAN_POINT ( 'NONE',  ( -30.00000000000000000, 0.000000000000000000, 0.000000000000000000 ) ) ;
#1845 = LINE ( 'NONE', #1885, #2010 ) ;
#1846 = ORIENTED_EDGE ( 'NONE', *, *, #607, .T. ) ;
#1847 = CARTESIAN_POINT ( 'NONE',  ( -23.00000000000002132, 24.00000000000000000, -12.12435565298215145 ) ) ;
#1848 = CARTESIAN_POINT ( 'NONE',  ( -2.914017263991783846, 1.224994278592928421, -12.06615501523711309 ) ) ;
#1849 = CARTESIAN_POINT ( 'NONE',  ( 9.110975078277062877, 12.86522621757005602, 10.96144448904357382 ) ) ;
#1850 = CARTESIAN_POINT ( 'NONE',  ( 8.743976271065687200, 3.179422385053878308, 12.92373919662415815 ) ) ;
#1851 = CARTESIAN_POINT ( 'NONE',  ( 3.222328345840204555, 7.527692997834124711, -10.08413242870581072 ) ) ;
#1852 = CARTESIAN_POINT ( 'NONE',  ( 30.00000000000000000, 27.99999999999999645, 0.000000000000000000 ) ) ;
#1853 = VECTOR ( 'NONE', #887, 1000.000000000000000 ) ;
#1854 = CARTESIAN_POINT ( 'NONE',  ( -15.15746248567682386, 9.261670246083300029, -14.94291991145568410 ) ) ;
#1855 = ORIENTED_EDGE ( 'NONE', *, *, #3535, .F. ) ;
#1856 = CIRCLE ( 'NONE', #1453, 10.99999999999999645 ) ;
#1857 = DIRECTION ( 'NONE',  ( 0.000000000000000000, 0.000000000000000000, 1.000000000000000000 ) ) ;
#1858 = CARTESIAN_POINT ( 'NONE',  ( 11.56877690631112010, 23.08838934404898779, -13.91449011238522715 ) ) ;
#1859 = DIRECTION ( 'NONE',  ( 0.000000000000000000, 1.000000000000000000, -0.000000000000000000 ) ) ;
#1860 = AXIS2_PLACEMENT_3D ( 'NONE', #1124, #3444, #136 ) ;
#1861 = VERTEX_POINT ( 'NONE', #2215 ) ;
#1862 = CARTESIAN_POINT ( 'NONE',  ( -14.51180161219611797, 25.12458896132026709, -14.57793469634125927 ) ) ;
#1863 = DIRECTION ( 'NONE',  ( 1.000000000000000000, 0.000000000000000000, 0.000000000000000000 ) ) ;
#1864 = AXIS2_PLACEMENT_3D ( 'NONE', #3739, #841, #3050 ) ;
#1865 = EDGE_CURVE ( 'NONE', #3246, #2626, #1037, .T. ) ;
#1866 = CARTESIAN_POINT ( 'NONE',  ( 13.00000000000000178, 17.00000000000000000, -20.00200000000000244 ) ) ;
#1867 = ORIENTED_EDGE ( 'NONE', *, *, #4159, .F. ) ;
#1868 = CARTESIAN_POINT ( 'NONE',  ( 12.47677215928884564, 26.64937947734090784, 13.31124327556764975 ) ) ;
#1869 = CARTESIAN_POINT ( 'NONE',  ( 3.032407798474514582, 4.341672184545234181, -12.06745693999030777 ) ) ;
#1870 = CARTESIAN_POINT ( 'NONE',  ( -30.00000000000000000, 0.000000000000000000, -8.999999999999996447 ) ) ;
#1871 = CARTESIAN_POINT ( 'NONE',  ( 20.00000000000000000, 30.00000000000000000, -17.32050807568877460 ) ) ;
#1872 = CARTESIAN_POINT ( 'NONE',  ( 30.99999999999982236, 26.00946370992086898, -17.43986267119488787 ) ) ;
#1873 = CARTESIAN_POINT ( 'NONE',  ( 8.852796086653560437, 26.54062085655722569, 15.21176844628535818 ) ) ;
#1874 = ORIENTED_EDGE ( 'NONE', *, *, #3741, .T. ) ;
#1875 = EDGE_CURVE ( 'NONE', #3346, #3898, #4038, .T. ) ;
#1876 = AXIS2_PLACEMENT_3D ( 'NONE', #1958, #632, #2892 ) ;
#1877 = CARTESIAN_POINT ( 'NONE',  ( 9.378438434364865017, 3.492688051513734848, -13.05570073364545181 ) ) ;
#1878 = ORIENTED_EDGE ( 'NONE', *, *, #2620, .F. ) ;
#1879 = DIRECTION ( 'NONE',  ( 0.000000000000000000, 0.000000000000000000, 1.000000000000000000 ) ) ;
#1880 = DIRECTION ( 'NONE',  ( 0.000000000000000000, 0.000000000000000000, -1.000000000000000000 ) ) ;
#1881 = DIRECTION ( 'NONE',  ( 0.000000000000000000, 0.000000000000000000, 1.000000000000000000 ) ) ;
#1882 = ORIENTED_EDGE ( 'NONE', *, *, #1709, .F. ) ;
#1883 = CARTESIAN_POINT ( 'NONE',  ( -29.00000000000029132, 27.99999999999999645, -7.761648466799158014E-13 ) ) ;
#1884 = DIRECTION ( 'NONE',  ( 0.000000000000000000, 1.000000000000000000, -0.000000000000000000 ) ) ;
#1885 = CARTESIAN_POINT ( 'NONE',  ( 30.00000000000000000, 30.00000000000000000, -8.999999999999994671 ) ) ;
#1886 = CIRCLE ( 'NONE', #1073, 13.00000000000000178 ) ;
#1887 = ORIENTED_EDGE ( 'NONE', *, *, #3921, .F. ) ;
#1888 = CARTESIAN_POINT ( 'NONE',  ( -31.00000000000000000, 0.000000000000000000, -10.95445115010331705 ) ) ;
#1889 = CARTESIAN_POINT ( 'NONE',  ( 7.281625092484958373, 6.175845976656793468, -16.04335842173933457 ) ) ;
#1890 = DIRECTION ( 'NONE',  ( 0.000000000000000000, 0.000000000000000000, 1.000000000000000000 ) ) ;
#1891 = CARTESIAN_POINT ( 'NONE',  ( 30.99999999999981526, 25.28935709104020546, -17.76749439233986294 ) ) ;
#1892 = DIRECTION ( 'NONE',  ( 0.000000000000000000, 1.000000000000000000, 0.000000000000000000 ) ) ;
#1893 = ORIENTED_EDGE ( 'NONE', *, *, #3178, .T. ) ;
#1894 = EDGE_CURVE ( 'NONE', #3592, #1755, #2152, .T. ) ;
#1895 = CARTESIAN_POINT ( 'NONE',  ( 16.10897166834753236, 11.13148113945128870, -15.34770612873681017 ) ) ;
#1896 = ORIENTED_EDGE ( 'NONE', *, *, #1842, .F. ) ;
#1897 = CARTESIAN_POINT ( 'NONE',  ( 15.04815822425296545, 24.59595387078775985, -14.87322841135364904 ) ) ;
#1898 = CARTESIAN_POINT ( 'NONE',  ( 7.804701248080945675, 28.77766700839335456, -10.32824619007444333 ) ) ;
#1899 = CARTESIAN_POINT ( 'NONE',  ( 12.31734096751384833, 12.75692894181707437, -18.20690488974459598 ) ) ;
#1900 = ORIENTED_EDGE ( 'NONE', *, *, #3336, .F. ) ;
#1901 = CARTESIAN_POINT ( 'NONE',  ( 8.731804512612612257, 7.321374118165478784, 12.86343595759396230 ) ) ;
#1902 = CARTESIAN_POINT ( 'NONE',  ( 40.99999999999999289, 0.000000000000000000, 1.000000000000000000 ) ) ;
#1903 = DIRECTION ( 'NONE',  ( -0.000000000000000000, 1.000000000000000000, -0.000000000000000000 ) ) ;
#1904 = ORIENTED_EDGE ( 'NONE', *, *, #3041, .T. ) ;
#1905 = CARTESIAN_POINT ( 'NONE',  ( -30.00000000000000000, 30.00000000000000000, 8.999999999999996447 ) ) ;
#1906 = CARTESIAN_POINT ( 'NONE',  ( 3.673062969812596723, 1.350402385483811640, -12.12422168042559711 ) ) ;
#1907 = CARTESIAN_POINT ( 'NONE',  ( -7.998732426636446569, 23.03578981274855053, 10.72865389661909319 ) ) ;
#1908 = LINE ( 'NONE', #3193, #1184 ) ;
#1909 = CARTESIAN_POINT ( 'NONE',  ( 11.68983933807475672, 22.68750000000000000, 17.87340312894770022 ) ) ;
#1910 = ORIENTED_EDGE ( 'NONE', *, *, #712, .T. ) ;
#1911 = CARTESIAN_POINT ( 'NONE',  ( -30.00000000000000000, 24.00000000000000000, 0.000000000000000000 ) ) ;
#1912 = B_SPLINE_CURVE_WITH_KNOTS ( 'NONE', 3,
 ( #470, #202, #1147, #3401, #493, #1802, #181, #3107, #2782, #1167, #3734, #3425, #1843, #279, #577, #919, #2898, #3523 ),
 .UNSPECIFIED., .F., .F.,
 ( 4, 2, 2, 2, 2, 2, 2, 2, 4 ),
 ( 0.002422729618285770874, 0.003205003801572515500, 0.003987277984859260126, 0.004769552168146000415, 0.005551826351432739837, 0.006334100534719479259, 0.007116374718006219548, 0.007898648901292959837, 0.008680923084579699259 ),
 .UNSPECIFIED. ) ;
#1913 = EDGE_CURVE ( 'NONE', #940, #131, #1195, .T. ) ;
#1914 = EDGE_CURVE ( 'NONE', #3592, #2210, #2355, .T. ) ;
#1915 = CARTESIAN_POINT ( 'NONE',  ( 0.000000000000000000, 24.00000000000000000, -51.96152422706631313 ) ) ;
#1916 = VERTEX_POINT ( 'NONE', #3072 ) ;
#1917 = CARTESIAN_POINT ( 'NONE',  ( -40.95445115010331705, 30.00200000000000244, 1.000000000000000000 ) ) ;
#1918 = FACE_OUTER_BOUND ( 'NONE', #3971, .T. ) ;
#1919 = CARTESIAN_POINT ( 'NONE',  ( -4.640041911337169367, 4.848859211847095452, -15.40163766864249872 ) ) ;
#1920 = AXIS2_PLACEMENT_3D ( 'NONE', #31, #1076, #3293 ) ;
#1921 = VERTEX_POINT ( 'NONE', #3742 ) ;
#1922 = CARTESIAN_POINT ( 'NONE',  ( 16.69022395987799001, 12.74431121083237350, 15.60912818824178316 ) ) ;
#1923 = DIRECTION ( 'NONE',  ( 0.000000000000000000, 1.000000000000000000, -0.000000000000000000 ) ) ;
#1924 = SECURITY_CLASSIFICATION_LEVEL ( 'unclassified' ) ;
#1925 = EDGE_CURVE ( 'NONE', #4069, #699, #1142, .T. ) ;
#1926 = CARTESIAN_POINT ( 'NONE',  ( 31.00000000000000000, 30.00200000000000244, -10.95445115010331705 ) ) ;
#1927 = ORIENTED_EDGE ( 'NONE', *, *, #2833, .F. ) ;
#1928 = CARTESIAN_POINT ( 'NONE',  ( -40.95445115010331705, 30.00200000000000244, -1.000000000000000000 ) ) ;
#1929 = CARTESIAN_POINT ( 'NONE',  ( -17.29945377097513060, 16.76834166126241499, -15.89590476236351080 ) ) ;
#1930 = DIRECTION ( 'NONE',  ( 0.000000000000000000, -1.000000000000000000, 0.000000000000000000 ) ) ;
#1931 = CARTESIAN_POINT ( 'NONE',  ( 30.99999999999991473, 27.97394126015763050, -14.49034615760333011 ) ) ;
#1932 = CARTESIAN_POINT ( 'NONE',  ( -1.203706215242022408E-32, 30.00000000000000000, -5.961524227066313131 ) ) ;
#1933 = ORIENTED_EDGE ( 'NONE', *, *, #896, .T. ) ;
#1934 = CARTESIAN_POINT ( 'NONE',  ( -10.55263107359319186, 24.72857624086147155, 13.62070268454423783 ) ) ;
#1935 = CARTESIAN_POINT ( 'NONE',  ( 13.55735440903050382, 7.041403152077285732, -14.32585249577642728 ) ) ;
#1936 = CIRCLE ( 'NONE', #4026, 8.999999999999994671 ) ;
#1937 = CARTESIAN_POINT ( 'NONE',  ( 8.528225537443338666, 22.23185147125764871, 10.83608471158674647 ) ) ;
#1938 = CARTESIAN_POINT ( 'NONE',  ( 11.23779355347292253, 10.45079599628344980, -17.64284399249998003 ) ) ;
#1939 = AXIS2_PLACEMENT_3D ( 'NONE', #1274, #579, #2566 ) ;
#1940 = ORIENTED_EDGE ( 'NONE', *, *, #896, .F. ) ;
#1941 = CARTESIAN_POINT ( 'NONE',  ( 10.38965017360496468, 9.167348558876927456, 17.23849406819039842 ) ) ;
#1942 = CARTESIAN_POINT ( 'NONE',  ( -11.56373370685590629, 27.19229390056131734, -12.72077120478890855 ) ) ;
#1943 = APPROVAL_ROLE ( '' ) ;
#1944 = EDGE_CURVE ( 'NONE', #883, #2292, #3309, .T. ) ;
#1945 = DIRECTION ( 'NONE',  ( -1.000000000000000000, -0.000000000000000000, 0.000000000000000000 ) ) ;
#1946 = EDGE_CURVE ( 'NONE', #3246, #3166, #2020, .T. ) ;
#1947 = ORIENTED_EDGE ( 'NONE', *, *, #1371, .T. ) ;
#1948 = DIRECTION ( 'NONE',  ( -0.000000000000000000, -1.000000000000000000, 0.000000000000000000 ) ) ;
#1949 = CARTESIAN_POINT ( 'NONE',  ( -11.54142342753975825, 10.99227146977646008, -17.79548085700221449 ) ) ;
#1950 = VECTOR ( 'NONE', #3803, 1000.000000000000000 ) ;
#1951 = FACE_OUTER_BOUND ( 'NONE', #3395, .T. ) ;
#1952 = FACE_OUTER_BOUND ( 'NONE', #213, .T. ) ;
#1953 = LINE ( 'NONE', #1871, #1410 ) ;
#1954 = LINE ( 'NONE', #3510, #3865 ) ;
#1955 = CARTESIAN_POINT ( 'NONE',  ( -0.7246949919480101254, 29.98058160874989753, -6.638717166942384118 ) ) ;
#1956 = CARTESIAN_POINT ( 'NONE',  ( -2.642912865986109860, 29.79420857744627682, 7.844069759142211495 ) ) ;
#1957 = AXIS2_PLACEMENT_3D ( 'NONE', #236, #1082, #138 ) ;
#1958 = CARTESIAN_POINT ( 'NONE',  ( 28.99999999999999645, 0.000000000000000000, -10.99999999999996980 ) ) ;
#1959 = CARTESIAN_POINT ( 'NONE',  ( 9.685309699465319611, 19.57145031305242711, 11.09330483734757600 ) ) ;
#1960 = CARTESIAN_POINT ( 'NONE',  ( 11.64098234210397464, 11.19762056190756816, -17.84703086225670177 ) ) ;
#1961 = ORIENTED_EDGE ( 'NONE', *, *, #2752, .F. ) ;
#1962 = CARTESIAN_POINT ( 'NONE',  ( 5.864639873931461800, 5.328333716362084971, 12.36046584754566702 ) ) ;
#1963 = CARTESIAN_POINT ( 'NONE',  ( -3.149091769236007576E-16, 27.99999999999999645, 0.9999999999999870104 ) ) ;
#1964 = DIRECTION ( 'NONE',  ( 0.000000000000000000, 0.000000000000000000, 1.000000000000000000 ) ) ;
#1965 = AXIS2_PLACEMENT_3D ( 'NONE', #240, #1884, #2200 ) ;
#1966 = ADVANCED_FACE ( 'NONE', ( #2432 ), #193, .F. ) ;
#1967 = CARTESIAN_POINT ( 'NONE',  ( -9.999999999999991118, 17.00000000000000000, 20.00000000000000000 ) ) ;
#1968 = VERTEX_POINT ( 'NONE', #827 ) ;
#1969 = CARTESIAN_POINT ( 'NONE',  ( -28.99999999999999645, 0.000000000000000000, -10.99999999999996980 ) ) ;
#1970 = CARTESIAN_POINT ( 'NONE',  ( -9.131767718039416337, 7.743455154393669382, -16.70891474911724472 ) ) ;
#1971 = CARTESIAN_POINT ( 'NONE',  ( -30.00000000000000000, 30.00200000000000244, 0.000000000000000000 ) ) ;
#1972 = DIRECTION ( 'NONE',  ( 1.000000000000000000, 0.000000000000000000, -0.000000000000000000 ) ) ;
#1973 = CARTESIAN_POINT ( 'NONE',  ( 14.38749456993816089, 24.00000000000000000, 17.87340312894768957 ) ) ;
#1974 = CARTESIAN_POINT ( 'NONE',  ( -9.665365686672766188, 28.09381330507667229, 11.49604661991168442 ) ) ;
#1975 = VERTEX_POINT ( 'NONE', #3416 ) ;
#1976 = CYLINDRICAL_SURFACE ( 'NONE', #2582, 20.00000000000000000 ) ;
#1977 = DIRECTION ( 'NONE',  ( 0.000000000000000000, 0.000000000000000000, 1.000000000000000000 ) ) ;
#1978 = CARTESIAN_POINT ( 'NONE',  ( -20.99999999999999645, 0.000000000000000000, -15.58845726811989785 ) ) ;
#1979 = CARTESIAN_POINT ( 'NONE',  ( 0.4331366640289160408, 4.000018623084295122, -14.96153413872863780 ) ) ;
#1980 = ADVANCED_FACE ( 'NONE', ( #1613 ), #2212, .F. ) ;
#1981 = ORIENTED_EDGE ( 'NONE', *, *, #3, .F. ) ;
#1982 = CARTESIAN_POINT ( 'NONE',  ( 8.543844666174278402, 7.187052692484373395, 16.48365088270767842 ) ) ;
#1983 = PLANE ( 'NONE',  #3012 ) ;
#1984 = COORDINATED_UNIVERSAL_TIME_OFFSET ( 5, 30, .AHEAD. ) ;
#1985 = AXIS2_PLACEMENT_3D ( 'NONE', #1030, #3561, #2324 ) ;
#1986 = CARTESIAN_POINT ( 'NONE',  ( -12.92439168741808153, 15.49072486640401713, 13.82027351350096112 ) ) ;
#1987 = ORIENTED_EDGE ( 'NONE', *, *, #1765, .F. ) ;
#1988 = DIRECTION ( 'NONE',  ( 0.000000000000000000, 0.000000000000000000, -1.000000000000000000 ) ) ;
#1989 = CARTESIAN_POINT ( 'NONE',  ( -11.19799043502520064, 10.32034465756009567, -13.42190641589779965 ) ) ;
#1990 = AXIS2_PLACEMENT_3D ( 'NONE', #926, #3528, #3490 ) ;
#1991 = EDGE_CURVE ( 'NONE', #2909, #3189, #116, .T. ) ;
#1992 = DIRECTION ( 'NONE',  ( 0.000000000000000000, 1.000000000000000000, -0.000000000000000000 ) ) ;
#1993 = CARTESIAN_POINT ( 'NONE',  ( 0.000000000000000000, 17.00000000000000000, -20.00000000000000000 ) ) ;
#1994 = CARTESIAN_POINT ( 'NONE',  ( -11.23779355348021447, 10.45079599629594824, 17.64284399250360735 ) ) ;
#1995 = VERTEX_POINT ( 'NONE', #3035 ) ;
#1996 = ORIENTED_EDGE ( 'NONE', *, *, #3584, .T. ) ;
#1997 = CIRCLE ( 'NONE', #4013, 40.00000000000000000 ) ;
#1998 = CARTESIAN_POINT ( 'NONE',  ( -2.841119903432360871, 29.69805869893365724, 8.708478276485847047 ) ) ;
#1999 = ADVANCED_FACE ( 'NONE', ( #1045 ), #184, .T. ) ;
#2000 = CARTESIAN_POINT ( 'NONE',  ( -6.603816304749646982, 9.483552309669343927, 10.48315421371295919 ) ) ;
#2001 = CARTESIAN_POINT ( 'NONE',  ( 0.000000000000000000, 24.00000000000000000, -51.96152422706631313 ) ) ;
#2002 = CARTESIAN_POINT ( 'NONE',  ( -31.00000000000000000, 0.000000000000000000, -11.00000000000002132 ) ) ;
#2003 = EDGE_CURVE ( 'NONE', #1995, #1289, #826, .T. ) ;
#2004 = CARTESIAN_POINT ( 'NONE',  ( -31.00000000000000000, 27.01483183409256483, 16.61186950512006177 ) ) ;
#2005 = CARTESIAN_POINT ( 'NONE',  ( 11.75842880843621963, 27.08565189813068841, 12.84730754516730755 ) ) ;
#2006 = VECTOR ( 'NONE', #379, 1000.000000000000000 ) ;
#2007 = ORIENTED_EDGE ( 'NONE', *, *, #2025, .T. ) ;
#2008 = CARTESIAN_POINT ( 'NONE',  ( 11.68983933807475495, 22.68750000000000000, 17.87340312894769667 ) ) ;
#2009 = FACE_OUTER_BOUND ( 'NONE', #2038, .T. ) ;
#2010 = VECTOR ( 'NONE', #3146, 1000.000000000000000 ) ;
#2011 = DIRECTION ( 'NONE',  ( 2.676430505792786015E-14, -0.000000000000000000, -1.000000000000000000 ) ) ;
#2012 = ORIENTED_EDGE ( 'NONE', *, *, #3536, .T. ) ;
#2013 = CARTESIAN_POINT ( 'NONE',  ( -7.141428428542839768, 24.00000000000000000, -10.57312005391655241 ) ) ;
#2014 = CARTESIAN_POINT ( 'NONE',  ( -12.15037700523019915, 5.607329420813495169, -13.85059506184374101 ) ) ;
#2015 = CARTESIAN_POINT ( 'NONE',  ( 0.000000000000000000, 17.00000000000000000, 20.00000000000000000 ) ) ;
#2016 = CARTESIAN_POINT ( 'NONE',  ( 11.65814497042129716, 11.18477969883739398, 17.85408527865700989 ) ) ;
#2017 = VERTEX_POINT ( 'NONE', #440 ) ;
#2018 = ORIENTED_EDGE ( 'NONE', *, *, #2387, .F. ) ;
#2019 = CARTESIAN_POINT ( 'NONE',  ( -10.76824375875925099, 24.29141974644213420, 17.18849962019898925 ) ) ;
#2020 = CIRCLE ( 'NONE', #928, 40.00000000000000000 ) ;
#2021 = DIRECTION ( 'NONE',  ( 0.000000000000000000, 0.000000000000000000, 1.000000000000000000 ) ) ;
#2022 = B_SPLINE_CURVE_WITH_KNOTS ( 'NONE', 3,
 ( #1651, #2929, #1630, #2991, #1998, #3615, #2338, #2597, #711, #1302, #1383, #3594, #1675, #1322, #2973, #2019, #3282, #2618, #2681, #3554 ),
 .UNSPECIFIED., .F., .F.,
 ( 4, 2, 2, 2, 2, 2, 2, 2, 2, 4 ),
 ( -2.283388845538990893E-05, 0.002359491115123986318, 0.004741816118703365106, 0.009506466125862119212, 0.01188879112944149496, 0.01427111613302087245, 0.01546227863481055252, 0.01665344113660023606, 0.01784460363838991787, 0.01903576614017959967 ),
 .UNSPECIFIED. ) ;
#2023 = CARTESIAN_POINT ( 'NONE',  ( -16.79246200278107892, 13.09868966437783300, 15.65668098951040754 ) ) ;
#2024 = LINE ( 'NONE', #400, #849 ) ;
#2025 = EDGE_CURVE ( 'NONE', #923, #2240, #2564, .T. ) ;
#2026 = AXIS2_PLACEMENT_3D ( 'NONE', #3812, #1003, #319 ) ;
#2027 = CARTESIAN_POINT ( 'NONE',  ( -30.99999999999999289, 24.26082300556535998, 17.97220075561142494 ) ) ;
#2028 = CARTESIAN_POINT ( 'NONE',  ( 6.265715529065269962, 28.43517018570932109, 10.60763048310786516 ) ) ;
#2029 = EDGE_LOOP ( 'NONE', ( #1603, #3126, #530, #859, #2423, #436 ) ) ;
#2030 = CARTESIAN_POINT ( 'NONE',  ( -31.00000000000000000, 27.99999999999999645, 10.95445115010331705 ) ) ;
#2031 = DIRECTION ( 'NONE',  ( -0.000000000000000000, 1.000000000000000000, -0.000000000000000000 ) ) ;
#2032 = CARTESIAN_POINT ( 'NONE',  ( 28.99999999999999645, 0.000000000000000000, 10.99999999999999645 ) ) ;
#2033 = ORIENTED_EDGE ( 'NONE', *, *, #43, .T. ) ;
#2034 = LINE ( 'NONE', #3320, #2608 ) ;
#2035 = LINE ( 'NONE', #2695, #401 ) ;
#2036 = CARTESIAN_POINT ( 'NONE',  ( 0.000000000000000000, 0.000000000000000000, -51.96152422706631313 ) ) ;
#2037 = CARTESIAN_POINT ( 'NONE',  ( -30.99999999999981171, 0.000000000000000000, -17.97220075561144270 ) ) ;
#2038 = EDGE_LOOP ( 'NONE', ( #2889, #174, #875, #1636, #642, #2053 ) ) ;
#2039 = AXIS2_PLACEMENT_3D ( 'NONE', #2821, #1519, #3164 ) ;
#2040 = APPROVAL ( #1007, 'UNSPECIFIED' ) ;
#2041 = ORIENTED_EDGE ( 'NONE', *, *, #221, .F. ) ;
#2042 = CARTESIAN_POINT ( 'NONE',  ( 12.54476894740665038, 13.54627369848956420, -18.33614331279629184 ) ) ;
#2043 = CARTESIAN_POINT ( 'NONE',  ( -9.999999999999989342, 16.34461466815279351, 11.16936811832403720 ) ) ;
#2044 = CARTESIAN_POINT ( 'NONE',  ( -17.24117779515145443, 18.33495420347003702, 15.86800043164993745 ) ) ;
#2045 = FACE_OUTER_BOUND ( 'NONE', #2546, .T. ) ;
#2046 = EDGE_CURVE ( 'NONE', #2626, #3475, #3653, .T. ) ;
#2047 = EDGE_CURVE ( 'NONE', #2980, #1995, #1244, .T. ) ;
#2048 = CARTESIAN_POINT ( 'NONE',  ( 40.95445115010331705, 30.00200000000000244, 1.000000000000000000 ) ) ;
#2049 = ORIENTED_EDGE ( 'NONE', *, *, #2176, .T. ) ;
#2050 = CARTESIAN_POINT ( 'NONE',  ( 9.132620112439148841, 21.08656299276933765, -10.96626792899509795 ) ) ;
#2051 = CYLINDRICAL_SURFACE ( 'NONE', #2470, 8.999999999999996447 ) ;
#2052 = CARTESIAN_POINT ( 'NONE',  ( -8.772682295620613857, 7.311836245170163728, 12.86841739139573626 ) ) ;
#2053 = ORIENTED_EDGE ( 'NONE', *, *, #2079, .F. ) ;
#2054 = DIRECTION ( 'NONE',  ( 0.000000000000000000, 0.000000000000000000, -1.000000000000000000 ) ) ;
#2055 = CARTESIAN_POINT ( 'NONE',  ( 28.99999999999999645, 27.59590798319705485, 15.73983979731413996 ) ) ;
#2056 = EDGE_CURVE ( 'NONE', #895, #1051, #719, .T. ) ;
#2057 = VECTOR ( 'NONE', #3706, 1000.000000000000000 ) ;
#2058 = FACE_OUTER_BOUND ( 'NONE', #2731, .T. ) ;
#2059 = CARTESIAN_POINT ( 'NONE',  ( -10.31945527561580889, 9.049593800240193886, 17.20426341433014272 ) ) ;
#2060 = ORIENTED_EDGE ( 'NONE', *, *, #2056, .F. ) ;
#2061 = DIRECTION ( 'NONE',  ( 0.4999999999999997780, 0.000000000000000000, -0.8660254037844387076 ) ) ;
#2062 = CARTESIAN_POINT ( 'NONE',  ( 16.24634333224125271, 11.46675450749973102, -15.40860362793140048 ) ) ;
#2063 = DIRECTION ( 'NONE',  ( 0.000000000000000000, 0.000000000000000000, 1.000000000000000000 ) ) ;
#2064 = CARTESIAN_POINT ( 'NONE',  ( -14.78450867501738841, 8.687912275473550494, 14.79356112593111483 ) ) ;
#2065 = DIRECTION ( 'NONE',  ( 0.000000000000000000, 0.000000000000000000, 1.000000000000000000 ) ) ;
#2066 = CIRCLE ( 'NONE', #3678, 10.99999999999999645 ) ;
#2067 = CARTESIAN_POINT ( 'NONE',  ( 11.89710660814696830, 22.35990358718200355, 13.79856833809238914 ) ) ;
#2068 = CARTESIAN_POINT ( 'NONE',  ( -9.475446449102447488, 26.01665417988062146, -12.98819179147587199 ) ) ;
#2069 = VERTEX_POINT ( 'NONE', #2885 ) ;
#2070 = CARTESIAN_POINT ( 'NONE',  ( 12.62866182865583653, 20.09733396565748009, 18.38436613152491006 ) ) ;
#2071 = DIRECTION ( 'NONE',  ( 0.000000000000000000, 1.000000000000000000, 0.000000000000000000 ) ) ;
#2072 = CARTESIAN_POINT ( 'NONE',  ( -2.440834017268923350, 4.214773445078644265, 12.02832904455937602 ) ) ;
#2073 = VERTEX_POINT ( 'NONE', #2593 ) ;
#2074 = EDGE_CURVE ( 'NONE', #3166, #3043, #1953, .T. ) ;
#2075 = DIRECTION ( 'NONE',  ( -1.000000000000000000, 0.000000000000000000, 0.000000000000000000 ) ) ;
#2076 = CARTESIAN_POINT ( 'NONE',  ( 28.99999999999999645, 25.28934042080472011, 17.76742501261330176 ) ) ;
#2077 = AXIS2_PLACEMENT_3D ( 'NONE', #419, #3036, #1723 ) ;
#2078 = DIRECTION ( 'NONE',  ( -0.000000000000000000, -1.000000000000000000, 0.000000000000000000 ) ) ;
#2079 = EDGE_CURVE ( 'NONE', #135, #2142, #2221, .T. ) ;
#2080 = PLANE ( 'NONE',  #1200 ) ;
#2081 = ORIENTED_EDGE ( 'NONE', *, *, #3610, .T. ) ;
#2082 = ORIENTED_EDGE ( 'NONE', *, *, #222, .F. ) ;
#2083 = CARTESIAN_POINT ( 'NONE',  ( -2.907958651964452468, 29.86805643343502226, -7.467632433493909261 ) ) ;
#2084 = CARTESIAN_POINT ( 'NONE',  ( 11.13906579503147043, 10.29219584780339325, -17.59463763397041447 ) ) ;
#2085 = CARTESIAN_POINT ( 'NONE',  ( 15.55404818371692777, 24.00000000000000000, 15.10950141828942783 ) ) ;
#2086 = CARTESIAN_POINT ( 'NONE',  ( 7.532741592174222234, 10.39082876017483237, -10.63991309186543965 ) ) ;
#2087 = CARTESIAN_POINT ( 'NONE',  ( -44.22709424269413603, 28.00000000000000355, -0.9999999999999988898 ) ) ;
#2088 = DIRECTION ( 'NONE',  ( 0.000000000000000000, 0.000000000000000000, 1.000000000000000000 ) ) ;
#2089 = AXIS2_PLACEMENT_3D ( 'NONE', #3237, #2949, #994 ) ;
#2090 = CARTESIAN_POINT ( 'NONE',  ( -11.27841277181125790, 23.62418493931165386, -13.89053900580373124 ) ) ;
#2091 = VERTEX_POINT ( 'NONE', #3660 ) ;
#2092 = CARTESIAN_POINT ( 'NONE',  ( 16.80320908597761331, 20.81210334236566695, 15.66189385359356656 ) ) ;
#2093 = DIRECTION ( 'NONE',  ( -0.000000000000000000, -1.000000000000000000, -0.000000000000000000 ) ) ;
#2094 = CARTESIAN_POINT ( 'NONE',  ( -10.38949013150180711, 9.167397019491325239, 17.23846377712407829 ) ) ;
#2095 = ORIENTED_EDGE ( 'NONE', *, *, #607, .F. ) ;
#2096 = CARTESIAN_POINT ( 'NONE',  ( 31.00000000000000000, 0.000000000000000000, -10.95445115010331705 ) ) ;
#2097 = CARTESIAN_POINT ( 'NONE',  ( 28.99999999999999645, 26.64325597047015393, 16.98432105186304142 ) ) ;
#2098 = ADVANCED_FACE ( 'NONE', ( #2683 ), #82, .T. ) ;
#2099 = CARTESIAN_POINT ( 'NONE',  ( 30.00000000000000000, 0.000000000000000000, 0.000000000000000000 ) ) ;
#2100 = CARTESIAN_POINT ( 'NONE',  ( -0.3450558062884379051, 26.99999999999998934, -8.607275538130942039 ) ) ;
#2101 = EDGE_LOOP ( 'NONE', ( #2960, #111, #2678, #1817 ) ) ;
#2102 = DIRECTION ( 'NONE',  ( 2.602085213965210642E-15, 0.000000000000000000, 1.000000000000000000 ) ) ;
#2103 = CARTESIAN_POINT ( 'NONE',  ( 12.94920619632448222, 15.72633019954066214, -18.56993339974707169 ) ) ;
#2104 = CARTESIAN_POINT ( 'NONE',  ( -0.1614041963941041102, 27.00018110000643290, 8.607028418825480642 ) ) ;
#2105 = ORGANIZATION ( 'UNSPECIFIED', 'UNSPECIFIED', '' ) ;
#2106 = CARTESIAN_POINT ( 'NONE',  ( 16.52177305323587575, 21.74998673365763224, 15.53285116658172349 ) ) ;
#2107 = CARTESIAN_POINT ( 'NONE',  ( 9.110968524906464694, 12.86521168112735936, -10.96144302986058783 ) ) ;
#2108 = CARTESIAN_POINT ( 'NONE',  ( -10.96293868309465935, 23.99620058305658787, -17.36156908592099768 ) ) ;
#2109 = CARTESIAN_POINT ( 'NONE',  ( 28.99999999999999645, 0.000000000000000000, 10.95445115010331705 ) ) ;
#2110 = VERTEX_POINT ( 'NONE', #1366 ) ;
#2111 = CARTESIAN_POINT ( 'NONE',  ( -9.475446449100022761, 26.01665417988223439, 12.98819179147669090 ) ) ;
#2112 = DIRECTION ( 'NONE',  ( -0.000000000000000000, -1.000000000000000000, -0.000000000000000000 ) ) ;
#2113 = CARTESIAN_POINT ( 'NONE',  ( -14.82121020533836209, 8.744241043485047271, 14.80813331573542513 ) ) ;
#2114 = ORIENTED_EDGE ( 'NONE', *, *, #2182, .T. ) ;
#2115 = CYLINDRICAL_SURFACE ( 'NONE', #3075, 18.00000000000000355 ) ;
#2116 = FACE_OUTER_BOUND ( 'NONE', #982, .T. ) ;
#2117 = UNCERTAINTY_MEASURE_WITH_UNIT (LENGTH_MEASURE( 1.000000000000000082E-05 ), #3758, 'distance_accuracy_value', 'NONE');
#2118 = DIRECTION ( 'NONE',  ( -0.8660254037844385966, 0.000000000000000000, 0.5000000000000003331 ) ) ;
#2119 = DIRECTION ( 'NONE',  ( -1.000000000000000000, 0.000000000000000000, 3.149091769236048498E-16 ) ) ;
#2120 = EDGE_LOOP ( 'NONE', ( #3719, #4010, #1674, #1514 ) ) ;
#2121 = CARTESIAN_POINT ( 'NONE',  ( 31.00000000000000000, 27.99999999999999645, 10.95445115010331705 ) ) ;
#2122 = CARTESIAN_POINT ( 'NONE',  ( 21.00000000000000355, 30.00000000000000000, 15.58845726811990140 ) ) ;
#2123 = CARTESIAN_POINT ( 'NONE',  ( 15.51896196690848839, 9.925661909775181257, -15.09433215282082408 ) ) ;
#2124 = EDGE_CURVE ( 'NONE', #4139, #326, #3096, .T. ) ;
#2125 = CARTESIAN_POINT ( 'NONE',  ( -1.687635865992201278, 26.86222866177688928, 8.789032408173016009 ) ) ;
#2126 = CARTESIAN_POINT ( 'NONE',  ( 9.414845902546325742E-12, 1.000000000000000444, 11.96152422706632024 ) ) ;
#2127 = CARTESIAN_POINT ( 'NONE',  ( -7.947090141177254097, 10.89451886403817404, -10.71854862989114388 ) ) ;
#2128 = CARTESIAN_POINT ( 'NONE',  ( -10.36485111839441231, 24.85428159019779670, -16.80659803247489492 ) ) ;
#2129 = AXIS2_PLACEMENT_3D ( 'NONE', #2940, #1373, #2962 ) ;
#2130 = ADVANCED_FACE ( 'NONE', ( #334 ), #790, .T. ) ;
#2131 = CARTESIAN_POINT ( 'NONE',  ( -16.52195448284356161, 21.74945272360169568, -15.53293338311818594 ) ) ;
#2132 = VERTEX_POINT ( 'NONE', #2992 ) ;
#2133 = LINE ( 'NONE', #3826, #1062 ) ;
#2134 = CARTESIAN_POINT ( 'NONE',  ( 28.99999999999981171, 0.000000000000000000, -17.97220075561141783 ) ) ;
#2135 = DIRECTION ( 'NONE',  ( 0.000000000000000000, -1.000000000000000000, 0.000000000000000000 ) ) ;
#2136 = AXIS2_PLACEMENT_3D ( 'NONE', #962, #4114, #2199 ) ;
#2137 = CARTESIAN_POINT ( 'NONE',  ( -7.126300034776694936, 2.405367655531656101, 12.59546757401865413 ) ) ;
#2138 = ORIENTED_EDGE ( 'NONE', *, *, #4095, .F. ) ;
#2139 = FACE_OUTER_BOUND ( 'NONE', #4166, .T. ) ;
#2140 = CARTESIAN_POINT ( 'NONE',  ( 40.95445115010331705, 30.00200000000000244, -1.000000000000000000 ) ) ;
#2141 = LINE ( 'NONE', #2445, #574 ) ;
#2142 = VERTEX_POINT ( 'NONE', #1068 ) ;
#2143 = AXIS2_PLACEMENT_3D ( 'NONE', #276, #1267, #2297 ) ;
#2144 = DIRECTION ( 'NONE',  ( 1.000000000000000000, 0.000000000000000000, 0.000000000000000000 ) ) ;
#2145 = CARTESIAN_POINT ( 'NONE',  ( 4.184671630102943851, 4.671506251761600836, -12.16665219269238207 ) ) ;
#2146 = CARTESIAN_POINT ( 'NONE',  ( -31.00000000000000000, 27.79680244799996558, 15.25320525963862828 ) ) ;
#2147 = AXIS2_PLACEMENT_3D ( 'NONE', #3796, #3505, #3462 ) ;
#2148 = CARTESIAN_POINT ( 'NONE',  ( 17.14273998429817780, 14.44119818016451262, 15.82094775597283842 ) ) ;
#2149 = CARTESIAN_POINT ( 'NONE',  ( -6.097604257567409647, 9.067371363881392199, -10.40572089986932447 ) ) ;
#2150 = DIRECTION ( 'NONE',  ( 0.000000000000000000, 0.000000000000000000, 1.000000000000000000 ) ) ;
#2151 = EDGE_CURVE ( 'NONE', #542, #2938, #1821, .T. ) ;
#2152 = B_SPLINE_CURVE_WITH_KNOTS ( 'NONE', 3,
 ( #3850, #633, #2277, #1937, #3221, #2912, #3868, #980, #1959, #336, #1634, #2933 ),
 .UNSPECIFIED., .F., .F.,
 ( 4, 2, 2, 2, 2, 4 ),
 ( 0.000000000000000000, 0.001936035231207289872, 0.002904052846810930254, 0.003872070462414571070, 0.005808105693621853569, 0.007744140924829136935 ),
 .UNSPECIFIED. ) ;
#2153 = CARTESIAN_POINT ( 'NONE',  ( -17.29492579363467186, 16.55663592558670416, -15.89373323188387666 ) ) ;
#2154 = VERTEX_POINT ( 'NONE', #1632 ) ;
#2155 = CARTESIAN_POINT ( 'NONE',  ( -6.265715529066079093, 28.43517018570614496, 10.60763048310710488 ) ) ;
#2156 = LINE ( 'NONE', #532, #556 ) ;
#2157 = CARTESIAN_POINT ( 'NONE',  ( -28.99999999999984723, 27.01589681946108357, -16.61064361345994556 ) ) ;
#2158 = CIRCLE ( 'NONE', #250, 13.99999999999999822 ) ;
#2159 = CARTESIAN_POINT ( 'NONE',  ( 2.106636076775646682, 4.166844364851606919, 12.01347069086128450 ) ) ;
#2160 = VERTEX_POINT ( 'NONE', #3261 ) ;
#2161 = AXIS2_PLACEMENT_3D ( 'NONE', #2015, #646, #1972 ) ;
#2162 = CARTESIAN_POINT ( 'NONE',  ( 28.99999999999999645, 0.000000000000000000, -10.95445115010331705 ) ) ;
#2163 = CYLINDRICAL_SURFACE ( 'NONE', #2147, 18.00000000000000355 ) ;
#2164 = VERTEX_POINT ( 'NONE', #3978 ) ;
#2165 = CARTESIAN_POINT ( 'NONE',  ( -47.97220075561142494, 30.00000000000000000, 1.000000000000002220 ) ) ;
#2166 = CARTESIAN_POINT ( 'NONE',  ( -4.000598984735875163, 1.430083867845147516, -12.16046729720748765 ) ) ;
#2167 = DIRECTION ( 'NONE',  ( -1.000000000000000000, 0.000000000000000000, 0.000000000000000000 ) ) ;
#2168 = CARTESIAN_POINT ( 'NONE',  ( 16.09182030346586245, 11.12144298987193913, 15.34079165737189143 ) ) ;
#2169 = CARTESIAN_POINT ( 'NONE',  ( 8.971430799725645500, 12.57050930527348243, -10.93058061243822010 ) ) ;
#2170 = CARTESIAN_POINT ( 'NONE',  ( -23.00000000000000000, 24.00000000000000000, 12.12435565298214080 ) ) ;
#2171 = AXIS2_PLACEMENT_3D ( 'NONE', #659, #1964, #619 ) ;
#2172 = CARTESIAN_POINT ( 'NONE',  ( -17.14238255773475572, 14.43899169834446283, -15.82077744711063794 ) ) ;
#2173 = ORIENTED_EDGE ( 'NONE', *, *, #2047, .T. ) ;
#2174 = CARTESIAN_POINT ( 'NONE',  ( 12.11632797278564944, 21.81091386913666952, -18.09495029618995687 ) ) ;
#2175 = CARTESIAN_POINT ( 'NONE',  ( 11.68983933807475495, 22.68750000000000000, -17.87340312894768957 ) ) ;
#2176 = EDGE_CURVE ( 'NONE', #2160, #3938, #1590, .T. ) ;
#2177 = EDGE_CURVE ( 'NONE', #486, #940, #2158, .T. ) ;
#2178 = ORIENTED_EDGE ( 'NONE', *, *, #3921, .T. ) ;
#2179 = CARTESIAN_POINT ( 'NONE',  ( 0.000000000000000000, 27.99999999999999645, 0.000000000000000000 ) ) ;
#2180 = LINE ( 'NONE', #2522, #4 ) ;
#2181 = CARTESIAN_POINT ( 'NONE',  ( 7.141428428542837992, 24.00000000000000000, 10.57312005391655774 ) ) ;
#2182 = EDGE_CURVE ( 'NONE', #3525, #1139, #585, .T. ) ;
#2183 = VERTEX_POINT ( 'NONE', #1721 ) ;
#2184 = B_SPLINE_CURVE_WITH_KNOTS ( 'NONE', 3,
 ( #2188, #266, #1931, #2208, #1585, #1528, #3213, #3469, #2551, #247, #1216, #1872, #950, #1891, #3170, #3804, #2249, #3785 ),
 .UNSPECIFIED., .F., .F.,
 ( 4, 2, 2, 2, 2, 2, 2, 2, 4 ),
 ( 0.02001229541629798853, 0.02079418803225032905, 0.02157608064820266958, 0.02235797326415501010, 0.02313986588010735063, 0.02392175849605968768, 0.02470365111201202821, 0.02548554372796436873, 0.02626743634391670926 ),
 .UNSPECIFIED. ) ;
#2185 = CARTESIAN_POINT ( 'NONE',  ( 0.000000000000000000, 30.00000000000000000, 51.96152422706631313 ) ) ;
#2186 = CARTESIAN_POINT ( 'NONE',  ( 5.840086569483223577, 5.358290017659449234, -12.36479164620700288 ) ) ;
#2187 = DIRECTION ( 'NONE',  ( 0.000000000000000000, 0.000000000000000000, -1.000000000000000000 ) ) ;
#2188 = CARTESIAN_POINT ( 'NONE',  ( 30.99999999999991829, 28.00000000000000000, -13.96424004376894423 ) ) ;
#2189 = CARTESIAN_POINT ( 'NONE',  ( 28.99999999999999645, 30.00000000000000000, 17.97220075561142849 ) ) ;
#2190 = VERTEX_POINT ( 'NONE', #692 ) ;
#2191 = AXIS2_PLACEMENT_3D ( 'NONE', #230, #311, #2846 ) ;
#2192 = CARTESIAN_POINT ( 'NONE',  ( 14.59432645852384525, 8.405310122595349043, -14.71837881138762327 ) ) ;
#2193 = ORIENTED_EDGE ( 'NONE', *, *, #3004, .F. ) ;
#2194 = DIRECTION ( 'NONE',  ( 0.000000000000000000, 0.000000000000000000, 1.000000000000000000 ) ) ;
#2195 = CARTESIAN_POINT ( 'NONE',  ( 11.00487167697045265, 23.92921801484683186, -17.39675292427909525 ) ) ;
#2196 = CARTESIAN_POINT ( 'NONE',  ( 45.25335182892825259, 27.79670634341724522, 1.000000000000001332 ) ) ;
#2197 = AXIS2_PLACEMENT_3D ( 'NONE', #539, #2760, #450 ) ;
#2198 = VERTEX_POINT ( 'NONE', #3014 ) ;
#2199 = DIRECTION ( 'NONE',  ( 0.000000000000000000, 0.000000000000000000, -1.000000000000000000 ) ) ;
#2200 = DIRECTION ( 'NONE',  ( 0.000000000000000000, 0.000000000000000000, 1.000000000000000000 ) ) ;
#2201 = AXIS2_PLACEMENT_3D ( 'NONE', #2185, #3763, #4040 ) ;
#2202 = EDGE_CURVE ( 'NONE', #2800, #2785, #520, .T. ) ;
#2203 = DIRECTION ( 'NONE',  ( -0.000000000000000000, -1.000000000000000000, -0.000000000000000000 ) ) ;
#2204 = ORIENTED_EDGE ( 'NONE', *, *, #3946, .F. ) ;
#2205 = CARTESIAN_POINT ( 'NONE',  ( 0.000000000000000000, 30.00000000000000000, 51.96152422706631313 ) ) ;
#2206 = CARTESIAN_POINT ( 'NONE',  ( 1.485022517971932965, 1.055389112103148674, -11.98738768095954832 ) ) ;
#2207 = CARTESIAN_POINT ( 'NONE',  ( -8.527370083236569087, 22.23321882187941867, 10.83590826215191782 ) ) ;
#2208 = CARTESIAN_POINT ( 'NONE',  ( 30.99999999999988987, 27.87254110502511040, -15.00163274055148754 ) ) ;
#2209 = CARTESIAN_POINT ( 'NONE',  ( -14.23442799563252592, 25.36971843961124762, 14.41431389409664732 ) ) ;
#2210 = VERTEX_POINT ( 'NONE', #3618 ) ;
#2211 = CIRCLE ( 'NONE', #2553, 4.000000000000001776 ) ;
#2212 = CYLINDRICAL_SURFACE ( 'NONE', #3828, 8.999999999999996447 ) ;
#2213 = CARTESIAN_POINT ( 'NONE',  ( 6.860663746161972831, 2.297935830391038436, -12.54866357310042702 ) ) ;
#2214 = ORIENTED_EDGE ( 'NONE', *, *, #124, .T. ) ;
#2215 = CARTESIAN_POINT ( 'NONE',  ( -47.97220075561142494, 0.000000000000000000, -0.9999999999999981126 ) ) ;
#2216 = CARTESIAN_POINT ( 'NONE',  ( 9.939008654358611139, 25.51033490957703975, -13.28857825229372480 ) ) ;
#2217 = CARTESIAN_POINT ( 'NONE',  ( -1.722072317016493992, 4.085430704448113737, -15.00736475139350290 ) ) ;
#2218 = VERTEX_POINT ( 'NONE', #714 ) ;
#2219 = CARTESIAN_POINT ( 'NONE',  ( 10.81753314606899252, 4.497228108567523641, 13.44735111728141241 ) ) ;
#2220 = DIRECTION ( 'NONE',  ( 2.676430505792786015E-14, -0.000000000000000000, -1.000000000000000000 ) ) ;
#2221 = CIRCLE ( 'NONE', #3769, 41.99999999999998579 ) ;
#2222 = DIRECTION ( 'NONE',  ( 0.000000000000000000, 0.000000000000000000, -1.000000000000000000 ) ) ;
#2223 = CIRCLE ( 'NONE', #3500, 14.00000000000000000 ) ;
#2224 = ORIENTED_EDGE ( 'NONE', *, *, #1502, .F. ) ;
#2225 = CARTESIAN_POINT ( 'NONE',  ( 31.00000000000000000, 28.00000000000308731, 13.96424004376921069 ) ) ;
#2226 = CARTESIAN_POINT ( 'NONE',  ( 9.688648771773729962, 3.677964278644520579, -13.13107470836827595 ) ) ;
#2227 = CARTESIAN_POINT ( 'NONE',  ( -28.99999999999999645, 0.000000000000000000, 10.99999999999999645 ) ) ;
#2228 = EDGE_CURVE ( 'NONE', #374, #1282, #3160, .T. ) ;
#2229 = EDGE_CURVE ( 'NONE', #326, #4139, #1886, .T. ) ;
#2230 = CARTESIAN_POINT ( 'NONE',  ( 30.00000000000000000, 30.00000000000000000, 8.999999999999994671 ) ) ;
#2231 = CARTESIAN_POINT ( 'NONE',  ( -31.00000000000000000, 27.99999999999999645, 0.000000000000000000 ) ) ;
#2232 = EDGE_LOOP ( 'NONE', ( #2114, #3366, #2033, #1182 ) ) ;
#2233 = CYLINDRICAL_SURFACE ( 'NONE', #1740, 9.999999999999991118 ) ;
#2234 = DIRECTION ( 'NONE',  ( 0.000000000000000000, 0.000000000000000000, 1.000000000000000000 ) ) ;
#2235 = EDGE_LOOP ( 'NONE', ( #233, #1666, #156, #414 ) ) ;
#2236 = CARTESIAN_POINT ( 'NONE',  ( 0.1808150504086872834, 30.00000000000000355, -6.051965218138273706 ) ) ;
#2237 = CARTESIAN_POINT ( 'NONE',  ( 9.832128549734706624, 28.02419593508237128, -11.60249446380585781 ) ) ;
#2238 = CARTESIAN_POINT ( 'NONE',  ( 13.00000000000000178, 16.99999999999998224, -18.59986959184175248 ) ) ;
#2239 = SECURITY_CLASSIFICATION ( '', '', #1924 ) ;
#2240 = VERTEX_POINT ( 'NONE', #287 ) ;
#2241 = CARTESIAN_POINT ( 'NONE',  ( 9.905188951099155759, 8.534751589366136315, 13.11788667450085555 ) ) ;
#2242 = FACE_OUTER_BOUND ( 'NONE', #3428, .T. ) ;
#2243 = APPROVAL_DATE_TIME ( #1292, #1105 ) ;
#2244 = CARTESIAN_POINT ( 'NONE',  ( -46.98228707489443678, 26.64539795739227301, 1.000000000000001776 ) ) ;
#2245 = ORIENTED_EDGE ( 'NONE', *, *, #1179, .T. ) ;
#2246 = DIRECTION ( 'NONE',  ( 0.000000000000000000, 0.000000000000000000, -1.000000000000000000 ) ) ;
#2247 = CARTESIAN_POINT ( 'NONE',  ( -9.720449925886780917, 8.323968470925715124, -13.07633776094519540 ) ) ;
#2248 = CARTESIAN_POINT ( 'NONE',  ( 8.492750570492022533, 11.71031890135894571, 10.82871720262921045 ) ) ;
#2249 = CARTESIAN_POINT ( 'NONE',  ( 30.99999999999981881, 24.26316777965513083, -17.97220075561144625 ) ) ;
#2250 = CYLINDRICAL_SURFACE ( 'NONE', #39, 20.00000000000000000 ) ;
#2251 = ORIENTED_EDGE ( 'NONE', *, *, #324, .T. ) ;
#2252 = CARTESIAN_POINT ( 'NONE',  ( -12.03317727667555559, 21.98181818181817349, 13.62345556346797437 ) ) ;
#2253 = CARTESIAN_POINT ( 'NONE',  ( -19.99999999999999645, 24.00000000000000000, 17.32050807568877460 ) ) ;
#2254 = ADVANCED_FACE ( 'NONE', ( #310 ), #2592, .F. ) ;
#2255 = LINE ( 'NONE', #3263, #354 ) ;
#2256 = CIRCLE ( 'NONE', #420, 13.99999999999999822 ) ;
#2257 = EDGE_CURVE ( 'NONE', #1, #3638, #2550, .T. ) ;
#2258 = CARTESIAN_POINT ( 'NONE',  ( -12.30058017384229885, 12.77171646715306785, -18.20009398614660157 ) ) ;
#2259 = AXIS2_PLACEMENT_3D ( 'NONE', #309, #2167, #1215 ) ;
#2260 = ORIENTED_EDGE ( 'NONE', *, *, #214, .T. ) ;
#2261 = CARTESIAN_POINT ( 'NONE',  ( 9.322262939756489786, 7.935289479642417376, 16.78461213635552696 ) ) ;
#2262 = LINE ( 'NONE', #1537, #292 ) ;
#2263 = COORDINATED_UNIVERSAL_TIME_OFFSET ( 5, 30, .AHEAD. ) ;
#2264 = CARTESIAN_POINT ( 'NONE',  ( -12.17094500605065832, 21.69865640206145585, 18.12332209418149276 ) ) ;
#2265 = ORIENTED_EDGE ( 'NONE', *, *, #3514, .T. ) ;
#2266 = CARTESIAN_POINT ( 'NONE',  ( -9.685160703782811353, 19.57205041671008772, -11.09326933507871438 ) ) ;
#2267 = CARTESIAN_POINT ( 'NONE',  ( -12.92184283897577579, 15.47037434300826320, -13.81978594000664806 ) ) ;
#2268 = AXIS2_PLACEMENT_3D ( 'NONE', #2825, #884, #4079 ) ;
#2269 = CARTESIAN_POINT ( 'NONE',  ( 0.6888484447062419580, 26.97772448806676948, -8.637490640458942437 ) ) ;
#2270 = FACE_BOUND ( 'NONE', #2568, .T. ) ;
#2271 = CYLINDRICAL_SURFACE ( 'NONE', #1640, 39.99999999999999289 ) ;
#2272 = CARTESIAN_POINT ( 'NONE',  ( -10.94033662050382105, 27.51335346996927811, 12.31526111239484678 ) ) ;
#2273 = ORIENTED_EDGE ( 'NONE', *, *, #1170, .T. ) ;
#2274 = CARTESIAN_POINT ( 'NONE',  ( -1.313092199154594741, 30.00000000026709301, 6.867370591175069983 ) ) ;
#2275 = FACE_OUTER_BOUND ( 'NONE', #4143, .T. ) ;
#2276 = CIRCLE ( 'NONE', #373, 6.000000000000000888 ) ;
#2277 = CARTESIAN_POINT ( 'NONE',  ( 7.998959344823791007, 23.03558215411426957, 10.72869417581549101 ) ) ;
#2278 = ADVANCED_FACE ( 'NONE', ( #265 ), #3435, .F. ) ;
#2279 = CARTESIAN_POINT ( 'NONE',  ( 12.97861244277907744, 16.13834400361801258, -18.58720659978459722 ) ) ;
#2280 = CIRCLE ( 'NONE', #2691, 20.00000000000000000 ) ;
#2281 = ORIENTED_EDGE ( 'NONE', *, *, #3749, .F. ) ;
#2282 = CARTESIAN_POINT ( 'NONE',  ( 10.91436485605071027, 9.863178457159083479, 13.35311979002740124 ) ) ;
#2283 = DIRECTION ( 'NONE',  ( 0.000000000000000000, 0.000000000000000000, -1.000000000000000000 ) ) ;
#2284 = SHAPE_DEFINITION_REPRESENTATION ( #85, #2484 ) ;
#2285 = CARTESIAN_POINT ( 'NONE',  ( -13.00424098885407354, 17.31020712072810142, 13.83472360248115329 ) ) ;
#2286 = VERTEX_POINT ( 'NONE', #349 ) ;
#2287 = CARTESIAN_POINT ( 'NONE',  ( 13.00000000000000178, 17.00000000000000000, -20.00000000000000000 ) ) ;
#2288 = CARTESIAN_POINT ( 'NONE',  ( -10.38965017360414045, 9.167348558875923814, -17.23849406819395824 ) ) ;
#2289 = AXIS2_PLACEMENT_3D ( 'NONE', #1615, #2958, #1349 ) ;
#2290 = CARTESIAN_POINT ( 'NONE',  ( 1.695871306538674794, 26.86080033405192680, -8.790827506721756279 ) ) ;
#2291 = CARTESIAN_POINT ( 'NONE',  ( 5.805211282457441335, 5.360428659456939471, 15.65489594922239291 ) ) ;
#2292 = VERTEX_POINT ( 'NONE', #2616 ) ;
#2293 = CARTESIAN_POINT ( 'NONE',  ( 43.96424004376920891, 28.00000000000308731, -0.9999999999999991118 ) ) ;
#2294 = CARTESIAN_POINT ( 'NONE',  ( -7.533827350331722350, 10.39215417542938091, 10.64011957643779915 ) ) ;
#2295 = CARTESIAN_POINT ( 'NONE',  ( 20.00000000000000000, 0.000000000000000000, -17.32050807568877460 ) ) ;
#2296 = CARTESIAN_POINT ( 'NONE',  ( 9.665365686672771517, 28.09381330507666874, -11.49604661991166843 ) ) ;
#2297 = DIRECTION ( 'NONE',  ( 0.000000000000000000, 0.000000000000000000, 1.000000000000000000 ) ) ;
#2298 = ORIENTED_EDGE ( 'NONE', *, *, #4053, .T. ) ;
#2299 = EDGE_CURVE ( 'NONE', #2928, #690, #2502, .T. ) ;
#2300 = CARTESIAN_POINT ( 'NONE',  ( 15.35657171260561782, 9.605872578101870118, 15.02526112407725911 ) ) ;
#2301 = DIRECTION ( 'NONE',  ( -0.000000000000000000, -1.000000000000000000, -0.000000000000000000 ) ) ;
#2302 = PERSON_AND_ORGANIZATION ( #3575, #2105 ) ;
#2303 = PRODUCT_DEFINITION_FORMATION_WITH_SPECIFIED_SOURCE ( 'ANY', '', #2325, .NOT_KNOWN. ) ;
#2304 = FACE_OUTER_BOUND ( 'NONE', #3700, .T. ) ;
#2305 = ORIENTED_EDGE ( 'NONE', *, *, #54, .T. ) ;
#2306 = FACE_OUTER_BOUND ( 'NONE', #3209, .T. ) ;
#2307 = CARTESIAN_POINT ( 'NONE',  ( -12.94656768895526788, 15.69770244593949471, -18.56838139147480504 ) ) ;
#2308 = DIRECTION ( 'NONE',  ( 0.000000000000000000, -1.000000000000000000, 0.000000000000000000 ) ) ;
#2309 = PLANE ( 'NONE',  #4043 ) ;
#2310 = DIRECTION ( 'NONE',  ( 0.000000000000000000, 0.000000000000000000, 1.000000000000000000 ) ) ;
#2311 = EDGE_CURVE ( 'NONE', #669, #2859, #3965, .T. ) ;
#2312 = CARTESIAN_POINT ( 'NONE',  ( 2.996820023762344132, 4.342710478390773510, 15.14208278146930731 ) ) ;
#2313 = ORIENTED_EDGE ( 'NONE', *, *, #847, .T. ) ;
#2314 = DIRECTION ( 'NONE',  ( 0.000000000000000000, -1.000000000000000000, 0.000000000000000000 ) ) ;
#2315 = CARTESIAN_POINT ( 'NONE',  ( 12.17094500605052865, 21.69865640206172941, -18.12332209418427098 ) ) ;
#2316 = DIRECTION ( 'NONE',  ( 0.000000000000000000, 1.000000000000000000, -0.000000000000000000 ) ) ;
#2317 = CARTESIAN_POINT ( 'NONE',  ( -14.59223202327851965, 8.402265342370522916, 14.71755750123175233 ) ) ;
#2318 = DIRECTION ( 'NONE',  ( 0.000000000000000000, 1.000000000000000000, -0.000000000000000000 ) ) ;
#2319 = CARTESIAN_POINT ( 'NONE',  ( 1.704571795219321784, 26.85934404546319598, 8.792676182332353818 ) ) ;
#2320 = CARTESIAN_POINT ( 'NONE',  ( 9.813595883256583718, 25.53227789958964777, 16.24485014724234588 ) ) ;
#2321 = CARTESIAN_POINT ( 'NONE',  ( -10.22921074252760931, 25.02930120873880782, -16.67112011569671637 ) ) ;
#2322 = ORIENTED_EDGE ( 'NONE', *, *, #2415, .T. ) ;
#2323 = CARTESIAN_POINT ( 'NONE',  ( 12.69151797665374382, 19.82864772502711759, 18.42034469748350745 ) ) ;
#2324 = DIRECTION ( 'NONE',  ( 0.000000000000000000, 0.000000000000000000, 1.000000000000000000 ) ) ;
#2325 = PRODUCT ( 'CSWP_18_25', 'CSWP_18_25', '', ( #2918 ) ) ;
#2326 = AXIS2_PLACEMENT_3D ( 'NONE', #2607, #3894, #1332 ) ;
#2327 = CARTESIAN_POINT ( 'NONE',  ( -15.51896196690895735, 9.925661909775769232, 15.09433215282102658 ) ) ;
#2328 = ORIENTED_EDGE ( 'NONE', *, *, #743, .F. ) ;
#2329 = CYLINDRICAL_SURFACE ( 'NONE', #2942, 40.00000000000000000 ) ;
#2330 = CARTESIAN_POINT ( 'NONE',  ( -13.00162072483352205, 16.81177759977636654, -18.60082622221468185 ) ) ;
#2331 = ADVANCED_FACE ( 'NONE', ( #1340 ), #3896, .F. ) ;
#2332 = ADVANCED_FACE ( 'NONE', ( #2270, #2635 ), #1318, .T. ) ;
#2333 = CARTESIAN_POINT ( 'NONE',  ( 13.00000000000000178, 16.99999999997615063, 18.59986959184176314 ) ) ;
#2334 = CARTESIAN_POINT ( 'NONE',  ( 9.777355609988077845, 8.422131972841830461, 16.97135235382555862 ) ) ;
#2335 = ORIENTED_EDGE ( 'NONE', *, *, #2177, .T. ) ;
#2336 = EDGE_LOOP ( 'NONE', ( #3456, #140, #2997, #2893, #2596 ) ) ;
#2337 = AXIS2_PLACEMENT_3D ( 'NONE', #3794, #4129, #3228 ) ;
#2338 = CARTESIAN_POINT ( 'NONE',  ( -5.489412330416866048, 28.83926542524156389, 11.48205009564204993 ) ) ;
#2339 = CIRCLE ( 'NONE', #28, 40.00000000000000000 ) ;
#2340 = CARTESIAN_POINT ( 'NONE',  ( -2.594407847915773502, 7.336797199892683530, 10.04054156309709889 ) ) ;
#2341 = CARTESIAN_POINT ( 'NONE',  ( -6.855022074926662157, 2.295678840839967982, 12.54767848402505592 ) ) ;
#2342 = CARTESIAN_POINT ( 'NONE',  ( 31.00000000000000355, 25.03988018267284232, 17.84335289353231957 ) ) ;
#2343 = CARTESIAN_POINT ( 'NONE',  ( -31.00000000000000711, 26.64331162654298879, 16.98421714599252041 ) ) ;
#2344 = CARTESIAN_POINT ( 'NONE',  ( -12.99999999999921840, 16.56336568282188892, -18.59986959184105260 ) ) ;
#2345 = CIRCLE ( 'NONE', #507, 20.00000000000000000 ) ;
#2346 = CARTESIAN_POINT ( 'NONE',  ( -10.74891676397967721, 24.45517955857757286, -13.71314660049910295 ) ) ;
#2347 = ORIENTED_EDGE ( 'NONE', *, *, #1376, .F. ) ;
#2348 = DIRECTION ( 'NONE',  ( -0.000000000000000000, -1.000000000000000000, -0.000000000000000000 ) ) ;
#2349 = CARTESIAN_POINT ( 'NONE',  ( 31.00000000000000000, 0.000000000000000000, 10.99999999999999645 ) ) ;
#2350 = CC_DESIGN_PERSON_AND_ORGANIZATION_ASSIGNMENT ( #2941, #3895, ( #2303 ) ) ;
#2351 = CARTESIAN_POINT ( 'NONE',  ( -13.00625706428795780, 17.37905442740000694, 18.60352017642106048 ) ) ;
#2352 = ORIENTED_EDGE ( 'NONE', *, *, #1169, .T. ) ;
#2353 = DIRECTION ( 'NONE',  ( 0.000000000000000000, 0.000000000000000000, 1.000000000000000000 ) ) ;
#2354 = FACE_OUTER_BOUND ( 'NONE', #4108, .T. ) ;
#2355 = B_SPLINE_CURVE_WITH_KNOTS ( 'NONE', 3,
 ( #821, #3310, #1025, #3288, #3622, #1786, #1810, #145, #3113, #2319, #1448, #459, #3934, #2104, #208, #3597, #2976, #3409, #2125, #381, #524, #1682, #66, #2746, #2769, #1368, #3390, #1047, #800, #4021 ),
 .UNSPECIFIED., .F., .F.,
 ( 4, 2, 2, 2, 2, 2, 2, 2, 2, 2, 2, 2, 2, 2, 4 ),
 ( 2.778548539308383259E-07, 0.002047164752356157164, 0.003070608201107270004, 0.004094051649858382845, 0.006140938547360605057, 0.007164381996111714862, 0.008187825444862824667, 0.008699547169238380437, 0.009211268893613934472, 0.01023471234236504428, 0.01125815579111615235, 0.01228159923986726215, 0.01330504268861837022, 0.01432848613736948176, 0.01637537303487169443 ),
 .UNSPECIFIED. ) ;
#2356 = DIRECTION ( 'NONE',  ( 0.000000000000000000, 0.000000000000000000, 1.000000000000000000 ) ) ;
#2357 = CARTESIAN_POINT ( 'NONE',  ( -12.56964163845368176, 13.57135043978076183, 18.35016365046926623 ) ) ;
#2358 = EDGE_LOOP ( 'NONE', ( #1465, #989, #455, #3989, #3856 ) ) ;
#2359 = EDGE_LOOP ( 'NONE', ( #936, #3273, #363, #2583, #1028, #2535 ) ) ;
#2360 = CARTESIAN_POINT ( 'NONE',  ( 12.41780457997695031, 20.87784238443438767, 18.26486887449734908 ) ) ;
#2361 = CARTESIAN_POINT ( 'NONE',  ( -4.513735827002954615, 29.20442066634793932, 10.44231049392867661 ) ) ;
#2362 = EDGE_CURVE ( 'NONE', #2980, #3326, #1211, .T. ) ;
#2363 = ADVANCED_FACE ( 'NONE', ( #3277, #3590, #686 ), #647, .T. ) ;
#2364 = AXIS2_PLACEMENT_3D ( 'NONE', #2660, #1677, #399 ) ;
#2365 = CARTESIAN_POINT ( 'NONE',  ( -4.930380657631323784E-29, 7.000000000000008882, 9.961524227066318460 ) ) ;
#2366 = CARTESIAN_POINT ( 'NONE',  ( -17.22846188648797394, 15.53150116821977100, 15.86192638381423947 ) ) ;
#2367 = CARTESIAN_POINT ( 'NONE',  ( 3.149091769236089420E-16, 27.99999999999999645, -1.000000000000013101 ) ) ;
#2368 = AXIS2_PLACEMENT_3D ( 'NONE', #3142, #2118, #748 ) ;
#2369 = CARTESIAN_POINT ( 'NONE',  ( 6.070340933504593472, 28.51028166653378193, 12.12189299470726667 ) ) ;
#2370 = ADVANCED_FACE ( 'NONE', ( #1952 ), #1487, .F. ) ;
#2371 = CARTESIAN_POINT ( 'NONE',  ( -9.159623238759825981, 28.29718310132360770, -11.17410967950900513 ) ) ;
#2372 = ORIENTED_EDGE ( 'NONE', *, *, #3421, .T. ) ;
#2373 = CARTESIAN_POINT ( 'NONE',  ( 12.64679792365260447, 20.07419205158372222, 13.76378492715530122 ) ) ;
#2374 = DIRECTION ( 'NONE',  ( 0.000000000000000000, 0.000000000000000000, 1.000000000000000000 ) ) ;
#2375 = CARTESIAN_POINT ( 'NONE',  ( -9.911236738513085953, 8.541812835158475892, 13.11925516355535315 ) ) ;
#2376 = EDGE_LOOP ( 'NONE', ( #2328, #1874, #512, #1084 ) ) ;
#2377 = CARTESIAN_POINT ( 'NONE',  ( -8.992525281243819890, 21.38618838074059525, -10.93521225248786877 ) ) ;
#2378 = CARTESIAN_POINT ( 'NONE',  ( -17.29430654473303974, 17.45389405716125708, -15.89343626438579804 ) ) ;
#2379 = AXIS2_PLACEMENT_3D ( 'NONE', #691, #333, #353 ) ;
#2380 = DIRECTION ( 'NONE',  ( -2.676430505792786015E-14, 0.000000000000000000, -1.000000000000000000 ) ) ;
#2381 = CARTESIAN_POINT ( 'NONE',  ( -2.880116573771886124, 29.84144245426847775, 7.463551761318604427 ) ) ;
#2382 = ORIENTED_EDGE ( 'NONE', *, *, #2924, .F. ) ;
#2383 = ORIENTED_EDGE ( 'NONE', *, *, #1571, .T. ) ;
#2384 = CARTESIAN_POINT ( 'NONE',  ( 17.14196625247976158, 14.75352652651715957, -15.82047687908999833 ) ) ;
#2385 = CARTESIAN_POINT ( 'NONE',  ( -5.017671036957749742, 8.325323149763068642, 10.25872779761765941 ) ) ;
#2386 = LINE ( 'NONE', #2641, #2623 ) ;
#2387 = EDGE_CURVE ( 'NONE', #2069, #1, #1749, .T. ) ;
#2388 = CARTESIAN_POINT ( 'NONE',  ( 10.43172296463312598, 24.76480162518489792, 16.87178720096737550 ) ) ;
#2389 = CARTESIAN_POINT ( 'NONE',  ( -13.54510693036892555, 25.92147791488869757, -13.99211242432333790 ) ) ;
#2390 = ORIENTED_EDGE ( 'NONE', *, *, #1791, .F. ) ;
#2391 = CARTESIAN_POINT ( 'NONE',  ( 13.00105103290496267, 16.84483449025584889, 13.83410692109064932 ) ) ;
#2392 = CARTESIAN_POINT ( 'NONE',  ( -30.99999999999981171, 30.00000000000000000, -17.97220075561144270 ) ) ;
#2393 = EDGE_CURVE ( 'NONE', #2504, #3326, #3278, .T. ) ;
#2394 = CARTESIAN_POINT ( 'NONE',  ( -13.14042313019241170, 6.589962416680547719, 14.18073938969961212 ) ) ;
#2395 = ORIENTED_EDGE ( 'NONE', *, *, #3562, .F. ) ;
#2396 = DIRECTION ( 'NONE',  ( 0.000000000000000000, 1.000000000000000000, -0.000000000000000000 ) ) ;
#2397 = CARTESIAN_POINT ( 'NONE',  ( 28.99999999999999645, 26.00785047182295529, 17.44073933046756864 ) ) ;
#2398 = VECTOR ( 'NONE', #3647, 1000.000000000000000 ) ;
#2399 = CARTESIAN_POINT ( 'NONE',  ( 43.96424004376920891, 28.00000000000308731, 1.000000000000000888 ) ) ;
#2400 = DIRECTION ( 'NONE',  ( 0.000000000000000000, 0.000000000000000000, 1.000000000000000000 ) ) ;
#2401 = VERTEX_POINT ( 'NONE', #3658 ) ;
#2402 = TOROIDAL_SURFACE ( 'NONE', #22, 14.00000000000000000, 6.000000000000000000 ) ;
#2403 = ORIENTED_EDGE ( 'NONE', *, *, #3178, .F. ) ;
#2404 = CARTESIAN_POINT ( 'NONE',  ( 13.00424098885348734, 17.31020712072923118, -13.83472360248232924 ) ) ;
#2405 = CARTESIAN_POINT ( 'NONE',  ( 15.15922697089228066, 9.264639329391183509, 14.94364440224573087 ) ) ;
#2406 = CARTESIAN_POINT ( 'NONE',  ( 3.978825323157074934, 29.38919112220668595, -9.878733881746278200 ) ) ;
#2407 = DIRECTION ( 'NONE',  ( -0.000000000000000000, -1.000000000000000000, 0.000000000000000000 ) ) ;
#2408 = VECTOR ( 'NONE', #2220, 1000.000000000000000 ) ;
#2409 = CIRCLE ( 'NONE', #2751, 18.00000000000000355 ) ;
#2410 = CARTESIAN_POINT ( 'NONE',  ( 5.090519203853272501, 28.99404554688364755, 9.702592336525205141 ) ) ;
#2411 = CARTESIAN_POINT ( 'NONE',  ( -4.513735827004174972, 29.20442066634743128, -10.44231049393022559 ) ) ;
#2412 = ORIENTED_EDGE ( 'NONE', *, *, #2648, .F. ) ;
#2413 = CARTESIAN_POINT ( 'NONE',  ( 12.98688747973946711, 17.64584656976667176, 18.59212379494185186 ) ) ;
#2414 = CARTESIAN_POINT ( 'NONE',  ( -28.99999999999981171, 24.26210319296687601, -17.97220075561145336 ) ) ;
#2415 = EDGE_CURVE ( 'NONE', #2292, #1051, #1107, .T. ) ;
#2416 = CARTESIAN_POINT ( 'NONE',  ( -7.281625092484437012, 6.175845976656498593, 16.04335842174879190 ) ) ;
#2417 = ORIENTED_EDGE ( 'NONE', *, *, #3716, .F. ) ;
#2418 = FACE_OUTER_BOUND ( 'NONE', #218, .T. ) ;
#2419 = DIRECTION ( 'NONE',  ( 1.000000000000000000, 0.000000000000000000, 0.000000000000000000 ) ) ;
#2420 = VECTOR ( 'NONE', #1892, 1000.000000000000000 ) ;
#2421 = CARTESIAN_POINT ( 'NONE',  ( 47.44073933046757219, 26.00785047182295529, 1.000000000000001998 ) ) ;
#2422 = CARTESIAN_POINT ( 'NONE',  ( 46.61103419390757097, 27.01561717598879753, -0.9999999999999983347 ) ) ;
#2423 = ORIENTED_EDGE ( 'NONE', *, *, #270, .F. ) ;
#2424 = DIRECTION ( 'NONE',  ( 1.000000000000000000, 0.000000000000000000, 3.149091769236048498E-16 ) ) ;
#2425 = CARTESIAN_POINT ( 'NONE',  ( 14.82121020533836209, 8.744241043485638798, -14.80813331573541447 ) ) ;
#2426 = CARTESIAN_POINT ( 'NONE',  ( -11.68983933807475672, 22.68750000000000000, 17.87340312894770022 ) ) ;
#2427 = CARTESIAN_POINT ( 'NONE',  ( 10.15496461980496257, 25.12317990456208605, -16.59640837665219237 ) ) ;
#2428 = CARTESIAN_POINT ( 'NONE',  ( -40.99999999999999289, 0.000000000000000000, 1.000000000000000000 ) ) ;
#2429 = CARTESIAN_POINT ( 'NONE',  ( -11.51780159356097322, 23.04109887357378739, -17.78403503832644006 ) ) ;
#2430 = AXIS2_PLACEMENT_3D ( 'NONE', #4101, #3468, #565 ) ;
#2431 = APPROVAL ( #2899, 'UNSPECIFIED' ) ;
#2432 = FACE_OUTER_BOUND ( 'NONE', #774, .T. ) ;
#2433 = CARTESIAN_POINT ( 'NONE',  ( -9.348134706311885367, 3.522006831338516886, -13.06461809762443771 ) ) ;
#2434 = AXIS2_PLACEMENT_3D ( 'NONE', #330, #1647, #2310 ) ;
#2435 = ORIENTED_EDGE ( 'NONE', *, *, #478, .T. ) ;
#2436 = CARTESIAN_POINT ( 'NONE',  ( -8.951252833484922178, 26.44813825096283111, 15.32020473191368204 ) ) ;
#2437 = DIRECTION ( 'NONE',  ( 0.000000000000000000, 0.000000000000000000, -1.000000000000000000 ) ) ;
#2438 = EDGE_CURVE ( 'NONE', #3626, #2142, #4019, .T. ) ;
#2439 = CARTESIAN_POINT ( 'NONE',  ( -0.6162616332120349760, 4.010917653686941087, 11.96494862661861802 ) ) ;
#2440 = ORIENTED_EDGE ( 'NONE', *, *, #3982, .T. ) ;
#2441 = CARTESIAN_POINT ( 'NONE',  ( -30.99999999999988987, 27.79700667960301885, -15.25255924330445190 ) ) ;
#2442 = CARTESIAN_POINT ( 'NONE',  ( -11.93065336446193569, 22.19254135756992952, -17.99849829268757162 ) ) ;
#2443 = CARTESIAN_POINT ( 'NONE',  ( 30.00000000000000000, 27.99999999999999645, 0.000000000000000000 ) ) ;
#2444 = ADVANCED_FACE ( 'NONE', ( #501 ), #1540, .F. ) ;
#2445 = CARTESIAN_POINT ( 'NONE',  ( -30.00000000000000000, 30.00000000000000000, -8.999999999999996447 ) ) ;
#2446 = ORIENTED_EDGE ( 'NONE', *, *, #2648, .T. ) ;
#2447 = DIRECTION ( 'NONE',  ( 0.000000000000000000, 1.000000000000000000, 0.000000000000000000 ) ) ;
#2448 = CARTESIAN_POINT ( 'NONE',  ( 12.01286398128104693, 11.96224032944903115, -13.61870684492234318 ) ) ;
#2449 = CARTESIAN_POINT ( 'NONE',  ( -12.85176480801278132, 18.97319124850188743, 18.51293377670420526 ) ) ;
#2450 = EDGE_CURVE ( 'NONE', #3405, #1861, #869, .T. ) ;
#2451 = CARTESIAN_POINT ( 'NONE',  ( 11.06175152735715095, 4.682001624060357692, 13.51754416738647180 ) ) ;
#2452 = CARTESIAN_POINT ( 'NONE',  ( 0.000000000000000000, 24.00000000000000000, -51.96152422706631313 ) ) ;
#2453 = CARTESIAN_POINT ( 'NONE',  ( -9.728799875776525496, 25.62900997571449224, -16.15577138823083914 ) ) ;
#2454 = DIRECTION ( 'NONE',  ( 0.000000000000000000, 0.000000000000000000, -1.000000000000000000 ) ) ;
#2455 = CARTESIAN_POINT ( 'NONE',  ( -16.22541802868367000, 11.44440255426096442, -15.39988039720399193 ) ) ;
#2456 = ORIENTED_EDGE ( 'NONE', *, *, #1683, .F. ) ;
#2457 = CARTESIAN_POINT ( 'NONE',  ( -9.832128549734504119, 28.02419593508213325, 11.60249446380601235 ) ) ;
#2458 = DIRECTION ( 'NONE',  ( -0.000000000000000000, -1.000000000000000000, 0.000000000000000000 ) ) ;
#2459 = CARTESIAN_POINT ( 'NONE',  ( -28.99999999999986855, 27.59589510970615223, -15.73993583459088619 ) ) ;
#2460 = CARTESIAN_POINT ( 'NONE',  ( -5.840086569482685341, 5.358290017659472326, 12.36479164620941162 ) ) ;
#2461 = ORIENTED_EDGE ( 'NONE', *, *, #403, .T. ) ;
#2462 = CARTESIAN_POINT ( 'NONE',  ( -30.99999999999981171, 24.00000000000000000, -17.97220075561144270 ) ) ;
#2463 = LINE ( 'NONE', #1189, #1697 ) ;
#2464 = CARTESIAN_POINT ( 'NONE',  ( 13.00000000000000178, 16.99999999997615063, 18.59986959184176314 ) ) ;
#2465 = VERTEX_POINT ( 'NONE', #776 ) ;
#2466 = CARTESIAN_POINT ( 'NONE',  ( 40.99999999999999289, 0.000000000000000000, -1.000000000000000000 ) ) ;
#2467 = CARTESIAN_POINT ( 'NONE',  ( -4.483885918649350266, 29.23069502288872101, -9.236668968000060431 ) ) ;
#2468 = CARTESIAN_POINT ( 'NONE',  ( 12.67772721374615408, 20.07695091881758742, -13.77127513391139502 ) ) ;
#2469 = DIRECTION ( 'NONE',  ( 0.000000000000000000, 0.000000000000000000, 1.000000000000000000 ) ) ;
#2470 = AXIS2_PLACEMENT_3D ( 'NONE', #3917, #2031, #1392 ) ;
#2471 = EDGE_CURVE ( 'NONE', #3964, #2805, #189, .T. ) ;
#2472 = CARTESIAN_POINT ( 'NONE',  ( 11.51780350309941348, 23.04109494879179465, -17.78403603027042124 ) ) ;
#2473 = CARTESIAN_POINT ( 'NONE',  ( -1.315030726327207189, 7.065312564742066037, -9.977211000001037888 ) ) ;
#2474 = DIRECTION ( 'NONE',  ( -0.8660254037844388186, 0.000000000000000000, 0.5000000000000001110 ) ) ;
#2475 = VECTOR ( 'NONE', #425, 1000.000000000000000 ) ;
#2476 = CARTESIAN_POINT ( 'NONE',  ( -17.21915497266685691, 18.67410789845192554, -15.85746178377323723 ) ) ;
#2477 = ORIENTED_EDGE ( 'NONE', *, *, #3514, .F. ) ;
#2478 = CARTESIAN_POINT ( 'NONE',  ( -6.070340933505181447, 28.51028166653344087, 12.12189299470647796 ) ) ;
#2479 = FACE_OUTER_BOUND ( 'NONE', #3325, .T. ) ;
#2480 = AXIS2_PLACEMENT_3D ( 'NONE', #2179, #1248, #1577 ) ;
#2481 = CARTESIAN_POINT ( 'NONE',  ( 2.190066099956891499, 4.182807851414636957, 15.05830770613693659 ) ) ;
#2482 = ORIENTED_EDGE ( 'NONE', *, *, #1252, .T. ) ;
#2483 = DIRECTION ( 'NONE',  ( -0.000000000000000000, -1.000000000000000000, -0.000000000000000000 ) ) ;
#2484 = ADVANCED_BREP_SHAPE_REPRESENTATION ( 'CSWP_18_25', ( #1114, #2171 ), #332 ) ;
#2485 = CARTESIAN_POINT ( 'NONE',  ( 47.97220075561143915, 24.26093931960957661, -0.9999999999999981126 ) ) ;
#2486 = ORIENTED_EDGE ( 'NONE', *, *, #1252, .F. ) ;
#2487 = AXIS2_PLACEMENT_3D ( 'NONE', #549, #1201, #1454 ) ;
#2488 = FACE_OUTER_BOUND ( 'NONE', #1592, .T. ) ;
#2489 = CARTESIAN_POINT ( 'NONE',  ( -3.006700174481162779, 4.349443142527922745, -15.14554656705278823 ) ) ;
#2490 = CARTESIAN_POINT ( 'NONE',  ( -30.00000000000000000, 30.00200000000000244, 0.000000000000000000 ) ) ;
#2491 = AXIS2_PLACEMENT_3D ( 'NONE', #161, #1464, #4037 ) ;
#2492 = DIRECTION ( 'NONE',  ( 0.000000000000000000, 1.000000000000000000, -0.000000000000000000 ) ) ;
#2493 = CARTESIAN_POINT ( 'NONE',  ( 10.36486710030609082, 24.85426034454271615, -16.80661367308369947 ) ) ;
#2494 = FACE_OUTER_BOUND ( 'NONE', #1488, .T. ) ;
#2495 = CARTESIAN_POINT ( 'NONE',  ( -4.460773161867969350, 29.26181719102022782, -10.37330569112319267 ) ) ;
#2496 = EDGE_CURVE ( 'NONE', #2688, #1476, #857, .T. ) ;
#2497 = ADVANCED_FACE ( 'NONE', ( #2591 ), #98, .T. ) ;
#2498 = CARTESIAN_POINT ( 'NONE',  ( 2.642912865987635307, 29.79420857744627682, 7.844069759142211495 ) ) ;
#2499 = ORIENTED_EDGE ( 'NONE', *, *, #1480, .F. ) ;
#2500 = DIRECTION ( 'NONE',  ( 0.000000000000000000, 1.000000000000000000, -0.000000000000000000 ) ) ;
#2501 = CARTESIAN_POINT ( 'NONE',  ( 14.36672144962890307, 25.25360095986043873, -14.49241445514901194 ) ) ;
#2502 = CIRCLE ( 'NONE', #2089, 14.00000000000000000 ) ;
#2503 = ADVANCED_FACE ( 'NONE', ( #1317, #665 ), #3859, .T. ) ;
#2504 = VERTEX_POINT ( 'NONE', #2333 ) ;
#2505 = CARTESIAN_POINT ( 'NONE',  ( -13.66453359893320396, 25.83200434326397144, -14.06710896077914796 ) ) ;
#2506 = DIRECTION ( 'NONE',  ( 0.000000000000000000, 0.000000000000000000, 1.000000000000000000 ) ) ;
#2507 = CARTESIAN_POINT ( 'NONE',  ( -47.97220075561142494, 24.00000000000000000, 1.000000000000002220 ) ) ;
#2508 = ORIENTED_EDGE ( 'NONE', *, *, #3421, .F. ) ;
#2509 = DIRECTION ( 'NONE',  ( -0.000000000000000000, -1.000000000000000000, 0.000000000000000000 ) ) ;
#2510 = CARTESIAN_POINT ( 'NONE',  ( 6.372680393019265921, 5.639798635590926423, -12.44281906122447090 ) ) ;
#2511 = CARTESIAN_POINT ( 'NONE',  ( 1.315548979733642154, 7.065425243716126680, 9.977237259952914883 ) ) ;
#2512 = CARTESIAN_POINT ( 'NONE',  ( -9.999999999999991118, 16.34461713462851407, -11.16936811832403542 ) ) ;
#2513 = CARTESIAN_POINT ( 'NONE',  ( 0.5805917913198724856, 29.98783608394318279, 6.502627936095296768 ) ) ;
#2514 = LOCAL_TIME ( 21, 20, 33.00000000000000000, #679 ) ;
#2515 = CARTESIAN_POINT ( 'NONE',  ( -3.834863920316634367, 1.394721590505478837, -12.14427116253518513 ) ) ;
#2516 = ORIENTED_EDGE ( 'NONE', *, *, #3, .T. ) ;
#2517 = CARTESIAN_POINT ( 'NONE',  ( 8.951252833482266524, 26.44813825096559512, -15.32020473191992238 ) ) ;
#2518 = ADVANCED_FACE ( 'NONE', ( #1951 ), #3255, .T. ) ;
#2519 = CARTESIAN_POINT ( 'NONE',  ( 19.99999999999999645, 24.00000000000000000, 17.32050807568877460 ) ) ;
#2520 = ORIENTED_EDGE ( 'NONE', *, *, #1770, .F. ) ;
#2521 = LINE ( 'NONE', #1600, #495 ) ;
#2522 = CARTESIAN_POINT ( 'NONE',  ( 30.00000000000000000, 30.00000000000000000, -20.00000000000000000 ) ) ;
#2523 = EDGE_CURVE ( 'NONE', #1263, #498, #2532, .T. ) ;
#2524 = CARTESIAN_POINT ( 'NONE',  ( -30.00000000000000000, 24.00000000000000000, 0.000000000000000000 ) ) ;
#2525 = ORIENTED_EDGE ( 'NONE', *, *, #2471, .F. ) ;
#2526 = CARTESIAN_POINT ( 'NONE',  ( -30.00000000000000000, 24.00000000000000000, -14.00000000000000000 ) ) ;
#2527 = CARTESIAN_POINT ( 'NONE',  ( 4.747528962420745735, 4.875855788420803805, -12.22712152324022661 ) ) ;
#2528 = CARTESIAN_POINT ( 'NONE',  ( 5.016538207599971599, 8.324805680448882583, 10.25861024350670192 ) ) ;
#2529 = DIRECTION ( 'NONE',  ( -0.000000000000000000, -1.000000000000000000, -0.000000000000000000 ) ) ;
#2530 = CARTESIAN_POINT ( 'NONE',  ( -14.51179246278231005, 25.12459749874198778, 14.57792947118247362 ) ) ;
#2531 = ORIENTED_EDGE ( 'NONE', *, *, #847, .F. ) ;
#2532 = B_SPLINE_CURVE_WITH_KNOTS ( 'NONE', 3,
 ( #3300, #329, #1646, #1014, #393, #412, #3276, #2987, #1626, #2634, #1694, #2948, #1670, #2676, #37, #2655, #685, #3901 ),
 .UNSPECIFIED., .F., .F.,
 ( 4, 2, 2, 2, 2, 2, 2, 2, 4 ),
 ( 0.02001229541629796771, 0.02079418803225030130, 0.02157608064820263488, 0.02235797326415497541, 0.02313986588010731593, 0.02392175849605965299, 0.02470365111201199351, 0.02548554372796433057, 0.02626743634391667109 ),
 .UNSPECIFIED. ) ;
#2533 = CIRCLE ( 'NONE', #2129, 13.99999999999999822 ) ;
#2534 = CARTESIAN_POINT ( 'NONE',  ( 1.775154014506518330, 1.081113889748390511, -11.99938561174448459 ) ) ;
#2535 = ORIENTED_EDGE ( 'NONE', *, *, #2849, .T. ) ;
#2536 = CARTESIAN_POINT ( 'NONE',  ( 12.85176480801461096, 18.97319124849007466, -18.51293377670526752 ) ) ;
#2537 = CARTESIAN_POINT ( 'NONE',  ( 43.96424004376920891, 28.00000000000308731, 1.000000000000000888 ) ) ;
#2538 = CARTESIAN_POINT ( 'NONE',  ( -11.65814497042241094, 11.18477969883966594, -17.85408527865758899 ) ) ;
#2539 = ORIENTED_EDGE ( 'NONE', *, *, #2833, .T. ) ;
#2540 = ADVANCED_FACE ( 'NONE', ( #3925 ), #2309, .F. ) ;
#2541 = CARTESIAN_POINT ( 'NONE',  ( 6.792735317506681803, 5.912476624749818832, 15.91724575389592111 ) ) ;
#2542 = CARTESIAN_POINT ( 'NONE',  ( -1.449858192353658204, 29.96701589153478551, -6.699380722794288978 ) ) ;
#2543 = PLANE ( 'NONE',  #3911 ) ;
#2544 = AXIS2_PLACEMENT_3D ( 'NONE', #1782, #3070, #2144 ) ;
#2545 = FACE_OUTER_BOUND ( 'NONE', #1117, .T. ) ;
#2546 = EDGE_LOOP ( 'NONE', ( #703, #3566, #40, #306 ) ) ;
#2547 = CARTESIAN_POINT ( 'NONE',  ( 31.00000000000000000, 0.000000000000000000, -11.00000000000002132 ) ) ;
#2548 = CARTESIAN_POINT ( 'NONE',  ( 8.149759829848338910, 6.813587235370965445, -16.33253734492103604 ) ) ;
#2549 = CARTESIAN_POINT ( 'NONE',  ( 9.999999999999991118, 17.00000000000000000, 11.16936811832403720 ) ) ;
#2550 = LINE ( 'NONE', #3153, #1950 ) ;
#2551 = CARTESIAN_POINT ( 'NONE',  ( 30.99999999999985079, 27.01520666300588402, -16.61133186086159697 ) ) ;
#2552 = CARTESIAN_POINT ( 'NONE',  ( 4.460773161867969350, 29.26181719102022427, 10.37330569112319445 ) ) ;
#2553 = AXIS2_PLACEMENT_3D ( 'NONE', #2170, #2474, #1137 ) ;
#2554 = VERTEX_POINT ( 'NONE', #370 ) ;
#2555 = CIRCLE ( 'NONE', #2491, 4.000000000000000000 ) ;
#2556 = CARTESIAN_POINT ( 'NONE',  ( 4.878421791123614959, 1.635861732953282077, -12.25424746518585195 ) ) ;
#2557 = ORIENTED_EDGE ( 'NONE', *, *, #3004, .T. ) ;
#2558 = CARTESIAN_POINT ( 'NONE',  ( 1.807323292493441036, 29.93562858005226701, -6.890371366677062070 ) ) ;
#2559 = CYLINDRICAL_SURFACE ( 'NONE', #3863, 18.00000000000000355 ) ;
#2560 = PLANE ( 'NONE',  #2143 ) ;
#2561 = VERTEX_POINT ( 'NONE', #1038 ) ;
#2562 = CARTESIAN_POINT ( 'NONE',  ( 7.251909418686357078, 6.207213637174601395, 16.05301261062244578 ) ) ;
#2563 = CARTESIAN_POINT ( 'NONE',  ( -15.04816256572309285, 24.59594911154361796, -14.87323061366598687 ) ) ;
#2564 = CIRCLE ( 'NONE', #53, 20.00000000000000000 ) ;
#2565 = ADVANCED_FACE ( 'NONE', ( #3611 ), #3948, .F. ) ;
#2566 = DIRECTION ( 'NONE',  ( -0.8992184106211347228, -0.4375000000000001665, 0.000000000000000000 ) ) ;
#2567 = VECTOR ( 'NONE', #2380, 1000.000000000000000 ) ;
#2568 = EDGE_LOOP ( 'NONE', ( #1727, #3813 ) ) ;
#2569 = DIRECTION ( 'NONE',  ( 1.000000000000000000, 0.000000000000000000, 1.224646799147353207E-16 ) ) ;
#2570 = CARTESIAN_POINT ( 'NONE',  ( 0.6162616332118943108, 4.010917653687681828, -11.96494862661623237 ) ) ;
#2571 = CARTESIAN_POINT ( 'NONE',  ( 7.945545881156650836, 10.89275396253866290, 10.71826048013263133 ) ) ;
#2572 = EDGE_CURVE ( 'NONE', #1794, #2724, #3832, .T. ) ;
#2573 = FACE_OUTER_BOUND ( 'NONE', #3448, .T. ) ;
#2574 = CARTESIAN_POINT ( 'NONE',  ( -1.155166156757548412, 29.95176891707706801, -7.048195697481758337 ) ) ;
#2575 = ORIENTED_EDGE ( 'NONE', *, *, #3076, .F. ) ;
#2576 = CARTESIAN_POINT ( 'NONE',  ( -30.00000000000000000, 30.00000000000000000, 0.000000000000000000 ) ) ;
#2577 = EDGE_CURVE ( 'NONE', #688, #3166, #4168, .T. ) ;
#2578 = CARTESIAN_POINT ( 'NONE',  ( 12.61232118662227641, 6.045304974313562063, -14.00103155927484444 ) ) ;
#2579 = EDGE_LOOP ( 'NONE', ( #1927, #79 ) ) ;
#2580 = DIRECTION ( 'NONE',  ( 0.000000000000000000, 0.000000000000000000, 1.000000000000000000 ) ) ;
#2581 = FACE_BOUND ( 'NONE', #4132, .T. ) ;
#2582 = AXIS2_PLACEMENT_3D ( 'NONE', #650, #376, #2 ) ;
#2583 = ORIENTED_EDGE ( 'NONE', *, *, #3225, .T. ) ;
#2584 = CARTESIAN_POINT ( 'NONE',  ( 3.298344740157879595, 4.418214009657069674, 12.09046647303138577 ) ) ;
#2585 = DIRECTION ( 'NONE',  ( -3.149091769236048498E-16, -0.000000000000000000, 1.000000000000000000 ) ) ;
#2586 = DATE_AND_TIME ( #323, #2649 ) ;
#2587 = CARTESIAN_POINT ( 'NONE',  ( -47.43986267119487366, 26.00946370992087253, 1.000000000000001998 ) ) ;
#2588 = ORIENTED_EDGE ( 'NONE', *, *, #1067, .F. ) ;
#2589 = CARTESIAN_POINT ( 'NONE',  ( -9.935682591790854445, 18.30383765836913312, -11.15345140795672307 ) ) ;
#2590 = CARTESIAN_POINT ( 'NONE',  ( -12.54374644483129941, 13.54225285882639263, -18.33555789097326993 ) ) ;
#2591 = FACE_OUTER_BOUND ( 'NONE', #3025, .T. ) ;
#2592 = PLANE ( 'NONE',  #2430 ) ;
#2593 = CARTESIAN_POINT ( 'NONE',  ( -23.00000000000001776, 28.00000000000000000, -12.12435565298215145 ) ) ;
#2594 = CARTESIAN_POINT ( 'NONE',  ( 47.97220075561142494, 30.00000000000000000, -0.9999999999999978906 ) ) ;
#2595 = CARTESIAN_POINT ( 'NONE',  ( 2.841004323697589040, 29.69808485322262825, 8.708361150156701314 ) ) ;
#2596 = ORIENTED_EDGE ( 'NONE', *, *, #1250, .F. ) ;
#2597 = CARTESIAN_POINT ( 'NONE',  ( -6.973220854311309225, 27.98633944053528921, 13.11800862670139800 ) ) ;
#2598 = EDGE_CURVE ( 'NONE', #282, #1263, #2837, .T. ) ;
#2599 = CARTESIAN_POINT ( 'NONE',  ( 11.85107666175111696, 5.340769870479656234, -13.75644235111810509 ) ) ;
#2600 = FACE_OUTER_BOUND ( 'NONE', #594, .T. ) ;
#2601 = CIRCLE ( 'NONE', #1041, 8.999999999999996447 ) ;
#2602 = CARTESIAN_POINT ( 'NONE',  ( 6.554900291794434786, 5.765573142844143462, -15.84873584439725569 ) ) ;
#2603 = CIRCLE ( 'NONE', #771, 18.00000000000000355 ) ;
#2604 = VECTOR ( 'NONE', #234, 1000.000000000000000 ) ;
#2605 = ORIENTED_EDGE ( 'NONE', *, *, #848, .F. ) ;
#2606 = CARTESIAN_POINT ( 'NONE',  ( 11.19799043502460378, 10.32034465756064989, 13.42190641589432332 ) ) ;
#2607 = CARTESIAN_POINT ( 'NONE',  ( -30.00000000000000000, 24.00000000000000000, 0.000000000000000000 ) ) ;
#2608 = VECTOR ( 'NONE', #3587, 1000.000000000000000 ) ;
#2609 = DIRECTION ( 'NONE',  ( 0.000000000000000000, 1.000000000000000000, -0.000000000000000000 ) ) ;
#2610 = VERTEX_POINT ( 'NONE', #2519 ) ;
#2611 = CARTESIAN_POINT ( 'NONE',  ( 2.880235757759071369, 29.84142840669200680, 7.463616831229678894 ) ) ;
#2612 = CARTESIAN_POINT ( 'NONE',  ( -12.67806528989970083, 14.07302633194203167, -18.41244036202639123 ) ) ;
#2613 = FACE_OUTER_BOUND ( 'NONE', #676, .T. ) ;
#2614 = CIRCLE ( 'NONE', #1799, 4.000000000000000000 ) ;
#2615 = CARTESIAN_POINT ( 'NONE',  ( 3.295263949638854051, 26.44711099142261901, -9.253921890856569021 ) ) ;
#2616 = CARTESIAN_POINT ( 'NONE',  ( -13.00000000000000178, 17.00000000001773159, 18.59986959184175959 ) ) ;
#2617 = CARTESIAN_POINT ( 'NONE',  ( -0.8692570333713370845, 4.021741228630099307, 14.97311958787171804 ) ) ;
#2618 = CARTESIAN_POINT ( 'NONE',  ( -11.33771871466120729, 23.37094802587916575, 17.65920872603840053 ) ) ;
#2619 = CARTESIAN_POINT ( 'NONE',  ( -5.832364817044521033, 8.870407088070690449, 10.36755130058703678 ) ) ;
#2620 = EDGE_CURVE ( 'NONE', #1144, #3059, #2708, .T. ) ;
#2621 = DIRECTION ( 'NONE',  ( -0.000000000000000000, 1.000000000000000000, -0.000000000000000000 ) ) ;
#2622 = CARTESIAN_POINT ( 'NONE',  ( 16.79312713174545735, 13.10116443726821700, -15.65698936667045338 ) ) ;
#2623 = VECTOR ( 'NONE', #3016, 1000.000000000000000 ) ;
#2624 = CARTESIAN_POINT ( 'NONE',  ( 15.30726185632340375, 24.31279420708678529, -15.00534088286157264 ) ) ;
#2625 = CARTESIAN_POINT ( 'NONE',  ( 12.89271242422240249, 15.27814102137770824, -18.53681072080297554 ) ) ;
#2626 = VERTEX_POINT ( 'NONE', #3654 ) ;
#2627 = CARTESIAN_POINT ( 'NONE',  ( 9.146525835756518674, 7.711418838156795630, 12.95045742614904327 ) ) ;
#2628 = CARTESIAN_POINT ( 'NONE',  ( -40.95445115010331705, 0.000000000000000000, -1.000000000000000222 ) ) ;
#2629 = APPROVAL_ROLE ( '' ) ;
#2630 = FACE_OUTER_BOUND ( 'NONE', #3892, .T. ) ;
#2631 = ORIENTED_EDGE ( 'NONE', *, *, #3202, .F. ) ;
#2632 = CARTESIAN_POINT ( 'NONE',  ( -30.99999999999991829, 28.00000000000000000, -13.96424004376894423 ) ) ;
#2633 = CARTESIAN_POINT ( 'NONE',  ( -12.20743826472765647, 12.49666332844465799, -18.14858606254064100 ) ) ;
#2634 = CARTESIAN_POINT ( 'NONE',  ( 28.99999999999984013, 26.64539795739228367, -16.98228707489443323 ) ) ;
#2635 = FACE_OUTER_BOUND ( 'NONE', #3039, .T. ) ;
#2636 = CARTESIAN_POINT ( 'NONE',  ( 8.607907972569003974, 7.222339915572371538, 16.50249338216285366 ) ) ;
#2637 = ORIENTED_EDGE ( 'NONE', *, *, #3028, .F. ) ;
#2638 = CARTESIAN_POINT ( 'NONE',  ( 15.55404818371693132, 24.00000000000000000, -15.10950141828942783 ) ) ;
#2639 = CARTESIAN_POINT ( 'NONE',  ( -3.224522025676825887, 7.528416281146333766, 10.08429655736425801 ) ) ;
#2640 = CARTESIAN_POINT ( 'NONE',  ( -12.60918065335473415, 6.042209598117142200, 13.99998735851369602 ) ) ;
#2641 = CARTESIAN_POINT ( 'NONE',  ( -13.00000000000000178, 17.00000000000000000, 20.00200000000000244 ) ) ;
#2642 = FACE_OUTER_BOUND ( 'NONE', #3291, .T. ) ;
#2643 = CARTESIAN_POINT ( 'NONE',  ( 15.34059574340072274, 24.27054450929896490, 15.01941003961972321 ) ) ;
#2644 = CARTESIAN_POINT ( 'NONE',  ( -11.11281092978447305, 23.90272952955272956, -13.84946133002752688 ) ) ;
#2645 = ORIENTED_EDGE ( 'NONE', *, *, #3610, .F. ) ;
#2646 = CYLINDRICAL_SURFACE ( 'NONE', #990, 18.00000000000000355 ) ;
#2647 = CARTESIAN_POINT ( 'NONE',  ( -30.00000000000000000, 0.000000000000000000, 0.000000000000000000 ) ) ;
#2648 = EDGE_CURVE ( 'NONE', #3380, #3043, #588, .T. ) ;
#2649 = LOCAL_TIME ( 21, 20, 33.00000000000000000, #1663 ) ;
#2650 = CARTESIAN_POINT ( 'NONE',  ( -17.31133806867232394, 16.78789638386584926, 15.90157939079847260 ) ) ;
#2651 = ORIENTED_EDGE ( 'NONE', *, *, #3053, .F. ) ;
#2652 =( BOUNDED_SURFACE ( )  B_SPLINE_SURFACE ( 3, 2, ( 
 ( #609, #2252, #830 ),
 ( #3730, #3419, #809 ),
 ( #1567, #2866, #196 ),
 ( #4050, #4163, #3174 ),
 ( #3196, #3710, #1589 ),
 ( #1283, #531, #4140 ),
 ( #1261, #3848, #269 ),
 ( #630, #3396, #3079 ),
 ( #152, #1934, #853 ),
 ( #1456, #1140, #2436 ),
 ( #1497, #2111, #487 ),
 ( #2457, #175, #1477 ),
 ( #1161, #1818, #2796 ),
 ( #4070, #1183, #2478 ),
 ( #3751, #2155, #3439 ),
 ( #2659, #1066, #2361 ),
 ( #997, #3639, #733 ),
 ( #20, #1956, #1344 ),
 ( #3217, #2274, #3930 ),
 ( #3953, #3304, #314 ) ),
 .UNSPECIFIED., .F., .F., .F. ) 
 B_SPLINE_SURFACE_WITH_KNOTS ( ( 4, 2, 2, 2, 2, 2, 2, 2, 2, 4 ),
 ( 3, 3 ),
 ( 0.000000000000000000, 0.001350437688729309599, 0.002700875377458619199, 0.004051313066187929232, 0.005401750754917238398, 0.008102626132375858464, 0.01080350150983447680, 0.01350437688729309686, 0.01620525226475171693, 0.02160700301966895359 ),
 ( 0.000000000000000000, 1.000000000000000000 ),
 .UNSPECIFIED. ) 
 GEOMETRIC_REPRESENTATION_ITEM ( )  RATIONAL_B_SPLINE_SURFACE ( (
 ( 1.000000000000000000, 0.5702358449965411191, 1.000000000000000000),
 ( 1.000000000000000000, 0.5831040951869841393, 1.000000000000000000),
 ( 1.000000000000000000, 0.5972674134107581745, 1.000000000000000000),
 ( 1.000000000000000000, 0.6267005355685612011, 1.000000000000000000),
 ( 1.000000000000000000, 0.6419685592302188937, 1.000000000000000000),
 ( 1.000000000000000000, 0.6726746053799312897, 1.000000000000000000),
 ( 1.000000000000000000, 0.6881896289783439036, 1.000000000000000000),
 ( 1.000000000000000000, 0.7184850277552828901, 1.000000000000000000),
 ( 1.000000000000000000, 0.7332144698624759593, 1.000000000000000000),
 ( 1.000000000000000000, 0.7758360890203355176, 1.000000000000000000),
 ( 1.000000000000000000, 0.8021444324287702043, 1.000000000000000000),
 ( 1.000000000000000000, 0.8499896103468871367, 1.000000000000000000),
 ( 1.000000000000000000, 0.8716234742839444882, 1.000000000000000000),
 ( 1.000000000000000000, 0.9093196092347127779, 1.000000000000000000),
 ( 1.000000000000000000, 0.9255117847714768864, 1.000000000000000000),
 ( 1.000000000000000000, 0.9530103291934339804, 1.000000000000000000),
 ( 1.000000000000000000, 0.9643166757222642049, 1.000000000000000000),
 ( 1.000000000000000000, 0.9913139834766321323, 1.000000000000000000),
 ( 1.000000000000000000, 1.000056020334301410, 1.000000000000000000),
 ( 1.000000000000000000, 1.000000000000000000, 1.000000000000000000) ) ) 
 REPRESENTATION_ITEM ( '' )  SURFACE ( )  );
#2653 = CARTESIAN_POINT ( 'NONE',  ( -8.527370083236569087, 22.23321882187941867, -10.83590826215191250 ) ) ;
#2654 = CARTESIAN_POINT ( 'NONE',  ( -9.946837770521968380, 3.905888836097895389, -13.21683998792051540 ) ) ;
#2655 = CARTESIAN_POINT ( 'NONE',  ( 28.99999999999982592, 24.52273256872767249, -17.94644024511978841 ) ) ;
#2656 = CARTESIAN_POINT ( 'NONE',  ( -13.00000000000000178, 17.00000000001773159, 18.59986959184175959 ) ) ;
#2657 = ORIENTED_EDGE ( 'NONE', *, *, #1272, .T. ) ;
#2658 = ORIENTED_EDGE ( 'NONE', *, *, #3283, .T. ) ;
#2659 = CARTESIAN_POINT ( 'NONE',  ( -5.734508681848536682, 29.34721695696714505, 9.081472726872387824 ) ) ;
#2660 = CARTESIAN_POINT ( 'NONE',  ( 0.000000000000000000, 17.00000000000000000, -20.00000000000000000 ) ) ;
#2661 = CARTESIAN_POINT ( 'NONE',  ( -3.512723922765683238, 1.320006065821028862, 12.11020186212062555 ) ) ;
#2662 = CARTESIAN_POINT ( 'NONE',  ( 30.99999999999999645, 27.87206747910044058, 15.00355427395762042 ) ) ;
#2663 = CARTESIAN_POINT ( 'NONE',  ( -31.00000000000000000, 24.00000000000000000, 17.97220075561142849 ) ) ;
#2664 = CC_DESIGN_PERSON_AND_ORGANIZATION_ASSIGNMENT ( #1620, #366, ( #2239 ) ) ;
#2665 = CARTESIAN_POINT ( 'NONE',  ( 13.82799665193684113, 25.70445261548906757, 14.16813992455060678 ) ) ;
#2666 = VERTEX_POINT ( 'NONE', #3675 ) ;
#2667 = CARTESIAN_POINT ( 'NONE',  ( 12.85415907830234161, 19.01844009220049969, 18.51405225988694525 ) ) ;
#2668 = CARTESIAN_POINT ( 'NONE',  ( 30.00000000000000000, 30.00000000000000000, -8.999999999999994671 ) ) ;
#2669 = CIRCLE ( 'NONE', #352, 20.00000000000000000 ) ;
#2670 = ADVANCED_FACE ( 'NONE', ( #2058 ), #2968, .T. ) ;
#2671 = EDGE_CURVE ( 'NONE', #1282, #3729, #243, .T. ) ;
#2672 = CARTESIAN_POINT ( 'NONE',  ( -12.90286995066528775, 18.69005755643784994, 13.81621279572545014 ) ) ;
#2673 = ORIENTED_EDGE ( 'NONE', *, *, #1652, .F. ) ;
#2674 = CARTESIAN_POINT ( 'NONE',  ( -43.96424004376893890, 28.00000000000000000, 1.000000000000000888 ) ) ;
#2675 = CARTESIAN_POINT ( 'NONE',  ( -16.61261521785950634, 21.47006489971284893, -15.57427348644056586 ) ) ;
#2676 = CARTESIAN_POINT ( 'NONE',  ( 28.99999999999981526, 25.28935709104021257, -17.76749439233984518 ) ) ;
#2677 = CARTESIAN_POINT ( 'NONE',  ( -1.807323292493438815, 29.93562858005227412, 6.890371366677069176 ) ) ;
#2678 = ORIENTED_EDGE ( 'NONE', *, *, #171, .T. ) ;
#2679 = ORIENTED_EDGE ( 'NONE', *, *, #3311, .F. ) ;
#2680 = CIRCLE ( 'NONE', #696, 10.99999999999999645 ) ;
#2681 = CARTESIAN_POINT ( 'NONE',  ( -11.51780350309941170, 23.04109494879179465, 17.78403603027041768 ) ) ;
#2682 = EDGE_CURVE ( 'NONE', #3606, #282, #3098, .T. ) ;
#2683 = FACE_OUTER_BOUND ( 'NONE', #3084, .T. ) ;
#2684 = CARTESIAN_POINT ( 'NONE',  ( 31.00000000000000000, 24.00000000000000000, 17.97220075561142849 ) ) ;
#2685 = CARTESIAN_POINT ( 'NONE',  ( 14.36672144962876807, 25.25360095986081888, 14.49241445514885385 ) ) ;
#2686 = AXIS2_PLACEMENT_3D ( 'NONE', #1915, #1303, #5 ) ;
#2687 = CARTESIAN_POINT ( 'NONE',  ( -6.839512303668923821, 28.10722314519858500, -11.05089274221535511 ) ) ;
#2688 = VERTEX_POINT ( 'NONE', #3792 ) ;
#2689 = CARTESIAN_POINT ( 'NONE',  ( 12.03317727667555559, 21.98181818181817349, 13.62345556346797437 ) ) ;
#2690 = LINE ( 'NONE', #3962, #2475 ) ;
#2691 = AXIS2_PLACEMENT_3D ( 'NONE', #2524, #1559, #1539 ) ;
#2692 = CARTESIAN_POINT ( 'NONE',  ( -16.87157852610975795, 13.40615893178035378, 15.69346460917207864 ) ) ;
#2693 = ORIENTED_EDGE ( 'NONE', *, *, #3008, .T. ) ;
#2694 = FACE_OUTER_BOUND ( 'NONE', #4154, .T. ) ;
#2695 = CARTESIAN_POINT ( 'NONE',  ( 31.00000000000000000, 27.99999999999999645, 0.000000000000000000 ) ) ;
#2696 = CARTESIAN_POINT ( 'NONE',  ( 47.97220075561142494, 24.00000000000000000, 1.000000000000002220 ) ) ;
#2697 = CARTESIAN_POINT ( 'NONE',  ( -4.241054109174288378, 4.681594089766934808, 15.31836561391479634 ) ) ;
#2698 = ORIENTED_EDGE ( 'NONE', *, *, #4053, .F. ) ;
#2699 = ORIENTED_EDGE ( 'NONE', *, *, #1502, .T. ) ;
#2700 = CARTESIAN_POINT ( 'NONE',  ( 12.55638323924307365, 20.40261082093816114, 18.34313650831645859 ) ) ;
#2701 = CARTESIAN_POINT ( 'NONE',  ( 17.30562270519129697, 17.46652852604098882, -15.89881714533792056 ) ) ;
#2702 = EDGE_CURVE ( 'NONE', #690, #2091, #2223, .T. ) ;
#2703 = AXIS2_PLACEMENT_3D ( 'NONE', #1993, #3256, #3881 ) ;
#2704 = EDGE_CURVE ( 'NONE', #2915, #2164, #893, .T. ) ;
#2705 = DIRECTION ( 'NONE',  ( 0.000000000000000000, 0.000000000000000000, 1.000000000000000000 ) ) ;
#2706 = CARTESIAN_POINT ( 'NONE',  ( -17.04609317644765909, 19.73944928407625454, 15.77537749369468223 ) ) ;
#2707 = DIRECTION ( 'NONE',  ( 0.000000000000000000, 0.000000000000000000, 1.000000000000000000 ) ) ;
#2708 = CIRCLE ( 'NONE', #1957, 8.999999999999998224 ) ;
#2709 = EDGE_CURVE ( 'NONE', #3788, #2073, #387, .T. ) ;
#2710 = CARTESIAN_POINT ( 'NONE',  ( 7.943662473845078509, 27.36354363912507992, 11.88976229095345261 ) ) ;
#2711 = B_SPLINE_CURVE_WITH_KNOTS ( 'NONE', 3,
 ( #1446, #475, #1213, #500, #3720, #1489, #2744, #1173 ),
 .UNSPECIFIED., .F., .F.,
 ( 4, 2, 2, 4 ),
 ( 0.04735542236778038372, 0.05030508671249826064, 0.05177991888485720257, 0.05325475105721614449 ),
 .UNSPECIFIED. ) ;
#2712 = CARTESIAN_POINT ( 'NONE',  ( -12.66692523685109961, 26.52919786160520488, -13.43374127936699836 ) ) ;
#2713 = EDGE_LOOP ( 'NONE', ( #944, #1363, #1085, #3367, #2273, #1275, #1064, #4092, #469, #4113 ) ) ;
#2714 = CARTESIAN_POINT ( 'NONE',  ( 9.999999999999991118, 17.00000000000000000, -11.16936811832402832 ) ) ;
#2715 = CARTESIAN_POINT ( 'NONE',  ( -28.99999999999991829, 28.00000000000000000, -13.96424004376893535 ) ) ;
#2716 = CARTESIAN_POINT ( 'NONE',  ( -2.760536388249697382, 4.284701938156822543, 15.11201937156345210 ) ) ;
#2717 = ORIENTED_EDGE ( 'NONE', *, *, #2802, .F. ) ;
#2718 = CARTESIAN_POINT ( 'NONE',  ( -7.596315282680714098, 23.53592258401275927, -10.65160923408210181 ) ) ;
#2719 = CARTESIAN_POINT ( 'NONE',  ( -12.99854271061318478, 17.30393472785145548, -13.83365828094887640 ) ) ;
#2720 = AXIS2_PLACEMENT_3D ( 'NONE', #1844, #3461, #2506 ) ;
#2721 = DIRECTION ( 'NONE',  ( 0.000000000000000000, 1.000000000000000000, -0.000000000000000000 ) ) ;
#2722 = CARTESIAN_POINT ( 'NONE',  ( 44.49115542382691757, 27.97387281242361823, -0.9999999999999988898 ) ) ;
#2723 = ORIENTED_EDGE ( 'NONE', *, *, #557, .F. ) ;
#2724 = VERTEX_POINT ( 'NONE', #3364 ) ;
#2725 = CARTESIAN_POINT ( 'NONE',  ( 9.136322320068330782, 7.747894085274602993, -16.71068994854946510 ) ) ;
#2726 = CARTESIAN_POINT ( 'NONE',  ( 2.642912865986104087, 29.79420857744627682, -7.844069759142204390 ) ) ;
#2727 = DIRECTION ( 'NONE',  ( 1.000000000000000000, 0.000000000000000000, 3.149091769236048498E-16 ) ) ;
#2728 = ADVANCED_FACE ( 'NONE', ( #453 ), #1758, .T. ) ;
#2729 = CARTESIAN_POINT ( 'NONE',  ( 8.951252833484954152, 26.44813825096279558, 15.32020473191367849 ) ) ;
#2730 = CARTESIAN_POINT ( 'NONE',  ( -5.559503105355707575, 28.76493179490172736, -11.56385701760107310 ) ) ;
#2731 = EDGE_LOOP ( 'NONE', ( #2855, #890, #835, #3472 ) ) ;
#2732 = CARTESIAN_POINT ( 'NONE',  ( 12.74910423863840414, 19.60294610174939223, 13.78534221450116526 ) ) ;
#2733 = DIRECTION ( 'NONE',  ( -0.000000000000000000, -1.000000000000000000, 0.000000000000000000 ) ) ;
#2734 = CARTESIAN_POINT ( 'NONE',  ( -0.5601786739439270635, 4.009088526599369651, 14.96636536058874078 ) ) ;
#2735 = EDGE_LOOP ( 'NONE', ( #3216, #784, #709, #1191 ) ) ;
#2736 = DIRECTION ( 'NONE',  ( 0.000000000000000000, 0.000000000000000000, 1.000000000000000000 ) ) ;
#2737 = CARTESIAN_POINT ( 'NONE',  ( -12.99153008187447966, 17.53218008871925804, -13.83241053698673184 ) ) ;
#2738 = AXIS2_PLACEMENT_3D ( 'NONE', #3061, #2135, #786 ) ;
#2739 = CARTESIAN_POINT ( 'NONE',  ( 47.97220075561143915, 24.26093931960956951, 1.000000000000002220 ) ) ;
#2740 = CARTESIAN_POINT ( 'NONE',  ( -2.682048104772931207, 26.65696716603120464, -9.036193859288330188 ) ) ;
#2741 = ORIENTED_EDGE ( 'NONE', *, *, #3662, .F. ) ;
#2742 = CIRCLE ( 'NONE', #863, 45.99999999999999289 ) ;
#2743 = EDGE_CURVE ( 'NONE', #923, #2091, #1824, .T. ) ;
#2744 = CARTESIAN_POINT ( 'NONE',  ( -11.90280007590601308, 22.24978979154896663, -17.98402940210106138 ) ) ;
#2745 = CARTESIAN_POINT ( 'NONE',  ( 17.31133806867324409, 16.78789638386702521, -15.90157939079890959 ) ) ;
#2746 = CARTESIAN_POINT ( 'NONE',  ( -4.187561428660068863, 26.08671168994626299, 9.582705556257714363 ) ) ;
#2747 = CARTESIAN_POINT ( 'NONE',  ( 7.460038318034307281, 27.66296592578712321, -13.66102288116291774 ) ) ;
#2748 = CARTESIAN_POINT ( 'NONE',  ( 9.662232793130621999, 14.40214656873218324, -11.08792789325201511 ) ) ;
#2749 = CARTESIAN_POINT ( 'NONE',  ( -47.56576432901406548, 25.77505142849726738, -0.9999999999999981126 ) ) ;
#2750 = AXIS2_PLACEMENT_3D ( 'NONE', #554, #879, #3504 ) ;
#2751 = AXIS2_PLACEMENT_3D ( 'NONE', #3234, #4117, #244 ) ;
#2752 = EDGE_CURVE ( 'NONE', #180, #2964, #472, .T. ) ;
#2753 = CARTESIAN_POINT ( 'NONE',  ( -8.739070935683583841, 3.176762065603698115, -12.92263722907316748 ) ) ;
#2754 = ORIENTED_EDGE ( 'NONE', *, *, #3103, .F. ) ;
#2755 = DIRECTION ( 'NONE',  ( 0.000000000000000000, 1.000000000000000000, 0.000000000000000000 ) ) ;
#2756 = CARTESIAN_POINT ( 'NONE',  ( -28.99999999999982592, 24.52149124577692518, -17.94664585581769245 ) ) ;
#2757 = EDGE_CURVE ( 'NONE', #1440, #2666, #3299, .T. ) ;
#2758 = CARTESIAN_POINT ( 'NONE',  ( 0.5464569422551084354, 3.999725346906294554, 14.96137804991779596 ) ) ;
#2759 = ORIENTED_EDGE ( 'NONE', *, *, #1343, .T. ) ;
#2760 = DIRECTION ( 'NONE',  ( 1.000000000000000000, 0.000000000000000000, 2.676430505792786015E-14 ) ) ;
#2761 = CARTESIAN_POINT ( 'NONE',  ( 28.99999999999999645, 24.00000000000000000, 17.97220075561142849 ) ) ;
#2762 = ADVANCED_FACE ( 'NONE', ( #3183, #297, #915, #2581, #3203, #27, #1616, #1329 ), #2560, .F. ) ;
#2763 = AXIS2_PLACEMENT_3D ( 'NONE', #1421, #1103, #2400 ) ;
#2764 = CARTESIAN_POINT ( 'NONE',  ( 45.73983979731412575, 27.59590798319705485, 1.000000000000001776 ) ) ;
#2765 = CARTESIAN_POINT ( 'NONE',  ( -28.99999999999999645, 24.00000000000000000, 17.97220075561142849 ) ) ;
#2766 = ORIENTED_EDGE ( 'NONE', *, *, #2682, .T. ) ;
#2767 = DIRECTION ( 'NONE',  ( 0.000000000000000000, 0.000000000000000000, -1.000000000000000000 ) ) ;
#2768 = CARTESIAN_POINT ( 'NONE',  ( 12.43362982933306071, 21.00335989368308631, -13.71868536097716174 ) ) ;
#2769 = CARTESIAN_POINT ( 'NONE',  ( -4.477951405699564624, 25.94723091733903075, 9.695345895470843800 ) ) ;
#2770 = CARTESIAN_POINT ( 'NONE',  ( 2.799451762247852749, 1.207556740752930624, 12.05808527342182046 ) ) ;
#2771 = CARTESIAN_POINT ( 'NONE',  ( 5.734508681849300515, 29.34721695696701715, -9.081472726872698686 ) ) ;
#2772 = CARTESIAN_POINT ( 'NONE',  ( -45.25325841213763312, 27.79677622823754035, -0.9999999999999986677 ) ) ;
#2773 = CARTESIAN_POINT ( 'NONE',  ( -10.50562494462870333, 4.272330090898667443, -13.36115151574705173 ) ) ;
#2774 = VECTOR ( 'NONE', #1573, 1000.000000000000000 ) ;
#2775 = EDGE_LOOP ( 'NONE', ( #2873, #2245, #2403, #2679, #3793, #1706 ) ) ;
#2776 = FACE_OUTER_BOUND ( 'NONE', #1106, .T. ) ;
#2777 = CARTESIAN_POINT ( 'NONE',  ( 9.999999999999991118, 17.00000000000000000, 11.16936811832403720 ) ) ;
#2778 = CARTESIAN_POINT ( 'NONE',  ( -28.99999999999991118, 28.00000000000000000, -14.22610328868093177 ) ) ;
#2779 = CARTESIAN_POINT ( 'NONE',  ( -11.91103468642209684, 11.72314589350744463, 13.59435084886571765 ) ) ;
#2780 = ORIENTED_EDGE ( 'NONE', *, *, #2228, .T. ) ;
#2781 = EDGE_CURVE ( 'NONE', #375, #3030, #2932, .T. ) ;
#2782 = CARTESIAN_POINT ( 'NONE',  ( -28.99999999999999645, 27.01483183409256483, 16.61186950512006177 ) ) ;
#2783 =( NAMED_UNIT ( * ) PLANE_ANGLE_UNIT ( ) SI_UNIT ( $, .RADIAN. ) );
#2784 = CARTESIAN_POINT ( 'NONE',  ( 45.73983979731412575, 27.59590798319705485, -0.9999999999999983347 ) ) ;
#2785 = VERTEX_POINT ( 'NONE', #1704 ) ;
#2786 = CARTESIAN_POINT ( 'NONE',  ( 0.000000000000000000, 0.000000000000000000, 9.961524227066316683 ) ) ;
#2787 = CARTESIAN_POINT ( 'NONE',  ( 9.875849258761814298, 8.541844463541409027, -17.01429825263391038 ) ) ;
#2788 = CARTESIAN_POINT ( 'NONE',  ( -12.97212766939287576, 17.98525315928480239, 18.58335025577021682 ) ) ;
#2789 = VECTOR ( 'NONE', #3795, 1000.000000000000000 ) ;
#2790 = CARTESIAN_POINT ( 'NONE',  ( 8.399010896877225463, 26.94020271398803601, -14.70683949167230509 ) ) ;
#2791 = CARTESIAN_POINT ( 'NONE',  ( 4.483885918649743729, 29.23069502289028776, -9.236668968002421209 ) ) ;
#2792 = DIRECTION ( 'NONE',  ( -0.4302266903854719549, -0.8842691673947765674, 0.1815847859125644947 ) ) ;
#2793 = DIRECTION ( 'NONE',  ( 1.000000000000000000, 0.000000000000000000, 0.000000000000000000 ) ) ;
#2794 = FACE_OUTER_BOUND ( 'NONE', #492, .T. ) ;
#2795 = ORIENTED_EDGE ( 'NONE', *, *, #347, .F. ) ;
#2796 = CARTESIAN_POINT ( 'NONE',  ( -7.070129410390885383, 27.92469190468317919, 13.22564166221345516 ) ) ;
#2797 = FACE_OUTER_BOUND ( 'NONE', #616, .T. ) ;
#2798 = CARTESIAN_POINT ( 'NONE',  ( -23.00000000000000000, 27.99999999999999645, 12.12435565298214080 ) ) ;
#2799 = CARTESIAN_POINT ( 'NONE',  ( 1.207305998101685374, 4.041719225866236442, 11.97465774260180105 ) ) ;
#2800 = VERTEX_POINT ( 'NONE', #2979 ) ;
#2801 = CARTESIAN_POINT ( 'NONE',  ( -30.99999999999981881, 25.77520756288389236, -17.56568569384696232 ) ) ;
#2802 = EDGE_CURVE ( 'NONE', #2920, #1320, #3018, .T. ) ;
#2803 = EDGE_CURVE ( 'NONE', #3059, #1144, #3422, .T. ) ;
#2804 = CARTESIAN_POINT ( 'NONE',  ( 44.22585862220727648, 27.99999999999996803, -0.9999999999999988898 ) ) ;
#2805 = VERTEX_POINT ( 'NONE', #1658 ) ;
#2806 = DIRECTION ( 'NONE',  ( 0.000000000000000000, 0.000000000000000000, 1.000000000000000000 ) ) ;
#2807 = CARTESIAN_POINT ( 'NONE',  ( -3.000902283036451124, 4.344539985932137860, -12.06804408838190312 ) ) ;
#2808 = CARTESIAN_POINT ( 'NONE',  ( 9.743191061202882253, 14.72429441291436447, 11.10721469784370719 ) ) ;
#2809 = VECTOR ( 'NONE', #833, 1000.000000000000000 ) ;
#2810 = CARTESIAN_POINT ( 'NONE',  ( 8.852830878804928361, 26.54058819019933679, -15.21180674400214450 ) ) ;
#2811 = CARTESIAN_POINT ( 'NONE',  ( -2.651730747774877959E-95, 30.00000000000000355, -5.961524227066313131 ) ) ;
#2812 = CARTESIAN_POINT ( 'NONE',  ( -8.852796086653565766, 26.54062085655721503, -15.21176844628534930 ) ) ;
#2813 = CIRCLE ( 'NONE', #3669, 18.00000000000000355 ) ;
#2814 = CARTESIAN_POINT ( 'NONE',  ( 2.907958651963619801, 29.86805643343652150, 7.467632433489797883 ) ) ;
#2815 = VERTEX_POINT ( 'NONE', #47 ) ;
#2816 = VECTOR ( 'NONE', #560, 1000.000000000000000 ) ;
#2817 = CARTESIAN_POINT ( 'NONE',  ( -19.99999999999999645, 30.00000000000000000, 17.32050807568877460 ) ) ;
#2818 = CARTESIAN_POINT ( 'NONE',  ( 7.560847719787492593, 27.59198879602086407, -13.77350033094814741 ) ) ;
#2819 = ORIENTED_EDGE ( 'NONE', *, *, #178, .F. ) ;
#2820 = FACE_OUTER_BOUND ( 'NONE', #290, .T. ) ;
#2821 = CARTESIAN_POINT ( 'NONE',  ( 0.000000000000000000, 28.00000000000000000, -51.96152422706631313 ) ) ;
#2822 = CARTESIAN_POINT ( 'NONE',  ( -47.56576432901406548, 25.77505142849726738, 1.000000000000002220 ) ) ;
#2823 = ORIENTED_EDGE ( 'NONE', *, *, #1326, .T. ) ;
#2824 = VECTOR ( 'NONE', #716, 1000.000000000000000 ) ;
#2825 = CARTESIAN_POINT ( 'NONE',  ( -30.00000000000000000, 30.00000000000000000, 0.000000000000000000 ) ) ;
#2826 = CARTESIAN_POINT ( 'NONE',  ( 5.081683708961163504, 1.691236586168834100, -12.27930457575554968 ) ) ;
#2827 = DIRECTION ( 'NONE',  ( -0.000000000000000000, -1.000000000000000000, -0.000000000000000000 ) ) ;
#2828 = TOROIDAL_SURFACE ( 'NONE', #708, 14.00000000000000000, 4.000000000000000000 ) ;
#2829 = CARTESIAN_POINT ( 'NONE',  ( -8.678722931677153696, 11.98872173105866779, -10.86628063250461373 ) ) ;
#2830 = CARTESIAN_POINT ( 'NONE',  ( -13.37102036497504187, 26.04965298132427520, 13.88277219321126310 ) ) ;
#2831 = ADVANCED_FACE ( 'NONE', ( #3312 ), #3479, .F. ) ;
#2832 = CARTESIAN_POINT ( 'NONE',  ( -12.11025658379310777, 5.556878876545797041, -13.83484205142634949 ) ) ;
#2833 = EDGE_CURVE ( 'NONE', #1460, #1034, #1936, .T. ) ;
#2834 = EDGE_LOOP ( 'NONE', ( #4122, #3438, #415, #3928, #1227, #1099, #1074, #1718 ) ) ;
#2835 = CARTESIAN_POINT ( 'NONE',  ( 8.500109207985065751, 26.85417618825514907, -14.81920112497757280 ) ) ;
#2836 = VECTOR ( 'NONE', #3721, 1000.000000000000000 ) ;
#2837 = LINE ( 'NONE', #3696, #2567 ) ;
#2838 = ORIENTED_EDGE ( 'NONE', *, *, #433, .T. ) ;
#2839 = DIRECTION ( 'NONE',  ( -2.676430505792786015E-14, 0.000000000000000000, -1.000000000000000000 ) ) ;
#2840 = CARTESIAN_POINT ( 'NONE',  ( 47.97220075561142494, 0.000000000000000000, 1.000000000000002220 ) ) ;
#2841 = FACE_OUTER_BOUND ( 'NONE', #1269, .T. ) ;
#2842 = VERTEX_POINT ( 'NONE', #4068 ) ;
#2843 = CARTESIAN_POINT ( 'NONE',  ( 30.00000000000000000, 24.00000000000000000, 0.000000000000000000 ) ) ;
#2844 = CARTESIAN_POINT ( 'NONE',  ( -5.864639873930300062, 5.328333716362667616, -12.36046584754566879 ) ) ;
#2845 = CARTESIAN_POINT ( 'NONE',  ( -9.999999999999994671, 17.64686993199745402, 11.16936811832404253 ) ) ;
#2846 = DIRECTION ( 'NONE',  ( 0.000000000000000000, 0.000000000000000000, -1.000000000000000000 ) ) ;
#2847 = CARTESIAN_POINT ( 'NONE',  ( 9.728799875776516615, 25.62900997571449579, 16.15577138823083203 ) ) ;
#2848 = VECTOR ( 'NONE', #3864, 1000.000000000000000 ) ;
#2849 = EDGE_CURVE ( 'NONE', #2154, #3626, #303, .T. ) ;
#2850 = ADVANCED_FACE ( 'NONE', ( #2794 ), #1181, .T. ) ;
#2851 = DIRECTION ( 'NONE',  ( 0.000000000000000000, 0.000000000000000000, 1.000000000000000000 ) ) ;
#2852 = ORIENTED_EDGE ( 'NONE', *, *, #4007, .T. ) ;
#2853 = CARTESIAN_POINT ( 'NONE',  ( 19.99999999999999645, 0.000000000000000000, 17.32050807568877460 ) ) ;
#2854 = CARTESIAN_POINT ( 'NONE',  ( -12.82651990104137418, 14.84056082352814876, -18.49810932154656129 ) ) ;
#2855 = ORIENTED_EDGE ( 'NONE', *, *, #2025, .F. ) ;
#2856 = DIRECTION ( 'NONE',  ( -0.000000000000000000, -0.000000000000000000, 1.000000000000000000 ) ) ;
#2857 = CARTESIAN_POINT ( 'NONE',  ( 0.000000000000000000, 17.00000000000000000, 20.00000000000000000 ) ) ;
#2858 = CARTESIAN_POINT ( 'NONE',  ( 9.999999999999991118, 17.00000000000000000, -11.16936811832402832 ) ) ;
#2859 = VERTEX_POINT ( 'NONE', #2109 ) ;
#2860 = CYLINDRICAL_SURFACE ( 'NONE', #1260, 8.999999999999994671 ) ;
#2861 = CARTESIAN_POINT ( 'NONE',  ( 1.116087236167827790, 4.045003653503528085, -14.98544792194678621 ) ) ;
#2862 = CARTESIAN_POINT ( 'NONE',  ( 30.00000000000000000, 0.000000000000000000, 0.000000000000000000 ) ) ;
#2863 = CARTESIAN_POINT ( 'NONE',  ( -9.936192947001169173, 15.69411109271389293, -11.15356518028593236 ) ) ;
#2864 = DIRECTION ( 'NONE',  ( -0.000000000000000000, -1.000000000000000000, 0.000000000000000000 ) ) ;
#2865 = ORIENTED_EDGE ( 'NONE', *, *, #3491, .T. ) ;
#2866 = CARTESIAN_POINT ( 'NONE',  ( -11.89710660814619736, 22.35990358718195026, 13.79856833809038719 ) ) ;
#2867 = CARTESIAN_POINT ( 'NONE',  ( 14.78649837597163952, 8.690943586333206738, -14.79435320521922392 ) ) ;
#2868 = EDGE_LOOP ( 'NONE', ( #2173, #3302, #2265, #2651, #2352 ) ) ;
#2869 = CARTESIAN_POINT ( 'NONE',  ( 10.94033662050382638, 27.51335346996928166, -12.31526111239483612 ) ) ;
#2870 = CARTESIAN_POINT ( 'NONE',  ( 11.11281092978763674, 23.90272952955201191, -13.84946133002710944 ) ) ;
#2871 = EDGE_CURVE ( 'NONE', #2938, #3246, #1162, .T. ) ;
#2872 = CARTESIAN_POINT ( 'NONE',  ( 11.02000497597627771, 10.09098275359574259, -17.53569692778054900 ) ) ;
#2873 = ORIENTED_EDGE ( 'NONE', *, *, #2176, .F. ) ;
#2874 = CARTESIAN_POINT ( 'NONE',  ( 12.20743826472737226, 12.49666332844378047, 18.14858606253946860 ) ) ;
#2875 = CARTESIAN_POINT ( 'NONE',  ( -7.033077913786300428, 29.04244543896017205, -9.848685724631838667 ) ) ;
#2876 = EDGE_CURVE ( 'NONE', #3877, #1579, #3156, .T. ) ;
#2877 = VECTOR ( 'NONE', #2314, 1000.000000000000000 ) ;
#2878 = APPLICATION_CONTEXT ( 'configuration controlled 3d designs of mechanical parts and assemblies' ) ;
#2879 = CARTESIAN_POINT ( 'NONE',  ( -47.76749439233984873, 25.28935709104021612, 1.000000000000001998 ) ) ;
#2880 = ADVANCED_FACE ( 'NONE', ( #2275 ), #4152, .F. ) ;
#2881 = ORIENTED_EDGE ( 'NONE', *, *, #2450, .T. ) ;
#2882 = LINE ( 'NONE', #1232, #2816 ) ;
#2883 = CARTESIAN_POINT ( 'NONE',  ( -2.190066099956673007, 4.182807851414592548, -15.05830770613812319 ) ) ;
#2884 = CARTESIAN_POINT ( 'NONE',  ( -8.992525281243819890, 21.38618838074059525, 10.93521225248788120 ) ) ;
#2885 = CARTESIAN_POINT ( 'NONE',  ( -28.99999999999999645, 27.99999999999999645, -10.95445115010331705 ) ) ;
#2886 = CYLINDRICAL_SURFACE ( 'NONE', #3802, 20.00000000000000000 ) ;
#2887 = CARTESIAN_POINT ( 'NONE',  ( -0.5805917913198780367, 29.98783608394318634, -6.502627936095282557 ) ) ;
#2888 = AXIS2_PLACEMENT_3D ( 'NONE', #3058, #1513, #3728 ) ;
#2889 = ORIENTED_EDGE ( 'NONE', *, *, #1179, .F. ) ;
#2890 = CYLINDRICAL_SURFACE ( 'NONE', #3621, 18.00000000000000355 ) ;
#2891 = VECTOR ( 'NONE', #2011, 1000.000000000000000 ) ;
#2892 = DIRECTION ( 'NONE',  ( -2.676430505792786015E-14, 0.000000000000000000, -1.000000000000000000 ) ) ;
#2893 = ORIENTED_EDGE ( 'NONE', *, *, #1480, .T. ) ;
#2894 = DIRECTION ( 'NONE',  ( 0.000000000000000000, 1.000000000000000000, -0.000000000000000000 ) ) ;
#2895 = CARTESIAN_POINT ( 'NONE',  ( -6.551982545567914151, 5.763825217266517420, -15.84791526582582399 ) ) ;
#2896 = ORIENTED_EDGE ( 'NONE', *, *, #1913, .F. ) ;
#2897 = CARTESIAN_POINT ( 'NONE',  ( 4.768520300733707806, 4.836999030572777691, 12.21646158489999934 ) ) ;
#2898 = CARTESIAN_POINT ( 'NONE',  ( -28.99999999999999289, 24.26082300556535998, 17.97220075561142494 ) ) ;
#2899 = APPROVAL_STATUS ( 'not_yet_approved' ) ;
#2900 = AXIS2_PLACEMENT_3D ( 'NONE', #3034, #2492, #3766 ) ;
#2901 = ADVANCED_FACE ( 'NONE', ( #272 ), #3883, .F. ) ;
#2902 = CARTESIAN_POINT ( 'NONE',  ( -46.40528608391370113, 27.18356333603248487, 1.000000000000001776 ) ) ;
#2903 = VERTEX_POINT ( 'NONE', #2253 ) ;
#2904 = CARTESIAN_POINT ( 'NONE',  ( -9.999999999999991118, 17.00000000000000000, -11.16936811832402476 ) ) ;
#2905 = CARTESIAN_POINT ( 'NONE',  ( -12.40384258106351467, 5.843433205664392283, -13.93243007482467988 ) ) ;
#2906 = APPLICATION_CONTEXT ( 'configuration controlled 3d designs of mechanical parts and assemblies' ) ;
#2907 = DIRECTION ( 'NONE',  ( -0.000000000000000000, -1.000000000000000000, -0.000000000000000000 ) ) ;
#2908 = CARTESIAN_POINT ( 'NONE',  ( 1.155166156757557738, 29.95176891707706091, 7.048195697481759225 ) ) ;
#2909 = VERTEX_POINT ( 'NONE', #3556 ) ;
#2910 = CARTESIAN_POINT ( 'NONE',  ( -30.00000000000000000, 24.00000000000000000, 0.000000000000000000 ) ) ;
#2911 = CARTESIAN_POINT ( 'NONE',  ( -30.00000000000000000, 28.00000000000000000, 0.000000000000000000 ) ) ;
#2912 = CARTESIAN_POINT ( 'NONE',  ( 8.994110126293481500, 21.38298910483377924, 10.93555872259712380 ) ) ;
#2913 = AXIS2_PLACEMENT_3D ( 'NONE', #2857, #540, #1863 ) ;
#2914 = CARTESIAN_POINT ( 'NONE',  ( 12.56964163844939542, 13.57135043976518496, -18.35016365046681486 ) ) ;
#2915 = VERTEX_POINT ( 'NONE', #651 ) ;
#2916 = CARTESIAN_POINT ( 'NONE',  ( 12.40384258106387527, 5.843433205663507657, 13.93243007482480778 ) ) ;
#2917 = CARTESIAN_POINT ( 'NONE',  ( -13.37104007742477663, 26.04963862845314537, -13.88278461003927333 ) ) ;
#2918 = MECHANICAL_CONTEXT ( 'NONE', #2878, 'mechanical' ) ;
#2919 = DIRECTION ( 'NONE',  ( 0.000000000000000000, 0.000000000000000000, 1.000000000000000000 ) ) ;
#2920 = VERTEX_POINT ( 'NONE', #1325 ) ;
#2921 = CARTESIAN_POINT ( 'NONE',  ( 13.66453359893319686, 25.83200434326398565, 14.06710896077914086 ) ) ;
#2922 = CARTESIAN_POINT ( 'NONE',  ( -15.01073599517957291, 9.021930661014783581, -14.88259152288498477 ) ) ;
#2923 = ADVANCED_FACE ( 'NONE', ( #293 ), #3537, .F. ) ;
#2924 = EDGE_CURVE ( 'NONE', #3638, #1123, #1264, .T. ) ;
#2925 = CARTESIAN_POINT ( 'NONE',  ( 6.660460813438937144, 24.49068511424448502, -10.49013072711521843 ) ) ;
#2926 = DIRECTION ( 'NONE',  ( 0.000000000000000000, 1.000000000000000000, -0.000000000000000000 ) ) ;
#2927 = CARTESIAN_POINT ( 'NONE',  ( -11.64098234211068927, 11.19762056192101873, 17.84703086226017987 ) ) ;
#2928 = VERTEX_POINT ( 'NONE', #1633 ) ;
#2929 = CARTESIAN_POINT ( 'NONE',  ( -0.5834332942021758228, 30.00000000000001421, 6.500239160864002663 ) ) ;
#2930 = CARTESIAN_POINT ( 'NONE',  ( -3.536614826640203102, 7.640532228991822272, 10.10958763942726790 ) ) ;
#2931 = CARTESIAN_POINT ( 'NONE',  ( 16.59410579121434637, 12.43221072265329674, -15.56500932606004994 ) ) ;
#2932 = B_SPLINE_CURVE_WITH_KNOTS ( 'NONE', 3,
 ( #2238, #3558, #2279, #2625, #635, #2914, #1899, #7, #1960, #1938, #2872, #1635, #3501, #4147, #593, #256, #2602, #959, #3578, #675, #3245, #3870, #615, #3833, #1979, #2935, #2217, #939, #4127, #981, #1919, #3520, #1595, #2895, #1245, #3539, #337, #3223, #1306, #4169, #653, #1288, #2538, #3851, #2258, #3891, #1553, #2854, #1115, #782, #2344, #67 ),
 .UNSPECIFIED., .F., .F.,
 ( 4, 2, 2, 2, 2, 2, 2, 2, 2, 2, 2, 2, 2, 2, 2, 2, 2, 2, 2, 2, 2, 2, 2, 2, 2, 4 ),
 ( 0.005915859818962458487, 0.007210846148613028056, 0.008505832478263598492, 0.01109580513756473763, 0.01239079146721530460, 0.01368577779686586983, 0.01627575045616699856, 0.01886572311546812555, 0.02016070944511868732, 0.02145569577476924561, 0.02404566843407036567, 0.02534065476372092396, 0.02663564109337148225, 0.02922561375267259884, 0.03052060008232316060, 0.03181558641197371196, 0.03311057274162426678, 0.03440555907127482160, 0.03699553173057593819, 0.03829051806022649301, 0.03958550438987704784, 0.04217547704917816442, 0.04347046337882871925, 0.04476544970847927407, 0.04606043603812982890, 0.04735542236778038372 ),
 .UNSPECIFIED. ) ;
#2933 = CARTESIAN_POINT ( 'NONE',  ( 9.999999999999991118, 17.00000000000000000, 11.16936811832403720 ) ) ;
#2934 = AXIS2_PLACEMENT_3D ( 'NONE', #1545, #1608, #1564 ) ;
#2935 = CARTESIAN_POINT ( 'NONE',  ( -0.8645954060895709725, 3.999962789926565954, -14.96150442295240879 ) ) ;
#2936 = VECTOR ( 'NONE', #3857, 1000.000000000000000 ) ;
#2937 = AXIS2_PLACEMENT_3D ( 'NONE', #854, #1879, #3774 ) ;
#2938 = VERTEX_POINT ( 'NONE', #1549 ) ;
#2939 = CARTESIAN_POINT ( 'NONE',  ( 7.353181599526667611, 6.255468011226877678, 12.60444250579929459 ) ) ;
#2940 = CARTESIAN_POINT ( 'NONE',  ( 30.00000000000000000, 28.00000000000000000, 0.000000000000000000 ) ) ;
#2941 = PERSON_AND_ORGANIZATION ( #3575, #2105 ) ;
#2942 = AXIS2_PLACEMENT_3D ( 'NONE', #3607, #35, #345 ) ;
#2943 = CARTESIAN_POINT ( 'NONE',  ( -11.68983933807475850, 22.68749999999999645, 17.87340312894770022 ) ) ;
#2944 = ORIENTED_EDGE ( 'NONE', *, *, #214, .F. ) ;
#2945 = CARTESIAN_POINT ( 'NONE',  ( -30.00000000000000000, 0.000000000000000000, 0.000000000000000000 ) ) ;
#2946 = CARTESIAN_POINT ( 'NONE',  ( -15.35657171260433174, 9.605872578103040738, -15.02526112407671199 ) ) ;
#2947 = AXIS2_PLACEMENT_3D ( 'NONE', #3031, #1698, #3657 ) ;
#2948 = CARTESIAN_POINT ( 'NONE',  ( 28.99999999999982947, 26.00946370992086543, -17.43986267119487010 ) ) ;
#2949 = DIRECTION ( 'NONE',  ( 0.000000000000000000, 1.000000000000000000, -0.000000000000000000 ) ) ;
#2950 = DIRECTION ( 'NONE',  ( 0.000000000000000000, 0.000000000000000000, -1.000000000000000000 ) ) ;
#2951 = VERTEX_POINT ( 'NONE', #1747 ) ;
#2952 = CARTESIAN_POINT ( 'NONE',  ( 11.68983933807475672, 22.68750000000000000, -17.87340312894769667 ) ) ;
#2953 = CARTESIAN_POINT ( 'NONE',  ( -9.361111463098801266, 13.46791735014428326, 11.01783169861403699 ) ) ;
#2954 = CARTESIAN_POINT ( 'NONE',  ( -11.84756395493931258, 5.337714045312622169, 13.75535209058840813 ) ) ;
#2955 = FACE_OUTER_BOUND ( 'NONE', #1575, .T. ) ;
#2956 = ADVANCED_FACE ( 'NONE', ( #2045 ), #237, .T. ) ;
#2957 = VECTOR ( 'NONE', #139, 1000.000000000000000 ) ;
#2958 = DIRECTION ( 'NONE',  ( -0.000000000000000000, -1.000000000000000000, -0.000000000000000000 ) ) ;
#2959 = CARTESIAN_POINT ( 'NONE',  ( 11.52942861970322497, 23.01720119136146536, 17.79007490134938152 ) ) ;
#2960 = ORIENTED_EDGE ( 'NONE', *, *, #3124, .F. ) ;
#2961 = CARTESIAN_POINT ( 'NONE',  ( 12.89610517559654213, 6.331689804913156472, 14.09653004885714367 ) ) ;
#2962 = DIRECTION ( 'NONE',  ( 0.000000000000000000, 0.000000000000000000, 1.000000000000000000 ) ) ;
#2963 = CARTESIAN_POINT ( 'NONE',  ( -15.98108184562862100, 10.84115405568456403, 15.29113902426314553 ) ) ;
#2964 = VERTEX_POINT ( 'NONE', #1000 ) ;
#2965 = AXIS2_PLACEMENT_3D ( 'NONE', #3200, #2894, #2580 ) ;
#2966 = DIRECTION ( 'NONE',  ( 0.000000000000000000, 1.000000000000000000, -0.000000000000000000 ) ) ;
#2967 = CARTESIAN_POINT ( 'NONE',  ( -12.69115398207392431, 14.08709560331281629, -13.77361893103107704 ) ) ;
#2968 = TOROIDAL_SURFACE ( 'NONE', #933, 14.00000000000000000, 6.000000000000000000 ) ;
#2969 = CARTESIAN_POINT ( 'NONE',  ( 5.050717596775981200, 25.63683840880352705, -9.916608789638779342 ) ) ;
#2970 = CARTESIAN_POINT ( 'NONE',  ( -0.1808150504086840082, 30.00000000000000355, 6.051965218138286140 ) ) ;
#2971 = ORIENTED_EDGE ( 'NONE', *, *, #2671, .F. ) ;
#2972 = DIRECTION ( 'NONE',  ( 0.000000000000000000, 0.000000000000000000, 1.000000000000000000 ) ) ;
#2973 = CARTESIAN_POINT ( 'NONE',  ( -10.36486710030609082, 24.85426034454271615, 16.80661367308369591 ) ) ;
#2974 = CARTESIAN_POINT ( 'NONE',  ( -9.471450323544161165, 13.77519593471356707, 11.04329777297882309 ) ) ;
#2975 = CARTESIAN_POINT ( 'NONE',  ( -30.00000000000000000, 30.00000000000000000, 0.000000000000000000 ) ) ;
#2976 = CARTESIAN_POINT ( 'NONE',  ( -0.8492375258393526360, 26.96531959808664070, 8.654204028103354318 ) ) ;
#2977 = ADVANCED_FACE ( 'NONE', ( #2955 ), #1397, .T. ) ;
#2978 = EDGE_CURVE ( 'NONE', #2218, #3380, #2345, .T. ) ;
#2979 = CARTESIAN_POINT ( 'NONE',  ( -40.95445115010331705, 27.99999999999999645, -1.000000000000000222 ) ) ;
#2980 = VERTEX_POINT ( 'NONE', #1347 ) ;
#2981 = CARTESIAN_POINT ( 'NONE',  ( 12.99153008187447966, 17.53218008872044109, 13.83241053698436751 ) ) ;
#2982 = LINE ( 'NONE', #3628, #2398 ) ;
#2983 = CARTESIAN_POINT ( 'NONE',  ( -15.55404818371693310, 23.99999999999999289, 15.10950141828943138 ) ) ;
#2984 = ORIENTED_EDGE ( 'NONE', *, *, #433, .F. ) ;
#2985 = FACE_OUTER_BOUND ( 'NONE', #745, .T. ) ;
#2986 = CARTESIAN_POINT ( 'NONE',  ( -9.872239462155146583, 8.537571103171941900, -17.01274282920909542 ) ) ;
#2987 = CARTESIAN_POINT ( 'NONE',  ( 28.99999999999985434, 27.18356333603248487, -16.40528608391369758 ) ) ;
#2988 = CYLINDRICAL_SURFACE ( 'NONE', #4091, 18.00000000000000355 ) ;
#2989 = ORIENTED_EDGE ( 'NONE', *, *, #1343, .F. ) ;
#2990 = ORIENTED_EDGE ( 'NONE', *, *, #3152, .F. ) ;
#2991 = CARTESIAN_POINT ( 'NONE',  ( -2.286556545688616549, 29.80999575214657682, 8.151128332789465247 ) ) ;
#2992 = CARTESIAN_POINT ( 'NONE',  ( 28.99999999999999645, 24.00000000000000000, 17.97220075561142849 ) ) ;
#2993 = CARTESIAN_POINT ( 'NONE',  ( -16.59328283645067614, 12.42963161829156604, 15.56463274926734641 ) ) ;
#2994 = DIRECTION ( 'NONE',  ( -1.000000000000000000, 0.000000000000000000, 3.149091769236048498E-16 ) ) ;
#2995 = CARTESIAN_POINT ( 'NONE',  ( 8.500109207984099413, 26.85417618825591290, 14.81920112497993003 ) ) ;
#2996 = CARTESIAN_POINT ( 'NONE',  ( -14.36672144962952480, 25.25360095986155073, -14.49241445514894266 ) ) ;
#2997 = ORIENTED_EDGE ( 'NONE', *, *, #1350, .T. ) ;
#2998 = CARTESIAN_POINT ( 'NONE',  ( 7.596246909045277107, 23.53599233907333144, -10.65159743644376356 ) ) ;
#2999 = AXIS2_PLACEMENT_3D ( 'NONE', #386, #1688, #2374 ) ;
#3000 = LINE ( 'NONE', #1963, #1246 ) ;
#3001 = AXIS2_PLACEMENT_3D ( 'NONE', #1241, #2458, #197 ) ;
#3002 = CARTESIAN_POINT ( 'NONE',  ( -12.52179433583925139, 20.66404609073768484, 18.32261229218876863 ) ) ;
#3003 = EDGE_LOOP ( 'NONE', ( #1445, #3195, #151, #2305 ) ) ;
#3004 = EDGE_CURVE ( 'NONE', #3030, #4139, #2386, .T. ) ;
#3005 = DIRECTION ( 'NONE',  ( 0.000000000000000000, -1.000000000000000000, 0.000000000000000000 ) ) ;
#3006 = CYLINDRICAL_SURFACE ( 'NONE', #3648, 9.999999999999991118 ) ;
#3007 = DIRECTION ( 'NONE',  ( -0.000000000000000000, 1.000000000000000000, -0.000000000000000000 ) ) ;
#3008 = EDGE_CURVE ( 'NONE', #456, #486, #694, .T. ) ;
#3009 = CARTESIAN_POINT ( 'NONE',  ( -6.554900291804417023, 5.765573142849961030, 15.84873584440000727 ) ) ;
#3010 = ORIENTED_EDGE ( 'NONE', *, *, #1913, .T. ) ;
#3011 = LINE ( 'NONE', #1580, #499 ) ;
#3012 = AXIS2_PLACEMENT_3D ( 'NONE', #658, #984, #1662 ) ;
#3013 = CARTESIAN_POINT ( 'NONE',  ( 10.38949013150127776, 9.167397019490687526, -17.23846377712525069 ) ) ;
#3014 = CARTESIAN_POINT ( 'NONE',  ( -28.99999999999991829, 28.00000000000000000, -13.96424004376893535 ) ) ;
#3015 = CARTESIAN_POINT ( 'NONE',  ( -12.85183022368444838, 6.286147231877563080, 14.08155680142884059 ) ) ;
#3016 = DIRECTION ( 'NONE',  ( 0.000000000000000000, 0.000000000000000000, -1.000000000000000000 ) ) ;
#3017 = CIRCLE ( 'NONE', #1729, 45.99999999999999289 ) ;
#3018 = LINE ( 'NONE', #2048, #3553 ) ;
#3019 = VECTOR ( 'NONE', #628, 1000.000000000000000 ) ;
#3020 = ORIENTED_EDGE ( 'NONE', *, *, #21, .F. ) ;
#3021 = CARTESIAN_POINT ( 'NONE',  ( 9.685309699465317834, 19.57145031305242711, -11.09330483734756712 ) ) ;
#3022 = DIRECTION ( 'NONE',  ( 0.000000000000000000, 1.000000000000000000, -0.000000000000000000 ) ) ;
#3023 = AXIS2_PLACEMENT_3D ( 'NONE', #2032, #1945, #3897 ) ;
#3024 = CARTESIAN_POINT ( 'NONE',  ( -14.24404572269011382, 7.898093629381380154, 14.58134132096111912 ) ) ;
#3025 = EDGE_LOOP ( 'NONE', ( #3078, #2984, #3424, #1536, #2990 ) ) ;
#3026 = CARTESIAN_POINT ( 'NONE',  ( 31.00000000000000000, 0.000000000000000000, 10.99999999999999645 ) ) ;
#3027 = CARTESIAN_POINT ( 'NONE',  ( -12.95316167356152981, 18.21677922200051469, -13.82543330583428620 ) ) ;
#3028 = EDGE_CURVE ( 'NONE', #3405, #405, #107, .T. ) ;
#3029 = CARTESIAN_POINT ( 'NONE',  ( 45.25335182892825259, 27.79670634341725233, -0.9999999999999986677 ) ) ;
#3030 = VERTEX_POINT ( 'NONE', #673 ) ;
#3031 = CARTESIAN_POINT ( 'NONE',  ( -30.00000000000000000, 0.000000000000000000, 0.000000000000000000 ) ) ;
#3032 = CARTESIAN_POINT ( 'NONE',  ( 11.57351177894430805, 11.01405961808392142, -13.51288190848467252 ) ) ;
#3033 = AXIS2_PLACEMENT_3D ( 'NONE', #3055, #504, #1584 ) ;
#3034 = CARTESIAN_POINT ( 'NONE',  ( 30.00000000000000000, 28.00000000000000000, 0.000000000000000000 ) ) ;
#3035 = CARTESIAN_POINT ( 'NONE',  ( 9.414845902546325742E-12, 1.000000000000000444, 11.96152422706632024 ) ) ;
#3036 = DIRECTION ( 'NONE',  ( 0.000000000000000000, 1.000000000000000000, -0.000000000000000000 ) ) ;
#3037 = CARTESIAN_POINT ( 'NONE',  ( 15.11086962846544779, 24.52728914166048924, 14.90502982064742099 ) ) ;
#3038 = CARTESIAN_POINT ( 'NONE',  ( -11.75842880843695326, 27.08565189813078433, -12.84730754516748519 ) ) ;
#3039 = EDGE_LOOP ( 'NONE', ( #3665, #3677 ) ) ;
#3040 = CARTESIAN_POINT ( 'NONE',  ( 12.99647086415739849, 16.61371457211269131, 13.83329461540003713 ) ) ;
#3041 = EDGE_CURVE ( 'NONE', #568, #553, #1134, .T. ) ;
#3042 = CARTESIAN_POINT ( 'NONE',  ( -2.955052858073827782, 1.220420830756010266, 12.06408325475164744 ) ) ;
#3043 = VERTEX_POINT ( 'NONE', #2295 ) ;
#3044 = CARTESIAN_POINT ( 'NONE',  ( -30.99999999999981881, 25.28955818700346825, -17.76742464400973276 ) ) ;
#3045 = CARTESIAN_POINT ( 'NONE',  ( -16.88684304586283247, 20.48141258464380599, -15.70078960042615712 ) ) ;
#3046 = AXIS2_PLACEMENT_3D ( 'NONE', #3086, #411, #97 ) ;
#3047 = CARTESIAN_POINT ( 'NONE',  ( 30.00000000000000000, 30.00200000000000244, 0.000000000000000000 ) ) ;
#3048 = CARTESIAN_POINT ( 'NONE',  ( 12.65691912950534537, 14.00246960351464587, 18.40042936123669293 ) ) ;
#3049 = ORIENTED_EDGE ( 'NONE', *, *, #2743, .F. ) ;
#3050 = DIRECTION ( 'NONE',  ( 0.000000000000000000, 0.000000000000000000, 1.000000000000000000 ) ) ;
#3051 = DIRECTION ( 'NONE',  ( -0.000000000000000000, -1.000000000000000000, 0.000000000000000000 ) ) ;
#3052 = CARTESIAN_POINT ( 'NONE',  ( 16.69158446207345037, 12.74925993662876422, -15.60976107668818358 ) ) ;
#3053 = EDGE_CURVE ( 'NONE', #2610, #1751, #1408, .T. ) ;
#3054 = CARTESIAN_POINT ( 'NONE',  ( -30.99999999999999645, 24.52484688038346761, 17.94626820046572746 ) ) ;
#3055 = CARTESIAN_POINT ( 'NONE',  ( 0.000000000000000000, 17.00000000000000000, 20.00000000000000000 ) ) ;
#3056 = CARTESIAN_POINT ( 'NONE',  ( 6.099948219604413246, 9.049195841222196890, -10.40326000037572207 ) ) ;
#3057 = DIRECTION ( 'NONE',  ( 0.000000000000000000, 1.000000000000000000, -0.000000000000000000 ) ) ;
#3058 = CARTESIAN_POINT ( 'NONE',  ( 22.99999999999999289, 24.00000000000000000, 12.12435565298213724 ) ) ;
#3059 = VERTEX_POINT ( 'NONE', #1680 ) ;
#3060 = CARTESIAN_POINT ( 'NONE',  ( 12.48541862469683394, 20.63192773103180855, 18.30331729206666225 ) ) ;
#3061 = CARTESIAN_POINT ( 'NONE',  ( -30.00000000000000000, 30.00200000000000244, 0.000000000000000000 ) ) ;
#3062 = CARTESIAN_POINT ( 'NONE',  ( -0.3112110994472705450, 4.000167655315722826, 11.96157674843001750 ) ) ;
#3063 = ORIENTED_EDGE ( 'NONE', *, *, #3890, .T. ) ;
#3064 = CARTESIAN_POINT ( 'NONE',  ( -30.99999999999989342, 27.87227799738186818, -15.00267998787451873 ) ) ;
#3065 = CARTESIAN_POINT ( 'NONE',  ( -12.13960481751774445, 21.68352648375425318, -18.11153319577729448 ) ) ;
#3066 = AXIS2_PLACEMENT_3D ( 'NONE', #90, #2301, #10 ) ;
#3067 = CARTESIAN_POINT ( 'NONE',  ( 31.00000000000000000, 30.00200000000000244, 10.95445115010331705 ) ) ;
#3068 = CARTESIAN_POINT ( 'NONE',  ( 12.97770243491596176, 16.12480409831381323, 18.58666952389565097 ) ) ;
#3069 = VERTEX_POINT ( 'NONE', #3262 ) ;
#3070 = DIRECTION ( 'NONE',  ( -0.000000000000000000, -0.000000000000000000, 1.000000000000000000 ) ) ;
#3071 = CARTESIAN_POINT ( 'NONE',  ( 12.52179433583915902, 20.66404609073814669, -18.32261229218876508 ) ) ;
#3072 = CARTESIAN_POINT ( 'NONE',  ( -30.00000000000000000, 24.00000000000000000, -20.00000000000000000 ) ) ;
#3073 = CARTESIAN_POINT ( 'NONE',  ( 16.22651789206391371, 11.44715697022957990, 15.40036888282135585 ) ) ;
#3074 = CARTESIAN_POINT ( 'NONE',  ( -2.276634363026746488, 7.257117159744258750, -10.02204519218839351 ) ) ;
#3075 = AXIS2_PLACEMENT_3D ( 'NONE', #791, #2483, #836 ) ;
#3076 = EDGE_CURVE ( 'NONE', #3872, #1212, #3954, .T. ) ;
#3077 = CARTESIAN_POINT ( 'NONE',  ( 4.483885918648957691, 29.23069502289028776, 9.236668968002428315 ) ) ;
#3078 = ORIENTED_EDGE ( 'NONE', *, *, #4064, .F. ) ;
#3079 = CARTESIAN_POINT ( 'NONE',  ( -9.813595883256034824, 25.53227789959031213, 16.24485014724155718 ) ) ;
#3080 = CARTESIAN_POINT ( 'NONE',  ( 0.000000000000000000, 17.00000000000000000, 20.00000000000000000 ) ) ;
#3081 = LINE ( 'NONE', #177, #2809 ) ;
#3082 = VECTOR ( 'NONE', #2727, 1000.000000000000000 ) ;
#3083 = CARTESIAN_POINT ( 'NONE',  ( -1.533987027142544868, 4.086508405503006536, 11.98855516183739489 ) ) ;
#3084 = EDGE_LOOP ( 'NONE', ( #1522, #4078, #2557, #3905 ) ) ;
#3085 = CARTESIAN_POINT ( 'NONE',  ( -30.99999999999981881, 26.00957739145684400, -17.43974486406207447 ) ) ;
#3086 = CARTESIAN_POINT ( 'NONE',  ( -30.00000000000000000, 24.00000000000000000, 0.000000000000000000 ) ) ;
#3087 = CARTESIAN_POINT ( 'NONE',  ( 23.00000000000000000, 24.00000000000000000, 12.12435565298214080 ) ) ;
#3088 = ORIENTED_EDGE ( 'NONE', *, *, #403, .F. ) ;
#3089 = DIRECTION ( 'NONE',  ( -1.000000000000000000, -0.000000000000000000, 0.000000000000000000 ) ) ;
#3090 = CARTESIAN_POINT ( 'NONE',  ( 12.44503582178198364, 13.15092444886035139, -13.71963762690674926 ) ) ;
#3091 = CARTESIAN_POINT ( 'NONE',  ( -12.99999999999932676, 17.49231163539923628, 18.59986959184136168 ) ) ;
#3092 = CARTESIAN_POINT ( 'NONE',  ( -1.203706215242022408E-32, 30.00000000000000000, -5.961524227066313131 ) ) ;
#3093 = CARTESIAN_POINT ( 'NONE',  ( 7.945531057449223056, 10.89273443426290200, -10.71825760182559861 ) ) ;
#3094 = CARTESIAN_POINT ( 'NONE',  ( -7.459985162950690807, 27.66300343722663513, -13.66096359964480911 ) ) ;
#3095 = CC_DESIGN_PERSON_AND_ORGANIZATION_ASSIGNMENT ( #3582, #32, ( #3351 ) ) ;
#3096 = CIRCLE ( 'NONE', #2364, 13.00000000000000178 ) ;
#3097 = CARTESIAN_POINT ( 'NONE',  ( 0.3597930181863303600, 1.000147087810779656, -11.96159298980648522 ) ) ;
#3098 = CIRCLE ( 'NONE', #3634, 10.99999999999999645 ) ;
#3099 = ORIENTED_EDGE ( 'NONE', *, *, #927, .T. ) ;
#3100 = DIRECTION ( 'NONE',  ( 0.000000000000000000, 0.000000000000000000, 1.000000000000000000 ) ) ;
#3101 = CARTESIAN_POINT ( 'NONE',  ( 30.00000000000000000, 0.000000000000000000, 8.999999999999996447 ) ) ;
#3102 = CARTESIAN_POINT ( 'NONE',  ( -30.00000000000000000, 0.000000000000000000, 0.000000000000000000 ) ) ;
#3103 = EDGE_CURVE ( 'NONE', #374, #2164, #3972, .T. ) ;
#3104 = EDGE_CURVE ( 'NONE', #3189, #2724, #2024, .T. ) ;
#3105 = CARTESIAN_POINT ( 'NONE',  ( -15.00471429240861276, 9.032781262816829582, 14.88195986518466007 ) ) ;
#3106 = ORIENTED_EDGE ( 'NONE', *, *, #2704, .F. ) ;
#3107 = CARTESIAN_POINT ( 'NONE',  ( -28.99999999999999645, 27.18232732502992377, 16.40689601069144032 ) ) ;
#3108 = CARTESIAN_POINT ( 'NONE',  ( -6.148515467234078713, 24.91370935902171269, -10.32280631470098697 ) ) ;
#3109 = CARTESIAN_POINT ( 'NONE',  ( -1.874333510805124050E-24, 26.99999999999999289, -8.607275538130910064 ) ) ;
#3110 = ORIENTED_EDGE ( 'NONE', *, *, #3890, .F. ) ;
#3111 = CARTESIAN_POINT ( 'NONE',  ( -31.00000000000000000, 0.000000000000000000, 10.99999999999999645 ) ) ;
#3112 = CARTESIAN_POINT ( 'NONE',  ( 0.3765108072645215742, 1.000172012996297433, -11.96160464216572805 ) ) ;
#3113 = CARTESIAN_POINT ( 'NONE',  ( 2.688614482482825974, 26.65506458870445528, 9.038331378101544189 ) ) ;
#3114 = CARTESIAN_POINT ( 'NONE',  ( 5.489412330416858055, 28.83926542524156389, -11.48205009564205348 ) ) ;
#3115 = CARTESIAN_POINT ( 'NONE',  ( -0.6631858028870410982, 7.000003971959700699, -9.961525172770997472 ) ) ;
#3116 = CARTESIAN_POINT ( 'NONE',  ( -46.61133186086159697, 27.01520666300589113, -0.9999999999999983347 ) ) ;
#3117 = CARTESIAN_POINT ( 'NONE',  ( -15.87979599997218294, 23.38068674039627837, -15.24698904701649305 ) ) ;
#3118 = ORIENTED_EDGE ( 'NONE', *, *, #2620, .T. ) ;
#3119 = CARTESIAN_POINT ( 'NONE',  ( 12.96397042583015846, 26.33417673809950088, -13.62451432704052934 ) ) ;
#3120 = CARTESIAN_POINT ( 'NONE',  ( 1.458950050777785501, 1.042568339249792864, 11.98149096540068648 ) ) ;
#3121 = ORIENTED_EDGE ( 'NONE', *, *, #3260, .F. ) ;
#3122 = CARTESIAN_POINT ( 'NONE',  ( -30.99999999999983658, 26.44326146099449559, -17.14869954454649914 ) ) ;
#3123 = CARTESIAN_POINT ( 'NONE',  ( 31.00000000000000000, 27.99999999999999645, -10.95445115010331705 ) ) ;
#3124 = EDGE_CURVE ( 'NONE', #3994, #131, #1702, .T. ) ;
#3125 = CARTESIAN_POINT ( 'NONE',  ( 21.00000000000000355, 24.00000000000000000, 15.58845726811990140 ) ) ;
#3126 = ORIENTED_EDGE ( 'NONE', *, *, #2871, .T. ) ;
#3127 = CARTESIAN_POINT ( 'NONE',  ( 30.00000000000000000, 24.00000000000000000, 0.000000000000000000 ) ) ;
#3128 = CARTESIAN_POINT ( 'NONE',  ( 5.355859869934930906, 5.141861220038645541, -15.54792182287564373 ) ) ;
#3129 = CARTESIAN_POINT ( 'NONE',  ( 7.532759198750844654, 10.39084907972473815, 10.63991633728494435 ) ) ;
#3130 = AXIS2_PLACEMENT_3D ( 'NONE', #2452, #461, #4045 ) ;
#3131 = EDGE_CURVE ( 'NONE', #699, #3950, #1070, .T. ) ;
#3132 = CARTESIAN_POINT ( 'NONE',  ( 6.872740063314478398, 2.259142080393218066, 12.53578937697114881 ) ) ;
#3133 = CARTESIAN_POINT ( 'NONE',  ( -6.845026461057555522, 9.702660952321602750, -10.52241382120346813 ) ) ;
#3134 = FACE_OUTER_BOUND ( 'NONE', #1711, .T. ) ;
#3135 = CIRCLE ( 'NONE', #1990, 18.00000000000000355 ) ;
#3136 = AXIS2_PLACEMENT_3D ( 'NONE', #1777, #1441, #4011 ) ;
#3137 = CARTESIAN_POINT ( 'NONE',  ( 1.448861051196563832, 30.00000000000000355, 6.686167172227164279 ) ) ;
#3138 = ORIENTED_EDGE ( 'NONE', *, *, #986, .T. ) ;
#3139 = AXIS2_PLACEMENT_3D ( 'NONE', #2466, #3449, #2424 ) ;
#3140 = CARTESIAN_POINT ( 'NONE',  ( 12.66692523685198424, 26.52919786160541094, -13.43374127936717599 ) ) ;
#3141 = B_SPLINE_CURVE_WITH_KNOTS ( 'NONE', 3,
 ( #2549, #3451, #948, #2808, #246, #562, #545, #1849, #1544, #905, #2248, #2571, #3129, #4081, #1234, #2528, #285, #227, #3169, #1525, #3843, #2511, #1278, #1256 ),
 .UNSPECIFIED., .F., .F.,
 ( 4, 2, 2, 2, 2, 2, 2, 2, 2, 2, 2, 4 ),
 ( 0.007744140924829136935, 0.009705847174203922206, 0.01068670029889131311, 0.01166755342357870401, 0.01264840654826609491, 0.01362925967295348581, 0.01559096592232826588, 0.01755267217170304941, 0.01951437842107783122, 0.02049523154576522038, 0.02147608467045260955, 0.02343779091982738788 ),
 .UNSPECIFIED. ) ;
#3142 = CARTESIAN_POINT ( 'NONE',  ( 23.00000000000000000, 24.00000000000000000, -12.12435565298214435 ) ) ;
#3143 = ORIENTED_EDGE ( 'NONE', *, *, #1709, .T. ) ;
#3144 = PLANE ( 'NONE',  #1458 ) ;
#3145 = LINE ( 'NONE', #1538, #4057 ) ;
#3146 = DIRECTION ( 'NONE',  ( -0.000000000000000000, 1.000000000000000000, -0.000000000000000000 ) ) ;
#3147 = ORIENTED_EDGE ( 'NONE', *, *, #3947, .F. ) ;
#3148 = VECTOR ( 'NONE', #3957, 1000.000000000000000 ) ;
#3149 = DIRECTION ( 'NONE',  ( -0.000000000000000000, 1.000000000000000000, -0.000000000000000000 ) ) ;
#3150 = CARTESIAN_POINT ( 'NONE',  ( -0.7270944761813044055, 0.9996619653124215743, -11.96136619776961929 ) ) ;
#3151 = DIRECTION ( 'NONE',  ( 0.000000000000000000, 0.000000000000000000, 1.000000000000000000 ) ) ;
#3152 = EDGE_CURVE ( 'NONE', #2666, #2183, #3219, .T. ) ;
#3153 = CARTESIAN_POINT ( 'NONE',  ( -28.99999999999999645, 27.99999999999999645, 0.000000000000000000 ) ) ;
#3154 = CYLINDRICAL_SURFACE ( 'NONE', #2934, 9.999999999999991118 ) ;
#3155 = CARTESIAN_POINT ( 'NONE',  ( 0.000000000000000000, 28.00000000000000000, 51.96152422706631313 ) ) ;
#3156 = LINE ( 'NONE', #251, #1806 ) ;
#3157 = ORIENTED_EDGE ( 'NONE', *, *, #584, .T. ) ;
#3158 = CARTESIAN_POINT ( 'NONE',  ( -30.00000000000000000, 24.00000000000000000, 0.000000000000000000 ) ) ;
#3159 = CARTESIAN_POINT ( 'NONE',  ( 11.52942861970357669, 23.01720119136074061, -17.79007490134640435 ) ) ;
#3160 = CIRCLE ( 'NONE', #2900, 13.99999999999999822 ) ;
#3161 = DIRECTION ( 'NONE',  ( 0.000000000000000000, 0.000000000000000000, 1.000000000000000000 ) ) ;
#3162 = ORIENTED_EDGE ( 'NONE', *, *, #1008, .F. ) ;
#3163 = CARTESIAN_POINT ( 'NONE',  ( -0.7279191041495702841, 30.00000000000000355, -6.325618504905183848 ) ) ;
#3164 = DIRECTION ( 'NONE',  ( -2.664535259100375697E-15, 0.000000000000000000, 1.000000000000000000 ) ) ;
#3165 = CARTESIAN_POINT ( 'NONE',  ( -47.97220075561143915, 24.26316777965513083, 1.000000000000002220 ) ) ;
#3166 = VERTEX_POINT ( 'NONE', #192 ) ;
#3167 = CARTESIAN_POINT ( 'NONE',  ( 7.033077913786287105, 29.04244543896017916, 9.848685724631843996 ) ) ;
#3168 = CARTESIAN_POINT ( 'NONE',  ( 1.227251892153794488, 4.053981899575689773, -11.97840504073165135 ) ) ;
#3169 = CARTESIAN_POINT ( 'NONE',  ( 3.222373027115818633, 7.527708234360416029, 10.08413587770850128 ) ) ;
#3170 = CARTESIAN_POINT ( 'NONE',  ( 30.99999999999981526, 25.03482898272062585, -17.84463380296332602 ) ) ;
#3171 = CARTESIAN_POINT ( 'NONE',  ( 7.459985162950689030, 27.66300343722662447, 13.66096359964479667 ) ) ;
#3172 = EDGE_CURVE ( 'NONE', #1289, #883, #3617, .T. ) ;
#3173 = ORIENTED_EDGE ( 'NONE', *, *, #2228, .F. ) ;
#3174 = CARTESIAN_POINT ( 'NONE',  ( -11.00487167697044910, 23.92921801484683186, 17.39675292427833142 ) ) ;
#3175 = CC_DESIGN_SECURITY_CLASSIFICATION ( #2239, ( #2303 ) ) ;
#3176 = CARTESIAN_POINT ( 'NONE',  ( -30.00000000000000000, 30.00000000000000000, 0.000000000000000000 ) ) ;
#3177 = CARTESIAN_POINT ( 'NONE',  ( 17.08660637596060283, 14.48549936126869220, -15.79453458413775380 ) ) ;
#3178 = EDGE_CURVE ( 'NONE', #3386, #135, #3487, .T. ) ;
#3179 = VERTEX_POINT ( 'NONE', #4067 ) ;
#3180 = CARTESIAN_POINT ( 'NONE',  ( 14.23442799563253303, 25.36971843961125472, -14.41431389409664021 ) ) ;
#3181 = CARTESIAN_POINT ( 'NONE',  ( 7.119745346696062960, 28.98661070354511793, -9.908955921904805564 ) ) ;
#3182 = ADVANCED_FACE ( 'NONE', ( #528 ), #873, .T. ) ;
#3183 = FACE_BOUND ( 'NONE', #4003, .T. ) ;
#3184 = ORIENTED_EDGE ( 'NONE', *, *, #2299, .F. ) ;
#3185 = CARTESIAN_POINT ( 'NONE',  ( 14.24448343145408913, 7.898899010155622236, 14.58152774005180063 ) ) ;
#3186 = CARTESIAN_POINT ( 'NONE',  ( -2.880235757759070925, 29.84142840669201036, -7.463616831229676229 ) ) ;
#3187 = DIRECTION ( 'NONE',  ( -0.000000000000000000, -1.000000000000000000, -0.000000000000000000 ) ) ;
#3188 = DIRECTION ( 'NONE',  ( 0.000000000000000000, -1.000000000000000000, 0.000000000000000000 ) ) ;
#3189 = VERTEX_POINT ( 'NONE', #3684 ) ;
#3190 = CARTESIAN_POINT ( 'NONE',  ( 47.97220075561142494, 24.00000000000000000, -0.9999999999999978906 ) ) ;
#3191 = CARTESIAN_POINT ( 'NONE',  ( -0.5464569422550483724, 3.999725346906294554, -14.96137804991779419 ) ) ;
#3192 = CARTESIAN_POINT ( 'NONE',  ( 30.00000000000000000, 0.000000000000000000, 0.000000000000000000 ) ) ;
#3193 = CARTESIAN_POINT ( 'NONE',  ( 47.97220075561142494, 30.00000000000000000, 1.000000000000002220 ) ) ;
#3194 = CARTESIAN_POINT ( 'NONE',  ( 30.99999999999991829, 28.00000000000000000, -13.96424004376894423 ) ) ;
#3195 = ORIENTED_EDGE ( 'NONE', *, *, #897, .T. ) ;
#3196 = CARTESIAN_POINT ( 'NONE',  ( -14.36672144962862063, 25.25360095986113862, 14.49241445514871707 ) ) ;
#3197 = AXIS2_PLACEMENT_3D ( 'NONE', #779, #3744, #1110 ) ;
#3198 = CARTESIAN_POINT ( 'NONE',  ( 17.22865888275720536, 15.53349963868222083, -15.86202044709545511 ) ) ;
#3199 = ORIENTED_EDGE ( 'NONE', *, *, #1991, .T. ) ;
#3200 = CARTESIAN_POINT ( 'NONE',  ( -30.00000000000000000, 0.000000000000000000, 0.000000000000000000 ) ) ;
#3201 = CARTESIAN_POINT ( 'NONE',  ( 8.480244978450940607, 26.93713363223094959, -12.28918114349514745 ) ) ;
#3202 = EDGE_CURVE ( 'NONE', #1751, #2218, #1664, .T. ) ;
#3203 = FACE_BOUND ( 'NONE', #238, .T. ) ;
#3204 = EDGE_LOOP ( 'NONE', ( #2049, #710, #864, #3443, #3995 ) ) ;
#3205 = CARTESIAN_POINT ( 'NONE',  ( 12.78431318300209085, 14.54970761551935254, 13.79269439042142587 ) ) ;
#3206 = DIRECTION ( 'NONE',  ( 0.000000000000000000, 0.000000000000000000, 1.000000000000000000 ) ) ;
#3207 = CALENDAR_DATE ( 2026, 4, 8 ) ;
#3208 = CARTESIAN_POINT ( 'NONE',  ( -28.99999999999999645, 30.00200000000000244, -10.95445115010331882 ) ) ;
#3209 = EDGE_LOOP ( 'NONE', ( #516, #3692, #3376, #2575 ) ) ;
#3210 = DIRECTION ( 'NONE',  ( -0.000000000000000000, 1.000000000000000000, -0.000000000000000000 ) ) ;
#3211 = CARTESIAN_POINT ( 'NONE',  ( -12.99775226244089943, 17.36878892144286368, -18.59854286158837766 ) ) ;
#3212 = DIRECTION ( 'NONE',  ( 0.000000000000000000, 0.000000000000000000, -1.000000000000000000 ) ) ;
#3213 = CARTESIAN_POINT ( 'NONE',  ( 30.99999999999986855, 27.47258215537555515, -15.97098594159885465 ) ) ;
#3214 = CARTESIAN_POINT ( 'NONE',  ( 11.68983933807475672, 22.68750000000000000, 17.87340312894770022 ) ) ;
#3215 = AXIS2_PLACEMENT_3D ( 'NONE', #148, #4024, #804 ) ;
#3216 = ORIENTED_EDGE ( 'NONE', *, *, #575, .F. ) ;
#3217 = CARTESIAN_POINT ( 'NONE',  ( -1.448861051203236938, 30.00000000000000355, 6.686167172215031762 ) ) ;
#3218 = VECTOR ( 'NONE', #3188, 1000.000000000000000 ) ;
#3219 = B_SPLINE_CURVE_WITH_KNOTS ( 'NONE', 3,
 ( #482, #2087, #3707, #3372, #2772, #1835, #1789, #1814, #3116, #1451, #1494, #825, #2749, #1111, #1769, #3434, #169, #1198 ),
 .UNSPECIFIED., .F., .F.,
 ( 4, 2, 2, 2, 2, 2, 2, 2, 4 ),
 ( 0.02001229541629796771, 0.02079418803225030477, 0.02157608064820264182, 0.02235797326415497888, 0.02313986588010731593, 0.02392175849605965299, 0.02470365111201199351, 0.02548554372796433057, 0.02626743634391666762 ),
 .UNSPECIFIED. ) ;
#3220 = CARTESIAN_POINT ( 'NONE',  ( 17.10744827112485922, 19.39045282932056224, -15.80439305843162145 ) ) ;
#3221 = CARTESIAN_POINT ( 'NONE',  ( 8.692085750436527647, 21.95502328592356278, 10.87050929868021498 ) ) ;
#3222 = B_SPLINE_CURVE_WITH_KNOTS ( 'NONE', 3,
 ( #2904, #1295, #2589, #2266, #57, #727, #2377, #3340, #2653, #662, #2718, #2013 ),
 .UNSPECIFIED., .F., .F.,
 ( 4, 2, 2, 2, 2, 4 ),
 ( 0.03913155903861058327, 0.04106779147746603825, 0.04300402391632149324, 0.04397214013574922420, 0.04494025635517695516, 0.04687648879403243096 ),
 .UNSPECIFIED. ) ;
#3223 = CARTESIAN_POINT ( 'NONE',  ( -9.493908795029035730, 8.109534607829758102, -16.85296448810228043 ) ) ;
#3224 = ORIENTED_EDGE ( 'NONE', *, *, #927, .F. ) ;
#3225 = EDGE_CURVE ( 'NONE', #61, #1123, #2211, .T. ) ;
#3226 = EDGE_CURVE ( 'NONE', #2920, #180, #3754, .T. ) ;
#3227 = CARTESIAN_POINT ( 'NONE',  ( 5.785220462171297484, 1.859805209199225873, 12.35604450856521019 ) ) ;
#3228 = DIRECTION ( 'NONE',  ( 2.664535259100376486E-15, 0.000000000000000000, 1.000000000000000000 ) ) ;
#3229 = COORDINATED_UNIVERSAL_TIME_OFFSET ( 5, 30, .AHEAD. ) ;
#3230 = AXIS2_PLACEMENT_3D ( 'NONE', #1973, #3902, #3550 ) ;
#3231 = CARTESIAN_POINT ( 'NONE',  ( -31.00000000000029488, 27.99999999999999645, -8.296934567957716353E-13 ) ) ;
#3232 = AXIS2_PLACEMENT_3D ( 'NONE', #437, #3680, #1743 ) ;
#3233 = ORIENTED_EDGE ( 'NONE', *, *, #978, .F. ) ;
#3234 = CARTESIAN_POINT ( 'NONE',  ( 30.00000000000000000, 24.00000000000000000, 0.000000000000000000 ) ) ;
#3235 = CARTESIAN_POINT ( 'NONE',  ( -11.36810932725779999, 4.922526390708261701, -13.60706655723512348 ) ) ;
#3236 = CARTESIAN_POINT ( 'NONE',  ( 6.149151781462032673, 24.91338975025729852, -10.32307003710629267 ) ) ;
#3237 = CARTESIAN_POINT ( 'NONE',  ( 30.00000000000000000, 30.00000000000000000, 0.000000000000000000 ) ) ;
#3238 = ADVANCED_FACE ( 'NONE', ( #3134 ), #3287, .T. ) ;
#3239 = CARTESIAN_POINT ( 'NONE',  ( -15.30726185632339487, 24.31279420708678174, 15.00534088286157441 ) ) ;
#3240 = ORIENTED_EDGE ( 'NONE', *, *, #1250, .T. ) ;
#3241 = DIRECTION ( 'NONE',  ( 0.000000000000000000, 0.000000000000000000, 1.000000000000000000 ) ) ;
#3242 = CARTESIAN_POINT ( 'NONE',  ( 1.419930664993279912, 1.050633150285043449, -11.98516933387331029 ) ) ;
#3243 = CYLINDRICAL_SURFACE ( 'NONE', #2289, 20.00000000000000000 ) ;
#3244 = AXIS2_PLACEMENT_3D ( 'NONE', #3445, #578, #3483 ) ;
#3245 = CARTESIAN_POINT ( 'NONE',  ( 3.427287409437827392, 4.430589001664874793, -15.18808124612691124 ) ) ;
#3246 = VERTEX_POINT ( 'NONE', #3726 ) ;
#3247 = CARTESIAN_POINT ( 'NONE',  ( 16.24274530024203855, 11.45743178888585945, 15.40699648143819722 ) ) ;
#3248 = DIRECTION ( 'NONE',  ( 1.000000000000000000, 0.000000000000000000, 3.149091769236048498E-16 ) ) ;
#3249 = CALENDAR_DATE ( 2026, 4, 8 ) ;
#3250 = CARTESIAN_POINT ( 'NONE',  ( -16.19415644289175304, 22.78302320726879771, 15.37967043337071793 ) ) ;
#3251 = ORIENTED_EDGE ( 'NONE', *, *, #765, .T. ) ;
#3252 = CARTESIAN_POINT ( 'NONE',  ( 0.000000000000000000, 24.00000000000000000, -51.96152422706631313 ) ) ;
#3253 = CARTESIAN_POINT ( 'NONE',  ( -13.13562007437260881, 6.584702896262419891, -14.17905785085086023 ) ) ;
#3254 = EDGE_CURVE ( 'NONE', #542, #2626, #794, .T. ) ;
#3255 = CYLINDRICAL_SURFACE ( 'NONE', #1284, 13.00000000000000178 ) ;
#3256 = DIRECTION ( 'NONE',  ( 0.000000000000000000, 0.000000000000000000, -1.000000000000000000 ) ) ;
#3257 = CARTESIAN_POINT ( 'NONE',  ( -12.31734096751897845, 12.75692894183189097, 18.20690488974744170 ) ) ;
#3258 = ORIENTED_EDGE ( 'NONE', *, *, #2151, .T. ) ;
#3259 = FACE_OUTER_BOUND ( 'NONE', #1353, .T. ) ;
#3260 = EDGE_CURVE ( 'NONE', #1123, #2154, #987, .T. ) ;
#3261 = CARTESIAN_POINT ( 'NONE',  ( -4.930380657631323784E-29, 7.000000000000008882, 9.961524227066318460 ) ) ;
#3262 = CARTESIAN_POINT ( 'NONE',  ( -7.141428428542839768, 24.00000000000000000, -10.57312005391655241 ) ) ;
#3263 = CARTESIAN_POINT ( 'NONE',  ( 0.000000000000000000, 30.00000000000000000, 11.96152422706631846 ) ) ;
#3264 = TOROIDAL_SURFACE ( 'NONE', #964, 45.99999999999999289, 4.000000000000000000 ) ;
#3265 = CARTESIAN_POINT ( 'NONE',  ( 4.513735827003188206, 29.20442066634785050, 10.44231049392868194 ) ) ;
#3266 = AXIS2_PLACEMENT_3D ( 'NONE', #3492, #1280, #586 ) ;
#3267 = ORIENTED_EDGE ( 'NONE', *, *, #3946, .T. ) ;
#3268 = CARTESIAN_POINT ( 'NONE',  ( 9.720449925886819997, 8.323968470925759533, 13.07633776094580291 ) ) ;
#3269 = DIRECTION ( 'NONE',  ( -0.000000000000000000, -1.000000000000000000, 0.000000000000000000 ) ) ;
#3270 = PERSON_AND_ORGANIZATION_ROLE ( 'design_supplier' ) ;
#3271 = AXIS2_PLACEMENT_3D ( 'NONE', #239, #1923, #3206 ) ;
#3272 = CARTESIAN_POINT ( 'NONE',  ( -12.01078182461913180, 11.99593767027343816, 18.04141791424831709 ) ) ;
#3273 = ORIENTED_EDGE ( 'NONE', *, *, #1914, .T. ) ;
#3274 = DIRECTION ( 'NONE',  ( 0.000000000000000000, 0.000000000000000000, 1.000000000000000000 ) ) ;
#3275 = CARTESIAN_POINT ( 'NONE',  ( -17.13692726943449074, 14.72400255020409077, -15.81809277606833675 ) ) ;
#3276 = CARTESIAN_POINT ( 'NONE',  ( 28.99999999999986144, 27.47258215537555159, -15.97098594159883689 ) ) ;
#3277 = FACE_BOUND ( 'NONE', #2579, .T. ) ;
#3278 = B_SPLINE_CURVE_WITH_KNOTS ( 'NONE', 3,
 ( #1808, #1404, #752, #2700, #2360, #1468, #1424, #1086 ),
 .UNSPECIFIED., .F., .F.,
 ( 4, 2, 2, 4 ),
 ( 0.04735542236778040454, 0.05030508671249829533, 0.05177991888485723726, 0.05325475105721617919 ),
 .UNSPECIFIED. ) ;
#3279 = CARTESIAN_POINT ( 'NONE',  ( 10.56029318827018848, 9.406934911100263363, 17.31812869153903733 ) ) ;
#3280 = ORIENTED_EDGE ( 'NONE', *, *, #478, .F. ) ;
#3281 = ORIENTED_EDGE ( 'NONE', *, *, #2393, .T. ) ;
#3282 = CARTESIAN_POINT ( 'NONE',  ( -10.96294716581311590, 23.99618709304023767, 17.36157623837737063 ) ) ;
#3283 = EDGE_CURVE ( 'NONE', #3809, #940, #3530, .T. ) ;
#3284 = DIRECTION ( 'NONE',  ( 0.000000000000000000, 0.000000000000000000, -1.000000000000000000 ) ) ;
#3285 = CARTESIAN_POINT ( 'NONE',  ( 9.414845902546325742E-12, 1.000000000000000444, 11.96152422706632024 ) ) ;
#3286 = CARTESIAN_POINT ( 'NONE',  ( 19.99999999999999645, 30.00000000000000000, 17.32050807568877460 ) ) ;
#3287 = TOROIDAL_SURFACE ( 'NONE', #640, 45.99999999999999289, 6.000000000000000000 ) ;
#3288 = CARTESIAN_POINT ( 'NONE',  ( 5.335471188669206555, 25.46405503259857284, 10.02612850965033786 ) ) ;
#3289 = CARTESIAN_POINT ( 'NONE',  ( 11.68983933807475317, 22.68750000000000355, 17.87340312894769667 ) ) ;
#3290 = CARTESIAN_POINT ( 'NONE',  ( -11.89710660814659704, 22.35990358718114734, -13.79856833808835859 ) ) ;
#3291 = EDGE_LOOP ( 'NONE', ( #721, #3063, #3951, #1247 ) ) ;
#3292 = CARTESIAN_POINT ( 'NONE',  ( -30.00000000000000000, 30.00000000000000000, 0.000000000000000000 ) ) ;
#3293 = DIRECTION ( 'NONE',  ( -2.664535259100375697E-15, 0.000000000000000000, 1.000000000000000000 ) ) ;
#3294 = CARTESIAN_POINT ( 'NONE',  ( -17.20011137503044196, 18.82558540491790922, 15.84837443417892011 ) ) ;
#3295 = VERTEX_POINT ( 'NONE', #3194 ) ;
#3296 = VECTOR ( 'NONE', #3557, 1000.000000000000000 ) ;
#3297 = DIRECTION ( 'NONE',  ( 2.676430505792786015E-14, 0.000000000000000000, -1.000000000000000000 ) ) ;
#3298 = CARTESIAN_POINT ( 'NONE',  ( -12.78431318300093622, 14.54970761551944491, -13.79269439041733136 ) ) ;
#3299 = CIRCLE ( 'NONE', #2026, 13.99999999999999822 ) ;
#3300 = CARTESIAN_POINT ( 'NONE',  ( 28.99999999999991829, 28.00000000000000000, -13.96424004376893535 ) ) ;
#3301 = CARTESIAN_POINT ( 'NONE',  ( -21.00000000000001421, 0.000000000000000000, 15.58845726811990140 ) ) ;
#3302 = ORIENTED_EDGE ( 'NONE', *, *, #1791, .T. ) ;
#3303 = VERTEX_POINT ( 'NONE', #3786 ) ;
#3304 = CARTESIAN_POINT ( 'NONE',  ( 0.000000000000000000, 30.00000000000000355, 5.961524227066320236 ) ) ;
#3305 = CARTESIAN_POINT ( 'NONE',  ( -6.845004159335151606, 9.702639977008139738, 10.52241012854724111 ) ) ;
#3306 = ADVANCED_FACE ( 'NONE', ( #888 ), #2250, .T. ) ;
#3307 = CARTESIAN_POINT ( 'NONE',  ( -10.52508746455966282, 4.234719992419847756, 13.35525129532224220 ) ) ;
#3308 = CARTESIAN_POINT ( 'NONE',  ( 31.00000000000000000, 27.01561717598879753, 16.61103419390756741 ) ) ;
#3309 = B_SPLINE_CURVE_WITH_KNOTS ( 'NONE', 3,
 ( #2426, #3703, #188, #4042, #1155, #2449, #3431, #2788, #3091, #1491 ),
 .UNSPECIFIED., .F., .F.,
 ( 4, 2, 2, 2, 4 ),
 ( 0.000000000000000000, 0.002957929909472329245, 0.003697412386840419254, 0.004436894864208509696, 0.005915859818944688847 ),
 .UNSPECIFIED. ) ;
#3310 = CARTESIAN_POINT ( 'NONE',  ( 6.660047426639891910, 24.49110685313572588, 10.49005939862847647 ) ) ;
#3311 = EDGE_CURVE ( 'NONE', #61, #3386, #4103, .T. ) ;
#3312 = FACE_OUTER_BOUND ( 'NONE', #3819, .T. ) ;
#3313 = CARTESIAN_POINT ( 'NONE',  ( -8.500109207986799476, 26.85417618825378838, -14.81920112497366482 ) ) ;
#3314 = ORIENTED_EDGE ( 'NONE', *, *, #2438, .F. ) ;
#3315 = CARTESIAN_POINT ( 'NONE',  ( 12.99775226244089410, 17.36878892144347120, 18.59854286159016823 ) ) ;
#3316 = CARTESIAN_POINT ( 'NONE',  ( 0.000000000000000000, 30.00000000000000000, 51.96152422706631313 ) ) ;
#3317 = EDGE_CURVE ( 'NONE', #2554, #2132, #1586, .T. ) ;
#3318 = CC_DESIGN_APPROVAL ( #2040, ( #2303 ) ) ;
#3319 = ORIENTED_EDGE ( 'NONE', *, *, #3414, .F. ) ;
#3320 = CARTESIAN_POINT ( 'NONE',  ( -29.99999999999999645, 30.00000000000000000, 20.00000000000000000 ) ) ;
#3321 = CARTESIAN_POINT ( 'NONE',  ( 28.99999999999999645, 27.18222439334252982, 16.40702844718722631 ) ) ;
#3322 = CARTESIAN_POINT ( 'NONE',  ( 40.95445115010331705, 0.000000000000000000, -1.000000000000000222 ) ) ;
#3323 = CARTESIAN_POINT ( 'NONE',  ( 4.191780053469477352, 26.08475108942137766, -9.584325160684411316 ) ) ;
#3324 = CARTESIAN_POINT ( 'NONE',  ( 30.00000000000000000, 0.000000000000000000, -20.00000000000000000 ) ) ;
#3325 = EDGE_LOOP ( 'NONE', ( #1004, #3147, #590, #3531 ) ) ;
#3326 = VERTEX_POINT ( 'NONE', #1909 ) ;
#3327 = CARTESIAN_POINT ( 'NONE',  ( 10.43292929526872825, 9.192411499126114549, -13.23945344175680461 ) ) ;
#3328 = CARTESIAN_POINT ( 'NONE',  ( 0.000000000000000000, 17.00000000000000000, 20.00200000000000244 ) ) ;
#3329 = CARTESIAN_POINT ( 'NONE',  ( -13.55470751342216928, 7.038310768858882405, 14.32489588061851293 ) ) ;
#3330 = CARTESIAN_POINT ( 'NONE',  ( -30.00000000000000000, 30.00000000000000000, 0.000000000000000000 ) ) ;
#3331 = CARTESIAN_POINT ( 'NONE',  ( -12.03317727667555026, 21.98181818181818059, -13.62345556346796016 ) ) ;
#3332 = EDGE_LOOP ( 'NONE', ( #29, #580, #3862, #3173 ) ) ;
#3333 = CARTESIAN_POINT ( 'NONE',  ( 17.10324700646620855, 19.48423395964125859, 15.80209507348716613 ) ) ;
#3334 = VECTOR ( 'NONE', #2112, 1000.000000000000000 ) ;
#3335 = DIRECTION ( 'NONE',  ( 0.000000000000000000, 0.000000000000000000, 1.000000000000000000 ) ) ;
#3336 = EDGE_CURVE ( 'NONE', #3326, #2465, #949, .T. ) ;
#3337 = AXIS2_PLACEMENT_3D ( 'NONE', #1582, #2827, #2187 ) ;
#3338 = CARTESIAN_POINT ( 'NONE',  ( -12.90372532121640248, 6.339584169173714479, 14.09912864002806288 ) ) ;
#3339 = EDGE_LOOP ( 'NONE', ( #2605, #1940, #3679, #69, #1301 ) ) ;
#3340 = CARTESIAN_POINT ( 'NONE',  ( -8.690988802842644745, 21.95690155984733138, -10.87027821531690464 ) ) ;
#3341 = CARTESIAN_POINT ( 'NONE',  ( 28.99999999999999645, 27.87206747910044058, 15.00355427395762042 ) ) ;
#3342 = CARTESIAN_POINT ( 'NONE',  ( 45.00355427395761154, 27.87206747910043703, 1.000000000000000888 ) ) ;
#3343 = CARTESIAN_POINT ( 'NONE',  ( 12.99999999999921663, 16.56336568282169708, 18.59986959184105615 ) ) ;
#3344 = ORIENTED_EDGE ( 'NONE', *, *, #1683, .T. ) ;
#3345 = VECTOR ( 'NONE', #4018, 1000.000000000000000 ) ;
#3346 = VERTEX_POINT ( 'NONE', #973 ) ;
#3347 = CARTESIAN_POINT ( 'NONE',  ( -30.00000000000000000, 24.00000000000000000, 0.000000000000000000 ) ) ;
#3348 = CARTESIAN_POINT ( 'NONE',  ( 9.911236738512796407, 8.541812835157891470, -13.11925516355564802 ) ) ;
#3349 = DIRECTION ( 'NONE',  ( 0.000000000000000000, 0.000000000000000000, 1.000000000000000000 ) ) ;
#3350 = DIRECTION ( 'NONE',  ( 0.000000000000000000, 1.000000000000000000, -0.000000000000000000 ) ) ;
#3351 = PRODUCT_DEFINITION ( 'UNKNOWN', '', #2303, #3760 ) ;
#3352 = CARTESIAN_POINT ( 'NONE',  ( 9.601347008944927097, 25.76995989377340024, 16.02021152331705878 ) ) ;
#3353 = AXIS2_PLACEMENT_3D ( 'NONE', #3330, #1093, #421 ) ;
#3354 = CARTESIAN_POINT ( 'NONE',  ( -7.804701248081084231, 28.77766700839259428, -10.32824619007537237 ) ) ;
#3355 = ORIENTED_EDGE ( 'NONE', *, *, #934, .T. ) ;
#3356 = CARTESIAN_POINT ( 'NONE',  ( 11.93065336446044888, 22.19254135757298130, 17.99849829270371515 ) ) ;
#3357 = CARTESIAN_POINT ( 'NONE',  ( 30.00000000000000000, 28.00000000000000000, 0.000000000000000000 ) ) ;
#3358 = EDGE_CURVE ( 'NONE', #1289, #2465, #388, .T. ) ;
#3359 = ADVANCED_FACE ( 'NONE', ( #99 ), #2988, .F. ) ;
#3360 = CARTESIAN_POINT ( 'NONE',  ( -5.081683708961546309, 1.691236586168760159, 12.27930457575559053 ) ) ;
#3361 = ORIENTED_EDGE ( 'NONE', *, *, #1689, .F. ) ;
#3362 = CARTESIAN_POINT ( 'NONE',  ( -30.99999999999986144, 27.47202547651910010, -15.97192497668712541 ) ) ;
#3363 = CARTESIAN_POINT ( 'NONE',  ( -12.23113600106472276, 21.49812953221766421, -13.67053122603035753 ) ) ;
#3364 = CARTESIAN_POINT ( 'NONE',  ( 20.99999999999999645, 0.000000000000000000, -15.58845726811988719 ) ) ;
#3365 = LINE ( 'NONE', #3718, #2957 ) ;
#3366 = ORIENTED_EDGE ( 'NONE', *, *, #1304, .T. ) ;
#3367 = ORIENTED_EDGE ( 'NONE', *, *, #1031, .T. ) ;
#3368 = CARTESIAN_POINT ( 'NONE',  ( 9.724911886934846095, 8.328881147543532038, -13.07732782155990137 ) ) ;
#3369 = AXIS2_PLACEMENT_3D ( 'NONE', #3887, #23, #3955 ) ;
#3370 = CARTESIAN_POINT ( 'NONE',  ( 10.50972525704406735, 4.275234996280718569, 13.36227168844413704 ) ) ;
#3371 = CARTESIAN_POINT ( 'NONE',  ( 5.016504391807697694, 8.324785954221789908, -10.25860613367313512 ) ) ;
#3372 = CARTESIAN_POINT ( 'NONE',  ( -45.00163274055147156, 27.87254110502511040, -0.9999999999999988898 ) ) ;
#3373 =( BOUNDED_SURFACE ( )  B_SPLINE_SURFACE ( 3, 2, ( 
 ( #2952, #41, #2638 ),
 ( #2315, #2768, #4062 ),
 ( #3071, #2468, #3389 ),
 ( #1425, #143, #1108 ),
 ( #1763, #1154, #1405 ),
 ( #165, #2404, #2701 ),
 ( #799, #3975, #2745 ),
 ( #2103, #1087, #4020 ),
 ( #1785, #820, #2384 ),
 ( #1469, #1809, #438 ),
 ( #2042, #458, #3052 ),
 ( #187, #3090, #2062 ),
 ( #3722, #1490, #4041 ),
 ( #477, #2448, #2123 ),
 ( #1447, #777, #3659 ),
 ( #1174, #1132, #3740 ),
 ( #2084, #3032, #2425 ),
 ( #1744, #3408, #502 ),
 ( #3013, #3681, #3702 ),
 ( #2787, #3327, #3996 ),
 ( #417, #1720, #102 ),
 ( #753, #3348, #123 ),
 ( #2725, #3368, #1277 ),
 ( #2548, #523, #3782 ),
 ( #1889, #925, #2226 ),
 ( #263, #2510, #867 ),
 ( #3128, #2186, #885 ),
 ( #1233, #2527, #1193 ),
 ( #3822, #2145, #2826 ),
 ( #3430, #1869, #1906 ),
 ( #3508, #561, #842 ),
 ( #1562, #3489, #1831 ),
 ( #2861, #3168, #2206 ),
 ( #3465, #2570, #4134 ),
 ( #1255, #602, #3112 ),
 ( #3191, #226, #3150 ),
 ( #207, #245, #284 ),
 ( #544, #1581, #4099 ),
 ( #2883, #1506, #1848 ),
 ( #4080, #2807, #4157 ),
 ( #2489, #3764, #2166 ),
 ( #1214, #3450, #1524 ),
 ( #1543, #2844, #4118 ),
 ( #3800, #904, #582 ),
 ( #992, #3879, #1360 ),
 ( #1338, #4177, #683 ),
 ( #946, #1624, #2654 ),
 ( #663, #705, #1296 ),
 ( #3568, #3842, #3235 ),
 ( #1970, #2247, #2014 ),
 ( #645, #3527, #2905 ),
 ( #76, #369, #1693 ),
 ( #2986, #1378, #3253 ),
 ( #2288, #346, #968 ),
 ( #328, #1989, #624 ),
 ( #1644, #1668, #2922 ),
 ( #1949, #308, #2946 ),
 ( #15, #36, #58 ),
 ( #2633, #3900, #3858 ),
 ( #2590, #2967, #1315 ),
 ( #2612, #3298, #3608 ),
 ( #1013, #2267, #3275 ),
 ( #2307, #3548, #3588 ),
 ( #3923, #1036, #392 ),
 ( #2330, #1605, #1929 ),
 ( #3211, #2719, #2378 ),
 ( #1081, #2737, #471 ),
 ( #3633, #3027, #1757 ),
 ( #4012, #1148, #431 ),
 ( #1778, #451, #3045 ),
 ( #494, #182, #1736 ),
 ( #3945, #3673, #2675 ),
 ( #137, #3652, #1057 ),
 ( #3065, #1442, #1125 ),
 ( #2442, #3363, #1803 ),
 ( #770, #1713, #1101 ) ),
 .UNSPECIFIED., .F., .F., .F. ) 
 B_SPLINE_SURFACE_WITH_KNOTS ( ( 4, 2, 2, 2, 2, 2, 2, 2, 2, 2, 2, 2, 2, 2, 2, 2, 2, 2, 2, 2, 2, 2, 2, 2, 2, 2, 2, 2, 2, 2, 2, 2, 2, 2, 2, 2, 2, 4 ),
 ( 3, 3 ),
 ( 0.000000000000000000, 0.004074926441986113056, 0.006112389662979169150, 0.008149852883972226111, 0.01018731610496528134, 0.01222477932595833830, 0.01426224254695139526, 0.01528097415744792374, 0.01629970576794445222, 0.01833716898893750918, 0.01935590059943403593, 0.02037463220993056268, 0.02444955865191667660, 0.02648702187290973356, 0.02852448509390279052, 0.03056194831489584748, 0.03158067992539237423, 0.03259941153588890445, 0.03463687475688195794, 0.03565560636737848815, 0.03667433797787501837, 0.04074926441986112535, 0.04176799603035765557, 0.04278672764085418578, 0.04482419086184723928, 0.04584292247234376949, 0.04686165408284029277, 0.04889911730383335320, 0.05093658052482641363, 0.05297404374581946712, 0.05501150696681252061, 0.05704897018780558104, 0.05806770179830211126, 0.05908643340879864148, 0.06112389662979169497, 0.06214262824028822518, 0.06316135985078474846, 0.06519882307177780889 ),
 ( 0.000000000000000000, 1.000000000000000000 ),
 .UNSPECIFIED. ) 
 GEOMETRIC_REPRESENTATION_ITEM ( )  RATIONAL_B_SPLINE_SURFACE ( (
 ( 1.000000000000000000, 0.5702358449965411191, 1.000000000000000000),
 ( 1.000000000000000000, 0.5576194881880834897, 1.000000000000000000),
 ( 1.000000000000000000, 0.5472691944338907710, 1.000000000000000000),
 ( 1.000000000000000000, 0.5373483425879931330, 1.000000000000000000),
 ( 1.000000000000000000, 0.5349861083598090872, 1.000000000000000000),
 ( 1.000000000000000000, 0.5325214816001104801, 1.000000000000000000),
 ( 1.000000000000000000, 0.5323858918639350346, 1.000000000000000000),
 ( 1.000000000000000000, 0.5342959905782189711, 1.000000000000000000),
 ( 1.000000000000000000, 0.5363509294904004188, 1.000000000000000000),
 ( 1.000000000000000000, 0.5425112690945187444, 1.000000000000000000),
 ( 1.000000000000000000, 0.5465531788926096812, 1.000000000000000000),
 ( 1.000000000000000000, 0.5561639709844683477, 1.000000000000000000),
 ( 1.000000000000000000, 0.5617326493309017232, 1.000000000000000000),
 ( 1.000000000000000000, 0.5709495336710006530, 1.000000000000000000),
 ( 1.000000000000000000, 0.5741773208389434613, 1.000000000000000000),
 ( 1.000000000000000000, 0.5808038294523675260, 1.000000000000000000),
 ( 1.000000000000000000, 0.5842037966772056778, 1.000000000000000000),
 ( 1.000000000000000000, 0.5945865159200114380, 1.000000000000000000),
 ( 1.000000000000000000, 0.6017502957213094472, 1.000000000000000000),
 ( 1.000000000000000000, 0.6125920252172976088, 1.000000000000000000),
 ( 1.000000000000000000, 0.6162224544033567675, 1.000000000000000000),
 ( 1.000000000000000000, 0.6234764005175168489, 1.000000000000000000),
 ( 1.000000000000000000, 0.6271118067366631132, 1.000000000000000000),
 ( 1.000000000000000000, 0.6450013733289697848, 1.000000000000000000),
 ( 1.000000000000000000, 0.6583709457184362401, 1.000000000000000000),
 ( 1.000000000000000000, 0.6756111486051679105, 1.000000000000000000),
 ( 1.000000000000000000, 0.6809206408704779889, 1.000000000000000000),
 ( 1.000000000000000000, 0.6901260611072004281, 1.000000000000000000),
 ( 1.000000000000000000, 0.6940512704029386803, 1.000000000000000000),
 ( 1.000000000000000000, 0.7004420374972071262, 1.000000000000000000),
 ( 1.000000000000000000, 0.7029082405299409420, 1.000000000000000000),
 ( 1.000000000000000000, 0.7054127971531598540, 1.000000000000000000),
 ( 1.000000000000000000, 0.7060491155477680580, 1.000000000000000000),
 ( 1.000000000000000000, 0.7068928844226735064, 1.000000000000000000),
 ( 1.000000000000000000, 0.7071034938474209941, 1.000000000000000000),
 ( 1.000000000000000000, 0.7071132413650105253, 1.000000000000000000),
 ( 1.000000000000000000, 0.7062913554252030490, 1.000000000000000000),
 ( 1.000000000000000000, 0.7038421431074274315, 1.000000000000000000),
 ( 1.000000000000000000, 0.7028227350211470048, 1.000000000000000000),
 ( 1.000000000000000000, 0.7003791823357757851, 1.000000000000000000),
 ( 1.000000000000000000, 0.6989482795180255170, 1.000000000000000000),
 ( 1.000000000000000000, 0.6908893901353557743, 1.000000000000000000),
 ( 1.000000000000000000, 0.6815699334237659279, 1.000000000000000000),
 ( 1.000000000000000000, 0.6671442814141911315, 1.000000000000000000),
 ( 1.000000000000000000, 0.6641119681782281514, 1.000000000000000000),
 ( 1.000000000000000000, 0.6578708285829522051, 1.000000000000000000),
 ( 1.000000000000000000, 0.6546544366481475974, 1.000000000000000000),
 ( 1.000000000000000000, 0.6447654032960914439, 1.000000000000000000),
 ( 1.000000000000000000, 0.6378521141611436240, 1.000000000000000000),
 ( 1.000000000000000000, 0.6271959902956407706, 1.000000000000000000),
 ( 1.000000000000000000, 0.6235963828035088197, 1.000000000000000000),
 ( 1.000000000000000000, 0.6163378377447855661, 1.000000000000000000),
 ( 1.000000000000000000, 0.6126670621103039727, 1.000000000000000000),
 ( 1.000000000000000000, 0.6017492086382383309, 1.000000000000000000),
 ( 1.000000000000000000, 0.5945778136883899112, 1.000000000000000000),
 ( 1.000000000000000000, 0.5807952075787512491, 1.000000000000000000),
 ( 1.000000000000000000, 0.5741829986488595772, 1.000000000000000000),
 ( 1.000000000000000000, 0.5619196899467000517, 1.000000000000000000),
 ( 1.000000000000000000, 0.5562404343559169684, 1.000000000000000000),
 ( 1.000000000000000000, 0.5465837351536056987, 1.000000000000000000),
 ( 1.000000000000000000, 0.5425701054677265489, 1.000000000000000000),
 ( 1.000000000000000000, 0.5364669007034426063, 1.000000000000000000),
 ( 1.000000000000000000, 0.5343779585275442168, 1.000000000000000000),
 ( 1.000000000000000000, 0.5328853730419784718, 1.000000000000000000),
 ( 1.000000000000000000, 0.5326630051115640585, 1.000000000000000000),
 ( 1.000000000000000000, 0.5327837784381693753, 1.000000000000000000),
 ( 1.000000000000000000, 0.5331234385514577179, 1.000000000000000000),
 ( 1.000000000000000000, 0.5349500327610313688, 1.000000000000000000),
 ( 1.000000000000000000, 0.5372462846411892867, 1.000000000000000000),
 ( 1.000000000000000000, 0.5421529558554818440, 1.000000000000000000),
 ( 1.000000000000000000, 0.5440317761813310282, 1.000000000000000000),
 ( 1.000000000000000000, 0.5482454410343348128, 1.000000000000000000),
 ( 1.000000000000000000, 0.5505845055693803225, 1.000000000000000000),
 ( 1.000000000000000000, 0.5581418187831743705, 1.000000000000000000),
 ( 1.000000000000000000, 0.5639204618651305623, 1.000000000000000000),
 ( 1.000000000000000000, 0.5702358449965406750, 1.000000000000000000) ) ) 
 REPRESENTATION_ITEM ( '' )  SURFACE ( )  );
#3374 = CARTESIAN_POINT ( 'NONE',  ( -16.16299523834684138, 22.74112638057523839, -15.37154707264711462 ) ) ;
#3375 = CARTESIAN_POINT ( 'NONE',  ( -5.734508681849527889, 29.34721695696607924, -9.081472726874352475 ) ) ;
#3376 = ORIENTED_EDGE ( 'NONE', *, *, #3616, .T. ) ;
#3377 = CARTESIAN_POINT ( 'NONE',  ( 16.50544563709683388, 21.79770481394493586, 15.52545832506924839 ) ) ;
#3378 = CARTESIAN_POINT ( 'NONE',  ( 30.00000000000000000, 0.000000000000000000, 0.000000000000000000 ) ) ;
#3379 = CARTESIAN_POINT ( 'NONE',  ( -5.355859869935335915, 5.141861220038804525, 15.54792182287743252 ) ) ;
#3380 = VERTEX_POINT ( 'NONE', #3324 ) ;
#3381 = FACE_OUTER_BOUND ( 'NONE', #50, .T. ) ;
#3382 = CARTESIAN_POINT ( 'NONE',  ( 29.00000000000000000, 26.44152756656971093, 17.15002632247913894 ) ) ;
#3383 = LOCAL_TIME ( 21, 20, 33.00000000000000000, #2263 ) ;
#3384 = CARTESIAN_POINT ( 'NONE',  ( 46.61103419390757097, 27.01561717598879753, 1.000000000000001776 ) ) ;
#3385 = CARTESIAN_POINT ( 'NONE',  ( 45.97304807789340231, 27.47138770719883993, -0.9999999999999983347 ) ) ;
#3386 = VERTEX_POINT ( 'NONE', #3301 ) ;
#3387 = CARTESIAN_POINT ( 'NONE',  ( -31.00000000000000000, 24.00000000000000000, 17.97220075561142849 ) ) ;
#3388 = CARTESIAN_POINT ( 'NONE',  ( -2.333995197478472949, 29.83919377831762887, -8.185682360764852561 ) ) ;
#3389 = CARTESIAN_POINT ( 'NONE',  ( 16.66101533305299398, 21.50959518868125642, -15.59513294586072263 ) ) ;
#3390 = CARTESIAN_POINT ( 'NONE',  ( -5.328323423863364106, 25.46863059046366473, 10.02344574620335926 ) ) ;
#3391 = CARTESIAN_POINT ( 'NONE',  ( 1.448861051196641103, 30.00000000000000355, -6.686167172227011513 ) ) ;
#3392 = CARTESIAN_POINT ( 'NONE',  ( -10.76823287659934181, 24.29143598476507293, -17.18848982794021651 ) ) ;
#3393 = CARTESIAN_POINT ( 'NONE',  ( 0.000000000000000000, 30.00000000000000000, 51.96152422706631313 ) ) ;
#3394 = CARTESIAN_POINT ( 'NONE',  ( -15.55404818371694198, 24.00000000000000000, -15.10950141828942073 ) ) ;
#3395 = EDGE_LOOP ( 'NONE', ( #474, #2322, #2060, #1422, #3281, #550, #3267 ) ) ;
#3396 = CARTESIAN_POINT ( 'NONE',  ( -10.74891676397770901, 24.45517955857762971, 13.71314660049717027 ) ) ;
#3397 = DIRECTION ( 'NONE',  ( 1.000000000000000000, 0.000000000000000000, 0.000000000000000000 ) ) ;
#3398 = DIRECTION ( 'NONE',  ( 0.000000000000000000, 1.000000000000000000, -0.000000000000000000 ) ) ;
#3399 = CARTESIAN_POINT ( 'NONE',  ( -9.875849258761551397, 8.541844463541082177, 17.01429825263450724 ) ) ;
#3400 = ORIENTED_EDGE ( 'NONE', *, *, #1865, .F. ) ;
#3401 = CARTESIAN_POINT ( 'NONE',  ( -28.99999999999999289, 27.87215182914066602, 15.00318336417240772 ) ) ;
#3402 = AXIS2_PLACEMENT_3D ( 'NONE', #198, #2071, #2437 ) ;
#3403 = CARTESIAN_POINT ( 'NONE',  ( 47.94611691583700264, 24.52572923158695772, 1.000000000000002220 ) ) ;
#3404 = CARTESIAN_POINT ( 'NONE',  ( 12.55173327196798994, 13.58874713387609567, 18.34041128786417829 ) ) ;
#3405 = VERTEX_POINT ( 'NONE', #2037 ) ;
#3406 = LINE ( 'NONE', #2165, #976 ) ;
#3407 = CARTESIAN_POINT ( 'NONE',  ( -2.651730747774877959E-95, 30.00000000000000355, -5.961524227066313131 ) ) ;
#3408 = CARTESIAN_POINT ( 'NONE',  ( 11.19774843577339318, 10.31975408065495792, -13.42184770393604687 ) ) ;
#3409 = CARTESIAN_POINT ( 'NONE',  ( -1.355700980845305326, 26.91348935137112974, 8.722649764310199672 ) ) ;
#3410 = CARTESIAN_POINT ( 'NONE',  ( 3.494057721809173067, 1.326426969504800324, 12.11289901699099048 ) ) ;
#3411 = CARTESIAN_POINT ( 'NONE',  ( -7.533844962368600129, 10.39217450287965150, -10.64012282282464383 ) ) ;
#3412 = CARTESIAN_POINT ( 'NONE',  ( 30.00000000000000000, 0.000000000000000000, 0.000000000000000000 ) ) ;
#3413 = AXIS2_PLACEMENT_3D ( 'NONE', #1518, #2396, #2736 ) ;
#3414 = EDGE_CURVE ( 'NONE', #2292, #2504, #3623, .T. ) ;
#3415 = VECTOR ( 'NONE', #644, 1000.000000000000000 ) ;
#3416 = CARTESIAN_POINT ( 'NONE',  ( -23.00000000000000000, 30.00000000000000000, -12.12435565298214435 ) ) ;
#3417 = CARTESIAN_POINT ( 'NONE',  ( -16.90756278500115428, 20.39528492355443490, -15.71044644010016356 ) ) ;
#3418 = ORIENTED_EDGE ( 'NONE', *, *, #1842, .T. ) ;
#3419 = CARTESIAN_POINT ( 'NONE',  ( -11.97546082081641750, 22.14996032610054044, 13.71927256188639710 ) ) ;
#3420 = CARTESIAN_POINT ( 'NONE',  ( 0.000000000000000000, 24.00000000000000000, 51.96152422706631313 ) ) ;
#3421 = EDGE_CURVE ( 'NONE', #1504, #1144, #2141, .T. ) ;
#3422 = CIRCLE ( 'NONE', #3353, 8.999999999999998224 ) ;
#3423 = CARTESIAN_POINT ( 'NONE',  ( -4.184671630103507844, 4.671506251762226114, 12.16665219269062526 ) ) ;
#3424 = ORIENTED_EDGE ( 'NONE', *, *, #4111, .T. ) ;
#3425 = CARTESIAN_POINT ( 'NONE',  ( -28.99999999999999645, 26.00764172247803074, 17.44088033189241926 ) ) ;
#3426 = CIRCLE ( 'NONE', #173, 18.00000000000000355 ) ;
#3427 = DIRECTION ( 'NONE',  ( -3.149091769236048498E-16, 0.000000000000000000, -1.000000000000000000 ) ) ;
#3428 = EDGE_LOOP ( 'NONE', ( #3798, #966, #1841, #2699, #2971 ) ) ;
#3429 = CARTESIAN_POINT ( 'NONE',  ( -30.99999999999981171, 24.00000000000000000, -17.97220075561144270 ) ) ;
#3430 = CARTESIAN_POINT ( 'NONE',  ( 2.760536388250244055, 4.284701938156963763, -15.11201937156169350 ) ) ;
#3431 = CARTESIAN_POINT ( 'NONE',  ( -12.88735443505632006, 18.72563051664069533, 18.53370999452796752 ) ) ;
#3432 = CARTESIAN_POINT ( 'NONE',  ( 16.83811899727302119, 13.08442571157982037, 15.67426535079691163 ) ) ;
#3433 = CARTESIAN_POINT ( 'NONE',  ( 5.034235259946586716, 29.49882348491501105, -8.673226687618280195 ) ) ;
#3434 = CARTESIAN_POINT ( 'NONE',  ( -47.94644024511980973, 24.52273256872765828, -0.9999999999999981126 ) ) ;
#3435 = TOROIDAL_SURFACE ( 'NONE', #1606, 14.00000000000000000, 4.000000000000000000 ) ;
#3436 = CARTESIAN_POINT ( 'NONE',  ( 0.000000000000000000, 30.00000000000000355, 5.961524227066320236 ) ) ;
#3437 = AXIS2_PLACEMENT_3D ( 'NONE', #2099, #3480, #3161 ) ;
#3438 = ORIENTED_EDGE ( 'NONE', *, *, #3817, .T. ) ;
#3439 = CARTESIAN_POINT ( 'NONE',  ( -5.559503105356917274, 28.76493179490121932, 11.56385701760262918 ) ) ;
#3440 = CARTESIAN_POINT ( 'NONE',  ( -28.99999999999984013, 26.64464635301287743, -16.98303696005551799 ) ) ;
#3441 = ADVANCED_FACE ( 'NONE', ( #3737 ), #2080, .F. ) ;
#3442 = CARTESIAN_POINT ( 'NONE',  ( 2.914017263991772744, 1.224994278593489749, 12.06615501523711487 ) ) ;
#3443 = ORIENTED_EDGE ( 'NONE', *, *, #856, .F. ) ;
#3444 = DIRECTION ( 'NONE',  ( -1.000000000000000000, 0.000000000000000000, 0.000000000000000000 ) ) ;
#3445 = CARTESIAN_POINT ( 'NONE',  ( 30.00000000000000000, 30.00200000000000244, 0.000000000000000000 ) ) ;
#3446 = EDGE_CURVE ( 'NONE', #375, #326, #3365, .T. ) ;
#3447 = DIRECTION ( 'NONE',  ( -0.000000000000000000, -1.000000000000000000, -0.000000000000000000 ) ) ;
#3448 = EDGE_LOOP ( 'NONE', ( #449, #3361, #612, #3852, #1823, #351, #13 ) ) ;
#3449 = DIRECTION ( 'NONE',  ( -3.149091769236048498E-16, -0.000000000000000000, 1.000000000000000000 ) ) ;
#3450 = CARTESIAN_POINT ( 'NONE',  ( -4.768520300733834816, 4.836999030569809399, -12.21646158490601053 ) ) ;
#3451 = CARTESIAN_POINT ( 'NONE',  ( 9.999999999999992895, 16.34478935071922834, 11.16936811832403542 ) ) ;
#3452 = CARTESIAN_POINT ( 'NONE',  ( 13.99500406110162487, 7.573302281064028030, 14.48721671100765818 ) ) ;
#3453 = CARTESIAN_POINT ( 'NONE',  ( 4.443306573781698354, 8.017398813196978224, -10.19279349123962319 ) ) ;
#3454 = CARTESIAN_POINT ( 'NONE',  ( -14.38749456993816089, 24.00000000000000000, 17.87340312894769667 ) ) ;
#3455 = CARTESIAN_POINT ( 'NONE',  ( -15.64787906062913692, 10.17284128111885622, -15.14881834276549988 ) ) ;
#3456 = ORIENTED_EDGE ( 'NONE', *, *, #765, .F. ) ;
#3457 = CARTESIAN_POINT ( 'NONE',  ( 9.813595883255326058, 25.53227789959117544, -16.24485014724391974 ) ) ;
#3458 = ORIENTED_EDGE ( 'NONE', *, *, #1631, .T. ) ;
#3459 = EDGE_CURVE ( 'NONE', #2928, #2610, #2276, .T. ) ;
#3460 = CARTESIAN_POINT ( 'NONE',  ( -10.94037866415784954, 27.51333241779484950, -12.31528835459867466 ) ) ;
#3461 = DIRECTION ( 'NONE',  ( 0.000000000000000000, 1.000000000000000000, -0.000000000000000000 ) ) ;
#3462 = DIRECTION ( 'NONE',  ( 0.000000000000000000, 0.000000000000000000, -1.000000000000000000 ) ) ;
#3463 = ORIENTED_EDGE ( 'NONE', *, *, #3662, .T. ) ;
#3464 = DIRECTION ( 'NONE',  ( -0.000000000000000000, 1.000000000000000000, -0.000000000000000000 ) ) ;
#3465 = CARTESIAN_POINT ( 'NONE',  ( 0.5601786739438562313, 4.009088526599368763, -14.96636536058634981 ) ) ;
#3466 = CARTESIAN_POINT ( 'NONE',  ( -9.999999999999991118, 17.00000000000000000, 11.16936811832404253 ) ) ;
#3467 = CIRCLE ( 'NONE', #4136, 8.999999999999996447 ) ;
#3468 = DIRECTION ( 'NONE',  ( 0.000000000000000000, 1.000000000000000000, -0.000000000000000000 ) ) ;
#3469 = CARTESIAN_POINT ( 'NONE',  ( 30.99999999999986144, 27.18356333603248487, -16.40528608391371890 ) ) ;
#3470 = CARTESIAN_POINT ( 'NONE',  ( -12.77741447439180078, 26.45808776302060750, 13.50501915887292093 ) ) ;
#3471 = AXIS2_PLACEMENT_3D ( 'NONE', #2862, #868, #3151 ) ;
#3472 = ORIENTED_EDGE ( 'NONE', *, *, #1571, .F. ) ;
#3473 = TOROIDAL_SURFACE ( 'NONE', #1120, 14.00000000000000000, 6.000000000000000000 ) ;
#3474 = CARTESIAN_POINT ( 'NONE',  ( 16.20466126180475186, 22.76305139735566030, -15.38410417803600971 ) ) ;
#3475 = VERTEX_POINT ( 'NONE', #1444 ) ;
#3476 = CIRCLE ( 'NONE', #1121, 6.000000000000000888 ) ;
#3477 = CARTESIAN_POINT ( 'NONE',  ( 12.88735443505801825, 18.72563051662809031, -18.53370999452894452 ) ) ;
#3478 = CARTESIAN_POINT ( 'NONE',  ( 13.54510693037035551, 25.92147791488820374, -13.99211242432403957 ) ) ;
#3479 =( BOUNDED_SURFACE ( )  B_SPLINE_SURFACE ( 3, 2, ( 
 ( #3289, #129, #1072 ),
 ( #2959, #3643, #2643 ),
 ( #1725, #2067, #3037 ),
 ( #3685, #109, #1409 ),
 ( #3981, #1433, #2685 ),
 ( #2388, #3912, #2665 ),
 ( #3624, #1026, #759 ),
 ( #2320, #3959, #1351 ),
 ( #3352, #3599, #697 ),
 ( #2729, #3936, #2005 ),
 ( #2995, #86, #3664 ),
 ( #1388, #4001, #1049 ),
 ( #443, #2710, #382 ),
 ( #2369, #404, #718 ),
 ( #739, #2028, #1748 ),
 ( #3265, #2410, #361 ),
 ( #828, #3077, #1495 ),
 ( #850, #2498, #2814 ),
 ( #212, #1771, #3137 ),
 ( #3436, #3708, #529 ) ),
 .UNSPECIFIED., .F., .F., .F. ) 
 B_SPLINE_SURFACE_WITH_KNOTS ( ( 4, 2, 2, 2, 2, 2, 2, 2, 2, 4 ),
 ( 3, 3 ),
 ( -3.903127820947815962E-18, 0.001350437688729305913, 0.002700875377458615730, 0.004051313066187925763, 0.005401750754917234928, 0.008102626132375854995, 0.01080350150983447333, 0.01350437688729309166, 0.01620525226475170999, 0.02160700301966895012 ),
 ( 0.000000000000000000, 1.000000000000000000 ),
 .UNSPECIFIED. ) 
 GEOMETRIC_REPRESENTATION_ITEM ( )  RATIONAL_B_SPLINE_SURFACE ( (
 ( 1.000000000000000000, 0.5702358449965407861, 1.000000000000000000),
 ( 1.000000000000000000, 0.5831040951868724509, 1.000000000000000000),
 ( 1.000000000000000000, 0.5972674134109078325, 1.000000000000000000),
 ( 1.000000000000000000, 0.6267005355684106549, 1.000000000000000000),
 ( 1.000000000000000000, 0.6419685592301935806, 1.000000000000000000),
 ( 1.000000000000000000, 0.6726746053799561587, 1.000000000000000000),
 ( 1.000000000000000000, 0.6881896289783439036, 1.000000000000000000),
 ( 1.000000000000000000, 0.7184850277552828901, 1.000000000000000000),
 ( 1.000000000000000000, 0.7332144698625759904, 1.000000000000000000),
 ( 1.000000000000000000, 0.7758360890201354554, 1.000000000000000000),
 ( 1.000000000000000000, 0.8021444324288707906, 1.000000000000000000),
 ( 1.000000000000000000, 0.8499896103467874386, 1.000000000000000000),
 ( 1.000000000000000000, 0.8716234742839447103, 1.000000000000000000),
 ( 1.000000000000000000, 0.9093196092347130000, 1.000000000000000000),
 ( 1.000000000000000000, 0.9255117847715264023, 1.000000000000000000),
 ( 1.000000000000000000, 0.9530103291933840204, 1.000000000000000000),
 ( 1.000000000000000000, 0.9643166757222642049, 1.000000000000000000),
 ( 1.000000000000000000, 0.9913139834766321323, 1.000000000000000000),
 ( 1.000000000000000000, 1.000056020334301410, 1.000000000000000000),
 ( 1.000000000000000000, 1.000000000000000000, 1.000000000000000000) ) ) 
 REPRESENTATION_ITEM ( '' )  SURFACE ( )  );
#3480 = DIRECTION ( 'NONE',  ( 0.000000000000000000, 1.000000000000000000, -0.000000000000000000 ) ) ;
#3481 = ORIENTED_EDGE ( 'NONE', *, *, #3663, .F. ) ;
#3482 = DIRECTION ( 'NONE',  ( 0.000000000000000000, -1.000000000000000000, 0.000000000000000000 ) ) ;
#3483 = DIRECTION ( 'NONE',  ( 0.000000000000000000, 0.000000000000000000, -1.000000000000000000 ) ) ;
#3484 = EDGE_CURVE ( 'NONE', #3069, #2688, #144, .T. ) ;
#3485 = DIRECTION ( 'NONE',  ( 0.000000000000000000, 0.000000000000000000, -1.000000000000000000 ) ) ;
#3486 = ORIENTED_EDGE ( 'NONE', *, *, #3982, .F. ) ;
#3487 = CIRCLE ( 'NONE', #1737, 41.99999999999998579 ) ;
#3488 = CARTESIAN_POINT ( 'NONE',  ( 13.37104007742476597, 26.04963862845316314, 13.88278461003927156 ) ) ;
#3489 = CARTESIAN_POINT ( 'NONE',  ( 1.533987027142458048, 4.086508405503299635, -11.98855516183976988 ) ) ;
#3490 = DIRECTION ( 'NONE',  ( 0.000000000000000000, 0.000000000000000000, 1.000000000000000000 ) ) ;
#3491 = EDGE_CURVE ( 'NONE', #3950, #277, #1660, .T. ) ;
#3492 = CARTESIAN_POINT ( 'NONE',  ( 30.00000000000000000, 24.00000000000000000, 0.000000000000000000 ) ) ;
#3493 = CARTESIAN_POINT ( 'NONE',  ( 11.51780159356096611, 23.04109887357379804, 17.78403503832644361 ) ) ;
#3494 = ORIENTED_EDGE ( 'NONE', *, *, #1304, .F. ) ;
#3495 = CARTESIAN_POINT ( 'NONE',  ( 17.04589747726261706, 19.74048016863806865, -15.77528529581050876 ) ) ;
#3496 = AXIS2_PLACEMENT_3D ( 'NONE', #3393, #4047, #2454 ) ;
#3497 = ORIENTED_EDGE ( 'NONE', *, *, #3459, .F. ) ;
#3498 = DIRECTION ( 'NONE',  ( -0.000000000000000000, -1.000000000000000000, -0.000000000000000000 ) ) ;
#3499 = CARTESIAN_POINT ( 'NONE',  ( 9.159623238759952102, 28.29718310132285097, -11.17410967950991996 ) ) ;
#3500 = AXIS2_PLACEMENT_3D ( 'NONE', #1738, #2721, #3992 ) ;
#3501 = CARTESIAN_POINT ( 'NONE',  ( 9.790070711834996331, 8.405645258831196287, -16.97001778510646020 ) ) ;
#3502 = ORIENTED_EDGE ( 'NONE', *, *, #978, .T. ) ;
#3503 = CARTESIAN_POINT ( 'NONE',  ( 4.347954753538561867, 4.698591732857448022, 15.32645548702335603 ) ) ;
#3504 = DIRECTION ( 'NONE',  ( 0.000000000000000000, 0.000000000000000000, 1.000000000000000000 ) ) ;
#3505 = DIRECTION ( 'NONE',  ( -0.000000000000000000, -1.000000000000000000, -0.000000000000000000 ) ) ;
#3506 = EDGE_LOOP ( 'NONE', ( #768, #2658, #1238, #1548 ) ) ;
#3507 = CARTESIAN_POINT ( 'NONE',  ( 5.678788482923823544, 29.38911191113900401, 9.037865750918358643 ) ) ;
#3508 = CARTESIAN_POINT ( 'NONE',  ( 2.220906913628744928, 4.179091925181301903, -15.05639132751038112 ) ) ;
#3509 = CARTESIAN_POINT ( 'NONE',  ( -9.685160703782811353, 19.57205041671009482, 11.09326933507872148 ) ) ;
#3510 = CARTESIAN_POINT ( 'NONE',  ( -28.99999999999981171, 30.00000000000000000, -17.97220075561141783 ) ) ;
#3511 = CARTESIAN_POINT ( 'NONE',  ( -13.66451661800039297, 25.83201743210635470, 14.06709842710474589 ) ) ;
#3512 = ORIENTED_EDGE ( 'NONE', *, *, #2362, .T. ) ;
#3513 = FACE_OUTER_BOUND ( 'NONE', #1151, .T. ) ;
#3514 = EDGE_CURVE ( 'NONE', #2017, #1751, #439, .T. ) ;
#3515 = AXIS2_PLACEMENT_3D ( 'NONE', #1043, #1699, #3241 ) ;
#3516 = DIRECTION ( 'NONE',  ( -0.000000000000000000, -1.000000000000000000, -0.000000000000000000 ) ) ;
#3517 = VERTEX_POINT ( 'NONE', #2765 ) ;
#3518 = DIRECTION ( 'NONE',  ( -0.000000000000000000, -1.000000000000000000, -0.000000000000000000 ) ) ;
#3519 = CARTESIAN_POINT ( 'NONE',  ( 15.55404818371692954, 24.00000000000000000, -15.10950141828942073 ) ) ;
#3520 = CARTESIAN_POINT ( 'NONE',  ( -5.422898896991250162, 5.177463091811056906, -15.56520568032020435 ) ) ;
#3521 = EDGE_LOOP ( 'NONE', ( #2754, #2780, #952, #1622 ) ) ;
#3522 = CARTESIAN_POINT ( 'NONE',  ( 12.28831404729484156, 12.66410449404838623, 13.68383911524061425 ) ) ;
#3523 = CARTESIAN_POINT ( 'NONE',  ( -28.99999999999999645, 24.00000000000000000, 17.97220075561142849 ) ) ;
#3524 = LINE ( 'NONE', #1866, #4155 ) ;
#3525 = VERTEX_POINT ( 'NONE', #1780 ) ;
#3526 = CARTESIAN_POINT ( 'NONE',  ( -31.00000000000000000, 30.00200000000000244, -10.95445115010331705 ) ) ;
#3527 = CARTESIAN_POINT ( 'NONE',  ( -9.905188951099162864, 8.534751589366736724, -13.11788667450025692 ) ) ;
#3528 = DIRECTION ( 'NONE',  ( 0.000000000000000000, 1.000000000000000000, -0.000000000000000000 ) ) ;
#3529 = DIRECTION ( 'NONE',  ( 2.676430505792786015E-14, 0.000000000000000000, -1.000000000000000000 ) ) ;
#3530 = LINE ( 'NONE', #2231, #3820 ) ;
#3531 = ORIENTED_EDGE ( 'NONE', *, *, #3642, .T. ) ;
#3532 = VECTOR ( 'NONE', #2093, 1000.000000000000000 ) ;
#3533 = DIRECTION ( 'NONE',  ( 1.000000000000000000, 0.000000000000000000, 0.000000000000000000 ) ) ;
#3534 = AXIS2_PLACEMENT_3D ( 'NONE', #1971, #2308, #1669 ) ;
#3535 = EDGE_CURVE ( 'NONE', #3788, #2688, #2555, .T. ) ;
#3536 = EDGE_CURVE ( 'NONE', #553, #2951, #4115, .T. ) ;
#3537 = PLANE ( 'NONE',  #1876 ) ;
#3538 = CARTESIAN_POINT ( 'NONE',  ( 15.55404818371693132, 24.00000000000000000, -15.10950141828942073 ) ) ;
#3539 = CARTESIAN_POINT ( 'NONE',  ( -7.965092066904624346, 6.691407540156375511, -16.27283462583793394 ) ) ;
#3540 = ORIENTED_EDGE ( 'NONE', *, *, #4064, .T. ) ;
#3541 = CARTESIAN_POINT ( 'NONE',  ( 12.67806528989974169, 14.07302633194224839, 18.41244036202992262 ) ) ;
#3542 = CARTESIAN_POINT ( 'NONE',  ( -9.665419848713341366, 28.09379055725225172, -11.49608119332973644 ) ) ;
#3543 = APPROVAL_STATUS ( 'not_yet_approved' ) ;
#3544 = EDGE_CURVE ( 'NONE', #1034, #1460, #851, .T. ) ;
#3545 = LINE ( 'NONE', #1710, #442 ) ;
#3546 = ORIENTED_EDGE ( 'NONE', *, *, #249, .T. ) ;
#3547 = CARTESIAN_POINT ( 'NONE',  ( 28.99999999999999645, 27.99999999999999645, -10.95445115010331882 ) ) ;
#3548 = CARTESIAN_POINT ( 'NONE',  ( -12.96524657465711527, 15.92507537707746224, -13.82764844557982187 ) ) ;
#3549 = DIRECTION ( 'NONE',  ( -3.149091769236048498E-16, 0.000000000000000000, -1.000000000000000000 ) ) ;
#3550 = DIRECTION ( 'NONE',  ( -0.8992184106211347228, -0.4375000000000004441, 0.000000000000000000 ) ) ;
#3551 = CARTESIAN_POINT ( 'NONE',  ( 7.141428428542837992, 24.00000000000000000, -10.57312005391655774 ) ) ;
#3552 = CARTESIAN_POINT ( 'NONE',  ( -2.286432656035457089, 29.81001817581359958, -8.151004848798608649 ) ) ;
#3553 = VECTOR ( 'NONE', #1684, 1000.000000000000000 ) ;
#3554 = CARTESIAN_POINT ( 'NONE',  ( -11.68983933807475672, 22.68750000000000000, 17.87340312894770022 ) ) ;
#3555 = CIRCLE ( 'NONE', #603, 20.00000000000000000 ) ;
#3556 = CARTESIAN_POINT ( 'NONE',  ( 23.00000000000000000, 27.99999999999999645, -12.12435565298214435 ) ) ;
#3557 = DIRECTION ( 'NONE',  ( -0.000000000000000000, 1.000000000000000000, -0.000000000000000000 ) ) ;
#3558 = CARTESIAN_POINT ( 'NONE',  ( 13.00000000000000355, 16.56893039574375948, -18.59986959184175248 ) ) ;
#3559 = ORIENTED_EDGE ( 'NONE', *, *, #575, .T. ) ;
#3560 = CARTESIAN_POINT ( 'NONE',  ( 15.01073599518080037, 9.021930661013644936, 14.88259152288548215 ) ) ;
#3561 = DIRECTION ( 'NONE',  ( -0.000000000000000000, 1.000000000000000000, -0.000000000000000000 ) ) ;
#3562 = EDGE_CURVE ( 'NONE', #3303, #2815, #3426, .T. ) ;
#3563 = AXIS2_PLACEMENT_3D ( 'NONE', #1671, #371, #971 ) ;
#3564 = DIRECTION ( 'NONE',  ( -0.000000000000000000, -0.000000000000000000, 1.000000000000000000 ) ) ;
#3565 = EDGE_CURVE ( 'NONE', #4069, #726, #4174, .T. ) ;
#3566 = ORIENTED_EDGE ( 'NONE', *, *, #1865, .T. ) ;
#3567 = CYLINDRICAL_SURFACE ( 'NONE', #228, 18.00000000000000355 ) ;
#3568 = CARTESIAN_POINT ( 'NONE',  ( -8.543844666175001379, 7.187052692485055516, -16.48365088270884016 ) ) ;
#3569 = CARTESIAN_POINT ( 'NONE',  ( 3.598533530319222074, 26.33564560191610937, -9.362911980046465743 ) ) ;
#3570 = CARTESIAN_POINT ( 'NONE',  ( 30.00000000000000000, 24.00000000000000000, 0.000000000000000000 ) ) ;
#3571 = CARTESIAN_POINT ( 'NONE',  ( -0.3635463077560651124, 29.99793164892840025, 6.144106791496829700 ) ) ;
#3572 = EDGE_LOOP ( 'NONE', ( #1307, #3099, #3199, #2759 ) ) ;
#3573 = FACE_OUTER_BOUND ( 'NONE', #3637, .T. ) ;
#3574 = CARTESIAN_POINT ( 'NONE',  ( -8.678712999992018950, 11.98870423823037790, 10.86627851250328902 ) ) ;
#3575 = PERSON ( 'UNSPECIFIED', 'UNSPECIFIED', 'UNSPECIFIED', ('UNSPECIFIED'), ('UNSPECIFIED'), ('UNSPECIFIED') ) ;
#3576 = CARTESIAN_POINT ( 'NONE',  ( 31.00000000000001066, 25.28934042080472011, 17.76742501261330176 ) ) ;
#3577 = CARTESIAN_POINT ( 'NONE',  ( 11.56369748835304634, 27.19231374203989660, -12.72074768498676001 ) ) ;
#3578 = CARTESIAN_POINT ( 'NONE',  ( 5.422612741629984967, 5.177238601499893456, -15.56510044087383093 ) ) ;
#3579 = ORIENTED_EDGE ( 'NONE', *, *, #1350, .F. ) ;
#3580 = CARTESIAN_POINT ( 'NONE',  ( 7.829626691869305155, 6.594951386714907215, 12.68976934770197751 ) ) ;
#3581 = CARTESIAN_POINT ( 'NONE',  ( -15.30726392541314240, 24.31279158457810752, -15.00534175615750421 ) ) ;
#3582 = PERSON_AND_ORGANIZATION ( #3575, #2105 ) ;
#3583 = ADVANCED_FACE ( 'NONE', ( #2545 ), #2163, .F. ) ;
#3584 = EDGE_CURVE ( 'NONE', #2504, #895, #3524, .T. ) ;
#3585 = CARTESIAN_POINT ( 'NONE',  ( -12.67772721374734246, 20.07695091881746308, 13.77127513391023328 ) ) ;
#3586 = EDGE_LOOP ( 'NONE', ( #3106, #576, #1961, #2852, #1342 ) ) ;
#3587 = DIRECTION ( 'NONE',  ( -0.000000000000000000, -1.000000000000000000, -0.000000000000000000 ) ) ;
#3588 = CARTESIAN_POINT ( 'NONE',  ( -17.22620233070211171, 15.39717224114248495, -15.86082926962981077 ) ) ;
#3589 = CARTESIAN_POINT ( 'NONE',  ( 0.000000000000000000, 27.99999999999999645, 0.000000000000000000 ) ) ;
#3590 = FACE_OUTER_BOUND ( 'NONE', #2713, .T. ) ;
#3591 = CARTESIAN_POINT ( 'NONE',  ( 6.551982545562869298, 5.763825217263573109, 15.84791526582442245 ) ) ;
#3592 = VERTEX_POINT ( 'NONE', #2181 ) ;
#3593 = ORIENTED_EDGE ( 'NONE', *, *, #1925, .F. ) ;
#3594 = CARTESIAN_POINT ( 'NONE',  ( -9.512464258128492389, 25.86633425569729638, 15.92536522845711033 ) ) ;
#3595 = CARTESIAN_POINT ( 'NONE',  ( -30.00000000000000000, 0.000000000000000000, 0.000000000000000000 ) ) ;
#3596 = DIRECTION ( 'NONE',  ( 0.000000000000000000, 0.000000000000000000, 1.000000000000000000 ) ) ;
#3597 = CARTESIAN_POINT ( 'NONE',  ( -0.6789881360640649399, 26.97840512597309370, 8.636573558577245180 ) ) ;
#3598 = AXIS2_PLACEMENT_3D ( 'NONE', #3668, #2733, #4052 ) ;
#3599 = CARTESIAN_POINT ( 'NONE',  ( 10.55263107359435715, 24.72857624086230288, 13.62070268454461797 ) ) ;
#3600 = CARTESIAN_POINT ( 'NONE',  ( -3.978825323156894633, 29.38919112220673213, -9.878733881743935186 ) ) ;
#3601 = ORIENTED_EDGE ( 'NONE', *, *, #2151, .F. ) ;
#3602 = CARTESIAN_POINT ( 'NONE',  ( 12.39156894007276932, 21.02215505356415193, 13.70753176273849228 ) ) ;
#3603 = CARTESIAN_POINT ( 'NONE',  ( -31.00000000000000000, 28.00000000000000000, 13.96424004376894068 ) ) ;
#3604 = TOROIDAL_SURFACE ( 'NONE', #3136, 46.00000000000000000, 4.000000000000000000 ) ;
#3605 = CARTESIAN_POINT ( 'NONE',  ( -47.97220075561142494, 24.00000000000000000, 1.000000000000002220 ) ) ;
#3606 = VERTEX_POINT ( 'NONE', #3818 ) ;
#3607 = CARTESIAN_POINT ( 'NONE',  ( 0.000000000000000000, 30.00000000000000000, -51.96152422706631313 ) ) ;
#3608 = CARTESIAN_POINT ( 'NONE',  ( -16.86894342119686030, 13.39757087007082070, -15.69224437285171980 ) ) ;
#3609 = CIRCLE ( 'NONE', #2544, 9.999999999999994671 ) ;
#3610 = EDGE_CURVE ( 'NONE', #1204, #1034, #1845, .T. ) ;
#3611 = FACE_OUTER_BOUND ( 'NONE', #681, .T. ) ;
#3612 = CARTESIAN_POINT ( 'NONE',  ( 6.917226309121126349, 5.985036417547462406, 15.95157511014050300 ) ) ;
#3613 = ORIENTED_EDGE ( 'NONE', *, *, #2202, .T. ) ;
#3614 = ORIENTED_EDGE ( 'NONE', *, *, #249, .F. ) ;
#3615 = CARTESIAN_POINT ( 'NONE',  ( -4.460865618052427983, 29.26178233564167286, 10.37340408033207062 ) ) ;
#3616 = EDGE_CURVE ( 'NONE', #2903, #1212, #1401, .T. ) ;
#3617 = CIRCLE ( 'NONE', #1466, 2.999999999999999556 ) ;
#3618 = CARTESIAN_POINT ( 'NONE',  ( -7.141428428542837992, 24.00000000000000000, 10.57312005391655774 ) ) ;
#3619 = CARTESIAN_POINT ( 'NONE',  ( -15.32700538065214957, 9.575948922732180790, 15.01406334759857764 ) ) ;
#3620 = CARTESIAN_POINT ( 'NONE',  ( 31.00000000000000355, 24.26093931960956951, 17.97220075561143204 ) ) ;
#3621 = AXIS2_PLACEMENT_3D ( 'NONE', #2576, #1838, #1795 ) ;
#3622 = CARTESIAN_POINT ( 'NONE',  ( 5.054491069216100918, 25.63466579585071869, 9.918063183880418521 ) ) ;
#3623 = B_SPLINE_CURVE_WITH_KNOTS ( 'NONE', 3,
 ( #2656, #3655, #1628, #668, #3949, #2357, #3257, #1362, #2927, #1994, #3636, #2059, #413, #1716, #18, #78, #3009, #3903, #1400, #2697, #3927, #1319, #3970, #2617, #1648, #1039, #1083, #2312, #3882, #1341, #995, #1672, #2291, #3591, #3612, #350, #2636, #394, #2334, #1016, #3279, #707, #2016, #816, #839, #3404, #3048, #773, #1828, #3068, #3343, #2464 ),
 .UNSPECIFIED., .F., .F.,
 ( 4, 2, 2, 2, 2, 2, 2, 2, 2, 2, 2, 2, 2, 2, 2, 2, 2, 2, 2, 2, 2, 2, 2, 2, 2, 4 ),
 ( 0.005915859818944688847, 0.007210846148595805721, 0.008505832478246917391, 0.01109580513754914594, 0.01239079146720025934, 0.01368577779685137101, 0.01627575045615359955, 0.01886572311545583330, 0.02016070944510695018, 0.02145569577475806705, 0.02404566843406030080, 0.02534065476371141767, 0.02663564109336253455, 0.02922561375266476483, 0.03052060008231588517, 0.03181558641196699511, 0.03311057274161811892, 0.03440555907126922885, 0.03699553173057146260, 0.03829051806022258642, 0.03958550438987369635, 0.04217547704917593010, 0.04347046337882705391, 0.04476544970847816385, 0.04606043603812928766, 0.04735542236778039760 ),
 .UNSPECIFIED. ) ;
#3624 = CARTESIAN_POINT ( 'NONE',  ( 10.22921074252737839, 25.02930120873908848, 16.67112011569671637 ) ) ;
#3625 = CARTESIAN_POINT ( 'NONE',  ( -12.96397042583160442, 26.33417673809898574, -13.62451432704122745 ) ) ;
#3626 = VERTEX_POINT ( 'NONE', #3125 ) ;
#3627 = CARTESIAN_POINT ( 'NONE',  ( 12.87947190102788753, 15.15075207203113017, 18.52885013478108789 ) ) ;
#3628 = CARTESIAN_POINT ( 'NONE',  ( -31.00000000000000000, 30.00200000000000244, 10.95445115010331705 ) ) ;
#3629 = CARTESIAN_POINT ( 'NONE',  ( -12.44503582178085033, 13.15092444885698697, 13.71963762691261834 ) ) ;
#3630 = ORIENTED_EDGE ( 'NONE', *, *, #2202, .F. ) ;
#3631 = AXIS2_PLACEMENT_3D ( 'NONE', #3328, #998, #671 ) ;
#3632 = DIRECTION ( 'NONE',  ( 0.000000000000000000, 1.000000000000000000, -0.000000000000000000 ) ) ;
#3633 = CARTESIAN_POINT ( 'NONE',  ( -12.92812305716810783, 18.47278342979996779, -18.55754428169403170 ) ) ;
#3634 = AXIS2_PLACEMENT_3D ( 'NONE', #2443, #1102, #1149 ) ;
#3635 = DIRECTION ( 'NONE',  ( 0.000000000000000000, 0.000000000000000000, 1.000000000000000000 ) ) ;
#3636 = CARTESIAN_POINT ( 'NONE',  ( -11.02000497598383966, 10.09098275360778985, 17.53569692778422606 ) ) ;
#3637 = EDGE_LOOP ( 'NONE', ( #4148, #1696, #3601, #2082, #996, #2520 ) ) ;
#3638 = VERTEX_POINT ( 'NONE', #1230 ) ;
#3639 = CARTESIAN_POINT ( 'NONE',  ( -4.483885918649749946, 29.23069502289028776, 9.236668968002430091 ) ) ;
#3640 = CARTESIAN_POINT ( 'NONE',  ( -4.443934518604170769, 8.017763555296076206, 10.19287081011444762 ) ) ;
#3641 = CARTESIAN_POINT ( 'NONE',  ( -17.30799021108165903, 16.58113076499214600, 15.89995287295175430 ) ) ;
#3642 = EDGE_CURVE ( 'NONE', #2401, #2069, #3839, .T. ) ;
#3643 = CARTESIAN_POINT ( 'NONE',  ( 11.97546082081985297, 22.14996032609571230, 13.71927256189598587 ) ) ;
#3644 = CARTESIAN_POINT ( 'NONE',  ( -14.62394544302099320, 25.01884555067264770, -14.64158179434584461 ) ) ;
#3645 = ORIENTED_EDGE ( 'NONE', *, *, #3254, .T. ) ;
#3646 = CARTESIAN_POINT ( 'NONE',  ( 12.40487398671378649, 20.89813516134750415, 18.25816326763056452 ) ) ;
#3647 = DIRECTION ( 'NONE',  ( -0.000000000000000000, 1.000000000000000000, -0.000000000000000000 ) ) ;
#3648 = AXIS2_PLACEMENT_3D ( 'NONE', #728, #792, #2419 ) ;
#3649 = CARTESIAN_POINT ( 'NONE',  ( -1.116087236167750740, 4.045003653503520091, 14.98544792194441655 ) ) ;
#3650 = VERTEX_POINT ( 'NONE', #2858 ) ;
#3651 = CARTESIAN_POINT ( 'NONE',  ( -30.00000000000000000, 0.000000000000000000, 0.000000000000000000 ) ) ;
#3652 = CARTESIAN_POINT ( 'NONE',  ( -12.58833117348500252, 20.31207292508323192, -13.75116828816445746 ) ) ;
#3653 = B_SPLINE_CURVE_WITH_KNOTS ( 'NONE', 3,
 ( #3092, #1509, #190, #1492, #146, #778, #3114, #1449, #2747, #2790, #2810, #4065, #3705, #2427, #2493, #3724, #3997, #209, #2472, #1176 ),
 .UNSPECIFIED., .F., .F.,
 ( 4, 2, 2, 2, 2, 2, 2, 2, 2, 4 ),
 ( -2.283388845538955657E-05, 0.002359491115123987185, 0.004741816118703364238, 0.009506466125862122682, 0.01188879112944149843, 0.01427111613302087592, 0.01546227863481055773, 0.01665344113660023953, 0.01784460363838992134, 0.01903576614017960314 ),
 .UNSPECIFIED. ) ;
#3654 = CARTESIAN_POINT ( 'NONE',  ( -1.203706215242022408E-32, 30.00000000000000000, -5.961524227066313131 ) ) ;
#3655 = CARTESIAN_POINT ( 'NONE',  ( -13.00000000000059153, 16.56893039576130988, 18.59986959184210420 ) ) ;
#3656 = ORIENTED_EDGE ( 'NONE', *, *, #1792, .F. ) ;
#3657 = DIRECTION ( 'NONE',  ( 0.000000000000000000, 0.000000000000000000, 1.000000000000000000 ) ) ;
#3658 = CARTESIAN_POINT ( 'NONE',  ( -28.99999999999999645, 0.000000000000000000, -10.95445115010331705 ) ) ;
#3659 = CARTESIAN_POINT ( 'NONE',  ( 15.35357384727019081, 9.623358541214113160, -15.02504748144049529 ) ) ;
#3660 = CARTESIAN_POINT ( 'NONE',  ( 30.00000000000000000, 30.00000000000000000, -14.00000000000000000 ) ) ;
#3661 = CARTESIAN_POINT ( 'NONE',  ( 0.000000000000000000, 24.00000000000000000, -51.96152422706631313 ) ) ;
#3662 = EDGE_CURVE ( 'NONE', #486, #3733, #3727, .T. ) ;
#3663 = EDGE_CURVE ( 'NONE', #4049, #1916, #2280, .T. ) ;
#3664 = CARTESIAN_POINT ( 'NONE',  ( 11.12976565082513503, 27.41881123150247035, 12.43790743244333186 ) ) ;
#3665 = ORIENTED_EDGE ( 'NONE', *, *, #2124, .F. ) ;
#3666 = CARTESIAN_POINT ( 'NONE',  ( 12.13960481751743892, 21.68352648375515912, 18.11153319577968190 ) ) ;
#3667 = VECTOR ( 'NONE', #3529, 1000.000000000000000 ) ;
#3668 = CARTESIAN_POINT ( 'NONE',  ( 0.000000000000000000, 30.00000000000000000, -51.96152422706631313 ) ) ;
#3669 = AXIS2_PLACEMENT_3D ( 'NONE', #1819, #1478, #489 ) ;
#3670 = CARTESIAN_POINT ( 'NONE',  ( -8.149759829848237658, 6.813587235370868633, 16.33253734492104314 ) ) ;
#3671 = EDGE_LOOP ( 'NONE', ( #409, #4097, #1042, #3502 ) ) ;
#3672 = CARTESIAN_POINT ( 'NONE',  ( 0.000000000000000000, 17.00000000000000000, 20.00200000000000244 ) ) ;
#3673 = CARTESIAN_POINT ( 'NONE',  ( -12.64679792365231492, 20.07419205158429421, -13.76378492715470792 ) ) ;
#3674 = CIRCLE ( 'NONE', #1860, 6.000000000000000000 ) ;
#3675 = CARTESIAN_POINT ( 'NONE',  ( -43.96424004376893890, 28.00000000000000000, -0.9999999999999991118 ) ) ;
#3676 = DIRECTION ( 'NONE',  ( -0.000000000000000000, 1.000000000000000000, -0.000000000000000000 ) ) ;
#3677 = ORIENTED_EDGE ( 'NONE', *, *, #2229, .F. ) ;
#3678 = AXIS2_PLACEMENT_3D ( 'NONE', #4098, #3464, #818 ) ;
#3679 = ORIENTED_EDGE ( 'NONE', *, *, #2598, .T. ) ;
#3680 = DIRECTION ( 'NONE',  ( 0.000000000000000000, 1.000000000000000000, -0.000000000000000000 ) ) ;
#3681 = CARTESIAN_POINT ( 'NONE',  ( 10.91411660735736255, 9.863112023752725221, -13.35306987526530165 ) ) ;
#3682 = CARTESIAN_POINT ( 'NONE',  ( 13.55896482528850555, 7.042876606006124085, 14.32637132917385792 ) ) ;
#3683 = CARTESIAN_POINT ( 'NONE',  ( 3.534904891072177424, 7.639873304355569772, -10.10944055661180130 ) ) ;
#3684 = CARTESIAN_POINT ( 'NONE',  ( 20.99999999999999645, 24.00000000000000000, -15.58845726811989429 ) ) ;
#3685 = CARTESIAN_POINT ( 'NONE',  ( 11.00487167697045088, 23.92921801484683186, 17.39675292427832431 ) ) ;
#3686 = AXIS2_PLACEMENT_3D ( 'NONE', #3155, #2864, #1236 ) ;
#3687 = CARTESIAN_POINT ( 'NONE',  ( -5.090519203855177643, 28.99404554688517166, -9.702592336525205141 ) ) ;
#3688 = ORIENTED_EDGE ( 'NONE', *, *, #1572, .T. ) ;
#3689 = CARTESIAN_POINT ( 'NONE',  ( 12.90506862067319638, 18.67202218787041090, 13.81662785304926011 ) ) ;
#3690 = CARTESIAN_POINT ( 'NONE',  ( -28.99999999999988987, 27.87227799738186818, -15.00267998787451162 ) ) ;
#3691 = CARTESIAN_POINT ( 'NONE',  ( -0.7453520817610056470, 1.011185878792684845, 11.96675788495742765 ) ) ;
#3692 = ORIENTED_EDGE ( 'NONE', *, *, #934, .F. ) ;
#3693 = ADVANCED_FACE ( 'NONE', ( #2841 ), #901, .F. ) ;
#3694 = CARTESIAN_POINT ( 'NONE',  ( -30.99999999999986144, 27.18315060336180977, -16.40580341051967750 ) ) ;
#3695 = CARTESIAN_POINT ( 'NONE',  ( 29.00000000000000000, 27.97387281242361823, 14.49115542382691402 ) ) ;
#3696 = CARTESIAN_POINT ( 'NONE',  ( 29.00000000000029132, 27.99999999999999645, -7.761648466799158014E-13 ) ) ;
#3697 = EDGE_CURVE ( 'NONE', #3475, #3246, #3759, .T. ) ;
#3698 = CARTESIAN_POINT ( 'NONE',  ( 46.98432105186305563, 26.64325597047015393, -0.9999999999999985567 ) ) ;
#3699 = CARTESIAN_POINT ( 'NONE',  ( 0.1720755460593697550, 26.99999999999998934, -8.607275538130943815 ) ) ;
#3700 = EDGE_LOOP ( 'NONE', ( #3512, #3884, #3319, #1336, #1313, #570, #88 ) ) ;
#3701 = DIRECTION ( 'NONE',  ( -1.000000000000000000, 0.000000000000000000, -3.149091769236048498E-16 ) ) ;
#3702 = CARTESIAN_POINT ( 'NONE',  ( 13.82385381316186468, 7.359873254729063952, -14.42308049768529266 ) ) ;
#3703 = CARTESIAN_POINT ( 'NONE',  ( -12.11632797278437401, 21.81091386913930918, 18.09495029618930317 ) ) ;
#3704 = AXIS2_PLACEMENT_3D ( 'NONE', #1746, #672, #1346 ) ;
#3705 = CARTESIAN_POINT ( 'NONE',  ( 9.728823744608163793, 25.62898294920787379, -16.15579652370191965 ) ) ;
#3706 = DIRECTION ( 'NONE',  ( -1.000000000000000000, 0.000000000000000000, 3.149091769236048498E-16 ) ) ;
#3707 = CARTESIAN_POINT ( 'NONE',  ( -44.49034615760332656, 27.97394126015763050, -0.9999999999999988898 ) ) ;
#3708 = CARTESIAN_POINT ( 'NONE',  ( 0.000000000000000000, 30.00000000000000355, 5.961524227066320236 ) ) ;
#3709 = ORIENTED_EDGE ( 'NONE', *, *, #2598, .F. ) ;
#3710 = CARTESIAN_POINT ( 'NONE',  ( -11.56877690631072042, 23.08838934404978360, 13.91449011238523426 ) ) ;
#3711 = DIRECTION ( 'NONE',  ( 0.000000000000000000, 0.000000000000000000, 1.000000000000000000 ) ) ;
#3712 = CARTESIAN_POINT ( 'NONE',  ( -12.41217799917991904, 5.851375295849134517, 13.93515227191591066 ) ) ;
#3713 = ORIENTED_EDGE ( 'NONE', *, *, #3491, .F. ) ;
#3714 = CARTESIAN_POINT ( 'NONE',  ( -30.99999999999982592, 25.03486277236531876, -17.84466815711406440 ) ) ;
#3715 = CARTESIAN_POINT ( 'NONE',  ( 28.99999999999999645, 27.79670634341725233, 15.25335182892825436 ) ) ;
#3716 = EDGE_CURVE ( 'NONE', #1921, #3872, #1811, .T. ) ;
#3717 = CARTESIAN_POINT ( 'NONE',  ( 0.000000000000000000, 28.00000000000000000, -51.96152422706631313 ) ) ;
#3718 = CARTESIAN_POINT ( 'NONE',  ( 13.00000000000000178, 17.00000000000000000, 20.00200000000000244 ) ) ;
#3719 = ORIENTED_EDGE ( 'NONE', *, *, #584, .F. ) ;
#3720 = CARTESIAN_POINT ( 'NONE',  ( -12.41780457997694853, 20.87784238443436990, -18.26486887449733132 ) ) ;
#3721 = DIRECTION ( 'NONE',  ( 0.000000000000000000, 0.000000000000000000, 1.000000000000000000 ) ) ;
#3722 = CARTESIAN_POINT ( 'NONE',  ( 12.01078182461957056, 11.99593767027438673, -18.04141791424475372 ) ) ;
#3723 = CARTESIAN_POINT ( 'NONE',  ( -31.00000000000001066, 27.59542955716901957, 15.74091247903833946 ) ) ;
#3724 = CARTESIAN_POINT ( 'NONE',  ( 10.76824375875925099, 24.29141974644213775, -17.18849962019898570 ) ) ;
#3725 = CARTESIAN_POINT ( 'NONE',  ( -3.536657650120192287, 7.640548459496649514, -10.10959127143317460 ) ) ;
#3726 = CARTESIAN_POINT ( 'NONE',  ( 15.55404818371693132, 24.00000000000000000, -15.10950141828942073 ) ) ;
#3727 = B_SPLINE_CURVE_WITH_KNOTS ( 'NONE', 3,
 ( #599, #281, #558, #1602, #4131, #241, #1521, #2902, #1293, #2244, #1578, #2587, #2822, #2879, #4096, #1210, #3165, #2507 ),
 .UNSPECIFIED., .F., .F.,
 ( 4, 2, 2, 2, 2, 2, 2, 2, 4 ),
 ( 0.02001229541629798159, 0.02079418803225031864, 0.02157608064820265917, 0.02235797326415499969, 0.02313986588010733675, 0.02392175849605967380, 0.02470365111201201433, 0.02548554372796435485, 0.02626743634391669191 ),
 .UNSPECIFIED. ) ;
#3728 = DIRECTION ( 'NONE',  ( -0.5000000000000004441, 8.673617379884035472E-16, 0.8660254037844384856 ) ) ;
#3729 = VERTEX_POINT ( 'NONE', #1335 ) ;
#3730 = CARTESIAN_POINT ( 'NONE',  ( -15.34059574339863197, 24.27054450929790619, 15.01941003961883858 ) ) ;
#3731 = CARTESIAN_POINT ( 'NONE',  ( -28.99999999999982592, 25.77520756288389592, -17.56568569384694811 ) ) ;
#3732 = CARTESIAN_POINT ( 'NONE',  ( -15.35357384726972896, 9.623358541214406259, 15.02504748144031055 ) ) ;
#3733 = VERTEX_POINT ( 'NONE', #3605 ) ;
#3734 = CARTESIAN_POINT ( 'NONE',  ( -28.99999999999999645, 26.44175885710125229, 17.14987021064083805 ) ) ;
#3735 = FACE_OUTER_BOUND ( 'NONE', #3671, .T. ) ;
#3736 = CIRCLE ( 'NONE', #286, 20.00000000000000000 ) ;
#3737 = FACE_OUTER_BOUND ( 'NONE', #1417, .T. ) ;
#3738 = ORIENTED_EDGE ( 'NONE', *, *, #380, .F. ) ;
#3739 = CARTESIAN_POINT ( 'NONE',  ( -30.00000000000000000, 28.00000000000000000, 0.000000000000000000 ) ) ;
#3740 = CARTESIAN_POINT ( 'NONE',  ( 15.00471429240814913, 9.032781262817129786, -14.88195986518446290 ) ) ;
#3741 = EDGE_CURVE ( 'NONE', #2110, #538, #1009, .T. ) ;
#3742 = CARTESIAN_POINT ( 'NONE',  ( -30.00000000000000000, 30.00000000000000000, -14.00000000000000000 ) ) ;
#3743 = CARTESIAN_POINT ( 'NONE',  ( 16.63062975633357965, 21.41310053771131194, 15.58250009965218474 ) ) ;
#3744 = DIRECTION ( 'NONE',  ( 0.000000000000000000, 1.000000000000000000, -0.000000000000000000 ) ) ;
#3745 = CARTESIAN_POINT ( 'NONE',  ( -6.973161338752446703, 27.98637749748059989, -13.11794248272563657 ) ) ;
#3746 = AXIS2_PLACEMENT_3D ( 'NONE', #3651, #3632, #3922 ) ;
#3747 = ADVANCED_FACE ( 'NONE', ( #2630 ), #12, .T. ) ;
#3748 = CARTESIAN_POINT ( 'NONE',  ( -16.09062479491926112, 11.11864014817998303, -15.34026593546755102 ) ) ;
#3749 = EDGE_CURVE ( 'NONE', #3938, #3964, #3545, .T. ) ;
#3750 = ORIENTED_EDGE ( 'NONE', *, *, #271, .F. ) ;
#3751 = CARTESIAN_POINT ( 'NONE',  ( -7.119745346696827681, 28.98661070354500069, 9.908955921905134190 ) ) ;
#3752 = CYLINDRICAL_SURFACE ( 'NONE', #2937, 13.00000000000000178 ) ;
#3753 = CARTESIAN_POINT ( 'NONE',  ( -28.99999999999991118, 27.97387911384958059, -14.49093803379815348 ) ) ;
#3754 = CIRCLE ( 'NONE', #104, 10.99999999999999645 ) ;
#3755 = CARTESIAN_POINT ( 'NONE',  ( 2.405755802560500367, 4.219100983976915131, 12.02961968164422757 ) ) ;
#3756 = ORIENTED_EDGE ( 'NONE', *, *, #2450, .F. ) ;
#3757 = CARTESIAN_POINT ( 'NONE',  ( 23.00000000000000000, 30.00000000000000000, -12.12435565298214435 ) ) ;
#3758 =( LENGTH_UNIT ( ) NAMED_UNIT ( * ) SI_UNIT ( .MILLI., .METRE. ) );
#3759 = CIRCLE ( 'NONE', #1939, 3.000000000000001332 ) ;
#3760 = DESIGN_CONTEXT ( 'detailed design', #2906, 'design' ) ;
#3761 = CARTESIAN_POINT ( 'NONE',  ( 47.97220075561142494, 24.00000000000000000, -0.9999999999999978906 ) ) ;
#3762 = EDGE_LOOP ( 'NONE', ( #775, #2525 ) ) ;
#3763 = DIRECTION ( 'NONE',  ( -0.000000000000000000, -1.000000000000000000, -0.000000000000000000 ) ) ;
#3764 = CARTESIAN_POINT ( 'NONE',  ( -3.298344740157885369, 4.418214009657813079, -12.09046647302989363 ) ) ;
#3765 = DIRECTION ( 'NONE',  ( -0.000000000000000000, 1.000000000000000000, -0.000000000000000000 ) ) ;
#3766 = DIRECTION ( 'NONE',  ( 0.000000000000000000, 0.000000000000000000, 1.000000000000000000 ) ) ;
#3767 = CARTESIAN_POINT ( 'NONE',  ( 17.28838502768683227, 17.62240508188234500, 15.89058855180982377 ) ) ;
#3768 = CARTESIAN_POINT ( 'NONE',  ( -2.841004323697589928, 29.69808485322262470, -8.708361150156701314 ) ) ;
#3769 = AXIS2_PLACEMENT_3D ( 'NONE', #1406, #1324, #2705 ) ;
#3770 = EDGE_CURVE ( 'NONE', #2785, #1440, #988, .T. ) ;
#3771 = CARTESIAN_POINT ( 'NONE',  ( -17.28845137994730408, 17.62087395788377719, -15.89062037640463743 ) ) ;
#3772 = AXIS2_PLACEMENT_3D ( 'NONE', #3347, #3952, #1762 ) ;
#3773 = ORIENTED_EDGE ( 'NONE', *, *, #2074, .F. ) ;
#3774 = DIRECTION ( 'NONE',  ( 1.000000000000000000, 0.000000000000000000, 0.000000000000000000 ) ) ;
#3775 = CARTESIAN_POINT ( 'NONE',  ( 11.89710660814619736, 22.35990358718194670, -13.79856833808956473 ) ) ;
#3776 = ORIENTED_EDGE ( 'NONE', *, *, #2924, .T. ) ;
#3777 = CARTESIAN_POINT ( 'NONE',  ( -12.77743955377124152, 26.45807129649350387, -13.50503524621566420 ) ) ;
#3778 = CYLINDRICAL_SURFACE ( 'NONE', #2913, 9.999999999999991118 ) ;
#3779 = CARTESIAN_POINT ( 'NONE',  ( 30.99999999999981171, 30.00000000000000000, -17.97220075561144270 ) ) ;
#3780 = EDGE_LOOP ( 'NONE', ( #1166, #2412, #200, #2631, #2477, #740, #195, #1402, #3162 ) ) ;
#3781 = PLANE ( 'NONE',  #3139 ) ;
#3782 = CARTESIAN_POINT ( 'NONE',  ( 10.84375528335155892, 4.462876597132234835, -13.44370057024023879 ) ) ;
#3783 = VECTOR ( 'NONE', #920, 1000.000000000000000 ) ;
#3784 = DIRECTION ( 'NONE',  ( 0.000000000000000000, 1.000000000000000000, 0.000000000000000000 ) ) ;
#3785 = CARTESIAN_POINT ( 'NONE',  ( 30.99999999999981171, 24.00000000000000000, -17.97220075561144270 ) ) ;
#3786 = CARTESIAN_POINT ( 'NONE',  ( -28.99999999999981171, 24.00000000000000000, -17.97220075561141783 ) ) ;
#3787 = CARTESIAN_POINT ( 'NONE',  ( -3.487237286193204167, 1.325126101642076559, -12.11230082067083913 ) ) ;
#3788 = VERTEX_POINT ( 'NONE', #3942 ) ;
#3789 = CARTESIAN_POINT ( 'NONE',  ( 12.71832610391018115, 19.70264230222880286, -18.43572670282373593 ) ) ;
#3790 = CARTESIAN_POINT ( 'NONE',  ( 7.943662473841548000, 27.36354363912983700, -11.88976229095829318 ) ) ;
#3791 = ADVANCED_FACE ( 'NONE', ( #2304 ), #907, .F. ) ;
#3792 = CARTESIAN_POINT ( 'NONE',  ( -1.874333510805124050E-24, 26.99999999999999289, -8.607275538130910064 ) ) ;
#3793 = ORIENTED_EDGE ( 'NONE', *, *, #881, .F. ) ;
#3794 = CARTESIAN_POINT ( 'NONE',  ( 0.000000000000000000, 0.000000000000000000, 51.96152422706631313 ) ) ;
#3795 = DIRECTION ( 'NONE',  ( -1.000000000000000000, 0.000000000000000000, 3.149091769236048498E-16 ) ) ;
#3796 = CARTESIAN_POINT ( 'NONE',  ( -30.00000000000000000, 30.00000000000000000, 0.000000000000000000 ) ) ;
#3797 = ADVANCED_FACE ( 'NONE', ( #1773 ), #2646, .F. ) ;
#3798 = ORIENTED_EDGE ( 'NONE', *, *, #1092, .F. ) ;
#3799 = CARTESIAN_POINT ( 'NONE',  ( 1.449858192353659980, 29.96701589153479972, 6.699380722794291643 ) ) ;
#3800 = CARTESIAN_POINT ( 'NONE',  ( -6.556629432413682679, 5.771219973406087611, -15.85099065792647544 ) ) ;
#3801 = CARTESIAN_POINT ( 'NONE',  ( -9.935682591790852669, 18.30383765836913668, 11.15345140795672485 ) ) ;
#3802 = AXIS2_PLACEMENT_3D ( 'NONE', #4160, #2529, #3860 ) ;
#3803 = DIRECTION ( 'NONE',  ( 0.000000000000000000, 0.000000000000000000, 1.000000000000000000 ) ) ;
#3804 = CARTESIAN_POINT ( 'NONE',  ( 30.99999999999981881, 24.52273256872765828, -17.94644024511981328 ) ) ;
#3805 = CARTESIAN_POINT ( 'NONE',  ( 2.286432656035452204, 29.81001817581359958, 8.151004848798610425 ) ) ;
#3806 = AXIS2_PLACEMENT_3D ( 'NONE', #2490, #1930, #3212 ) ;
#3807 = ORIENTED_EDGE ( 'NONE', *, *, #2849, .F. ) ;
#3808 = CARTESIAN_POINT ( 'NONE',  ( 17.18974375607976413, 15.18397932155074237, -15.84344057248912563 ) ) ;
#3809 = VERTEX_POINT ( 'NONE', #2030 ) ;
#3810 = CIRCLE ( 'NONE', #1323, 18.00000000000000355 ) ;
#3811 = CARTESIAN_POINT ( 'NONE',  ( 15.34059574339884868, 24.27054450929785290, -15.01941003961892207 ) ) ;
#3812 = CARTESIAN_POINT ( 'NONE',  ( -30.00000000000000000, 28.00000000000000000, 0.000000000000000000 ) ) ;
#3813 = ORIENTED_EDGE ( 'NONE', *, *, #743, .T. ) ;
#3814 = CARTESIAN_POINT ( 'NONE',  ( 11.69987090813719810, 11.24738956979850713, 13.54349418289009677 ) ) ;
#3815 = CARTESIAN_POINT ( 'NONE',  ( 13.00000000000000178, 17.00000000000000000, 20.00000000000000000 ) ) ;
#3816 = FACE_OUTER_BOUND ( 'NONE', #2235, .T. ) ;
#3817 = EDGE_CURVE ( 'NONE', #1476, #3650, #595, .T. ) ;
#3818 = CARTESIAN_POINT ( 'NONE',  ( 28.99999999999999645, 27.99999999999999645, 10.95445115010331705 ) ) ;
#3819 = EDGE_LOOP ( 'NONE', ( #3088, #1900, #1837 ) ) ;
#3820 = VECTOR ( 'NONE', #248, 1000.000000000000000 ) ;
#3821 = CARTESIAN_POINT ( 'NONE',  ( 13.00000000000000178, 16.99999999999998224, -18.59986959184175248 ) ) ;
#3822 = CARTESIAN_POINT ( 'NONE',  ( 3.819202912515659687, 4.561629726310811428, -15.25547104946581811 ) ) ;
#3823 = FACE_OUTER_BOUND ( 'NONE', #1556, .T. ) ;
#3824 = CARTESIAN_POINT ( 'NONE',  ( 10.15494591846384687, 25.12320340610550318, 16.59638949629843552 ) ) ;
#3825 = EDGE_LOOP ( 'NONE', ( #1496, #464, #435, #2012, #2347 ) ) ;
#3826 = CARTESIAN_POINT ( 'NONE',  ( 28.99999999999981171, 30.00000000000000000, -17.97220075561141783 ) ) ;
#3827 = CARTESIAN_POINT ( 'NONE',  ( 30.00000000000000000, 24.00000000000000000, 0.000000000000000000 ) ) ;
#3828 = AXIS2_PLACEMENT_3D ( 'NONE', #3176, #2621, #956 ) ;
#3829 = ORIENTED_EDGE ( 'NONE', *, *, #4030, .T. ) ;
#3830 = CARTESIAN_POINT ( 'NONE',  ( 0.9068951450602561470, 29.98368058017423721, -6.421358199980166326 ) ) ;
#3831 = CARTESIAN_POINT ( 'NONE',  ( 10.74891676397653484, 24.45517955857842551, -13.71314660049947598 ) ) ;
#3832 = CIRCLE ( 'NONE', #318, 42.00000000000000000 ) ;
#3833 = CARTESIAN_POINT ( 'NONE',  ( 0.8692570333619096257, 4.021741228629471365, -14.97311958787137876 ) ) ;
#3834 = ADVANCED_FACE ( 'NONE', ( #1096 ), #2890, .F. ) ;
#3835 = ORIENTED_EDGE ( 'NONE', *, *, #429, .F. ) ;
#3836 = CARTESIAN_POINT ( 'NONE',  ( 12.69115398207632062, 14.08709560331285537, 13.77361893103287471 ) ) ;
#3837 = DIRECTION ( 'NONE',  ( 1.000000000000000000, 0.000000000000000000, 3.149091769236048498E-16 ) ) ;
#3838 = APPROVAL_ROLE ( '' ) ;
#3839 = LINE ( 'NONE', #3208, #1203 ) ;
#3840 = ORIENTED_EDGE ( 'NONE', *, *, #3226, .T. ) ;
#3841 = DIRECTION ( 'NONE',  ( -0.000000000000000000, 1.000000000000000000, -0.000000000000000000 ) ) ;
#3842 = CARTESIAN_POINT ( 'NONE',  ( -9.146525835756463607, 7.711418838156737010, -12.95045742615019613 ) ) ;
#3843 = CARTESIAN_POINT ( 'NONE',  ( 2.276169668664656864, 7.257019818555585644, 10.02202247808028623 ) ) ;
#3844 = ADVANCED_FACE ( 'NONE', ( #2776 ), #2828, .F. ) ;
#3845 = EDGE_CURVE ( 'NONE', #1686, #498, #2133, .T. ) ;
#3846 = CARTESIAN_POINT ( 'NONE',  ( -9.743513370143920937, 14.72573830982917720, -11.10729176374910132 ) ) ;
#3847 = CARTESIAN_POINT ( 'NONE',  ( -1.439697006345215913, 29.92317134138272650, -7.322795443682389660 ) ) ;
#3848 = CARTESIAN_POINT ( 'NONE',  ( -11.11281092978644303, 23.90272952955279351, 13.84946133002954127 ) ) ;
#3849 = CARTESIAN_POINT ( 'NONE',  ( 15.15340174103812920, 9.277219736947904138, -14.94242710592430612 ) ) ;
#3850 = CARTESIAN_POINT ( 'NONE',  ( 7.141428428542837992, 24.00000000000000000, 10.57312005391655774 ) ) ;
#3851 = CARTESIAN_POINT ( 'NONE',  ( -12.15351145378555664, 12.36594754363886750, -18.11920865682385795 ) ) ;
#3852 = ORIENTED_EDGE ( 'NONE', *, *, #3817, .F. ) ;
#3853 = CARTESIAN_POINT ( 'NONE',  ( 3.006700174481192089, 4.349443142527930739, 15.14554656705428393 ) ) ;
#3854 = PLANE ( 'NONE',  #2750 ) ;
#3855 = DIRECTION ( 'NONE',  ( 0.000000000000000000, 1.000000000000000000, 0.000000000000000000 ) ) ;
#3856 = ORIENTED_EDGE ( 'NONE', *, *, #611, .T. ) ;
#3857 = DIRECTION ( 'NONE',  ( -2.676430505792786015E-14, 0.000000000000000000, -1.000000000000000000 ) ) ;
#3858 = CARTESIAN_POINT ( 'NONE',  ( -16.24274530024270646, 11.45743178888703540, -15.40699648143848677 ) ) ;
#3859 = PLANE ( 'NONE',  #2161 ) ;
#3860 = DIRECTION ( 'NONE',  ( 0.000000000000000000, 0.000000000000000000, -1.000000000000000000 ) ) ;
#3861 = CARTESIAN_POINT ( 'NONE',  ( 30.00000000000000000, 30.00000000000000000, 0.000000000000000000 ) ) ;
#3862 = ORIENTED_EDGE ( 'NONE', *, *, #1092, .T. ) ;
#3863 = AXIS2_PLACEMENT_3D ( 'NONE', #4090, #215, #1880 ) ;
#3864 = DIRECTION ( 'NONE',  ( -0.000000000000000000, 1.000000000000000000, -0.000000000000000000 ) ) ;
#3865 = VECTOR ( 'NONE', #605, 1000.000000000000000 ) ;
#3866 = CARTESIAN_POINT ( 'NONE',  ( 13.99240125859473771, 7.569862819113871488, -14.48622985939111274 ) ) ;
#3867 = ADVANCED_FACE ( 'NONE', ( #932 ), #2233, .F. ) ;
#3868 = CARTESIAN_POINT ( 'NONE',  ( 9.132620112439147064, 21.08656299276933765, 10.96626792899510683 ) ) ;
#3869 = ADVANCED_FACE ( 'NONE', ( #3513 ), #2652, .F. ) ;
#3870 = CARTESIAN_POINT ( 'NONE',  ( 2.165819008553974356, 4.174504844639487011, -15.05401439968454014 ) ) ;
#3871 = AXIS2_PLACEMENT_3D ( 'NONE', #4061, #865, #1761 ) ;
#3872 = VERTEX_POINT ( 'NONE', #1611 ) ;
#3873 = CARTESIAN_POINT ( 'NONE',  ( 10.25957682284990291, 8.966256744666415202, 13.19899957831613690 ) ) ;
#3874 = DIRECTION ( 'NONE',  ( 0.000000000000000000, 1.000000000000000000, -0.000000000000000000 ) ) ;
#3875 = APPROVAL_DATE_TIME ( #2586, #2431 ) ;
#3876 = CARTESIAN_POINT ( 'NONE',  ( -12.96696995983956491, 15.94881831841037290, 13.82796249128723254 ) ) ;
#3877 = VERTEX_POINT ( 'NONE', #397 ) ;
#3878 = CARTESIAN_POINT ( 'NONE',  ( 12.77743955377123264, 26.45807129649351452, 13.50503524621566065 ) ) ;
#3879 = CARTESIAN_POINT ( 'NONE',  ( -7.353181599526659618, 6.255468011227462988, -12.60444250579957703 ) ) ;
#3880 = CARTESIAN_POINT ( 'NONE',  ( 2.349496851515978868, 26.72580213972586449, -8.953360814175285398 ) ) ;
#3881 = DIRECTION ( 'NONE',  ( 1.000000000000000000, 0.000000000000000000, 0.000000000000000000 ) ) ;
#3882 = CARTESIAN_POINT ( 'NONE',  ( 3.419267963573937585, 4.450387162457782431, 15.19810568669221951 ) ) ;
#3883 = TOROIDAL_SURFACE ( 'NONE', #1593, 14.00000000000000000, 4.000000000000000000 ) ;
#3884 = ORIENTED_EDGE ( 'NONE', *, *, #2393, .F. ) ;
#3885 = CARTESIAN_POINT ( 'NONE',  ( -29.99999999999999645, 0.000000000000000000, 20.00000000000000000 ) ) ;
#3886 = B_SPLINE_CURVE_WITH_KNOTS ( 'NONE', 3,
 ( #3466, #2845, #3801, #3509, #625, #264, #2884, #4119, #2207, #1907, #1563, #4135 ),
 .UNSPECIFIED., .F., .F.,
 ( 4, 2, 2, 2, 2, 4 ),
 ( 0.03913155903861056245, 0.04106779147746601744, 0.04300402391632146548, 0.04397214013574919644, 0.04494025635517692741, 0.04687648879403240321 ),
 .UNSPECIFIED. ) ;
#3887 = CARTESIAN_POINT ( 'NONE',  ( -14.38749456993816622, 23.99999999999998579, -17.87340312894769667 ) ) ;
#3888 = CARTESIAN_POINT ( 'NONE',  ( 31.00000000000000355, 26.44152756656971093, 17.15002632247913894 ) ) ;
#3889 = CARTESIAN_POINT ( 'NONE',  ( 13.37102036497504010, 26.04965298132427520, -13.88277219321125422 ) ) ;
#3890 = EDGE_CURVE ( 'NONE', #1916, #3877, #3555, .T. ) ;
#3891 = CARTESIAN_POINT ( 'NONE',  ( -12.55173327196836830, 13.58874713387750965, -18.34041128786439856 ) ) ;
#3892 = EDGE_LOOP ( 'NONE', ( #3020, #2516, #1910, #395, #3486 ) ) ;
#3893 = CARTESIAN_POINT ( 'NONE',  ( 11.91605819168306191, 11.71660663047200579, 13.59580267722750690 ) ) ;
#3894 = DIRECTION ( 'NONE',  ( -0.000000000000000000, -1.000000000000000000, -0.000000000000000000 ) ) ;
#3895 = PERSON_AND_ORGANIZATION_ROLE ( 'creator' ) ;
#3896 = TOROIDAL_SURFACE ( 'NONE', #316, 14.00000000000000000, 4.000000000000000000 ) ;
#3897 = DIRECTION ( 'NONE',  ( 0.000000000000000000, 0.000000000000000000, 1.000000000000000000 ) ) ;
#3898 = VERTEX_POINT ( 'NONE', #3885 ) ;
#3899 = CYLINDRICAL_SURFACE ( 'NONE', #1257, 10.99999999999999645 ) ;
#3900 = CARTESIAN_POINT ( 'NONE',  ( -12.44301261487220600, 13.14402225266363189, -13.71918420615541301 ) ) ;
#3901 = CARTESIAN_POINT ( 'NONE',  ( 28.99999999999981171, 24.00000000000000000, -17.97220075561141783 ) ) ;
#3902 = DIRECTION ( 'NONE',  ( -0.4302266903854722879, 0.8842691673947763453, -0.1815847859125647445 ) ) ;
#3903 = CARTESIAN_POINT ( 'NONE',  ( -5.810419566205562880, 5.363072179101251002, 15.65617644135720532 ) ) ;
#3904 = ORIENTED_EDGE ( 'NONE', *, *, #2182, .F. ) ;
#3905 = ORIENTED_EDGE ( 'NONE', *, *, #2124, .T. ) ;
#3906 = CARTESIAN_POINT ( 'NONE',  ( -28.99999999999999645, 30.00200000000000244, 10.95445115010331705 ) ) ;
#3907 = CARTESIAN_POINT ( 'NONE',  ( -9.936192471482618416, 15.69410619612849800, 11.15356506126193104 ) ) ;
#3908 = CARTESIAN_POINT ( 'NONE',  ( -9.373860922950107977, 3.489936531190796387, 13.05458037807629701 ) ) ;
#3909 = CARTESIAN_POINT ( 'NONE',  ( 30.00000000000000000, 0.000000000000000000, 0.000000000000000000 ) ) ;
#3910 = CARTESIAN_POINT ( 'NONE',  ( -31.00000000000000711, 25.04002983819690087, 17.84334801811369786 ) ) ;
#3911 = AXIS2_PLACEMENT_3D ( 'NONE', #1229, #1485, #1826 ) ;
#3912 = CARTESIAN_POINT ( 'NONE',  ( 11.27841277181049406, 23.62418493931318864, 13.89053900580640644 ) ) ;
#3913 = CARTESIAN_POINT ( 'NONE',  ( -6.070340933507901049, 28.51028166653184925, -12.12189299470257176 ) ) ;
#3914 = ORIENTED_EDGE ( 'NONE', *, *, #1678, .T. ) ;
#3915 = ADVANCED_FACE ( 'NONE', ( #3259 ), #1976, .T. ) ;
#3916 = CARTESIAN_POINT ( 'NONE',  ( 17.29430654473373608, 17.45389405716186459, 15.89343626438614265 ) ) ;
#3917 = CARTESIAN_POINT ( 'NONE',  ( -30.00000000000000000, 30.00000000000000000, 0.000000000000000000 ) ) ;
#3918 = APPROVAL_DATE_TIME ( #1639, #2040 ) ;
#3919 = CARTESIAN_POINT ( 'NONE',  ( -11.66346985324807761, 11.25210030167794706, 17.85937155850195879 ) ) ;
#3920 = ORIENTED_EDGE ( 'NONE', *, *, #124, .F. ) ;
#3921 = EDGE_CURVE ( 'NONE', #1289, #2903, #465, .T. ) ;
#3922 = DIRECTION ( 'NONE',  ( 0.000000000000000000, 0.000000000000000000, 1.000000000000000000 ) ) ;
#3923 = CARTESIAN_POINT ( 'NONE',  ( -12.99451355752442083, 16.53094151290362390, -18.59662483593077908 ) ) ;
#3924 = CARTESIAN_POINT ( 'NONE',  ( 9.999999999999989342, 17.00000000000000000, -20.00000000000000000 ) ) ;
#3925 = FACE_OUTER_BOUND ( 'NONE', #3332, .T. ) ;
#3926 = EDGE_CURVE ( 'NONE', #61, #3517, #737, .T. ) ;
#3927 = CARTESIAN_POINT ( 'NONE',  ( -3.427287409447716815, 4.430589001667553539, 15.18808124612830213 ) ) ;
#3928 = ORIENTED_EDGE ( 'NONE', *, *, #452, .T. ) ;
#3929 = CARTESIAN_POINT ( 'NONE',  ( 28.99999999999999645, 30.00200000000000244, 10.95445115010331705 ) ) ;
#3930 = CARTESIAN_POINT ( 'NONE',  ( -1.177320043725673671, 30.00000000000000355, 7.048599852742262861 ) ) ;
#3931 =( BOUNDED_SURFACE ( )  B_SPLINE_SURFACE ( 3, 2, ( 
 ( #3519, #1516, #2175 ),
 ( #3811, #1206, #3159 ),
 ( #255, #3775, #572 ),
 ( #914, #4110, #2195 ),
 ( #2501, #1858, #1551 ),
 ( #614, #4126, #1570 ),
 ( #3478, #2870, #1223 ),
 ( #3119, #3831, #3457 ),
 ( #3140, #876, #552 ),
 ( #1242, #2216, #2517 ),
 ( #235, #1534, #2835 ),
 ( #2237, #3201, #2818 ),
 ( #3499, #3790, #592 ),
 ( #1898, #892, #275 ),
 ( #3181, #4146, #1266 ),
 ( #2771, #1493, #4023 ),
 ( #3433, #2791, #2406 ),
 ( #505, #2726, #4066 ),
 ( #3391, #527, #1510 ),
 ( #1431, #2811, #1136 ) ),
 .UNSPECIFIED., .F., .F., .F. ) 
 B_SPLINE_SURFACE_WITH_KNOTS ( ( 4, 2, 2, 2, 2, 2, 2, 2, 2, 4 ),
 ( 3, 3 ),
 ( 0.000000000000000000, 0.001350437688729309816, 0.002700875377458619633, 0.004051313066187929232, 0.005401750754917239265, 0.008102626132375858464, 0.01080350150983447853, 0.01350437688729309860, 0.01620525226475171693, 0.02160700301966895706 ),
 ( 0.000000000000000000, 1.000000000000000000 ),
 .UNSPECIFIED. ) 
 GEOMETRIC_REPRESENTATION_ITEM ( )  RATIONAL_B_SPLINE_SURFACE ( (
 ( 1.000000000000000000, 0.5702358449965411191, 1.000000000000000000),
 ( 1.000000000000000000, 0.5831040951869846944, 1.000000000000000000),
 ( 1.000000000000000000, 0.5972674134107577304, 1.000000000000000000),
 ( 1.000000000000000000, 0.6267005355685607570, 1.000000000000000000),
 ( 1.000000000000000000, 0.6419685592302184496, 1.000000000000000000),
 ( 1.000000000000000000, 0.6726746053799308456, 1.000000000000000000),
 ( 1.000000000000000000, 0.6881896289783939746, 1.000000000000000000),
 ( 1.000000000000000000, 0.7184850277552319309, 1.000000000000000000),
 ( 1.000000000000000000, 0.7332144698624510903, 1.000000000000000000),
 ( 1.000000000000000000, 0.7758360890203856997, 1.000000000000000000),
 ( 1.000000000000000000, 0.8021444324287203553, 1.000000000000000000),
 ( 1.000000000000000000, 0.8499896103469374298, 1.000000000000000000),
 ( 1.000000000000000000, 0.8716234742838447902, 1.000000000000000000),
 ( 1.000000000000000000, 0.9093196092348131421, 1.000000000000000000),
 ( 1.000000000000000000, 0.9255117847714272594, 1.000000000000000000),
 ( 1.000000000000000000, 0.9530103291934838294, 1.000000000000000000),
 ( 1.000000000000000000, 0.9643166757222642049, 1.000000000000000000),
 ( 1.000000000000000000, 0.9913139834766321323, 1.000000000000000000),
 ( 1.000000000000000000, 1.000056020334301410, 1.000000000000000000),
 ( 1.000000000000000000, 1.000000000000000000, 1.000000000000000000) ) ) 
 REPRESENTATION_ITEM ( '' )  SURFACE ( )  );
#3932 = CARTESIAN_POINT ( 'NONE',  ( -7.947075291905358441, 10.89449929547559393, 10.71854574610147814 ) ) ;
#3933 = CARTESIAN_POINT ( 'NONE',  ( 31.00000000000001066, 27.59590798319705485, 15.73983979731413996 ) ) ;
#3934 = CARTESIAN_POINT ( 'NONE',  ( 0.3553741053589283272, 26.99962012455465299, 8.607793895730990741 ) ) ;
#3935 = TOROIDAL_SURFACE ( 'NONE', #3197, 45.99999999999999289, 6.000000000000000000 ) ;
#3936 = CARTESIAN_POINT ( 'NONE',  ( 9.939008654360746320, 25.51033490957419403, 13.28857825228688583 ) ) ;
#3937 = CARTESIAN_POINT ( 'NONE',  ( -9.813595883256359897, 25.53227789958991423, -16.24485014724234588 ) ) ;
#3938 = VERTEX_POINT ( 'NONE', #1365 ) ;
#3939 = CARTESIAN_POINT ( 'NONE',  ( 12.58833117348498654, 20.31207292508149820, 13.75116828816475412 ) ) ;
#3940 = FACE_OUTER_BOUND ( 'NONE', #3586, .T. ) ;
#3941 = VECTOR ( 'NONE', #4075, 1000.000000000000000 ) ;
#3942 = CARTESIAN_POINT ( 'NONE',  ( 0.000000000000000000, 28.00000000000000000, -5.961524227066313131 ) ) ;
#3943 = ORIENTED_EDGE ( 'NONE', *, *, #3131, .F. ) ;
#3944 = CARTESIAN_POINT ( 'NONE',  ( 47.97220075561142494, 0.000000000000000000, -0.9999999999999978906 ) ) ;
#3945 = CARTESIAN_POINT ( 'NONE',  ( -12.48541862469698316, 20.63192773103124367, -18.30331729206606184 ) ) ;
#3946 = EDGE_CURVE ( 'NONE', #2465, #883, #2022, .T. ) ;
#3947 = EDGE_CURVE ( 'NONE', #2190, #1, #63, .T. ) ;
#3948 = CYLINDRICAL_SURFACE ( 'NONE', #724, 8.999999999999994671 ) ;
#3949 = CARTESIAN_POINT ( 'NONE',  ( -12.82761052908142219, 14.84586669500594169, 18.49873699147923034 ) ) ;
#3950 = VERTEX_POINT ( 'NONE', #2293 ) ;
#3951 = ORIENTED_EDGE ( 'NONE', *, *, #2876, .T. ) ;
#3952 = DIRECTION ( 'NONE',  ( 0.000000000000000000, 1.000000000000000000, -0.000000000000000000 ) ) ;
#3953 = CARTESIAN_POINT ( 'NONE',  ( 0.000000000000000000, 30.00000000000000355, 5.961524227066320236 ) ) ;
#3954 = CIRCLE ( 'NONE', #1471, 14.00000000000000000 ) ;
#3955 = DIRECTION ( 'NONE',  ( 0.8992184106211352779, -0.4374999999999993339, 0.000000000000000000 ) ) ;
#3956 = CARTESIAN_POINT ( 'NONE',  ( -15.82146452704166784, 10.49685307935140166, 15.22177602797119533 ) ) ;
#3957 = DIRECTION ( 'NONE',  ( 0.000000000000000000, 1.000000000000000000, 0.000000000000000000 ) ) ;
#3958 = AXIS2_PLACEMENT_3D ( 'NONE', #541, #1903, #943 ) ;
#3959 = CARTESIAN_POINT ( 'NONE',  ( 10.74891676397809448, 24.45517955857685877, 13.71314660049755041 ) ) ;
#3960 = ORIENTED_EDGE ( 'NONE', *, *, #3616, .F. ) ;
#3961 = CARTESIAN_POINT ( 'NONE',  ( 8.528225537443343995, 22.23185147125764161, -10.83608471158674291 ) ) ;
#3962 = CARTESIAN_POINT ( 'NONE',  ( 9.999999999999991118, 17.00000000000000000, 20.00000000000000000 ) ) ;
#3963 = CARTESIAN_POINT ( 'NONE',  ( -10.70529061329594001, 9.604701073929362565, 17.38485503914865049 ) ) ;
#3964 = VERTEX_POINT ( 'NONE', #975 ) ;
#3965 = CIRCLE ( 'NONE', #2434, 10.99999999999999645 ) ;
#3966 = CARTESIAN_POINT ( 'NONE',  ( -11.68983933807476205, 22.68749999999998934, -17.87340312894769667 ) ) ;
#3967 = DIRECTION ( 'NONE',  ( 0.000000000000000000, 0.000000000000000000, 1.000000000000000000 ) ) ;
#3968 = AXIS2_PLACEMENT_3D ( 'NONE', #706, #3549, #993 ) ;
#3969 = CARTESIAN_POINT ( 'NONE',  ( 44.22585862220727648, 27.99999999999996803, 1.000000000000000666 ) ) ;
#3970 = CARTESIAN_POINT ( 'NONE',  ( -1.738484418914473917, 4.109364621869994849, 15.01956345126938075 ) ) ;
#3971 = EDGE_LOOP ( 'NONE', ( #797, #3400, #600 ) ) ;
#3972 = B_SPLINE_CURVE_WITH_KNOTS ( 'NONE', 3,
 ( #65, #1367, #127, #2662, #3980, #3933, #1091, #441, #3308, #1432, #3888, #1656, #1046, #3576, #2342, #45, #3620, #2684 ),
 .UNSPECIFIED., .F., .F.,
 ( 4, 2, 2, 2, 2, 2, 2, 2, 4 ),
 ( 0.002353990887179760027, 0.003136233814950353284, 0.003918476742720946107, 0.004700719670491539798, 0.005482962598262133488, 0.006265205526032727179, 0.007047448453803319135, 0.007829691381573912826, 0.008611934309344506516 ),
 .UNSPECIFIED. ) ;
#3973 = CARTESIAN_POINT ( 'NONE',  ( 28.99999999999999645, 27.99999999999999645, 0.000000000000000000 ) ) ;
#3974 = CARTESIAN_POINT ( 'NONE',  ( -1.448861051197855687, 30.00000000000000355, -6.686167172220232935 ) ) ;
#3975 = CARTESIAN_POINT ( 'NONE',  ( 13.00694509053785453, 16.85966891109447019, -13.83518610010354166 ) ) ;
#3976 = ADVANCED_FACE ( 'NONE', ( #3573 ), #3373, .F. ) ;
#3977 = ADVANCED_FACE ( 'NONE', ( #2354 ), #3006, .F. ) ;
#3978 = CARTESIAN_POINT ( 'NONE',  ( 31.00000000000000000, 24.00000000000000000, 17.97220075561142849 ) ) ;
#3979 = CARTESIAN_POINT ( 'NONE',  ( -16.68084638914674400, 21.45967855948755698, 15.60422108767627947 ) ) ;
#3980 = CARTESIAN_POINT ( 'NONE',  ( 31.00000000000000000, 27.79670634341725233, 15.25335182892825436 ) ) ;
#3981 = CARTESIAN_POINT ( 'NONE',  ( 10.81905987381159306, 24.21532616977278352, 17.23406361323620573 ) ) ;
#3982 = EDGE_CURVE ( 'NONE', #2561, #2132, #398, .T. ) ;
#3983 = CARTESIAN_POINT ( 'NONE',  ( -9.939008654362258000, 25.51033490957267702, -13.28857825228687695 ) ) ;
#3984 = ORIENTED_EDGE ( 'NONE', *, *, #2257, .F. ) ;
#3985 = LOCAL_TIME ( 21, 20, 33.00000000000000000, #1984 ) ;
#3986 = CARTESIAN_POINT ( 'NONE',  ( 17.20166061675933378, 18.81265652899024232, 15.84911347526544567 ) ) ;
#3987 = CARTESIAN_POINT ( 'NONE',  ( -28.99999999999984723, 27.18315060336180622, -16.40580341051965263 ) ) ;
#3988 = CARTESIAN_POINT ( 'NONE',  ( -3.032407798474194394, 4.341672184544683510, 12.06745693999207347 ) ) ;
#3989 = ORIENTED_EDGE ( 'NONE', *, *, #3770, .T. ) ;
#3990 = DIRECTION ( 'NONE',  ( 1.000000000000000000, 0.000000000000000000, 2.676430505792786015E-14 ) ) ;
#3991 = CARTESIAN_POINT ( 'NONE',  ( 28.99999999999999645, 28.00000000000308731, 13.96424004376921069 ) ) ;
#3992 = DIRECTION ( 'NONE',  ( 0.000000000000000000, 0.000000000000000000, 1.000000000000000000 ) ) ;
#3993 = DIRECTION ( 'NONE',  ( 0.5000000000000003331, 0.000000000000000000, -0.8660254037844385966 ) ) ;
#3994 = VERTEX_POINT ( 'NONE', #4035 ) ;
#3995 = ORIENTED_EDGE ( 'NONE', *, *, #1597, .T. ) ;
#3996 = CARTESIAN_POINT ( 'NONE',  ( 13.14042313019239749, 6.589962416680700485, -14.18073938969959968 ) ) ;
#3997 = CARTESIAN_POINT ( 'NONE',  ( 10.96294716581311945, 23.99618709304023412, -17.36157623837736708 ) ) ;
#3998 = CARTESIAN_POINT ( 'NONE',  ( 9.936227860260235190, 15.69393294228368951, -11.15357288381224521 ) ) ;
#3999 = DIRECTION ( 'NONE',  ( 2.664535259100376486E-15, 0.000000000000000000, 1.000000000000000000 ) ) ;
#4000 = ADVANCED_FACE ( 'NONE', ( #2116 ), #536, .T. ) ;
#4001 = CARTESIAN_POINT ( 'NONE',  ( 8.480244978452375904, 26.93713363223102775, 12.28918114349053781 ) ) ;
#4002 = CARTESIAN_POINT ( 'NONE',  ( -11.68983933807476028, 22.68749999999998934, -17.87340312894769667 ) ) ;
#4003 = EDGE_LOOP ( 'NONE', ( #960, #1532, #1129, #2482, #1160, #2435, #3579, #100, #4060, #3559, #1893, #1566, #3143 ) ) ;
#4004 = CARTESIAN_POINT ( 'NONE',  ( 17.27985028481598562, 17.79488808586240012, 15.88649673290377962 ) ) ;
#4005 = CIRCLE ( 'NONE', #4073, 39.99999999999998579 ) ;
#4006 = DIRECTION ( 'NONE',  ( 0.000000000000000000, 1.000000000000000000, 0.000000000000000000 ) ) ;
#4007 = EDGE_CURVE ( 'NONE', #180, #374, #2035, .T. ) ;
#4008 = CIRCLE ( 'NONE', #3001, 20.00000000000000000 ) ;
#4009 = CARTESIAN_POINT ( 'NONE',  ( -2.220906913628450496, 4.179091925181263711, 15.05639132751512399 ) ) ;
#4010 = ORIENTED_EDGE ( 'NONE', *, *, #3663, .T. ) ;
#4011 = DIRECTION ( 'NONE',  ( 0.000000000000000000, 0.000000000000000000, 1.000000000000000000 ) ) ;
#4012 = CARTESIAN_POINT ( 'NONE',  ( -12.85415907830232207, 19.01844009220060272, -18.51405225988575509 ) ) ;
#4013 = AXIS2_PLACEMENT_3D ( 'NONE', #3252, #2966, #3274 ) ;
#4014 = CARTESIAN_POINT ( 'NONE',  ( 47.76742501261329465, 25.28934042080472011, 1.000000000000001998 ) ) ;
#4015 = CARTESIAN_POINT ( 'NONE',  ( 45.00355427395761154, 27.87206747910044058, -0.9999999999999988898 ) ) ;
#4016 = ORIENTED_EDGE ( 'NONE', *, *, #3254, .F. ) ;
#4017 = CIRCLE ( 'NONE', #4086, 20.00000000000000000 ) ;
#4018 = DIRECTION ( 'NONE',  ( 0.000000000000000000, 0.000000000000000000, 1.000000000000000000 ) ) ;
#4019 = LINE ( 'NONE', #2122, #1001 ) ;
#4020 = CARTESIAN_POINT ( 'NONE',  ( 17.22971302626138979, 15.43240639943604897, -15.86250711641325495 ) ) ;
#4021 = CARTESIAN_POINT ( 'NONE',  ( -7.141428428542837992, 24.00000000000000000, 10.57312005391655774 ) ) ;
#4022 = CARTESIAN_POINT ( 'NONE',  ( 30.00000000000000000, 24.00000000000000000, 0.000000000000000000 ) ) ;
#4023 = CARTESIAN_POINT ( 'NONE',  ( 4.513735827004275336, 29.20442066634738509, -10.44231049392556088 ) ) ;
#4024 = DIRECTION ( 'NONE',  ( 1.000000000000000000, 0.000000000000000000, -2.676430505792786015E-14 ) ) ;
#4025 = CARTESIAN_POINT ( 'NONE',  ( -2.792451635074066019, 1.206495135360547755, -12.05759404658402367 ) ) ;
#4026 = AXIS2_PLACEMENT_3D ( 'NONE', #806, #1836, #2088 ) ;
#4027 = ORIENTED_EDGE ( 'NONE', *, *, #2757, .F. ) ;
#4028 = DIRECTION ( 'NONE',  ( 0.000000000000000000, 1.000000000000000000, -0.000000000000000000 ) ) ;
#4029 = DIRECTION ( 'NONE',  ( 0.000000000000000000, 1.000000000000000000, -0.000000000000000000 ) ) ;
#4030 = EDGE_CURVE ( 'NONE', #4069, #3295, #2463, .T. ) ;
#4031 = ADVANCED_FACE ( 'NONE', ( #3735 ), #203, .F. ) ;
#4032 = CARTESIAN_POINT ( 'NONE',  ( 0.6009834157679221356, 3.999670533435352393, 11.96142101510924327 ) ) ;
#4033 = ORIENTED_EDGE ( 'NONE', *, *, #856, .T. ) ;
#4034 = LINE ( 'NONE', #1756, #3941 ) ;
#4035 = CARTESIAN_POINT ( 'NONE',  ( -31.00000000000000000, 0.000000000000000000, 17.97220075561142849 ) ) ;
#4036 = CARTESIAN_POINT ( 'NONE',  ( 30.00000000000000000, 24.00000000000000000, 0.000000000000000000 ) ) ;
#4037 = DIRECTION ( 'NONE',  ( 0.000000000000000000, 0.000000000000000000, 1.000000000000000000 ) ) ;
#4038 = CIRCLE ( 'NONE', #2965, 20.00000000000000000 ) ;
#4039 = ORIENTED_EDGE ( 'NONE', *, *, #1126, .F. ) ;
#4040 = DIRECTION ( 'NONE',  ( 0.000000000000000000, 0.000000000000000000, -1.000000000000000000 ) ) ;
#4041 = CARTESIAN_POINT ( 'NONE',  ( 15.98108184562955714, 10.84115405568575596, -15.29113902426354343 ) ) ;
#4042 = CARTESIAN_POINT ( 'NONE',  ( -12.71832610390817742, 19.70264230223819268, 18.43572670282260262 ) ) ;
#4043 = AXIS2_PLACEMENT_3D ( 'NONE', #3589, #1992, #1715 ) ;
#4044 = DIRECTION ( 'NONE',  ( 0.000000000000000000, 0.000000000000000000, 1.000000000000000000 ) ) ;
#4045 = DIRECTION ( 'NONE',  ( 0.000000000000000000, 0.000000000000000000, -1.000000000000000000 ) ) ;
#4046 = CARTESIAN_POINT ( 'NONE',  ( -11.33771471786936402, 23.37095535566394489, -17.65920596762267181 ) ) ;
#4047 = DIRECTION ( 'NONE',  ( -0.000000000000000000, -1.000000000000000000, -0.000000000000000000 ) ) ;
#4048 = CARTESIAN_POINT ( 'NONE',  ( -14.79315720108045440, 8.681176928349850996, -14.79505331702604565 ) ) ;
#4049 = VERTEX_POINT ( 'NONE', #219 ) ;
#4050 = CARTESIAN_POINT ( 'NONE',  ( -14.62394544302018495, 25.01884555067293547, 14.64158179434549645 ) ) ;
#4051 = DIRECTION ( 'NONE',  ( 1.000000000000000000, 0.000000000000000000, 3.149091769236048498E-16 ) ) ;
#4052 = DIRECTION ( 'NONE',  ( 0.000000000000000000, 0.000000000000000000, 1.000000000000000000 ) ) ;
#4053 = EDGE_CURVE ( 'NONE', #2909, #3788, #670, .T. ) ;
#4054 = CARTESIAN_POINT ( 'NONE',  ( -13.82385381316183093, 7.359873254729354386, 14.42308049768528733 ) ) ;
#4055 = ORIENTED_EDGE ( 'NONE', *, *, #1731, .T. ) ;
#4056 = CARTESIAN_POINT ( 'NONE',  ( 40.95445115010331705, 27.99999999999999645, -1.000000000000000000 ) ) ;
#4057 = VECTOR ( 'NONE', #880, 1000.000000000000000 ) ;
#4058 = EDGE_CURVE ( 'NONE', #923, #3380, #2180, .T. ) ;
#4059 = CARTESIAN_POINT ( 'NONE',  ( 47.84335289353231957, 25.03988018267284588, -0.9999999999999978906 ) ) ;
#4060 = ORIENTED_EDGE ( 'NONE', *, *, #1526, .T. ) ;
#4061 = CARTESIAN_POINT ( 'NONE',  ( -30.00000000000000000, 0.000000000000000000, 0.000000000000000000 ) ) ;
#4062 = CARTESIAN_POINT ( 'NONE',  ( 16.19415644289462008, 22.78302320727007668, -15.37967043337192408 ) ) ;
#4063 = CARTESIAN_POINT ( 'NONE',  ( 0.000000000000000000, 24.00000000000000000, -51.96152422706631313 ) ) ;
#4064 = EDGE_CURVE ( 'NONE', #2800, #2666, #1558, .T. ) ;
#4065 = CARTESIAN_POINT ( 'NONE',  ( 9.512464258128495942, 25.86633425569728928, -15.92536522845710145 ) ) ;
#4066 = CARTESIAN_POINT ( 'NONE',  ( 2.333995197478111017, 29.83919377831772834, -8.185682360760180742 ) ) ;
#4067 = CARTESIAN_POINT ( 'NONE',  ( -19.99999999999999645, 0.000000000000000000, 17.32050807568877460 ) ) ;
#4068 = CARTESIAN_POINT ( 'NONE',  ( -30.00000000000000000, 0.000000000000000000, 8.999999999999996447 ) ) ;
#4069 = VERTEX_POINT ( 'NONE', #3123 ) ;
#4070 = CARTESIAN_POINT ( 'NONE',  ( -7.804701248079223497, 28.77766700839293890, 10.32824619007457656 ) ) ;
#4071 = LINE ( 'NONE', #154, #3334 ) ;
#4072 = CARTESIAN_POINT ( 'NONE',  ( 1.917215260554582690, 4.139193477025346901, 15.03530365878316744 ) ) ;
#4073 = AXIS2_PLACEMENT_3D ( 'NONE', #3420, #3022, #1479 ) ;
#4074 = ORIENTED_EDGE ( 'NONE', *, *, #1169, .F. ) ;
#4075 = DIRECTION ( 'NONE',  ( 0.000000000000000000, 0.000000000000000000, 1.000000000000000000 ) ) ;
#4076 = AXIS2_PLACEMENT_3D ( 'NONE', #571, #4089, #3397 ) ;
#4077 = CARTESIAN_POINT ( 'NONE',  ( 47.56665664928866732, 25.77308599895922825, -0.9999999999999981126 ) ) ;
#4078 = ORIENTED_EDGE ( 'NONE', *, *, #2781, .T. ) ;
#4079 = DIRECTION ( 'NONE',  ( 0.000000000000000000, 0.000000000000000000, 1.000000000000000000 ) ) ;
#4080 = CARTESIAN_POINT ( 'NONE',  ( -2.734304959808001367, 4.287786169092803412, -15.11335340433169883 ) ) ;
#4081 = CARTESIAN_POINT ( 'NONE',  ( 6.612835370651085398, 9.470475088426445254, 10.48275678993200799 ) ) ;
#4082 = ADVANCED_FACE ( 'NONE', ( #3816 ), #4130, .T. ) ;
#4083 = CARTESIAN_POINT ( 'NONE',  ( 15.87972151928749831, 23.38082834341955163, 15.24695761112587711 ) ) ;
#4084 = CARTESIAN_POINT ( 'NONE',  ( 9.999999999999989342, 16.34478688488235321, -11.16936811832403187 ) ) ;
#4085 = CARTESIAN_POINT ( 'NONE',  ( -5.489333724204634279, 28.83930291689458514, -11.48196448059941233 ) ) ;
#4086 = AXIS2_PLACEMENT_3D ( 'NONE', #3127, #2509, #2102 ) ;
#4087 = CARTESIAN_POINT ( 'NONE',  ( -16.63082273930335120, 21.41248448731354870, -15.58258830461862132 ) ) ;
#4088 = EDGE_LOOP ( 'NONE', ( #4116, #3344 ) ) ;
#4089 = DIRECTION ( 'NONE',  ( -0.000000000000000000, -0.000000000000000000, 1.000000000000000000 ) ) ;
#4090 = CARTESIAN_POINT ( 'NONE',  ( 30.00000000000000000, 30.00000000000000000, 0.000000000000000000 ) ) ;
#4091 = AXIS2_PLACEMENT_3D ( 'NONE', #372, #38, #2950 ) ;
#4092 = ORIENTED_EDGE ( 'NONE', *, *, #3076, .T. ) ;
#4093 = DIRECTION ( 'NONE',  ( -2.676430505792786015E-14, 0.000000000000000000, -1.000000000000000000 ) ) ;
#4094 = VECTOR ( 'NONE', #3855, 1000.000000000000000 ) ;
#4095 = EDGE_CURVE ( 'NONE', #1861, #2183, #598, .T. ) ;
#4096 = CARTESIAN_POINT ( 'NONE',  ( -47.84463380296330826, 25.03482898272062229, 1.000000000000002220 ) ) ;
#4097 = ORIENTED_EDGE ( 'NONE', *, *, #2757, .T. ) ;
#4098 = CARTESIAN_POINT ( 'NONE',  ( 30.00000000000000000, 0.000000000000000000, 0.000000000000000000 ) ) ;
#4099 = CARTESIAN_POINT ( 'NONE',  ( -2.550972488050986975, 1.171315048676354387, -12.04128577488712182 ) ) ;
#4100 = CYLINDRICAL_SURFACE ( 'NONE', #3337, 42.00000000000000000 ) ;
#4101 = CARTESIAN_POINT ( 'NONE',  ( 0.000000000000000000, 27.99999999999999645, 0.000000000000000000 ) ) ;
#4102 = CARTESIAN_POINT ( 'NONE',  ( -9.471454254104962445, 13.77520759984416188, -11.04329868450249030 ) ) ;
#4103 = LINE ( 'NONE', #1529, #3019 ) ;
#4104 = EDGE_CURVE ( 'NONE', #3898, #3179, #1089, .T. ) ;
#4105 = ADVANCED_FACE ( 'NONE', ( #555 ), #3778, .F. ) ;
#4106 = AXIS2_PLACEMENT_3D ( 'NONE', #1065, #3051, #1719 ) ;
#4107 = CARTESIAN_POINT ( 'NONE',  ( -6.867143555751082040, 2.256888489789921959, -12.53480010714154425 ) ) ;
#4108 = EDGE_LOOP ( 'NONE', ( #2281, #812, #1649, #445, #4033, #1829 ) ) ;
#4109 = CARTESIAN_POINT ( 'NONE',  ( -30.00000000000000000, 27.99999999999999645, 0.000000000000000000 ) ) ;
#4110 = CARTESIAN_POINT ( 'NONE',  ( 11.69237295972228274, 22.83092471043724814, -13.89476539356587459 ) ) ;
#4111 = EDGE_CURVE ( 'NONE', #1055, #1861, #3145, .T. ) ;
#4112 = CARTESIAN_POINT ( 'NONE',  ( 47.84335289353231957, 25.03988018267284232, 1.000000000000002220 ) ) ;
#4113 = ORIENTED_EDGE ( 'NONE', *, *, #1792, .T. ) ;
#4114 = DIRECTION ( 'NONE',  ( 0.000000000000000000, 1.000000000000000000, 0.000000000000000000 ) ) ;
#4115 = LINE ( 'NONE', #3779, #4094 ) ;
#4116 = ORIENTED_EDGE ( 'NONE', *, *, #2056, .T. ) ;
#4117 = DIRECTION ( 'NONE',  ( -0.000000000000000000, -1.000000000000000000, -0.000000000000000000 ) ) ;
#4118 = CARTESIAN_POINT ( 'NONE',  ( -7.132813100203422074, 2.361576499828869746, -12.58109461624477277 ) ) ;
#4119 = CARTESIAN_POINT ( 'NONE',  ( -8.690988802842644745, 21.95690155984733138, 10.87027821531691885 ) ) ;
#4120 = FACE_OUTER_BOUND ( 'NONE', #2120, .T. ) ;
#4121 = CARTESIAN_POINT ( 'NONE',  ( 0.1445210316783190063, 30.00000000000000711, 6.094968167936137604 ) ) ;
#4122 = ORIENTED_EDGE ( 'NONE', *, *, #1243, .F. ) ;
#4123 = CARTESIAN_POINT ( 'NONE',  ( 17.24105238126792372, 18.33631893979719152, -15.86794050094188968 ) ) ;
#4124 = ORIENTED_EDGE ( 'NONE', *, *, #3562, .T. ) ;
#4125 = CARTESIAN_POINT ( 'NONE',  ( 30.00000000000000000, 30.00000000000000000, 8.999999999999994671 ) ) ;
#4126 = CARTESIAN_POINT ( 'NONE',  ( 11.27841277181048341, 23.62418493931320640, -13.89053900580487166 ) ) ;
#4127 = CARTESIAN_POINT ( 'NONE',  ( -3.419267963581084757, 4.450387162459736423, -15.19810568669323381 ) ) ;
#4128 = EDGE_LOOP ( 'NONE', ( #3756, #1330, #3233, #2138 ) ) ;
#4129 = DIRECTION ( 'NONE',  ( -0.000000000000000000, -1.000000000000000000, 0.000000000000000000 ) ) ;
#4130 = CYLINDRICAL_SURFACE ( 'NONE', #3244, 10.99999999999999645 ) ;
#4131 = CARTESIAN_POINT ( 'NONE',  ( -45.25325841213763312, 27.79677622823754746, 1.000000000000001332 ) ) ;
#4132 = EDGE_LOOP ( 'NONE', ( #1483, #1364, #2819, #1904 ) ) ;
#4133 = DIRECTION ( 'NONE',  ( 0.000000000000000000, 0.000000000000000000, 1.000000000000000000 ) ) ;
#4134 = CARTESIAN_POINT ( 'NONE',  ( 0.7453520817608694227, 1.011185878792724813, -11.96675788495741521 ) ) ;
#4135 = CARTESIAN_POINT ( 'NONE',  ( -7.141428428542837992, 24.00000000000000000, 10.57312005391655774 ) ) ;
#4136 = AXIS2_PLACEMENT_3D ( 'NONE', #2647, #407, #2283 ) ;
#4137 = CARTESIAN_POINT ( 'NONE',  ( 0.000000000000000000, 30.00000000000000000, 51.96152422706631313 ) ) ;
#4138 = CARTESIAN_POINT ( 'NONE',  ( -0.1445210316744063306, 30.00000000000000711, -6.094968167940368886 ) ) ;
#4139 = VERTEX_POINT ( 'NONE', #518 ) ;
#4140 = CARTESIAN_POINT ( 'NONE',  ( -10.43172296463362336, 24.76480162518418737, 16.87178720096581230 ) ) ;
#4141 = VECTOR ( 'NONE', #1692, 1000.000000000000000 ) ;
#4142 = CARTESIAN_POINT ( 'NONE',  ( 17.02198698311330105, 14.13502612350466414, -15.76402359898565742 ) ) ;
#4143 = EDGE_LOOP ( 'NONE', ( #1855, #608, #840, #2823, #917 ) ) ;
#4144 = AXIS2_PLACEMENT_3D ( 'NONE', #2526, #2569, #4156 ) ;
#4145 = CARTESIAN_POINT ( 'NONE',  ( 9.012550919060908328, 28.35314557324300466, -11.08136637285246096 ) ) ;
#4146 = CARTESIAN_POINT ( 'NONE',  ( 6.265715529060594591, 28.43517018570770460, -10.60763048311421208 ) ) ;
#4147 = CARTESIAN_POINT ( 'NONE',  ( 8.600111656358606638, 7.214986077784822704, -16.49950806187047192 ) ) ;
#4148 = ORIENTED_EDGE ( 'NONE', *, *, #3697, .T. ) ;
#4149 = ADVANCED_FACE ( 'NONE', ( #899 ), #2543, .T. ) ;
#4150 = CARTESIAN_POINT ( 'NONE',  ( 9.692229046108602475, 8.331997966451124782, 16.93640461211022696 ) ) ;
#4151 = CARTESIAN_POINT ( 'NONE',  ( -14.23443968396817638, 25.36970827256841687, -14.41432082701168049 ) ) ;
#4152 = TOROIDAL_SURFACE ( 'NONE', #2686, 46.00000000000000000, 4.000000000000000000 ) ;
#4153 = CARTESIAN_POINT ( 'NONE',  ( 30.00000000000000000, 30.00000000000000000, 0.000000000000000000 ) ) ;
#4154 = EDGE_LOOP ( 'NONE', ( #3840, #622, #2214, #2717 ) ) ;
#4155 = VECTOR ( 'NONE', #882, 1000.000000000000000 ) ;
#4156 = DIRECTION ( 'NONE',  ( 0.000000000000000000, 0.000000000000000000, -1.000000000000000000 ) ) ;
#4157 = CARTESIAN_POINT ( 'NONE',  ( -3.638160445466410930, 1.354198362031561853, -12.12566387817896718 ) ) ;
#4158 = CARTESIAN_POINT ( 'NONE',  ( -20.00000000000000000, 0.000000000000000000, -17.32050807568877460 ) ) ;
#4159 = EDGE_CURVE ( 'NONE', #699, #1610, #837, .T. ) ;
#4160 = CARTESIAN_POINT ( 'NONE',  ( -30.00000000000000000, 30.00000000000000000, 0.000000000000000000 ) ) ;
#4161 = CARTESIAN_POINT ( 'NONE',  ( 0.7246949919480250024, 29.98058160874990108, 6.638717166942382342 ) ) ;
#4162 = VERTEX_POINT ( 'NONE', #2840 ) ;
#4163 = CARTESIAN_POINT ( 'NONE',  ( -11.69237295972228274, 22.83092471043724103, 13.89476539356513385 ) ) ;
#4164 = CARTESIAN_POINT ( 'NONE',  ( 10.52917330889592762, 4.237627638384433126, -13.35637824261283768 ) ) ;
#4165 = AXIS2_PLACEMENT_3D ( 'NONE', #754, #377, #105 ) ;
#4166 = EDGE_LOOP ( 'NONE', ( #2298, #384, #902, #19, #1017 ) ) ;
#4167 = CARTESIAN_POINT ( 'NONE',  ( 0.7260631729460307326, 29.98977096622340355, -6.328558796898722250 ) ) ;
#4168 = CIRCLE ( 'NONE', #2368, 6.000000000000000888 ) ;
#4169 = CARTESIAN_POINT ( 'NONE',  ( -10.31079908943226719, 9.071322635340104412, -17.20408234978818740 ) ) ;
#4170 = EDGE_LOOP ( 'NONE', ( #654, #1079, #2896, #807, #2588 ) ) ;
#4171 = CARTESIAN_POINT ( 'NONE',  ( 11.36810932725750867, 4.922526390707120392, 13.60706655723503467 ) ) ;
#4172 = DIRECTION ( 'NONE',  ( -0.000000000000000000, -0.000000000000000000, 1.000000000000000000 ) ) ;
#4173 = APPLICATION_PROTOCOL_DEFINITION ( 'international standard', 'config_control_design', 1994, #2906 ) ;
#4174 = LINE ( 'NONE', #1926, #3218 ) ;
#4175 = ORIENTED_EDGE ( 'NONE', *, *, #1219, .F. ) ;
#4176 = LINE ( 'NONE', #3526, #3415 ) ;
#4177 = CARTESIAN_POINT ( 'NONE',  ( -7.829626691869296273, 6.594951386714300590, -12.68976934770166487 ) ) ;
#4178 = DIRECTION ( 'NONE',  ( 0.000000000000000000, 0.000000000000000000, -1.000000000000000000 ) ) ;
#4179 = DIRECTION ( 'NONE',  ( 0.000000000000000000, 0.000000000000000000, -1.000000000000000000 ) ) ;
ENDSEC;
END-ISO-10303-21;
