ISO-10303-21;
HEADER;
FILE_DESCRIPTION (( 'STEP AP203' ),
    '1' );
FILE_NAME ('CSWP_18_14.STEP',
    '2026-08-05T18:22:08',
    ( '' ),
    ( '' ),
    'SwSTEP 2.0',
    'SolidWorks 2026',
    '' );
FILE_SCHEMA (( 'CONFIG_CONTROL_DESIGN' ));
ENDSEC;

DATA;
#1 = EDGE_CURVE ( 'NONE', #1309, #2364, #1364, .T. ) ;
#2 = DIRECTION ( 'NONE',  ( 0.000000000000000000, 0.000000000000000000, -1.000000000000000000 ) ) ;
#3 = EDGE_CURVE ( 'NONE', #380, #1820, #1235, .T. ) ;
#4 = DIRECTION ( 'NONE',  ( -0.000000000000000000, 1.000000000000000000, -0.000000000000000000 ) ) ;
#5 = ORIENTED_EDGE ( 'NONE', *, *, #754, .F. ) ;
#6 = CARTESIAN_POINT ( 'NONE',  ( -32.50200000000000244, -32.50000000000000000, 0.000000000000000000 ) ) ;
#7 = CARTESIAN_POINT ( 'NONE',  ( 30.97405663769623985, 9.842718156726055767, -4.680847026639987085 ) ) ;
#8 = ORIENTED_EDGE ( 'NONE', *, *, #3562, .T. ) ;
#9 = ORIENTED_EDGE ( 'NONE', *, *, #2277, .T. ) ;
#10 = VERTEX_POINT ( 'NONE', #161 ) ;
#11 = CARTESIAN_POINT ( 'NONE',  ( 34.50000000000000000, 0.000000000000000000, -19.00000000000000000 ) ) ;
#12 = CARTESIAN_POINT ( 'NONE',  ( 100.9800773849278244, -23.06449637596845292, -18.99999999999922551 ) ) ;
#13 = ORIENTED_EDGE ( 'NONE', *, *, #1079, .T. ) ;
#14 = CARTESIAN_POINT ( 'NONE',  ( 27.46536498627757794, -25.30000000000018900, 6.381484457228619789 ) ) ;
#15 = CARTESIAN_POINT ( 'NONE',  ( 114.8881372986077309, -23.99276204167840021, 1.179564276965543224 ) ) ;
#16 = DIRECTION ( 'NONE',  ( 1.000000000000000000, 0.000000000000000000, 0.000000000000000000 ) ) ;
#17 = DIRECTION ( 'NONE',  ( 0.000000000000000000, 0.000000000000000000, 1.000000000000000000 ) ) ;
#18 = EDGE_CURVE ( 'NONE', #2136, #2237, #1193, .T. ) ;
#19 = CARTESIAN_POINT ( 'NONE',  ( -14.00000000000000178, 0.000000000000000000, 0.000000000000000000 ) ) ;
#20 = EDGE_CURVE ( 'NONE', #2483, #3377, #253, .T. ) ;
#21 = AXIS2_PLACEMENT_3D ( 'NONE', #3175, #2894, #1466 ) ;
#22 = AXIS2_PLACEMENT_3D ( 'NONE', #479, #3337, #756 ) ;
#23 = LINE ( 'NONE', #6, #1903 ) ;
#24 = LOCAL_TIME ( 23, 52, 8.000000000000000000, #1574 ) ;
#25 = CARTESIAN_POINT ( 'NONE',  ( 30.64764595666498792, 10.81541908475036706, -10.26587102465583712 ) ) ;
#26 = EDGE_LOOP ( 'NONE', ( #2776, #246, #1254, #1909 ) ) ;
#27 = ORIENTED_EDGE ( 'NONE', *, *, #2775, .T. ) ;
#28 = EDGE_LOOP ( 'NONE', ( #573, #2871, #1420, #165, #1548 ) ) ;
#29 = DIRECTION ( 'NONE',  ( 0.8660254037844398178, -0.4999999999999980016, 0.000000000000000000 ) ) ;
#30 = CARTESIAN_POINT ( 'NONE',  ( 17.89607255422634680, -21.89075943500377974, 0.000000000000000000 ) ) ;
#31 = CC_DESIGN_SECURITY_CLASSIFICATION ( #376, ( #3386 ) ) ;
#32 = EDGE_LOOP ( 'NONE', ( #2782, #3446, #3550, #1709 ) ) ;
#33 = AXIS2_PLACEMENT_3D ( 'NONE', #318, #2532, #1930 ) ;
#34 = CARTESIAN_POINT ( 'NONE',  ( 125.0000000000000000, -30.50000000000000000, -2.000000000000000000 ) ) ;
#35 = CARTESIAN_POINT ( 'NONE',  ( 113.2293256143323390, -22.82978677221193209, -9.073113412188983775E-13 ) ) ;
#36 = CARTESIAN_POINT ( 'NONE',  ( 20.41247161243586206, -23.10937285606913960, 1.734723475976806897E-15 ) ) ;
#37 = CARTESIAN_POINT ( 'NONE',  ( 115.6167383087756235, -31.28157925695516184, 0.3469488071946956187 ) ) ;
#38 = LINE ( 'NONE', #2863, #791 ) ;
#39 = DIRECTION ( 'NONE',  ( 1.000000000000000000, -6.938893903907222067E-15, 0.000000000000000000 ) ) ;
#40 = ORIENTED_EDGE ( 'NONE', *, *, #576, .T. ) ;
#41 = CARTESIAN_POINT ( 'NONE',  ( 109.0000000000000000, 0.000000000000000000, -9.500000000000000000 ) ) ;
#42 = CARTESIAN_POINT ( 'NONE',  ( 32.09516536262785991, 5.220177316259857925, -1.551857953374100152 ) ) ;
#43 = EDGE_LOOP ( 'NONE', ( #2132, #518 ) ) ;
#44 = ORIENTED_EDGE ( 'NONE', *, *, #1588, .T. ) ;
#45 = DIRECTION ( 'NONE',  ( 0.8933052790298480206, -6.237917423245544821E-15, 0.4494504182414401083 ) ) ;
#46 = ADVANCED_FACE ( 'NONE', ( #2988 ), #1581, .F. ) ;
#47 = CARTESIAN_POINT ( 'NONE',  ( 96.22899368431326650, -23.01290521361390873, -20.77227486970920367 ) ) ;
#48 = ADVANCED_FACE ( 'NONE', ( #111 ), #711, .T. ) ;
#49 = ORIENTED_EDGE ( 'NONE', *, *, #2152, .F. ) ;
#50 = DIRECTION ( 'NONE',  ( -0.000000000000000000, 1.000000000000000000, -0.000000000000000000 ) ) ;
#51 = FACE_OUTER_BOUND ( 'NONE', #3589, .T. ) ;
#52 = CARTESIAN_POINT ( 'NONE',  ( -29.41371427712126518, -2.258907030240310032, -6.016163166936632223 ) ) ;
#53 = DIRECTION ( 'NONE',  ( 1.000000000000000000, -6.938893903907228378E-15, 3.469446951953614189E-15 ) ) ;
#54 = CARTESIAN_POINT ( 'NONE',  ( -19.18658333464899357, -26.23213715926649670, 46.41984052872977173 ) ) ;
#55 = DATE_AND_TIME ( #2018, #2129 ) ;
#56 = DIRECTION ( 'NONE',  ( -0.000000000000000000, 1.000000000000000000, -0.000000000000000000 ) ) ;
#57 = DIRECTION ( 'NONE',  ( 0.000000000000000000, 0.000000000000000000, 1.000000000000000000 ) ) ;
#58 = CARTESIAN_POINT ( 'NONE',  ( 50.00000000000000000, -12.00000000000000711, -4.999999999999997335 ) ) ;
#59 = CARTESIAN_POINT ( 'NONE',  ( 32.06653281986089610, 5.324917295107352899, 0.5433369254029638551 ) ) ;
#60 = ORIENTED_EDGE ( 'NONE', *, *, #421, .T. ) ;
#61 = CARTESIAN_POINT ( 'NONE',  ( 97.12025105801257041, -21.09548621864110984, -18.99999999999999645 ) ) ;
#62 = ORIENTED_EDGE ( 'NONE', *, *, #2872, .T. ) ;
#63 = EDGE_CURVE ( 'NONE', #555, #1248, #2734, .T. ) ;
#64 = DIRECTION ( 'NONE',  ( 0.000000000000000000, -0.000000000000000000, -1.000000000000000000 ) ) ;
#65 = CARTESIAN_POINT ( 'NONE',  ( 8.064114226492252513, -32.50000000000000000, 21.56938554008254982 ) ) ;
#66 = CIRCLE ( 'NONE', #2116, 8.000000000000000000 ) ;
#67 = CARTESIAN_POINT ( 'NONE',  ( -29.34706118165838262, -3.000000000000001776, -8.000000000000001776 ) ) ;
#68 = DIRECTION ( 'NONE',  ( -0.000000000000000000, 1.000000000000000000, -0.000000000000000000 ) ) ;
#69 = DIRECTION ( 'NONE',  ( -0.000000000000000000, 1.000000000000000000, -0.000000000000000000 ) ) ;
#70 = AXIS2_PLACEMENT_3D ( 'NONE', #1682, #3631, #560 ) ;
#71 = CARTESIAN_POINT ( 'NONE',  ( 99.88004853125636373, -23.00000000000069633, 8.642813066825432600 ) ) ;
#72 = AXIS2_PLACEMENT_3D ( 'NONE', #808, #200, #1884 ) ;
#73 = CARTESIAN_POINT ( 'NONE',  ( 30.64126883302424176, 10.83340409603573029, -9.880579396706897555 ) ) ;
#74 = VERTEX_POINT ( 'NONE', #3644 ) ;
#75 = CIRCLE ( 'NONE', #3028, 2.000000000000001776 ) ;
#76 = VECTOR ( 'NONE', #2675, 1000.000000000000000 ) ;
#77 = DIRECTION ( 'NONE',  ( -6.982962677686266711E-15, -1.000000000000000000, 0.000000000000000000 ) ) ;
#78 = CIRCLE ( 'NONE', #378, 4.999999999999988454 ) ;
#79 = VECTOR ( 'NONE', #1755, 1000.000000000000000 ) ;
#80 = VERTEX_POINT ( 'NONE', #1088 ) ;
#81 = CARTESIAN_POINT ( 'NONE',  ( -32.50200000000000244, 0.000000000000000000, -19.00000000000000000 ) ) ;
#82 = EDGE_CURVE ( 'NONE', #1979, #444, #2991, .T. ) ;
#83 = PLANE ( 'NONE',  #1138 ) ;
#84 = EDGE_CURVE ( 'NONE', #2438, #961, #3583, .T. ) ;
#85 = CARTESIAN_POINT ( 'NONE',  ( 109.0000000000000000, 0.000000000000000000, 0.000000000000000000 ) ) ;
#86 = CARTESIAN_POINT ( 'NONE',  ( 103.7715505984699433, -22.65685424949310445, -18.99999999999999645 ) ) ;
#87 = CYLINDRICAL_SURFACE ( 'NONE', #1542, 2.000000000000001776 ) ;
#88 = EDGE_CURVE ( 'NONE', #1459, #1365, #1535, .T. ) ;
#89 = CARTESIAN_POINT ( 'NONE',  ( 19.71099021704221244, -21.07692982337304954, 1.734723475976807094E-15 ) ) ;
#90 = EDGE_CURVE ( 'NONE', #1650, #2739, #1158, .T. ) ;
#91 = PLANE ( 'NONE',  #2580 ) ;
#92 = CYLINDRICAL_SURFACE ( 'NONE', #2600, 29.50000000000000711 ) ;
#93 = DIRECTION ( 'NONE',  ( 1.000000000000000000, -6.982962677686266711E-15, 0.000000000000000000 ) ) ;
#94 = CARTESIAN_POINT ( 'NONE',  ( 32.49934033727541305, -0.2070691718809207771, 1.997899057347327867 ) ) ;
#95 = ORIENTED_EDGE ( 'NONE', *, *, #242, .F. ) ;
#96 = FACE_OUTER_BOUND ( 'NONE', #2701, .T. ) ;
#97 = VERTEX_POINT ( 'NONE', #2471 ) ;
#98 = VERTEX_POINT ( 'NONE', #1376 ) ;
#99 = DIRECTION ( 'NONE',  ( 0.000000000000000000, 0.000000000000000000, 1.000000000000000000 ) ) ;
#100 = FACE_OUTER_BOUND ( 'NONE', #735, .T. ) ;
#101 = CARTESIAN_POINT ( 'NONE',  ( 19.22658254566808367, -24.90926477044357412, 0.000000000000000000 ) ) ;
#102 = FACE_BOUND ( 'NONE', #43, .T. ) ;
#103 = CARTESIAN_POINT ( 'NONE',  ( 0.000000000000000000, 0.000000000000000000, 0.000000000000000000 ) ) ;
#104 = DIRECTION ( 'NONE',  ( 0.000000000000000000, -1.000000000000000000, 0.000000000000000000 ) ) ;
#105 = DIRECTION ( 'NONE',  ( 1.000000000000000000, 0.000000000000000000, 0.000000000000000000 ) ) ;
#106 = EDGE_CURVE ( 'NONE', #3374, #306, #1797, .T. ) ;
#107 = AXIS2_PLACEMENT_3D ( 'NONE', #3304, #2211, #2184 ) ;
#108 = CARTESIAN_POINT ( 'NONE',  ( -32.50001265575147613, 0.1936274386640795819, -4.999862895991911138 ) ) ;
#109 = DIRECTION ( 'NONE',  ( -0.000000000000000000, -0.000000000000000000, -1.000000000000000000 ) ) ;
#110 = CIRCLE ( 'NONE', #3595, 4.000000000000003553 ) ;
#111 = FACE_OUTER_BOUND ( 'NONE', #2253, .T. ) ;
#112 = CARTESIAN_POINT ( 'NONE',  ( 112.4726552971637830, -23.00000000000078515, 2.000000000000002665 ) ) ;
#113 = ORIENTED_EDGE ( 'NONE', *, *, #534, .F. ) ;
#114 = ORIENTED_EDGE ( 'NONE', *, *, #2361, .F. ) ;
#115 = LINE ( 'NONE', #1240, #3449 ) ;
#116 = CYLINDRICAL_SURFACE ( 'NONE', #989, 1.999999999999998224 ) ;
#117 = CARTESIAN_POINT ( 'NONE',  ( 17.72562153490721570, -22.02338820598442126, 0.000000000000000000 ) ) ;
#118 = CARTESIAN_POINT ( 'NONE',  ( 125.0000000000000000, -32.50000000000000000, 0.000000000000000000 ) ) ;
#119 = DATE_AND_TIME ( #2586, #1017 ) ;
#120 = CARTESIAN_POINT ( 'NONE',  ( -12.81846262455838925, -29.86554964321626926, 0.3811849710041753658 ) ) ;
#121 = CARTESIAN_POINT ( 'NONE',  ( 50.00000000000000000, 0.000000000000000000, -4.999999999999997335 ) ) ;
#122 = EDGE_CURVE ( 'NONE', #3192, #572, #1636, .T. ) ;
#123 = CARTESIAN_POINT ( 'NONE',  ( -1.466422162314115757E-13, -20.99999999999999645, 0.000000000000000000 ) ) ;
#124 = ADVANCED_FACE ( 'NONE', ( #1927 ), #3052, .F. ) ;
#125 = EDGE_LOOP ( 'NONE', ( #2721, #697, #3396, #2135 ) ) ;
#126 = EDGE_LOOP ( 'NONE', ( #3384, #2295, #997, #224 ) ) ;
#127 = VECTOR ( 'NONE', #2537, 1000.000000000000000 ) ;
#128 = DIRECTION ( 'NONE',  ( 0.000000000000000000, 1.000000000000000000, -1.239088197126291063E-16 ) ) ;
#129 = ADVANCED_FACE ( 'NONE', ( #3069 ), #1394, .T. ) ;
#130 = VERTEX_POINT ( 'NONE', #1453 ) ;
#131 = EDGE_LOOP ( 'NONE', ( #60, #1913 ) ) ;
#132 = CIRCLE ( 'NONE', #607, 29.50000000000000711 ) ;
#133 = DIRECTION ( 'NONE',  ( 0.8829475928589298750, -6.191628406563373499E-15, 0.4694715627858854767 ) ) ;
#134 = AXIS2_PLACEMENT_3D ( 'NONE', #1625, #2724, #501 ) ;
#135 = FACE_OUTER_BOUND ( 'NONE', #2375, .T. ) ;
#136 = CIRCLE ( 'NONE', #2194, 14.00000000000000178 ) ;
#137 = CARTESIAN_POINT ( 'NONE',  ( 17.26688793984441261, -22.46342854849436321, 0.000000000000000000 ) ) ;
#138 = CARTESIAN_POINT ( 'NONE',  ( 27.46536498627748202, -37.00000000000019185, 6.381484457228619789 ) ) ;
#139 = AXIS2_PLACEMENT_3D ( 'NONE', #1156, #1450, #897 ) ;
#140 = FACE_OUTER_BOUND ( 'NONE', #3605, .T. ) ;
#141 = AXIS2_PLACEMENT_3D ( 'NONE', #1457, #1475, #3461 ) ;
#142 = LINE ( 'NONE', #3235, #1052 ) ;
#143 = FACE_OUTER_BOUND ( 'NONE', #2554, .T. ) ;
#144 = AXIS2_PLACEMENT_3D ( 'NONE', #2983, #1227, #2106 ) ;
#145 = EDGE_LOOP ( 'NONE', ( #1054, #44, #1647, #1853, #315 ) ) ;
#146 = CARTESIAN_POINT ( 'NONE',  ( 33.51887634343563604, 1.988983714473265829, 1.203706215242022682E-32 ) ) ;
#147 = EDGE_LOOP ( 'NONE', ( #1164, #3058, #3238, #2275 ) ) ;
#148 = VERTEX_POINT ( 'NONE', #3165 ) ;
#149 = EDGE_CURVE ( 'NONE', #3534, #3097, #902, .T. ) ;
#150 = ORIENTED_EDGE ( 'NONE', *, *, #1499, .T. ) ;
#151 = EDGE_CURVE ( 'NONE', #1071, #734, #370, .T. ) ;
#152 = FACE_OUTER_BOUND ( 'NONE', #611, .T. ) ;
#153 = DIRECTION ( 'NONE',  ( -0.4999999999999979461, -0.8660254037844397068, 0.000000000000000000 ) ) ;
#154 = DIRECTION ( 'NONE',  ( -0.000000000000000000, 1.000000000000000000, -0.000000000000000000 ) ) ;
#155 = CARTESIAN_POINT ( 'NONE',  ( 19.40875657802297738, -24.07777565812851250, 4.110813377888285749E-13 ) ) ;
#156 = DIRECTION ( 'NONE',  ( -0.000000000000000000, 1.000000000000000000, -0.000000000000000000 ) ) ;
#157 = PERSON_AND_ORGANIZATION ( #3212, #1667 ) ;
#158 = CARTESIAN_POINT ( 'NONE',  ( 112.4726552971637972, -21.00000000000078515, 0.000000000000000000 ) ) ;
#159 = DIRECTION ( 'NONE',  ( -6.982962677686266711E-15, -1.000000000000000000, 0.000000000000000000 ) ) ;
#160 = CARTESIAN_POINT ( 'NONE',  ( 74.00000000000001421, -16.49999999999999645, -2.020667218593132706E-15 ) ) ;
#161 = CARTESIAN_POINT ( 'NONE',  ( 27.46536498627757084, -25.00000000000019185, 17.57586585712391880 ) ) ;
#162 = AXIS2_PLACEMENT_3D ( 'NONE', #432, #154, #1294 ) ;
#163 = CARTESIAN_POINT ( 'NONE',  ( 32.58145228095647639, 3.996386050410146051, 0.000000000000000000 ) ) ;
#164 = ORIENTED_EDGE ( 'NONE', *, *, #941, .F. ) ;
#165 = ORIENTED_EDGE ( 'NONE', *, *, #3481, .F. ) ;
#166 = ORIENTED_EDGE ( 'NONE', *, *, #3140, .T. ) ;
#167 = LINE ( 'NONE', #1313, #371 ) ;
#168 = LINE ( 'NONE', #3297, #608 ) ;
#169 = FACE_OUTER_BOUND ( 'NONE', #587, .T. ) ;
#170 = EDGE_CURVE ( 'NONE', #802, #1549, #1490, .T. ) ;
#171 = CARTESIAN_POINT ( 'NONE',  ( 42.00000000000010658, -23.00000000000029132, -19.00000000000000000 ) ) ;
#172 = CIRCLE ( 'NONE', #3369, 10.00000000000000178 ) ;
#173 = CARTESIAN_POINT ( 'NONE',  ( 18.37985878839984721, -24.11963979491651955, 2.682590285787829654 ) ) ;
#174 = PERSON_AND_ORGANIZATION ( #3212, #1667 ) ;
#175 = LINE ( 'NONE', #2371, #1829 ) ;
#176 = CARTESIAN_POINT ( 'NONE',  ( -32.49122062855447979, -0.7797978973452470708, -5.096399847347698575 ) ) ;
#177 = CARTESIAN_POINT ( 'NONE',  ( 19.81338772673508331, -23.11428775351867770, 2.312855977470766433 ) ) ;
#178 = ORIENTED_EDGE ( 'NONE', *, *, #1100, .F. ) ;
#179 = CARTESIAN_POINT ( 'NONE',  ( -29.50000000000000711, 0.000000000000000000, -5.000000000000000888 ) ) ;
#180 = VERTEX_POINT ( 'NONE', #2624 ) ;
#181 = ORIENTED_EDGE ( 'NONE', *, *, #486, .F. ) ;
#182 = ORIENTED_EDGE ( 'NONE', *, *, #3637, .F. ) ;
#183 = ADVANCED_FACE ( 'NONE', ( #1690 ), #1179, .T. ) ;
#184 = DIRECTION ( 'NONE',  ( 0.000000000000000000, 0.000000000000000000, 1.000000000000000000 ) ) ;
#185 = CARTESIAN_POINT ( 'NONE',  ( 27.46536498627757794, -37.00000000000122924, 6.381484457228619789 ) ) ;
#186 = DIRECTION ( 'NONE',  ( -0.000000000000000000, 1.000000000000000000, -0.000000000000000000 ) ) ;
#187 = CARTESIAN_POINT ( 'NONE',  ( 33.95564857529983271, 5.049469035987446119, -17.55279738370025200 ) ) ;
#188 = AXIS2_PLACEMENT_3D ( 'NONE', #1428, #351, #602 ) ;
#189 = EDGE_CURVE ( 'NONE', #1820, #889, #341, .T. ) ;
#190 = AXIS2_PLACEMENT_3D ( 'NONE', #683, #2927, #2648 ) ;
#191 = CARTESIAN_POINT ( 'NONE',  ( 125.0000000000000000, 0.000000000000000000, -9.500000000000000000 ) ) ;
#192 = VECTOR ( 'NONE', #2338, 1000.000000000000000 ) ;
#193 = AXIS2_PLACEMENT_3D ( 'NONE', #3248, #3231, #3522 ) ;
#194 = ORIENTED_EDGE ( 'NONE', *, *, #401, .T. ) ;
#195 = CARTESIAN_POINT ( 'NONE',  ( 50.00000000000009948, -23.00000000000035172, -40.20000000000000284 ) ) ;
#196 = ADVANCED_FACE ( 'NONE', ( #2843 ), #2093, .T. ) ;
#197 = DIRECTION ( 'NONE',  ( -0.000000000000000000, -0.000000000000000000, -1.000000000000000000 ) ) ;
#198 = ADVANCED_FACE ( 'NONE', ( #1410 ), #91, .F. ) ;
#199 = CARTESIAN_POINT ( 'NONE',  ( 31.95986916869197358, -23.00000000000022027, 18.64281306682543615 ) ) ;
#200 = DIRECTION ( 'NONE',  ( -6.982962677686266711E-15, -1.000000000000000000, 0.000000000000000000 ) ) ;
#201 = VECTOR ( 'NONE', #3009, 1000.000000000000000 ) ;
#202 = CARTESIAN_POINT ( 'NONE',  ( 127.0000000000000000, 0.000000000000000000, -17.00000000000000000 ) ) ;
#203 = CARTESIAN_POINT ( 'NONE',  ( 30.97370806995149550, 9.843828665409231959, -14.31681818605072465 ) ) ;
#204 = EDGE_LOOP ( 'NONE', ( #1104, #1130 ) ) ;
#205 = ORIENTED_EDGE ( 'NONE', *, *, #2085, .F. ) ;
#206 = ORIENTED_EDGE ( 'NONE', *, *, #579, .T. ) ;
#207 = CARTESIAN_POINT ( 'NONE',  ( 107.3915935358304523, -32.50000000000000000, -5.484348418917430301 ) ) ;
#208 = CARTESIAN_POINT ( 'NONE',  ( 103.7715506040773192, -24.72391092352259179, -18.99999999999999645 ) ) ;
#209 = B_SPLINE_CURVE_WITH_KNOTS ( 'NONE', 3,
 ( #3577, #1592, #3021, #3083, #484, #1608, #2712, #2745, #173, #212, #2423, #3558 ),
 .UNSPECIFIED., .F., .F.,
 ( 4, 2, 2, 2, 2, 4 ),
 ( 4.336808689942017736E-19, 0.0006835315150829664307, 0.001025297272624449375, 0.001367063030165932428, 0.002050594545248891377, 0.002734126060331850544 ),
 .UNSPECIFIED. ) ;
#210 = CARTESIAN_POINT ( 'NONE',  ( 0.000000000000000000, 0.000000000000000000, -4.999999999999997335 ) ) ;
#211 = CARTESIAN_POINT ( 'NONE',  ( 34.50000000000000000, 0.3173087637101844050, -19.00000000000000355 ) ) ;
#212 = CARTESIAN_POINT ( 'NONE',  ( 18.20424707206887760, -24.53760212469079249, 2.720291090464137973 ) ) ;
#213 = AXIS2_PLACEMENT_3D ( 'NONE', #237, #3601, #1068 ) ;
#214 = ORIENTED_EDGE ( 'NONE', *, *, #1048, .T. ) ;
#215 = FACE_OUTER_BOUND ( 'NONE', #147, .T. ) ;
#216 = CARTESIAN_POINT ( 'NONE',  ( 27.46536498627757794, -23.00000000000019185, 6.381484457228619789 ) ) ;
#217 = DIRECTION ( 'NONE',  ( 1.000000000000000000, 0.000000000000000000, 0.000000000000000000 ) ) ;
#218 = CC_DESIGN_PERSON_AND_ORGANIZATION_ASSIGNMENT ( #883, #2070, ( #1520 ) ) ;
#219 = CARTESIAN_POINT ( 'NONE',  ( 31.32108892433462088, 8.695104166288150083, -16.42329846793775161 ) ) ;
#220 = EDGE_CURVE ( 'NONE', #1967, #1063, #1746, .T. ) ;
#221 = CARTESIAN_POINT ( 'NONE',  ( -29.49798971270385906, 0.3944549032467733474, -5.019588418848542233 ) ) ;
#222 = CARTESIAN_POINT ( 'NONE',  ( 31.72396114916065812, 7.079329091153104159, -18.23807764583711233 ) ) ;
#223 = ORIENTED_EDGE ( 'NONE', *, *, #364, .T. ) ;
#224 = ORIENTED_EDGE ( 'NONE', *, *, #1479, .F. ) ;
#225 = ORIENTED_EDGE ( 'NONE', *, *, #3472, .F. ) ;
#226 = DIRECTION ( 'NONE',  ( 0.000000000000000000, 0.000000000000000000, -1.000000000000000000 ) ) ;
#227 = AXIS2_PLACEMENT_3D ( 'NONE', #2928, #332, #3453 ) ;
#228 = PLANE ( 'NONE',  #1424 ) ;
#229 = LINE ( 'NONE', #3315, #2560 ) ;
#230 = VERTEX_POINT ( 'NONE', #919 ) ;
#231 = CARTESIAN_POINT ( 'NONE',  ( 32.52716768709022688, 9.499402427119775894, -8.864244896959215581 ) ) ;
#232 = LINE ( 'NONE', #1351, #3155 ) ;
#233 = ORIENTED_EDGE ( 'NONE', *, *, #2381, .T. ) ;
#234 = CARTESIAN_POINT ( 'NONE',  ( 0.000000000000000000, 0.000000000000000000, -19.00000000000000000 ) ) ;
#235 = CARTESIAN_POINT ( 'NONE',  ( 99.88004853125636373, -23.00000000000069633, 4.442813066825437751 ) ) ;
#236 = CARTESIAN_POINT ( 'NONE',  ( 27.46536498627757794, -23.00000000000019185, 6.381484457228619789 ) ) ;
#237 = CARTESIAN_POINT ( 'NONE',  ( 0.000000000000000000, 0.000000000000000000, -19.00000000000000000 ) ) ;
#238 = EDGE_LOOP ( 'NONE', ( #284, #474, #2905, #3259 ) ) ;
#239 = EDGE_CURVE ( 'NONE', #3103, #2926, #3422, .T. ) ;
#240 = AXIS2_PLACEMENT_3D ( 'NONE', #2265, #599, #1407 ) ;
#241 = CARTESIAN_POINT ( 'NONE',  ( -32.36124225056881443, 3.000000000000001776, -5.000000000000000000 ) ) ;
#242 = EDGE_CURVE ( 'NONE', #870, #889, #359, .T. ) ;
#243 = CARTESIAN_POINT ( 'NONE',  ( 34.39204931517414821, 2.338373285205672225, -18.72965953951188922 ) ) ;
#244 = VERTEX_POINT ( 'NONE', #862 ) ;
#245 = ORIENTED_EDGE ( 'NONE', *, *, #90, .F. ) ;
#246 = ORIENTED_EDGE ( 'NONE', *, *, #1341, .T. ) ;
#247 = CARTESIAN_POINT ( 'NONE',  ( 50.00000000000009948, -23.00000000000034817, -36.00000000000000711 ) ) ;
#248 = DIRECTION ( 'NONE',  ( 0.000000000000000000, 0.000000000000000000, 1.000000000000000000 ) ) ;
#249 = EDGE_CURVE ( 'NONE', #2173, #1311, #585, .T. ) ;
#250 = ORIENTED_EDGE ( 'NONE', *, *, #2298, .T. ) ;
#251 = LINE ( 'NONE', #2805, #1551 ) ;
#252 = AXIS2_PLACEMENT_3D ( 'NONE', #500, #2759, #226 ) ;
#253 = CIRCLE ( 'NONE', #2789, 2.000000000000000000 ) ;
#254 = DIRECTION ( 'NONE',  ( 1.000000000000000000, -6.938893903907222067E-15, 0.000000000000000000 ) ) ;
#255 = EDGE_LOOP ( 'NONE', ( #1033, #2101, #2686 ) ) ;
#256 = CARTESIAN_POINT ( 'NONE',  ( 115.2370403142020621, -25.00000000000080647, 1.061056874428227159 ) ) ;
#257 = LOCAL_TIME ( 23, 52, 8.000000000000000000, #2447 ) ;
#258 = VECTOR ( 'NONE', #725, 1000.000000000000000 ) ;
#259 = CARTESIAN_POINT ( 'NONE',  ( 32.50102123494509243, 0.1263076015174767752, -19.00366198695071063 ) ) ;
#260 = AXIS2_PLACEMENT_3D ( 'NONE', #759, #2726, #254 ) ;
#261 = AXIS2_PLACEMENT_3D ( 'NONE', #909, #2347, #1478 ) ;
#262 = CARTESIAN_POINT ( 'NONE',  ( 102.8326074728981752, -23.00000000000071765, -19.23410481428213714 ) ) ;
#263 = ORIENTED_EDGE ( 'NONE', *, *, #3523, .F. ) ;
#264 = CARTESIAN_POINT ( 'NONE',  ( 103.7715505984698865, -30.50000000000000711, -20.99999999999999645 ) ) ;
#265 = CARTESIAN_POINT ( 'NONE',  ( 30.69231274600247872, 10.68820156669803723, -11.41442657932135596 ) ) ;
#266 = EDGE_LOOP ( 'NONE', ( #1395, #2746, #1185, #1583 ) ) ;
#267 = EDGE_LOOP ( 'NONE', ( #1890, #2195 ) ) ;
#268 = ORIENTED_EDGE ( 'NONE', *, *, #1167, .T. ) ;
#269 = DIRECTION ( 'NONE',  ( 0.000000000000000000, -0.000000000000000000, -1.000000000000000000 ) ) ;
#270 = AXIS2_PLACEMENT_3D ( 'NONE', #2515, #1109, #3092 ) ;
#271 = CARTESIAN_POINT ( 'NONE',  ( 102.3131325682090988, -23.63631495052547038, -18.99999999999999289 ) ) ;
#272 = EDGE_LOOP ( 'NONE', ( #1988, #1854, #1777, #1290 ) ) ;
#273 = EDGE_CURVE ( 'NONE', #1767, #1764, #1759, .T. ) ;
#274 = EDGE_CURVE ( 'NONE', #1528, #2680, #2036, .T. ) ;
#275 = CARTESIAN_POINT ( 'NONE',  ( 34.30325491261637438, 3.093859636887146269, -18.50357233251734357 ) ) ;
#276 = PLANE ( 'NONE',  #1492 ) ;
#277 = PLANE ( 'NONE',  #2318 ) ;
#278 = DIRECTION ( 'NONE',  ( -0.4694715627858861429, 3.278302401168887945E-15, 0.8829475928589294309 ) ) ;
#279 = CARTESIAN_POINT ( 'NONE',  ( 30.98843183394017586, 9.798586199162256705, -14.42676233988585999 ) ) ;
#280 = ORIENTED_EDGE ( 'NONE', *, *, #2152, .T. ) ;
#281 =( BOUNDED_SURFACE ( )  B_SPLINE_SURFACE ( 3, 2, ( 
 ( #3416, #1155, #1356 ),
 ( #2431, #36, #2489 ),
 ( #3566, #2147, #3600 ),
 ( #177, #3026, #1303 ) ),
 .UNSPECIFIED., .F., .F., .T. ) 
 B_SPLINE_SURFACE_WITH_KNOTS ( ( 4, 4 ),
 ( 3, 3 ),
 ( 4.712388980384689674, 5.052084616637299241 ),
 ( 0.000000000000000000, 1.000000000000000000 ),
 .UNSPECIFIED. ) 
 GEOMETRIC_REPRESENTATION_ITEM ( )  RATIONAL_B_SPLINE_SURFACE ( (
 ( 1.000000000000000000, 0.7071067811865472397, 1.000000000000000000),
 ( 1.000000000000000000, 0.6883173332931070698, 1.000000000000000000),
 ( 1.000000000000000000, 0.6687495225596743476, 1.000000000000000000),
 ( 1.000000000000000000, 0.6494505413288295115, 1.000000000000000000) ) ) 
 REPRESENTATION_ITEM ( '' )  SURFACE ( )  );
#282 = LINE ( 'NONE', #1091, #1259 ) ;
#283 = CARTESIAN_POINT ( 'NONE',  ( 32.52688537659582124, 9.500062053539743090, -9.814391675540274917 ) ) ;
#284 = ORIENTED_EDGE ( 'NONE', *, *, #3249, .T. ) ;
#285 = VERTEX_POINT ( 'NONE', #1707 ) ;
#286 = VERTEX_POINT ( 'NONE', #640 ) ;
#287 = CARTESIAN_POINT ( 'NONE',  ( 74.00000000000001421, 0.000000000000000000, -9.500000000000000000 ) ) ;
#288 = CARTESIAN_POINT ( 'NONE',  ( 101.6824803169431135, -23.93205516169713931, -19.50200224279267402 ) ) ;
#289 = AXIS2_PLACEMENT_3D ( 'NONE', #974, #677, #439 ) ;
#290 = DIRECTION ( 'NONE',  ( -0.000000000000000000, -0.000000000000000000, -1.000000000000000000 ) ) ;
#291 = CARTESIAN_POINT ( 'NONE',  ( 26.94902595642373555, -12.00000000000000355, -19.00000000000000000 ) ) ;
#292 = EDGE_CURVE ( 'NONE', #3624, #864, #1472, .T. ) ;
#293 = AXIS2_PLACEMENT_3D ( 'NONE', #1355, #2210, #3364 ) ;
#294 = DIRECTION ( 'NONE',  ( -0.000000000000000000, 1.000000000000000000, -0.000000000000000000 ) ) ;
#295 = EDGE_CURVE ( 'NONE', #1166, #3630, #2826, .T. ) ;
#296 = LINE ( 'NONE', #2069, #1443 ) ;
#297 = CARTESIAN_POINT ( 'NONE',  ( 22.97086080386320006, -23.00000000000015987, 15.31453724752711310 ) ) ;
#298 = ORIENTED_EDGE ( 'NONE', *, *, #1634, .T. ) ;
#299 = CARTESIAN_POINT ( 'NONE',  ( 16.29385685393195615, -25.00000000000011369, 0.000000000000000000 ) ) ;
#300 = CARTESIAN_POINT ( 'NONE',  ( 33.67582757779383229, 6.197350558170263923, -2.292926208153196033 ) ) ;
#301 = ORIENTED_EDGE ( 'NONE', *, *, #360, .T. ) ;
#302 = ORIENTED_EDGE ( 'NONE', *, *, #3290, .F. ) ;
#303 = ORIENTED_EDGE ( 'NONE', *, *, #1732, .F. ) ;
#304 = PLANE ( 'NONE',  #2311 ) ;
#305 = CARTESIAN_POINT ( 'NONE',  ( 102.0198745446753321, -23.47161452778309254, -19.00000000000000355 ) ) ;
#306 = VERTEX_POINT ( 'NONE', #1728 ) ;
#307 = CARTESIAN_POINT ( 'NONE',  ( 99.88004853125636373, -25.30000000000069704, 12.84281306682542834 ) ) ;
#308 = CARTESIAN_POINT ( 'NONE',  ( 0.000000000000000000, 0.000000000000000000, 0.000000000000000000 ) ) ;
#309 = CYLINDRICAL_SURFACE ( 'NONE', #2888, 2.000000000000000000 ) ;
#310 = DIRECTION ( 'NONE',  ( 1.000000000000000000, -6.938893903907234689E-15, -8.673617379884043361E-16 ) ) ;
#311 = DIRECTION ( 'NONE',  ( 1.000000000000000000, -0.000000000000000000, -0.000000000000000000 ) ) ;
#312 = CARTESIAN_POINT ( 'NONE',  ( -32.50200000000000244, -32.50000000000000000, -2.000000000000000000 ) ) ;
#313 = EDGE_CURVE ( 'NONE', #3172, #3031, #2545, .T. ) ;
#314 = DIRECTION ( 'NONE',  ( 1.000000000000000000, -0.000000000000000000, 0.000000000000000000 ) ) ;
#315 = ORIENTED_EDGE ( 'NONE', *, *, #3362, .F. ) ;
#316 = EDGE_CURVE ( 'NONE', #1543, #1621, #2865, .T. ) ;
#317 = VECTOR ( 'NONE', #2916, 1000.000000000000000 ) ;
#318 = CARTESIAN_POINT ( 'NONE',  ( 50.00000000000008527, -25.00000000000034817, -36.00000000000000711 ) ) ;
#319 = VECTOR ( 'NONE', #1775, 1000.000000000000000 ) ;
#320 = CARTESIAN_POINT ( 'NONE',  ( 31.84308573755657079, 6.507665966882283826, -0.2982174088726122219 ) ) ;
#321 = ORIENTED_EDGE ( 'NONE', *, *, #2279, .T. ) ;
#322 = VERTEX_POINT ( 'NONE', #3233 ) ;
#323 = ORIENTED_EDGE ( 'NONE', *, *, #2907, .T. ) ;
#324 = CARTESIAN_POINT ( 'NONE',  ( 0.000000000000000000, 0.000000000000000000, 18.00000000000000000 ) ) ;
#325 = AXIS2_PLACEMENT_3D ( 'NONE', #1191, #3454, #2031 ) ;
#326 = CARTESIAN_POINT ( 'NONE',  ( 96.22837835157315567, -22.80633295672998884, -19.00000000000000000 ) ) ;
#327 = EDGE_LOOP ( 'NONE', ( #1125, #194 ) ) ;
#328 = AXIS2_PLACEMENT_3D ( 'NONE', #264, #1964, #2772 ) ;
#329 = LINE ( 'NONE', #2836, #489 ) ;
#330 = CARTESIAN_POINT ( 'NONE',  ( 50.00000000000009948, -25.30000000000034888, -37.70000000000000995 ) ) ;
#331 = AXIS2_PLACEMENT_3D ( 'NONE', #622, #311, #1488 ) ;
#332 = DIRECTION ( 'NONE',  ( -0.000000000000000000, 1.000000000000000000, -0.000000000000000000 ) ) ;
#333 = CARTESIAN_POINT ( 'NONE',  ( 99.88004853125636373, -23.00000000000069988, 8.642813066825432600 ) ) ;
#334 = CARTESIAN_POINT ( 'NONE',  ( 27.46536498627757794, -23.00000000000019185, 6.381484457228619789 ) ) ;
#335 =( NAMED_UNIT ( * ) PLANE_ANGLE_UNIT ( ) SI_UNIT ( $, .RADIAN. ) );
#336 = DIRECTION ( 'NONE',  ( -6.982962677686267499E-15, -1.000000000000000000, 0.000000000000000000 ) ) ;
#337 = DIRECTION ( 'NONE',  ( 0.000000000000000000, 0.000000000000000000, 1.000000000000000000 ) ) ;
#338 = ORIENTED_EDGE ( 'NONE', *, *, #3564, .T. ) ;
#339 = CYLINDRICAL_SURFACE ( 'NONE', #141, 10.00000000000000178 ) ;
#340 = CARTESIAN_POINT ( 'NONE',  ( 31.13416094410972335, 9.430013185876145343, -8.169384449175149499 ) ) ;
#341 = CIRCLE ( 'NONE', #1623, 9.999999999999994671 ) ;
#342 = EDGE_CURVE ( 'NONE', #1543, #1399, #1281, .T. ) ;
#343 = EDGE_LOOP ( 'NONE', ( #3427, #2457, #95, #980 ) ) ;
#344 = ORIENTED_EDGE ( 'NONE', *, *, #2594, .T. ) ;
#345 = CARTESIAN_POINT ( 'NONE',  ( 17.00169350300721405, -22.79522603370381972, 0.000000000000000000 ) ) ;
#346 = ORIENTED_EDGE ( 'NONE', *, *, #2636, .F. ) ;
#347 = DIRECTION ( 'NONE',  ( 1.000000000000000000, 0.000000000000000000, 0.000000000000000000 ) ) ;
#348 = CARTESIAN_POINT ( 'NONE',  ( 114.0185989171780534, -22.90994827334748862, 8.646695132668037096E-13 ) ) ;
#349 = CARTESIAN_POINT ( 'NONE',  ( -29.34907180905580049, -2.980512575459540514, -7.606540342045947867 ) ) ;
#350 = CARTESIAN_POINT ( 'NONE',  ( 99.88004853125636373, -23.00000000000069633, 6.942813066825426205 ) ) ;
#351 = DIRECTION ( 'NONE',  ( -0.000000000000000000, 0.000000000000000000, 1.000000000000000000 ) ) ;
#352 = AXIS2_PLACEMENT_3D ( 'NONE', #1175, #915, #3213 ) ;
#353 = LINE ( 'NONE', #1471, #2793 ) ;
#354 = DIRECTION ( 'NONE',  ( -6.982962677686267499E-15, -1.000000000000000000, 0.000000000000000000 ) ) ;
#355 = FACE_OUTER_BOUND ( 'NONE', #2000, .T. ) ;
#356 = DIRECTION ( 'NONE',  ( 1.000000000000000000, -0.000000000000000000, -0.000000000000000000 ) ) ;
#357 = CARTESIAN_POINT ( 'NONE',  ( 31.27965566945465170, 8.930640315958241260, -6.239887575752557147 ) ) ;
#358 = EDGE_LOOP ( 'NONE', ( #1963, #2953, #3075, #2977 ) ) ;
#359 = CIRCLE ( 'NONE', #2716, 2.000000000000002220 ) ;
#360 = EDGE_CURVE ( 'NONE', #3392, #3393, #2408, .T. ) ;
#361 = CARTESIAN_POINT ( 'NONE',  ( 19.22499121006400458, -21.22857550703721330, 0.000000000000000000 ) ) ;
#362 = ORIENTED_EDGE ( 'NONE', *, *, #2403, .F. ) ;
#363 = CYLINDRICAL_SURFACE ( 'NONE', #1776, 1.700000000000007061 ) ;
#364 = EDGE_CURVE ( 'NONE', #1932, #802, #2073, .T. ) ;
#365 = CARTESIAN_POINT ( 'NONE',  ( 42.00000000000012079, -21.00000000000028777, -20.99999999999999645 ) ) ;
#366 = CYLINDRICAL_SURFACE ( 'NONE', #2465, 4.199999999999995737 ) ;
#367 = FACE_OUTER_BOUND ( 'NONE', #28, .T. ) ;
#368 = LINE ( 'NONE', #54, #1137 ) ;
#369 = APPLICATION_PROTOCOL_DEFINITION ( 'international standard', 'config_control_design', 1994, #2001 ) ;
#370 = LINE ( 'NONE', #2587, #1452 ) ;
#371 = VECTOR ( 'NONE', #478, 1000.000000000000000 ) ;
#372 = CARTESIAN_POINT ( 'NONE',  ( 19.22499121006400458, -21.22857550703721330, 0.000000000000000000 ) ) ;
#373 = DIRECTION ( 'NONE',  ( -0.4694715627858859208, 3.278302401168886367E-15, 0.8829475928589295419 ) ) ;
#374 = VERTEX_POINT ( 'NONE', #2054 ) ;
#375 = VECTOR ( 'NONE', #3136, 1000.000000000000000 ) ;
#376 = SECURITY_CLASSIFICATION ( '', '', #742 ) ;
#377 = DIRECTION ( 'NONE',  ( 1.000000000000000000, -6.938893903907226800E-15, 0.000000000000000000 ) ) ;
#378 = AXIS2_PLACEMENT_3D ( 'NONE', #2142, #2180, #3320 ) ;
#379 = ORIENTED_EDGE ( 'NONE', *, *, #3168, .T. ) ;
#380 = VERTEX_POINT ( 'NONE', #2884 ) ;
#381 = CARTESIAN_POINT ( 'NONE',  ( 3.031088913245537864, -1.749999999999991784, -4.999999999999997335 ) ) ;
#382 = EDGE_CURVE ( 'NONE', #2096, #3497, #172, .T. ) ;
#383 = CARTESIAN_POINT ( 'NONE',  ( 29.50000000000000711, -3.612708057484692393E-15, -19.00000000000000000 ) ) ;
#384 = ADVANCED_FACE ( 'NONE', ( #355 ), #1779, .F. ) ;
#385 = CARTESIAN_POINT ( 'NONE',  ( 16.88049829790245937, -22.97479707043136798, 0.000000000000000000 ) ) ;
#386 = ADVANCED_FACE ( 'NONE', ( #2020 ), #92, .F. ) ;
#387 = LINE ( 'NONE', #118, #3324 ) ;
#388 = UNCERTAINTY_MEASURE_WITH_UNIT (LENGTH_MEASURE( 1.000000000000000082E-05 ), #900, 'distance_accuracy_value', 'NONE');
#389 =( NAMED_UNIT ( * ) SI_UNIT ( $, .STERADIAN. ) SOLID_ANGLE_UNIT ( ) );
#390 = CARTESIAN_POINT ( 'NONE',  ( -14.00000000000000178, -29.33001875212493204, 0.000000000000000000 ) ) ;
#391 = DIRECTION ( 'NONE',  ( 0.4694715627858859208, -3.278302401168886367E-15, -0.8829475928589295419 ) ) ;
#392 = CARTESIAN_POINT ( 'NONE',  ( 32.39009099876319908, 2.750724608400596072, -0.4001174913453469650 ) ) ;
#393 = ORIENTED_EDGE ( 'NONE', *, *, #364, .F. ) ;
#394 = CARTESIAN_POINT ( 'NONE',  ( 112.4726552971637972, -21.00000000000078515, 0.000000000000000000 ) ) ;
#395 = EDGE_LOOP ( 'NONE', ( #2191, #3046, #475, #150 ) ) ;
#396 = CARTESIAN_POINT ( 'NONE',  ( 27.46536498627757794, -23.00000000000019185, 10.58148445722861553 ) ) ;
#397 = DIRECTION ( 'NONE',  ( 1.000000000000000000, 0.000000000000000000, 0.000000000000000000 ) ) ;
#398 = CARTESIAN_POINT ( 'NONE',  ( 19.22700037779396354, -24.81726083486966061, 9.262365105456601966E-14 ) ) ;
#399 = ADVANCED_FACE ( 'NONE', ( #1474 ), #1454, .T. ) ;
#400 = DIRECTION ( 'NONE',  ( 0.000000000000000000, 1.000000000000000000, 1.239088197126291063E-16 ) ) ;
#401 = EDGE_CURVE ( 'NONE', #1131, #1113, #2674, .T. ) ;
#402 = CARTESIAN_POINT ( 'NONE',  ( 103.7715505984699149, -25.00000000000072475, -19.00000000000000000 ) ) ;
#403 = CARTESIAN_POINT ( 'NONE',  ( 50.00000000000000000, -12.00000000000000711, 46.41984052872977173 ) ) ;
#404 = CIRCLE ( 'NONE', #1111, 9.999999999999994671 ) ;
#405 = CARTESIAN_POINT ( 'NONE',  ( 99.88004853125634952, -25.00000000000069988, 8.642813066825432600 ) ) ;
#406 = CARTESIAN_POINT ( 'NONE',  ( 32.43196521741938199, 2.174302060296933625, -0.2460375369703264314 ) ) ;
#407 = ORIENTED_EDGE ( 'NONE', *, *, #2972, .T. ) ;
#408 = DIRECTION ( 'NONE',  ( 0.000000000000000000, -1.000000000000000000, 0.000000000000000000 ) ) ;
#409 = ORIENTED_EDGE ( 'NONE', *, *, #273, .T. ) ;
#410 = ORIENTED_EDGE ( 'NONE', *, *, #1612, .T. ) ;
#411 = DIRECTION ( 'NONE',  ( 0.000000000000000000, 0.000000000000000000, -1.000000000000000000 ) ) ;
#412 = DIRECTION ( 'NONE',  ( -0.000000000000000000, -0.000000000000000000, -1.000000000000000000 ) ) ;
#413 = DIRECTION ( 'NONE',  ( 1.000000000000000000, 0.000000000000000000, 0.000000000000000000 ) ) ;
#414 = AXIS2_PLACEMENT_3D ( 'NONE', #3363, #1043, #3023 ) ;
#415 = DIRECTION ( 'NONE',  ( 0.000000000000000000, 0.000000000000000000, 1.000000000000000000 ) ) ;
#416 = DIRECTION ( 'NONE',  ( 1.000000000000000000, 0.000000000000000000, 0.000000000000000000 ) ) ;
#417 = DIRECTION ( 'NONE',  ( -0.000000000000000000, -0.000000000000000000, -1.000000000000000000 ) ) ;
#418 = DIRECTION ( 'NONE',  ( -0.000000000000000000, 0.000000000000000000, 1.000000000000000000 ) ) ;
#419 = EDGE_CURVE ( 'NONE', #2114, #2225, #2499, .T. ) ;
#420 = ORIENTED_EDGE ( 'NONE', *, *, #239, .T. ) ;
#421 = EDGE_CURVE ( 'NONE', #1416, #3512, #781, .T. ) ;
#422 = VERTEX_POINT ( 'NONE', #2325 ) ;
#423 = AXIS2_PLACEMENT_3D ( 'NONE', #2418, #2689, #3038 ) ;
#424 = EDGE_CURVE ( 'NONE', #3333, #3514, #1999, .T. ) ;
#425 = CARTESIAN_POINT ( 'NONE',  ( -32.36124225056881443, -3.000000000000001776, -5.000000000000000000 ) ) ;
#426 = EDGE_LOOP ( 'NONE', ( #2192, #3113, #2448, #3221, #2458, #1815, #1627, #681, #644, #2503, #3428, #928, #379, #3350, #2531, #1565, #1382, #2609, #3112, #1620 ) ) ;
#427 = EDGE_LOOP ( 'NONE', ( #891, #280, #206, #1541, #1183 ) ) ;
#428 = ORIENTED_EDGE ( 'NONE', *, *, #2146, .F. ) ;
#429 = CIRCLE ( 'NONE', #2854, 9.500000000000000000 ) ;
#430 = DIRECTION ( 'NONE',  ( 0.000000000000000000, 0.000000000000000000, 1.000000000000000000 ) ) ;
#431 = TOROIDAL_SURFACE ( 'NONE', #2498, 8.000000000000000000, 2.000000000000000000 ) ;
#432 = CARTESIAN_POINT ( 'NONE',  ( 99.88004853125636373, -23.00000000000069633, 8.642813066825432600 ) ) ;
#433 = CARTESIAN_POINT ( 'NONE',  ( 18.31432050464170302, -24.27011285387755635, 2.696685351730657487 ) ) ;
#434 = LINE ( 'NONE', #2337, #3390 ) ;
#435 = AXIS2_PLACEMENT_3D ( 'NONE', #2784, #2506, #64 ) ;
#436 = CARTESIAN_POINT ( 'NONE',  ( 34.38486583466014679, 0.2507240835490001651, -19.00000000000003197 ) ) ;
#437 = AXIS2_PLACEMENT_3D ( 'NONE', #1202, #3239, #377 ) ;
#438 = CARTESIAN_POINT ( 'NONE',  ( 114.4551742787019464, -25.00000000000079936, -1.728575916630342046 ) ) ;
#439 = DIRECTION ( 'NONE',  ( -1.000000000000000000, 0.000000000000000000, 0.000000000000000000 ) ) ;
#440 = CIRCLE ( 'NONE', #2025, 2.000000000000000000 ) ;
#441 = ORIENTED_EDGE ( 'NONE', *, *, #382, .T. ) ;
#442 = CARTESIAN_POINT ( 'NONE',  ( -29.48473989220986269, 0.9659858048911765804, -5.152986356260099932 ) ) ;
#443 = EDGE_CURVE ( 'NONE', #444, #2757, #3044, .T. ) ;
#444 = VERTEX_POINT ( 'NONE', #2092 ) ;
#445 = ORIENTED_EDGE ( 'NONE', *, *, #2429, .F. ) ;
#446 = ORIENTED_EDGE ( 'NONE', *, *, #2768, .F. ) ;
#447 = DIRECTION ( 'NONE',  ( -1.000000000000000000, 6.982962677686266711E-15, -0.000000000000000000 ) ) ;
#448 = CARTESIAN_POINT ( 'NONE',  ( 127.0000000000000000, 0.000000000000000000, -2.000000000000000000 ) ) ;
#449 = CARTESIAN_POINT ( 'NONE',  ( 16.67212326838651748, -23.34722132957643126, 0.000000000000000000 ) ) ;
#450 = DIRECTION ( 'NONE',  ( 6.982962677686254089E-15, 1.000000000000000000, 0.000000000000000000 ) ) ;
#451 = CARTESIAN_POINT ( 'NONE',  ( -12.43100437798791802, -30.02935637490803700, 0.7325194527148359835 ) ) ;
#452 = CARTESIAN_POINT ( 'NONE',  ( 12.00000000000000178, 0.000000000000000000, 18.00000000000000000 ) ) ;
#453 = CARTESIAN_POINT ( 'NONE',  ( -32.49820623126269936, -0.3925486523054882437, -5.019247718652274592 ) ) ;
#454 = DIRECTION ( 'NONE',  ( -0.8829475928589294309, 6.165590087286833663E-15, -0.4694715627858861429 ) ) ;
#455 = ORIENTED_EDGE ( 'NONE', *, *, #122, .T. ) ;
#456 = DIRECTION ( 'NONE',  ( 0.000000000000000000, -0.000000000000000000, -1.000000000000000000 ) ) ;
#457 = AXIS2_PLACEMENT_3D ( 'NONE', #2391, #1826, #3271 ) ;
#458 = EDGE_LOOP ( 'NONE', ( #1352, #2514 ) ) ;
#459 = EDGE_LOOP ( 'NONE', ( #164, #321, #2518, #2738, #736, #783, #1912, #540, #3011 ) ) ;
#460 = EDGE_CURVE ( 'NONE', #2466, #3097, #705, .T. ) ;
#461 = ORIENTED_EDGE ( 'NONE', *, *, #2316, .T. ) ;
#462 = DIRECTION ( 'NONE',  ( 1.000000000000000000, 0.000000000000000000, 0.000000000000000000 ) ) ;
#463 = CARTESIAN_POINT ( 'NONE',  ( 50.00000000000009948, -23.00000000000035172, -36.00000000000000711 ) ) ;
#464 = EDGE_CURVE ( 'NONE', #2097, #2971, #2034, .T. ) ;
#465 = ADVANCED_FACE ( 'NONE', ( #1263 ), #1536, .T. ) ;
#466 = CARTESIAN_POINT ( 'NONE',  ( 34.25992218867332184, 3.368882886499177776, -0.6119286760377233847 ) ) ;
#467 = CARTESIAN_POINT ( 'NONE',  ( 125.0000000000000000, 0.000000000000000000, 0.000000000000000000 ) ) ;
#468 = CARTESIAN_POINT ( 'NONE',  ( 117.0029354999199143, -25.00000000000082068, 0.000000000000000000 ) ) ;
#469 = DIRECTION ( 'NONE',  ( 0.8829475928589295419, 0.000000000000000000, 0.4694715627858859208 ) ) ;
#470 = DIRECTION ( 'NONE',  ( 0.000000000000000000, 0.000000000000000000, 1.000000000000000000 ) ) ;
#471 = CARTESIAN_POINT ( 'NONE',  ( 99.88004853125636373, -23.00000000000069633, 8.642813066825432600 ) ) ;
#472 = CARTESIAN_POINT ( 'NONE',  ( 117.3915935358304381, -37.00000000000081712, -5.484348418917430301 ) ) ;
#473 = CARTESIAN_POINT ( 'NONE',  ( 33.41499525537204818, 7.094293335105335885, -15.82601257898130065 ) ) ;
#474 = ORIENTED_EDGE ( 'NONE', *, *, #1234, .F. ) ;
#475 = ORIENTED_EDGE ( 'NONE', *, *, #2359, .T. ) ;
#476 = CIRCLE ( 'NONE', #3020, 4.199999999999995737 ) ;
#477 = ORIENTED_EDGE ( 'NONE', *, *, #1270, .F. ) ;
#478 = DIRECTION ( 'NONE',  ( -6.982962677686267499E-15, -1.000000000000000000, 0.000000000000000000 ) ) ;
#479 = CARTESIAN_POINT ( 'NONE',  ( 0.000000000000000000, 0.000000000000000000, 18.00000000000000000 ) ) ;
#480 = DIRECTION ( 'NONE',  ( -1.000000000000000000, 5.204170427930421283E-15, 0.000000000000000000 ) ) ;
#481 = CARTESIAN_POINT ( 'NONE',  ( 32.66424180361331508, 9.173322456361708177, -7.010506247163863947 ) ) ;
#482 = CIRCLE ( 'NONE', #2557, 2.000000000000001332 ) ;
#483 = AXIS2_PLACEMENT_3D ( 'NONE', #2419, #1896, #3574 ) ;
#484 = CARTESIAN_POINT ( 'NONE',  ( 19.00429082183730145, -23.47169641833319176, 2.535743911956173324 ) ) ;
#485 = VECTOR ( 'NONE', #1301, 1000.000000000000000 ) ;
#486 = EDGE_CURVE ( 'NONE', #1304, #2893, #3622, .T. ) ;
#487 = ORIENTED_EDGE ( 'NONE', *, *, #1547, .T. ) ;
#488 = DIRECTION ( 'NONE',  ( 1.000000000000000000, 0.000000000000000000, -0.000000000000000000 ) ) ;
#489 = VECTOR ( 'NONE', #1719, 1000.000000000000000 ) ;
#490 = CYLINDRICAL_SURFACE ( 'NONE', #293, 2.000000000000001776 ) ;
#491 = PLANE ( 'NONE',  #3531 ) ;
#492 = DIRECTION ( 'NONE',  ( -6.982962677686267499E-15, -1.000000000000000000, 0.000000000000000000 ) ) ;
#493 = AXIS2_PLACEMENT_3D ( 'NONE', #2973, #3289, #994 ) ;
#494 = DIRECTION ( 'NONE',  ( -1.000000000000000000, 6.982962677686266711E-15, 0.000000000000000000 ) ) ;
#495 = CIRCLE ( 'NONE', #2569, 4.199999999999994849 ) ;
#496 = CARTESIAN_POINT ( 'NONE',  ( 31.55285032636097142, 7.900712130562032698, -14.79052998669642527 ) ) ;
#497 = ORIENTED_EDGE ( 'NONE', *, *, #630, .F. ) ;
#498 = ORIENTED_EDGE ( 'NONE', *, *, #2548, .T. ) ;
#499 = EDGE_LOOP ( 'NONE', ( #3076, #2207, #1985 ) ) ;
#500 = CARTESIAN_POINT ( 'NONE',  ( 27.46536498627751399, -32.50000000000000000, 6.381484457228619789 ) ) ;
#501 = DIRECTION ( 'NONE',  ( 0.000000000000000000, 0.000000000000000000, 1.000000000000000000 ) ) ;
#502 = DIRECTION ( 'NONE',  ( 1.000000000000000000, 0.000000000000000000, -2.043249581797112801E-16 ) ) ;
#503 = ORIENTED_EDGE ( 'NONE', *, *, #1435, .F. ) ;
#504 = FACE_OUTER_BOUND ( 'NONE', #3607, .T. ) ;
#505 = FACE_OUTER_BOUND ( 'NONE', #2164, .T. ) ;
#506 = AXIS2_PLACEMENT_3D ( 'NONE', #2019, #1142, #2339 ) ;
#507 = ORIENTED_EDGE ( 'NONE', *, *, #2932, .T. ) ;
#508 = EDGE_CURVE ( 'NONE', #2739, #3653, #743, .T. ) ;
#509 = CARTESIAN_POINT ( 'NONE',  ( 99.88004853125636373, -23.00000000000069633, 8.642813066825432600 ) ) ;
#510 = EDGE_CURVE ( 'NONE', #1549, #1769, #136, .T. ) ;
#511 = FACE_BOUND ( 'NONE', #3424, .T. ) ;
#512 = CARTESIAN_POINT ( 'NONE',  ( 31.95986916869195937, -25.00000000000022382, 16.64281306682543615 ) ) ;
#513 = CARTESIAN_POINT ( 'NONE',  ( 31.39790423046310508, 8.397142033291745022, -2.219231125849459918 ) ) ;
#514 = VERTEX_POINT ( 'NONE', #690 ) ;
#515 = EDGE_CURVE ( 'NONE', #2483, #753, #3270, .T. ) ;
#516 = CARTESIAN_POINT ( 'NONE',  ( 99.88004853125636373, -25.30000000000069704, 10.34281306682544077 ) ) ;
#517 = CARTESIAN_POINT ( 'NONE',  ( 30.76639532586362336, 10.47386157860830025, -12.53517616585500960 ) ) ;
#518 = ORIENTED_EDGE ( 'NONE', *, *, #1188, .F. ) ;
#519 = ORIENTED_EDGE ( 'NONE', *, *, #2124, .T. ) ;
#520 = ORIENTED_EDGE ( 'NONE', *, *, #460, .F. ) ;
#521 = CARTESIAN_POINT ( 'NONE',  ( 108.9999999999999574, -16.50000000000000000, -19.00000000000000000 ) ) ;
#522 = AXIS2_PLACEMENT_3D ( 'NONE', #2732, #1087, #1423 ) ;
#523 = CARTESIAN_POINT ( 'NONE',  ( 102.8326074772713667, -24.86195546172812598, -19.23410481195685406 ) ) ;
#524 = EDGE_LOOP ( 'NONE', ( #1659, #182, #1983, #2850, #263 ) ) ;
#525 = CARTESIAN_POINT ( 'NONE',  ( 27.46536498627758149, -23.00000000000019540, 17.57586585712391880 ) ) ;
#526 = DIRECTION ( 'NONE',  ( 1.000000000000000000, 0.000000000000000000, 0.000000000000000000 ) ) ;
#527 = FACE_OUTER_BOUND ( 'NONE', #3465, .T. ) ;
#528 = FACE_BOUND ( 'NONE', #2814, .T. ) ;
#529 = ORIENTED_EDGE ( 'NONE', *, *, #922, .F. ) ;
#530 = AXIS2_PLACEMENT_3D ( 'NONE', #2285, #3195, #2049 ) ;
#531 = CARTESIAN_POINT ( 'NONE',  ( 50.00000000000009948, -23.00000000000035172, -37.70000000000000995 ) ) ;
#532 = EDGE_CURVE ( 'NONE', #3392, #2417, #3326, .T. ) ;
#533 = CARTESIAN_POINT ( 'NONE',  ( 32.17259975122620119, 4.703858244897260121, -17.76395493007249371 ) ) ;
#534 = EDGE_CURVE ( 'NONE', #1873, #2466, #2947, .T. ) ;
#535 = VERTEX_POINT ( 'NONE', #1577 ) ;
#536 = EDGE_LOOP ( 'NONE', ( #487, #1381 ) ) ;
#537 = EDGE_LOOP ( 'NONE', ( #1018, #2233, #2978, #2851 ) ) ;
#538 = CARTESIAN_POINT ( 'NONE',  ( 99.88004853125636373, -37.00000000000174083, 10.34281306682544077 ) ) ;
#539 = DIRECTION ( 'NONE',  ( -0.8829475928589297640, 6.165590087286836029E-15, -0.4694715627858854212 ) ) ;
#540 = ORIENTED_EDGE ( 'NONE', *, *, #249, .T. ) ;
#541 = CARTESIAN_POINT ( 'NONE',  ( 33.39652578463155663, 7.164575181401869663, -15.76921294313545374 ) ) ;
#542 = AXIS2_PLACEMENT_3D ( 'NONE', #2219, #29, #1384 ) ;
#543 = VECTOR ( 'NONE', #3108, 1000.000000000000000 ) ;
#544 = CARTESIAN_POINT ( 'NONE',  ( 0.000000000000000000, 0.000000000000000000, -5.000000000000000888 ) ) ;
#545 = DIRECTION ( 'NONE',  ( 0.000000000000000000, 0.000000000000000000, 1.000000000000000000 ) ) ;
#546 = AXIS2_PLACEMENT_3D ( 'NONE', #2917, #3471, #935 ) ;
#547 = AXIS2_PLACEMENT_3D ( 'NONE', #2426, #2389, #1846 ) ;
#548 = FACE_OUTER_BOUND ( 'NONE', #2661, .T. ) ;
#549 = AXIS2_PLACEMENT_3D ( 'NONE', #138, #1278, #653 ) ;
#550 = AXIS2_PLACEMENT_3D ( 'NONE', #1804, #1257, #99 ) ;
#551 = CARTESIAN_POINT ( 'NONE',  ( 30.71505464440541999, 10.62296508657781580, -11.80169166752552989 ) ) ;
#552 = ORIENTED_EDGE ( 'NONE', *, *, #3436, .T. ) ;
#553 = DIRECTION ( 'NONE',  ( 0.000000000000000000, 1.000000000000000000, 0.000000000000000000 ) ) ;
#554 = CARTESIAN_POINT ( 'NONE',  ( 32.87978241253298251, 8.632280522047572902, -13.47911067548485242 ) ) ;
#555 = VERTEX_POINT ( 'NONE', #675 ) ;
#556 = ORIENTED_EDGE ( 'NONE', *, *, #2381, .F. ) ;
#557 = APPROVAL ( #971, 'UNSPECIFIED' ) ;
#558 = ORIENTED_EDGE ( 'NONE', *, *, #3608, .T. ) ;
#559 = EDGE_CURVE ( 'NONE', #3392, #1309, #1231, .T. ) ;
#560 = DIRECTION ( 'NONE',  ( -0.000000000000000000, 0.000000000000000000, -1.000000000000000000 ) ) ;
#561 = CARTESIAN_POINT ( 'NONE',  ( 96.94458791719215185, -22.73019279006387805, -18.99999999999999645 ) ) ;
#562 = ORIENTED_EDGE ( 'NONE', *, *, #733, .F. ) ;
#563 = FACE_OUTER_BOUND ( 'NONE', #1222, .T. ) ;
#564 = CARTESIAN_POINT ( 'NONE',  ( 115.0605200892006934, -23.42678466322606212, 2.267651130883988313E-12 ) ) ;
#565 = FACE_OUTER_BOUND ( 'NONE', #1378, .T. ) ;
#566 = LINE ( 'NONE', #3455, #1558 ) ;
#567 = DIRECTION ( 'NONE',  ( 0.000000000000000000, 0.000000000000000000, -1.000000000000000000 ) ) ;
#568 = ORIENTED_EDGE ( 'NONE', *, *, #1519, .T. ) ;
#569 = CARTESIAN_POINT ( 'NONE',  ( 127.0000000000000000, 0.000000000000000000, -9.500000000000000000 ) ) ;
#570 = CARTESIAN_POINT ( 'NONE',  ( 31.18408845263093099, 9.156773103734854757, -3.342835769295622317 ) ) ;
#571 = EDGE_LOOP ( 'NONE', ( #2665, #420, #590, #2329, #3572 ) ) ;
#572 = VERTEX_POINT ( 'NONE', #3285 ) ;
#573 = ORIENTED_EDGE ( 'NONE', *, *, #894, .T. ) ;
#574 = FACE_OUTER_BOUND ( 'NONE', #873, .T. ) ;
#575 = CARTESIAN_POINT ( 'NONE',  ( 17.26688794057300669, -22.46342854918368914, -0.000000000000000000 ) ) ;
#576 = EDGE_CURVE ( 'NONE', #1439, #97, #716, .T. ) ;
#577 = CIRCLE ( 'NONE', #3592, 8.000000000000000000 ) ;
#578 = CYLINDRICAL_SURFACE ( 'NONE', #3034, 29.50000000000000711 ) ;
#579 = EDGE_CURVE ( 'NONE', #3645, #514, #3421, .T. ) ;
#580 = LINE ( 'NONE', #199, #3240 ) ;
#581 = CIRCLE ( 'NONE', #3187, 1.700000000000007061 ) ;
#582 = ADVANCED_FACE ( 'NONE', ( #140 ), #988, .F. ) ;
#583 = CARTESIAN_POINT ( 'NONE',  ( 112.0863091636892932, -37.00000000000078160, -14.31382434750674193 ) ) ;
#584 = DIRECTION ( 'NONE',  ( -0.4999999999999978906, -0.8660254037844399289, 0.000000000000000000 ) ) ;
#585 = LINE ( 'NONE', #3146, #2052 ) ;
#586 = DIRECTION ( 'NONE',  ( -6.982962677686266711E-15, -1.000000000000000000, 0.000000000000000000 ) ) ;
#587 = EDGE_LOOP ( 'NONE', ( #2393, #1129, #3532, #1787 ) ) ;
#588 = DIRECTION ( 'NONE',  ( 0.000000000000000000, -1.000000000000000000, 0.000000000000000000 ) ) ;
#589 = CARTESIAN_POINT ( 'NONE',  ( 31.78410399174228118, 6.908653773761798789, -2.943443890249030304 ) ) ;
#590 = ORIENTED_EDGE ( 'NONE', *, *, #2271, .F. ) ;
#591 = EDGE_LOOP ( 'NONE', ( #3096, #1455, #1684, #2477, #3128 ) ) ;
#592 = ORIENTED_EDGE ( 'NONE', *, *, #2728, .F. ) ;
#593 = CARTESIAN_POINT ( 'NONE',  ( 127.0000000000000000, -0.000000000000000000, -2.000000000000000000 ) ) ;
#594 = CARTESIAN_POINT ( 'NONE',  ( 102.7810242135813894, -23.10705807643498133, -18.99999999999999645 ) ) ;
#595 = EDGE_LOOP ( 'NONE', ( #3223, #2500, #3353, #827 ) ) ;
#596 = CARTESIAN_POINT ( 'NONE',  ( 50.00000000000000000, 0.000000000000000000, 46.41984052872977173 ) ) ;
#597 = CARTESIAN_POINT ( 'NONE',  ( 115.8012142618829472, -24.65444470134723076, 2.168404344971009115E-16 ) ) ;
#598 = FACE_OUTER_BOUND ( 'NONE', #3493, .T. ) ;
#599 = DIRECTION ( 'NONE',  ( -1.000000000000000000, 0.000000000000000000, 0.000000000000000000 ) ) ;
#600 = CIRCLE ( 'NONE', #3442, 4.999999999999988454 ) ;
#601 = CC_DESIGN_PERSON_AND_ORGANIZATION_ASSIGNMENT ( #157, #1279, ( #3386 ) ) ;
#602 = DIRECTION ( 'NONE',  ( 1.000000000000000000, 0.000000000000000000, 0.000000000000000000 ) ) ;
#603 = EDGE_CURVE ( 'NONE', #3153, #3333, #175, .T. ) ;
#604 = APPLICATION_PROTOCOL_DEFINITION ( 'international standard', 'config_control_design', 1994, #1206 ) ;
#605 = DIRECTION ( 'NONE',  ( -0.8829475928589295419, 6.126679669558381912E-15, -0.4694715627858858653 ) ) ;
#606 = EDGE_LOOP ( 'NONE', ( #715, #2700, #2797 ) ) ;
#607 = AXIS2_PLACEMENT_3D ( 'NONE', #1101, #1938, #526 ) ;
#608 = VECTOR ( 'NONE', #2139, 1000.000000000000000 ) ;
#609 = PLANE ( 'NONE',  #3632 ) ;
#610 = CARTESIAN_POINT ( 'NONE',  ( 31.11274012620638985, 9.499862218824809190, -8.832216867690705797 ) ) ;
#611 = EDGE_LOOP ( 'NONE', ( #3571, #2213, #3367, #1644 ) ) ;
#612 = ORIENTED_EDGE ( 'NONE', *, *, #1060, .T. ) ;
#613 = CIRCLE ( 'NONE', #3331, 2.000000000000001776 ) ;
#614 = CARTESIAN_POINT ( 'NONE',  ( 99.22490884132658095, -21.43209311216690338, -18.99999999999999645 ) ) ;
#615 = APPROVAL_PERSON_ORGANIZATION ( #3524, #557, #2671 ) ;
#616 = ORIENTED_EDGE ( 'NONE', *, *, #1808, .T. ) ;
#617 = LINE ( 'NONE', #892, #957 ) ;
#618 = DIRECTION ( 'NONE',  ( 0.000000000000000000, 0.000000000000000000, 1.000000000000000000 ) ) ;
#619 = AXIS2_PLACEMENT_3D ( 'NONE', #2670, #1532, #1844 ) ;
#620 = CARTESIAN_POINT ( 'NONE',  ( 109.0000000000000000, -0.000000000000000000, -19.00000000000000000 ) ) ;
#621 = DIRECTION ( 'NONE',  ( 1.000000000000000000, -6.938893903907232322E-15, 0.000000000000000000 ) ) ;
#622 = CARTESIAN_POINT ( 'NONE',  ( 127.0000000000000000, 0.000000000000000000, -9.500000000000000000 ) ) ;
#623 = CARTESIAN_POINT ( 'NONE',  ( 50.00000000000009948, -23.00000000000035172, -40.20000000000000284 ) ) ;
#624 = EDGE_CURVE ( 'NONE', #2117, #3393, #2934, .T. ) ;
#625 = DIRECTION ( 'NONE',  ( 1.000000000000000000, -6.938893903907232322E-15, 0.000000000000000000 ) ) ;
#626 = ADVANCED_FACE ( 'NONE', ( #3659 ), #277, .F. ) ;
#627 = DIRECTION ( 'NONE',  ( 0.000000000000000000, -1.000000000000000000, 0.000000000000000000 ) ) ;
#628 = CARTESIAN_POINT ( 'NONE',  ( 32.55408526035689931, 9.437211243583242037, -8.237938450520617906 ) ) ;
#629 = ORIENTED_EDGE ( 'NONE', *, *, #1165, .T. ) ;
#630 = EDGE_CURVE ( 'NONE', #3237, #1932, #3085, .T. ) ;
#631 = DIRECTION ( 'NONE',  ( 1.000000000000000000, -6.982962677686266711E-15, 0.000000000000000000 ) ) ;
#632 = VERTEX_POINT ( 'NONE', #2449 ) ;
#633 = FACE_OUTER_BOUND ( 'NONE', #2476, .T. ) ;
#634 = CYLINDRICAL_SURFACE ( 'NONE', #1891, 29.50000000000000711 ) ;
#635 = CARTESIAN_POINT ( 'NONE',  ( -29.40358457697423944, -2.385615990129827502, -6.170441790931704418 ) ) ;
#636 = VECTOR ( 'NONE', #2095, 1000.000000000000000 ) ;
#637 = DIRECTION ( 'NONE',  ( -0.000000000000000000, 0.000000000000000000, 1.000000000000000000 ) ) ;
#638 = CARTESIAN_POINT ( 'NONE',  ( -17.67690742912229851, -23.61730178793169443, -4.999999999999997335 ) ) ;
#639 = AXIS2_PLACEMENT_3D ( 'NONE', #973, #2655, #2094 ) ;
#640 = CARTESIAN_POINT ( 'NONE',  ( -8.000000000000000000, 0.000000000000000000, -5.000000000000000888 ) ) ;
#641 = DIRECTION ( 'NONE',  ( 1.000000000000000000, -6.938893903907222067E-15, 0.000000000000000000 ) ) ;
#642 = DIRECTION ( 'NONE',  ( 0.000000000000000000, 0.000000000000000000, 1.000000000000000000 ) ) ;
#643 = CARTESIAN_POINT ( 'NONE',  ( 30.84380676765606566, 10.24315211568785600, -5.736640551862188353 ) ) ;
#644 = ORIENTED_EDGE ( 'NONE', *, *, #2548, .F. ) ;
#645 = AXIS2_PLACEMENT_3D ( 'NONE', #2919, #2625, #641 ) ;
#646 = ADVANCED_FACE ( 'NONE', ( #215 ), #840, .T. ) ;
#647 = ADVANCED_FACE ( 'NONE', ( #527 ), #3381, .T. ) ;
#648 = VERTEX_POINT ( 'NONE', #1065 ) ;
#649 = ORIENTED_EDGE ( 'NONE', *, *, #3656, .F. ) ;
#650 = LINE ( 'NONE', #396, #2435 ) ;
#651 = CARTESIAN_POINT ( 'NONE',  ( 18.63588905768818904, -37.00000000000012790, 1.686768829369762912 ) ) ;
#652 = CARTESIAN_POINT ( 'NONE',  ( 103.7715505984699149, -25.00000000000072475, -19.00000000000000000 ) ) ;
#653 = DIRECTION ( 'NONE',  ( 1.000000000000000000, -6.938893903907226800E-15, 0.000000000000000000 ) ) ;
#654 = LINE ( 'NONE', #2033, #319 ) ;
#655 = CARTESIAN_POINT ( 'NONE',  ( -32.47337961201352385, 1.327651475537047210, -5.302597432172867720 ) ) ;
#656 = DIRECTION ( 'NONE',  ( 0.000000000000000000, 0.000000000000000000, -1.000000000000000000 ) ) ;
#657 = CARTESIAN_POINT ( 'NONE',  ( 34.48283959751680072, 1.091816904761921503, -0.04200792234955523508 ) ) ;
#658 = ORIENTED_EDGE ( 'NONE', *, *, #1991, .F. ) ;
#659 = CIRCLE ( 'NONE', #3025, 2.000000000000001776 ) ;
#660 = AXIS2_PLACEMENT_3D ( 'NONE', #2400, #3209, #3485 ) ;
#661 = CIRCLE ( 'NONE', #1426, 1.700000000000007061 ) ;
#662 = CARTESIAN_POINT ( 'NONE',  ( 99.88004853125636373, -25.30000000000069704, 6.942813066825426205 ) ) ;
#663 = ORIENTED_EDGE ( 'NONE', *, *, #3186, .T. ) ;
#664 = CC_DESIGN_PERSON_AND_ORGANIZATION_ASSIGNMENT ( #3420, #1996, ( #939 ) ) ;
#665 = ADVANCED_FACE ( 'NONE', ( #565 ), #2487, .F. ) ;
#666 = ORIENTED_EDGE ( 'NONE', *, *, #3138, .F. ) ;
#667 = FACE_OUTER_BOUND ( 'NONE', #537, .T. ) ;
#668 = CARTESIAN_POINT ( 'NONE',  ( 28.36426582276046204, -23.00000000000019895, 15.78925529906422653 ) ) ;
#669 = CIRCLE ( 'NONE', #3507, 4.999999999999988454 ) ;
#670 = PRODUCT_DEFINITION_SHAPE ( 'NONE', 'NONE',  #939 ) ;
#671 = CARTESIAN_POINT ( 'NONE',  ( 19.56961476198007333, -23.17826486323731672, 2.385709768578587742 ) ) ;
#672 = DIRECTION ( 'NONE',  ( 1.000000000000000000, -1.387778780781445676E-16, 0.000000000000000000 ) ) ;
#673 = COORDINATED_UNIVERSAL_TIME_OFFSET ( 5, 30, .AHEAD. ) ;
#674 = CARTESIAN_POINT ( 'NONE',  ( -12.11166203535355379, -30.15892914711661632, 1.327377772762625474 ) ) ;
#675 = CARTESIAN_POINT ( 'NONE',  ( 62.00000000000000000, 6.123233995736752477E-16, -4.500000000000010658 ) ) ;
#676 = CARTESIAN_POINT ( 'NONE',  ( -32.37010006356292280, 2.903121724206743970, -7.218768368756597553 ) ) ;
#677 = DIRECTION ( 'NONE',  ( -0.000000000000000000, -0.000000000000000000, -1.000000000000000000 ) ) ;
#678 = ORIENTED_EDGE ( 'NONE', *, *, #603, .T. ) ;
#679 = CARTESIAN_POINT ( 'NONE',  ( 115.2370403142020621, -25.00000000000080647, 1.061056874428227159 ) ) ;
#680 = AXIS2_PLACEMENT_3D ( 'NONE', #2306, #354, #39 ) ;
#681 = ORIENTED_EDGE ( 'NONE', *, *, #1566, .F. ) ;
#682 = VERTEX_POINT ( 'NONE', #1923 ) ;
#683 = CARTESIAN_POINT ( 'NONE',  ( 99.88004853125636373, -23.00000000000069633, 8.642813066825432600 ) ) ;
#684 = CARTESIAN_POINT ( 'NONE',  ( 50.00000000000000000, 0.000000000000000000, -19.00000000000000000 ) ) ;
#685 = DIRECTION ( 'NONE',  ( 1.000000000000000000, 0.000000000000000000, 0.000000000000000000 ) ) ;
#686 = DIRECTION ( 'NONE',  ( 6.982962677686267499E-15, 1.000000000000000000, -0.000000000000000000 ) ) ;
#687 = ADVANCED_FACE ( 'NONE', ( #1960 ), #2467, .F. ) ;
#688 = EDGE_CURVE ( 'NONE', #130, #2778, #3047, .T. ) ;
#689 = CARTESIAN_POINT ( 'NONE',  ( -13.03588679941515416, -29.77128977557823930, 0.2429916323118288535 ) ) ;
#690 = CARTESIAN_POINT ( 'NONE',  ( 116.2210694644197559, -32.16843610779575613, -0.7896327910585704268 ) ) ;
#691 = CIRCLE ( 'NONE', #1171, 2.000000000000000000 ) ;
#692 = CARTESIAN_POINT ( 'NONE',  ( -32.49998720690771137, -0.1978528742385533834, -5.000138591867085758 ) ) ;
#693 = LINE ( 'NONE', #2077, #3296 ) ;
#694 = CARTESIAN_POINT ( 'NONE',  ( 53.75577250228716508, -25.00000000000037659, -43.06358074287143722 ) ) ;
#695 = ORIENTED_EDGE ( 'NONE', *, *, #2041, .F. ) ;
#696 = ORIENTED_EDGE ( 'NONE', *, *, #3368, .F. ) ;
#697 = ORIENTED_EDGE ( 'NONE', *, *, #2504, .T. ) ;
#698 = DIRECTION ( 'NONE',  ( 0.000000000000000000, -0.000000000000000000, -1.000000000000000000 ) ) ;
#699 = FACE_OUTER_BOUND ( 'NONE', #2664, .T. ) ;
#700 = CARTESIAN_POINT ( 'NONE',  ( 19.22499121006401168, -21.22857550703720975, 0.000000000000000000 ) ) ;
#701 = VECTOR ( 'NONE', #3417, 1000.000000000000000 ) ;
#702 = PLANE ( 'NONE',  #619 ) ;
#703 = CARTESIAN_POINT ( 'NONE',  ( 109.0000000000000000, 0.000000000000000000, 0.000000000000000000 ) ) ;
#704 = APPROVAL ( #1533, 'UNSPECIFIED' ) ;
#705 = LINE ( 'NONE', #403, #3157 ) ;
#706 = EDGE_CURVE ( 'NONE', #734, #3036, #2663, .T. ) ;
#707 = DIRECTION ( 'NONE',  ( 0.4694715627858859763, -3.278302401168886762E-15, -0.8829475928589296529 ) ) ;
#708 = CARTESIAN_POINT ( 'NONE',  ( 106.9436292741277867, -23.00000000000074607, 12.39858556911251952 ) ) ;
#709 = ORIENTED_EDGE ( 'NONE', *, *, #273, .F. ) ;
#710 = AXIS2_PLACEMENT_3D ( 'NONE', #247, #1935, #2852 ) ;
#711 = TOROIDAL_SURFACE ( 'NONE', #72, 8.000000000000001776, 2.000000000000000000 ) ;
#712 = CARTESIAN_POINT ( 'NONE',  ( -29.49033880344536840, 0.7790436569810709200, -5.096288780840160015 ) ) ;
#713 = ORIENTED_EDGE ( 'NONE', *, *, #2452, .F. ) ;
#714 = ORIENTED_EDGE ( 'NONE', *, *, #3564, .F. ) ;
#715 = ORIENTED_EDGE ( 'NONE', *, *, #1791, .F. ) ;
#716 = CIRCLE ( 'NONE', #547, 4.199999999999995737 ) ;
#717 = VECTOR ( 'NONE', #2785, 1000.000000000000000 ) ;
#718 = CARTESIAN_POINT ( 'NONE',  ( 109.0000000000000000, 0.000000000000000000, -9.500000000000000000 ) ) ;
#719 = DIRECTION ( 'NONE',  ( 0.000000000000000000, 0.000000000000000000, -1.000000000000000000 ) ) ;
#720 = CIRCLE ( 'NONE', #261, 2.000000000000001776 ) ;
#721 = DIRECTION ( 'NONE',  ( 0.4494504182414400528, 0.000000000000000000, -0.8933052790298479096 ) ) ;
#722 = CARTESIAN_POINT ( 'NONE',  ( 19.04353899699704655, -23.44537971764448514, 2.525879563322351196 ) ) ;
#723 = CARTESIAN_POINT ( 'NONE',  ( 27.46536498627757794, -23.00000000000019185, 10.58148445722861553 ) ) ;
#724 = CARTESIAN_POINT ( 'NONE',  ( -12.00000000000000355, -30.20347662107791820, 1.861611256996447139 ) ) ;
#725 = DIRECTION ( 'NONE',  ( 1.000000000000000000, 0.000000000000000000, 0.000000000000000000 ) ) ;
#726 = AXIS2_PLACEMENT_3D ( 'NONE', #2310, #408, #1184 ) ;
#727 = CARTESIAN_POINT ( 'NONE',  ( -32.48605573910012367, -0.9689076835556923450, -5.154059428729834025 ) ) ;
#728 = ADVANCED_FACE ( 'NONE', ( #1631 ), #2766, .F. ) ;
#729 = CARTESIAN_POINT ( 'NONE',  ( 32.50252418755815143, 0.4276605830718949175, 0.009051247233288954239 ) ) ;
#730 = CARTESIAN_POINT ( 'NONE',  ( 125.0000000000000000, 0.000000000000000000, -17.00000000000000000 ) ) ;
#731 = CARTESIAN_POINT ( 'NONE',  ( 34.03733259938046984, 1.007536378706324287, 2.168404344971009361E-16 ) ) ;
#732 = EDGE_CURVE ( 'NONE', #1344, #1584, #2950, .T. ) ;
#733 = EDGE_CURVE ( 'NONE', #380, #535, #1997, .T. ) ;
#734 = VERTEX_POINT ( 'NONE', #1881 ) ;
#735 = EDGE_LOOP ( 'NONE', ( #2571, #2875, #3309, #2576 ) ) ;
#736 = ORIENTED_EDGE ( 'NONE', *, *, #2907, .F. ) ;
#737 = CYLINDRICAL_SURFACE ( 'NONE', #951, 4.999999999999988454 ) ;
#738 = FACE_OUTER_BOUND ( 'NONE', #125, .T. ) ;
#739 = CARTESIAN_POINT ( 'NONE',  ( -32.50000000000000000, 3.000000000000000000, -19.00000000000000000 ) ) ;
#740 = CARTESIAN_POINT ( 'NONE',  ( 32.78116217830433499, 8.884504624079255564, -6.121937348757922948 ) ) ;
#741 = DIRECTION ( 'NONE',  ( 0.000000000000000000, 0.000000000000000000, 1.000000000000000000 ) ) ;
#742 = SECURITY_CLASSIFICATION_LEVEL ( 'unclassified' ) ;
#743 = LINE ( 'NONE', #2125, #485 ) ;
#744 = CARTESIAN_POINT ( 'NONE',  ( 31.40113434058258690, -25.00000000000022027, -18.06105687442823182 ) ) ;
#745 = CARTESIAN_POINT ( 'NONE',  ( -12.00000000000000178, -30.20347662107791464, 18.00000000000000000 ) ) ;
#746 = EDGE_LOOP ( 'NONE', ( #1691, #832, #2535, #812 ) ) ;
#747 = VECTOR ( 'NONE', #2412, 1000.000000000000000 ) ;
#748 = CARTESIAN_POINT ( 'NONE',  ( 0.000000000000000000, 0.000000000000000000, -4.999999999999997335 ) ) ;
#749 = AXIS2_PLACEMENT_3D ( 'NONE', #2577, #45, #2343 ) ;
#750 = CARTESIAN_POINT ( 'NONE',  ( 32.48644715334123134, 1.007076291051858252, -18.95133623231161479 ) ) ;
#751 = ORIENTED_EDGE ( 'NONE', *, *, #1732, .T. ) ;
#752 = VERTEX_POINT ( 'NONE', #195 ) ;
#753 = VERTEX_POINT ( 'NONE', #256 ) ;
#754 = EDGE_CURVE ( 'NONE', #1750, #2024, #1611, .T. ) ;
#755 = DIRECTION ( 'NONE',  ( 0.000000000000000000, -1.000000000000000000, 0.000000000000000000 ) ) ;
#756 = DIRECTION ( 'NONE',  ( 1.000000000000000000, 0.000000000000000000, 0.000000000000000000 ) ) ;
#757 = CYLINDRICAL_SURFACE ( 'NONE', #2074, 4.199999999999995737 ) ;
#758 = CARTESIAN_POINT ( 'NONE',  ( 32.73136131349576772, 9.011565573466620904, -12.57080942602864759 ) ) ;
#759 = CARTESIAN_POINT ( 'NONE',  ( 107.3915935358304239, -37.00000000000074607, -5.484348418917430301 ) ) ;
#760 = ORIENTED_EDGE ( 'NONE', *, *, #3457, .F. ) ;
#761 = CARTESIAN_POINT ( 'NONE',  ( -32.50000000000000000, 0.000000000000000000, -8.000000000000001776 ) ) ;
#762 = CARTESIAN_POINT ( 'NONE',  ( 38.00000000000000711, -37.00000000000026290, -19.00000000000000000 ) ) ;
#763 = DIRECTION ( 'NONE',  ( -0.000000000000000000, 0.000000000000000000, 1.000000000000000000 ) ) ;
#764 = CARTESIAN_POINT ( 'NONE',  ( 30.78587683790399510, 10.41593761314212507, -12.69468116475423258 ) ) ;
#765 = AXIS2_PLACEMENT_3D ( 'NONE', #2165, #3322, #3302 ) ;
#766 = ORIENTED_EDGE ( 'NONE', *, *, #2429, .T. ) ;
#767 = DIRECTION ( 'NONE',  ( 0.000000000000000000, -1.000000000000000000, 0.000000000000000000 ) ) ;
#768 = CARTESIAN_POINT ( 'NONE',  ( 33.28680973667218268, 7.494252881647166298, -15.34667485156074029 ) ) ;
#769 = ORIENTED_EDGE ( 'NONE', *, *, #2452, .T. ) ;
#770 = ORIENTED_EDGE ( 'NONE', *, *, #292, .T. ) ;
#771 = AXIS2_PLACEMENT_3D ( 'NONE', #1329, #796, #1292 ) ;
#772 = VERTEX_POINT ( 'NONE', #2511 ) ;
#773 = CARTESIAN_POINT ( 'NONE',  ( 27.46536498627757794, -23.00000000000019185, 6.381484457228619789 ) ) ;
#774 = LINE ( 'NONE', #1875, #2673 ) ;
#775 = EDGE_CURVE ( 'NONE', #1621, #2004, #1005, .T. ) ;
#776 = DIRECTION ( 'NONE',  ( 1.000000000000000000, -0.000000000000000000, -0.000000000000000000 ) ) ;
#777 = EDGE_CURVE ( 'NONE', #1113, #1131, #1064, .T. ) ;
#778 = AXIS2_PLACEMENT_3D ( 'NONE', #1861, #3003, #780 ) ;
#779 = LINE ( 'NONE', #2763, #3161 ) ;
#780 = DIRECTION ( 'NONE',  ( 0.000000000000000000, 0.000000000000000000, -1.000000000000000000 ) ) ;
#781 = CIRCLE ( 'NONE', #2015, 4.999999999999988454 ) ;
#782 = EDGE_CURVE ( 'NONE', #1769, #1291, #1940, .T. ) ;
#783 = ORIENTED_EDGE ( 'NONE', *, *, #1810, .T. ) ;
#784 = DIRECTION ( 'NONE',  ( 0.000000000000000000, 0.000000000000000000, -1.000000000000000000 ) ) ;
#785 = VECTOR ( 'NONE', #685, 1000.000000000000000 ) ;
#786 = FACE_OUTER_BOUND ( 'NONE', #32, .T. ) ;
#787 = FACE_OUTER_BOUND ( 'NONE', #2199, .T. ) ;
#788 = CARTESIAN_POINT ( 'NONE',  ( 30.93035197245525580, 9.979458278488193557, -13.99886038584987347 ) ) ;
#789 = ORIENTED_EDGE ( 'NONE', *, *, #2146, .T. ) ;
#790 = CARTESIAN_POINT ( 'NONE',  ( -29.34706118165838262, 3.000000000000001776, -8.000000000000001776 ) ) ;
#791 = VECTOR ( 'NONE', #2286, 1000.000000000000000 ) ;
#792 = CARTESIAN_POINT ( 'NONE',  ( 30.83841031933559407, 10.26297552186201045, -13.26067369954109765 ) ) ;
#793 = VERTEX_POINT ( 'NONE', #583 ) ;
#794 = ORIENTED_EDGE ( 'NONE', *, *, #3634, .F. ) ;
#795 = ORIENTED_EDGE ( 'NONE', *, *, #1993, .F. ) ;
#796 = DIRECTION ( 'NONE',  ( -6.982962677686266711E-15, -1.000000000000000000, 0.000000000000000000 ) ) ;
#797 = DIRECTION ( 'NONE',  ( 1.000000000000000000, 0.000000000000000000, 0.000000000000000000 ) ) ;
#798 = ORIENTED_EDGE ( 'NONE', *, *, #1479, .T. ) ;
#799 = LINE ( 'NONE', #819, #2678 ) ;
#800 = CARTESIAN_POINT ( 'NONE',  ( 40.00000000000000711, -37.00000000000027711, -19.00000000000000000 ) ) ;
#801 = AXIS2_PLACEMENT_3D ( 'NONE', #3623, #4, #2212 ) ;
#802 = VERTEX_POINT ( 'NONE', #2824 ) ;
#803 = DIRECTION ( 'NONE',  ( -6.982962677686266711E-15, -1.000000000000000000, 0.000000000000000000 ) ) ;
#804 = EDGE_CURVE ( 'NONE', #3391, #1955, #66, .T. ) ;
#805 = CARTESIAN_POINT ( 'NONE',  ( 32.49935617806700350, -0.2045678643835130150, -20.99794951227123718 ) ) ;
#806 = EDGE_CURVE ( 'NONE', #3172, #845, #2781, .T. ) ;
#807 = DIRECTION ( 'NONE',  ( -1.000000000000000000, 6.982962677686266711E-15, 2.043249581797112801E-16 ) ) ;
#808 = CARTESIAN_POINT ( 'NONE',  ( 27.46536498627756728, -25.00000000000019185, 6.381484457228619789 ) ) ;
#809 = ORIENTED_EDGE ( 'NONE', *, *, #895, .T. ) ;
#810 = DIRECTION ( 'NONE',  ( 0.000000000000000000, 0.000000000000000000, 1.000000000000000000 ) ) ;
#811 = CARTESIAN_POINT ( 'NONE',  ( 32.20964749363685087, 4.434977257070439549, -17.91096211734604182 ) ) ;
#812 = ORIENTED_EDGE ( 'NONE', *, *, #1060, .F. ) ;
#813 = ORIENTED_EDGE ( 'NONE', *, *, #2594, .F. ) ;
#814 = ORIENTED_EDGE ( 'NONE', *, *, #984, .T. ) ;
#815 = CARTESIAN_POINT ( 'NONE',  ( 12.00000000000000178, -32.50000000000000000, 1.999999999999998224 ) ) ;
#816 = CIRCLE ( 'NONE', #522, 2.000000000000000000 ) ;
#817 = CARTESIAN_POINT ( 'NONE',  ( 95.80884872394230456, -21.00000000101906039, -18.99999999999999645 ) ) ;
#818 = ORIENTED_EDGE ( 'NONE', *, *, #1271, .T. ) ;
#819 = CARTESIAN_POINT ( 'NONE',  ( 27.46536498627757794, -23.00000000000019185, 2.181484457228624940 ) ) ;
#820 = CARTESIAN_POINT ( 'NONE',  ( -14.00000000000000178, 0.000000000000000000, 0.000000000000000000 ) ) ;
#821 = VERTEX_POINT ( 'NONE', #2584 ) ;
#822 = VECTOR ( 'NONE', #2965, 1000.000000000000000 ) ;
#823 = DIRECTION ( 'NONE',  ( 0.000000000000000000, 0.000000000000000000, 1.000000000000000000 ) ) ;
#824 = CARTESIAN_POINT ( 'NONE',  ( 32.49870269595426464, 0.4190735971176866026, -18.99536642816248033 ) ) ;
#825 = CARTESIAN_POINT ( 'NONE',  ( 31.92144135842703179, 6.105045585456677415, -19.00000000000000000 ) ) ;
#826 = ADVANCED_FACE ( 'NONE', ( #3469 ), #2321, .F. ) ;
#827 = ORIENTED_EDGE ( 'NONE', *, *, #249, .F. ) ;
#828 = CARTESIAN_POINT ( 'NONE',  ( 109.0000000000000000, -0.000000000000000000, -19.00000000000000000 ) ) ;
#829 = CARTESIAN_POINT ( 'NONE',  ( 34.46044529730131245, 1.399878952794332054, -18.90167485752353826 ) ) ;
#830 = ORIENTED_EDGE ( 'NONE', *, *, #2064, .F. ) ;
#831 = ORIENTED_EDGE ( 'NONE', *, *, #1102, .F. ) ;
#832 = ORIENTED_EDGE ( 'NONE', *, *, #3140, .F. ) ;
#833 = CARTESIAN_POINT ( 'NONE',  ( 112.4726552971637972, -21.00000000000078160, 2.000000000000000000 ) ) ;
#834 = CARTESIAN_POINT ( 'NONE',  ( 16.58429346580494723, -23.54022570783025969, -0.000000000000000000 ) ) ;
#835 = ORIENTED_EDGE ( 'NONE', *, *, #2198, .F. ) ;
#836 = CARTESIAN_POINT ( 'NONE',  ( 0.000000000000000000, 0.000000000000000000, -19.00000000000000000 ) ) ;
#837 = VECTOR ( 'NONE', #447, 1000.000000000000000 ) ;
#838 = CARTESIAN_POINT ( 'NONE',  ( 40.00000000000000000, -37.00000000000027711, -36.00000000000000000 ) ) ;
#839 = AXIS2_PLACEMENT_3D ( 'NONE', #2585, #882, #584 ) ;
#840 = PLANE ( 'NONE',  #1197 ) ;
#841 = AXIS2_PLACEMENT_3D ( 'NONE', #103, #3459, #2356 ) ;
#842 = DIRECTION ( 'NONE',  ( 0.8933052790298479096, -6.237917423245544032E-15, 0.4494504182414400528 ) ) ;
#843 = CIRCLE ( 'NONE', #1832, 1.700000000000000178 ) ;
#844 = CARTESIAN_POINT ( 'NONE',  ( 31.62397860279147466, 7.502761583648397625, -1.190896000688782097 ) ) ;
#845 = VERTEX_POINT ( 'NONE', #860 ) ;
#846 = EDGE_CURVE ( 'NONE', #374, #1399, #2839, .T. ) ;
#847 = DIRECTION ( 'NONE',  ( 0.4694715627858859208, 0.000000000000000000, -0.8829475928589295419 ) ) ;
#848 = CARTESIAN_POINT ( 'NONE',  ( 32.66605359149080101, 9.168937074165389944, -6.993979038523438163 ) ) ;
#849 = VECTOR ( 'NONE', #810, 1000.000000000000000 ) ;
#850 = ORIENTED_EDGE ( 'NONE', *, *, #242, .T. ) ;
#851 = EDGE_LOOP ( 'NONE', ( #3570, #2909, #2100, #1943 ) ) ;
#852 = EDGE_LOOP ( 'NONE', ( #963, #507, #2459, #830 ) ) ;
#853 = CARTESIAN_POINT ( 'NONE',  ( 125.0000000000000000, -30.50000000000000355, -19.00000000000000000 ) ) ;
#854 = EDGE_CURVE ( 'NONE', #1034, #3148, #3139, .T. ) ;
#855 = CARTESIAN_POINT ( 'NONE',  ( 16.31242604590915590, -24.57110429992099654, 0.000000000000000000 ) ) ;
#856 = EDGE_CURVE ( 'NONE', #3653, #1713, #913, .T. ) ;
#857 = ORIENTED_EDGE ( 'NONE', *, *, #2361, .T. ) ;
#858 = CYLINDRICAL_SURFACE ( 'NONE', #2911, 9.500000000000000000 ) ;
#859 = CARTESIAN_POINT ( 'NONE',  ( 112.4726552971637688, -23.00000000000078515, 0.000000000000000000 ) ) ;
#860 = CARTESIAN_POINT ( 'NONE',  ( 125.0000000000000000, -30.50000000000000355, 0.000000000000000000 ) ) ;
#861 = DIRECTION ( 'NONE',  ( -0.000000000000000000, -0.000000000000000000, -1.000000000000000000 ) ) ;
#862 = CARTESIAN_POINT ( 'NONE',  ( -32.36124225056881443, -3.000000000000001776, -8.000000000000001776 ) ) ;
#863 = CARTESIAN_POINT ( 'NONE',  ( 27.46536498627757794, -25.30000000000018900, 6.381484457228619789 ) ) ;
#864 = VERTEX_POINT ( 'NONE', #3142 ) ;
#865 = LINE ( 'NONE', #2847, #3218 ) ;
#866 = CARTESIAN_POINT ( 'NONE',  ( 31.11798855404356701, 9.482598756544431851, -10.16625678157963009 ) ) ;
#867 =( BOUNDED_CURVE ( )  B_SPLINE_CURVE ( 3, ( #2080, #3464, #1766, #2377 ),
 .UNSPECIFIED., .F., .T. ) 
 B_SPLINE_CURVE_WITH_KNOTS ( ( 4, 4 ),
 ( 4.712388980384688786, 5.052084616637300130 ),
 .UNSPECIFIED. ) 
 CURVE ( )  GEOMETRIC_REPRESENTATION_ITEM ( )  RATIONAL_B_SPLINE_CURVE ( ( 1.000000000000000000, 0.9904070013224003377, 0.9904070013224003377, 1.000000000000000000 ) ) 
 REPRESENTATION_ITEM ( '' )  );
#868 = ORIENTED_EDGE ( 'NONE', *, *, #20, .T. ) ;
#869 = ORIENTED_EDGE ( 'NONE', *, *, #2335, .F. ) ;
#870 = VERTEX_POINT ( 'NONE', #1724 ) ;
#871 = DIRECTION ( 'NONE',  ( 1.000000000000000000, -6.938893903907221278E-15, 1.203706215242021147E-29 ) ) ;
#872 = CARTESIAN_POINT ( 'NONE',  ( 102.4789798530607072, -22.86411032376937058, -18.99999999999999645 ) ) ;
#873 = EDGE_LOOP ( 'NONE', ( #885, #1149, #1161, #2976 ) ) ;
#874 = EDGE_CURVE ( 'NONE', #845, #1621, #1139, .T. ) ;
#875 = ADVANCED_FACE ( 'NONE', ( #2543 ), #1209, .T. ) ;
#876 = VECTOR ( 'NONE', #2030, 1000.000000000000000 ) ;
#877 = LINE ( 'NONE', #596, #1954 ) ;
#878 = CARTESIAN_POINT ( 'NONE',  ( -29.34706118165838262, -3.000000000000000000, -19.00000000000000000 ) ) ;
#879 = CARTESIAN_POINT ( 'NONE',  ( 27.46536498627757794, -37.00000000000122924, 4.681484457228616947 ) ) ;
#880 = CONICAL_SURFACE ( 'NONE', #3658, 4.999999999999988454, 1.029744258676650315 ) ;
#881 = DIRECTION ( 'NONE',  ( 6.982962677686266711E-15, 1.000000000000000000, -0.000000000000000000 ) ) ;
#882 = DIRECTION ( 'NONE',  ( -0.8660254037844399289, 0.4999999999999978906, 0.000000000000000000 ) ) ;
#883 = PERSON_AND_ORGANIZATION ( #3212, #1667 ) ;
#884 = CARTESIAN_POINT ( 'NONE',  ( 0.000000000000000000, 0.000000000000000000, -19.00000000000000000 ) ) ;
#885 = ORIENTED_EDGE ( 'NONE', *, *, #559, .T. ) ;
#886 = FACE_OUTER_BOUND ( 'NONE', #606, .T. ) ;
#887 = CARTESIAN_POINT ( 'NONE',  ( 31.90092450851506101, 6.218748533568512649, -0.07590223928314712709 ) ) ;
#888 = ORIENTED_EDGE ( 'NONE', *, *, #2593, .F. ) ;
#889 = VERTEX_POINT ( 'NONE', #1976 ) ;
#890 = CARTESIAN_POINT ( 'NONE',  ( 95.25133272570685961, -23.00000000000066436, -21.00000000000114042 ) ) ;
#891 = ORIENTED_EDGE ( 'NONE', *, *, #1030, .F. ) ;
#892 = CARTESIAN_POINT ( 'NONE',  ( 127.0000000000000000, 6.123233995736752477E-16, -4.500000000000010658 ) ) ;
#893 = FACE_OUTER_BOUND ( 'NONE', #3404, .T. ) ;
#894 = EDGE_CURVE ( 'NONE', #1365, #2522, #1353, .T. ) ;
#895 = EDGE_CURVE ( 'NONE', #514, #2483, #1906, .T. ) ;
#896 = CARTESIAN_POINT ( 'NONE',  ( 12.00000000000000178, -32.50000000000000000, 18.00000000000000000 ) ) ;
#897 = DIRECTION ( 'NONE',  ( 0.000000000000000000, 0.000000000000000000, 1.000000000000000000 ) ) ;
#898 = AXIS2_PLACEMENT_3D ( 'NONE', #937, #1114, #2817 ) ;
#899 = CARTESIAN_POINT ( 'NONE',  ( 62.00000000000000000, 0.000000000000000000, -9.500000000000000000 ) ) ;
#900 =( LENGTH_UNIT ( ) NAMED_UNIT ( * ) SI_UNIT ( .MILLI., .METRE. ) );
#901 = EDGE_CURVE ( 'NONE', #3332, #1550, #1898, .T. ) ;
#902 = LINE ( 'NONE', #3473, #1915 ) ;
#903 = DIRECTION ( 'NONE',  ( 0.4694715627858861429, -3.257805843001506821E-15, -0.8829475928589294309 ) ) ;
#904 = CIRCLE ( 'NONE', #2964, 29.50000000000000711 ) ;
#905 = VECTOR ( 'NONE', #2682, 1000.000000000000000 ) ;
#906 = CYLINDRICAL_SURFACE ( 'NONE', #2424, 2.000000000000000000 ) ;
#907 = CARTESIAN_POINT ( 'NONE',  ( 31.31285261085920624, 8.812829956756502270, -5.933532408327981678 ) ) ;
#908 = ORIENTED_EDGE ( 'NONE', *, *, #3168, .F. ) ;
#909 = CARTESIAN_POINT ( 'NONE',  ( 38.00000000000009237, -25.00000000000026645, -20.99999999999999645 ) ) ;
#910 = ORIENTED_EDGE ( 'NONE', *, *, #1, .F. ) ;
#911 = AXIS2_PLACEMENT_3D ( 'NONE', #2473, #3329, #1910 ) ;
#912 = DIRECTION ( 'NONE',  ( 0.000000000000000000, 0.000000000000000000, 1.000000000000000000 ) ) ;
#913 =( BOUNDED_CURVE ( )  B_SPLINE_CURVE ( 3, ( #652, #86, #2336, #917 ),
 .UNSPECIFIED., .F., .T. ) 
 B_SPLINE_CURVE_WITH_KNOTS ( ( 4, 4 ),
 ( 3.141592653589793116, 4.712388980384687898 ),
 .UNSPECIFIED. ) 
 CURVE ( )  GEOMETRIC_REPRESENTATION_ITEM ( )  RATIONAL_B_SPLINE_CURVE ( ( 1.000000000000000000, 0.8047378541243654926, 0.8047378541243654926, 1.000000000000000000 ) ) 
 REPRESENTATION_ITEM ( '' )  );
#914 = LINE ( 'NONE', #3432, #3560 ) ;
#915 = DIRECTION ( 'NONE',  ( -0.000000000000000000, 1.000000000000000000, -0.000000000000000000 ) ) ;
#916 = MANIFOLD_SOLID_BREP ( 'Fillet8', #3087 ) ;
#917 = CARTESIAN_POINT ( 'NONE',  ( 95.25133272571180498, -21.00000000000066080, -19.00000000000000000 ) ) ;
#918 = FACE_BOUND ( 'NONE', #2811, .T. ) ;
#919 = CARTESIAN_POINT ( 'NONE',  ( -32.36124225056881443, 3.000000000000000000, -19.00000000000000000 ) ) ;
#920 = EDGE_CURVE ( 'NONE', #3288, #2114, #2013, .T. ) ;
#921 = CARTESIAN_POINT ( 'NONE',  ( 31.92144135842703179, 6.105045585456677415, -19.00000000000000000 ) ) ;
#922 = EDGE_CURVE ( 'NONE', #285, #1820, #1085, .T. ) ;
#923 = FACE_BOUND ( 'NONE', #1642, .T. ) ;
#924 = CARTESIAN_POINT ( 'NONE',  ( 30.66689191174006623, 10.76173212013971892, -7.972241282137975560 ) ) ;
#925 = ORIENTED_EDGE ( 'NONE', *, *, #1126, .T. ) ;
#926 = FACE_OUTER_BOUND ( 'NONE', #272, .T. ) ;
#927 = EDGE_LOOP ( 'NONE', ( #1446, #818, #410, #27 ) ) ;
#928 = ORIENTED_EDGE ( 'NONE', *, *, #1850, .F. ) ;
#929 = LINE ( 'NONE', #1223, #3027 ) ;
#930 = FACE_OUTER_BOUND ( 'NONE', #3241, .T. ) ;
#931 = AXIS2_PLACEMENT_3D ( 'NONE', #2385, #2691, #721 ) ;
#932 = CARTESIAN_POINT ( 'NONE',  ( 99.88004853125636373, -23.00000000000069633, 8.642813066825432600 ) ) ;
#933 = CARTESIAN_POINT ( 'NONE',  ( 109.0000000000000000, 0.000000000000000000, -14.49999999999998934 ) ) ;
#934 = AXIS2_PLACEMENT_3D ( 'NONE', #1652, #2787, #1941 ) ;
#935 = DIRECTION ( 'NONE',  ( 0.000000000000000000, 0.000000000000000000, 1.000000000000000000 ) ) ;
#936 = DIRECTION ( 'NONE',  ( 1.000000000000000000, 0.000000000000000000, 0.000000000000000000 ) ) ;
#937 = CARTESIAN_POINT ( 'NONE',  ( 99.88004853125636373, -25.30000000000069704, 8.642813066825432600 ) ) ;
#938 = DIRECTION ( 'NONE',  ( 1.000000000000000000, -6.938893903907222067E-15, 0.000000000000000000 ) ) ;
#939 = PRODUCT_DEFINITION ( 'UNKNOWN', '', #3386, #3456 ) ;
#940 = DIRECTION ( 'NONE',  ( 1.000000000000000000, 0.000000000000000000, 0.000000000000000000 ) ) ;
#941 = EDGE_CURVE ( 'NONE', #2873, #3588, #2201, .T. ) ;
#942 = VERTEX_POINT ( 'NONE', #2898 ) ;
#943 = ADVANCED_FACE ( 'NONE', ( #367 ), #2640, .F. ) ;
#944 = CARTESIAN_POINT ( 'NONE',  ( 18.81468725553867571, -21.35660215483012792, -0.000000000000000000 ) ) ;
#945 = ORIENTED_EDGE ( 'NONE', *, *, #982, .F. ) ;
#946 = VERTEX_POINT ( 'NONE', #2367 ) ;
#947 = DIRECTION ( 'NONE',  ( 0.000000000000000000, -0.000000000000000000, -1.000000000000000000 ) ) ;
#948 = DIRECTION ( 'NONE',  ( -0.000000000000000000, 1.000000000000000000, -0.000000000000000000 ) ) ;
#949 = CARTESIAN_POINT ( 'NONE',  ( 18.69082579569176517, -23.73171427449047499, 2.611975129561603826 ) ) ;
#950 = CARTESIAN_POINT ( 'NONE',  ( 108.7095244598456532, -23.00000000000076383, 13.33752869468429125 ) ) ;
#951 = AXIS2_PLACEMENT_3D ( 'NONE', #2441, #1624, #2723 ) ;
#952 = CARTESIAN_POINT ( 'NONE',  ( 12.00000000000000178, 0.000000000000000000, 18.00000000000000000 ) ) ;
#953 = DIRECTION ( 'NONE',  ( 0.000000000000000000, 0.000000000000000000, 1.000000000000000000 ) ) ;
#954 = CARTESIAN_POINT ( 'NONE',  ( -32.39589541146070673, 2.601507793988504069, -6.493242316737346975 ) ) ;
#955 = CARTESIAN_POINT ( 'NONE',  ( 32.29176193948345741, 3.688629368145524889, 1.319633936876224434 ) ) ;
#956 = DIRECTION ( 'NONE',  ( 0.000000000000000000, 0.000000000000000000, -1.000000000000000000 ) ) ;
#957 = VECTOR ( 'NONE', #1135, 1000.000000000000000 ) ;
#958 = AXIS2_PLACEMENT_3D ( 'NONE', #365, #2047, #1821 ) ;
#959 = AXIS2_PLACEMENT_3D ( 'NONE', #1059, #3041, #502 ) ;
#960 = AXIS2_PLACEMENT_3D ( 'NONE', #3506, #3251, #416 ) ;
#961 = VERTEX_POINT ( 'NONE', #3503 ) ;
#962 = EDGE_CURVE ( 'NONE', #180, #3624, #3230, .T. ) ;
#963 = ORIENTED_EDGE ( 'NONE', *, *, #2472, .T. ) ;
#964 = CIRCLE ( 'NONE', #3210, 2.000000000000000000 ) ;
#965 = EDGE_CURVE ( 'NONE', #1750, #3097, #3539, .T. ) ;
#966 = FACE_OUTER_BOUND ( 'NONE', #459, .T. ) ;
#967 = DIRECTION ( 'NONE',  ( -0.000000000000000000, 1.000000000000000000, -0.000000000000000000 ) ) ;
#968 = VECTOR ( 'NONE', #1031, 1000.000000000000000 ) ;
#969 = CARTESIAN_POINT ( 'NONE',  ( 18.94741888968260213, -23.51169410295092987, 2.549978891493860367 ) ) ;
#970 = DIRECTION ( 'NONE',  ( 1.000000000000000000, 0.000000000000000000, -0.000000000000000000 ) ) ;
#971 = APPROVAL_STATUS ( 'not_yet_approved' ) ;
#972 = CARTESIAN_POINT ( 'NONE',  ( 116.5954655486559659, -32.46695709627938697, -1.568082471738629469 ) ) ;
#973 = CARTESIAN_POINT ( 'NONE',  ( 117.0029354999198858, -30.50000000000000000, -2.000000000000000000 ) ) ;
#974 = CARTESIAN_POINT ( 'NONE',  ( 0.000000000000000000, 0.000000000000000000, 18.00000000000000000 ) ) ;
#975 = ORIENTED_EDGE ( 'NONE', *, *, #1547, .F. ) ;
#976 = LINE ( 'NONE', #2098, #3336 ) ;
#977 = AXIS2_PLACEMENT_3D ( 'NONE', #1675, #336, #2606 ) ;
#978 = ORIENTED_EDGE ( 'NONE', *, *, #3208, .F. ) ;
#979 = ORIENTED_EDGE ( 'NONE', *, *, #1729, .T. ) ;
#980 = ORIENTED_EDGE ( 'NONE', *, *, #2800, .F. ) ;
#981 = CARTESIAN_POINT ( 'NONE',  ( 0.000000000000000000, 0.000000000000000000, -19.00000000000000000 ) ) ;
#982 = EDGE_CURVE ( 'NONE', #180, #2753, #2141, .T. ) ;
#983 = DIRECTION ( 'NONE',  ( 0.000000000000000000, 0.000000000000000000, 1.000000000000000000 ) ) ;
#984 = EDGE_CURVE ( 'NONE', #1304, #2765, #613, .T. ) ;
#985 = LINE ( 'NONE', #171, #1433 ) ;
#986 = FACE_OUTER_BOUND ( 'NONE', #852, .T. ) ;
#987 = PERSON_AND_ORGANIZATION_ROLE ( 'classification_officer' ) ;
#988 = CYLINDRICAL_SURFACE ( 'NONE', #3266, 2.000000000000000000 ) ;
#989 = AXIS2_PLACEMENT_3D ( 'NONE', #1449, #1500, #2633 ) ;
#990 = CARTESIAN_POINT ( 'NONE',  ( 12.00000000000000178, -32.50000000000000000, 18.00000000000000000 ) ) ;
#991 = LINE ( 'NONE', #123, #2705 ) ;
#992 = DIRECTION ( 'NONE',  ( -4.081702296416016983E-16, 2.850237479729937575E-30, -1.000000000000000000 ) ) ;
#993 = ORIENTED_EDGE ( 'NONE', *, *, #313, .T. ) ;
#994 = DIRECTION ( 'NONE',  ( 1.000000000000000000, -6.938893903907222067E-15, 0.000000000000000000 ) ) ;
#995 = ORIENTED_EDGE ( 'NONE', *, *, #3316, .F. ) ;
#996 = VECTOR ( 'NONE', #1978, 1000.000000000000000 ) ;
#997 = ORIENTED_EDGE ( 'NONE', *, *, #2124, .F. ) ;
#998 = ORIENTED_EDGE ( 'NONE', *, *, #2867, .F. ) ;
#999 = FACE_OUTER_BOUND ( 'NONE', #2439, .T. ) ;
#1000 = DIRECTION ( 'NONE',  ( -0.4999999999999979461, -0.8660254037844398178, 0.000000000000000000 ) ) ;
#1001 = DIRECTION ( 'NONE',  ( -1.000000000000000000, 0.000000000000000000, 0.000000000000000000 ) ) ;
#1002 = CARTESIAN_POINT ( 'NONE',  ( 18.47698861043438257, -23.98739853508159925, 2.660973513725281681 ) ) ;
#1003 = EDGE_CURVE ( 'NONE', #285, #535, #985, .T. ) ;
#1004 = ADVANCED_FACE ( 'NONE', ( #1556 ), #1260, .T. ) ;
#1005 = CIRCLE ( 'NONE', #2656, 2.000000000000000000 ) ;
#1006 = CARTESIAN_POINT ( 'NONE',  ( 0.000000000000000000, 0.000000000000000000, -19.00000000000000000 ) ) ;
#1007 = CARTESIAN_POINT ( 'NONE',  ( 0.000000000000000000, -32.50000000000000000, 18.00000000000000000 ) ) ;
#1008 = CARTESIAN_POINT ( 'NONE',  ( -32.44873658359097846, -1.832057160187739564, -5.616208810160432385 ) ) ;
#1009 = EDGE_CURVE ( 'NONE', #2757, #3008, #2221, .T. ) ;
#1010 = CARTESIAN_POINT ( 'NONE',  ( 32.49958386797722909, -0.1688472236843593377, -0.001492070168529914271 ) ) ;
#1011 = EDGE_LOOP ( 'NONE', ( #1617, #1939, #1784, #1737 ) ) ;
#1012 = AXIS2_PLACEMENT_3D ( 'NONE', #471, #2148, #2643 ) ;
#1013 = CARTESIAN_POINT ( 'NONE',  ( -14.00000000000000178, 0.000000000000000000, 2.000000000000000000 ) ) ;
#1014 = EDGE_LOOP ( 'NONE', ( #3616, #1414, #2646, #3372 ) ) ;
#1015 = VECTOR ( 'NONE', #2028, 1000.000000000000000 ) ;
#1016 = EDGE_LOOP ( 'NONE', ( #2130, #2222, #3463, #346 ) ) ;
#1017 = LOCAL_TIME ( 23, 52, 8.000000000000000000, #673 ) ;
#1018 = ORIENTED_EDGE ( 'NONE', *, *, #920, .F. ) ;
#1019 = VECTOR ( 'NONE', #1373, 1000.000000000000000 ) ;
#1020 = CARTESIAN_POINT ( 'NONE',  ( 27.46536498627757794, -23.00000000000019185, 6.381484457228619789 ) ) ;
#1021 = CARTESIAN_POINT ( 'NONE',  ( 18.29385685393195615, -25.00000000000013145, 2.000000000000000000 ) ) ;
#1022 = DIRECTION ( 'NONE',  ( 1.000000000000000000, 0.000000000000000000, 0.000000000000000000 ) ) ;
#1023 = DIRECTION ( 'NONE',  ( 1.000000000000000000, -1.387778780781445676E-16, 0.000000000000000000 ) ) ;
#1024 = CARTESIAN_POINT ( 'NONE',  ( 103.7715505984698865, -31.49511865229908381, -18.73485989862192014 ) ) ;
#1025 = CARTESIAN_POINT ( 'NONE',  ( 33.90078933339385969, 1.249569224856075689, -19.00000000000000355 ) ) ;
#1026 = CARTESIAN_POINT ( 'NONE',  ( -32.43974348368061555, -1.982989825214644952, -5.740354426805297727 ) ) ;
#1027 = CARTESIAN_POINT ( 'NONE',  ( 0.000000000000000000, 0.000000000000000000, 0.000000000000000000 ) ) ;
#1028 = EDGE_CURVE ( 'NONE', #1131, #422, #799, .T. ) ;
#1029 = DIRECTION ( 'NONE',  ( 0.000000000000000000, 0.000000000000000000, -1.000000000000000000 ) ) ;
#1030 = EDGE_CURVE ( 'NONE', #682, #2280, #779, .T. ) ;
#1031 = DIRECTION ( 'NONE',  ( 1.000000000000000000, 0.000000000000000000, 0.000000000000000000 ) ) ;
#1032 = CARTESIAN_POINT ( 'NONE',  ( 32.47855443248660379, 1.234138044473442886, -20.93155999383750654 ) ) ;
#1033 = ORIENTED_EDGE ( 'NONE', *, *, #2014, .F. ) ;
#1034 = VERTEX_POINT ( 'NONE', #3576 ) ;
#1035 = ORIENTED_EDGE ( 'NONE', *, *, #1299, .F. ) ;
#1036 = DIRECTION ( 'NONE',  ( 1.000000000000000000, -0.000000000000000000, 0.000000000000000000 ) ) ;
#1037 = FACE_OUTER_BOUND ( 'NONE', #1870, .T. ) ;
#1038 = LINE ( 'NONE', #3519, #1752 ) ;
#1039 = CARTESIAN_POINT ( 'NONE',  ( 34.50000000000000000, 0.000000000000000000, -19.00000000000000000 ) ) ;
#1040 = DIRECTION ( 'NONE',  ( -0.000000000000000000, 0.000000000000000000, 1.000000000000000000 ) ) ;
#1041 = PERSON_AND_ORGANIZATION_ROLE ( 'design_supplier' ) ;
#1042 = ORIENTED_EDGE ( 'NONE', *, *, #775, .F. ) ;
#1043 = DIRECTION ( 'NONE',  ( -0.000000000000000000, 1.000000000000000000, -0.000000000000000000 ) ) ;
#1044 = CYLINDRICAL_SURFACE ( 'NONE', #3479, 2.000000000000002220 ) ;
#1045 = DIRECTION ( 'NONE',  ( 6.938893903907222067E-15, 1.000000000000000000, 0.000000000000000000 ) ) ;
#1046 = CARTESIAN_POINT ( 'NONE',  ( 30.65065139408931216, 10.80697435202070444, -10.42644591435376178 ) ) ;
#1047 = TOROIDAL_SURFACE ( 'NONE', #1806, 7.500000000000000000, 2.000000000000000000 ) ;
#1048 = EDGE_CURVE ( 'NONE', #10, #3497, #3043, .T. ) ;
#1049 = EDGE_CURVE ( 'NONE', #306, #1764, #251, .T. ) ;
#1050 = CARTESIAN_POINT ( 'NONE',  ( -29.38524170938758573, 2.601815987475549985, -6.493787413977013756 ) ) ;
#1051 = ADVANCED_FACE ( 'NONE', ( #1860, #504 ), #1648, .F. ) ;
#1052 = VECTOR ( 'NONE', #197, 1000.000000000000000 ) ;
#1053 = CARTESIAN_POINT ( 'NONE',  ( 34.32300854811116864, 2.942557456205835198, -18.55464189742561487 ) ) ;
#1054 = ORIENTED_EDGE ( 'NONE', *, *, #1503, .T. ) ;
#1055 = ORIENTED_EDGE ( 'NONE', *, *, #2247, .F. ) ;
#1056 = ORIENTED_EDGE ( 'NONE', *, *, #3206, .T. ) ;
#1057 = DIRECTION ( 'NONE',  ( 0.000000000000000000, 0.000000000000000000, 1.000000000000000000 ) ) ;
#1058 = DIRECTION ( 'NONE',  ( 0.000000000000000000, 0.000000000000000000, 1.000000000000000000 ) ) ;
#1059 = CARTESIAN_POINT ( 'NONE',  ( 99.88004853125636373, -23.00000000000069988, 18.64281306682542549 ) ) ;
#1060 = EDGE_CURVE ( 'NONE', #821, #3641, #329, .T. ) ;
#1061 = CARTESIAN_POINT ( 'NONE',  ( 32.55398237097956127, 9.437400972382768316, -10.75473599922066903 ) ) ;
#1062 = CARTESIAN_POINT ( 'NONE',  ( 54.69471562785885510, -37.00000000000037659, -44.82947592858929653 ) ) ;
#1063 = VERTEX_POINT ( 'NONE', #2299 ) ;
#1064 = CIRCLE ( 'NONE', #414, 4.199999999999994849 ) ;
#1065 = CARTESIAN_POINT ( 'NONE',  ( -8.000000000000000000, 0.000000000000000000, 18.00000000000000000 ) ) ;
#1066 = FACE_OUTER_BOUND ( 'NONE', #3328, .T. ) ;
#1067 = DIRECTION ( 'NONE',  ( -0.000000000000000000, 1.000000000000000000, -0.000000000000000000 ) ) ;
#1068 = DIRECTION ( 'NONE',  ( 1.000000000000000000, 0.000000000000000000, 0.000000000000000000 ) ) ;
#1069 = CARTESIAN_POINT ( 'NONE',  ( -29.47060360469261298, 1.329111831864235205, -5.303321116393186152 ) ) ;
#1070 = CARTESIAN_POINT ( 'NONE',  ( 32.46273832368944312, 1.596353191751731737, -20.88097482729684629 ) ) ;
#1071 = VERTEX_POINT ( 'NONE', #307 ) ;
#1072 = VERTEX_POINT ( 'NONE', #2614 ) ;
#1073 = AXIS2_PLACEMENT_3D ( 'NONE', #1986, #1952, #2256 ) ;
#1074 = ORIENTED_EDGE ( 'NONE', *, *, #733, .T. ) ;
#1075 = CARTESIAN_POINT ( 'NONE',  ( 112.0863091636893927, -23.00000000000078515, -14.31382434750674193 ) ) ;
#1076 = DIRECTION ( 'NONE',  ( 1.000000000000000000, 0.000000000000000000, 0.000000000000000000 ) ) ;
#1077 = ORIENTED_EDGE ( 'NONE', *, *, #2108, .F. ) ;
#1078 = ADVANCED_FACE ( 'NONE', ( #3119 ), #578, .F. ) ;
#1079 = EDGE_CURVE ( 'NONE', #1291, #2830, #964, .T. ) ;
#1080 = VECTOR ( 'NONE', #672, 1000.000000000000000 ) ;
#1081 = CARTESIAN_POINT ( 'NONE',  ( 34.49358728590687662, 0.6332038460131925728, -18.98414242863932699 ) ) ;
#1082 = FACE_OUTER_BOUND ( 'NONE', #927, .T. ) ;
#1083 = EDGE_LOOP ( 'NONE', ( #798, #1680, #233, #1736 ) ) ;
#1084 = DIRECTION ( 'NONE',  ( -0.000000000000000000, -0.000000000000000000, -1.000000000000000000 ) ) ;
#1085 = CIRCLE ( 'NONE', #325, 2.000000000000001776 ) ;
#1086 = CYLINDRICAL_SURFACE ( 'NONE', #1753, 2.000000000000001776 ) ;
#1087 = DIRECTION ( 'NONE',  ( -0.000000000000000000, 1.000000000000000000, -0.000000000000000000 ) ) ;
#1088 = CARTESIAN_POINT ( 'NONE',  ( 29.63523915486467430, -32.50000000000000000, -18.99999999999999645 ) ) ;
#1089 = VECTOR ( 'NONE', #1656, 1000.000000000000000 ) ;
#1090 = ORIENTED_EDGE ( 'NONE', *, *, #1749, .T. ) ;
#1091 = CARTESIAN_POINT ( 'NONE',  ( 12.00000000000000178, 0.000000000000000000, 2.000000000000000000 ) ) ;
#1092 = AXIS2_PLACEMENT_3D ( 'NONE', #1977, #2825, #2899 ) ;
#1093 = CARTESIAN_POINT ( 'NONE',  ( 32.43524957702407363, 2.182745742974314673, -18.76611449111294050 ) ) ;
#1094 = ORIENTED_EDGE ( 'NONE', *, *, #3275, .T. ) ;
#1095 = ORIENTED_EDGE ( 'NONE', *, *, #2619, .T. ) ;
#1096 = ORIENTED_EDGE ( 'NONE', *, *, #316, .T. ) ;
#1097 = PLANE ( 'NONE',  #542 ) ;
#1098 = CARTESIAN_POINT ( 'NONE',  ( -12.00000000000000178, -30.20347662107791464, 1.999999999999998224 ) ) ;
#1099 = CARTESIAN_POINT ( 'NONE',  ( 34.01828233383018585, 4.774417598125554996, -1.263880106597003561 ) ) ;
#1100 = EDGE_CURVE ( 'NONE', #3641, #1459, #2820, .T. ) ;
#1101 = CARTESIAN_POINT ( 'NONE',  ( 0.000000000000000000, 0.000000000000000000, -19.00000000000000000 ) ) ;
#1102 = EDGE_CURVE ( 'NONE', #3534, #3624, #3451, .T. ) ;
#1103 = EDGE_CURVE ( 'NONE', #97, #3635, #2313, .T. ) ;
#1104 = ORIENTED_EDGE ( 'NONE', *, *, #2908, .F. ) ;
#1105 = DIRECTION ( 'NONE',  ( 0.000000000000000000, 1.000000000000000000, 0.000000000000000000 ) ) ;
#1106 = FACE_OUTER_BOUND ( 'NONE', #2065, .T. ) ;
#1107 = CARTESIAN_POINT ( 'NONE',  ( 127.0000000000000000, 6.123233995736752477E-16, -4.500000000000010658 ) ) ;
#1108 = ORIENTED_EDGE ( 'NONE', *, *, #2708, .F. ) ;
#1109 = DIRECTION ( 'NONE',  ( 1.000000000000000000, -0.000000000000000000, -0.000000000000000000 ) ) ;
#1110 = CARTESIAN_POINT ( 'NONE',  ( 31.82871669315871799, 6.683594024251339860, -16.26458852242721420 ) ) ;
#1111 = AXIS2_PLACEMENT_3D ( 'NONE', #1799, #2937, #1285 ) ;
#1112 = ORIENTED_EDGE ( 'NONE', *, *, #1614, .F. ) ;
#1113 = VERTEX_POINT ( 'NONE', #2562 ) ;
#1114 = DIRECTION ( 'NONE',  ( -0.000000000000000000, 1.000000000000000000, -0.000000000000000000 ) ) ;
#1115 = VECTOR ( 'NONE', #391, 1000.000000000000114 ) ;
#1116 = CARTESIAN_POINT ( 'NONE',  ( 16.44144276152373862, -23.93985777616627431, 0.000000000000000000 ) ) ;
#1117 = ORIENTED_EDGE ( 'NONE', *, *, #782, .T. ) ;
#1118 = DIRECTION ( 'NONE',  ( 0.4999999999999978351, 0.8660254037844398178, 0.000000000000000000 ) ) ;
#1119 = CARTESIAN_POINT ( 'NONE',  ( 115.1650907701648947, -24.47650422886284360, 1.085495051218587914 ) ) ;
#1120 = ADVANCED_FACE ( 'NONE', ( #633 ), #1205, .T. ) ;
#1121 = DIRECTION ( 'NONE',  ( 1.000000000000000000, -0.000000000000000000, -0.000000000000000000 ) ) ;
#1122 = DIRECTION ( 'NONE',  ( 0.8933052790298487977, -6.198550554988358398E-15, 0.4494504182414387761 ) ) ;
#1123 = CARTESIAN_POINT ( 'NONE',  ( 30.68765014709233796, 10.70146036655211574, -11.34814848068583437 ) ) ;
#1124 = EDGE_CURVE ( 'NONE', #3172, #1526, #659, .T. ) ;
#1125 = ORIENTED_EDGE ( 'NONE', *, *, #777, .T. ) ;
#1126 = EDGE_CURVE ( 'NONE', #3533, #2117, #1153, .T. ) ;
#1127 = CARTESIAN_POINT ( 'NONE',  ( 127.0000000000000000, 0.000000000000000000, -14.49999999999998934 ) ) ;
#1128 = CARTESIAN_POINT ( 'NONE',  ( 31.11267758773247039, 9.500068585275538879, -9.830938059047639399 ) ) ;
#1129 = ORIENTED_EDGE ( 'NONE', *, *, #1504, .F. ) ;
#1130 = ORIENTED_EDGE ( 'NONE', *, *, #419, .F. ) ;
#1131 = VERTEX_POINT ( 'NONE', #2282 ) ;
#1132 = DIRECTION ( 'NONE',  ( 6.938893903907222067E-15, 1.000000000000000000, 0.000000000000000000 ) ) ;
#1133 = CARTESIAN_POINT ( 'NONE',  ( 96.35007728391087767, -21.02581042789022092, -18.99999999999999645 ) ) ;
#1134 = ORIENTED_EDGE ( 'NONE', *, *, #559, .F. ) ;
#1135 = DIRECTION ( 'NONE',  ( 1.000000000000000000, -0.000000000000000000, -0.000000000000000000 ) ) ;
#1136 = CARTESIAN_POINT ( 'NONE',  ( 114.4059602708972108, -23.03344199901945188, -2.342858174790124863E-12 ) ) ;
#1137 = VECTOR ( 'NONE', #861, 1000.000000000000000 ) ;
#1138 = AXIS2_PLACEMENT_3D ( 'NONE', #2087, #1529, #698 ) ;
#1139 = LINE ( 'NONE', #3437, #2605 ) ;
#1140 =( GEOMETRIC_REPRESENTATION_CONTEXT ( 3 ) GLOBAL_UNCERTAINTY_ASSIGNED_CONTEXT ( ( #388 ) ) GLOBAL_UNIT_ASSIGNED_CONTEXT ( ( #900, #335, #389 ) ) REPRESENTATION_CONTEXT ( 'NONE', 'WORKASPACE' ) );
#1141 = DIRECTION ( 'NONE',  ( 1.000000000000000000, -6.938893903907232322E-15, 0.000000000000000000 ) ) ;
#1142 = DIRECTION ( 'NONE',  ( 0.000000000000000000, -1.000000000000000000, 0.000000000000000000 ) ) ;
#1143 = ORIENTED_EDGE ( 'NONE', *, *, #106, .T. ) ;
#1144 = CARTESIAN_POINT ( 'NONE',  ( 14.00000000000000178, 0.000000000000000000, 2.000000000000000000 ) ) ;
#1145 = CARTESIAN_POINT ( 'NONE',  ( 31.19561065737937611, 9.222139904103396901, -7.192065596294378693 ) ) ;
#1146 = EDGE_CURVE ( 'NONE', #3008, #864, #1754, .T. ) ;
#1147 = VECTOR ( 'NONE', #588, 1000.000000000000000 ) ;
#1148 = ORIENTED_EDGE ( 'NONE', *, *, #706, .F. ) ;
#1149 = ORIENTED_EDGE ( 'NONE', *, *, #1, .T. ) ;
#1150 = ORIENTED_EDGE ( 'NONE', *, *, #1103, .T. ) ;
#1151 = FACE_OUTER_BOUND ( 'NONE', #1973, .T. ) ;
#1152 = CARTESIAN_POINT ( 'NONE',  ( 18.43025248002796701, -21.53631894275141434, -0.000000000000000000 ) ) ;
#1153 = LINE ( 'NONE', #1958, #1015 ) ;
#1154 = CARTESIAN_POINT ( 'NONE',  ( 112.4726552971637972, -21.00000000000078515, 0.000000000000000000 ) ) ;
#1155 = CARTESIAN_POINT ( 'NONE',  ( 20.73448119135190026, -23.00000000000014566, 1.734723475976807094E-15 ) ) ;
#1156 = CARTESIAN_POINT ( 'NONE',  ( 27.46536498627757794, -37.00000000000122924, 6.381484457228619789 ) ) ;
#1157 = CARTESIAN_POINT ( 'NONE',  ( 99.88004853125634952, -25.00000000000069988, 8.642813066825432600 ) ) ;
#1158 = CIRCLE ( 'NONE', #3228, 2.000000000000001776 ) ;
#1159 = DIRECTION ( 'NONE',  ( -6.982962677686266711E-15, -1.000000000000000000, 0.000000000000000000 ) ) ;
#1160 = CARTESIAN_POINT ( 'NONE',  ( 29.63523915486464233, -37.00000000000020606, -19.00000000000000355 ) ) ;
#1161 = ORIENTED_EDGE ( 'NONE', *, *, #3203, .F. ) ;
#1162 = CARTESIAN_POINT ( 'NONE',  ( 116.2210694644198128, -23.00000000000081002, -0.7896327910585704268 ) ) ;
#1163 = CARTESIAN_POINT ( 'NONE',  ( 32.53365493866336067, 9.484290582260495484, -10.13267606386965447 ) ) ;
#1164 = ORIENTED_EDGE ( 'NONE', *, *, #754, .T. ) ;
#1165 = EDGE_CURVE ( 'NONE', #1873, #3534, #877, .T. ) ;
#1166 = VERTEX_POINT ( 'NONE', #2597 ) ;
#1167 = EDGE_CURVE ( 'NONE', #3148, #3628, #482, .T. ) ;
#1168 = LINE ( 'NONE', #3375, #2123 ) ;
#1169 = CARTESIAN_POINT ( 'NONE',  ( 102.7871853793540708, -23.99517634081835027, -19.00000000000000000 ) ) ;
#1170 = VERTEX_POINT ( 'NONE', #3378 ) ;
#1171 = AXIS2_PLACEMENT_3D ( 'NONE', #1571, #1554, #480 ) ;
#1172 = DIRECTION ( 'NONE',  ( 1.000000000000000000, 0.000000000000000000, 0.000000000000000000 ) ) ;
#1173 = ADVANCED_FACE ( 'NONE', ( #563 ), #363, .F. ) ;
#1174 = CARTESIAN_POINT ( 'NONE',  ( 114.1714990444696411, -23.40066631689519738, 1.422975581142694068 ) ) ;
#1175 = CARTESIAN_POINT ( 'NONE',  ( 50.00000000000009948, -25.30000000000034888, -36.00000000000000711 ) ) ;
#1176 = CARTESIAN_POINT ( 'NONE',  ( -32.50200000000000244, -16.50000000000000000, 0.000000000000000000 ) ) ;
#1177 = DIRECTION ( 'NONE',  ( 0.000000000000000000, 1.000000000000000000, -0.000000000000000000 ) ) ;
#1178 = DATE_TIME_ROLE ( 'creation_date' ) ;
#1179 = CYLINDRICAL_SURFACE ( 'NONE', #680, 10.00000000000000888 ) ;
#1180 = DIRECTION ( 'NONE',  ( -0.000000000000000000, 1.000000000000000000, -0.000000000000000000 ) ) ;
#1181 = PLANE ( 'NONE',  #1419 ) ;
#1182 = CARTESIAN_POINT ( 'NONE',  ( 32.93215074380408680, 8.495435282568605473, -5.236629334011353443 ) ) ;
#1183 = ORIENTED_EDGE ( 'NONE', *, *, #2972, .F. ) ;
#1184 = DIRECTION ( 'NONE',  ( 0.000000000000000000, 0.000000000000000000, -1.000000000000000000 ) ) ;
#1185 = ORIENTED_EDGE ( 'NONE', *, *, #2342, .F. ) ;
#1186 = DIRECTION ( 'NONE',  ( 0.000000000000000000, 0.000000000000000000, 1.000000000000000000 ) ) ;
#1187 = CARTESIAN_POINT ( 'NONE',  ( 115.2370403142034974, -24.73815341230201170, 1.061056874425526431 ) ) ;
#1188 = EDGE_CURVE ( 'NONE', #2815, #942, #2430, .T. ) ;
#1189 = CARTESIAN_POINT ( 'NONE',  ( -29.49804948337018473, -0.3906666075939035365, -5.018995332589408775 ) ) ;
#1190 = EDGE_CURVE ( 'NONE', #3512, #946, #617, .T. ) ;
#1191 = CARTESIAN_POINT ( 'NONE',  ( 42.00000000000008527, -25.00000000000029132, -36.00000000000000000 ) ) ;
#1192 = AXIS2_PLACEMENT_3D ( 'NONE', #833, #871, #1132 ) ;
#1193 = CIRCLE ( 'NONE', #3444, 2.000000000000001776 ) ;
#1194 = FACE_OUTER_BOUND ( 'NONE', #591, .T. ) ;
#1195 = DIRECTION ( 'NONE',  ( -0.4694715627858859208, 0.000000000000000000, 0.8829475928589295419 ) ) ;
#1196 = CARTESIAN_POINT ( 'NONE',  ( 109.0000000000000000, 0.000000000000000000, -9.500000000000000000 ) ) ;
#1197 = AXIS2_PLACEMENT_3D ( 'NONE', #1905, #1335, #1392 ) ;
#1198 = CIRCLE ( 'NONE', #437, 10.00000000000000178 ) ;
#1199 = DIRECTION ( 'NONE',  ( -0.8933052790298479096, 6.237917423245544032E-15, -0.4494504182414400528 ) ) ;
#1200 = CARTESIAN_POINT ( 'NONE',  ( 32.28161766767711782, 3.887286688754218567, -0.8074586181210737790 ) ) ;
#1201 = ORIENTED_EDGE ( 'NONE', *, *, #1877, .T. ) ;
#1202 = CARTESIAN_POINT ( 'NONE',  ( 31.95986916869195937, -25.00000000000022382, 8.642813066825436152 ) ) ;
#1203 = ORIENTED_EDGE ( 'NONE', *, *, #1103, .F. ) ;
#1204 = CIRCLE ( 'NONE', #2974, 2.000000000000000000 ) ;
#1205 = CYLINDRICAL_SURFACE ( 'NONE', #21, 10.00000000000000178 ) ;
#1206 = APPLICATION_CONTEXT ( 'configuration controlled 3d designs of mechanical parts and assemblies' ) ;
#1207 = CYLINDRICAL_SURFACE ( 'NONE', #3211, 2.000000000000000000 ) ;
#1208 = DIRECTION ( 'NONE',  ( 1.000000000000000000, -0.000000000000000000, 0.000000000000000000 ) ) ;
#1209 = CYLINDRICAL_SURFACE ( 'NONE', #3433, 9.999999999999994671 ) ;
#1210 = ADVANCED_FACE ( 'NONE', ( #2263 ), #858, .T. ) ;
#1211 = CC_DESIGN_DATE_AND_TIME_ASSIGNMENT ( #2162, #2727, ( #376 ) ) ;
#1212 = DIRECTION ( 'NONE',  ( -0.000000000000000000, 1.000000000000000000, -0.000000000000000000 ) ) ;
#1213 = ADVANCED_FACE ( 'NONE', ( #1451 ), #1995, .F. ) ;
#1214 = CARTESIAN_POINT ( 'NONE',  ( 20.73448119135191803, -21.00000000000014211, 0.000000000000000000 ) ) ;
#1215 = DIRECTION ( 'NONE',  ( -6.982962677686267499E-15, -1.000000000000000000, 0.000000000000000000 ) ) ;
#1216 = CARTESIAN_POINT ( 'NONE',  ( -32.50200000000000244, -30.50000000000000355, -17.00000000000000000 ) ) ;
#1217 = CARTESIAN_POINT ( 'NONE',  ( -32.36124225056881443, 3.000000000000001776, -8.000000000000001776 ) ) ;
#1218 = ORIENTED_EDGE ( 'NONE', *, *, #2931, .F. ) ;
#1219 = ADVANCED_BREP_SHAPE_REPRESENTATION ( 'CSWP_18_14', ( #916, #841 ), #1140 ) ;
#1220 = CARTESIAN_POINT ( 'NONE',  ( 50.00000000000009948, -23.00000000000034817, -36.00000000000000711 ) ) ;
#1221 = ORIENTED_EDGE ( 'NONE', *, *, #2108, .T. ) ;
#1222 = EDGE_LOOP ( 'NONE', ( #713, #503, #1740, #2346 ) ) ;
#1223 = CARTESIAN_POINT ( 'NONE',  ( -8.000000000000000000, 0.000000000000000000, 18.00000000000000000 ) ) ;
#1224 = CARTESIAN_POINT ( 'NONE',  ( -29.34706118165837907, -3.000000000000001776, -7.801598991582532783 ) ) ;
#1225 = AXIS2_PLACEMENT_3D ( 'NONE', #3122, #1580, #217 ) ;
#1226 = CARTESIAN_POINT ( 'NONE',  ( 19.73548459004047473, -23.61601906811724305, -2.283411655303509295E-12 ) ) ;
#1227 = DIRECTION ( 'NONE',  ( 1.000000000000000000, -6.938893903907222856E-15, 1.203706215242022408E-29 ) ) ;
#1228 = CIRCLE ( 'NONE', #1578, 4.199999999999994849 ) ;
#1229 = DIRECTION ( 'NONE',  ( 0.000000000000000000, -1.000000000000000000, -1.224646799147353207E-16 ) ) ;
#1230 = ADVANCED_FACE ( 'NONE', ( #918, #1194 ), #1744, .T. ) ;
#1231 = LINE ( 'NONE', #2409, #76 ) ;
#1232 = DIRECTION ( 'NONE',  ( -0.8829475928589297640, 0.000000000000000000, -0.4694715627858856433 ) ) ;
#1233 = LINE ( 'NONE', #3509, #636 ) ;
#1234 = EDGE_CURVE ( 'NONE', #3628, #2438, #2731, .T. ) ;
#1235 = LINE ( 'NONE', #3528, #2612 ) ;
#1236 = EDGE_CURVE ( 'NONE', #2173, #306, #368, .T. ) ;
#1237 = CARTESIAN_POINT ( 'NONE',  ( 103.7715505984699149, -25.00000000000072475, -20.99999999999999645 ) ) ;
#1238 = ORIENTED_EDGE ( 'NONE', *, *, #3387, .T. ) ;
#1239 = ORIENTED_EDGE ( 'NONE', *, *, #2315, .F. ) ;
#1240 = CARTESIAN_POINT ( 'NONE',  ( 109.0000000000000000, -0.000000000000000000, -19.00000000000000000 ) ) ;
#1241 = DIRECTION ( 'NONE',  ( 0.000000000000000000, 0.000000000000000000, 1.000000000000000000 ) ) ;
#1242 = CARTESIAN_POINT ( 'NONE',  ( 18.54381801533298102, -23.89761301695341800, 2.645953700434447331 ) ) ;
#1243 = PLANE ( 'NONE',  #1888 ) ;
#1244 = AXIS2_PLACEMENT_3D ( 'NONE', #773, #3335, #1895 ) ;
#1245 = CARTESIAN_POINT ( 'NONE',  ( 116.2210694644197559, -32.16843610779575613, -0.7896327910585704268 ) ) ;
#1246 = CARTESIAN_POINT ( 'NONE',  ( 99.88004853125636373, -25.30000000000069704, 8.642813066825432600 ) ) ;
#1247 = DIRECTION ( 'NONE',  ( 1.000000000000000000, -6.982962677686266711E-15, 0.000000000000000000 ) ) ;
#1248 = VERTEX_POINT ( 'NONE', #2840 ) ;
#1249 = VECTOR ( 'NONE', #2930, 1000.000000000000227 ) ;
#1250 = ORIENTED_EDGE ( 'NONE', *, *, #2800, .T. ) ;
#1251 = VECTOR ( 'NONE', #903, 1000.000000000000114 ) ;
#1252 = DIRECTION ( 'NONE',  ( -7.390110982155459394E-15, -1.000000000000000000, 0.000000000000000000 ) ) ;
#1253 = EDGE_CURVE ( 'NONE', #2703, #555, #2209, .T. ) ;
#1254 = ORIENTED_EDGE ( 'NONE', *, *, #2039, .F. ) ;
#1255 = EDGE_LOOP ( 'NONE', ( #1699, #809, #1643, #2575, #1933, #1928 ) ) ;
#1256 = VECTOR ( 'NONE', #68, 1000.000000000000000 ) ;
#1257 = DIRECTION ( 'NONE',  ( -0.000000000000000000, 1.000000000000000000, -0.000000000000000000 ) ) ;
#1258 = CARTESIAN_POINT ( 'NONE',  ( 109.0000000000000000, 6.123233995736752477E-16, -4.500000000000010658 ) ) ;
#1259 = VECTOR ( 'NONE', #2002, 1000.000000000000000 ) ;
#1260 = CYLINDRICAL_SURFACE ( 'NONE', #2861, 2.000000000000001776 ) ;
#1261 = DIRECTION ( 'NONE',  ( -6.982962677686267499E-15, -1.000000000000000000, 0.000000000000000000 ) ) ;
#1262 = CIRCLE ( 'NONE', #3339, 2.000000000000000000 ) ;
#1263 = FACE_OUTER_BOUND ( 'NONE', #1676, .T. ) ;
#1264 = CARTESIAN_POINT ( 'NONE',  ( -32.36310343577953574, 2.980105681963796105, -7.603252307450358849 ) ) ;
#1265 = CARTESIAN_POINT ( 'NONE',  ( 32.32933718202238538, 3.344332222302691005, 1.444973656942023066 ) ) ;
#1266 = DIRECTION ( 'NONE',  ( 1.000000000000000000, 0.000000000000000000, 0.000000000000000000 ) ) ;
#1267 = CARTESIAN_POINT ( 'NONE',  ( 32.80683317007800781, 3.491259499862003679, -0.000000000000000000 ) ) ;
#1268 = ORIENTED_EDGE ( 'NONE', *, *, #1970, .F. ) ;
#1269 = ORIENTED_EDGE ( 'NONE', *, *, #3656, .T. ) ;
#1270 = EDGE_CURVE ( 'NONE', #2260, #3391, #3107, .T. ) ;
#1271 = EDGE_CURVE ( 'NONE', #1526, #2893, #566, .T. ) ;
#1272 = ORIENTED_EDGE ( 'NONE', *, *, #2617, .F. ) ;
#1273 = CARTESIAN_POINT ( 'NONE',  ( 40.00000000000012079, -21.00000000000027711, -19.00000000000000000 ) ) ;
#1274 = FACE_OUTER_BOUND ( 'NONE', #2628, .T. ) ;
#1275 = CYLINDRICAL_SURFACE ( 'NONE', #2404, 1.700000000000006173 ) ;
#1276 = EDGE_CURVE ( 'NONE', #3641, #2992, #2687, .T. ) ;
#1277 = DIRECTION ( 'NONE',  ( 1.000000000000000000, 0.000000000000000000, 0.000000000000000000 ) ) ;
#1278 = DIRECTION ( 'NONE',  ( -6.982962677686266711E-15, -1.000000000000000000, 0.000000000000000000 ) ) ;
#1279 = PERSON_AND_ORGANIZATION_ROLE ( 'creator' ) ;
#1280 = AXIS2_PLACEMENT_3D ( 'NONE', #512, #1633, #2769 ) ;
#1281 = LINE ( 'NONE', #703, #822 ) ;
#1282 = DIRECTION ( 'NONE',  ( 1.000000000000000000, 0.000000000000000000, 0.000000000000000000 ) ) ;
#1283 = AXIS2_PLACEMENT_3D ( 'NONE', #2564, #454, #3007 ) ;
#1284 = FACE_OUTER_BOUND ( 'NONE', #2828, .T. ) ;
#1285 = DIRECTION ( 'NONE',  ( 1.000000000000000000, -6.938893903907232322E-15, 0.000000000000000000 ) ) ;
#1286 = ORIENTED_EDGE ( 'NONE', *, *, #1236, .F. ) ;
#1287 = DIRECTION ( 'NONE',  ( 0.000000000000000000, -1.000000000000000000, 0.000000000000000000 ) ) ;
#1288 = EDGE_LOOP ( 'NONE', ( #1508, #3551, #2046, #1221 ) ) ;
#1289 = VECTOR ( 'NONE', #1998, 1000.000000000000000 ) ;
#1290 = ORIENTED_EDGE ( 'NONE', *, *, #239, .F. ) ;
#1291 = VERTEX_POINT ( 'NONE', #1470 ) ;
#1292 = DIRECTION ( 'NONE',  ( 1.000000000000000000, -6.982962677686266711E-15, 0.000000000000000000 ) ) ;
#1293 = DIRECTION ( 'NONE',  ( 1.000000000000000000, 0.000000000000000000, -0.000000000000000000 ) ) ;
#1294 = DIRECTION ( 'NONE',  ( 0.000000000000000000, 0.000000000000000000, 1.000000000000000000 ) ) ;
#1295 = CARTESIAN_POINT ( 'NONE',  ( 19.92249718325173902, -23.46396527969520918, 3.469446951953614583E-15 ) ) ;
#1296 = DIRECTION ( 'NONE',  ( -1.000000000000000000, 0.000000000000000000, -0.000000000000000000 ) ) ;
#1297 = ADVANCED_FACE ( 'NONE', ( #2266 ), #2603, .F. ) ;
#1298 = COORDINATED_UNIVERSAL_TIME_OFFSET ( 5, 30, .AHEAD. ) ;
#1299 = EDGE_CURVE ( 'NONE', #2260, #1166, #3166, .T. ) ;
#1300 = CARTESIAN_POINT ( 'NONE',  ( -13.38458211732357128, -29.61620463548008075, 0.09284068361952370341 ) ) ;
#1301 = DIRECTION ( 'NONE',  ( 6.982962677686267499E-15, 1.000000000000000000, -0.000000000000000000 ) ) ;
#1302 = CARTESIAN_POINT ( 'NONE',  ( -32.39570790602892458, -2.603847753341604232, -6.497205816193124761 ) ) ;
#1303 = CARTESIAN_POINT ( 'NONE',  ( 19.22499121006402945, -21.22857550703720975, 1.734723475976807094E-15 ) ) ;
#1304 = VERTEX_POINT ( 'NONE', #2544 ) ;
#1305 = CARTESIAN_POINT ( 'NONE',  ( -29.34911225116906408, 2.980118240695627030, -7.603376752985921527 ) ) ;
#1306 = CARTESIAN_POINT ( 'NONE',  ( 32.16265956133216264, 4.681699439051000944, -19.87775675008838405 ) ) ;
#1307 = ORIENTED_EDGE ( 'NONE', *, *, #3640, .T. ) ;
#1308 = VECTOR ( 'NONE', #1700, 1000.000000000000000 ) ;
#1309 = VERTEX_POINT ( 'NONE', #3124 ) ;
#1310 = CC_DESIGN_APPROVAL ( #3117, ( #939 ) ) ;
#1311 = VERTEX_POINT ( 'NONE', #638 ) ;
#1312 = CIRCLE ( 'NONE', #2672, 32.50000000000000000 ) ;
#1313 = CARTESIAN_POINT ( 'NONE',  ( 112.0863091636893927, -23.00000000000078515, -14.31382434750674193 ) ) ;
#1314 = CARTESIAN_POINT ( 'NONE',  ( 125.0000000000000000, -32.50000000000000000, -19.00000000000000000 ) ) ;
#1315 = DIRECTION ( 'NONE',  ( 0.000000000000000000, 0.000000000000000000, 1.000000000000000000 ) ) ;
#1316 = CARTESIAN_POINT ( 'NONE',  ( 34.50000000000000000, 0.6348777485259228248, 5.980052607615364338E-16 ) ) ;
#1317 = AXIS2_PLACEMENT_3D ( 'NONE', #1144, #553, #1980 ) ;
#1318 = ORIENTED_EDGE ( 'NONE', *, *, #2658, .T. ) ;
#1319 = DIRECTION ( 'NONE',  ( -0.000000000000000000, 1.000000000000000000, -0.000000000000000000 ) ) ;
#1320 = EDGE_CURVE ( 'NONE', #97, #1439, #3042, .T. ) ;
#1321 = PLANE ( 'NONE',  #3127 ) ;
#1322 = CARTESIAN_POINT ( 'NONE',  ( -12.00000000000000178, 0.000000000000000000, 18.00000000000000000 ) ) ;
#1323 = CARTESIAN_POINT ( 'NONE',  ( 30.71445290032584197, 10.62471814599916620, -7.206273403751450424 ) ) ;
#1324 = CARTESIAN_POINT ( 'NONE',  ( 23.86976164034607351, -23.00000000000016698, 13.52792668946742083 ) ) ;
#1325 = CARTESIAN_POINT ( 'NONE',  ( 31.27588205538947008, 8.947664887559710678, -12.76210685520101684 ) ) ;
#1326 = ORIENTED_EDGE ( 'NONE', *, *, #920, .T. ) ;
#1327 = ORIENTED_EDGE ( 'NONE', *, *, #510, .T. ) ;
#1328 = ORIENTED_EDGE ( 'NONE', *, *, #1431, .T. ) ;
#1329 = CARTESIAN_POINT ( 'NONE',  ( 107.3915935358305234, -23.00000000000074962, -5.484348418917430301 ) ) ;
#1330 = DIRECTION ( 'NONE',  ( -0.000000000000000000, 1.000000000000000000, -0.000000000000000000 ) ) ;
#1331 = DIRECTION ( 'NONE',  ( 4.909756188492938262E-15, 1.000000000000000000, 1.734723475976807094E-15 ) ) ;
#1332 = B_SPLINE_CURVE_WITH_KNOTS ( 'NONE', 3,
 ( #2760, #1348, #1368, #3553 ),
 .UNSPECIFIED., .F., .F.,
 ( 4, 4 ),
 ( -8.944271915420943126E-06, 0.001447467492257165393 ),
 .UNSPECIFIED. ) ;
#1333 = CARTESIAN_POINT ( 'NONE',  ( 34.46825387795932016, 1.262204618366016051, -18.92107977987119227 ) ) ;
#1334 = CARTESIAN_POINT ( 'NONE',  ( 0.000000000000000000, 0.000000000000000000, -5.000000000000000888 ) ) ;
#1335 = DIRECTION ( 'NONE',  ( 1.387778780781445676E-16, 1.000000000000000000, -0.000000000000000000 ) ) ;
#1336 = CYLINDRICAL_SURFACE ( 'NONE', #2468, 4.999999999999988454 ) ;
#1337 = DIRECTION ( 'NONE',  ( 0.000000000000000000, 1.000000000000000000, -0.000000000000000000 ) ) ;
#1338 = CARTESIAN_POINT ( 'NONE',  ( 103.7715505984698865, -30.50000000000001421, -17.00000000000000000 ) ) ;
#1339 = VECTOR ( 'NONE', #2951, 1000.000000000000000 ) ;
#1340 = CARTESIAN_POINT ( 'NONE',  ( -29.34706118165838973, 3.000000000000003553, -7.801779250171659186 ) ) ;
#1341 = EDGE_CURVE ( 'NONE', #2893, #2765, #440, .T. ) ;
#1342 = CARTESIAN_POINT ( 'NONE',  ( 32.73615864704884615, 8.999840072870812335, -12.60664349082196622 ) ) ;
#1343 = EDGE_CURVE ( 'NONE', #3332, #2815, #38, .T. ) ;
#1344 = VERTEX_POINT ( 'NONE', #3401 ) ;
#1345 = ORIENTED_EDGE ( 'NONE', *, *, #515, .F. ) ;
#1346 = VERTEX_POINT ( 'NONE', #2303 ) ;
#1347 = FACE_OUTER_BOUND ( 'NONE', #1567, .T. ) ;
#1348 = CARTESIAN_POINT ( 'NONE',  ( 103.1357056977352329, -30.84327911789614518, -19.07294462941639068 ) ) ;
#1349 = ORIENTED_EDGE ( 'NONE', *, *, #3608, .F. ) ;
#1350 = DIRECTION ( 'NONE',  ( -6.982962677686267499E-15, -1.000000000000000000, 0.000000000000000000 ) ) ;
#1351 = CARTESIAN_POINT ( 'NONE',  ( 38.00000000000026290, -2.653525817520800030E-13, -19.00000000000000000 ) ) ;
#1352 = ORIENTED_EDGE ( 'NONE', *, *, #2989, .F. ) ;
#1353 = CIRCLE ( 'NONE', #2078, 1.999999999999998446 ) ;
#1354 = DIRECTION ( 'NONE',  ( 0.000000000000000000, 0.000000000000000000, -1.000000000000000000 ) ) ;
#1355 = CARTESIAN_POINT ( 'NONE',  ( 103.7715505984700997, -7.246328648347487320E-13, -20.99999999999999645 ) ) ;
#1356 = CARTESIAN_POINT ( 'NONE',  ( 20.73448119135191092, -21.00000000000014566, 1.734723475976807094E-15 ) ) ;
#1357 = CARTESIAN_POINT ( 'NONE',  ( 31.32403240545801637, 8.667307385743587389, -2.585185480587983253 ) ) ;
#1358 = ORIENTED_EDGE ( 'NONE', *, *, #3481, .T. ) ;
#1359 = DIRECTION ( 'NONE',  ( 0.8829475928589295419, -6.165590087286833663E-15, 0.4694715627858859208 ) ) ;
#1360 = CARTESIAN_POINT ( 'NONE',  ( 31.35713960678413770, 8.546077847513638304, -16.57755376775057243 ) ) ;
#1361 = VERTEX_POINT ( 'NONE', #3418 ) ;
#1362 = ORIENTED_EDGE ( 'NONE', *, *, #122, .F. ) ;
#1363 = CIRCLE ( 'NONE', #423, 10.00000000000000178 ) ;
#1364 = CIRCLE ( 'NONE', #1487, 12.00000000000000178 ) ;
#1365 = VERTEX_POINT ( 'NONE', #1726 ) ;
#1366 = EDGE_CURVE ( 'NONE', #422, #1411, #495, .T. ) ;
#1367 = FACE_OUTER_BOUND ( 'NONE', #2294, .T. ) ;
#1368 = CARTESIAN_POINT ( 'NONE',  ( 103.4391166497227914, -31.18696361305440590, -18.91161816457522349 ) ) ;
#1369 = EDGE_LOOP ( 'NONE', ( #3483, #2835, #1250, #1694 ) ) ;
#1370 = VECTOR ( 'NONE', #3176, 999.9999999999998863 ) ;
#1371 = DIRECTION ( 'NONE',  ( -6.982962677686267499E-15, -1.000000000000000000, 0.000000000000000000 ) ) ;
#1372 = AXIS2_PLACEMENT_3D ( 'NONE', #1220, #2610, #2330 ) ;
#1373 = DIRECTION ( 'NONE',  ( 1.000000000000000000, 0.000000000000000000, 0.000000000000000000 ) ) ;
#1374 = CARTESIAN_POINT ( 'NONE',  ( 26.94902595642373555, -12.00000000000000355, -19.00000000000000000 ) ) ;
#1375 = CARTESIAN_POINT ( 'NONE',  ( 32.50161822399872591, 0.1547996083501908260, -21.00515440048230786 ) ) ;
#1376 = CARTESIAN_POINT ( 'NONE',  ( 112.0863091636893216, -32.50000000000000000, -14.31382434750672594 ) ) ;
#1377 = TOROIDAL_SURFACE ( 'NONE', #33, 7.999999999999998224, 2.000000000000000000 ) ;
#1378 = EDGE_LOOP ( 'NONE', ( #2270, #1718, #497, #2486 ) ) ;
#1379 = CYLINDRICAL_SURFACE ( 'NONE', #2328, 2.000000000000001776 ) ;
#1380 = CARTESIAN_POINT ( 'NONE',  ( 34.47723470524339717, 1.082244131316367985, -18.94346260371769120 ) ) ;
#1381 = ORIENTED_EDGE ( 'NONE', *, *, #2996, .T. ) ;
#1382 = ORIENTED_EDGE ( 'NONE', *, *, #962, .F. ) ;
#1383 = EDGE_LOOP ( 'NONE', ( #2181, #1387, #1837, #795 ) ) ;
#1384 = DIRECTION ( 'NONE',  ( 0.4999999999999979461, 0.8660254037844397068, 0.000000000000000000 ) ) ;
#1385 = CARTESIAN_POINT ( 'NONE',  ( 100.1555029498873495, -21.68695864037544752, -18.99999999999999645 ) ) ;
#1386 = ADVANCED_FACE ( 'NONE', ( #2032 ), #3179, .F. ) ;
#1387 = ORIENTED_EDGE ( 'NONE', *, *, #3229, .T. ) ;
#1388 = CARTESIAN_POINT ( 'NONE',  ( 33.26864425394616376, 7.554617401030880863, -15.29262159632742168 ) ) ;
#1389 = CARTESIAN_POINT ( 'NONE',  ( -17.67690742912229851, -23.61730178793169443, -19.00000000000000000 ) ) ;
#1390 = EDGE_CURVE ( 'NONE', #1600, #1304, #296, .T. ) ;
#1391 = EDGE_CURVE ( 'NONE', #845, #1526, #1262, .T. ) ;
#1392 = DIRECTION ( 'NONE',  ( -1.000000000000000000, 1.387778780781445676E-16, 0.000000000000000000 ) ) ;
#1393 = CARTESIAN_POINT ( 'NONE',  ( 62.00000000000000000, 0.000000000000000000, -9.500000000000000000 ) ) ;
#1394 = CYLINDRICAL_SURFACE ( 'NONE', #977, 10.00000000000000888 ) ;
#1395 = ORIENTED_EDGE ( 'NONE', *, *, #220, .F. ) ;
#1396 = DIRECTION ( 'NONE',  ( -0.000000000000000000, 1.000000000000000000, -0.000000000000000000 ) ) ;
#1397 = CARTESIAN_POINT ( 'NONE',  ( 32.74188718399120290, 8.982456470501999135, -6.391137847233937741 ) ) ;
#1398 = VECTOR ( 'NONE', #3017, 1000.000000000000000 ) ;
#1399 = VERTEX_POINT ( 'NONE', #3470 ) ;
#1400 = VERTEX_POINT ( 'NONE', #2355 ) ;
#1401 = ORIENTED_EDGE ( 'NONE', *, *, #1614, .T. ) ;
#1402 = LINE ( 'NONE', #593, #127 ) ;
#1403 = AXIS2_PLACEMENT_3D ( 'NONE', #405, #159, #2110 ) ;
#1404 = CARTESIAN_POINT ( 'NONE',  ( 101.3996913469400170, -22.21835987153732361, -18.99999999999999645 ) ) ;
#1405 = DIRECTION ( 'NONE',  ( -0.000000000000000000, 1.000000000000000000, -0.000000000000000000 ) ) ;
#1406 = DIRECTION ( 'NONE',  ( 1.000000000000000000, 0.000000000000000000, 0.000000000000000000 ) ) ;
#1407 = DIRECTION ( 'NONE',  ( 0.000000000000000000, 0.000000000000000000, 1.000000000000000000 ) ) ;
#1408 = DIRECTION ( 'NONE',  ( -6.982962677686266711E-15, -1.000000000000000000, 0.000000000000000000 ) ) ;
#1409 = EDGE_CURVE ( 'NONE', #1713, #3279, #1738, .T. ) ;
#1410 = FACE_OUTER_BOUND ( 'NONE', #145, .T. ) ;
#1411 = VERTEX_POINT ( 'NONE', #723 ) ;
#1412 = CARTESIAN_POINT ( 'NONE',  ( 27.46536498627757794, -23.00000000000019185, 8.081484457228626184 ) ) ;
#1413 = CARTESIAN_POINT ( 'NONE',  ( 31.96619471886281971, 5.976637235693248229, -2.103323222898290989 ) ) ;
#1414 = ORIENTED_EDGE ( 'NONE', *, *, #3016, .T. ) ;
#1415 = ORIENTED_EDGE ( 'NONE', *, *, #2422, .T. ) ;
#1416 = VERTEX_POINT ( 'NONE', #933 ) ;
#1417 = DIRECTION ( 'NONE',  ( 0.000000000000000000, -1.000000000000000000, 0.000000000000000000 ) ) ;
#1418 = CARTESIAN_POINT ( 'NONE',  ( 96.91429294206751877, -23.04774310948666027, -20.61264912059340659 ) ) ;
#1419 = AXIS2_PLACEMENT_3D ( 'NONE', #2326, #2037, #93 ) ;
#1420 = ORIENTED_EDGE ( 'NONE', *, *, #3434, .F. ) ;
#1421 = CARTESIAN_POINT ( 'NONE',  ( 50.00000000000009948, -23.00000000000035172, -31.80000000000000782 ) ) ;
#1422 = CARTESIAN_POINT ( 'NONE',  ( 114.7541903890699331, -21.50485444490269415, 0.000000000000000000 ) ) ;
#1423 = DIRECTION ( 'NONE',  ( 1.561251128379126385E-14, 0.000000000000000000, -1.000000000000000000 ) ) ;
#1424 = AXIS2_PLACEMENT_3D ( 'NONE', #1840, #3314, #719 ) ;
#1425 = CARTESIAN_POINT ( 'NONE',  ( 116.2210694644197559, -32.16843610779575613, -0.7896327910585704268 ) ) ;
#1426 = AXIS2_PLACEMENT_3D ( 'NONE', #2103, #186, #1315 ) ;
#1427 = AXIS2_PLACEMENT_3D ( 'NONE', #1216, #2269, #57 ) ;
#1428 = CARTESIAN_POINT ( 'NONE',  ( 0.000000000000000000, 0.000000000000000000, 18.00000000000000000 ) ) ;
#1429 = ADVANCED_FACE ( 'NONE', ( #102, #2945 ), #702, .F. ) ;
#1430 = DIRECTION ( 'NONE',  ( -1.000000000000000000, -0.000000000000000000, -0.000000000000000000 ) ) ;
#1431 = EDGE_CURVE ( 'NONE', #3497, #3630, #3541, .T. ) ;
#1432 = CARTESIAN_POINT ( 'NONE',  ( 33.28155188646996976, 2.489694890571043651, -19.00000000000000711 ) ) ;
#1433 = VECTOR ( 'NONE', #1773, 1000.000000000000000 ) ;
#1434 = ORIENTED_EDGE ( 'NONE', *, *, #189, .T. ) ;
#1435 = EDGE_CURVE ( 'NONE', #1170, #3054, #843, .T. ) ;
#1436 = DIRECTION ( 'NONE',  ( -6.982962677686267499E-15, -1.000000000000000000, 0.000000000000000000 ) ) ;
#1437 = CARTESIAN_POINT ( 'NONE',  ( 33.86405832461187515, 5.453364098719146291, -1.714875762851457930 ) ) ;
#1438 = VECTOR ( 'NONE', #2629, 999.9999999999998863 ) ;
#1439 = VERTEX_POINT ( 'NONE', #2090 ) ;
#1440 = EDGE_CURVE ( 'NONE', #3630, #3333, #2495, .T. ) ;
#1441 = ORIENTED_EDGE ( 'NONE', *, *, #804, .T. ) ;
#1442 = ORIENTED_EDGE ( 'NONE', *, *, #2708, .T. ) ;
#1443 = VECTOR ( 'NONE', #970, 1000.000000000000000 ) ;
#1444 = CYLINDRICAL_SURFACE ( 'NONE', #749, 2.000000000000000888 ) ;
#1445 = CARTESIAN_POINT ( 'NONE',  ( 103.4600226452932930, -23.89179026708036346, -18.99999999999999645 ) ) ;
#1446 = ORIENTED_EDGE ( 'NONE', *, *, #2728, .T. ) ;
#1447 = DIRECTION ( 'NONE',  ( 0.4694715627858852547, -3.257613365072781768E-15, -0.8829475928589300970 ) ) ;
#1448 = CARTESIAN_POINT ( 'NONE',  ( 113.6584465603903311, -21.10410929500860533, 0.000000000000000000 ) ) ;
#1449 = CARTESIAN_POINT ( 'NONE',  ( 99.88004853125634952, -25.00000000000069988, 16.64281306682542549 ) ) ;
#1450 = DIRECTION ( 'NONE',  ( -0.000000000000000000, 1.000000000000000000, -0.000000000000000000 ) ) ;
#1451 = FACE_OUTER_BOUND ( 'NONE', #595, .T. ) ;
#1452 = VECTOR ( 'NONE', #2568, 1000.000000000000000 ) ;
#1453 = CARTESIAN_POINT ( 'NONE',  ( 18.15577487598955742, -25.00000000000013145, 2.730247409538103298 ) ) ;
#1454 = CYLINDRICAL_SURFACE ( 'NONE', #1427, 2.000000000000000000 ) ;
#1455 = ORIENTED_EDGE ( 'NONE', *, *, #532, .T. ) ;
#1456 = EDGE_CURVE ( 'NONE', #3628, #2236, #1824, .T. ) ;
#1457 = CARTESIAN_POINT ( 'NONE',  ( 27.46536498627757794, -23.00000000000019540, 6.381484457228619789 ) ) ;
#1458 = CARTESIAN_POINT ( 'NONE',  ( 30.77236932518930246, 10.45580543524864403, -6.466395678265160818 ) ) ;
#1459 = VERTEX_POINT ( 'NONE', #2368 ) ;
#1460 = ORIENTED_EDGE ( 'NONE', *, *, #1877, .F. ) ;
#1461 = EDGE_CURVE ( 'NONE', #2024, #2466, #1793, .T. ) ;
#1462 = CARTESIAN_POINT ( 'NONE',  ( 101.7881821433758489, -22.41974264029291319, -18.99999999999999645 ) ) ;
#1463 = ADVANCED_FACE ( 'NONE', ( #986 ), #1243, .T. ) ;
#1464 = ORIENTED_EDGE ( 'NONE', *, *, #3, .F. ) ;
#1465 = CIRCLE ( 'NONE', #1862, 32.50000000000000000 ) ;
#1466 = DIRECTION ( 'NONE',  ( 1.000000000000000000, -6.938893903907226800E-15, 0.000000000000000000 ) ) ;
#1467 = CARTESIAN_POINT ( 'NONE',  ( 115.7025761185016961, -24.30688788322678917, 2.300596505321260162E-13 ) ) ;
#1468 = CARTESIAN_POINT ( 'NONE',  ( 125.0000000000000000, 0.000000000000000000, -9.500000000000000000 ) ) ;
#1469 = CARTESIAN_POINT ( 'NONE',  ( 31.95986916869197358, -23.00000000000022027, 8.642813066825436152 ) ) ;
#1470 = CARTESIAN_POINT ( 'NONE',  ( 13.99999999999998401, -32.50000000000000000, 0.000000000000000000 ) ) ;
#1471 = CARTESIAN_POINT ( 'NONE',  ( 74.00000000000001421, 0.000000000000000000, 0.000000000000000000 ) ) ;
#1472 = CIRCLE ( 'NONE', #2539, 9.500000000000000000 ) ;
#1473 = DIRECTION ( 'NONE',  ( 1.000000000000000000, -0.000000000000000000, -0.000000000000000000 ) ) ;
#1474 = FACE_OUTER_BOUND ( 'NONE', #524, .T. ) ;
#1475 = DIRECTION ( 'NONE',  ( -6.982962677686267499E-15, -1.000000000000000000, 0.000000000000000000 ) ) ;
#1476 = CARTESIAN_POINT ( 'NONE',  ( 32.21334337871078901, 4.431573805642402775, -1.069989636295146429 ) ) ;
#1477 = EDGE_LOOP ( 'NONE', ( #2255, #2115, #2631, #2925 ) ) ;
#1478 = DIRECTION ( 'NONE',  ( 1.000000000000000000, -6.938893903907222067E-15, 0.000000000000000000 ) ) ;
#1479 = EDGE_CURVE ( 'NONE', #322, #380, #434, .T. ) ;
#1480 = EDGE_LOOP ( 'NONE', ( #3306, #2397, #2155, #3089, #831 ) ) ;
#1481 = EDGE_CURVE ( 'NONE', #3373, #1071, #3448, .T. ) ;
#1482 = ADVANCED_FACE ( 'NONE', ( #3504 ), #87, .F. ) ;
#1483 = CARTESIAN_POINT ( 'NONE',  ( 50.00000000000009948, -23.00000000000035172, -36.00000000000000711 ) ) ;
#1484 = DIRECTION ( 'NONE',  ( -0.000000000000000000, 1.000000000000000000, -0.000000000000000000 ) ) ;
#1485 = CARTESIAN_POINT ( 'NONE',  ( -29.43366004336706965, -1.982146563423832886, -5.739609645969291130 ) ) ;
#1486 = AXIS2_PLACEMENT_3D ( 'NONE', #324, #2833, #2555 ) ;
#1487 = AXIS2_PLACEMENT_3D ( 'NONE', #2952, #2679, #1266 ) ;
#1488 = DIRECTION ( 'NONE',  ( 0.000000000000000000, 0.000000000000000000, -1.000000000000000000 ) ) ;
#1489 = AXIS2_PLACEMENT_3D ( 'NONE', #14, #50, #3431 ) ;
#1490 = LINE ( 'NONE', #19, #2876 ) ;
#1491 = CIRCLE ( 'NONE', #546, 1.700000000000007061 ) ;
#1492 = AXIS2_PLACEMENT_3D ( 'NONE', #3657, #2243, #947 ) ;
#1493 = CARTESIAN_POINT ( 'NONE',  ( 125.0000000000000000, 0.000000000000000000, -2.000000000000000000 ) ) ;
#1494 = CARTESIAN_POINT ( 'NONE',  ( 34.49929974264620824, -0.1815837353417305289, -0.001735561321771720428 ) ) ;
#1495 = ORIENTED_EDGE ( 'NONE', *, *, #1481, .T. ) ;
#1496 = LINE ( 'NONE', #1801, #1438 ) ;
#1497 = ORIENTED_EDGE ( 'NONE', *, *, #508, .F. ) ;
#1498 = DIRECTION ( 'NONE',  ( 1.000000000000000000, -6.938893903907222067E-15, 0.000000000000000000 ) ) ;
#1499 = EDGE_CURVE ( 'NONE', #942, #2815, #3619, .T. ) ;
#1500 = DIRECTION ( 'NONE',  ( 1.000000000000000000, -6.982962677686266711E-15, -2.043249581797112801E-16 ) ) ;
#1501 = CARTESIAN_POINT ( 'NONE',  ( 19.24449570021750588, -24.60683388789113479, 4.692444862610365125E-14 ) ) ;
#1502 = DIRECTION ( 'NONE',  ( -0.000000000000000000, -0.000000000000000000, 1.000000000000000000 ) ) ;
#1503 = EDGE_CURVE ( 'NONE', #2396, #2757, #2962, .T. ) ;
#1504 = EDGE_CURVE ( 'NONE', #3377, #845, #2651, .T. ) ;
#1505 = CARTESIAN_POINT ( 'NONE',  ( -32.47328534464037375, -1.329788896305506452, -5.303739380972712247 ) ) ;
#1506 = B_SPLINE_CURVE_WITH_KNOTS ( 'NONE', 3,
 ( #3395, #2521, #855, #1739, #1116, #834, #2874, #1972, #345, #575, #2803, #2556, #30, #1152, #944, #361 ),
 .UNSPECIFIED., .F., .F.,
 ( 4, 2, 2, 2, 2, 2, 2, 4 ),
 ( 0.000000000000000000, 0.0006426567459088874121, 0.001285313491817774824, 0.001927970237726662345, 0.002570626983635549648, 0.003213283729544437386, 0.003855940475453324690, 0.005141253967271101899 ),
 .UNSPECIFIED. ) ;
#1507 = CARTESIAN_POINT ( 'NONE',  ( 32.49003593103029175, 1.012545548532268747, -0.03539100580953629532 ) ) ;
#1508 = ORIENTED_EDGE ( 'NONE', *, *, #2206, .F. ) ;
#1509 = CARTESIAN_POINT ( 'NONE',  ( -1.387778780781445676E-14, -32.50000000000000000, 18.00000000000000000 ) ) ;
#1510 = EDGE_LOOP ( 'NONE', ( #2216, #3529, #592, #1042 ) ) ;
#1511 = DIRECTION ( 'NONE',  ( 1.000000000000000000, 0.000000000000000000, 0.000000000000000000 ) ) ;
#1512 = LINE ( 'NONE', #1721, #876 ) ;
#1513 = AXIS2_PLACEMENT_3D ( 'NONE', #3477, #2058, #3201 ) ;
#1514 = CARTESIAN_POINT ( 'NONE',  ( 18.36242212455578482, -24.17361066492243893, 2.686294016514257699 ) ) ;
#1515 = DIRECTION ( 'NONE',  ( 0.000000000000000000, 0.000000000000000000, 1.000000000000000000 ) ) ;
#1516 = VECTOR ( 'NONE', #2730, 999.9999999999998863 ) ;
#1517 = EDGE_CURVE ( 'NONE', #1304, #3172, #387, .T. ) ;
#1518 = DIRECTION ( 'NONE',  ( -0.000000000000000000, -0.000000000000000000, -1.000000000000000000 ) ) ;
#1519 = EDGE_CURVE ( 'NONE', #444, #230, #1312, .T. ) ;
#1520 = PRODUCT ( 'CSWP_18_14', 'CSWP_18_14', '', ( #2639 ) ) ;
#1521 = CARTESIAN_POINT ( 'NONE',  ( -32.43994937553836166, 1.979747552004778699, -5.737300356053867567 ) ) ;
#1522 = CARTESIAN_POINT ( 'NONE',  ( 34.50424566298675444, 0.4596730189409078404, 0.01052370957003339984 ) ) ;
#1523 = ORIENTED_EDGE ( 'NONE', *, *, #782, .F. ) ;
#1524 = ORIENTED_EDGE ( 'NONE', *, *, #3342, .T. ) ;
#1525 = DIRECTION ( 'NONE',  ( 6.982962677686266711E-15, 1.000000000000000000, -0.000000000000000000 ) ) ;
#1526 = VERTEX_POINT ( 'NONE', #3341 ) ;
#1527 = AXIS2_PLACEMENT_3D ( 'NONE', #932, #881, #310 ) ;
#1528 = VERTEX_POINT ( 'NONE', #3615 ) ;
#1529 = DIRECTION ( 'NONE',  ( 0.000000000000000000, -1.000000000000000000, 0.000000000000000000 ) ) ;
#1530 = CARTESIAN_POINT ( 'NONE',  ( 0.000000000000000000, 0.000000000000000000, 18.00000000000000000 ) ) ;
#1531 = CARTESIAN_POINT ( 'NONE',  ( -1.665334536937734811E-15, -12.00000000000000000, -19.00000000000000000 ) ) ;
#1532 = DIRECTION ( 'NONE',  ( 0.000000000000000000, -1.000000000000000000, 0.000000000000000000 ) ) ;
#1533 = APPROVAL_STATUS ( 'not_yet_approved' ) ;
#1534 = AXIS2_PLACEMENT_3D ( 'NONE', #71, #2626, #642 ) ;
#1535 = CIRCLE ( 'NONE', #3614, 1.999999999999999334 ) ;
#1536 = PLANE ( 'NONE',  #1545 ) ;
#1537 = CYLINDRICAL_SURFACE ( 'NONE', #2350, 2.000000000000001776 ) ;
#1538 = EDGE_CURVE ( 'NONE', #1346, #3012, #232, .T. ) ;
#1539 = CARTESIAN_POINT ( 'NONE',  ( -11.61472960263121479, -27.11730178793167312, 46.41984052872977173 ) ) ;
#1540 = EDGE_CURVE ( 'NONE', #793, #2280, #1780, .T. ) ;
#1541 = ORIENTED_EDGE ( 'NONE', *, *, #3050, .T. ) ;
#1542 = AXIS2_PLACEMENT_3D ( 'NONE', #1557, #2406, #450 ) ;
#1543 = VERTEX_POINT ( 'NONE', #2507 ) ;
#1544 = VECTOR ( 'NONE', #133, 999.9999999999998863 ) ;
#1545 = AXIS2_PLACEMENT_3D ( 'NONE', #452, #1825, #2109 ) ;
#1546 = CARTESIAN_POINT ( 'NONE',  ( 31.95986916869187411, -37.00000000000022027, 18.64281306682543615 ) ) ;
#1547 = EDGE_CURVE ( 'NONE', #286, #1786, #2262, .T. ) ;
#1548 = ORIENTED_EDGE ( 'NONE', *, *, #1637, .F. ) ;
#1549 = VERTEX_POINT ( 'NONE', #820 ) ;
#1550 = VERTEX_POINT ( 'NONE', #3639 ) ;
#1551 = VECTOR ( 'NONE', #1118, 1000.000000000000000 ) ;
#1552 = DIRECTION ( 'NONE',  ( -6.982962677686267499E-15, -1.000000000000000000, 0.000000000000000000 ) ) ;
#1553 = FACE_OUTER_BOUND ( 'NONE', #3132, .T. ) ;
#1554 = DIRECTION ( 'NONE',  ( 4.909756188492938262E-15, 1.000000000000000000, 1.734723475976807094E-15 ) ) ;
#1555 = CIRCLE ( 'NONE', #3039, 4.999999999999988454 ) ;
#1556 = FACE_OUTER_BOUND ( 'NONE', #2659, .T. ) ;
#1557 = CARTESIAN_POINT ( 'NONE',  ( -1.466422162314115757E-13, -20.99999999999999645, 2.000000000000000000 ) ) ;
#1558 = VECTOR ( 'NONE', #1689, 1000.000000000000000 ) ;
#1559 = DIRECTION ( 'NONE',  ( 0.000000000000000000, 1.000000000000000000, 0.000000000000000000 ) ) ;
#1560 = DIRECTION ( 'NONE',  ( -0.000000000000000000, 1.000000000000000000, -0.000000000000000000 ) ) ;
#1561 = LINE ( 'NONE', #3546, #747 ) ;
#1562 = ORIENTED_EDGE ( 'NONE', *, *, #1276, .T. ) ;
#1563 = CARTESIAN_POINT ( 'NONE',  ( -29.46205921901386660, 1.504497653193633155, -5.397189632534323600 ) ) ;
#1564 = ORIENTED_EDGE ( 'NONE', *, *, #732, .F. ) ;
#1565 = ORIENTED_EDGE ( 'NONE', *, *, #1102, .T. ) ;
#1566 = EDGE_CURVE ( 'NONE', #3514, #3012, #2204, .T. ) ;
#1567 = EDGE_LOOP ( 'NONE', ( #362, #2798, #3133, #205 ) ) ;
#1568 = ADVANCED_FACE ( 'NONE', ( #505 ), #3499, .F. ) ;
#1569 = CARTESIAN_POINT ( 'NONE',  ( 50.00000000000009948, -23.00000000000035172, -36.00000000000000711 ) ) ;
#1570 = DIRECTION ( 'NONE',  ( -0.000000000000000000, 0.000000000000000000, 1.000000000000000000 ) ) ;
#1571 = CARTESIAN_POINT ( 'NONE',  ( 16.29385685393195615, -25.00000000000012079, 2.000000000000000000 ) ) ;
#1572 = CARTESIAN_POINT ( 'NONE',  ( 19.34748666213076618, -23.26815947109067650, 2.446879113402057992 ) ) ;
#1573 = CARTESIAN_POINT ( 'NONE',  ( 50.00000000000009948, -37.00000000000139266, -36.00000000000000711 ) ) ;
#1574 = COORDINATED_UNIVERSAL_TIME_OFFSET ( 5, 30, .AHEAD. ) ;
#1575 = AXIS2_PLACEMENT_3D ( 'NONE', #236, #1067, #3620 ) ;
#1576 = CARTESIAN_POINT ( 'NONE',  ( -13.14923806619859370, -29.72144265920554673, 0.1855579479164188306 ) ) ;
#1577 = CARTESIAN_POINT ( 'NONE',  ( 42.00000000000010658, -23.00000000000029132, -20.99999999999999645 ) ) ;
#1578 = AXIS2_PLACEMENT_3D ( 'NONE', #216, #3286, #2450 ) ;
#1579 = CARTESIAN_POINT ( 'NONE',  ( -32.44894572536833977, 1.828222770292332378, -5.613416904421463904 ) ) ;
#1580 = DIRECTION ( 'NONE',  ( -0.000000000000000000, 0.000000000000000000, 1.000000000000000000 ) ) ;
#1581 = CYLINDRICAL_SURFACE ( 'NONE', #1012, 4.199999999999995737 ) ;
#1582 = CARTESIAN_POINT ( 'NONE',  ( 102.8326074728981609, -23.82842712474691282, -19.23410481428213714 ) ) ;
#1583 = ORIENTED_EDGE ( 'NONE', *, *, #3206, .F. ) ;
#1584 = VERTEX_POINT ( 'NONE', #1062 ) ;
#1585 = EDGE_LOOP ( 'NONE', ( #1562, #1349, #1679, #2956 ) ) ;
#1586 = CARTESIAN_POINT ( 'NONE',  ( 29.63523915486473825, -23.00000000000020606, -19.00000000000000355 ) ) ;
#1587 = CARTESIAN_POINT ( 'NONE',  ( 0.000000000000000000, 0.000000000000000000, -5.000000000000000000 ) ) ;
#1588 = EDGE_CURVE ( 'NONE', #2757, #3534, #3301, .T. ) ;
#1589 = CARTESIAN_POINT ( 'NONE',  ( 117.0029354999199285, -25.00000000000082068, 1.999999999999994893 ) ) ;
#1590 = ADVANCED_FACE ( 'NONE', ( #1082, #1880 ), #2446, .T. ) ;
#1591 = CARTESIAN_POINT ( 'NONE',  ( 32.87452998498291379, 8.645871995909130803, -5.550996692663249021 ) ) ;
#1592 = CARTESIAN_POINT ( 'NONE',  ( 19.59928844034016038, -23.17047714066253405, 2.376841518162384759 ) ) ;
#1593 = DIRECTION ( 'NONE',  ( 0.000000000000000000, -1.000000000000000000, 0.000000000000000000 ) ) ;
#1594 = DIRECTION ( 'NONE',  ( 1.000000000000000000, -6.938893903907222067E-15, 0.000000000000000000 ) ) ;
#1595 = DIRECTION ( 'NONE',  ( -0.000000000000000000, -0.000000000000000000, -1.000000000000000000 ) ) ;
#1596 = DIRECTION ( 'NONE',  ( 1.000000000000000000, 0.000000000000000000, 0.000000000000000000 ) ) ;
#1597 = CARTESIAN_POINT ( 'NONE',  ( 34.50000000000000000, 0.000000000000000000, 0.000000000000000000 ) ) ;
#1598 = CARTESIAN_POINT ( 'NONE',  ( 32.47644415214989522, 1.303415247532914378, -18.91536712435637568 ) ) ;
#1599 = ORIENTED_EDGE ( 'NONE', *, *, #295, .F. ) ;
#1600 = VERTEX_POINT ( 'NONE', #2224 ) ;
#1601 = VECTOR ( 'NONE', #1000, 1000.000000000000000 ) ;
#1602 = APPROVAL_PERSON_ORGANIZATION ( #2623, #3117, #3216 ) ;
#1603 = ORIENTED_EDGE ( 'NONE', *, *, #1030, .T. ) ;
#1604 = LINE ( 'NONE', #1273, #837 ) ;
#1605 = CARTESIAN_POINT ( 'NONE',  ( 74.00000000000001421, 0.000000000000000000, -9.500000000000000000 ) ) ;
#1606 = CARTESIAN_POINT ( 'NONE',  ( 29.63523915486464233, -37.00000000000020606, -19.00000000000000355 ) ) ;
#1607 = CARTESIAN_POINT ( 'NONE',  ( 34.11832315483462708, 4.236705696408067823, -18.00866370055179999 ) ) ;
#1608 = CARTESIAN_POINT ( 'NONE',  ( 18.82578227543546134, -23.60730335092666721, 2.579851169294653968 ) ) ;
#1609 = CIRCLE ( 'NONE', #1317, 2.000000000000000000 ) ;
#1610 = ORIENTED_EDGE ( 'NONE', *, *, #1765, .T. ) ;
#1611 = LINE ( 'NONE', #1374, #3253 ) ;
#1612 = EDGE_CURVE ( 'NONE', #2893, #2237, #2485, .T. ) ;
#1613 = CARTESIAN_POINT ( 'NONE',  ( 99.88004853125636373, -23.00000000000069633, 4.442813066825437751 ) ) ;
#1614 = EDGE_CURVE ( 'NONE', #1621, #2136, #429, .T. ) ;
#1615 = FACE_OUTER_BOUND ( 'NONE', #26, .T. ) ;
#1616 = CARTESIAN_POINT ( 'NONE',  ( 30.64130651540712336, 10.83329751416020414, -9.037726804395274982 ) ) ;
#1617 = ORIENTED_EDGE ( 'NONE', *, *, #3290, .T. ) ;
#1618 = DIRECTION ( 'NONE',  ( -6.938893903907222067E-15, -1.000000000000000000, 0.000000000000000000 ) ) ;
#1619 = CARTESIAN_POINT ( 'NONE',  ( 33.04377840264184130, 8.194298054106484486, -14.31683726483979235 ) ) ;
#1620 = ORIENTED_EDGE ( 'NONE', *, *, #3411, .T. ) ;
#1621 = VERTEX_POINT ( 'NONE', #467 ) ;
#1622 = ORIENTED_EDGE ( 'NONE', *, *, #2994, .T. ) ;
#1623 = AXIS2_PLACEMENT_3D ( 'NONE', #3440, #1159, #625 ) ;
#1624 = DIRECTION ( 'NONE',  ( 1.000000000000000000, -0.000000000000000000, -0.000000000000000000 ) ) ;
#1625 = CARTESIAN_POINT ( 'NONE',  ( 99.88004853125636373, -37.00000000000174083, 8.642813066825432600 ) ) ;
#1626 = CARTESIAN_POINT ( 'NONE',  ( -29.50000000000000711, 0.000000000000000000, -5.000000000000000888 ) ) ;
#1627 = ORIENTED_EDGE ( 'NONE', *, *, #1538, .T. ) ;
#1628 = CARTESIAN_POINT ( 'NONE',  ( 32.55399445879110942, 9.437396023078314045, -8.242493043542742370 ) ) ;
#1629 = DIRECTION ( 'NONE',  ( 1.000000000000000000, 0.000000000000000000, 0.000000000000000000 ) ) ;
#1630 = ORIENTED_EDGE ( 'NONE', *, *, #88, .F. ) ;
#1631 = FACE_OUTER_BOUND ( 'NONE', #2547, .T. ) ;
#1632 = DIRECTION ( 'NONE',  ( 1.000000000000000000, -0.000000000000000000, -0.000000000000000000 ) ) ;
#1633 = DIRECTION ( 'NONE',  ( 1.000000000000000000, -6.938893903907222856E-15, 0.000000000000000000 ) ) ;
#1634 = EDGE_CURVE ( 'NONE', #2396, #2250, #132, .T. ) ;
#1635 = CC_DESIGN_DATE_AND_TIME_ASSIGNMENT ( #55, #1178, ( #939 ) ) ;
#1636 = LINE ( 'NONE', #262, #2281 ) ;
#1637 = EDGE_CURVE ( 'NONE', #1365, #130, #209, .T. ) ;
#1638 = CIRCLE ( 'NONE', #931, 2.000000000000000888 ) ;
#1639 = ORIENTED_EDGE ( 'NONE', *, *, #2773, .F. ) ;
#1640 = PLANE ( 'NONE',  #2741 ) ;
#1641 = CARTESIAN_POINT ( 'NONE',  ( 32.05519551673488365, 5.486087486070167607, -17.28501310011042236 ) ) ;
#1642 = EDGE_LOOP ( 'NONE', ( #3156, #888 ) ) ;
#1643 = ORIENTED_EDGE ( 'NONE', *, *, #515, .T. ) ;
#1644 = ORIENTED_EDGE ( 'NONE', *, *, #1770, .F. ) ;
#1645 = DIRECTION ( 'NONE',  ( 1.000000000000000000, 0.000000000000000000, 0.000000000000000000 ) ) ;
#1646 = CARTESIAN_POINT ( 'NONE',  ( 103.2128017182758697, -24.59043402240392595, -18.99999999999999289 ) ) ;
#1647 = ORIENTED_EDGE ( 'NONE', *, *, #1165, .F. ) ;
#1648 = PLANE ( 'NONE',  #435 ) ;
#1649 = CARTESIAN_POINT ( 'NONE',  ( -32.50200000000000244, 0.000000000000000000, -19.00000000000000000 ) ) ;
#1650 = VERTEX_POINT ( 'NONE', #1024 ) ;
#1651 = DIRECTION ( 'NONE',  ( 1.000000000000000000, 0.000000000000000000, 0.000000000000000000 ) ) ;
#1652 = CARTESIAN_POINT ( 'NONE',  ( 0.000000000000000000, 0.000000000000000000, -5.000000000000000888 ) ) ;
#1653 = CARTESIAN_POINT ( 'NONE',  ( 31.77516339433653059, 6.834211389333757047, -0.5645546219963618606 ) ) ;
#1654 = ORIENTED_EDGE ( 'NONE', *, *, #2433, .F. ) ;
#1655 = EDGE_CURVE ( 'NONE', #3588, #1311, #904, .T. ) ;
#1656 = DIRECTION ( 'NONE',  ( -0.000000000000000000, 1.000000000000000000, -0.000000000000000000 ) ) ;
#1657 = EDGE_CURVE ( 'NONE', #2379, #946, #78, .T. ) ;
#1658 = CARTESIAN_POINT ( 'NONE',  ( 31.15505043458375667, 9.359357438777314186, -11.16373364991282102 ) ) ;
#1659 = ORIENTED_EDGE ( 'NONE', *, *, #90, .T. ) ;
#1660 = ORIENTED_EDGE ( 'NONE', *, *, #3523, .T. ) ;
#1661 = CIRCLE ( 'NONE', #710, 8.000000000000000000 ) ;
#1662 = ORIENTED_EDGE ( 'NONE', *, *, #1440, .F. ) ;
#1663 = DIRECTION ( 'NONE',  ( 1.000000000000000000, -6.982962677686266711E-15, 0.000000000000000000 ) ) ;
#1664 = CARTESIAN_POINT ( 'NONE',  ( 103.2716350687074680, -23.62095272624628706, -18.99999999999999645 ) ) ;
#1665 = ADVANCED_FACE ( 'NONE', ( #51 ), #2807, .F. ) ;
#1666 = ORIENTED_EDGE ( 'NONE', *, *, #2126, .F. ) ;
#1667 = ORGANIZATION ( 'UNSPECIFIED', 'UNSPECIFIED', '' ) ;
#1668 = AXIS2_PLACEMENT_3D ( 'NONE', #3598, #2526, #1354 ) ;
#1669 = VECTOR ( 'NONE', #1672, 1000.000000000000114 ) ;
#1670 = CARTESIAN_POINT ( 'NONE',  ( 32.92553203705797671, 8.512861346157620801, -5.271854546121865326 ) ) ;
#1671 = CIRCLE ( 'NONE', #1833, 2.000000000000001776 ) ;
#1672 = DIRECTION ( 'NONE',  ( 0.8829475928589297640, 0.000000000000000000, 0.4694715627858854212 ) ) ;
#1673 = DIRECTION ( 'NONE',  ( 0.000000000000000000, 0.000000000000000000, 1.000000000000000000 ) ) ;
#1674 = CARTESIAN_POINT ( 'NONE',  ( 103.2728945927835440, -25.00000000000072475, -19.00000000000000711 ) ) ;
#1675 = CARTESIAN_POINT ( 'NONE',  ( 107.3915935358305234, -23.00000000000074962, -5.484348418917430301 ) ) ;
#1676 = EDGE_LOOP ( 'NONE', ( #2351, #1415, #1134, #301 ) ) ;
#1677 = CARTESIAN_POINT ( 'NONE',  ( 58.99569690486218576, -1.665625042274139415E-14, -9.500000000000000000 ) ) ;
#1678 = CARTESIAN_POINT ( 'NONE',  ( 32.39830732559924797, 2.666566027051480603, -20.67274575881979004 ) ) ;
#1679 = ORIENTED_EDGE ( 'NONE', *, *, #894, .F. ) ;
#1680 = ORIENTED_EDGE ( 'NONE', *, *, #3, .T. ) ;
#1681 = ORIENTED_EDGE ( 'NONE', *, *, #1685, .T. ) ;
#1682 = CARTESIAN_POINT ( 'NONE',  ( 50.00000000000000000, 0.000000000000000000, 46.41984052872977173 ) ) ;
#1683 = CARTESIAN_POINT ( 'NONE',  ( 95.74740947181625472, -23.00000000000058265, -20.88444957254979073 ) ) ;
#1684 = ORIENTED_EDGE ( 'NONE', *, *, #3100, .T. ) ;
#1685 = EDGE_CURVE ( 'NONE', #322, #1344, #1990, .T. ) ;
#1686 = CARTESIAN_POINT ( 'NONE',  ( 20.40178424340614782, -23.00000000000014211, 2.625711954941535087 ) ) ;
#1687 = LINE ( 'NONE', #2821, #2131 ) ;
#1688 = DIRECTION ( 'NONE',  ( 1.000000000000000000, -6.938893903907232322E-15, 0.000000000000000000 ) ) ;
#1689 = DIRECTION ( 'NONE',  ( 0.000000000000000000, 0.000000000000000000, -1.000000000000000000 ) ) ;
#1690 = FACE_OUTER_BOUND ( 'NONE', #2596, .T. ) ;
#1691 = ORIENTED_EDGE ( 'NONE', *, *, #2773, .T. ) ;
#1692 = CARTESIAN_POINT ( 'NONE',  ( 99.88004853125634952, -25.00000000000069988, 18.64281306682542549 ) ) ;
#1693 = CARTESIAN_POINT ( 'NONE',  ( 31.92085818496658689, 6.218900295407146395, -2.305656370370964048 ) ) ;
#1694 = ORIENTED_EDGE ( 'NONE', *, *, #2768, .T. ) ;
#1695 = VERTEX_POINT ( 'NONE', #330 ) ;
#1696 = EDGE_LOOP ( 'NONE', ( #2312, #3450, #3547, #3022, #3511 ) ) ;
#1697 = CYLINDRICAL_SURFACE ( 'NONE', #1486, 12.00000000000000178 ) ;
#1698 = CARTESIAN_POINT ( 'NONE',  ( 102.3877835215002250, -24.31047636305710924, -19.33771700373351976 ) ) ;
#1699 = ORIENTED_EDGE ( 'NONE', *, *, #3050, .F. ) ;
#1700 = DIRECTION ( 'NONE',  ( -0.4694715627858861429, 3.278302401168887945E-15, 0.8829475928589294309 ) ) ;
#1701 = CYLINDRICAL_SURFACE ( 'NONE', #3268, 32.50000000000000000 ) ;
#1702 = EDGE_CURVE ( 'NONE', #2926, #2250, #914, .T. ) ;
#1703 = ADVANCED_FACE ( 'NONE', ( #893 ), #1701, .T. ) ;
#1704 = CARTESIAN_POINT ( 'NONE',  ( 102.8326074728981609, -25.00000000000072120, -19.23410481428213359 ) ) ;
#1705 = DIRECTION ( 'NONE',  ( -0.2978651672963605890, 0.9546079520470752700, 0.000000000000000000 ) ) ;
#1706 = DIRECTION ( 'NONE',  ( 1.000000000000000000, -0.000000000000000000, -0.000000000000000000 ) ) ;
#1707 = CARTESIAN_POINT ( 'NONE',  ( 42.00000000000009948, -23.00000000000029132, -36.00000000000000000 ) ) ;
#1708 = DIRECTION ( 'NONE',  ( 1.000000000000000000, -6.938893903907226800E-15, 0.000000000000000000 ) ) ;
#1709 = ORIENTED_EDGE ( 'NONE', *, *, #82, .F. ) ;
#1710 = DIRECTION ( 'NONE',  ( 1.000000000000000000, 0.000000000000000000, 0.000000000000000000 ) ) ;
#1711 = CARTESIAN_POINT ( 'NONE',  ( 33.41663027602919556, 7.100809616474732522, -3.158220757290271852 ) ) ;
#1712 = ORIENTED_EDGE ( 'NONE', *, *, #962, .T. ) ;
#1713 = VERTEX_POINT ( 'NONE', #2029 ) ;
#1714 = ORIENTED_EDGE ( 'NONE', *, *, #2593, .T. ) ;
#1715 = FACE_BOUND ( 'NONE', #204, .T. ) ;
#1716 = CARTESIAN_POINT ( 'NONE',  ( 99.77313245475632186, -22.77075371335905274, -19.00000000000160227 ) ) ;
#1717 = CIRCLE ( 'NONE', #898, 4.199999999999995737 ) ;
#1718 = ORIENTED_EDGE ( 'NONE', *, *, #2335, .T. ) ;
#1719 = DIRECTION ( 'NONE',  ( -1.000000000000000000, 6.982962677686266711E-15, -0.000000000000000000 ) ) ;
#1720 = CARTESIAN_POINT ( 'NONE',  ( 112.8345776894660588, -23.00000000000078870, 1.877070473127991912 ) ) ;
#1721 = CARTESIAN_POINT ( 'NONE',  ( 127.0000000000000000, 0.000000000000000000, -14.49999999999998934 ) ) ;
#1722 = AXIS2_PLACEMENT_3D ( 'NONE', #2693, #1212, #1515 ) ;
#1723 = CIRCLE ( 'NONE', #134, 1.700000000000007061 ) ;
#1724 = CARTESIAN_POINT ( 'NONE',  ( 53.75577250228718640, -23.00000000000037303, -43.06358074287144433 ) ) ;
#1725 = AXIS2_PLACEMENT_3D ( 'NONE', #3005, #953, #1282 ) ;
#1726 = CARTESIAN_POINT ( 'NONE',  ( 19.81338772673506909, -23.11428775351867415, 2.312855977470766433 ) ) ;
#1727 = CARTESIAN_POINT ( 'NONE',  ( 74.00000000000001421, 0.000000000000000000, -19.00000000000000000 ) ) ;
#1728 = CARTESIAN_POINT ( 'NONE',  ( -19.18658333464899357, -26.23213715926649670, -19.00000000000000000 ) ) ;
#1729 = EDGE_CURVE ( 'NONE', #3153, #80, #1742, .T. ) ;
#1730 = VECTOR ( 'NONE', #2944, 1000.000000000000000 ) ;
#1731 = ORIENTED_EDGE ( 'NONE', *, *, #3070, .T. ) ;
#1732 = EDGE_CURVE ( 'NONE', #1600, #98, #1959, .T. ) ;
#1733 = LINE ( 'NONE', #2607, #2007 ) ;
#1734 = CARTESIAN_POINT ( 'NONE',  ( 32.56085943407688887, 9.420366013270923489, -10.76836549407448906 ) ) ;
#1735 = TOROIDAL_SURFACE ( 'NONE', #3397, 4.000000000000000000, 2.000000000000000000 ) ;
#1736 = ORIENTED_EDGE ( 'NONE', *, *, #1685, .F. ) ;
#1737 = ORIENTED_EDGE ( 'NONE', *, *, #3167, .F. ) ;
#1738 = CIRCLE ( 'NONE', #144, 2.000000000000001776 ) ;
#1739 = CARTESIAN_POINT ( 'NONE',  ( 16.38616848773197887, -24.14811042291443499, -0.000000000000000000 ) ) ;
#1740 = ORIENTED_EDGE ( 'NONE', *, *, #2175, .T. ) ;
#1741 = DIRECTION ( 'NONE',  ( 1.000000000000000000, 0.000000000000000000, 0.000000000000000000 ) ) ;
#1742 = LINE ( 'NONE', #65, #1370 ) ;
#1743 = CARTESIAN_POINT ( 'NONE',  ( 116.0293162417926283, -31.97310181382395555, -0.4289974304482117584 ) ) ;
#1744 = PLANE ( 'NONE',  #188 ) ;
#1745 = CARTESIAN_POINT ( 'NONE',  ( 116.7622256330053574, -32.50000000000000000, -1.992750776090337572 ) ) ;
#1746 = LINE ( 'NONE', #2324, #3053 ) ;
#1747 = FACE_OUTER_BOUND ( 'NONE', #1696, .T. ) ;
#1748 = CARTESIAN_POINT ( 'NONE',  ( 30.74143543154540481, 10.54608610083019471, -6.841393939010961489 ) ) ;
#1749 = EDGE_CURVE ( 'NONE', #2971, #3377, #1687, .T. ) ;
#1750 = VERTEX_POINT ( 'NONE', #291 ) ;
#1751 = FACE_OUTER_BOUND ( 'NONE', #3354, .T. ) ;
#1752 = VECTOR ( 'NONE', #2668, 1000.000000000000000 ) ;
#1753 = AXIS2_PLACEMENT_3D ( 'NONE', #1925, #2, #3068 ) ;
#1754 = LINE ( 'NONE', #3398, #3090 ) ;
#1755 = DIRECTION ( 'NONE',  ( 0.5150380749100577082, 0.000000000000000000, -0.8571673007021102242 ) ) ;
#1756 = CARTESIAN_POINT ( 'NONE',  ( 12.00000000000000178, 0.000000000000000000, 18.00000000000000000 ) ) ;
#1757 = DIRECTION ( 'NONE',  ( 1.000000000000000000, 0.000000000000000000, 0.000000000000000000 ) ) ;
#1758 = DIRECTION ( 'NONE',  ( -0.000000000000000000, 1.000000000000000000, -0.000000000000000000 ) ) ;
#1759 = CIRCLE ( 'NONE', #2896, 29.50000000000000711 ) ;
#1760 = DIRECTION ( 'NONE',  ( 0.000000000000000000, -1.000000000000000000, 0.000000000000000000 ) ) ;
#1761 = CARTESIAN_POINT ( 'NONE',  ( 0.000000000000000000, 0.000000000000000000, -19.00000000000000000 ) ) ;
#1762 = DIRECTION ( 'NONE',  ( 0.000000000000000000, 0.000000000000000000, -1.000000000000000000 ) ) ;
#1763 = CARTESIAN_POINT ( 'NONE',  ( 31.02304055556015783, 9.687777076650737840, -4.339077614799072613 ) ) ;
#1764 = VERTEX_POINT ( 'NONE', #1389 ) ;
#1765 = EDGE_CURVE ( 'NONE', #1979, #802, #2620, .T. ) ;
#1766 = CARTESIAN_POINT ( 'NONE',  ( 20.10994518301971823, -23.03846491168659938, 2.212128118218425588 ) ) ;
#1767 = VERTEX_POINT ( 'NONE', #878 ) ;
#1768 = ADVANCED_FACE ( 'NONE', ( #2806 ), #276, .T. ) ;
#1769 = VERTEX_POINT ( 'NONE', #2333 ) ;
#1770 = EDGE_CURVE ( 'NONE', #1113, #1411, #650, .T. ) ;
#1771 = LINE ( 'NONE', #2066, #79 ) ;
#1772 = CARTESIAN_POINT ( 'NONE',  ( -29.35672332296836373, -2.904180952398017546, -7.222826460410336935 ) ) ;
#1773 = DIRECTION ( 'NONE',  ( 4.081702296416016983E-16, -2.850237479729937575E-30, 1.000000000000000000 ) ) ;
#1774 = DIRECTION ( 'NONE',  ( 0.000000000000000000, -1.239088197126291063E-16, 1.000000000000000000 ) ) ;
#1775 = DIRECTION ( 'NONE',  ( -1.000000000000000000, 0.000000000000000000, -0.000000000000000000 ) ) ;
#1776 = AXIS2_PLACEMENT_3D ( 'NONE', #1483, #1405, #2540 ) ;
#1777 = ORIENTED_EDGE ( 'NONE', *, *, #1702, .F. ) ;
#1778 = TOROIDAL_SURFACE ( 'NONE', #2912, 14.00000000000000178, 2.000000000000000000 ) ;
#1779 = CYLINDRICAL_SURFACE ( 'NONE', #645, 2.000000000000001776 ) ;
#1780 = CIRCLE ( 'NONE', #260, 10.00000000000000888 ) ;
#1781 = CARTESIAN_POINT ( 'NONE',  ( -32.41261742401223955, 2.384138007142737603, -6.168594124408403268 ) ) ;
#1782 = FACE_OUTER_BOUND ( 'NONE', #1369, .T. ) ;
#1783 = CARTESIAN_POINT ( 'NONE',  ( 125.0000000000000000, -32.50000000000000000, -2.000000000000000000 ) ) ;
#1784 = ORIENTED_EDGE ( 'NONE', *, *, #3249, .F. ) ;
#1785 = CARTESIAN_POINT ( 'NONE',  ( 127.0000000000000000, 0.000000000000000000, -14.49999999999998934 ) ) ;
#1786 = VERTEX_POINT ( 'NONE', #2102 ) ;
#1787 = ORIENTED_EDGE ( 'NONE', *, *, #313, .F. ) ;
#1788 = CYLINDRICAL_SURFACE ( 'NONE', #190, 1.700000000000007061 ) ;
#1789 = PRODUCT_RELATED_PRODUCT_CATEGORY ( 'detail', '', ( #1520 ) ) ;
#1790 = LINE ( 'NONE', #620, #2528 ) ;
#1791 = EDGE_CURVE ( 'NONE', #2309, #2703, #1771, .T. ) ;
#1792 = CARTESIAN_POINT ( 'NONE',  ( 17.89607255481918813, -21.89075943618824027, 0.000000000000000000 ) ) ;
#1793 = LINE ( 'NONE', #2387, #1080 ) ;
#1794 = CARTESIAN_POINT ( 'NONE',  ( 20.21902714168445314, -21.00000000000014211, 1.734723475976807094E-15 ) ) ;
#1795 = CARTESIAN_POINT ( 'NONE',  ( -13.50694987637064237, -29.56062412945140494, 0.05772584719581991958 ) ) ;
#1796 = CARTESIAN_POINT ( 'NONE',  ( 14.00000000000000178, 0.000000000000000000, 2.000000000000000000 ) ) ;
#1797 = CIRCLE ( 'NONE', #213, 32.50000000000000000 ) ;
#1798 = CARTESIAN_POINT ( 'NONE',  ( -32.38811227074855736, 2.695534419284195682, -6.668547821821782406 ) ) ;
#1799 = CARTESIAN_POINT ( 'NONE',  ( 99.88004853125626425, -37.00000000000069633, 8.642813066825432600 ) ) ;
#1800 = CARTESIAN_POINT ( 'NONE',  ( 117.0029354999198858, -30.50000000000000355, 2.000000000000000000 ) ) ;
#1801 = CARTESIAN_POINT ( 'NONE',  ( 116.2210694644197275, -37.00000000000081002, -0.7896327910585704268 ) ) ;
#1802 = ORIENTED_EDGE ( 'NONE', *, *, #3016, .F. ) ;
#1803 = ORIENTED_EDGE ( 'NONE', *, *, #922, .T. ) ;
#1804 = CARTESIAN_POINT ( 'NONE',  ( 50.00000000000009948, -37.00000000000139266, -36.00000000000000711 ) ) ;
#1805 = DIRECTION ( 'NONE',  ( -0.000000000000000000, 0.000000000000000000, 1.000000000000000000 ) ) ;
#1806 = AXIS2_PLACEMENT_3D ( 'NONE', #1468, #2879, #2583 ) ;
#1807 = CARTESIAN_POINT ( 'NONE',  ( 125.0000000000000000, -30.50000000000000000, -17.00000000000000000 ) ) ;
#1808 = EDGE_CURVE ( 'NONE', #1361, #535, #3325, .T. ) ;
#1809 = CARTESIAN_POINT ( 'NONE',  ( 125.0000000000000000, -30.50000000000000355, -2.000000000000000000 ) ) ;
#1810 = EDGE_CURVE ( 'NONE', #3202, #1528, #2958, .T. ) ;
#1811 = CARTESIAN_POINT ( 'NONE',  ( 115.2370403142020621, -25.00000000000080291, 1.061056874428222940 ) ) ;
#1812 = CARTESIAN_POINT ( 'NONE',  ( 29.50000000000000711, 0.000000000000000000, -5.000000000000000888 ) ) ;
#1813 = EDGE_CURVE ( 'NONE', #3012, #322, #2133, .T. ) ;
#1814 = CARTESIAN_POINT ( 'NONE',  ( 50.00000000000000000, -12.00000000000000711, -19.00000000000000000 ) ) ;
#1815 = ORIENTED_EDGE ( 'NONE', *, *, #3070, .F. ) ;
#1816 = CARTESIAN_POINT ( 'NONE',  ( 115.2370403142020479, -23.82842712474699098, 1.061056874428226937 ) ) ;
#1817 = VERTEX_POINT ( 'NONE', #3244 ) ;
#1818 = ORIENTED_EDGE ( 'NONE', *, *, #3496, .F. ) ;
#1819 = AXIS2_PLACEMENT_3D ( 'NONE', #3067, #2748, #1651 ) ;
#1820 = VERTEX_POINT ( 'NONE', #2615 ) ;
#1821 = DIRECTION ( 'NONE',  ( 6.938893903907222067E-15, 1.000000000000000000, 0.000000000000000000 ) ) ;
#1822 = DIRECTION ( 'NONE',  ( -1.000000000000000000, 5.204170427930421283E-15, 0.000000000000000000 ) ) ;
#1823 = CARTESIAN_POINT ( 'NONE',  ( 19.27795518964202159, -24.42517441045822579, 3.274104877603411069E-13 ) ) ;
#1824 = LINE ( 'NONE', #950, #2914 ) ;
#1825 = DIRECTION ( 'NONE',  ( 1.000000000000000000, 0.000000000000000000, -0.000000000000000000 ) ) ;
#1826 = DIRECTION ( 'NONE',  ( -0.000000000000000000, 0.000000000000000000, 1.000000000000000000 ) ) ;
#1827 = CARTESIAN_POINT ( 'NONE',  ( 32.44919071692633850, 1.885528381364031336, -0.1833738415574718839 ) ) ;
#1828 = EDGE_CURVE ( 'NONE', #1584, #793, #2119, .T. ) ;
#1829 = VECTOR ( 'NONE', #3544, 1000.000000000000000 ) ;
#1830 = ORIENTED_EDGE ( 'NONE', *, *, #1188, .T. ) ;
#1831 = ADVANCED_FACE ( 'NONE', ( #1274 ), #634, .F. ) ;
#1832 = AXIS2_PLACEMENT_3D ( 'NONE', #1573, #3215, #415 ) ;
#1833 = AXIS2_PLACEMENT_3D ( 'NONE', #1237, #1252, #3495 ) ;
#1834 = ADVANCED_FACE ( 'NONE', ( #1553 ), #83, .F. ) ;
#1835 = DIRECTION ( 'NONE',  ( 0.000000000000000000, 0.000000000000000000, -1.000000000000000000 ) ) ;
#1836 = ORIENTED_EDGE ( 'NONE', *, *, #3091, .F. ) ;
#1837 = ORIENTED_EDGE ( 'NONE', *, *, #3208, .T. ) ;
#1838 = EDGE_LOOP ( 'NONE', ( #2868, #3355, #338, #1056, #114, #13, #998, #2382, #2993, #9 ) ) ;
#1839 = CYLINDRICAL_SURFACE ( 'NONE', #3554, 4.199999999999994849 ) ;
#1840 = CARTESIAN_POINT ( 'NONE',  ( 74.00000000000001421, 0.000000000000000000, -9.500000000000000000 ) ) ;
#1841 = FACE_OUTER_BOUND ( 'NONE', #1984, .T. ) ;
#1842 = VECTOR ( 'NONE', #1396, 1000.000000000000000 ) ;
#1843 = CARTESIAN_POINT ( 'NONE',  ( 17.00169350373579391, -22.79522603439314921, 0.000000000000000000 ) ) ;
#1844 = DIRECTION ( 'NONE',  ( 0.000000000000000000, -0.000000000000000000, -1.000000000000000000 ) ) ;
#1845 = CARTESIAN_POINT ( 'NONE',  ( -12.01420838518288114, -30.19784243078580488, 1.725862897026286813 ) ) ;
#1846 = DIRECTION ( 'NONE',  ( 0.000000000000000000, 0.000000000000000000, 1.000000000000000000 ) ) ;
#1847 = CARTESIAN_POINT ( 'NONE',  ( -32.49820000488330152, 0.3924656303418417314, -5.019319831256596309 ) ) ;
#1848 = DIRECTION ( 'NONE',  ( -6.982962677686267499E-15, -1.000000000000000000, 0.000000000000000000 ) ) ;
#1849 = DIRECTION ( 'NONE',  ( 0.000000000000000000, -1.000000000000000000, 0.000000000000000000 ) ) ;
#1850 = EDGE_CURVE ( 'NONE', #2254, #2680, #3518, .T. ) ;
#1851 = CARTESIAN_POINT ( 'NONE',  ( 99.69234065253689892, -23.00000000000069633, -19.96556254993582868 ) ) ;
#1852 = ADVANCED_FACE ( 'NONE', ( #3225 ), #1207, .F. ) ;
#1853 = ORIENTED_EDGE ( 'NONE', *, *, #2279, .F. ) ;
#1854 = ORIENTED_EDGE ( 'NONE', *, *, #3472, .T. ) ;
#1855 = ORIENTED_EDGE ( 'NONE', *, *, #3634, .T. ) ;
#1856 = DIRECTION ( 'NONE',  ( 0.4694715627858854767, -3.278302401168883212E-15, -0.8829475928589298750 ) ) ;
#1857 = PLANE ( 'NONE',  #483 ) ;
#1858 = B_SPLINE_CURVE_WITH_KNOTS ( 'NONE', 3,
 ( #1597, #731, #146, #1267, #163, #2735, #3307, #3530 ),
 .UNSPECIFIED., .F., .F.,
 ( 4, 2, 2, 4 ),
 ( -1.949358962464726834E-05, 0.003306572570588361092, 0.004969605650694865380, 0.006632638730801370536 ),
 .UNSPECIFIED. ) ;
#1859 = DIRECTION ( 'NONE',  ( 0.000000000000000000, -0.000000000000000000, -1.000000000000000000 ) ) ;
#1860 = FACE_BOUND ( 'NONE', #267, .T. ) ;
#1861 = CARTESIAN_POINT ( 'NONE',  ( 127.0000000000000000, 0.000000000000000000, 0.000000000000000000 ) ) ;
#1862 = AXIS2_PLACEMENT_3D ( 'NONE', #210, #1859, #3245 ) ;
#1863 = CARTESIAN_POINT ( 'NONE',  ( 117.0029354999199427, -22.65685424949319682, 0.000000000000000000 ) ) ;
#1864 = CIRCLE ( 'NONE', #934, 8.000000000000000000 ) ;
#1865 = FACE_OUTER_BOUND ( 'NONE', #255, .T. ) ;
#1866 = DIRECTION ( 'NONE',  ( 1.000000000000000000, -6.938893903907234689E-15, -1.203706215242024510E-29 ) ) ;
#1867 = ORIENTED_EDGE ( 'NONE', *, *, #1253, .F. ) ;
#1868 = CARTESIAN_POINT ( 'NONE',  ( -29.50000000000000711, 0.1956834013257852667, -4.999999999999999112 ) ) ;
#1869 = CARTESIAN_POINT ( 'NONE',  ( 32.20877135261046220, 4.354026103798303460, -20.03718187619486102 ) ) ;
#1870 = EDGE_LOOP ( 'NONE', ( #225, #2553, #2762, #2592, #298 ) ) ;
#1871 = ORIENTED_EDGE ( 'NONE', *, *, #1440, .T. ) ;
#1872 = EDGE_CURVE ( 'NONE', #648, #286, #929, .T. ) ;
#1873 = VERTEX_POINT ( 'NONE', #3193 ) ;
#1874 = FACE_OUTER_BOUND ( 'NONE', #1477, .T. ) ;
#1875 = CARTESIAN_POINT ( 'NONE',  ( 62.00000000000000000, 6.123233995736752477E-16, -4.500000000000010658 ) ) ;
#1876 = DIRECTION ( 'NONE',  ( 1.000000000000000000, -8.673617379884027583E-15, 0.000000000000000000 ) ) ;
#1877 = EDGE_CURVE ( 'NONE', #3054, #1170, #2855, .T. ) ;
#1878 = ADVANCED_FACE ( 'NONE', ( #2384 ), #2352, .T. ) ;
#1879 = CARTESIAN_POINT ( 'NONE',  ( 32.73879432155185043, 8.990127542228684376, -6.413735136404949522 ) ) ;
#1880 = FACE_BOUND ( 'NONE', #2613, .T. ) ;
#1881 = CARTESIAN_POINT ( 'NONE',  ( 99.88004853125636373, -23.00000000000069633, 12.84281306682542834 ) ) ;
#1882 = DIRECTION ( 'NONE',  ( -6.982962677686266711E-15, -1.000000000000000000, 0.000000000000000000 ) ) ;
#1883 = PLANE ( 'NONE',  #1283 ) ;
#1884 = DIRECTION ( 'NONE',  ( 1.000000000000000000, -6.982962677686266711E-15, 0.000000000000000000 ) ) ;
#1885 = ORIENTED_EDGE ( 'NONE', *, *, #2710, .F. ) ;
#1886 = CARTESIAN_POINT ( 'NONE',  ( 108.7095244598455537, -37.00000000000076028, 13.33752869468429125 ) ) ;
#1887 = CARTESIAN_POINT ( 'NONE',  ( 34.14190014947318730, 4.105490277389380438, -18.07292948939481292 ) ) ;
#1888 = AXIS2_PLACEMENT_3D ( 'NONE', #2050, #400, #1774 ) ;
#1889 = EDGE_LOOP ( 'NONE', ( #1090, #2005, #3277, #2218, #1969, #3059, #649, #3224, #2434, #1610, #2786, #1327, #1117, #857, #2698, #3606, #558, #166, #2630 ) ) ;
#1890 = ORIENTED_EDGE ( 'NONE', *, *, #3389, .F. ) ;
#1891 = AXIS2_PLACEMENT_3D ( 'NONE', #981, #430, #1511 ) ;
#1892 = AXIS2_PLACEMENT_3D ( 'NONE', #2178, #2462, #2761 ) ;
#1893 = AXIS2_PLACEMENT_3D ( 'NONE', #863, #1180, #3403 ) ;
#1894 = ORIENTED_EDGE ( 'NONE', *, *, #149, .T. ) ;
#1895 = DIRECTION ( 'NONE',  ( 0.000000000000000000, 0.000000000000000000, 1.000000000000000000 ) ) ;
#1896 = DIRECTION ( 'NONE',  ( -0.4494504182414401083, 3.138495496050459844E-15, 0.8933052790298480206 ) ) ;
#1897 = FACE_OUTER_BOUND ( 'NONE', #1383, .T. ) ;
#1898 = CIRCLE ( 'NONE', #139, 1.700000000000002620 ) ;
#1899 = CARTESIAN_POINT ( 'NONE',  ( 34.37171629141751339, 2.473753014820952778, -0.3224073895391009748 ) ) ;
#1900 = DIRECTION ( 'NONE',  ( 1.000000000000000000, 0.000000000000000000, 0.000000000000000000 ) ) ;
#1901 = ADVANCED_FACE ( 'NONE', ( #667 ), #1788, .F. ) ;
#1902 = EDGE_CURVE ( 'NONE', #2349, #2753, #115, .T. ) ;
#1903 = VECTOR ( 'NONE', #1710, 1000.000000000000000 ) ;
#1904 = ORIENTED_EDGE ( 'NONE', *, *, #2359, .F. ) ;
#1905 = CARTESIAN_POINT ( 'NONE',  ( -1.665334536937734811E-15, -12.00000000000000000, 46.41984052872977173 ) ) ;
#1906 = B_SPLINE_CURVE_WITH_KNOTS ( 'NONE', 3,
 ( #1425, #1743, #2565, #37, #3162, #2302, #2880, #2862 ),
 .UNSPECIFIED., .F., .F.,
 ( 4, 2, 2, 4 ),
 ( 1.951563910473907981E-18, 0.001339833799644298820, 0.002009750699466453759, 0.002679667599288608482 ),
 .UNSPECIFIED. ) ;
#1907 = CARTESIAN_POINT ( 'NONE',  ( 95.25133272571179077, -23.00000000000066436, -20.99999999999999289 ) ) ;
#1908 = DIRECTION ( 'NONE',  ( -6.982962677686266711E-15, -1.000000000000000000, 9.884439571343138291E-32 ) ) ;
#1909 = ORIENTED_EDGE ( 'NONE', *, *, #18, .T. ) ;
#1910 = DIRECTION ( 'NONE',  ( 1.000000000000000000, 0.000000000000000000, 0.000000000000000000 ) ) ;
#1911 = CARTESIAN_POINT ( 'NONE',  ( 31.21631830517489448, 9.152070075688236273, -12.13547700630121362 ) ) ;
#1912 = ORIENTED_EDGE ( 'NONE', *, *, #3496, .T. ) ;
#1913 = ORIENTED_EDGE ( 'NONE', *, *, #2403, .T. ) ;
#1914 = ORIENTED_EDGE ( 'NONE', *, *, #688, .F. ) ;
#1915 = VECTOR ( 'NONE', #1760, 1000.000000000000000 ) ;
#1916 = DIRECTION ( 'NONE',  ( 0.000000000000000000, 0.000000000000000000, 1.000000000000000000 ) ) ;
#1917 = CARTESIAN_POINT ( 'NONE',  ( 102.8326074728981467, -25.00000000000071410, -19.23410481428214069 ) ) ;
#1918 = ORIENTED_EDGE ( 'NONE', *, *, #1540, .F. ) ;
#1919 = CARTESIAN_POINT ( 'NONE',  ( 32.65655293086837929, 9.192390854499720376, -11.97767026042235550 ) ) ;
#1920 = CARTESIAN_POINT ( 'NONE',  ( 42.00000000000009237, -25.00000000000029132, -20.99999999999999645 ) ) ;
#1921 = EDGE_LOOP ( 'NONE', ( #770, #1269, #3081, #1712 ) ) ;
#1922 = ADVANCED_FACE ( 'NONE', ( #3500, #966 ), #2942, .F. ) ;
#1923 = CARTESIAN_POINT ( 'NONE',  ( 117.3915935358304665, -32.50000000000000000, -5.484348418917430301 ) ) ;
#1924 = EDGE_CURVE ( 'NONE', #3288, #2777, #1723, .T. ) ;
#1925 = CARTESIAN_POINT ( 'NONE',  ( 125.0000000000000000, -30.50000000000000355, 0.000000000000000000 ) ) ;
#1926 = CARTESIAN_POINT ( 'NONE',  ( -11.61472960263121479, -27.11730178793167312, -4.999999999999997335 ) ) ;
#1927 = FACE_OUTER_BOUND ( 'NONE', #1014, .T. ) ;
#1928 = ORIENTED_EDGE ( 'NONE', *, *, #2150, .F. ) ;
#1929 = EDGE_CURVE ( 'NONE', #1550, #3332, #2320, .T. ) ;
#1930 = DIRECTION ( 'NONE',  ( 1.000000000000000000, -6.982962677686266711E-15, 0.000000000000000000 ) ) ;
#1931 = CARTESIAN_POINT ( 'NONE',  ( 32.65971196110926655, 9.184770922513056490, -12.00731944131577755 ) ) ;
#1932 = VERTEX_POINT ( 'NONE', #1098 ) ;
#1933 = ORIENTED_EDGE ( 'NONE', *, *, #1456, .T. ) ;
#1934 = ORIENTED_EDGE ( 'NONE', *, *, #1749, .F. ) ;
#1935 = DIRECTION ( 'NONE',  ( 6.982962677686266711E-15, 1.000000000000000000, -0.000000000000000000 ) ) ;
#1936 = CARTESIAN_POINT ( 'NONE',  ( 102.5554104529360728, -24.44589513350322818, -19.29867190895779316 ) ) ;
#1937 = CARTESIAN_POINT ( 'NONE',  ( 34.44920508627120626, 1.576447511452535366, -18.87355040118227123 ) ) ;
#1938 = DIRECTION ( 'NONE',  ( 0.000000000000000000, 0.000000000000000000, 1.000000000000000000 ) ) ;
#1939 = ORIENTED_EDGE ( 'NONE', *, *, #3229, .F. ) ;
#1940 = LINE ( 'NONE', #2808, #701 ) ;
#1941 = DIRECTION ( 'NONE',  ( 1.000000000000000000, 0.000000000000000000, 0.000000000000000000 ) ) ;
#1942 = DIRECTION ( 'NONE',  ( 0.000000000000000000, 0.000000000000000000, -1.000000000000000000 ) ) ;
#1943 = ORIENTED_EDGE ( 'NONE', *, *, #1810, .F. ) ;
#1944 = LINE ( 'NONE', #1412, #1842 ) ;
#1945 = ADVANCED_FACE ( 'NONE', ( #1037 ), #3261, .F. ) ;
#1946 = CARTESIAN_POINT ( 'NONE',  ( 31.53970331350463496, 7.846417509900957654, -17.43838313817830610 ) ) ;
#1947 = ADVANCED_FACE ( 'NONE', ( #2480, #3593 ), #228, .T. ) ;
#1948 = ORIENTED_EDGE ( 'NONE', *, *, #3186, .F. ) ;
#1949 = ORIENTED_EDGE ( 'NONE', *, *, #2143, .T. ) ;
#1950 = CIRCLE ( 'NONE', #2959, 10.00000000000000533 ) ;
#1951 = ORIENTED_EDGE ( 'NONE', *, *, #603, .F. ) ;
#1952 = DIRECTION ( 'NONE',  ( 1.000000000000000000, -0.000000000000000000, 0.000000000000000000 ) ) ;
#1953 = CARTESIAN_POINT ( 'NONE',  ( 101.0678097401949316, -23.70987132033469891, -19.64517655642739058 ) ) ;
#1954 = VECTOR ( 'NONE', #290, 1000.000000000000000 ) ;
#1955 = VERTEX_POINT ( 'NONE', #2706 ) ;
#1956 = CC_DESIGN_APPROVAL ( #704, ( #3386 ) ) ;
#1957 = VECTOR ( 'NONE', #3265, 1000.000000000000000 ) ;
#1958 = CARTESIAN_POINT ( 'NONE',  ( 0.000000000000000000, -32.49999999999999289, -5.000000000000000000 ) ) ;
#1959 = LINE ( 'NONE', #3452, #1669 ) ;
#1960 = FACE_OUTER_BOUND ( 'NONE', #571, .T. ) ;
#1961 = DIRECTION ( 'NONE',  ( -0.000000000000000000, 1.000000000000000000, -0.000000000000000000 ) ) ;
#1962 = DIRECTION ( 'NONE',  ( -0.4694715627858863094, 3.257613365072788867E-15, 0.8829475928589295419 ) ) ;
#1963 = ORIENTED_EDGE ( 'NONE', *, *, #1190, .F. ) ;
#1964 = DIRECTION ( 'NONE',  ( 0.000000000000000000, -1.000000000000000000, 0.000000000000000000 ) ) ;
#1965 = CARTESIAN_POINT ( 'NONE',  ( 31.68986829664575922, 7.331261175170427968, -3.417365843766979605 ) ) ;
#1966 = ORIENTED_EDGE ( 'NONE', *, *, #1540, .T. ) ;
#1967 = VERTEX_POINT ( 'NONE', #1021 ) ;
#1968 = CC_DESIGN_PERSON_AND_ORGANIZATION_ASSIGNMENT ( #3004, #987, ( #376 ) ) ;
#1969 = ORIENTED_EDGE ( 'NONE', *, *, #342, .T. ) ;
#1970 = EDGE_CURVE ( 'NONE', #3237, #2117, #2193, .T. ) ;
#1971 = FACE_OUTER_BOUND ( 'NONE', #851, .T. ) ;
#1972 = CARTESIAN_POINT ( 'NONE',  ( 16.88049829743600228, -22.97479707023795470, -0.000000000000000000 ) ) ;
#1973 = EDGE_LOOP ( 'NONE', ( #3255, #2771, #3258, #477 ) ) ;
#1974 = DIRECTION ( 'NONE',  ( 1.000000000000000000, 0.000000000000000000, 0.000000000000000000 ) ) ;
#1975 = DIRECTION ( 'NONE',  ( -0.000000000000000000, -0.000000000000000000, -1.000000000000000000 ) ) ;
#1976 = CARTESIAN_POINT ( 'NONE',  ( 54.69471562785893326, -25.00000000000038369, -44.82947592858929653 ) ) ;
#1977 = CARTESIAN_POINT ( 'NONE',  ( 20.73448119135191448, -21.00000000000014211, 2.000000000000000000 ) ) ;
#1978 = DIRECTION ( 'NONE',  ( -0.000000000000000000, -0.000000000000000000, -1.000000000000000000 ) ) ;
#1979 = VERTEX_POINT ( 'NONE', #2177 ) ;
#1980 = DIRECTION ( 'NONE',  ( 0.000000000000000000, 0.000000000000000000, 1.000000000000000000 ) ) ;
#1981 = CARTESIAN_POINT ( 'NONE',  ( 33.10310928068194869, 8.029785644988482574, -4.413646939765585309 ) ) ;
#1982 = VECTOR ( 'NONE', #807, 1000.000000000000000 ) ;
#1983 = ORIENTED_EDGE ( 'NONE', *, *, #984, .F. ) ;
#1984 = EDGE_LOOP ( 'NONE', ( #3066, #910, #2376, #3242 ) ) ;
#1985 = ORIENTED_EDGE ( 'NONE', *, *, #806, .F. ) ;
#1986 = CARTESIAN_POINT ( 'NONE',  ( 127.0000000000000000, 0.000000000000000000, -9.500000000000000000 ) ) ;
#1987 = CARTESIAN_POINT ( 'NONE',  ( 99.61505469029803805, -23.34347932075054644, -19.98356465503605506 ) ) ;
#1988 = ORIENTED_EDGE ( 'NONE', *, *, #2433, .T. ) ;
#1989 = DIRECTION ( 'NONE',  ( -8.673617379884035472E-15, 0.000000000000000000, -1.000000000000000000 ) ) ;
#1990 = LINE ( 'NONE', #838, #2796 ) ;
#1991 = EDGE_CURVE ( 'NONE', #889, #1584, #2158, .T. ) ;
#1992 = CARTESIAN_POINT ( 'NONE',  ( -29.49037268970432635, -0.7781146085165526749, -5.095943030616343350 ) ) ;
#1993 = EDGE_CURVE ( 'NONE', #961, #2096, #168, .T. ) ;
#1994 = DIRECTION ( 'NONE',  ( 6.982962677686266711E-15, 1.000000000000000000, -0.000000000000000000 ) ) ;
#1995 = PLANE ( 'NONE',  #839 ) ;
#1996 = PERSON_AND_ORGANIZATION_ROLE ( 'creator' ) ;
#1997 = CIRCLE ( 'NONE', #1819, 2.000000000000001776 ) ;
#1998 = DIRECTION ( 'NONE',  ( -6.982962677686267499E-15, -1.000000000000000000, 0.000000000000000000 ) ) ;
#1999 = LINE ( 'NONE', #1160, #1251 ) ;
#2000 = EDGE_LOOP ( 'NONE', ( #1358, #2941, #714, #1914 ) ) ;
#2001 = APPLICATION_CONTEXT ( 'configuration controlled 3d designs of mechanical parts and assemblies' ) ;
#2002 = DIRECTION ( 'NONE',  ( -0.000000000000000000, 1.000000000000000000, -0.000000000000000000 ) ) ;
#2003 = CARTESIAN_POINT ( 'NONE',  ( 31.35722558956196337, 8.552769639390897183, -2.400909338169777918 ) ) ;
#2004 = VERTEX_POINT ( 'NONE', #448 ) ;
#2005 = ORIENTED_EDGE ( 'NONE', *, *, #1504, .T. ) ;
#2006 = FACE_OUTER_BOUND ( 'NONE', #343, .T. ) ;
#2007 = VECTOR ( 'NONE', #1199, 1000.000000000000114 ) ;
#2008 = ORIENTED_EDGE ( 'NONE', *, *, #2271, .T. ) ;
#2009 = CARTESIAN_POINT ( 'NONE',  ( -32.50200000000000244, 0.000000000000000000, -9.500000000000000000 ) ) ;
#2010 = CARTESIAN_POINT ( 'NONE',  ( 113.8648520579897223, -23.25242722245094029, 1.527130421426852847 ) ) ;
#2011 = DIRECTION ( 'NONE',  ( 0.000000000000000000, 0.000000000000000000, -1.000000000000000000 ) ) ;
#2012 = AXIS2_PLACEMENT_3D ( 'NONE', #2257, #539, #3154 ) ;
#2013 = LINE ( 'NONE', #350, #1256 ) ;
#2014 = EDGE_CURVE ( 'NONE', #2309, #555, #774, .T. ) ;
#2015 = AXIS2_PLACEMENT_3D ( 'NONE', #1196, #314, #2570 ) ;
#2016 = DIRECTION ( 'NONE',  ( 0.000000000000000000, 0.000000000000000000, 1.000000000000000000 ) ) ;
#2017 = ADVANCED_FACE ( 'NONE', ( #738 ), #1857, .T. ) ;
#2018 = CALENDAR_DATE ( 2026, 5, 8 ) ;
#2019 = CARTESIAN_POINT ( 'NONE',  ( 103.7715505984698865, -30.50000000000000355, -20.99999999999999645 ) ) ;
#2020 = FACE_OUTER_BOUND ( 'NONE', #2044, .T. ) ;
#2021 = SPHERICAL_SURFACE ( 'NONE', #2549, 2.000000000000000000 ) ;
#2022 = CARTESIAN_POINT ( 'NONE',  ( 31.72360568905892819, 7.067154145128339060, -0.7756475152881379120 ) ) ;
#2023 = VECTOR ( 'NONE', #3351, 1000.000000000000000 ) ;
#2024 = VERTEX_POINT ( 'NONE', #3040 ) ;
#2025 = AXIS2_PLACEMENT_3D ( 'NONE', #3382, #1177, #2016 ) ;
#2026 = LINE ( 'NONE', #1785, #905 ) ;
#2027 = ORIENTED_EDGE ( 'NONE', *, *, #2702, .T. ) ;
#2028 = DIRECTION ( 'NONE',  ( 0.000000000000000000, 0.000000000000000000, 1.000000000000000000 ) ) ;
#2029 = CARTESIAN_POINT ( 'NONE',  ( 95.25133272571180498, -21.00000000000066080, -19.00000000000000000 ) ) ;
#2030 = DIRECTION ( 'NONE',  ( 1.000000000000000000, -0.000000000000000000, -0.000000000000000000 ) ) ;
#2031 = DIRECTION ( 'NONE',  ( 1.000000000000000000, 0.000000000000000000, 0.000000000000000000 ) ) ;
#2032 = FACE_OUTER_BOUND ( 'NONE', #3035, .T. ) ;
#2033 = CARTESIAN_POINT ( 'NONE',  ( 103.7715505984697870, -30.50000000000000355, -19.00000000000000000 ) ) ;
#2034 =( BOUNDED_CURVE ( )  B_SPLINE_CURVE ( 3, ( #158, #2695, #1863, #468 ),
 .UNSPECIFIED., .F., .F. ) 
 B_SPLINE_CURVE_WITH_KNOTS ( ( 4, 4 ),
 ( 4.712388980384689674, 6.283185307179586232 ),
 .UNSPECIFIED. ) 
 CURVE ( )  GEOMETRIC_REPRESENTATION_ITEM ( )  RATIONAL_B_SPLINE_CURVE ( ( 1.000000000000000000, 0.8047378541243649375, 0.8047378541243649375, 1.000000000000000000 ) ) 
 REPRESENTATION_ITEM ( '' )  );
#2035 = EDGE_CURVE ( 'NONE', #572, #1650, #1332, .T. ) ;
#2036 = LINE ( 'NONE', #3402, #996 ) ;
#2037 = DIRECTION ( 'NONE',  ( -6.982962677686266711E-15, -1.000000000000000000, 0.000000000000000000 ) ) ;
#2038 = CARTESIAN_POINT ( 'NONE',  ( 31.38547945995298605, 8.547827143576581577, -5.336903549980530848 ) ) ;
#2039 = EDGE_CURVE ( 'NONE', #2136, #2765, #3610, .T. ) ;
#2040 = ORIENTED_EDGE ( 'NONE', *, *, #106, .F. ) ;
#2041 = EDGE_CURVE ( 'NONE', #74, #1248, #3269, .T. ) ;
#2042 = CARTESIAN_POINT ( 'NONE',  ( 31.95986916869195937, -25.00000000000022382, 8.642813066825436152 ) ) ;
#2043 = CIRCLE ( 'NONE', #1225, 8.000000000000000000 ) ;
#2044 = EDGE_LOOP ( 'NONE', ( #2363, #1524, #3293, #2217, #709 ) ) ;
#2045 = CIRCLE ( 'NONE', #457, 29.50000000000000711 ) ;
#2046 = ORIENTED_EDGE ( 'NONE', *, *, #856, .F. ) ;
#2047 = DIRECTION ( 'NONE',  ( 1.000000000000000000, -6.938893903907222856E-15, 0.000000000000000000 ) ) ;
#2048 = CARTESIAN_POINT ( 'NONE',  ( 99.88004853125636373, -25.30000000000069704, 4.442813066825437751 ) ) ;
#2049 = DIRECTION ( 'NONE',  ( 1.000000000000000000, -6.982962677686254089E-15, 0.000000000000000000 ) ) ;
#2050 = CARTESIAN_POINT ( 'NONE',  ( -32.50000000000000000, -3.000000000000002220, -3.717264591378876149E-16 ) ) ;
#2051 = LINE ( 'NONE', #623, #192 ) ;
#2052 = VECTOR ( 'NONE', #3126, 1000.000000000000000 ) ;
#2053 = CARTESIAN_POINT ( 'NONE',  ( 74.00000000000001421, 0.000000000000000000, -9.500000000000000000 ) ) ;
#2054 = CARTESIAN_POINT ( 'NONE',  ( 73.99999999999998579, -16.50000000000000000, 0.000000000000000000 ) ) ;
#2055 = ADVANCED_FACE ( 'NONE', ( #2443 ), #2153, .F. ) ;
#2056 = CARTESIAN_POINT ( 'NONE',  ( 101.5800485312563666, -25.30000000000069704, 8.642813066825432600 ) ) ;
#2057 = CARTESIAN_POINT ( 'NONE',  ( -32.50000000000000000, -3.000000000000001776, -8.000000000000001776 ) ) ;
#2058 = DIRECTION ( 'NONE',  ( 0.000000000000000000, 0.000000000000000000, 1.000000000000000000 ) ) ;
#2059 = ORIENTED_EDGE ( 'NONE', *, *, #1343, .T. ) ;
#2060 = ADVANCED_FACE ( 'NONE', ( #2006 ), #3357, .T. ) ;
#2061 = DIRECTION ( 'NONE',  ( -0.000000000000000000, 1.000000000000000000, -0.000000000000000000 ) ) ;
#2062 = EDGE_CURVE ( 'NONE', #772, #2522, #1506, .T. ) ;
#2063 = ORIENTED_EDGE ( 'NONE', *, *, #2340, .F. ) ;
#2064 = EDGE_CURVE ( 'NONE', #244, #3374, #2891, .T. ) ;
#2065 = EDGE_LOOP ( 'NONE', ( #1966, #407, #2496, #3098, #2331, #441, #1328, #1871, #2845, #2552, #3578, #1681, #3207, #3278 ) ) ;
#2066 = CARTESIAN_POINT ( 'NONE',  ( 62.00000000000000000, 0.000000000000000000, -14.49999999999998934 ) ) ;
#2067 = CARTESIAN_POINT ( 'NONE',  ( -29.38509719425481492, -2.603461640170307234, -6.496525896167800518 ) ) ;
#2068 = CARTESIAN_POINT ( 'NONE',  ( 18.19715873472750189, -24.56983690524252140, 2.721741927940533934 ) ) ;
#2069 = CARTESIAN_POINT ( 'NONE',  ( 124.9999999999999432, -32.50000000000000000, -17.00000000000000000 ) ) ;
#2070 = PERSON_AND_ORGANIZATION_ROLE ( 'design_owner' ) ;
#2071 = VECTOR ( 'NONE', #347, 1000.000000000000000 ) ;
#2072 = AXIS2_PLACEMENT_3D ( 'NONE', #2461, #1058, #1293 ) ;
#2073 = B_SPLINE_CURVE_WITH_KNOTS ( 'NONE', 3,
 ( #3561, #724, #1845, #2653, #674, #2425, #451, #2933, #120, #689, #1576, #1300, #1795, #3197, #2918, #390 ),
 .UNSPECIFIED., .F., .F.,
 ( 4, 2, 2, 2, 2, 2, 2, 4 ),
 ( 0.000000000000000000, 0.0004091069023068263249, 0.0008182138046136526498, 0.001636427609227300963, 0.002045534511534126149, 0.002454641413840951986, 0.002863748316147777390, 0.003272855218454603227 ),
 .UNSPECIFIED. ) ;
#2074 = AXIS2_PLACEMENT_3D ( 'NONE', #463, #967, #983 ) ;
#2075 = CARTESIAN_POINT ( 'NONE',  ( 0.000000000000000000, 0.000000000000000000, 0.000000000000000000 ) ) ;
#2076 = CARTESIAN_POINT ( 'NONE',  ( -32.37521338130793680, 2.846274895883782019, -7.031811007404506597 ) ) ;
#2077 = CARTESIAN_POINT ( 'NONE',  ( 108.7095244598456389, -25.00000000000076028, 13.33752869468429303 ) ) ;
#2078 = AXIS2_PLACEMENT_3D ( 'NONE', #3123, #2602, #1705 ) ;
#2079 = DIRECTION ( 'NONE',  ( 0.000000000000000000, -1.000000000000000000, 0.000000000000000000 ) ) ;
#2080 = CARTESIAN_POINT ( 'NONE',  ( 20.73448119135190382, -23.00000000000014566, 1.999999999999999112 ) ) ;
#2081 = AXIS2_PLACEMENT_3D ( 'NONE', #2188, #494, #1618 ) ;
#2082 = ORIENTED_EDGE ( 'NONE', *, *, #3368, .T. ) ;
#2083 = ADVANCED_FACE ( 'NONE', ( #96 ), #431, .T. ) ;
#2084 = AXIS2_PLACEMENT_3D ( 'NONE', #899, #1706, #2322 ) ;
#2085 = EDGE_CURVE ( 'NONE', #1416, #2379, #2026, .T. ) ;
#2086 = ORIENTED_EDGE ( 'NONE', *, *, #1517, .F. ) ;
#2087 = CARTESIAN_POINT ( 'NONE',  ( -32.50200000000000244, -16.50000000000000000, 0.000000000000000000 ) ) ;
#2088 = CARTESIAN_POINT ( 'NONE',  ( 103.7715505984698865, -31.49511865229908381, -18.73485989862192014 ) ) ;
#2089 = CARTESIAN_POINT ( 'NONE',  ( 18.15577487635581377, -24.78573233984889157, 2.730247408604265846 ) ) ;
#2090 = CARTESIAN_POINT ( 'NONE',  ( 50.00000000000009948, -25.30000000000034888, -40.20000000000000284 ) ) ;
#2091 = CALENDAR_DATE ( 2026, 5, 8 ) ;
#2092 = CARTESIAN_POINT ( 'NONE',  ( 31.92144135842703179, 6.105045585456677415, -19.00000000000000000 ) ) ;
#2093 = TOROIDAL_SURFACE ( 'NONE', #506, 4.000000000000000000, 2.000000000000000000 ) ;
#2094 = DIRECTION ( 'NONE',  ( 0.000000000000000000, 0.000000000000000000, 1.000000000000000000 ) ) ;
#2095 = DIRECTION ( 'NONE',  ( 0.000000000000000000, -1.000000000000000000, 0.000000000000000000 ) ) ;
#2096 = VERTEX_POINT ( 'NONE', #1546 ) ;
#2097 = VERTEX_POINT ( 'NONE', #394 ) ;
#2098 = CARTESIAN_POINT ( 'NONE',  ( -17.67690742912229851, -23.61730178793169443, 46.41984052872977173 ) ) ;
#2099 = EDGE_LOOP ( 'NONE', ( #3077, #2112, #2957, #3567 ) ) ;
#2100 = ORIENTED_EDGE ( 'NONE', *, *, #274, .F. ) ;
#2101 = ORIENTED_EDGE ( 'NONE', *, *, #1791, .T. ) ;
#2102 = CARTESIAN_POINT ( 'NONE',  ( 8.000000000000000000, 9.797174393178825657E-16, -5.000000000000000888 ) ) ;
#2103 = CARTESIAN_POINT ( 'NONE',  ( 99.88004853125636373, -37.00000000000174083, 8.642813066825432600 ) ) ;
#2104 = AXIS2_PLACEMENT_3D ( 'NONE', #3298, #1331, #1822 ) ;
#2105 = CARTESIAN_POINT ( 'NONE',  ( 42.00000000000008527, -25.00000000000029132, -36.00000000000000000 ) ) ;
#2106 = DIRECTION ( 'NONE',  ( -6.938893903907222067E-15, -1.000000000000000000, -5.204170427930416550E-15 ) ) ;
#2107 = ADVANCED_FACE ( 'NONE', ( #1751 ), #3173, .T. ) ;
#2108 = EDGE_CURVE ( 'NONE', #3653, #3192, #1671, .T. ) ;
#2109 = DIRECTION ( 'NONE',  ( -0.000000000000000000, 0.000000000000000000, -1.000000000000000000 ) ) ;
#2110 = DIRECTION ( 'NONE',  ( 1.000000000000000000, -6.982962677686266711E-15, 0.000000000000000000 ) ) ;
#2111 = LINE ( 'NONE', #160, #3654 ) ;
#2112 = ORIENTED_EDGE ( 'NONE', *, *, #1234, .T. ) ;
#2113 = CARTESIAN_POINT ( 'NONE',  ( -29.34706118165838262, 3.000000000000000000, -19.00000000000000000 ) ) ;
#2114 = VERTEX_POINT ( 'NONE', #662 ) ;
#2115 = ORIENTED_EDGE ( 'NONE', *, *, #777, .F. ) ;
#2116 = AXIS2_PLACEMENT_3D ( 'NONE', #1469, #1994, #53 ) ;
#2117 = VERTEX_POINT ( 'NONE', #1509 ) ;
#2118 = CARTESIAN_POINT ( 'NONE',  ( 0.000000000000000000, 0.000000000000000000, -19.00000000000000000 ) ) ;
#2119 = LINE ( 'NONE', #2910, #1544 ) ;
#2120 = DIRECTION ( 'NONE',  ( -0.000000000000000000, 1.000000000000000000, -0.000000000000000000 ) ) ;
#2121 = CARTESIAN_POINT ( 'NONE',  ( 19.34231653739525925, -24.22313838431553989, -4.173042262835703105E-13 ) ) ;
#2122 = CARTESIAN_POINT ( 'NONE',  ( 0.000000000000000000, -30.50000000000000355, 0.000000000000000000 ) ) ;
#2123 = VECTOR ( 'NONE', #3475, 1000.000000000000000 ) ;
#2124 = EDGE_CURVE ( 'NONE', #380, #1346, #720, .T. ) ;
#2125 = CARTESIAN_POINT ( 'NONE',  ( 103.7715505984700997, -7.246328648347487320E-13, -19.00000000000000000 ) ) ;
#2126 = EDGE_CURVE ( 'NONE', #1817, #10, #1198, .T. ) ;
#2127 = LINE ( 'NONE', #990, #2709 ) ;
#2128 = CARTESIAN_POINT ( 'NONE',  ( 34.31883485483940888, 2.932722102668064768, -0.4585000224304973671 ) ) ;
#2129 = LOCAL_TIME ( 23, 52, 8.000000000000000000, #3144 ) ;
#2130 = ORIENTED_EDGE ( 'NONE', *, *, #1409, .T. ) ;
#2131 = VECTOR ( 'NONE', #2837, 1000.000000000000000 ) ;
#2132 = ORIENTED_EDGE ( 'NONE', *, *, #1499, .F. ) ;
#2133 = CIRCLE ( 'NONE', #2370, 2.000000000000001776 ) ;
#2134 = CARTESIAN_POINT ( 'NONE',  ( 95.25133272571179077, -23.00000000000066436, -20.99999999999999289 ) ) ;
#2135 = ORIENTED_EDGE ( 'NONE', *, *, #1431, .F. ) ;
#2136 = VERTEX_POINT ( 'NONE', #2362 ) ;
#2137 = ORIENTED_EDGE ( 'NONE', *, *, #3585, .T. ) ;
#2138 = DIRECTION ( 'NONE',  ( -0.000000000000000000, 1.000000000000000000, -0.000000000000000000 ) ) ;
#2139 = DIRECTION ( 'NONE',  ( -1.000000000000000000, 7.049211057200038228E-15, 2.043249581797112555E-16 ) ) ;
#2140 = CYLINDRICAL_SURFACE ( 'NONE', #1892, 2.000000000000000000 ) ;
#2141 = LINE ( 'NONE', #2961, #785 ) ;
#2142 = CARTESIAN_POINT ( 'NONE',  ( 127.0000000000000000, 0.000000000000000000, -9.500000000000000000 ) ) ;
#2143 = EDGE_CURVE ( 'NONE', #3641, #1365, #867, .T. ) ;
#2144 = FACE_OUTER_BOUND ( 'NONE', #2816, .T. ) ;
#2145 = ADVANCED_FACE ( 'NONE', ( #926 ), #3222, .F. ) ;
#2146 = EDGE_CURVE ( 'NONE', #753, #821, #3189, .T. ) ;
#2147 = CARTESIAN_POINT ( 'NONE',  ( 20.13522760158979352, -23.27500896365110350, -3.199484756936346382E-12 ) ) ;
#2148 = DIRECTION ( 'NONE',  ( -0.000000000000000000, 1.000000000000000000, -0.000000000000000000 ) ) ;
#2149 = LINE ( 'NONE', #748, #201 ) ;
#2150 = EDGE_CURVE ( 'NONE', #632, #2236, #1496, .T. ) ;
#2151 = CARTESIAN_POINT ( 'NONE',  ( 32.06292871307373815, 5.321990420520676501, -19.52396951838681360 ) ) ;
#2152 = EDGE_CURVE ( 'NONE', #682, #3645, #2378, .T. ) ;
#2153 =( BOUNDED_SURFACE ( )  B_SPLINE_SURFACE ( 3, 2, ( 
 ( #2197, #2742, #1917 ),
 ( #208, #3061, #523 ),
 ( #2502, #1646, #2780 ),
 ( #1445, #2240, #1936 ),
 ( #1664, #1169, #1698 ),
 ( #594, #271, #2278 ),
 ( #872, #305, #288 ),
 ( #1462, #3135, #1953 ),
 ( #1404, #12, #3101 ),
 ( #1385, #1716, #1987 ),
 ( #614, #2578, #2853 ),
 ( #3652, #3413, #2538 ),
 ( #2834, #3116, #2818 ),
 ( #3376, #2220, #3079 ),
 ( #61, #561, #1418 ),
 ( #1133, #326, #47 ),
 ( #817, #2595, #1683 ),
 ( #2296, #3429, #890 ) ),
 .UNSPECIFIED., .F., .F., .T. ) 
 B_SPLINE_SURFACE_WITH_KNOTS ( ( 4, 2, 2, 2, 2, 2, 2, 2, 4 ),
 ( 3, 3 ),
 ( 0.1718470409600680593, 0.2260438991167474931, 0.2802407572734269547, 0.3344376154301064163, 0.3886344735867858224, 0.4970281899001446901, 0.5241266189784844487, 0.5512250480568241517, 0.6054219062135035578 ),
 ( 0.000000000000000000, 1.000000000000000000 ),
 .UNSPECIFIED. ) 
 GEOMETRIC_REPRESENTATION_ITEM ( )  RATIONAL_B_SPLINE_SURFACE ( (
 ( 1.000000000000000000, 0.9702957262759971391, 1.000000000000000000),
 ( 1.000000000000000000, 0.9703008756600663975, 1.000000000000000000),
 ( 1.000000000000000000, 0.9686562780212731871, 1.000000000000000000),
 ( 1.000000000000000000, 0.9619476462847388332, 1.000000000000000000),
 ( 1.000000000000000000, 0.9568779878438569142, 1.000000000000000000),
 ( 1.000000000000000000, 0.9435012223003429455, 1.000000000000000000),
 ( 1.000000000000000000, 0.9351967267473926260, 1.000000000000000000),
 ( 1.000000000000000000, 0.9158598905363599663, 1.000000000000000000),
 ( 1.000000000000000000, 0.9048320859939825711, 1.000000000000000000),
 ( 1.000000000000000000, 0.8687279059828225680, 1.000000000000000000),
 ( 1.000000000000000000, 0.8406756690430505774, 1.000000000000000000),
 ( 1.000000000000000000, 0.8043323211704817011, 1.000000000000000000),
 ( 1.000000000000000000, 0.7968188842197202471, 1.000000000000000000),
 ( 1.000000000000000000, 0.7809260744525284847, 1.000000000000000000),
 ( 1.000000000000000000, 0.7726017913901150891, 1.000000000000000000),
 ( 1.000000000000000000, 0.7464814232421941309, 1.000000000000000000),
 ( 1.000000000000000000, 0.7275321694215851620, 1.000000000000000000),
 ( 1.000000000000000000, 0.7071067811863462893, 1.000000000000000000) ) ) 
 REPRESENTATION_ITEM ( '' )  SURFACE ( )  );
#2154 = EDGE_LOOP ( 'NONE', ( #393, #869, #1055, #2756 ) ) ;
#2155 = ORIENTED_EDGE ( 'NONE', *, *, #1146, .T. ) ;
#2156 = ORIENTED_EDGE ( 'NONE', *, *, #804, .F. ) ;
#2157 = DIRECTION ( 'NONE',  ( 0.000000000000000000, 0.000000000000000000, -1.000000000000000000 ) ) ;
#2158 = LINE ( 'NONE', #3633, #2733 ) ;
#2159 = CARTESIAN_POINT ( 'NONE',  ( 27.46536498627757794, -23.00000000000019185, 6.381484457228619789 ) ) ;
#2160 = CARTESIAN_POINT ( 'NONE',  ( 32.87183140683582394, 8.652875046527487513, -13.43380217895494866 ) ) ;
#2161 = DIRECTION ( 'NONE',  ( 1.000000000000000000, 0.000000000000000000, 0.000000000000000000 ) ) ;
#2162 = DATE_AND_TIME ( #2963, #2432 ) ;
#2163 = AXIS2_PLACEMENT_3D ( 'NONE', #3347, #2301, #2011 ) ;
#2164 = EDGE_LOOP ( 'NONE', ( #1731, #616, #562, #519 ) ) ;
#2165 = CARTESIAN_POINT ( 'NONE',  ( -12.00000000000000178, 0.000000000000000000, 18.00000000000000000 ) ) ;
#2166 = VECTOR ( 'NONE', #2677, 1000.000000000000000 ) ;
#2167 = CARTESIAN_POINT ( 'NONE',  ( 20.73448119135191803, -21.00000000000014211, 0.000000000000000000 ) ) ;
#2168 = FACE_OUTER_BOUND ( 'NONE', #395, .T. ) ;
#2169 = CARTESIAN_POINT ( 'NONE',  ( 31.11321012107789130, 9.394846418799483345, -3.755044143681327551 ) ) ;
#2170 = CARTESIAN_POINT ( 'NONE',  ( -29.36245677384675901, 2.846375326933575867, -7.032130035045239147 ) ) ;
#2171 = CARTESIAN_POINT ( 'NONE',  ( 31.78170088730961851, 6.907148312318369676, -16.03617931055711665 ) ) ;
#2172 = ORIENTED_EDGE ( 'NONE', *, *, #706, .T. ) ;
#2173 = VERTEX_POINT ( 'NONE', #3482 ) ;
#2174 = ORIENTED_EDGE ( 'NONE', *, *, #630, .T. ) ;
#2175 = EDGE_CURVE ( 'NONE', #1170, #1072, #2939, .T. ) ;
#2176 = DIRECTION ( 'NONE',  ( -1.000000000000000000, 6.982962677686267499E-15, 4.081702296416016983E-16 ) ) ;
#2177 = CARTESIAN_POINT ( 'NONE',  ( 31.92144135842703179, 6.105045585456679191, 0.000000000000000000 ) ) ;
#2178 = CARTESIAN_POINT ( 'NONE',  ( 0.000000000000000000, -30.50000000000000355, -2.000000000000000000 ) ) ;
#2179 = CARTESIAN_POINT ( 'NONE',  ( 34.47437675003464363, 1.256870349495422090, -0.06298416751910410061 ) ) ;
#2180 = DIRECTION ( 'NONE',  ( 1.000000000000000000, -0.000000000000000000, -0.000000000000000000 ) ) ;
#2181 = ORIENTED_EDGE ( 'NONE', *, *, #84, .F. ) ;
#2182 = CARTESIAN_POINT ( 'NONE',  ( -12.00000000000000178, -30.20347662107791464, 18.00000000000000000 ) ) ;
#2183 = DIRECTION ( 'NONE',  ( 0.000000000000000000, 0.000000000000000000, -1.000000000000000000 ) ) ;
#2184 = DIRECTION ( 'NONE',  ( 0.000000000000000000, 0.000000000000000000, -1.000000000000000000 ) ) ;
#2185 = CIRCLE ( 'NONE', #1192, 2.000000000000001776 ) ;
#2186 = CARTESIAN_POINT ( 'NONE',  ( 31.85005004467761225, 6.478329224940376108, -0.2703184756877320405 ) ) ;
#2187 = ORIENTED_EDGE ( 'NONE', *, *, #901, .F. ) ;
#2188 = CARTESIAN_POINT ( 'NONE',  ( 107.3915935358305376, -21.00000000000074607, -20.99999999999999645 ) ) ;
#2189 = CARTESIAN_POINT ( 'NONE',  ( 31.50901389369528616, 8.075477996255681745, -14.51972200869933260 ) ) ;
#2190 = AXIS2_PLACEMENT_3D ( 'NONE', #1920, #3064, #2161 ) ;
#2191 = ORIENTED_EDGE ( 'NONE', *, *, #1343, .F. ) ;
#2192 = ORIENTED_EDGE ( 'NONE', *, *, #2039, .T. ) ;
#2193 = CIRCLE ( 'NONE', #22, 32.50000000000000000 ) ;
#2194 = AXIS2_PLACEMENT_3D ( 'NONE', #2075, #2654, #2966 ) ;
#2195 = ORIENTED_EDGE ( 'NONE', *, *, #3640, .F. ) ;
#2196 = CARTESIAN_POINT ( 'NONE',  ( -13.12440550815790807, -29.73213715926647538, -19.00000000000000000 ) ) ;
#2197 = CARTESIAN_POINT ( 'NONE',  ( 103.7715505984699149, -25.00000000000071054, -18.99999999999999645 ) ) ;
#2198 = EDGE_CURVE ( 'NONE', #1459, #2260, #2567, .T. ) ;
#2199 = EDGE_LOOP ( 'NONE', ( #1951, #979, #498, #3114 ) ) ;
#2200 = EDGE_CURVE ( 'NONE', #1311, #1764, #976, .T. ) ;
#2201 = CIRCLE ( 'NONE', #3627, 29.50000000000000711 ) ;
#2202 = CARTESIAN_POINT ( 'NONE',  ( 34.37513506833833787, 2.499909635896778504, -18.68667444355285667 ) ) ;
#2203 = CC_DESIGN_APPROVAL ( #557, ( #376 ) ) ;
#2204 = LINE ( 'NONE', #800, #2369 ) ;
#2205 = VECTOR ( 'NONE', #2061, 1000.000000000000000 ) ;
#2206 = EDGE_CURVE ( 'NONE', #3279, #3192, #3536, .T. ) ;
#2207 = ORIENTED_EDGE ( 'NONE', *, *, #1391, .F. ) ;
#2208 = CARTESIAN_POINT ( 'NONE',  ( 127.0000000000000000, 0.000000000000000000, -9.500000000000000000 ) ) ;
#2209 = CIRCLE ( 'NONE', #2084, 4.999999999999988454 ) ;
#2210 = DIRECTION ( 'NONE',  ( 6.982962677686267499E-15, 1.000000000000000000, 0.000000000000000000 ) ) ;
#2211 = DIRECTION ( 'NONE',  ( -0.000000000000000000, 1.000000000000000000, -0.000000000000000000 ) ) ;
#2212 = DIRECTION ( 'NONE',  ( 0.000000000000000000, 0.000000000000000000, 1.000000000000000000 ) ) ;
#2213 = ORIENTED_EDGE ( 'NONE', *, *, #1028, .T. ) ;
#2214 = DIRECTION ( 'NONE',  ( 6.982962677686267499E-15, 1.000000000000000000, 0.000000000000000000 ) ) ;
#2215 = CARTESIAN_POINT ( 'NONE',  ( 32.93259221027793870, 8.494263958830039485, -13.76566778279832981 ) ) ;
#2216 = ORIENTED_EDGE ( 'NONE', *, *, #874, .F. ) ;
#2217 = ORIENTED_EDGE ( 'NONE', *, *, #2200, .T. ) ;
#2218 = ORIENTED_EDGE ( 'NONE', *, *, #316, .F. ) ;
#2219 = CARTESIAN_POINT ( 'NONE',  ( 3.031088913245537864, -1.749999999999991784, 46.41984052872977173 ) ) ;
#2220 = CARTESIAN_POINT ( 'NONE',  ( 97.17598263128951430, -22.71220769423262809, -18.99999999999999645 ) ) ;
#2221 = B_SPLINE_CURVE_WITH_KNOTS ( 'NONE', 3,
 ( #1039, #211, #1081, #1333, #1937, #2202, #275, #3340, #1607, #3300, #187, #2223, #3318, #541, #1388, #2445, #2463, #3359, #2160, #758, #1919, #1061, #3638, #231, #1628, #3596, #481, #1879, #740, #1591, #1670, #2242, #2744, #3612, #3002, #3019, #2484, #1099, #2523, #466, #3655, #1899, #2725, #2179, #1316, #3082 ),
 .UNSPECIFIED., .F., .F.,
 ( 4, 2, 2, 2, 2, 2, 2, 2, 2, 2, 2, 2, 2, 2, 2, 2, 2, 2, 2, 2, 2, 2, 4 ),
 ( 0.000000000000000000, 0.0009486917802040518511, 0.001897383560408103702, 0.003794767120816207404, 0.004743458901020257412, 0.005692150681224306986, 0.007589534241632411339, 0.009486917802040514824, 0.01043560958224456700, 0.01138430136244861744, 0.01328168492285671833, 0.01517906848326481921, 0.01707645204367291836, 0.01802514382387696706, 0.01897383560408101577, 0.01992252738428506448, 0.02087121916448911318, 0.02276860272489721060, 0.02466598628530531148, 0.02656336984571341236, 0.02751206162591746454, 0.02846075340612150978, 0.03035813696652961066 ),
 .UNSPECIFIED. ) ;
#2222 = ORIENTED_EDGE ( 'NONE', *, *, #2822, .F. ) ;
#2223 = CARTESIAN_POINT ( 'NONE',  ( 33.78003271490306503, 5.815267058882683138, -17.03733388056920006 ) ) ;
#2224 = CARTESIAN_POINT ( 'NONE',  ( 107.0343475234762138, -32.50000000000000000, -17.00000000000000711 ) ) ;
#2225 = VERTEX_POINT ( 'NONE', #516 ) ;
#2226 = DIRECTION ( 'NONE',  ( 0.000000000000000000, 0.000000000000000000, 1.000000000000000000 ) ) ;
#2227 = ADVANCED_FACE ( 'NONE', ( #3032 ), #1640, .T. ) ;
#2228 = DIRECTION ( 'NONE',  ( -6.982962677686266711E-15, -1.000000000000000000, 0.000000000000000000 ) ) ;
#2229 = EDGE_CURVE ( 'NONE', #3008, #1979, #1858, .T. ) ;
#2230 = CIRCLE ( 'NONE', #1513, 29.50000000000000711 ) ;
#2231 = CARTESIAN_POINT ( 'NONE',  ( 30.82929737497840250, 10.28740414473944220, -13.13412690891520285 ) ) ;
#2232 = CIRCLE ( 'NONE', #639, 2.000000000000000000 ) ;
#2233 = ORIENTED_EDGE ( 'NONE', *, *, #3562, .F. ) ;
#2234 = CARTESIAN_POINT ( 'NONE',  ( -12.00000000000000178, 0.000000000000000000, 18.00000000000000000 ) ) ;
#2235 = CARTESIAN_POINT ( 'NONE',  ( 34.19084958982483613, 3.818145967978677113, -18.20462850646885045 ) ) ;
#2236 = VERTEX_POINT ( 'NONE', #1886 ) ;
#2237 = VERTEX_POINT ( 'NONE', #202 ) ;
#2238 = EDGE_LOOP ( 'NONE', ( #1096, #1401, #3274, #1318 ) ) ;
#2239 = LINE ( 'NONE', #3134, #3262 ) ;
#2240 = CARTESIAN_POINT ( 'NONE',  ( 102.9707688016217872, -24.18997208648198338, -19.00000000000000000 ) ) ;
#2241 = ORIENTED_EDGE ( 'NONE', *, *, #1271, .F. ) ;
#2242 = CARTESIAN_POINT ( 'NONE',  ( 33.03468138100055995, 8.219228576363256877, -4.726080867091644322 ) ) ;
#2243 = DIRECTION ( 'NONE',  ( 0.000000000000000000, -1.000000000000000000, 0.000000000000000000 ) ) ;
#2244 = DIRECTION ( 'NONE',  ( -6.982962677686267499E-15, -1.000000000000000000, 0.000000000000000000 ) ) ;
#2245 = DIRECTION ( 'NONE',  ( 0.000000000000000000, 0.000000000000000000, 1.000000000000000000 ) ) ;
#2246 = ADVANCED_FACE ( 'NONE', ( #2719 ), #3603, .F. ) ;
#2247 = EDGE_CURVE ( 'NONE', #1549, #2364, #1204, .T. ) ;
#2248 = CARTESIAN_POINT ( 'NONE',  ( 30.68708723014831108, 10.70307067103255605, -7.663241559129664537 ) ) ;
#2249 = ADVANCED_FACE ( 'NONE', ( #2395 ), #2414, .F. ) ;
#2250 = VERTEX_POINT ( 'NONE', #2113 ) ;
#2251 = CARTESIAN_POINT ( 'NONE',  ( 29.50000000000000711, -3.612708057484692393E-15, -19.00000000000000000 ) ) ;
#2252 = CARTESIAN_POINT ( 'NONE',  ( 31.12791639102165675, 9.345313860560011676, -3.670748823962081797 ) ) ;
#2253 = EDGE_LOOP ( 'NONE', ( #2737, #2791, #813, #1035, #835 ) ) ;
#2254 = VERTEX_POINT ( 'NONE', #3256 ) ;
#2255 = ORIENTED_EDGE ( 'NONE', *, *, #1028, .F. ) ;
#2256 = DIRECTION ( 'NONE',  ( 0.000000000000000000, 0.000000000000000000, -1.000000000000000000 ) ) ;
#2257 = CARTESIAN_POINT ( 'NONE',  ( 111.1473660381176103, -25.00000000000077804, -12.54792916178888262 ) ) ;
#2258 = AXIS2_PLACEMENT_3D ( 'NONE', #1157, #1408, #1141 ) ;
#2259 = AXIS2_PLACEMENT_3D ( 'NONE', #185, #1330, #248 ) ;
#2260 = VERTEX_POINT ( 'NONE', #1324 ) ;
#2261 = AXIS2_PLACEMENT_3D ( 'NONE', #1530, #412, #1001 ) ;
#2262 = CIRCLE ( 'NONE', #2319, 8.000000000000000000 ) ;
#2263 = FACE_OUTER_BOUND ( 'NONE', #1480, .T. ) ;
#2264 = CARTESIAN_POINT ( 'NONE',  ( 116.4311524760343417, -22.98552408335594421, 0.000000000000000000 ) ) ;
#2265 = CARTESIAN_POINT ( 'NONE',  ( 125.0000000000000000, -30.50000000000000000, -2.000000000000000000 ) ) ;
#2266 = FACE_OUTER_BOUND ( 'NONE', #358, .T. ) ;
#2267 = CIRCLE ( 'NONE', #911, 32.50000000000000000 ) ;
#2268 = CARTESIAN_POINT ( 'NONE',  ( 0.000000000000000000, 0.000000000000000000, 46.41984052872977173 ) ) ;
#2269 = DIRECTION ( 'NONE',  ( -1.000000000000000000, 0.000000000000000000, 0.000000000000000000 ) ) ;
#2270 = ORIENTED_EDGE ( 'NONE', *, *, #3203, .T. ) ;
#2271 = EDGE_CURVE ( 'NONE', #3588, #2926, #3380, .T. ) ;
#2272 = CARTESIAN_POINT ( 'NONE',  ( 32.52696528673915566, 9.499875341062681500, -8.865608093298467551 ) ) ;
#2273 = ORIENTED_EDGE ( 'NONE', *, *, #2710, .T. ) ;
#2274 = EDGE_LOOP ( 'NONE', ( #303, #2831, #3361, #993, #1094, #49, #1272 ) ) ;
#2275 = ORIENTED_EDGE ( 'NONE', *, *, #965, .F. ) ;
#2276 = LINE ( 'NONE', #3115, #2611 ) ;
#2277 = EDGE_CURVE ( 'NONE', #3533, #80, #2436, .T. ) ;
#2278 = CARTESIAN_POINT ( 'NONE',  ( 101.9512388528807776, -24.05352903828423550, -19.43940071156989191 ) ) ;
#2279 = EDGE_CURVE ( 'NONE', #2873, #1873, #2149, .T. ) ;
#2280 = VERTEX_POINT ( 'NONE', #472 ) ;
#2281 = VECTOR ( 'NONE', #1908, 1000.000000000000000 ) ;
#2282 = CARTESIAN_POINT ( 'NONE',  ( 27.46536498627757794, -25.30000000000018900, 2.181484457228624940 ) ) ;
#2283 = CARTESIAN_POINT ( 'NONE',  ( 113.1962272297354986, -23.05205464750549638, 1.754233622394327563 ) ) ;
#2284 = LINE ( 'NONE', #1322, #2591 ) ;
#2285 = CARTESIAN_POINT ( 'NONE',  ( 38.00000000000026290, -2.653525817520800030E-13, -20.99999999999999645 ) ) ;
#2286 = DIRECTION ( 'NONE',  ( -0.000000000000000000, 1.000000000000000000, -0.000000000000000000 ) ) ;
#2287 = APPROVAL_DATE_TIME ( #119, #3117 ) ;
#2288 = DIRECTION ( 'NONE',  ( 1.224646799147353207E-16, 1.000000000000000000, -0.000000000000000000 ) ) ;
#2289 = CARTESIAN_POINT ( 'NONE',  ( 32.80684863231630288, 3.491225206669907877, -19.00000000000000355 ) ) ;
#2290 = ORIENTED_EDGE ( 'NONE', *, *, #63, .T. ) ;
#2291 = FACE_OUTER_BOUND ( 'NONE', #3484, .T. ) ;
#2292 = CARTESIAN_POINT ( 'NONE',  ( 33.04348047641353503, 8.195121385446975992, -4.684531637139166094 ) ) ;
#2293 = CIRCLE ( 'NONE', #352, 1.700000000000007061 ) ;
#2294 = EDGE_LOOP ( 'NONE', ( #629, #1894, #520, #113 ) ) ;
#2295 = ORIENTED_EDGE ( 'NONE', *, *, #1538, .F. ) ;
#2296 = CARTESIAN_POINT ( 'NONE',  ( 95.25133272570626275, -21.00000000000066791, -18.99999999999999645 ) ) ;
#2297 = ORIENTED_EDGE ( 'NONE', *, *, #1872, .F. ) ;
#2298 = EDGE_CURVE ( 'NONE', #2680, #3533, #2267, .T. ) ;
#2299 = CARTESIAN_POINT ( 'NONE',  ( 18.29385685393190286, -32.50000000000000000, 2.000000000000000000 ) ) ;
#2300 = CARTESIAN_POINT ( 'NONE',  ( 115.2567241401650335, -21.80133263378730035, 0.000000000000000000 ) ) ;
#2301 = DIRECTION ( 'NONE',  ( 1.000000000000000000, -0.000000000000000000, -0.000000000000000000 ) ) ;
#2302 = CARTESIAN_POINT ( 'NONE',  ( 115.3863405563182880, -30.81801753397645882, 0.7802639577975597485 ) ) ;
#2303 = CARTESIAN_POINT ( 'NONE',  ( 38.00000000000009237, -25.00000000000026645, -19.00000000000000000 ) ) ;
#2304 = CARTESIAN_POINT ( 'NONE',  ( 50.00000000000009948, -23.00000000000035172, -31.80000000000000782 ) ) ;
#2305 = AXIS2_PLACEMENT_3D ( 'NONE', #3579, #803, #1688 ) ;
#2306 = CARTESIAN_POINT ( 'NONE',  ( 107.3915935358305234, -23.00000000000074962, -5.484348418917430301 ) ) ;
#2307 = LINE ( 'NONE', #1586, #3613 ) ;
#2308 = CARTESIAN_POINT ( 'NONE',  ( 31.50879151521262145, 8.076361026317892211, -4.481667695997733958 ) ) ;
#2309 = VERTEX_POINT ( 'NONE', #1677 ) ;
#2310 = CARTESIAN_POINT ( 'NONE',  ( 107.3915935358304523, -32.50000000000000000, -5.484348418917430301 ) ) ;
#2311 = AXIS2_PLACEMENT_3D ( 'NONE', #2056, #1417, #269 ) ;
#2312 = ORIENTED_EDGE ( 'NONE', *, *, #2890, .T. ) ;
#2313 = LINE ( 'NONE', #1421, #375 ) ;
#2314 = CARTESIAN_POINT ( 'NONE',  ( 112.8240128162271390, -22.88065890621222920, 0.000000000000000000 ) ) ;
#2315 = EDGE_CURVE ( 'NONE', #946, #2379, #669, .T. ) ;
#2316 = EDGE_CURVE ( 'NONE', #1769, #1309, #1609, .T. ) ;
#2317 = LINE ( 'NONE', #383, #2998 ) ;
#2318 = AXIS2_PLACEMENT_3D ( 'NONE', #234, #823, #488 ) ;
#2319 = AXIS2_PLACEMENT_3D ( 'NONE', #544, #1040, #1900 ) ;
#2320 = CIRCLE ( 'NONE', #2259, 1.700000000000002620 ) ;
#2321 = CYLINDRICAL_SURFACE ( 'NONE', #530, 2.000000000000001776 ) ;
#2322 = DIRECTION ( 'NONE',  ( 0.000000000000000000, 0.000000000000000000, -1.000000000000000000 ) ) ;
#2323 = ADVANCED_FACE ( 'NONE', ( #2291 ), #1377, .T. ) ;
#2324 = CARTESIAN_POINT ( 'NONE',  ( 18.29385685393197036, -23.00000000000013145, 2.000000000000000000 ) ) ;
#2325 = CARTESIAN_POINT ( 'NONE',  ( 27.46536498627757794, -23.00000000000019185, 2.181484457228624940 ) ) ;
#2326 = CARTESIAN_POINT ( 'NONE',  ( 107.3915935358305234, -23.00000000000074962, -5.484348418917430301 ) ) ;
#2327 = CARTESIAN_POINT ( 'NONE',  ( 32.16643157633744465, 4.693206018498771392, 0.8930642596711017012 ) ) ;
#2328 = AXIS2_PLACEMENT_3D ( 'NONE', #3443, #3476, #938 ) ;
#2329 = ORIENTED_EDGE ( 'NONE', *, *, #3342, .F. ) ;
#2330 = DIRECTION ( 'NONE',  ( 1.000000000000000000, -6.938893903907232322E-15, 0.000000000000000000 ) ) ;
#2331 = ORIENTED_EDGE ( 'NONE', *, *, #1993, .T. ) ;
#2332 = EDGE_LOOP ( 'NONE', ( #658, #1622, #455, #3037, #1660, #751, #1095, #3292 ) ) ;
#2333 = CARTESIAN_POINT ( 'NONE',  ( 14.00000000000000178, 0.000000000000000000, 0.000000000000000000 ) ) ;
#2334 = CARTESIAN_POINT ( 'NONE',  ( -29.48468719492014500, -0.9674043161684662273, -5.153542217674116799 ) ) ;
#2335 = EDGE_CURVE ( 'NONE', #2364, #1932, #3646, .T. ) ;
#2336 = CARTESIAN_POINT ( 'NONE',  ( 100.2423608011998653, -21.00000000000070344, -18.99999999999999645 ) ) ;
#2337 = CARTESIAN_POINT ( 'NONE',  ( 40.00000000000010658, -23.00000000000027711, -20.99999999999999645 ) ) ;
#2338 = DIRECTION ( 'NONE',  ( -0.000000000000000000, 1.000000000000000000, -0.000000000000000000 ) ) ;
#2339 = DIRECTION ( 'NONE',  ( 0.000000000000000000, 0.000000000000000000, -1.000000000000000000 ) ) ;
#2340 = EDGE_CURVE ( 'NONE', #2753, #1399, #3405, .T. ) ;
#2341 = CARTESIAN_POINT ( 'NONE',  ( 99.88004853125636373, -25.30000000000069704, 8.642813066825432600 ) ) ;
#2342 = EDGE_CURVE ( 'NONE', #1400, #772, #3625, .T. ) ;
#2343 = DIRECTION ( 'NONE',  ( 0.4494504182414400528, 0.000000000000000000, -0.8933052790298479096 ) ) ;
#2344 = FACE_OUTER_BOUND ( 'NONE', #2510, .T. ) ;
#2345 = CARTESIAN_POINT ( 'NONE',  ( 34.41528448268830687, 2.019939813181329313, -0.2119020932846220617 ) ) ;
#2346 = ORIENTED_EDGE ( 'NONE', *, *, #3389, .T. ) ;
#2347 = DIRECTION ( 'NONE',  ( -6.938893903907222856E-15, -1.000000000000000000, 0.000000000000000000 ) ) ;
#2348 = CIRCLE ( 'NONE', #3065, 2.000000000000001776 ) ;
#2349 = VERTEX_POINT ( 'NONE', #828 ) ;
#2350 = AXIS2_PLACEMENT_3D ( 'NONE', #438, #707, #1232 ) ;
#2351 = ORIENTED_EDGE ( 'NONE', *, *, #2867, .T. ) ;
#2352 = CYLINDRICAL_SURFACE ( 'NONE', #660, 9.500000000000000000 ) ;
#2353 = CARTESIAN_POINT ( 'NONE',  ( -29.37667542177989333, -2.695676374379502249, -6.668830390798856200 ) ) ;
#2354 = CARTESIAN_POINT ( 'NONE',  ( 16.29385685723186583, -24.57146467946807533, 0.000000000000000000 ) ) ;
#2355 = CARTESIAN_POINT ( 'NONE',  ( 16.29385685393189220, -32.50000000000000000, 0.000000000000000000 ) ) ;
#2356 = DIRECTION ( 'NONE',  ( 1.000000000000000000, 0.000000000000000000, 0.000000000000000000 ) ) ;
#2357 = DIRECTION ( 'NONE',  ( 0.000000000000000000, 0.000000000000000000, 1.000000000000000000 ) ) ;
#2358 = CARTESIAN_POINT ( 'NONE',  ( -32.42163205286806260, 2.259975859516842878, -6.017143685794660968 ) ) ;
#2359 = EDGE_CURVE ( 'NONE', #1550, #942, #1944, .T. ) ;
#2360 = CARTESIAN_POINT ( 'NONE',  ( 32.36533441875808137, 3.039594733309751273, -0.4919292181389383622 ) ) ;
#2361 = EDGE_CURVE ( 'NONE', #1291, #1400, #23, .T. ) ;
#2362 = CARTESIAN_POINT ( 'NONE',  ( 125.0000000000000000, 0.000000000000000000, -19.00000000000000000 ) ) ;
#2363 = ORIENTED_EDGE ( 'NONE', *, *, #2932, .F. ) ;
#2364 = VERTEX_POINT ( 'NONE', #2550 ) ;
#2365 = DIRECTION ( 'NONE',  ( 0.000000000000000000, -1.000000000000000000, 0.000000000000000000 ) ) ;
#2366 = CARTESIAN_POINT ( 'NONE',  ( -29.36245455811927130, -2.846399879562916624, -7.032171828539405034 ) ) ;
#2367 = CARTESIAN_POINT ( 'NONE',  ( 127.0000000000000000, 6.123233995736751491E-16, -4.500000000000011546 ) ) ;
#2368 = CARTESIAN_POINT ( 'NONE',  ( 20.40178424340614072, -23.00000000000014211, 2.625711954941532866 ) ) ;
#2369 = VECTOR ( 'NONE', #3284, 1000.000000000000000 ) ;
#2370 = AXIS2_PLACEMENT_3D ( 'NONE', #2895, #3537, #1498 ) ;
#2371 = CARTESIAN_POINT ( 'NONE',  ( 18.63588905768828852, -23.00000000000013145, 1.686768829369762912 ) ) ;
#2372 = CARTESIAN_POINT ( 'NONE',  ( -32.49127369193107029, 0.7772816120453287514, -5.095810468492793177 ) ) ;
#2373 = CARTESIAN_POINT ( 'NONE',  ( 32.42019552709078312, 2.303440137837630353, 1.743486939731756724 ) ) ;
#2374 = VECTOR ( 'NONE', #1023, 1000.000000000000000 ) ;
#2375 = EDGE_LOOP ( 'NONE', ( #663, #3590, #975, #2297 ) ) ;
#2376 = ORIENTED_EDGE ( 'NONE', *, *, #2316, .F. ) ;
#2377 = CARTESIAN_POINT ( 'NONE',  ( 19.81338772673506909, -23.11428775351867415, 2.312855977470766433 ) ) ;
#2378 = CIRCLE ( 'NONE', #726, 10.00000000000000533 ) ;
#2379 = VERTEX_POINT ( 'NONE', #1127 ) ;
#2380 = AXIS2_PLACEMENT_3D ( 'NONE', #2622, #1122, #3143 ) ;
#2381 = EDGE_CURVE ( 'NONE', #1820, #1344, #865, .T. ) ;
#2382 = ORIENTED_EDGE ( 'NONE', *, *, #624, .F. ) ;
#2383 = ADVANCED_FACE ( 'NONE', ( #886 ), #3458, .F. ) ;
#2384 = FACE_OUTER_BOUND ( 'NONE', #2238, .T. ) ;
#2385 = CARTESIAN_POINT ( 'NONE',  ( 28.36426582276045139, -25.00000000000019540, 15.78925529906422298 ) ) ;
#2386 = CARTESIAN_POINT ( 'NONE',  ( 19.31713098901467163, -24.29252404151979050, -3.173441937276124924E-13 ) ) ;
#2387 = CARTESIAN_POINT ( 'NONE',  ( -1.665334536937734811E-15, -12.00000000000000000, -4.999999999999997335 ) ) ;
#2388 = CALENDAR_DATE ( 2026, 5, 8 ) ;
#2389 = DIRECTION ( 'NONE',  ( -0.000000000000000000, 1.000000000000000000, -0.000000000000000000 ) ) ;
#2390 = AXIS2_PLACEMENT_3D ( 'NONE', #509, #1319, #1673 ) ;
#2391 = CARTESIAN_POINT ( 'NONE',  ( 0.000000000000000000, 0.000000000000000000, -5.000000000000000888 ) ) ;
#2392 = CARTESIAN_POINT ( 'NONE',  ( 116.2210694644198128, -23.00000000000081002, -0.7896327910585704268 ) ) ;
#2393 = ORIENTED_EDGE ( 'NONE', *, *, #806, .T. ) ;
#2394 = VERTEX_POINT ( 'NONE', #2572 ) ;
#2395 = FACE_OUTER_BOUND ( 'NONE', #3013, .T. ) ;
#2396 = VERTEX_POINT ( 'NONE', #2251 ) ;
#2397 = ORIENTED_EDGE ( 'NONE', *, *, #1009, .T. ) ;
#2398 = ORIENTED_EDGE ( 'NONE', *, *, #1991, .T. ) ;
#2399 = FACE_OUTER_BOUND ( 'NONE', #2804, .T. ) ;
#2400 = CARTESIAN_POINT ( 'NONE',  ( 109.0000000000000000, 0.000000000000000000, -9.500000000000000000 ) ) ;
#2401 = CC_DESIGN_PERSON_AND_ORGANIZATION_ASSIGNMENT ( #174, #1041, ( #3386 ) ) ;
#2402 = CARTESIAN_POINT ( 'NONE',  ( 16.29385685393190286, -32.50000000000000000, 2.000000000000000000 ) ) ;
#2403 = EDGE_CURVE ( 'NONE', #3512, #1416, #1555, .T. ) ;
#2404 = AXIS2_PLACEMENT_3D ( 'NONE', #2159, #2420, #2743 ) ;
#2405 = CARTESIAN_POINT ( 'NONE',  ( 16.58429346524755488, -23.54022570759901356, 0.000000000000000000 ) ) ;
#2406 = DIRECTION ( 'NONE',  ( 1.000000000000000000, -6.982962677686266711E-15, 0.000000000000000000 ) ) ;
#2407 = DATE_AND_TIME ( #2091, #257 ) ;
#2408 = LINE ( 'NONE', #952, #3072 ) ;
#2409 = CARTESIAN_POINT ( 'NONE',  ( 12.00000000000000178, 0.000000000000000000, 18.00000000000000000 ) ) ;
#2410 = CARTESIAN_POINT ( 'NONE',  ( -32.41246685193325305, -2.386190777715627931, -6.171200652392183628 ) ) ;
#2411 = VECTOR ( 'NONE', #2713, 1000.000000000000000 ) ;
#2412 = DIRECTION ( 'NONE',  ( 1.000000000000000000, -6.982962677686266711E-15, -2.043249581797112801E-16 ) ) ;
#2413 = EDGE_LOOP ( 'NONE', ( #1442, #1495 ) ) ;
#2414 = CYLINDRICAL_SURFACE ( 'NONE', #493, 2.000000000000001776 ) ;
#2415 = ORIENTED_EDGE ( 'NONE', *, *, #1049, .F. ) ;
#2416 = EDGE_LOOP ( 'NONE', ( #2688, #445, #245 ) ) ;
#2417 = VERTEX_POINT ( 'NONE', #2234 ) ;
#2418 = CARTESIAN_POINT ( 'NONE',  ( 27.46536498627756728, -25.00000000000019540, 6.381484457228619789 ) ) ;
#2419 = CARTESIAN_POINT ( 'NONE',  ( 27.46536498627758149, -23.00000000000019540, 17.57586585712391880 ) ) ;
#2420 = DIRECTION ( 'NONE',  ( -0.000000000000000000, 1.000000000000000000, -0.000000000000000000 ) ) ;
#2421 = CARTESIAN_POINT ( 'NONE',  ( 19.60101626246003192, -23.77190310257889294, 8.196793215205208052E-13 ) ) ;
#2422 = EDGE_CURVE ( 'NONE', #2830, #1309, #282, .T. ) ;
#2423 = CARTESIAN_POINT ( 'NONE',  ( 18.15577487598955742, -24.76802050495597385, 2.730247409538104186 ) ) ;
#2424 = AXIS2_PLACEMENT_3D ( 'NONE', #1493, #3200, #656 ) ;
#2425 = CARTESIAN_POINT ( 'NONE',  ( -12.27302547253205312, -30.09379178482297590, 0.9557190518484797170 ) ) ;
#2426 = CARTESIAN_POINT ( 'NONE',  ( 50.00000000000009948, -25.30000000000034888, -36.00000000000000711 ) ) ;
#2427 = ADVANCED_FACE ( 'NONE', ( #3425 ), #609, .T. ) ;
#2428 = CARTESIAN_POINT ( 'NONE',  ( -32.46562526877377053, 1.503214253948675028, -5.396440076233673722 ) ) ;
#2429 = EDGE_CURVE ( 'NONE', #2739, #572, #2684, .T. ) ;
#2430 = CIRCLE ( 'NONE', #1489, 1.700000000000006173 ) ;
#2431 = CARTESIAN_POINT ( 'NONE',  ( 20.42139962807243947, -23.00000000000014211, 2.106340390275446506 ) ) ;
#2432 = LOCAL_TIME ( 23, 52, 8.000000000000000000, #1298 ) ;
#2433 = EDGE_CURVE ( 'NONE', #3103, #230, #3110, .T. ) ;
#2434 = ORIENTED_EDGE ( 'NONE', *, *, #2229, .T. ) ;
#2435 = VECTOR ( 'NONE', #1484, 1000.000000000000000 ) ;
#2436 = LINE ( 'NONE', #3568, #968 ) ;
#2437 = CARTESIAN_POINT ( 'NONE',  ( 33.97976117540309104, 4.937863855720729056, -17.62189136413017465 ) ) ;
#2438 = VERTEX_POINT ( 'NONE', #1692 ) ;
#2439 = EDGE_LOOP ( 'NONE', ( #2040, #2137, #409, #2415 ) ) ;
#2440 = ORIENTED_EDGE ( 'NONE', *, *, #2041, .T. ) ;
#2441 = CARTESIAN_POINT ( 'NONE',  ( 127.0000000000000000, 0.000000000000000000, -9.500000000000000000 ) ) ;
#2442 = AXIS2_PLACEMENT_3D ( 'NONE', #3190, #128, #2644 ) ;
#2443 = FACE_OUTER_BOUND ( 'NONE', #1288, .T. ) ;
#2444 = DIRECTION ( 'NONE',  ( 1.387778780781445676E-14, 0.000000000000000000, -1.000000000000000000 ) ) ;
#2445 = CARTESIAN_POINT ( 'NONE',  ( 33.08996157329092824, 8.066546069798539165, -14.52742595791992741 ) ) ;
#2446 = PLANE ( 'NONE',  #778 ) ;
#2447 = COORDINATED_UNIVERSAL_TIME_OFFSET ( 5, 30, .AHEAD. ) ;
#2448 = ORIENTED_EDGE ( 'NONE', *, *, #508, .T. ) ;
#2449 = CARTESIAN_POINT ( 'NONE',  ( 116.2210694644197275, -37.00000000000081002, -0.7896327910585704268 ) ) ;
#2450 = DIRECTION ( 'NONE',  ( 0.000000000000000000, 0.000000000000000000, 1.000000000000000000 ) ) ;
#2451 = DIRECTION ( 'NONE',  ( 1.000000000000000000, 0.000000000000000000, 0.000000000000000000 ) ) ;
#2452 = EDGE_CURVE ( 'NONE', #3054, #1695, #3073, .T. ) ;
#2453 = CARTESIAN_POINT ( 'NONE',  ( 30.82194289253131103, 10.31052117608863838, -5.849813186912304452 ) ) ;
#2454 = ADVANCED_FACE ( 'NONE', ( #2792 ), #1379, .F. ) ;
#2455 = CARTESIAN_POINT ( 'NONE',  ( -29.41358737067252349, 2.260660014371375315, -6.017930586746430777 ) ) ;
#2456 = CARTESIAN_POINT ( 'NONE',  ( 31.84393314511897799, 6.525476485149177996, -18.71076814514009712 ) ) ;
#2457 = ORIENTED_EDGE ( 'NONE', *, *, #2994, .F. ) ;
#2458 = ORIENTED_EDGE ( 'NONE', *, *, #2636, .T. ) ;
#2459 = ORIENTED_EDGE ( 'NONE', *, *, #3585, .F. ) ;
#2460 = FACE_OUTER_BOUND ( 'NONE', #1083, .T. ) ;
#2461 = CARTESIAN_POINT ( 'NONE',  ( 0.000000000000000000, 0.000000000000000000, -19.00000000000000000 ) ) ;
#2462 = DIRECTION ( 'NONE',  ( 1.000000000000000000, 0.000000000000000000, 0.000000000000000000 ) ) ;
#2463 = CARTESIAN_POINT ( 'NONE',  ( 33.03249548719029605, 8.225214339826887766, -14.26359280847423783 ) ) ;
#2464 = CARTESIAN_POINT ( 'NONE',  ( 127.0000000000000000, 0.000000000000000000, -17.00000000000000000 ) ) ;
#2465 = AXIS2_PLACEMENT_3D ( 'NONE', #3141, #948, #1241 ) ;
#2466 = VERTEX_POINT ( 'NONE', #58 ) ;
#2467 = CYLINDRICAL_SURFACE ( 'NONE', #2842, 3.000000000000002665 ) ;
#2468 = AXIS2_PLACEMENT_3D ( 'NONE', #2469, #1632, #2183 ) ;
#2469 = CARTESIAN_POINT ( 'NONE',  ( 127.0000000000000000, 0.000000000000000000, -9.500000000000000000 ) ) ;
#2470 = LINE ( 'NONE', #2838, #1982 ) ;
#2471 = CARTESIAN_POINT ( 'NONE',  ( 50.00000000000009948, -25.30000000000034888, -31.80000000000000782 ) ) ;
#2472 = EDGE_CURVE ( 'NONE', #244, #2394, #3170, .T. ) ;
#2473 = CARTESIAN_POINT ( 'NONE',  ( 0.000000000000000000, 0.000000000000000000, -19.00000000000000000 ) ) ;
#2474 = ADVANCED_FACE ( 'NONE', ( #2344 ), #339, .T. ) ;
#2475 = CARTESIAN_POINT ( 'NONE',  ( 32.30969762680853563, 3.603125235608813259, -18.29838186820285273 ) ) ;
#2476 = EDGE_LOOP ( 'NONE', ( #978, #3257, #214, #3131 ) ) ;
#2477 = ORIENTED_EDGE ( 'NONE', *, *, #1970, .T. ) ;
#2478 = ORIENTED_EDGE ( 'NONE', *, *, #1124, .F. ) ;
#2479 = FACE_OUTER_BOUND ( 'NONE', #2332, .T. ) ;
#2480 = FACE_BOUND ( 'NONE', #2519, .T. ) ;
#2481 = ADVANCED_FACE ( 'NONE', ( #1747 ), #1735, .T. ) ;
#2482 = VECTOR ( 'NONE', #16, 1000.000000000000000 ) ;
#2483 = VERTEX_POINT ( 'NONE', #2886 ) ;
#2484 = CARTESIAN_POINT ( 'NONE',  ( 33.78461742836464055, 5.797132567413899373, -1.948709494687103971 ) ) ;
#2485 = LINE ( 'NONE', #2464, #717 ) ;
#2486 = ORIENTED_EDGE ( 'NONE', *, *, #3100, .F. ) ;
#2487 = PLANE ( 'NONE',  #765 ) ;
#2488 = CARTESIAN_POINT ( 'NONE',  ( 34.49931655825574239, -0.1793902810747729504, -18.99830611883276177 ) ) ;
#2489 = CARTESIAN_POINT ( 'NONE',  ( 20.22135865451214443, -21.00000000000103739, 1.734723475976807094E-15 ) ) ;
#2490 = AXIS2_PLACEMENT_3D ( 'NONE', #718, #1036, #2157 ) ;
#2491 = CARTESIAN_POINT ( 'NONE',  ( 20.40178424340613361, -25.00000000000013856, 2.625711954941536419 ) ) ;
#2492 = ORIENTED_EDGE ( 'NONE', *, *, #2617, .T. ) ;
#2493 = CARTESIAN_POINT ( 'NONE',  ( -12.00000000000000178, 0.000000000000000000, 1.999999999999998224 ) ) ;
#2494 = CARTESIAN_POINT ( 'NONE',  ( 31.42532581935725489, 8.399023465574874336, -13.95599342672621113 ) ) ;
#2495 = CIRCLE ( 'NONE', #549, 10.00000000000000178 ) ;
#2496 = ORIENTED_EDGE ( 'NONE', *, *, #2150, .T. ) ;
#2497 = ORIENTED_EDGE ( 'NONE', *, *, #419, .T. ) ;
#2498 = AXIS2_PLACEMENT_3D ( 'NONE', #2042, #77, #631 ) ;
#2499 = CIRCLE ( 'NONE', #2857, 1.700000000000007061 ) ;
#2500 = ORIENTED_EDGE ( 'NONE', *, *, #1049, .T. ) ;
#2501 = PLANE ( 'NONE',  #70 ) ;
#2502 = CARTESIAN_POINT ( 'NONE',  ( 103.7099840193644411, -24.44332646378038731, -18.99999999999999645 ) ) ;
#2503 = ORIENTED_EDGE ( 'NONE', *, *, #2277, .F. ) ;
#2504 = EDGE_CURVE ( 'NONE', #10, #1166, #1733, .T. ) ;
#2505 = EDGE_CURVE ( 'NONE', #3036, #734, #3149, .T. ) ;
#2506 = DIRECTION ( 'NONE',  ( 0.000000000000000000, -1.000000000000000000, 0.000000000000000000 ) ) ;
#2507 = CARTESIAN_POINT ( 'NONE',  ( 109.0000000000000000, 0.000000000000000000, 0.000000000000000000 ) ) ;
#2508 = B_SPLINE_CURVE_WITH_KNOTS ( 'NONE', 3,
 ( #2641, #2921, #2986, #2715, #3491, #2676, #1302, #2410, #3545, #1026, #1008, #2936, #1505, #727, #176, #453, #692, #108, #1847, #2372, #3199, #655, #2428, #1579, #1521, #2358, #1781, #954, #1798, #2076, #676, #1264, #3526, #3508 ),
 .UNSPECIFIED., .F., .F.,
 ( 4, 2, 2, 2, 2, 2, 2, 2, 2, 2, 2, 2, 2, 2, 2, 2, 4 ),
 ( 0.000000000000000000, 0.0005863940485424641667, 0.001172788097084928333, 0.001759182145627392717, 0.002345576194169856667, 0.002931970242712320616, 0.003518364291254785434, 0.004104758339797248516, 0.004691152388339712466, 0.005277546436882175548, 0.005863940485424639498, 0.006450334533967103448, 0.007036728582509567398, 0.007623122631052033082, 0.008209516679594497032, 0.008795910728136960982, 0.009382304776679424932 ),
 .UNSPECIFIED. ) ;
#2509 = AXIS2_PLACEMENT_3D ( 'NONE', #3204, #1525, #2662 ) ;
#2510 = EDGE_LOOP ( 'NONE', ( #344, #3294, #2027, #678, #1662, #1599 ) ) ;
#2511 = CARTESIAN_POINT ( 'NONE',  ( 16.29385685393195615, -25.00000000000011724, 0.000000000000000000 ) ) ;
#2512 = CARTESIAN_POINT ( 'NONE',  ( 34.50171780728226878, 0.1357473827598875415, -19.00425798365847641 ) ) ;
#2513 = CARTESIAN_POINT ( 'NONE',  ( 30.92531277959452396, 10.00274775094020363, -4.987580650545306860 ) ) ;
#2514 = ORIENTED_EDGE ( 'NONE', *, *, #1366, .F. ) ;
#2515 = CARTESIAN_POINT ( 'NONE',  ( 62.00000000000000000, 0.000000000000000000, -9.500000000000000000 ) ) ;
#2516 = CARTESIAN_POINT ( 'NONE',  ( 32.33326892237987948, 3.355547976449133607, -20.46088229699744687 ) ) ;
#2517 = EDGE_LOOP ( 'NONE', ( #3466, #1326, #2497, #3109 ) ) ;
#2518 = ORIENTED_EDGE ( 'NONE', *, *, #534, .T. ) ;
#2519 = EDGE_LOOP ( 'NONE', ( #695, #1885 ) ) ;
#2520 = CARTESIAN_POINT ( 'NONE',  ( 103.7715505984698865, -30.50000000000000355, -19.00000000000000000 ) ) ;
#2521 = CARTESIAN_POINT ( 'NONE',  ( 16.29385685393194905, -24.78455898673420421, -0.000000000000000000 ) ) ;
#2522 = VERTEX_POINT ( 'NONE', #372 ) ;
#2523 = CARTESIAN_POINT ( 'NONE',  ( 34.12474261932892716, 4.232058144901370333, -0.9719041451608760873 ) ) ;
#2524 = DIRECTION ( 'NONE',  ( 1.000000000000000000, 0.000000000000000000, 0.000000000000000000 ) ) ;
#2525 = ADVANCED_FACE ( 'NONE', ( #1782, #923 ), #1181, .F. ) ;
#2526 = DIRECTION ( 'NONE',  ( 1.000000000000000000, 0.000000000000000000, 0.000000000000000000 ) ) ;
#2527 = DIRECTION ( 'NONE',  ( 0.000000000000000000, 0.000000000000000000, -1.000000000000000000 ) ) ;
#2528 = VECTOR ( 'NONE', #397, 1000.000000000000000 ) ;
#2529 = CARTESIAN_POINT ( 'NONE',  ( 31.54787276017932030, 7.814864598964164522, -1.522089134214745787 ) ) ;
#2530 = CIRCLE ( 'NONE', #2827, 10.00000000000000888 ) ;
#2531 = ORIENTED_EDGE ( 'NONE', *, *, #149, .F. ) ;
#2532 = DIRECTION ( 'NONE',  ( -6.982962677686266711E-15, -1.000000000000000000, 0.000000000000000000 ) ) ;
#2533 = CARTESIAN_POINT ( 'NONE',  ( 32.88015243061310855, 8.631306691215092641, -5.518960587233684656 ) ) ;
#2534 = ORIENTED_EDGE ( 'NONE', *, *, #846, .T. ) ;
#2535 = ORIENTED_EDGE ( 'NONE', *, *, #1276, .F. ) ;
#2536 = ORIENTED_EDGE ( 'NONE', *, *, #2064, .T. ) ;
#2537 = DIRECTION ( 'NONE',  ( -0.000000000000000000, -1.000000000000000000, 0.000000000000000000 ) ) ;
#2538 = CARTESIAN_POINT ( 'NONE',  ( 97.77395456253394457, -23.11309584480131463, -20.41240940261980441 ) ) ;
#2539 = AXIS2_PLACEMENT_3D ( 'NONE', #2053, #2900, #567 ) ;
#2540 = DIRECTION ( 'NONE',  ( 0.000000000000000000, 0.000000000000000000, 1.000000000000000000 ) ) ;
#2541 = CARTESIAN_POINT ( 'NONE',  ( 117.0029354999199143, -24.47630682460316720, 0.000000000000000000 ) ) ;
#2542 = ADVANCED_FACE ( 'NONE', ( #3184 ), #906, .T. ) ;
#2543 = FACE_OUTER_BOUND ( 'NONE', #2099, .T. ) ;
#2544 = CARTESIAN_POINT ( 'NONE',  ( 125.0000000000000000, -32.50000000000000000, -17.00000000000000000 ) ) ;
#2545 = LINE ( 'NONE', #312, #3540 ) ;
#2546 = ADVANCED_FACE ( 'NONE', ( #2869 ), #2021, .T. ) ;
#2547 = EDGE_LOOP ( 'NONE', ( #995, #2290, #2273, #696 ) ) ;
#2548 = EDGE_CURVE ( 'NONE', #80, #3514, #2307, .T. ) ;
#2549 = AXIS2_PLACEMENT_3D ( 'NONE', #3535, #462, #3295 ) ;
#2550 = CARTESIAN_POINT ( 'NONE',  ( -12.00000000000000178, 0.000000000000000000, 1.999999999999998224 ) ) ;
#2551 = CARTESIAN_POINT ( 'NONE',  ( 33.80266024430569871, 5.706722463131359113, -1.898527424849162148 ) ) ;
#2552 = ORIENTED_EDGE ( 'NONE', *, *, #1566, .T. ) ;
#2553 = ORIENTED_EDGE ( 'NONE', *, *, #1519, .F. ) ;
#2554 = EDGE_LOOP ( 'NONE', ( #760, #3321, #3071, #3407 ) ) ;
#2555 = DIRECTION ( 'NONE',  ( -1.000000000000000000, 0.000000000000000000, 0.000000000000000000 ) ) ;
#2556 = CARTESIAN_POINT ( 'NONE',  ( 17.72562153494573778, -22.02338820602070513, -0.000000000000000000 ) ) ;
#2557 = AXIS2_PLACEMENT_3D ( 'NONE', #2858, #1447, #2581 ) ;
#2558 = AXIS2_PLACEMENT_3D ( 'NONE', #1605, #1076, #3015 ) ;
#2559 = ORIENTED_EDGE ( 'NONE', *, *, #1634, .F. ) ;
#2560 = VECTOR ( 'NONE', #776, 1000.000000000000000 ) ;
#2561 = VECTOR ( 'NONE', #3217, 1000.000000000000000 ) ;
#2562 = CARTESIAN_POINT ( 'NONE',  ( 27.46536498627757794, -25.30000000000018900, 10.58148445722861553 ) ) ;
#2563 = CARTESIAN_POINT ( 'NONE',  ( 116.8850244300281673, -23.95300845772496245, 0.000000000000000000 ) ) ;
#2564 = CARTESIAN_POINT ( 'NONE',  ( 29.63523915486473825, -23.00000000000020606, -19.00000000000000355 ) ) ;
#2565 = CARTESIAN_POINT ( 'NONE',  ( 115.8582224903801290, -31.71493203544716621, -0.1072168841113804588 ) ) ;
#2566 = CARTESIAN_POINT ( 'NONE',  ( 50.00000000000009948, -25.30000000000034888, -36.00000000000000711 ) ) ;
#2567 = CIRCLE ( 'NONE', #2509, 8.000000000000000000 ) ;
#2568 = DIRECTION ( 'NONE',  ( -0.000000000000000000, 1.000000000000000000, -0.000000000000000000 ) ) ;
#2569 = AXIS2_PLACEMENT_3D ( 'NONE', #334, #1961, #3163 ) ;
#2570 = DIRECTION ( 'NONE',  ( 0.000000000000000000, 0.000000000000000000, -1.000000000000000000 ) ) ;
#2571 = ORIENTED_EDGE ( 'NONE', *, *, #1902, .T. ) ;
#2572 = CARTESIAN_POINT ( 'NONE',  ( -29.34706118165838262, -3.000000000000001776, -8.000000000000001776 ) ) ;
#2573 = CARTESIAN_POINT ( 'NONE',  ( 32.78502169918466791, 8.874817068437938161, -6.096215047101854800 ) ) ;
#2574 = ADVANCED_FACE ( 'NONE', ( #1347 ), #737, .F. ) ;
#2575 = ORIENTED_EDGE ( 'NONE', *, *, #3091, .T. ) ;
#2576 = ORIENTED_EDGE ( 'NONE', *, *, #2658, .F. ) ;
#2577 = CARTESIAN_POINT ( 'NONE',  ( 28.36426582276045139, -25.00000000000019895, 15.78925529906422298 ) ) ;
#2578 = CARTESIAN_POINT ( 'NONE',  ( 98.88136943176247939, -22.68472248037249273, -19.00000000000154543 ) ) ;
#2579 = ORIENTED_EDGE ( 'NONE', *, *, #1320, .F. ) ;
#2580 = AXIS2_PLACEMENT_3D ( 'NONE', #2268, #2288, #3181 ) ;
#2581 = DIRECTION ( 'NONE',  ( -0.8829475928589299860, 0.000000000000000000, -0.4694715627858851992 ) ) ;
#2582 = CARTESIAN_POINT ( 'NONE',  ( 115.8012142618647857, -25.00000000000080647, 2.168404344971008868E-16 ) ) ;
#2583 = DIRECTION ( 'NONE',  ( 0.000000000000000000, 0.000000000000000000, -1.000000000000000000 ) ) ;
#2584 = CARTESIAN_POINT ( 'NONE',  ( 112.4726552971637830, -23.00000000000078515, 2.000000000000002665 ) ) ;
#2585 = CARTESIAN_POINT ( 'NONE',  ( -3.031088913245544081, 1.749999999999995337, 46.41984052872977173 ) ) ;
#2586 = CALENDAR_DATE ( 2026, 5, 8 ) ;
#2587 = CARTESIAN_POINT ( 'NONE',  ( 99.88004853125636373, -23.00000000000069633, 12.84281306682542834 ) ) ;
#2588 = CARTESIAN_POINT ( 'NONE',  ( 31.95986916869187411, -37.00000000000022027, 8.642813066825436152 ) ) ;
#2589 = ORIENTED_EDGE ( 'NONE', *, *, #1079, .F. ) ;
#2590 = CARTESIAN_POINT ( 'NONE',  ( 34.03985791609134282, 4.669542858683700004, -1.203330366040704202 ) ) ;
#2591 = VECTOR ( 'NONE', #1595, 1000.000000000000000 ) ;
#2592 = ORIENTED_EDGE ( 'NONE', *, *, #1503, .F. ) ;
#2593 = EDGE_CURVE ( 'NONE', #752, #3635, #476, .T. ) ;
#2594 = EDGE_CURVE ( 'NONE', #1166, #130, #1363, .T. ) ;
#2595 = CARTESIAN_POINT ( 'NONE',  ( 95.73356690505902122, -22.88767390380821354, -19.00000000000469669 ) ) ;
#2596 = EDGE_LOOP ( 'NONE', ( #2492, #1603, #1918, #3549 ) ) ;
#2597 = CARTESIAN_POINT ( 'NONE',  ( 22.97086080386318585, -25.00000000000015987, 15.31453724752711310 ) ) ;
#2598 = ADVANCED_FACE ( 'NONE', ( #999 ), #3609, .F. ) ;
#2599 = CARTESIAN_POINT ( 'NONE',  ( 113.0657745040301876, -21.00000000000181544, 0.000000000000000000 ) ) ;
#2600 = AXIS2_PLACEMENT_3D ( 'NONE', #1761, #337, #105 ) ;
#2601 = CARTESIAN_POINT ( 'NONE',  ( -29.47062421817242850, -1.328517325629851475, -5.303106466134364538 ) ) ;
#2602 = DIRECTION ( 'NONE',  ( 0.9546079520470751589, 0.2978651672963609220, 0.000000000000000000 ) ) ;
#2603 = CYLINDRICAL_SURFACE ( 'NONE', #331, 4.999999999999988454 ) ;
#2604 = CARTESIAN_POINT ( 'NONE',  ( 20.73448119135190382, -23.00000000000014566, 1.999999999999999112 ) ) ;
#2605 = VECTOR ( 'NONE', #294, 1000.000000000000000 ) ;
#2606 = DIRECTION ( 'NONE',  ( 1.000000000000000000, -6.938893903907222067E-15, 0.000000000000000000 ) ) ;
#2607 = CARTESIAN_POINT ( 'NONE',  ( 22.97086080386318230, -25.00000000000015987, 15.31453724752712020 ) ) ;
#2608 = CARTESIAN_POINT ( 'NONE',  ( 34.14590428916977061, 4.115580662268863321, -0.9144251771750789848 ) ) ;
#2609 = ORIENTED_EDGE ( 'NONE', *, *, #982, .T. ) ;
#2610 = DIRECTION ( 'NONE',  ( -6.982962677686267499E-15, -1.000000000000000000, 0.000000000000000000 ) ) ;
#2611 = VECTOR ( 'NONE', #1663, 1000.000000000000000 ) ;
#2612 = VECTOR ( 'NONE', #992, 1000.000000000000000 ) ;
#2613 = EDGE_LOOP ( 'NONE', ( #3152, #1239 ) ) ;
#2614 = CARTESIAN_POINT ( 'NONE',  ( 50.00000000000009948, -25.30000000000034888, -34.29999999999999716 ) ) ;
#2615 = CARTESIAN_POINT ( 'NONE',  ( 40.00000000000009237, -25.00000000000028066, -36.00000000000000000 ) ) ;
#2616 = AXIS2_PLACEMENT_3D ( 'NONE', #2402, #2120, #2444 ) ;
#2617 = EDGE_CURVE ( 'NONE', #98, #682, #1950, .T. ) ;
#2618 = CARTESIAN_POINT ( 'NONE',  ( -29.50000000000000711, -0.1958609956728321611, -4.999999999999999112 ) ) ;
#2619 = EDGE_CURVE ( 'NONE', #98, #793, #167, .T. ) ;
#2620 = CIRCLE ( 'NONE', #3095, 32.50000000000000000 ) ;
#2621 = VECTOR ( 'NONE', #2999, 1000.000000000000000 ) ;
#2622 = CARTESIAN_POINT ( 'NONE',  ( 23.86976164034606285, -25.00000000000016698, 13.52792668946741550 ) ) ;
#2623 = PERSON_AND_ORGANIZATION ( #3212, #1667 ) ;
#2624 = CARTESIAN_POINT ( 'NONE',  ( 73.99999999999998579, -16.50000000000000000, -19.00000000000000000 ) ) ;
#2625 = DIRECTION ( 'NONE',  ( -6.982962677686267499E-15, -1.000000000000000000, 0.000000000000000000 ) ) ;
#2626 = DIRECTION ( 'NONE',  ( -0.000000000000000000, 1.000000000000000000, -0.000000000000000000 ) ) ;
#2627 = CYLINDRICAL_SURFACE ( 'NONE', #289, 8.000000000000000000 ) ;
#2628 = EDGE_LOOP ( 'NONE', ( #3310, #2008, #2718, #2559, #3311 ) ) ;
#2629 = DIRECTION ( 'NONE',  ( -0.4694715627858859763, 3.469446951953617344E-15, 0.8829475928589296529 ) ) ;
#2630 = ORIENTED_EDGE ( 'NONE', *, *, #464, .T. ) ;
#2631 = ORIENTED_EDGE ( 'NONE', *, *, #1770, .T. ) ;
#2632 = CARTESIAN_POINT ( 'NONE',  ( 3.031088913245537864, -1.749999999999991784, -19.00000000000000000 ) ) ;
#2633 = DIRECTION ( 'NONE',  ( 6.938893903907234689E-15, 1.000000000000000000, 0.000000000000000000 ) ) ;
#2634 = CARTESIAN_POINT ( 'NONE',  ( 16.37001741049792258, -24.13967381079680408, 0.000000000000000000 ) ) ;
#2635 = ADVANCED_FACE ( 'NONE', ( #2479 ), #3260, .T. ) ;
#2636 = EDGE_CURVE ( 'NONE', #1713, #1361, #1604, .T. ) ;
#2637 = CARTESIAN_POINT ( 'NONE',  ( 0.000000000000000000, 0.000000000000000000, -19.00000000000000000 ) ) ;
#2638 = ADVANCED_FACE ( 'NONE', ( #2740, #3060, #2399 ), #2997, .F. ) ;
#2639 = MECHANICAL_CONTEXT ( 'NONE', #2001, 'mechanical' ) ;
#2640 =( BOUNDED_SURFACE ( )  B_SPLINE_SURFACE ( 3, 2, ( 
 ( #3246, #1295, #700 ),
 ( #671, #1226, #3264 ),
 ( #1572, #2421, #3487 ),
 ( #722, #3214, #1792 ),
 ( #969, #155, #117 ),
 ( #3283, #2121, #2982 ),
 ( #949, #2386, #137 ),
 ( #1242, #1823, #1843 ),
 ( #1002, #3557, #385 ),
 ( #1514, #1501, #449 ),
 ( #433, #2929, #2405 ),
 ( #2068, #398, #2634 ),
 ( #2089, #101, #2354 ),
 ( #3521, #2711, #2650 ) ),
 .UNSPECIFIED., .F., .F., .F. ) 
 B_SPLINE_SURFACE_WITH_KNOTS ( ( 4, 2, 2, 2, 2, 2, 4 ),
 ( 3, 3 ),
 ( 6.505213034913026604E-18, 0.001272649519843515936, 0.001908974279765270760, 0.002545299039687025366, 0.003181623799608779973, 0.003817948559530534580, 0.005090598079374043794 ),
 ( 0.000000000000000000, 1.000000000000000000 ),
 .UNSPECIFIED. ) 
 GEOMETRIC_REPRESENTATION_ITEM ( )  RATIONAL_B_SPLINE_SURFACE ( (
 ( 1.000000000000000000, 0.6494505413288295115, 1.000000000000000000),
 ( 1.000000000000000000, 0.6354297220896759635, 1.000000000000000000),
 ( 1.000000000000000000, 0.6232140579991286566, 1.000000000000000000),
 ( 1.000000000000000000, 0.6070905980743454000, 1.000000000000000000),
 ( 1.000000000000000000, 0.6021008477763115652, 1.000000000000000000),
 ( 1.000000000000000000, 0.5931222508623289480, 1.000000000000000000),
 ( 1.000000000000000000, 0.5890835045782431001, 1.000000000000000000),
 ( 1.000000000000000000, 0.5818287829147087420, 1.000000000000000000),
 ( 1.000000000000000000, 0.5785880868173967073, 1.000000000000000000),
 ( 1.000000000000000000, 0.5730916581118221664, 1.000000000000000000),
 ( 1.000000000000000000, 0.5708169837410168590, 1.000000000000000000),
 ( 1.000000000000000000, 0.5653122901513495391, 1.000000000000000000),
 ( 1.000000000000000000, 0.5634014632952749624, 1.000000000000000000),
 ( 1.000000000000000000, 0.5634164956898887189, 1.000000000000000000) ) ) 
 REPRESENTATION_ITEM ( '' )  SURFACE ( )  );
#2641 = CARTESIAN_POINT ( 'NONE',  ( -32.36124225056881443, -3.000000000000001776, -8.000000000000001776 ) ) ;
#2642 = CARTESIAN_POINT ( 'NONE',  ( 32.50399953423699628, 0.5241880518647696885, 2.012739218543127429 ) ) ;
#2643 = DIRECTION ( 'NONE',  ( 0.000000000000000000, 0.000000000000000000, 1.000000000000000000 ) ) ;
#2644 = DIRECTION ( 'NONE',  ( 0.000000000000000000, 1.239088197126291063E-16, 1.000000000000000000 ) ) ;
#2645 = CIRCLE ( 'NONE', #1280, 2.000000000000001776 ) ;
#2646 = ORIENTED_EDGE ( 'NONE', *, *, #2505, .T. ) ;
#2647 = ORIENTED_EDGE ( 'NONE', *, *, #2175, .F. ) ;
#2648 = DIRECTION ( 'NONE',  ( 0.000000000000000000, 0.000000000000000000, 1.000000000000000000 ) ) ;
#2649 = CARTESIAN_POINT ( 'NONE',  ( 117.0029354999198858, -30.50000000000000355, 0.000000000000000000 ) ) ;
#2650 = CARTESIAN_POINT ( 'NONE',  ( 16.29385685393195615, -25.00000000000011724, 0.000000000000000000 ) ) ;
#2651 = LINE ( 'NONE', #2122, #1957 ) ;
#2652 = APPROVAL_STATUS ( 'not_yet_approved' ) ;
#2653 = CARTESIAN_POINT ( 'NONE',  ( -12.06964595077957370, -30.17572761707656070, 1.459395955099216602 ) ) ;
#2654 = DIRECTION ( 'NONE',  ( 0.000000000000000000, -0.000000000000000000, -1.000000000000000000 ) ) ;
#2655 = DIRECTION ( 'NONE',  ( -1.000000000000000000, 0.000000000000000000, 0.000000000000000000 ) ) ;
#2656 = AXIS2_PLACEMENT_3D ( 'NONE', #3642, #1105, #2226 ) ;
#2657 = CARTESIAN_POINT ( 'NONE',  ( 50.00000000000009948, -37.00000000000139266, -37.70000000000000284 ) ) ;
#2658 = EDGE_CURVE ( 'NONE', #2349, #1543, #3494, .T. ) ;
#2659 = EDGE_LOOP ( 'NONE', ( #1074, #2955, #1803, #1464 ) ) ;
#2660 = ADVANCED_FACE ( 'NONE', ( #2460 ), #3591, .T. ) ;
#2661 = EDGE_LOOP ( 'NONE', ( #3650, #2241, #2478, #2086 ) ) ;
#2662 = DIRECTION ( 'NONE',  ( 1.000000000000000000, -6.938893903907228378E-15, 0.000000000000000000 ) ) ;
#2663 = CIRCLE ( 'NONE', #2390, 4.199999999999995737 ) ;
#2664 = EDGE_LOOP ( 'NONE', ( #2720, #1855, #1714, #1203 ) ) ;
#2665 = ORIENTED_EDGE ( 'NONE', *, *, #2931, .T. ) ;
#2666 = DIRECTION ( 'NONE',  ( 0.000000000000000000, -1.000000000000000000, 0.000000000000000000 ) ) ;
#2667 = CIRCLE ( 'NONE', #1073, 7.500000000000001776 ) ;
#2668 = DIRECTION ( 'NONE',  ( -0.000000000000000000, -0.000000000000000000, -1.000000000000000000 ) ) ;
#2669 = DIRECTION ( 'NONE',  ( 0.000000000000000000, 0.000000000000000000, -1.000000000000000000 ) ) ;
#2670 = CARTESIAN_POINT ( 'NONE',  ( 29.16536498627758789, -25.30000000000018900, 6.381484457228619789 ) ) ;
#2671 = APPROVAL_ROLE ( '' ) ;
#2672 = AXIS2_PLACEMENT_3D ( 'NONE', #2637, #741, #2764 ) ;
#2673 = VECTOR ( 'NONE', #3281, 1000.000000000000000 ) ;
#2674 = CIRCLE ( 'NONE', #1893, 4.199999999999994849 ) ;
#2675 = DIRECTION ( 'NONE',  ( -0.000000000000000000, -0.000000000000000000, -1.000000000000000000 ) ) ;
#2676 = CARTESIAN_POINT ( 'NONE',  ( -32.38807479624272645, -2.695982490922415931, -6.669462399183345269 ) ) ;
#2677 = DIRECTION ( 'NONE',  ( -6.982962677686267499E-15, -1.000000000000000000, 0.000000000000000000 ) ) ;
#2678 = VECTOR ( 'NONE', #3063, 1000.000000000000000 ) ;
#2679 = DIRECTION ( 'NONE',  ( -0.000000000000000000, 0.000000000000000000, 1.000000000000000000 ) ) ;
#2680 = VERTEX_POINT ( 'NONE', #2196 ) ;
#2681 = ADVANCED_FACE ( 'NONE', ( #152 ), #1839, .F. ) ;
#2682 = DIRECTION ( 'NONE',  ( 1.000000000000000000, -0.000000000000000000, -0.000000000000000000 ) ) ;
#2683 = ADVANCED_FACE ( 'NONE', ( #1874 ), #3312, .F. ) ;
#2684 = CIRCLE ( 'NONE', #328, 2.000000000000001776 ) ;
#2685 = ORIENTED_EDGE ( 'NONE', *, *, #1341, .F. ) ;
#2686 = ORIENTED_EDGE ( 'NONE', *, *, #1253, .T. ) ;
#2687 = CIRCLE ( 'NONE', #1092, 2.000000000000001776 ) ;
#2688 = ORIENTED_EDGE ( 'NONE', *, *, #2035, .F. ) ;
#2689 = DIRECTION ( 'NONE',  ( -6.982962677686266711E-15, -1.000000000000000000, 0.000000000000000000 ) ) ;
#2690 = DIRECTION ( 'NONE',  ( -0.000000000000000000, -0.000000000000000000, -1.000000000000000000 ) ) ;
#2691 = DIRECTION ( 'NONE',  ( 0.8933052790298480206, -6.198550554988363132E-15, 0.4494504182414401083 ) ) ;
#2692 = DIRECTION ( 'NONE',  ( 4.081702296416017476E-16, -2.850237479729937575E-30, 1.000000000000000000 ) ) ;
#2693 = CARTESIAN_POINT ( 'NONE',  ( 27.46536498627757794, -25.30000000000018900, 6.381484457228619789 ) ) ;
#2694 = APPROVAL_DATE_TIME ( #3232, #704 ) ;
#2695 = CARTESIAN_POINT ( 'NONE',  ( 115.1264319985880036, -21.00000000000080291, 0.000000000000000000 ) ) ;
#2696 = DIRECTION ( 'NONE',  ( 0.000000000000000000, 0.000000000000000000, 1.000000000000000000 ) ) ;
#2697 = CARTESIAN_POINT ( 'NONE',  ( 32.48383440361659069, 1.245054365080839887, 1.949148304476887805 ) ) ;
#2698 = ORIENTED_EDGE ( 'NONE', *, *, #2342, .T. ) ;
#2699 = CARTESIAN_POINT ( 'NONE',  ( -29.37666585216259918, 2.695778868560916308, -6.669060083002175787 ) ) ;
#2700 = ORIENTED_EDGE ( 'NONE', *, *, #2014, .T. ) ;
#2701 = EDGE_LOOP ( 'NONE', ( #552, #1666, #302, #2156 ) ) ;
#2702 = EDGE_CURVE ( 'NONE', #2778, #3153, #3319, .T. ) ;
#2703 = VERTEX_POINT ( 'NONE', #3394 ) ;
#2704 = DIRECTION ( 'NONE',  ( -6.982962677686267499E-15, -1.000000000000000000, 0.000000000000000000 ) ) ;
#2705 = VECTOR ( 'NONE', #1247, 1000.000000000000000 ) ;
#2706 = CARTESIAN_POINT ( 'NONE',  ( 31.95986916869197358, -23.00000000000022027, 16.64281306682543971 ) ) ;
#2707 = CARTESIAN_POINT ( 'NONE',  ( 105.6534914965147465, -32.50000000000000000, -17.73421417330199290 ) ) ;
#2708 = EDGE_CURVE ( 'NONE', #1071, #3373, #1717, .T. ) ;
#2709 = VECTOR ( 'NONE', #417, 1000.000000000000000 ) ;
#2710 = EDGE_CURVE ( 'NONE', #1248, #74, #600, .T. ) ;
#2711 = CARTESIAN_POINT ( 'NONE',  ( 19.22658254560436575, -25.00000000000013856, 0.000000000000000000 ) ) ;
#2712 = CARTESIAN_POINT ( 'NONE',  ( 18.74218213578542702, -23.68159886213171106, 2.599853265107998190 ) ) ;
#2713 = DIRECTION ( 'NONE',  ( 1.000000000000000000, 0.000000000000000000, 0.000000000000000000 ) ) ;
#2714 = CARTESIAN_POINT ( 'NONE',  ( 116.6813928928540633, -32.50000000000000000, -1.775814591899568473 ) ) ;
#2715 = CARTESIAN_POINT ( 'NONE',  ( -32.36999522929311723, -2.904285514719315398, -7.223243732889285340 ) ) ;
#2716 = AXIS2_PLACEMENT_3D ( 'NONE', #694, #605, #1195 ) ;
#2717 = CARTESIAN_POINT ( 'NONE',  ( 125.0000000000000000, 0.000000000000000000, -17.00000000000000000 ) ) ;
#2718 = ORIENTED_EDGE ( 'NONE', *, *, #1702, .T. ) ;
#2719 = FACE_OUTER_BOUND ( 'NONE', #1016, .T. ) ;
#2720 = ORIENTED_EDGE ( 'NONE', *, *, #576, .F. ) ;
#2721 = ORIENTED_EDGE ( 'NONE', *, *, #1048, .F. ) ;
#2722 = EDGE_LOOP ( 'NONE', ( #2187, #2059, #1830, #1904 ) ) ;
#2723 = DIRECTION ( 'NONE',  ( 0.000000000000000000, 0.000000000000000000, -1.000000000000000000 ) ) ;
#2724 = DIRECTION ( 'NONE',  ( -0.000000000000000000, 1.000000000000000000, -0.000000000000000000 ) ) ;
#2725 = CARTESIAN_POINT ( 'NONE',  ( 34.40167291072351219, 2.171805277201040774, -0.2463515539866287796 ) ) ;
#2726 = DIRECTION ( 'NONE',  ( -6.982962677686266711E-15, -1.000000000000000000, 0.000000000000000000 ) ) ;
#2727 = DATE_TIME_ROLE ( 'classification_date' ) ;
#2728 = EDGE_CURVE ( 'NONE', #2004, #1526, #1402, .T. ) ;
#2729 = CARTESIAN_POINT ( 'NONE',  ( 34.02366931726253085, 1.001114905118318799, -19.00000000000000355 ) ) ;
#2730 = DIRECTION ( 'NONE',  ( 0.8829475928589298750, -6.165590087286836818E-15, 0.4694715627858854767 ) ) ;
#2731 = CIRCLE ( 'NONE', #2258, 9.999999999999994671 ) ;
#2732 = CARTESIAN_POINT ( 'NONE',  ( 16.29385685393190286, -32.50000000000000000, 2.000000000000000000 ) ) ;
#2733 = VECTOR ( 'NONE', #2980, 1000.000000000000000 ) ;
#2734 = LINE ( 'NONE', #1107, #543 ) ;
#2735 = CARTESIAN_POINT ( 'NONE',  ( 32.19182188830436075, 5.028952416421554439, -0.000000000000000000 ) ) ;
#2736 = CARTESIAN_POINT ( 'NONE',  ( 31.02345642979784657, 9.686441356352945675, -14.66370310540341038 ) ) ;
#2737 = ORIENTED_EDGE ( 'NONE', *, *, #88, .T. ) ;
#2738 = ORIENTED_EDGE ( 'NONE', *, *, #1461, .F. ) ;
#2739 = VERTEX_POINT ( 'NONE', #2520 ) ;
#2740 = FACE_BOUND ( 'NONE', #458, .T. ) ;
#2741 = AXIS2_PLACEMENT_3D ( 'NONE', #3055, #767, #456 ) ;
#2742 = CARTESIAN_POINT ( 'NONE',  ( 103.2728945927835582, -25.00000000000070699, -18.99999999999999645 ) ) ;
#2743 = DIRECTION ( 'NONE',  ( 0.000000000000000000, 0.000000000000000000, 1.000000000000000000 ) ) ;
#2744 = CARTESIAN_POINT ( 'NONE',  ( 33.09314659293323047, 8.057669670615588586, -4.458201012873614921 ) ) ;
#2745 = CARTESIAN_POINT ( 'NONE',  ( 18.51004362761522160, -23.92566052976807711, 2.654086370186916177 ) ) ;
#2746 = ORIENTED_EDGE ( 'NONE', *, *, #3434, .T. ) ;
#2747 = EDGE_CURVE ( 'NONE', #2777, #2225, #1168, .T. ) ;
#2748 = DIRECTION ( 'NONE',  ( -0.000000000000000000, -0.000000000000000000, -1.000000000000000000 ) ) ;
#2749 = ADVANCED_FACE ( 'NONE', ( #1715, #3078 ), #304, .F. ) ;
#2750 = CARTESIAN_POINT ( 'NONE',  ( 107.3915935358304239, -37.00000000000074607, -5.484348418917430301 ) ) ;
#2751 = FACE_OUTER_BOUND ( 'NONE', #1585, .T. ) ;
#2752 = DIRECTION ( 'NONE',  ( 0.8829475928589292089, 0.000000000000000000, 0.4694715627858865870 ) ) ;
#2753 = VERTEX_POINT ( 'NONE', #521 ) ;
#2754 = CARTESIAN_POINT ( 'NONE',  ( -29.44368145569596251, 1.829226325158024968, -5.614194884572330402 ) ) ;
#2755 = CARTESIAN_POINT ( 'NONE',  ( 31.29791020158130621, 8.759790104072937567, -16.27667529195510099 ) ) ;
#2756 = ORIENTED_EDGE ( 'NONE', *, *, #170, .F. ) ;
#2757 = VERTEX_POINT ( 'NONE', #11 ) ;
#2758 = EDGE_LOOP ( 'NONE', ( #1148, #2849 ) ) ;
#2759 = DIRECTION ( 'NONE',  ( 0.000000000000000000, -1.000000000000000000, 0.000000000000000000 ) ) ;
#2760 = CARTESIAN_POINT ( 'NONE',  ( 102.8326074728981183, -30.50000000000000711, -19.23410481428213714 ) ) ;
#2761 = DIRECTION ( 'NONE',  ( 0.000000000000000000, 0.000000000000000000, -1.000000000000000000 ) ) ;
#2762 = ORIENTED_EDGE ( 'NONE', *, *, #443, .T. ) ;
#2763 = CARTESIAN_POINT ( 'NONE',  ( 117.3915935358305376, -23.00000000000081712, -5.484348418917430301 ) ) ;
#2764 = DIRECTION ( 'NONE',  ( 1.000000000000000000, 0.000000000000000000, 0.000000000000000000 ) ) ;
#2765 = VERTEX_POINT ( 'NONE', #853 ) ;
#2766 = CYLINDRICAL_SURFACE ( 'NONE', #3602, 4.999999999999988454 ) ;
#2767 = CARTESIAN_POINT ( 'NONE',  ( 117.0029354999199143, -25.00000000000082068, 0.000000000000000000 ) ) ;
#2768 = EDGE_CURVE ( 'NONE', #870, #285, #1661, .T. ) ;
#2769 = DIRECTION ( 'NONE',  ( 6.938893903907222067E-15, 1.000000000000000000, 0.000000000000000000 ) ) ;
#2770 = CARTESIAN_POINT ( 'NONE',  ( 31.54735821768030135, 7.817003994659906141, -17.47571096464824691 ) ) ;
#2771 = ORIENTED_EDGE ( 'NONE', *, *, #2504, .F. ) ;
#2772 = DIRECTION ( 'NONE',  ( 0.000000000000000000, 0.000000000000000000, -1.000000000000000000 ) ) ;
#2773 = EDGE_CURVE ( 'NONE', #821, #2097, #2185, .T. ) ;
#2774 = CARTESIAN_POINT ( 'NONE',  ( 34.03603201874230422, 4.666976214850397930, -17.78067047151947833 ) ) ;
#2775 = EDGE_CURVE ( 'NONE', #2237, #2004, #2667, .T. ) ;
#2776 = ORIENTED_EDGE ( 'NONE', *, *, #1612, .F. ) ;
#2777 = VERTEX_POINT ( 'NONE', #538 ) ;
#2778 = VERTEX_POINT ( 'NONE', #3099 ) ;
#2779 = DIRECTION ( 'NONE',  ( -0.8829475928589298750, 6.165590087286836818E-15, -0.4694715627858854767 ) ) ;
#2780 = CARTESIAN_POINT ( 'NONE',  ( 102.7778256399546706, -24.72166323192785953, -19.24686506595065794 ) ) ;
#2781 = CIRCLE ( 'NONE', #240, 2.000000000000000000 ) ;
#2782 = ORIENTED_EDGE ( 'NONE', *, *, #2229, .F. ) ;
#2783 =( BOUNDED_CURVE ( )  B_SPLINE_CURVE ( 3, ( #2088, #3575, #2707, #3556 ),
 .UNSPECIFIED., .F., .F. ) 
 B_SPLINE_CURVE_WITH_KNOTS ( ( 4, 4 ),
 ( 0.5207828135565930605, 1.570796326794889231 ),
 .UNSPECIFIED. ) 
 CURVE ( )  GEOMETRIC_REPRESENTATION_ITEM ( )  RATIONAL_B_SPLINE_CURVE ( ( 1.000000000000000000, 0.9102137033985364667, 0.9102137033985364667, 1.000000000000000000 ) ) 
 REPRESENTATION_ITEM ( '' )  );
#2784 = CARTESIAN_POINT ( 'NONE',  ( 51.70000000000010942, -25.30000000000034888, -36.00000000000000711 ) ) ;
#2785 = DIRECTION ( 'NONE',  ( 0.000000000000000000, 1.000000000000000000, -0.000000000000000000 ) ) ;
#2786 = ORIENTED_EDGE ( 'NONE', *, *, #170, .T. ) ;
#2787 = DIRECTION ( 'NONE',  ( -0.000000000000000000, 0.000000000000000000, 1.000000000000000000 ) ) ;
#2788 = AXIS2_PLACEMENT_3D ( 'NONE', #1075, #1856, #3573 ) ;
#2789 = AXIS2_PLACEMENT_3D ( 'NONE', #1800, #1849, #956 ) ;
#2790 = CARTESIAN_POINT ( 'NONE',  ( 99.88004853125636373, -23.00000000000069988, 18.64281306682542549 ) ) ;
#2791 = ORIENTED_EDGE ( 'NONE', *, *, #1637, .T. ) ;
#2792 = FACE_OUTER_BOUND ( 'NONE', #266, .T. ) ;
#2793 = VECTOR ( 'NONE', #1229, 1000.000000000000000 ) ;
#2794 = CARTESIAN_POINT ( 'NONE',  ( 32.49792260706122704, 0.5144132213216794369, -20.99341963029386449 ) ) ;
#2795 = VECTOR ( 'NONE', #1084, 1000.000000000000000 ) ;
#2796 = VECTOR ( 'NONE', #3120, 1000.000000000000000 ) ;
#2797 = ORIENTED_EDGE ( 'NONE', *, *, #3316, .T. ) ;
#2798 = ORIENTED_EDGE ( 'NONE', *, *, #1190, .T. ) ;
#2799 = AXIS2_PLACEMENT_3D ( 'NONE', #1587, #1570, #797 ) ;
#2800 = EDGE_CURVE ( 'NONE', #3279, #870, #2239, .T. ) ;
#2801 = ORIENTED_EDGE ( 'NONE', *, *, #3121, .F. ) ;
#2802 = ADVANCED_FACE ( 'NONE', ( #1367 ), #2501, .F. ) ;
#2803 = CARTESIAN_POINT ( 'NONE',  ( 17.41185228034282773, -22.30923007953425596, 0.000000000000000000 ) ) ;
#2804 = EDGE_LOOP ( 'NONE', ( #62, #612, #3338, #3410, #2856, #1441, #2832, #3629 ) ) ;
#2805 = CARTESIAN_POINT ( 'NONE',  ( -3.031088913245544081, 1.749999999999995337, -19.00000000000000000 ) ) ;
#2806 = FACE_OUTER_BOUND ( 'NONE', #2274, .T. ) ;
#2807 =( BOUNDED_SURFACE ( )  B_SPLINE_SURFACE ( 3, 2, ( 
 ( #3137, #2582, #2878 ),
 ( #1187, #597, #2541 ),
 ( #1119, #1467, #2563 ),
 ( #15, #3379, #2264 ),
 ( #3105, #564, #2859 ),
 ( #1174, #1136, #2300 ),
 ( #2010, #348, #1422 ),
 ( #2283, #35, #1448 ),
 ( #1720, #2314, #2599 ),
 ( #3399, #859, #1154 ) ),
 .UNSPECIFIED., .F., .F., .T. ) 
 B_SPLINE_SURFACE_WITH_KNOTS ( ( 4, 2, 2, 2, 4 ),
 ( 3, 3 ),
 ( 1.024387519311479485E-16, 0.3926990816987241950, 0.7853981633974482790, 1.178097245096172418, 1.570796326794896558 ),
 ( 0.000000000000000000, 1.000000000000000000 ),
 .UNSPECIFIED. ) 
 GEOMETRIC_REPRESENTATION_ITEM ( )  RATIONAL_B_SPLINE_SURFACE ( (
 ( 1.000000000000000000, 0.8571673007021106683, 1.000000000000000000),
 ( 1.000000000000000000, 0.8571762354313984256, 1.000000000000000000),
 ( 1.000000000000000000, 0.8536243061395523135, 1.000000000000000000),
 ( 1.000000000000000000, 0.8397363571297753460, 1.000000000000000000),
 ( 1.000000000000000000, 0.8293899135343139051, 1.000000000000000000),
 ( 1.000000000000000000, 0.8027660383404731093, 1.000000000000000000),
 ( 1.000000000000000000, 0.7864851969310350244, 1.000000000000000000),
 ( 1.000000000000000000, 0.7495219573782833100, 1.000000000000000000),
 ( 1.000000000000000000, 0.7288478432939542451, 1.000000000000000000),
 ( 1.000000000000000000, 0.7071067811865473507, 1.000000000000000000) ) ) 
 REPRESENTATION_ITEM ( '' )  SURFACE ( )  );
#2808 = CARTESIAN_POINT ( 'NONE',  ( 14.00000000000000178, -32.50000000000000000, 0.000000000000000000 ) ) ;
#2809 = DIRECTION ( 'NONE',  ( -0.000000000000000000, 1.000000000000000000, -0.000000000000000000 ) ) ;
#2810 = CARTESIAN_POINT ( 'NONE',  ( 30.64128121339342670, 10.83336907906230451, -9.960379433479369382 ) ) ;
#2811 = EDGE_LOOP ( 'NONE', ( #1948, #2801 ) ) ;
#2812 = DIRECTION ( 'NONE',  ( 0.000000000000000000, 0.000000000000000000, -1.000000000000000000 ) ) ;
#2813 = CARTESIAN_POINT ( 'NONE',  ( 32.27844735830777978, 3.882901872014504985, -18.17917377548028668 ) ) ;
#2814 = EDGE_LOOP ( 'NONE', ( #3408, #3205 ) ) ;
#2815 = VERTEX_POINT ( 'NONE', #3651 ) ;
#2816 = EDGE_LOOP ( 'NONE', ( #1497, #766, #1362, #1077 ) ) ;
#2817 = DIRECTION ( 'NONE',  ( 0.000000000000000000, 0.000000000000000000, 1.000000000000000000 ) ) ;
#2818 = CARTESIAN_POINT ( 'NONE',  ( 97.56718795580270864, -23.09467967815663059, -20.46057124449299636 ) ) ;
#2819 = ADVANCED_FACE ( 'NONE', ( #1971 ), #1097, .F. ) ;
#2820 = LINE ( 'NONE', #1686, #1308 ) ;
#2821 = CARTESIAN_POINT ( 'NONE',  ( 117.0029354999198716, -32.50000000000000711, 0.000000000000000000 ) ) ;
#2822 = EDGE_CURVE ( 'NONE', #535, #3279, #2276, .T. ) ;
#2823 = ADVANCED_FACE ( 'NONE', ( #574 ), #1697, .T. ) ;
#2824 = CARTESIAN_POINT ( 'NONE',  ( -14.00000000000000178, -29.33001875212493204, 0.000000000000000000 ) ) ;
#2825 = DIRECTION ( 'NONE',  ( 1.000000000000000000, -6.938893903907221278E-15, 1.734723475976806897E-15 ) ) ;
#2826 = LINE ( 'NONE', #297, #1289 ) ;
#2827 = AXIS2_PLACEMENT_3D ( 'NONE', #3599, #1882, #1594 ) ;
#2828 = EDGE_LOOP ( 'NONE', ( #1836, #789, #3430, #268 ) ) ;
#2829 = CARTESIAN_POINT ( 'NONE',  ( 31.42499245379376660, 8.400289007742930636, -5.046360320185679704 ) ) ;
#2830 = VERTEX_POINT ( 'NONE', #815 ) ;
#2831 = ORIENTED_EDGE ( 'NONE', *, *, #1390, .T. ) ;
#2832 = ORIENTED_EDGE ( 'NONE', *, *, #3167, .T. ) ;
#2833 = DIRECTION ( 'NONE',  ( -0.000000000000000000, -0.000000000000000000, -1.000000000000000000 ) ) ;
#2834 = CARTESIAN_POINT ( 'NONE',  ( 97.85400731281387721, -21.18935935594479147, -18.99999999999999645 ) ) ;
#2835 = ORIENTED_EDGE ( 'NONE', *, *, #2822, .T. ) ;
#2836 = CARTESIAN_POINT ( 'NONE',  ( 107.3915935358305234, -23.00000000000074962, 2.000000000000000000 ) ) ;
#2837 = DIRECTION ( 'NONE',  ( -6.982962677686266711E-15, -1.000000000000000000, -0.000000000000000000 ) ) ;
#2838 = CARTESIAN_POINT ( 'NONE',  ( 31.95986916869196648, -25.00000000000022382, 18.64281306682543971 ) ) ;
#2839 = LINE ( 'NONE', #1176, #2482 ) ;
#2840 = CARTESIAN_POINT ( 'NONE',  ( 74.00000000000001421, 6.123233995736752477E-16, -4.500000000000010658 ) ) ;
#2841 = ADVANCED_FACE ( 'NONE', ( #1151 ), #1444, .T. ) ;
#2842 = AXIS2_PLACEMENT_3D ( 'NONE', #761, #1121, #784 ) ;
#2843 = FACE_OUTER_BOUND ( 'NONE', #2416, .T. ) ;
#2844 = DIRECTION ( 'NONE',  ( -0.000000000000000000, 1.000000000000000000, -0.000000000000000000 ) ) ;
#2845 = ORIENTED_EDGE ( 'NONE', *, *, #424, .T. ) ;
#2846 = AXIS2_PLACEMENT_3D ( 'NONE', #2118, #184, #2979 ) ;
#2847 = CARTESIAN_POINT ( 'NONE',  ( 40.00000000000010658, -23.00000000000027711, -36.00000000000000000 ) ) ;
#2848 = CARTESIAN_POINT ( 'NONE',  ( 31.47943431753841992, 8.097414474963748887, -1.823109337613506797 ) ) ;
#2849 = ORIENTED_EDGE ( 'NONE', *, *, #2505, .F. ) ;
#2850 = ORIENTED_EDGE ( 'NONE', *, *, #1390, .F. ) ;
#2851 = ORIENTED_EDGE ( 'NONE', *, *, #2908, .T. ) ;
#2852 = DIRECTION ( 'NONE',  ( 1.000000000000000000, -6.938893903907228378E-15, 8.673617379884035472E-16 ) ) ;
#2853 = CARTESIAN_POINT ( 'NONE',  ( 98.78701370387760505, -23.21604655529252170, -20.17643902595561300 ) ) ;
#2854 = AXIS2_PLACEMENT_3D ( 'NONE', #191, #1296, #3045 ) ;
#2855 = CIRCLE ( 'NONE', #550, 1.700000000000000178 ) ;
#2856 = ORIENTED_EDGE ( 'NONE', *, *, #1270, .T. ) ;
#2857 = AXIS2_PLACEMENT_3D ( 'NONE', #2341, #2844, #3441 ) ;
#2858 = CARTESIAN_POINT ( 'NONE',  ( 106.9436292741277725, -25.00000000000074252, 12.39858556911251952 ) ) ;
#2859 = CARTESIAN_POINT ( 'NONE',  ( 116.0953701582506312, -22.54181311672193999, 0.000000000000000000 ) ) ;
#2860 = CARTESIAN_POINT ( 'NONE',  ( -32.36124225056881443, -3.000000000000000000, -19.00000000000000000 ) ) ;
#2861 = AXIS2_PLACEMENT_3D ( 'NONE', #2105, #2692, #1277 ) ;
#2862 = CARTESIAN_POINT ( 'NONE',  ( 115.2370403142020194, -30.50000000000000355, 1.061056874428222940 ) ) ;
#2863 = CARTESIAN_POINT ( 'NONE',  ( 27.46536498627757794, -23.00000000000019185, 4.681484457228615170 ) ) ;
#2864 = ADVANCED_FACE ( 'NONE', ( #3356 ), #3001, .T. ) ;
#2865 = LINE ( 'NONE', #3250, #2411 ) ;
#2866 = AXIS2_PLACEMENT_3D ( 'NONE', #2881, #1758, #2245 ) ;
#2867 = EDGE_CURVE ( 'NONE', #3393, #2830, #2127, .T. ) ;
#2868 = ORIENTED_EDGE ( 'NONE', *, *, #1729, .F. ) ;
#2869 = FACE_OUTER_BOUND ( 'NONE', #499, .T. ) ;
#2870 = CARTESIAN_POINT ( 'NONE',  ( 30.64134411069792208, 10.83319117861697656, -8.732051902413434874 ) ) ;
#2871 = ORIENTED_EDGE ( 'NONE', *, *, #2062, .F. ) ;
#2872 = EDGE_CURVE ( 'NONE', #3148, #821, #3219, .T. ) ;
#2873 = VERTEX_POINT ( 'NONE', #1812 ) ;
#2874 = CARTESIAN_POINT ( 'NONE',  ( 16.67212326885296747, -23.34722132976983033, 0.000000000000000000 ) ) ;
#2875 = ORIENTED_EDGE ( 'NONE', *, *, #2340, .T. ) ;
#2876 = VECTOR ( 'NONE', #56, 1000.000000000000000 ) ;
#2877 = CARTESIAN_POINT ( 'NONE',  ( 14.00000000000000178, -32.50000000000000000, 2.000000000000000000 ) ) ;
#2878 = CARTESIAN_POINT ( 'NONE',  ( 117.0029354999199143, -25.00000000000081712, 0.000000000000000000 ) ) ;
#2879 = DIRECTION ( 'NONE',  ( 1.000000000000000000, -0.000000000000000000, 0.000000000000000000 ) ) ;
#2880 = CARTESIAN_POINT ( 'NONE',  ( 115.3111704020849686, -30.65790073020783524, 0.9216384562682713444 ) ) ;
#2881 = CARTESIAN_POINT ( 'NONE',  ( 50.00000000000009948, -23.00000000000035172, -36.00000000000000711 ) ) ;
#2882 = CARTESIAN_POINT ( 'NONE',  ( 108.7095244598456389, -25.00000000000076028, 13.33752869468429125 ) ) ;
#2883 = DIRECTION ( 'NONE',  ( 0.000000000000000000, 0.000000000000000000, 1.000000000000000000 ) ) ;
#2884 = CARTESIAN_POINT ( 'NONE',  ( 40.00000000000009237, -25.00000000000028066, -20.99999999999999645 ) ) ;
#2885 = CIRCLE ( 'NONE', #107, 4.000000000000000000 ) ;
#2886 = CARTESIAN_POINT ( 'NONE',  ( 115.2370403142020194, -30.50000000000000355, 1.061056874428222940 ) ) ;
#2887 = CARTESIAN_POINT ( 'NONE',  ( 31.22112668047109807, 9.134969738001686324, -6.867992293798195647 ) ) ;
#2888 = AXIS2_PLACEMENT_3D ( 'NONE', #2717, #1337, #470 ) ;
#2889 = ORIENTED_EDGE ( 'NONE', *, *, #1765, .F. ) ;
#2890 = EDGE_CURVE ( 'NONE', #3031, #3377, #2232, .T. ) ;
#2891 = LINE ( 'NONE', #425, #3621 ) ;
#2892 = ADVANCED_FACE ( 'NONE', ( #1284 ), #1537, .T. ) ;
#2893 = VERTEX_POINT ( 'NONE', #2967 ) ;
#2894 = DIRECTION ( 'NONE',  ( -6.982962677686267499E-15, -1.000000000000000000, 0.000000000000000000 ) ) ;
#2895 = CARTESIAN_POINT ( 'NONE',  ( 38.00000000000000711, -37.00000000000026290, -20.99999999999999645 ) ) ;
#2896 = AXIS2_PLACEMENT_3D ( 'NONE', #884, #2883, #936 ) ;
#2897 = CARTESIAN_POINT ( 'NONE',  ( -29.44357369540640690, -1.831110289940143687, -5.615473266283204090 ) ) ;
#2898 = CARTESIAN_POINT ( 'NONE',  ( 27.46536498627757794, -25.30000000000018900, 8.081484457228626184 ) ) ;
#2899 = DIRECTION ( 'NONE',  ( 6.938893903907222067E-15, 1.000000000000000000, 0.000000000000000000 ) ) ;
#2900 = DIRECTION ( 'NONE',  ( 1.000000000000000000, 0.000000000000000000, 0.000000000000000000 ) ) ;
#2901 = CARTESIAN_POINT ( 'NONE',  ( 32.19182634033953150, 5.028938066641995164, -19.00000000000000355 ) ) ;
#2902 =( BOUNDED_SURFACE ( )  B_SPLINE_SURFACE ( 3, 2, ( 
 ( #2488, #3346, #805 ),
 ( #2512, #259, #1375 ),
 ( #3643, #824, #2794 ),
 ( #1380, #750, #1032 ),
 ( #829, #1598, #1070 ),
 ( #243, #1093, #1678 ),
 ( #1053, #3291, #2516 ),
 ( #2235, #2475, #1869 ),
 ( #1887, #2813, #1306 ),
 ( #2774, #811, #2151 ),
 ( #2437, #533, #3569 ),
 ( #3056, #1641, #2456 ),
 ( #3371, #3010, #222 ),
 ( #3586, #1110, #1946 ),
 ( #473, #2171, #3094 ),
 ( #768, #3033, #1360 ),
 ( #3308, #3352, #2755 ),
 ( #3330, #496, #3647 ),
 ( #1619, #2189, #3604 ),
 ( #2215, #2494, #2736 ),
 ( #554, #3626, #203 ),
 ( #1342, #1325, #792 ),
 ( #1931, #1911, #517 ),
 ( #3074, #1658, #265 ),
 ( #1734, #3151, #3171 ),
 ( #1163, #866, #25 ),
 ( #283, #1128, #73 ),
 ( #2272, #610, #2870 ),
 ( #628, #340, #924 ),
 ( #3185, #1145, #1748 ),
 ( #848, #2887, #1458 ),
 ( #1397, #357, #643 ),
 ( #2573, #907, #3406 ),
 ( #2533, #2038, #7 ),
 ( #1182, #2829, #1763 ),
 ( #2292, #2308, #2252 ),
 ( #1981, #3388, #570 ),
 ( #3130, #1965, #2003 ),
 ( #1711, #589, #2848 ),
 ( #3111, #1693, #3445 ),
 ( #300, #1413, #2022 ),
 ( #2551, #3426, #320 ),
 ( #1437, #42, #887 ),
 ( #2590, #1476, #59 ),
 ( #2608, #1200, #2327 ),
 ( #3462, #2360, #955 ),
 ( #2128, #392, #1265 ),
 ( #3272, #406, #3220 ),
 ( #2345, #1827, #2373 ),
 ( #657, #1507, #2697 ),
 ( #1522, #729, #2642 ),
 ( #1494, #1010, #94 ) ),
 .UNSPECIFIED., .F., .F., .F. ) 
 B_SPLINE_SURFACE_WITH_KNOTS ( ( 4, 2, 2, 2, 2, 2, 2, 2, 2, 2, 2, 2, 2, 2, 2, 2, 2, 2, 2, 2, 2, 2, 2, 2, 2, 4 ),
 ( 3, 3 ),
 ( 0.02088032298717793986, 0.02202424698385710422, 0.02316817098053627205, 0.02545601897389460078, 0.02659994297057376514, 0.02774386696725292950, 0.03003171496061125822, 0.03117563895729042259, 0.03231956295396958695, 0.03346348695064875478, 0.03460741094732791567, 0.03689525894068624440, 0.03803918293736541223, 0.03918310693404457312, 0.04147095492740290185, 0.04261487892408206968, 0.04375880292076123057, 0.04490272691744039146, 0.04604665091411955929, 0.04833449890747788802, 0.04947842290415704891, 0.05062234690083621674, 0.05291019489419454547, 0.05405411889087371330, 0.05519804288755288113, 0.05748589088091120985 ),
 ( 0.000000000000000000, 1.000000000000000000 ),
 .UNSPECIFIED. ) 
 GEOMETRIC_REPRESENTATION_ITEM ( )  RATIONAL_B_SPLINE_SURFACE ( (
 ( 1.000000000000000000, 0.7071488026775156754, 1.000000000000000000),
 ( 1.000000000000000000, 0.7070010476229309226, 1.000000000000000000),
 ( 1.000000000000000000, 0.7072427339956939285, 1.000000000000000000),
 ( 1.000000000000000000, 0.7085050947497908425, 1.000000000000000000),
 ( 1.000000000000000000, 0.7095351715944764326, 1.000000000000000000),
 ( 1.000000000000000000, 0.7137105144628701492, 1.000000000000000000),
 ( 1.000000000000000000, 0.7179056315487981621, 1.000000000000000000),
 ( 1.000000000000000000, 0.7257902944465315365, 1.000000000000000000),
 ( 1.000000000000000000, 0.7286910852639419955, 1.000000000000000000),
 ( 1.000000000000000000, 0.7349060773459611395, 1.000000000000000000),
 ( 1.000000000000000000, 0.7381821507961923157, 1.000000000000000000),
 ( 1.000000000000000000, 0.7483395007679107813, 1.000000000000000000),
 ( 1.000000000000000000, 0.7555479922188569342, 1.000000000000000000),
 ( 1.000000000000000000, 0.7663886715414665041, 1.000000000000000000),
 ( 1.000000000000000000, 0.7699882771505973666, 1.000000000000000000),
 ( 1.000000000000000000, 0.7769538294874017703, 1.000000000000000000),
 ( 1.000000000000000000, 0.7803365873184033852, 1.000000000000000000),
 ( 1.000000000000000000, 0.7868177677782366430, 1.000000000000000000),
 ( 1.000000000000000000, 0.7899163989613339210, 1.000000000000000000),
 ( 1.000000000000000000, 0.7957465722535018715, 1.000000000000000000),
 ( 1.000000000000000000, 0.7984918469151268683, 1.000000000000000000),
 ( 1.000000000000000000, 0.8059111308302446819, 1.000000000000000000),
 ( 1.000000000000000000, 0.8097947517916891380, 1.000000000000000000),
 ( 1.000000000000000000, 0.8137723851914935302, 1.000000000000000000),
 ( 1.000000000000000000, 0.8147900246899221210, 1.000000000000000000),
 ( 1.000000000000000000, 0.8161583769519079601, 1.000000000000000000),
 ( 1.000000000000000000, 0.8164979142547466040, 1.000000000000000000),
 ( 1.000000000000000000, 0.8164939024160520198, 1.000000000000000000),
 ( 1.000000000000000000, 0.8151371668812590343, 1.000000000000000000),
 ( 1.000000000000000000, 0.8111349502996917371, 1.000000000000000000),
 ( 1.000000000000000000, 0.8094692825051755802, 1.000000000000000000),
 ( 1.000000000000000000, 0.8055988961845202967, 1.000000000000000000),
 ( 1.000000000000000000, 0.8033871317135600210, 1.000000000000000000),
 ( 1.000000000000000000, 0.7984725729896265944, 1.000000000000000000),
 ( 1.000000000000000000, 0.7957696166242866909, 1.000000000000000000),
 ( 1.000000000000000000, 0.7899321247888533293, 1.000000000000000000),
 ( 1.000000000000000000, 0.7867814551865798256, 1.000000000000000000),
 ( 1.000000000000000000, 0.7769774310359449654, 1.000000000000000000),
 ( 1.000000000000000000, 0.7699347926278233833, 1.000000000000000000),
 ( 1.000000000000000000, 0.7591684056159353489, 1.000000000000000000),
 ( 1.000000000000000000, 0.7555323049585056516, 1.000000000000000000),
 ( 1.000000000000000000, 0.7483604306128532890, 1.000000000000000000),
 ( 1.000000000000000000, 0.7448525697658829881, 1.000000000000000000),
 ( 1.000000000000000000, 0.7347166088159305941, 1.000000000000000000),
 ( 1.000000000000000000, 0.7284715719197156769, 1.000000000000000000),
 ( 1.000000000000000000, 0.7205344352952602893, 1.000000000000000000),
 ( 1.000000000000000000, 0.7181349560967358325, 1.000000000000000000),
 ( 1.000000000000000000, 0.7140223061671886473, 1.000000000000000000),
 ( 1.000000000000000000, 0.7122921108367543663, 1.000000000000000000),
 ( 1.000000000000000000, 0.7081680260373036662, 1.000000000000000000),
 ( 1.000000000000000000, 0.7068421926866976790, 1.000000000000000000),
 ( 1.000000000000000000, 0.7071498365451531765, 1.000000000000000000) ) ) 
 REPRESENTATION_ITEM ( '' )  SURFACE ( )  );
#2903 = CARTESIAN_POINT ( 'NONE',  ( 117.0029354999198858, -30.50000000000000355, 2.000000000000000000 ) ) ;
#2904 = LINE ( 'NONE', #2392, #2166 ) ;
#2905 = ORIENTED_EDGE ( 'NONE', *, *, #1167, .F. ) ;
#2906 = AXIS2_PLACEMENT_3D ( 'NONE', #3552, #2176, #1552 ) ;
#2907 = EDGE_CURVE ( 'NONE', #3202, #2024, #2045, .T. ) ;
#2908 = EDGE_CURVE ( 'NONE', #2225, #2114, #581, .T. ) ;
#2909 = ORIENTED_EDGE ( 'NONE', *, *, #1850, .T. ) ;
#2910 = CARTESIAN_POINT ( 'NONE',  ( 112.0863091636892932, -37.00000000000078160, -14.31382434750674193 ) ) ;
#2911 = AXIS2_PLACEMENT_3D ( 'NONE', #2009, #1974, #3158 ) ;
#2912 = AXIS2_PLACEMENT_3D ( 'NONE', #3538, #1805, #1022 ) ;
#2913 = CARTESIAN_POINT ( 'NONE',  ( -29.46214392360542078, -1.503021049590734792, -5.396183500662547594 ) ) ;
#2914 = VECTOR ( 'NONE', #1261, 1000.000000000000000 ) ;
#2915 = CARTESIAN_POINT ( 'NONE',  ( 74.00000000000001421, 0.000000000000000000, -19.00000000000000000 ) ) ;
#2916 = DIRECTION ( 'NONE',  ( 1.000000000000000000, -1.224646799147353207E-16, 0.000000000000000000 ) ) ;
#2917 = CARTESIAN_POINT ( 'NONE',  ( 50.00000000000009948, -25.30000000000034888, -36.00000000000000711 ) ) ;
#2918 = CARTESIAN_POINT ( 'NONE',  ( -13.87539273734691747, -29.38949712109176460, -1.645408557427437134E-15 ) ) ;
#2919 = CARTESIAN_POINT ( 'NONE',  ( 16.29385685393197036, -23.00000000000011724, 2.000000000000000000 ) ) ;
#2920 = VECTOR ( 'NONE', #2214, 1000.000000000000000 ) ;
#2921 = CARTESIAN_POINT ( 'NONE',  ( -32.36124225056880732, -3.000000000000002220, -7.801712766637355578 ) ) ;
#2922 = DIRECTION ( 'NONE',  ( 1.000000000000000000, 0.000000000000000000, 0.000000000000000000 ) ) ;
#2923 = EDGE_LOOP ( 'NONE', ( #178, #1949, #1630 ) ) ;
#2924 = DIRECTION ( 'NONE',  ( -0.000000000000000000, -0.000000000000000000, -1.000000000000000000 ) ) ;
#2925 = ORIENTED_EDGE ( 'NONE', *, *, #2989, .T. ) ;
#2926 = VERTEX_POINT ( 'NONE', #3565 ) ;
#2927 = DIRECTION ( 'NONE',  ( -0.000000000000000000, 1.000000000000000000, -0.000000000000000000 ) ) ;
#2928 = CARTESIAN_POINT ( 'NONE',  ( 50.00000000000009948, -23.00000000000035172, -36.00000000000000711 ) ) ;
#2929 = CARTESIAN_POINT ( 'NONE',  ( 19.23865912518520815, -24.66138828671049055, -4.586521581459532875E-14 ) ) ;
#2930 = DIRECTION ( 'NONE',  ( -0.8933052790298480206, 6.895700063247662646E-15, -0.4494504182414401083 ) ) ;
#2931 = EDGE_CURVE ( 'NONE', #244, #3103, #2508, .T. ) ;
#2932 = EDGE_CURVE ( 'NONE', #2394, #1767, #142, .T. ) ;
#2933 = CARTESIAN_POINT ( 'NONE',  ( -12.71467467592059108, -29.90982407871535287, 0.4621435823876737237 ) ) ;
#2934 = LINE ( 'NONE', #1007, #258 ) ;
#2935 = ADVANCED_FACE ( 'NONE', ( #1865 ), #880, .F. ) ;
#2936 = CARTESIAN_POINT ( 'NONE',  ( -32.46558553027152527, -1.504225876022367459, -5.396886789081842828 ) ) ;
#2937 = DIRECTION ( 'NONE',  ( -6.982962677686266711E-15, -1.000000000000000000, 0.000000000000000000 ) ) ;
#2938 = ORIENTED_EDGE ( 'NONE', *, *, #82, .T. ) ;
#2939 = LINE ( 'NONE', #3513, #2205 ) ;
#2940 = ORIENTED_EDGE ( 'NONE', *, *, #1320, .T. ) ;
#2941 = ORIENTED_EDGE ( 'NONE', *, *, #220, .T. ) ;
#2942 = PLANE ( 'NONE',  #2799 ) ;
#2943 = CYLINDRICAL_SURFACE ( 'NONE', #2261, 8.000000000000000000 ) ;
#2944 = DIRECTION ( 'NONE',  ( -0.000000000000000000, 1.000000000000000000, -0.000000000000000000 ) ) ;
#2945 = FACE_OUTER_BOUND ( 'NONE', #327, .T. ) ;
#2946 = SHAPE_DEFINITION_REPRESENTATION ( #670, #1219 ) ;
#2947 = LINE ( 'NONE', #121, #3029 ) ;
#2948 = ADVANCED_FACE ( 'NONE', ( #3006, #528, #511, #1106 ), #1321, .T. ) ;
#2949 = CARTESIAN_POINT ( 'NONE',  ( 114.0353190761469477, -23.00000000000079581, -0.9389431255717735070 ) ) ;
#2950 = CIRCLE ( 'NONE', #2305, 9.999999999999994671 ) ;
#2951 = DIRECTION ( 'NONE',  ( -0.000000000000000000, -0.000000000000000000, -1.000000000000000000 ) ) ;
#2952 = CARTESIAN_POINT ( 'NONE',  ( 0.000000000000000000, 0.000000000000000000, 1.999999999999998224 ) ) ;
#2953 = ORIENTED_EDGE ( 'NONE', *, *, #421, .F. ) ;
#2954 = DIRECTION ( 'NONE',  ( -0.000000000000000000, -0.000000000000000000, -1.000000000000000000 ) ) ;
#2955 = ORIENTED_EDGE ( 'NONE', *, *, #1003, .F. ) ;
#2956 = ORIENTED_EDGE ( 'NONE', *, *, #2143, .F. ) ;
#2957 = ORIENTED_EDGE ( 'NONE', *, *, #84, .T. ) ;
#2958 = LINE ( 'NONE', #381, #3501 ) ;
#2959 = AXIS2_PLACEMENT_3D ( 'NONE', #207, #755, #3280 ) ;
#2960 = FACE_OUTER_BOUND ( 'NONE', #2517, .T. ) ;
#2961 = CARTESIAN_POINT ( 'NONE',  ( -32.50200000000000244, -16.50000000000000000, -19.00000000000000000 ) ) ;
#2962 = LINE ( 'NONE', #1006, #317 ) ;
#2963 = CALENDAR_DATE ( 2026, 5, 8 ) ;
#2964 = AXIS2_PLACEMENT_3D ( 'NONE', #1334, #3597, #1629 ) ;
#2965 = DIRECTION ( 'NONE',  ( 0.000000000000000000, -1.000000000000000000, 0.000000000000000000 ) ) ;
#2966 = DIRECTION ( 'NONE',  ( 1.000000000000000000, 0.000000000000000000, 0.000000000000000000 ) ) ;
#2967 = CARTESIAN_POINT ( 'NONE',  ( 127.0000000000000000, -30.50000000000000355, -17.00000000000000000 ) ) ;
#2968 = ADVANCED_FACE ( 'NONE', ( #548 ), #1086, .T. ) ;
#2969 = CARTESIAN_POINT ( 'NONE',  ( 18.63588905768822102, -32.50000000000000000, 1.686768829369762912 ) ) ;
#2970 = ADVANCED_FACE ( 'NONE', ( #3618 ), #1044, .T. ) ;
#2971 = VERTEX_POINT ( 'NONE', #2767 ) ;
#2972 = EDGE_CURVE ( 'NONE', #2280, #632, #2530, .T. ) ;
#2973 = CARTESIAN_POINT ( 'NONE',  ( 117.0029354999199427, -23.00000000000081712, 2.000000000000000000 ) ) ;
#2974 = AXIS2_PLACEMENT_3D ( 'NONE', #1013, #1287, #1835 ) ;
#2975 = ADVANCED_FACE ( 'NONE', ( #2144 ), #490, .F. ) ;
#2976 = ORIENTED_EDGE ( 'NONE', *, *, #532, .F. ) ;
#2977 = ORIENTED_EDGE ( 'NONE', *, *, #1657, .T. ) ;
#2978 = ORIENTED_EDGE ( 'NONE', *, *, #2747, .T. ) ;
#2979 = DIRECTION ( 'NONE',  ( 1.000000000000000000, 0.000000000000000000, -0.000000000000000000 ) ) ;
#2980 = DIRECTION ( 'NONE',  ( -6.982962677686267499E-15, -1.000000000000000000, 0.000000000000000000 ) ) ;
#2981 = CARTESIAN_POINT ( 'NONE',  ( 0.000000000000000000, -32.50000000000000000, -19.00000000000000000 ) ) ;
#2982 = CARTESIAN_POINT ( 'NONE',  ( 17.41185228038133914, -22.30923007957054338, 0.000000000000000000 ) ) ;
#2983 = CARTESIAN_POINT ( 'NONE',  ( 95.25133272571180498, -21.00000000000066436, -20.99999999999999645 ) ) ;
#2984 = APPROVAL_ROLE ( '' ) ;
#2985 = CARTESIAN_POINT ( 'NONE',  ( 116.3186591229121944, -32.26784829383051090, -0.9731722445294096469 ) ) ;
#2986 = CARTESIAN_POINT ( 'NONE',  ( -32.36306349230789436, -2.980534664840506220, -7.606759919148229798 ) ) ;
#2987 = CYLINDRICAL_SURFACE ( 'NONE', #1575, 1.700000000000006173 ) ;
#2988 = FACE_OUTER_BOUND ( 'NONE', #3191, .T. ) ;
#2989 = EDGE_CURVE ( 'NONE', #1411, #422, #1228, .T. ) ;
#2990 = CARTESIAN_POINT ( 'NONE',  ( -29.35682253267689035, 2.903181951783728287, -7.219007501037298269 ) ) ;
#2991 = B_SPLINE_CURVE_WITH_KNOTS ( 'NONE', 3,
 ( #3348, #2186, #1653, #844, #2529, #513, #1357, #3305, #2169, #2513, #2453, #1323, #2248, #3327, #1616, #2810, #1046, #1123, #551, #764, #2231, #788, #279, #3088, #219, #2770, #3365, #3030, #3383, #825 ),
 .UNSPECIFIED., .F., .F.,
 ( 4, 2, 2, 2, 2, 2, 2, 2, 2, 2, 2, 2, 2, 2, 4 ),
 ( 0.000000000000000000, 0.001397582351471546823, 0.002795164702943093646, 0.004192747054414640469, 0.005590329405886187292, 0.008385494108829279203, 0.009783076460300823424, 0.01118065881177236938, 0.01257824116324391360, 0.01397582351471545782, 0.01537340586618700204, 0.01677098821765854800, 0.01956615292060164685, 0.02096373527207319801, 0.02236131762354474917 ),
 .UNSPECIFIED. ) ;
#2992 = VERTEX_POINT ( 'NONE', #2167 ) ;
#2993 = ORIENTED_EDGE ( 'NONE', *, *, #1126, .F. ) ;
#2994 = EDGE_CURVE ( 'NONE', #889, #3192, #3086, .T. ) ;
#2995 = EDGE_LOOP ( 'NONE', ( #666, #323, #5, #908 ) ) ;
#2996 = EDGE_CURVE ( 'NONE', #1786, #286, #1864, .T. ) ;
#2997 = PLANE ( 'NONE',  #771 ) ;
#2998 = VECTOR ( 'NONE', #3468, 1000.000000000000000 ) ;
#2999 = DIRECTION ( 'NONE',  ( -0.000000000000000000, -1.000000000000000000, 0.000000000000000000 ) ) ;
#3000 = FACE_OUTER_BOUND ( 'NONE', #2722, .T. ) ;
#3001 = TOROIDAL_SURFACE ( 'NONE', #1403, 7.999999999999994671, 2.000000000000000000 ) ;
#3002 = CARTESIAN_POINT ( 'NONE',  ( 33.40107268001686691, 7.149891860485496409, -3.214583500354102785 ) ) ;
#3003 = DIRECTION ( 'NONE',  ( 1.000000000000000000, -0.000000000000000000, 0.000000000000000000 ) ) ;
#3004 = PERSON_AND_ORGANIZATION ( #3212, #1667 ) ;
#3005 = CARTESIAN_POINT ( 'NONE',  ( 125.0000000000000000, -30.50000000000000000, -17.00000000000000000 ) ) ;
#3006 = FACE_BOUND ( 'NONE', #3334, .T. ) ;
#3007 = DIRECTION ( 'NONE',  ( -0.4694715627858861429, 0.000000000000000000, 0.8829475928589294309 ) ) ;
#3008 = VERTEX_POINT ( 'NONE', #3303 ) ;
#3009 = DIRECTION ( 'NONE',  ( 1.000000000000000000, -1.224646799147353207E-16, 0.000000000000000000 ) ) ;
#3010 = CARTESIAN_POINT ( 'NONE',  ( 31.96773154274947615, 5.982573096170803240, -16.91301018745047813 ) ) ;
#3011 = ORIENTED_EDGE ( 'NONE', *, *, #1655, .F. ) ;
#3012 = VERTEX_POINT ( 'NONE', #762 ) ;
#3013 = EDGE_LOOP ( 'NONE', ( #1345, #868, #1934, #3243 ) ) ;
#3014 = DIRECTION ( 'NONE',  ( -0.000000000000000000, 1.000000000000000000, -0.000000000000000000 ) ) ;
#3015 = DIRECTION ( 'NONE',  ( 0.000000000000000000, 0.000000000000000000, -1.000000000000000000 ) ) ;
#3016 = EDGE_CURVE ( 'NONE', #3373, #3036, #3024, .T. ) ;
#3017 = DIRECTION ( 'NONE',  ( 1.000000000000000000, -0.000000000000000000, -0.000000000000000000 ) ) ;
#3018 = ADVANCED_FACE ( 'NONE', ( #1066 ), #1336, .F. ) ;
#3019 = CARTESIAN_POINT ( 'NONE',  ( 33.65614630557443121, 6.280803090515611586, -2.346055163140605693 ) ) ;
#3020 = AXIS2_PLACEMENT_3D ( 'NONE', #1569, #3014, #1057 ) ;
#3021 = CARTESIAN_POINT ( 'NONE',  ( 19.39306419163730055, -23.24903185446582654, 2.434367753397368883 ) ) ;
#3022 = ORIENTED_EDGE ( 'NONE', *, *, #579, .F. ) ;
#3023 = DIRECTION ( 'NONE',  ( 0.000000000000000000, 0.000000000000000000, 1.000000000000000000 ) ) ;
#3024 = LINE ( 'NONE', #1613, #3299 ) ;
#3025 = AXIS2_PLACEMENT_3D ( 'NONE', #34, #912, #1172 ) ;
#3026 = CARTESIAN_POINT ( 'NONE',  ( 19.92249718325175323, -23.46396527969520918, 6.071532165918824830E-15 ) ) ;
#3027 = VECTOR ( 'NONE', #2690, 1000.000000000000000 ) ;
#3028 = AXIS2_PLACEMENT_3D ( 'NONE', #1589, #3282, #1876 ) ;
#3029 = VECTOR ( 'NONE', #1593, 1000.000000000000000 ) ;
#3030 = CARTESIAN_POINT ( 'NONE',  ( 31.77572577646873953, 6.831598606615703062, -18.43769368420870336 ) ) ;
#3031 = VERTEX_POINT ( 'NONE', #3323 ) ;
#3032 = FACE_OUTER_BOUND ( 'NONE', #1838, .T. ) ;
#3033 = CARTESIAN_POINT ( 'NONE',  ( 31.68882733411940933, 7.328309384255311976, -15.55954594838541638 ) ) ;
#3034 = AXIS2_PLACEMENT_3D ( 'NONE', #836, #1186, #1741 ) ;
#3035 = EDGE_LOOP ( 'NONE', ( #1460, #769, #1307, #2647 ) ) ;
#3036 = VERTEX_POINT ( 'NONE', #235 ) ;
#3037 = ORIENTED_EDGE ( 'NONE', *, *, #2035, .T. ) ;
#3038 = DIRECTION ( 'NONE',  ( 1.000000000000000000, -6.938893903907226800E-15, 0.000000000000000000 ) ) ;
#3039 = AXIS2_PLACEMENT_3D ( 'NONE', #41, #3385, #2812 ) ;
#3040 = CARTESIAN_POINT ( 'NONE',  ( 26.94902595642373555, -12.00000000000000355, -4.999999999999997335 ) ) ;
#3041 = DIRECTION ( 'NONE',  ( 2.043249581797112801E-16, -1.426793557088730952E-30, 1.000000000000000000 ) ) ;
#3042 = CIRCLE ( 'NONE', #3636, 4.199999999999995737 ) ;
#3043 = LINE ( 'NONE', #525, #3505 ) ;
#3044 = B_SPLINE_CURVE_WITH_KNOTS ( 'NONE', 3,
 ( #921, #3182, #2901, #3147, #2289, #1432, #3423, #1025, #2729, #3234, #436, #3490 ),
 .UNSPECIFIED., .F., .F.,
 ( 4, 2, 2, 2, 2, 4 ),
 ( 0.000000000000000000, 0.001655374252420308218, 0.003310748504840616436, 0.004966122757260924871, 0.005793809883471078871, 0.006621497009681232872 ),
 .UNSPECIFIED. ) ;
#3045 = DIRECTION ( 'NONE',  ( 0.000000000000000000, 0.000000000000000000, -1.000000000000000000 ) ) ;
#3046 = ORIENTED_EDGE ( 'NONE', *, *, #1929, .F. ) ;
#3047 = LINE ( 'NONE', #3106, #3313 ) ;
#3048 = ADVANCED_FACE ( 'NONE', ( #786 ), #2902, .F. ) ;
#3049 = DIRECTION ( 'NONE',  ( 1.000000000000000000, -0.000000000000000000, -0.000000000000000000 ) ) ;
#3050 = EDGE_CURVE ( 'NONE', #514, #632, #2904, .T. ) ;
#3051 = CARTESIAN_POINT ( 'NONE',  ( 99.88004853125636373, -37.00000000000174083, 6.942813066825426205 ) ) ;
#3052 = CYLINDRICAL_SURFACE ( 'NONE', #801, 4.199999999999995737 ) ;
#3053 = VECTOR ( 'NONE', #1215, 1000.000000000000000 ) ;
#3054 = VERTEX_POINT ( 'NONE', #2657 ) ;
#3055 = CARTESIAN_POINT ( 'NONE',  ( -32.50200000000000244, -32.50000000000000000, 0.000000000000000000 ) ) ;
#3056 = CARTESIAN_POINT ( 'NONE',  ( 33.80355980065211696, 5.722340917718610420, -17.10889542409839592 ) ) ;
#3057 = ORIENTED_EDGE ( 'NONE', *, *, #3145, .F. ) ;
#3058 = ORIENTED_EDGE ( 'NONE', *, *, #1461, .T. ) ;
#3059 = ORIENTED_EDGE ( 'NONE', *, *, #846, .F. ) ;
#3060 = FACE_BOUND ( 'NONE', #2758, .T. ) ;
#3061 = CARTESIAN_POINT ( 'NONE',  ( 103.2728945982164248, -24.79723062704587022, -18.99999999999999645 ) ) ;
#3062 = ORIENTED_EDGE ( 'NONE', *, *, #1435, .T. ) ;
#3063 = DIRECTION ( 'NONE',  ( -0.000000000000000000, 1.000000000000000000, -0.000000000000000000 ) ) ;
#3064 = DIRECTION ( 'NONE',  ( 0.000000000000000000, 0.000000000000000000, 1.000000000000000000 ) ) ;
#3065 = AXIS2_PLACEMENT_3D ( 'NONE', #3582, #1866, #1045 ) ;
#3066 = ORIENTED_EDGE ( 'NONE', *, *, #2247, .T. ) ;
#3067 = CARTESIAN_POINT ( 'NONE',  ( 42.00000000000009237, -25.00000000000029132, -20.99999999999999645 ) ) ;
#3068 = DIRECTION ( 'NONE',  ( -1.000000000000000000, 0.000000000000000000, 0.000000000000000000 ) ) ;
#3069 = FACE_OUTER_BOUND ( 'NONE', #427, .T. ) ;
#3070 = EDGE_CURVE ( 'NONE', #1346, #1361, #110, .T. ) ;
#3071 = ORIENTED_EDGE ( 'NONE', *, *, #1872, .T. ) ;
#3072 = VECTOR ( 'NONE', #104, 1000.000000000000000 ) ;
#3073 = LINE ( 'NONE', #531, #1089 ) ;
#3074 = CARTESIAN_POINT ( 'NONE',  ( 32.58107045354483944, 9.372730604776156937, -11.08148282641725757 ) ) ;
#3075 = ORIENTED_EDGE ( 'NONE', *, *, #2085, .T. ) ;
#3076 = ORIENTED_EDGE ( 'NONE', *, *, #1124, .T. ) ;
#3077 = ORIENTED_EDGE ( 'NONE', *, *, #1456, .F. ) ;
#3078 = FACE_OUTER_BOUND ( 'NONE', #2413, .T. ) ;
#3079 = CARTESIAN_POINT ( 'NONE',  ( 97.13658719818202769, -23.06192306025410943, -20.56087044627561156 ) ) ;
#3080 = B_SPLINE_CURVE_WITH_KNOTS ( 'NONE', 3,
 ( #67, #1224, #349, #1772, #2366, #2353, #2067, #635, #52, #1485, #2897, #2913, #2601, #2334, #1992, #1189, #2618, #3435 ),
 .UNSPECIFIED., .F., .F.,
 ( 4, 2, 2, 2, 2, 2, 2, 2, 4 ),
 ( 0.000000000000000000, 0.0005867252239435358794, 0.001173450447887071759, 0.001760175671830607746, 0.002346900895774143517, 0.002933626119717679288, 0.003520351343661215493, 0.004107076567604750830, 0.004693801791548287035 ),
 .UNSPECIFIED. ) ;
#3081 = ORIENTED_EDGE ( 'NONE', *, *, #3145, .T. ) ;
#3082 = CARTESIAN_POINT ( 'NONE',  ( 34.50000000000000000, 0.000000000000000000, 0.000000000000000000 ) ) ;
#3083 = CARTESIAN_POINT ( 'NONE',  ( 19.09987906734338026, -23.41014681485176396, 2.511449986901752585 ) ) ;
#3084 = ORIENTED_EDGE ( 'NONE', *, *, #274, .T. ) ;
#3085 = LINE ( 'NONE', #2182, #2795 ) ;
#3086 = LINE ( 'NONE', #1674, #1516 ) ;
#3087 = CLOSED_SHELL ( 'NONE', ( #384, #3516, #1386, #2681, #3515, #124, #3478, #728, #2383, #2574, #183, #3543, #2227, #1703, #386, #1945, #1078, #1831, #2598, #626, #1834, #3226, #1922, #1768, #1590, #3343, #1878, #1947, #1210, #646, #198, #2802, #1213, #2819, #1463, #2145, #687, #465, #2823, #665, #3102, #1230, #2525, #2635, #129, #2107, #2660, #3273, #2474, #2017, #1120, #3587, #875, #2427, #2638, #2948, #1297, #2935, #3018, #1901, #2749, #46, #3252, #1429, #2683, #1173, #1051, #3366, #2542, #3317, #3247, #2975, #2055, #2246, #826, #2060, #1568, #2323, #1004, #2970, #48, #2841, #2083, #3409, #2864, #2892, #1852, #3542, #582, #3048, #2249, #1665, #1482, #3198, #943, #2454, #196, #399, #647, #2968, #2546, #3581, #2481 ) ) ;
#3088 = CARTESIAN_POINT ( 'NONE',  ( 31.17673966483274839, 9.189216505661736534, -15.66107034863041214 ) ) ;
#3089 = ORIENTED_EDGE ( 'NONE', *, *, #292, .F. ) ;
#3090 = VECTOR ( 'NONE', #3414, 1000.000000000000000 ) ;
#3091 = EDGE_CURVE ( 'NONE', #753, #3628, #693, .T. ) ;
#3092 = DIRECTION ( 'NONE',  ( 0.000000000000000000, 0.000000000000000000, -1.000000000000000000 ) ) ;
#3093 = CIRCLE ( 'NONE', #2616, 2.000000000000000000 ) ;
#3094 = CARTESIAN_POINT ( 'NONE',  ( 31.47789408137347777, 8.089983627730441995, -17.15780470080031961 ) ) ;
#3095 = AXIS2_PLACEMENT_3D ( 'NONE', #308, #3415, #1406 ) ;
#3096 = ORIENTED_EDGE ( 'NONE', *, *, #360, .F. ) ;
#3097 = VERTEX_POINT ( 'NONE', #1814 ) ;
#3098 = ORIENTED_EDGE ( 'NONE', *, *, #3118, .T. ) ;
#3099 = CARTESIAN_POINT ( 'NONE',  ( 18.15577487598950768, -32.50000000000000000, 2.730247409538103742 ) ) ;
#3100 = EDGE_CURVE ( 'NONE', #2417, #3237, #1233, .T. ) ;
#3101 = CARTESIAN_POINT ( 'NONE',  ( 100.7221313189981089, -23.60917993548777361, -19.72569492359085430 ) ) ;
#3102 = ADVANCED_FACE ( 'NONE', ( #143 ), #2627, .F. ) ;
#3103 = VERTEX_POINT ( 'NONE', #1217 ) ;
#3104 = DIRECTION ( 'NONE',  ( -0.000000000000000000, 1.000000000000000000, -0.000000000000000000 ) ) ;
#3105 = CARTESIAN_POINT ( 'NONE',  ( 114.6832423325744514, -23.77090655836021327, 1.249158316376722588 ) ) ;
#3106 = CARTESIAN_POINT ( 'NONE',  ( 18.15577487598957163, -23.00000000000012790, 2.730247409538103298 ) ) ;
#3107 = LINE ( 'NONE', #3438, #3510 ) ;
#3108 = DIRECTION ( 'NONE',  ( 1.000000000000000000, -0.000000000000000000, -0.000000000000000000 ) ) ;
#3109 = ORIENTED_EDGE ( 'NONE', *, *, #2747, .F. ) ;
#3110 = LINE ( 'NONE', #241, #2023 ) ;
#3111 = CARTESIAN_POINT ( 'NONE',  ( 33.61088017709404596, 6.432646131180891125, -2.502251859049619220 ) ) ;
#3112 = ORIENTED_EDGE ( 'NONE', *, *, #1902, .F. ) ;
#3113 = ORIENTED_EDGE ( 'NONE', *, *, #3637, .T. ) ;
#3114 = ORIENTED_EDGE ( 'NONE', *, *, #424, .F. ) ;
#3115 = CARTESIAN_POINT ( 'NONE',  ( 103.2728945927835582, -23.00000000000072120, -20.99999999999999645 ) ) ;
#3116 = CARTESIAN_POINT ( 'NONE',  ( 97.62553318842439865, -22.68918967189204139, -18.99999999999999645 ) ) ;
#3117 = APPROVAL ( #2652, 'UNSPECIFIED' ) ;
#3118 = EDGE_CURVE ( 'NONE', #2236, #961, #404, .T. ) ;
#3119 = FACE_OUTER_BOUND ( 'NONE', #2995, .T. ) ;
#3120 = DIRECTION ( 'NONE',  ( -4.081702296416016983E-16, -0.000000000000000000, -1.000000000000000000 ) ) ;
#3121 = EDGE_CURVE ( 'NONE', #148, #648, #577, .T. ) ;
#3122 = CARTESIAN_POINT ( 'NONE',  ( 0.000000000000000000, 0.000000000000000000, 18.00000000000000000 ) ) ;
#3123 = CARTESIAN_POINT ( 'NONE',  ( 19.22499121006400458, -21.22857550703721330, 1.999999999999999112 ) ) ;
#3124 = CARTESIAN_POINT ( 'NONE',  ( 12.00000000000000178, 0.000000000000000000, 1.999999999999998224 ) ) ;
#3125 = AXIS2_PLACEMENT_3D ( 'NONE', #85, #1208, #3160 ) ;
#3126 = DIRECTION ( 'NONE',  ( 0.4999999999999978906, 0.8660254037844398178, 0.000000000000000000 ) ) ;
#3127 = AXIS2_PLACEMENT_3D ( 'NONE', #2750, #2228, #3580 ) ;
#3128 = ORIENTED_EDGE ( 'NONE', *, *, #624, .T. ) ;
#3129 = CARTESIAN_POINT ( 'NONE',  ( 109.0000000000000142, -16.50000000000000000, 0.000000000000000000 ) ) ;
#3130 = CARTESIAN_POINT ( 'NONE',  ( 33.28690101006447577, 7.500121068039258709, -3.635533801271414234 ) ) ;
#3131 = ORIENTED_EDGE ( 'NONE', *, *, #382, .F. ) ;
#3132 = EDGE_LOOP ( 'NONE', ( #3057, #2534, #2063, #945 ) ) ;
#3133 = ORIENTED_EDGE ( 'NONE', *, *, #2315, .T. ) ;
#3134 = CARTESIAN_POINT ( 'NONE',  ( 53.75577250228718640, -23.00000000000037303, -43.06358074287143722 ) ) ;
#3135 = CARTESIAN_POINT ( 'NONE',  ( 101.3549413279125275, -23.18566162074581172, -18.99999999999999645 ) ) ;
#3136 = DIRECTION ( 'NONE',  ( -0.000000000000000000, 1.000000000000000000, -0.000000000000000000 ) ) ;
#3137 = CARTESIAN_POINT ( 'NONE',  ( 115.2370403142020479, -25.00000000000080647, 1.061056874428228491 ) ) ;
#3138 = EDGE_CURVE ( 'NONE', #3202, #2254, #3236, .T. ) ;
#3139 = CIRCLE ( 'NONE', #1527, 7.999999999999992895 ) ;
#3140 = EDGE_CURVE ( 'NONE', #2992, #2097, #991, .T. ) ;
#3141 = CARTESIAN_POINT ( 'NONE',  ( 50.00000000000009948, -23.00000000000035172, -36.00000000000000711 ) ) ;
#3142 = CARTESIAN_POINT ( 'NONE',  ( 74.00000000000001421, 0.000000000000000000, 0.000000000000000000 ) ) ;
#3143 = DIRECTION ( 'NONE',  ( 0.4494504182414383320, 0.000000000000000000, -0.8933052790298487977 ) ) ;
#3144 = COORDINATED_UNIVERSAL_TIME_OFFSET ( 5, 30, .AHEAD. ) ;
#3145 = EDGE_CURVE ( 'NONE', #374, #180, #2111, .T. ) ;
#3146 = CARTESIAN_POINT ( 'NONE',  ( -3.031088913245544081, 1.749999999999995337, -4.999999999999997335 ) ) ;
#3147 = CARTESIAN_POINT ( 'NONE',  ( 32.58146372362748622, 3.996358277453128327, -19.00000000000000000 ) ) ;
#3148 = VERTEX_POINT ( 'NONE', #708 ) ;
#3149 = CIRCLE ( 'NONE', #1534, 4.199999999999995737 ) ;
#3150 = DIRECTION ( 'NONE',  ( 0.000000000000000000, 0.000000000000000000, -1.000000000000000000 ) ) ;
#3151 = CARTESIAN_POINT ( 'NONE',  ( 31.13924635449320988, 9.412012895345243990, -10.83464725033377540 ) ) ;
#3152 = ORIENTED_EDGE ( 'NONE', *, *, #1657, .F. ) ;
#3153 = VERTEX_POINT ( 'NONE', #2969 ) ;
#3154 = DIRECTION ( 'NONE',  ( -0.4694715627858861984, 0.000000000000000000, 0.8829475928589293199 ) ) ;
#3155 = VECTOR ( 'NONE', #3360, 1000.000000000000000 ) ;
#3156 = ORIENTED_EDGE ( 'NONE', *, *, #3387, .F. ) ;
#3157 = VECTOR ( 'NONE', #1518, 1000.000000000000000 ) ;
#3158 = DIRECTION ( 'NONE',  ( 0.000000000000000000, 0.000000000000000000, -1.000000000000000000 ) ) ;
#3159 = CARTESIAN_POINT ( 'NONE',  ( 0.000000000000000000, 0.000000000000000000, -5.000000000000000000 ) ) ;
#3160 = DIRECTION ( 'NONE',  ( 0.000000000000000000, 0.000000000000000000, -1.000000000000000000 ) ) ;
#3161 = VECTOR ( 'NONE', #1371, 1000.000000000000000 ) ;
#3162 = CARTESIAN_POINT ( 'NONE',  ( 115.5387914162536589, -31.12917944244101065, 0.4935455908522680124 ) ) ;
#3163 = DIRECTION ( 'NONE',  ( 0.000000000000000000, 0.000000000000000000, 1.000000000000000000 ) ) ;
#3164 = VECTOR ( 'NONE', #356, 1000.000000000000000 ) ;
#3165 = CARTESIAN_POINT ( 'NONE',  ( 8.000000000000000000, 9.797174393178825657E-16, 18.00000000000000000 ) ) ;
#3166 = CIRCLE ( 'NONE', #2380, 2.000000000000000888 ) ;
#3167 = EDGE_CURVE ( 'NONE', #1955, #1034, #1561, .T. ) ;
#3168 = EDGE_CURVE ( 'NONE', #2254, #1750, #2230, .T. ) ;
#3169 =( BOUNDED_CURVE ( )  B_SPLINE_CURVE ( 3, ( #3489, #89, #1794, #1214 ),
 .UNSPECIFIED., .F., .T. ) 
 B_SPLINE_CURVE_WITH_KNOTS ( ( 4, 4 ),
 ( 1.231100690542284548, 1.570796326794898778 ),
 .UNSPECIFIED. ) 
 CURVE ( )  GEOMETRIC_REPRESENTATION_ITEM ( )  RATIONAL_B_SPLINE_CURVE ( ( 1.000000000000000000, 0.9904070013224002267, 0.9904070013224002267, 1.000000000000000000 ) ) 
 REPRESENTATION_ITEM ( '' )  );
#3170 = LINE ( 'NONE', #2057, #3164 ) ;
#3171 = CARTESIAN_POINT ( 'NONE',  ( 30.67327337997437553, 10.74252264699598847, -11.03538980864496821 ) ) ;
#3172 = VERTEX_POINT ( 'NONE', #1783 ) ;
#3173 = CYLINDRICAL_SURFACE ( 'NONE', #1372, 9.999999999999994671 ) ;
#3174 = ORIENTED_EDGE ( 'NONE', *, *, #3520, .T. ) ;
#3175 = CARTESIAN_POINT ( 'NONE',  ( 31.95986916869197358, -23.00000000000022027, 8.642813066825436152 ) ) ;
#3176 = DIRECTION ( 'NONE',  ( 0.4694715627858861429, 0.000000000000000000, -0.8829475928589294309 ) ) ;
#3177 = FACE_BOUND ( 'NONE', #131, .T. ) ;
#3178 = CARTESIAN_POINT ( 'NONE',  ( 0.000000000000000000, 0.000000000000000000, -5.000000000000000888 ) ) ;
#3179 = CYLINDRICAL_SURFACE ( 'NONE', #2866, 1.700000000000007061 ) ;
#3180 = CARTESIAN_POINT ( 'NONE',  ( 22.97086080386310414, -37.00000000000015632, 15.31453724752711310 ) ) ;
#3181 = DIRECTION ( 'NONE',  ( -1.000000000000000000, 1.224646799147353207E-16, 0.000000000000000000 ) ) ;
#3182 = CARTESIAN_POINT ( 'NONE',  ( 32.02645223705105337, 5.555975384903368841, -18.99999999999999645 ) ) ;
#3183 = CIRCLE ( 'NONE', #2163, 4.999999999999988454 ) ;
#3184 = FACE_OUTER_BOUND ( 'NONE', #1510, .T. ) ;
#3185 = CARTESIAN_POINT ( 'NONE',  ( 32.63321607338563268, 9.248106273151501355, -7.303760210457910240 ) ) ;
#3186 = EDGE_CURVE ( 'NONE', #648, #148, #2043, .T. ) ;
#3187 = AXIS2_PLACEMENT_3D ( 'NONE', #1246, #1560, #2696 ) ;
#3188 = ORIENTED_EDGE ( 'NONE', *, *, #464, .F. ) ;
#3189 =( BOUNDED_CURVE ( )  B_SPLINE_CURVE ( 3, ( #679, #1816, #3447, #112 ),
 .UNSPECIFIED., .F., .F. ) 
 B_SPLINE_CURVE_WITH_KNOTS ( ( 4, 4 ),
 ( 8.787055371266761828E-31, 1.570796326794896336 ),
 .UNSPECIFIED. ) 
 CURVE ( )  GEOMETRIC_REPRESENTATION_ITEM ( )  RATIONAL_B_SPLINE_CURVE ( ( 1.000000000000000000, 0.8047378541243650485, 0.8047378541243650485, 1.000000000000000000 ) ) 
 REPRESENTATION_ITEM ( '' )  );
#3190 = CARTESIAN_POINT ( 'NONE',  ( -32.50000000000000000, 3.000000000000002220, -3.717264591378876149E-16 ) ) ;
#3191 = EDGE_LOOP ( 'NONE', ( #1802, #1108, #3649, #2172 ) ) ;
#3192 = VERTEX_POINT ( 'NONE', #1704 ) ;
#3193 = CARTESIAN_POINT ( 'NONE',  ( 50.00000000000000000, 0.000000000000000000, -4.999999999999997335 ) ) ;
#3194 = FACE_OUTER_BOUND ( 'NONE', #1011, .T. ) ;
#3195 = DIRECTION ( 'NONE',  ( -6.982962677686267499E-15, -1.000000000000000000, 0.000000000000000000 ) ) ;
#3196 = DIRECTION ( 'NONE',  ( 0.000000000000000000, 0.000000000000000000, -1.000000000000000000 ) ) ;
#3197 = CARTESIAN_POINT ( 'NONE',  ( -13.75185119132573242, -29.44749195936942243, 0.01154595783164660307 ) ) ;
#3198 = ADVANCED_FACE ( 'NONE', ( #2751 ), #281, .F. ) ;
#3199 = CARTESIAN_POINT ( 'NONE',  ( -32.48619878065700561, 0.9643291191656138128, -5.152420606313956597 ) ) ;
#3200 = DIRECTION ( 'NONE',  ( 0.000000000000000000, -1.000000000000000000, 0.000000000000000000 ) ) ;
#3201 = DIRECTION ( 'NONE',  ( 1.000000000000000000, 0.000000000000000000, 0.000000000000000000 ) ) ;
#3202 = VERTEX_POINT ( 'NONE', #1926 ) ;
#3203 = EDGE_CURVE ( 'NONE', #2417, #2364, #2284, .T. ) ;
#3204 = CARTESIAN_POINT ( 'NONE',  ( 27.46536498627757794, -23.00000000000019185, 6.381484457228619789 ) ) ;
#3205 = ORIENTED_EDGE ( 'NONE', *, *, #901, .T. ) ;
#3206 = EDGE_CURVE ( 'NONE', #1063, #1400, #816, .T. ) ;
#3207 = ORIENTED_EDGE ( 'NONE', *, *, #732, .T. ) ;
#3208 = EDGE_CURVE ( 'NONE', #1817, #2096, #580, .T. ) ;
#3209 = DIRECTION ( 'NONE',  ( 1.000000000000000000, 0.000000000000000000, 0.000000000000000000 ) ) ;
#3210 = AXIS2_PLACEMENT_3D ( 'NONE', #2877, #3104, #1989 ) ;
#3211 = AXIS2_PLACEMENT_3D ( 'NONE', #3467, #2666, #411 ) ;
#3212 = PERSON ( 'UNSPECIFIED', 'UNSPECIFIED', 'UNSPECIFIED', ('UNSPECIFIED'), ('UNSPECIFIED'), ('UNSPECIFIED') ) ;
#3213 = DIRECTION ( 'NONE',  ( 0.000000000000000000, 0.000000000000000000, 1.000000000000000000 ) ) ;
#3214 = CARTESIAN_POINT ( 'NONE',  ( 19.45016378463238382, -24.00139220225990755, -4.207244172806465993E-13 ) ) ;
#3215 = DIRECTION ( 'NONE',  ( -0.000000000000000000, 1.000000000000000000, -0.000000000000000000 ) ) ;
#3216 = APPROVAL_ROLE ( '' ) ;
#3217 = DIRECTION ( 'NONE',  ( 6.982962677686266711E-15, 1.000000000000000000, 0.000000000000000000 ) ) ;
#3218 = VECTOR ( 'NONE', #1436, 1000.000000000000000 ) ;
#3219 = LINE ( 'NONE', #2949, #1115 ) ;
#3220 = CARTESIAN_POINT ( 'NONE',  ( 32.39341842372955682, 2.652742631166012277, 1.656439073261901429 ) ) ;
#3221 = ORIENTED_EDGE ( 'NONE', *, *, #856, .T. ) ;
#3222 = PLANE ( 'NONE',  #2442 ) ;
#3223 = ORIENTED_EDGE ( 'NONE', *, *, #1236, .T. ) ;
#3224 = ORIENTED_EDGE ( 'NONE', *, *, #1146, .F. ) ;
#3225 = FACE_OUTER_BOUND ( 'NONE', #2154, .T. ) ;
#3226 = ADVANCED_FACE ( 'NONE', ( #3287 ), #491, .T. ) ;
#3227 = LINE ( 'NONE', #739, #1398 ) ;
#3228 = AXIS2_PLACEMENT_3D ( 'NONE', #1338, #1596, #1942 ) ;
#3229 = EDGE_CURVE ( 'NONE', #2438, #1817, #2470, .T. ) ;
#3230 = LINE ( 'NONE', #2915, #1730 ) ;
#3231 = DIRECTION ( 'NONE',  ( -0.000000000000000000, 1.000000000000000000, -0.000000000000000000 ) ) ;
#3232 = DATE_AND_TIME ( #2388, #24 ) ;
#3233 = CARTESIAN_POINT ( 'NONE',  ( 40.00000000000000711, -37.00000000000027711, -20.99999999999999645 ) ) ;
#3234 = CARTESIAN_POINT ( 'NONE',  ( 34.26548275963992296, 0.5022825243736531720, -19.00000000000000000 ) ) ;
#3235 = CARTESIAN_POINT ( 'NONE',  ( -29.34706118165838262, -3.000000000000000000, -19.00000000000000000 ) ) ;
#3236 = LINE ( 'NONE', #1539, #1339 ) ;
#3237 = VERTEX_POINT ( 'NONE', #745 ) ;
#3238 = ORIENTED_EDGE ( 'NONE', *, *, #460, .T. ) ;
#3239 = DIRECTION ( 'NONE',  ( -6.982962677686266711E-15, -1.000000000000000000, 0.000000000000000000 ) ) ;
#3240 = VECTOR ( 'NONE', #1848, 1000.000000000000000 ) ;
#3241 = EDGE_LOOP ( 'NONE', ( #794, #2579, #1150, #1238 ) ) ;
#3242 = ORIENTED_EDGE ( 'NONE', *, *, #510, .F. ) ;
#3243 = ORIENTED_EDGE ( 'NONE', *, *, #3520, .F. ) ;
#3244 = CARTESIAN_POINT ( 'NONE',  ( 31.95986916869195937, -25.00000000000022382, 18.64281306682543615 ) ) ;
#3245 = DIRECTION ( 'NONE',  ( 1.000000000000000000, 1.776356839400250465E-15, 0.000000000000000000 ) ) ;
#3246 = CARTESIAN_POINT ( 'NONE',  ( 19.81338772673506909, -23.11428775351867415, 2.312855977470764657 ) ) ;
#3247 = ADVANCED_FACE ( 'NONE', ( #1615 ), #309, .T. ) ;
#3248 = CARTESIAN_POINT ( 'NONE',  ( 99.88004853125636373, -25.30000000000069704, 8.642813066825432600 ) ) ;
#3249 = EDGE_CURVE ( 'NONE', #1034, #2438, #2348, .T. ) ;
#3250 = CARTESIAN_POINT ( 'NONE',  ( 109.0000000000000000, 0.000000000000000000, 0.000000000000000000 ) ) ;
#3251 = DIRECTION ( 'NONE',  ( -0.000000000000000000, 0.000000000000000000, 1.000000000000000000 ) ) ;
#3252 = ADVANCED_FACE ( 'NONE', ( #2168 ), #2987, .F. ) ;
#3253 = VECTOR ( 'NONE', #545, 1000.000000000000000 ) ;
#3254 = DIRECTION ( 'NONE',  ( 0.000000000000000000, 0.000000000000000000, -1.000000000000000000 ) ) ;
#3255 = ORIENTED_EDGE ( 'NONE', *, *, #1299, .T. ) ;
#3256 = CARTESIAN_POINT ( 'NONE',  ( -11.61472960263121479, -27.11730178793167312, -19.00000000000000000 ) ) ;
#3257 = ORIENTED_EDGE ( 'NONE', *, *, #2126, .T. ) ;
#3258 = ORIENTED_EDGE ( 'NONE', *, *, #3436, .F. ) ;
#3259 = ORIENTED_EDGE ( 'NONE', *, *, #854, .F. ) ;
#3260 = PLANE ( 'NONE',  #2788 ) ;
#3261 = PLANE ( 'NONE',  #2072 ) ;
#3262 = VECTOR ( 'NONE', #2779, 999.9999999999998863 ) ;
#3263 = CYLINDRICAL_SURFACE ( 'NONE', #162, 1.700000000000007061 ) ;
#3264 = CARTESIAN_POINT ( 'NONE',  ( 18.81474968845196827, -21.35658267412761191, 0.000000000000000000 ) ) ;
#3265 = DIRECTION ( 'NONE',  ( 1.000000000000000000, 0.000000000000000000, 0.000000000000000000 ) ) ;
#3266 = AXIS2_PLACEMENT_3D ( 'NONE', #1796, #1559, #2357 ) ;
#3267 = APPROVAL_DATE_TIME ( #2407, #557 ) ;
#3268 = AXIS2_PLACEMENT_3D ( 'NONE', #3159, #618, #2524 ) ;
#3269 = CIRCLE ( 'NONE', #2558, 4.999999999999988454 ) ;
#3270 = LINE ( 'NONE', #1811, #2561 ) ;
#3271 = DIRECTION ( 'NONE',  ( 1.000000000000000000, 0.000000000000000000, 0.000000000000000000 ) ) ;
#3272 = CARTESIAN_POINT ( 'NONE',  ( 34.38685955742034395, 2.326251230373721501, -0.2838112004445212389 ) ) ;
#3273 = ADVANCED_FACE ( 'NONE', ( #787 ), #1883, .T. ) ;
#3274 = ORIENTED_EDGE ( 'NONE', *, *, #3411, .F. ) ;
#3275 = EDGE_CURVE ( 'NONE', #3031, #3645, #2885, .T. ) ;
#3276 = CARTESIAN_POINT ( 'NONE',  ( -29.43376974529486390, 1.980632296446864782, -5.738080778231781309 ) ) ;
#3277 = ORIENTED_EDGE ( 'NONE', *, *, #874, .T. ) ;
#3278 = ORIENTED_EDGE ( 'NONE', *, *, #1828, .T. ) ;
#3279 = VERTEX_POINT ( 'NONE', #1907 ) ;
#3280 = DIRECTION ( 'NONE',  ( 0.000000000000000000, 0.000000000000000000, -1.000000000000000000 ) ) ;
#3281 = DIRECTION ( 'NONE',  ( 0.5150380749100577082, 1.049727191138616107E-16, 0.8571673007021102242 ) ) ;
#3282 = DIRECTION ( 'NONE',  ( -7.858783420474042740E-15, -1.000000000000000000, -0.000000000000000000 ) ) ;
#3283 = CARTESIAN_POINT ( 'NONE',  ( 18.77152997997939465, -23.65461503982669811, 2.592904597467432737 ) ) ;
#3284 = DIRECTION ( 'NONE',  ( 1.000000000000000000, -6.694697550270977811E-15, 3.347348775135489103E-16 ) ) ;
#3285 = CARTESIAN_POINT ( 'NONE',  ( 102.8326074728981183, -30.50000000000000711, -19.23410481428213714 ) ) ;
#3286 = DIRECTION ( 'NONE',  ( -0.000000000000000000, 1.000000000000000000, -0.000000000000000000 ) ) ;
#3287 = FACE_OUTER_BOUND ( 'NONE', #1889, .T. ) ;
#3288 = VERTEX_POINT ( 'NONE', #3051 ) ;
#3289 = DIRECTION ( 'NONE',  ( -6.982962677686266711E-15, -1.000000000000000000, 0.000000000000000000 ) ) ;
#3290 = EDGE_CURVE ( 'NONE', #1955, #1817, #2645, .T. ) ;
#3291 = CARTESIAN_POINT ( 'NONE',  ( 32.39346151494797255, 2.754445905201752254, -18.61406831798628403 ) ) ;
#3292 = ORIENTED_EDGE ( 'NONE', *, *, #1828, .F. ) ;
#3293 = ORIENTED_EDGE ( 'NONE', *, *, #1655, .T. ) ;
#3294 = ORIENTED_EDGE ( 'NONE', *, *, #688, .T. ) ;
#3295 = DIRECTION ( 'NONE',  ( 0.000000000000000000, 0.000000000000000000, -1.000000000000000000 ) ) ;
#3296 = VECTOR ( 'NONE', #373, 1000.000000000000114 ) ;
#3297 = CARTESIAN_POINT ( 'NONE',  ( 99.88004853125626425, -37.00000000000069633, 18.64281306682542549 ) ) ;
#3298 = CARTESIAN_POINT ( 'NONE',  ( 16.29385685393195615, -25.00000000000012079, 2.000000000000000000 ) ) ;
#3299 = VECTOR ( 'NONE', #2809, 1000.000000000000000 ) ;
#3300 = CARTESIAN_POINT ( 'NONE',  ( 34.01193117704294622, 4.784997658911120944, -17.71284545886987161 ) ) ;
#3301 = LINE ( 'NONE', #1649, #1019 ) ;
#3302 = DIRECTION ( 'NONE',  ( -0.000000000000000000, 0.000000000000000000, -1.000000000000000000 ) ) ;
#3303 = CARTESIAN_POINT ( 'NONE',  ( 34.50000000000000000, 0.000000000000000000, 0.000000000000000000 ) ) ;
#3304 = CARTESIAN_POINT ( 'NONE',  ( 117.0029354999198858, -32.50000000000000000, 2.000000000000000000 ) ) ;
#3305 = CARTESIAN_POINT ( 'NONE',  ( 31.18176416470083367, 9.165959144253696067, -3.352323897358747473 ) ) ;
#3306 = ORIENTED_EDGE ( 'NONE', *, *, #1588, .F. ) ;
#3307 = CARTESIAN_POINT ( 'NONE',  ( 32.02645080912453324, 5.555982851100417896, -0.000000000000000000 ) ) ;
#3308 = CARTESIAN_POINT ( 'NONE',  ( 33.22393544454322978, 7.681662091189191521, -15.09812306725063458 ) ) ;
#3309 = ORIENTED_EDGE ( 'NONE', *, *, #342, .F. ) ;
#3310 = ORIENTED_EDGE ( 'NONE', *, *, #941, .T. ) ;
#3311 = ORIENTED_EDGE ( 'NONE', *, *, #3362, .T. ) ;
#3312 = CYLINDRICAL_SURFACE ( 'NONE', #1244, 4.199999999999994849 ) ;
#3313 = VECTOR ( 'NONE', #2244, 1000.000000000000000 ) ;
#3314 = DIRECTION ( 'NONE',  ( 1.000000000000000000, 0.000000000000000000, 0.000000000000000000 ) ) ;
#3315 = CARTESIAN_POINT ( 'NONE',  ( -32.50000000000000000, -3.000000000000000000, -19.00000000000000000 ) ) ;
#3316 = EDGE_CURVE ( 'NONE', #555, #2703, #3183, .T. ) ;
#3317 = ADVANCED_FACE ( 'NONE', ( #598 ), #1047, .T. ) ;
#3318 = CARTESIAN_POINT ( 'NONE',  ( 33.65389683756173156, 6.289255290002067511, -16.64698792174142383 ) ) ;
#3319 = CIRCLE ( 'NONE', #252, 10.00000000000000178 ) ;
#3320 = DIRECTION ( 'NONE',  ( 0.000000000000000000, 0.000000000000000000, -1.000000000000000000 ) ) ;
#3321 = ORIENTED_EDGE ( 'NONE', *, *, #3121, .T. ) ;
#3322 = DIRECTION ( 'NONE',  ( 1.000000000000000000, 0.000000000000000000, -0.000000000000000000 ) ) ;
#3323 = CARTESIAN_POINT ( 'NONE',  ( 117.0029354999198858, -32.50000000000000000, -2.000000000000000000 ) ) ;
#3324 = VECTOR ( 'NONE', #1502, 1000.000000000000000 ) ;
#3325 = CIRCLE ( 'NONE', #958, 2.000000000000001776 ) ;
#3326 = CIRCLE ( 'NONE', #960, 12.00000000000000178 ) ;
#3327 = CARTESIAN_POINT ( 'NONE',  ( 30.65056832363737627, 10.80720620224699857, -8.578303558955322927 ) ) ;
#3328 = EDGE_LOOP ( 'NONE', ( #3344, #1867, #2082, #2440 ) ) ;
#3329 = DIRECTION ( 'NONE',  ( 0.000000000000000000, 0.000000000000000000, 1.000000000000000000 ) ) ;
#3330 = CARTESIAN_POINT ( 'NONE',  ( 33.10242134417122628, 8.031684351124258825, -14.58320379713448567 ) ) ;
#3331 = AXIS2_PLACEMENT_3D ( 'NONE', #1807, #413, #2669 ) ;
#3332 = VERTEX_POINT ( 'NONE', #879 ) ;
#3333 = VERTEX_POINT ( 'NONE', #651 ) ;
#3334 = EDGE_LOOP ( 'NONE', ( #3062, #1201 ) ) ;
#3335 = DIRECTION ( 'NONE',  ( -0.000000000000000000, 1.000000000000000000, -0.000000000000000000 ) ) ;
#3336 = VECTOR ( 'NONE', #2954, 1000.000000000000000 ) ;
#3337 = DIRECTION ( 'NONE',  ( -0.000000000000000000, 0.000000000000000000, 1.000000000000000000 ) ) ;
#3338 = ORIENTED_EDGE ( 'NONE', *, *, #1100, .T. ) ;
#3339 = AXIS2_PLACEMENT_3D ( 'NONE', #1809, #156, #3196 ) ;
#3340 = CARTESIAN_POINT ( 'NONE',  ( 34.16817374483955660, 3.953873042283622130, -18.14369472594970034 ) ) ;
#3341 = CARTESIAN_POINT ( 'NONE',  ( 127.0000000000000000, -30.50000000000000355, -2.000000000000000000 ) ) ;
#3342 = EDGE_CURVE ( 'NONE', #2394, #3588, #3080, .T. ) ;
#3343 = ADVANCED_FACE ( 'NONE', ( #3177, #100 ), #3486, .F. ) ;
#3344 = ORIENTED_EDGE ( 'NONE', *, *, #63, .F. ) ;
#3345 = DIRECTION ( 'NONE',  ( 0.000000000000000000, 0.000000000000000000, -1.000000000000000000 ) ) ;
#3346 = CARTESIAN_POINT ( 'NONE',  ( 32.49959386162018404, -0.1668074738364150045, -18.99854376471393280 ) ) ;
#3347 = CARTESIAN_POINT ( 'NONE',  ( 62.00000000000000000, 0.000000000000000000, -9.500000000000000000 ) ) ;
#3348 = CARTESIAN_POINT ( 'NONE',  ( 31.92144135842703179, 6.105045585456679191, 0.000000000000000000 ) ) ;
#3349 = VECTOR ( 'NONE', #1473, 1000.000000000000000 ) ;
#3350 = ORIENTED_EDGE ( 'NONE', *, *, #965, .T. ) ;
#3351 = DIRECTION ( 'NONE',  ( -0.000000000000000000, -0.000000000000000000, -1.000000000000000000 ) ) ;
#3352 = CARTESIAN_POINT ( 'NONE',  ( 31.64273093073458654, 7.527295822134933978, -15.31043787457015881 ) ) ;
#3353 = ORIENTED_EDGE ( 'NONE', *, *, #2200, .F. ) ;
#3354 = EDGE_LOOP ( 'NONE', ( #556, #1434, #2398, #1564 ) ) ;
#3355 = ORIENTED_EDGE ( 'NONE', *, *, #2702, .F. ) ;
#3356 = FACE_OUTER_BOUND ( 'NONE', #238, .T. ) ;
#3357 = CYLINDRICAL_SURFACE ( 'NONE', #2012, 2.000000000000000888 ) ;
#3358 = ORIENTED_EDGE ( 'NONE', *, *, #775, .T. ) ;
#3359 = CARTESIAN_POINT ( 'NONE',  ( 32.92355042519269404, 8.518082868553118914, -13.71760970521256162 ) ) ;
#3360 = DIRECTION ( 'NONE',  ( -6.982962677686267499E-15, -1.000000000000000000, 0.000000000000000000 ) ) ;
#3361 = ORIENTED_EDGE ( 'NONE', *, *, #1517, .T. ) ;
#3362 = EDGE_CURVE ( 'NONE', #2396, #2873, #2317, .T. ) ;
#3363 = CARTESIAN_POINT ( 'NONE',  ( 27.46536498627757794, -25.30000000000018900, 6.381484457228619789 ) ) ;
#3364 = DIRECTION ( 'NONE',  ( -1.000000000000000000, 6.982962677686254089E-15, 0.000000000000000000 ) ) ;
#3365 = CARTESIAN_POINT ( 'NONE',  ( 31.62457300515531600, 7.500258021218695781, -17.81164749753530785 ) ) ;
#3366 = ADVANCED_FACE ( 'NONE', ( #930 ), #366, .F. ) ;
#3367 = ORIENTED_EDGE ( 'NONE', *, *, #1366, .T. ) ;
#3368 = EDGE_CURVE ( 'NONE', #2703, #74, #1512, .T. ) ;
#3369 = AXIS2_PLACEMENT_3D ( 'NONE', #2588, #586, #1708 ) ;
#3370 = DIRECTION ( 'NONE',  ( 1.000000000000000000, -0.000000000000000000, -0.000000000000000000 ) ) ;
#3371 = CARTESIAN_POINT ( 'NONE',  ( 33.67620491180282016, 6.208027048868200559, -16.71841196807492480 ) ) ;
#3372 = ORIENTED_EDGE ( 'NONE', *, *, #151, .F. ) ;
#3373 = VERTEX_POINT ( 'NONE', #2048 ) ;
#3374 = VERTEX_POINT ( 'NONE', #2860 ) ;
#3375 = CARTESIAN_POINT ( 'NONE',  ( 99.88004853125636373, -23.00000000000069633, 10.34281306682544077 ) ) ;
#3376 = CARTESIAN_POINT ( 'NONE',  ( 97.37007652361992882, -21.12384612087531721, -18.99999999999999645 ) ) ;
#3377 = VERTEX_POINT ( 'NONE', #2649 ) ;
#3378 = CARTESIAN_POINT ( 'NONE',  ( 50.00000000000009948, -37.00000000000139266, -34.30000000000000426 ) ) ;
#3379 = CARTESIAN_POINT ( 'NONE',  ( 115.3347461599670538, -23.69427481357370624, -2.334272165661599356E-13 ) ) ;
#3380 = B_SPLINE_CURVE_WITH_KNOTS ( 'NONE', 3,
 ( #179, #1868, #221, #712, #442, #1069, #1563, #2754, #3276, #2455, #3584, #1050, #2699, #2170, #2990, #1305, #1340, #790 ),
 .UNSPECIFIED., .F., .F.,
 ( 4, 2, 2, 2, 2, 2, 2, 2, 4 ),
 ( 0.004693801791548287035, 0.005279995010215914920, 0.005866188228883543673, 0.006452381447551171559, 0.007038574666218799444, 0.007624767884886428197, 0.008210961103554056950, 0.008797154322221684836, 0.009383347540889312721 ),
 .UNSPECIFIED. ) ;
#3381 = SPHERICAL_SURFACE ( 'NONE', #1668, 2.000000000000000000 ) ;
#3382 = CARTESIAN_POINT ( 'NONE',  ( 125.0000000000000000, -30.50000000000000355, -17.00000000000000000 ) ) ;
#3383 = CARTESIAN_POINT ( 'NONE',  ( 31.85005548050793323, 6.478300802623655485, -18.72970210672337998 ) ) ;
#3384 = ORIENTED_EDGE ( 'NONE', *, *, #1813, .F. ) ;
#3385 = DIRECTION ( 'NONE',  ( 1.000000000000000000, -0.000000000000000000, 0.000000000000000000 ) ) ;
#3386 = PRODUCT_DEFINITION_FORMATION_WITH_SPECIFIED_SOURCE ( 'ANY', '', #1520, .NOT_KNOWN. ) ;
#3387 = EDGE_CURVE ( 'NONE', #3635, #752, #3419, .T. ) ;
#3388 = CARTESIAN_POINT ( 'NONE',  ( 31.55336787878649929, 7.898658558134056484, -4.206249319107056905 ) ) ;
#3389 = EDGE_CURVE ( 'NONE', #1072, #1695, #2293, .T. ) ;
#3390 = VECTOR ( 'NONE', #686, 1000.000000000000000 ) ;
#3391 = VERTEX_POINT ( 'NONE', #668 ) ;
#3392 = VERTEX_POINT ( 'NONE', #1756 ) ;
#3393 = VERTEX_POINT ( 'NONE', #896 ) ;
#3394 = CARTESIAN_POINT ( 'NONE',  ( 62.00000000000000000, 0.000000000000000000, -14.49999999999998934 ) ) ;
#3395 = CARTESIAN_POINT ( 'NONE',  ( 16.29385685393195615, -25.00000000000011724, 0.000000000000000000 ) ) ;
#3396 = ORIENTED_EDGE ( 'NONE', *, *, #295, .T. ) ;
#3397 = AXIS2_PLACEMENT_3D ( 'NONE', #2903, #627, #1762 ) ;
#3398 = CARTESIAN_POINT ( 'NONE',  ( -32.50200000000000244, 0.000000000000000000, 0.000000000000000000 ) ) ;
#3399 = CARTESIAN_POINT ( 'NONE',  ( 112.4726552971637830, -23.00000000000078515, 2.000000000000000888 ) ) ;
#3400 = DIRECTION ( 'NONE',  ( -6.982962677686267499E-15, -1.000000000000000000, 0.000000000000000000 ) ) ;
#3401 = CARTESIAN_POINT ( 'NONE',  ( 40.00000000000000711, -37.00000000000027711, -36.00000000000000000 ) ) ;
#3402 = CARTESIAN_POINT ( 'NONE',  ( -13.12440550815790807, -29.73213715926647538, 46.41984052872977173 ) ) ;
#3403 = DIRECTION ( 'NONE',  ( 0.000000000000000000, 0.000000000000000000, 1.000000000000000000 ) ) ;
#3404 = EDGE_LOOP ( 'NONE', ( #2889, #2938, #568, #1654, #1218, #2536, #1143, #1286, #1818, #3084, #250, #925, #1268, #2174, #223 ) ) ;
#3405 = LINE ( 'NONE', #3129, #849 ) ;
#3406 = CARTESIAN_POINT ( 'NONE',  ( 30.88444073095384113, 10.12040542884318839, -5.379628741239876000 ) ) ;
#3407 = ORIENTED_EDGE ( 'NONE', *, *, #2996, .F. ) ;
#3408 = ORIENTED_EDGE ( 'NONE', *, *, #1929, .T. ) ;
#3409 = ADVANCED_FACE ( 'NONE', ( #3194 ), #116, .T. ) ;
#3410 = ORIENTED_EDGE ( 'NONE', *, *, #2198, .T. ) ;
#3411 = EDGE_CURVE ( 'NONE', #2349, #2136, #1790, .T. ) ;
#3412 = DIRECTION ( 'NONE',  ( 0.000000000000000000, 0.000000000000000000, -1.000000000000000000 ) ) ;
#3413 = CARTESIAN_POINT ( 'NONE',  ( 97.84270985829159883, -22.68386780970596561, -18.99999999999959144 ) ) ;
#3414 = DIRECTION ( 'NONE',  ( 1.000000000000000000, 0.000000000000000000, 0.000000000000000000 ) ) ;
#3415 = DIRECTION ( 'NONE',  ( -0.000000000000000000, 0.000000000000000000, 1.000000000000000000 ) ) ;
#3416 = CARTESIAN_POINT ( 'NONE',  ( 20.73448119135190026, -23.00000000000014566, 2.000000000000003553 ) ) ;
#3417 = DIRECTION ( 'NONE',  ( 0.000000000000000000, -1.000000000000000000, 0.000000000000000000 ) ) ;
#3418 = CARTESIAN_POINT ( 'NONE',  ( 42.00000000000012079, -21.00000000000028777, -19.00000000000000000 ) ) ;
#3419 = CIRCLE ( 'NONE', #227, 4.199999999999995737 ) ;
#3420 = PERSON_AND_ORGANIZATION ( #3212, #1667 ) ;
#3421 = B_SPLINE_CURVE_WITH_KNOTS ( 'NONE', 3,
 ( #3563, #2714, #972, #3525, #2985, #1245 ),
 .UNSPECIFIED., .F., .F.,
 ( 4, 2, 4 ),
 ( 8.673617379884035472E-19, 0.0006808478082880406066, 0.001361695616576080346 ),
 .UNSPECIFIED. ) ;
#3422 = LINE ( 'NONE', #3460, #3349 ) ;
#3423 = CARTESIAN_POINT ( 'NONE',  ( 33.53063236210364551, 1.994192709948090503, -19.00000000000000355 ) ) ;
#3424 = EDGE_LOOP ( 'NONE', ( #8, #3498 ) ) ;
#3425 = FACE_OUTER_BOUND ( 'NONE', #1255, .T. ) ;
#3426 = CARTESIAN_POINT ( 'NONE',  ( 32.05353476631477605, 5.476309928433900964, -1.725602814923935302 ) ) ;
#3427 = ORIENTED_EDGE ( 'NONE', *, *, #2206, .T. ) ;
#3428 = ORIENTED_EDGE ( 'NONE', *, *, #2298, .F. ) ;
#3429 = CARTESIAN_POINT ( 'NONE',  ( 95.25133272570688803, -23.00000000000180123, -18.99999999999999645 ) ) ;
#3430 = ORIENTED_EDGE ( 'NONE', *, *, #2872, .F. ) ;
#3431 = DIRECTION ( 'NONE',  ( 0.000000000000000000, 0.000000000000000000, 1.000000000000000000 ) ) ;
#3432 = CARTESIAN_POINT ( 'NONE',  ( -29.34706118165838262, 3.000000000000000000, -19.00000000000000000 ) ) ;
#3433 = AXIS2_PLACEMENT_3D ( 'NONE', #333, #3400, #621 ) ;
#3434 = EDGE_CURVE ( 'NONE', #1967, #772, #691, .T. ) ;
#3435 = CARTESIAN_POINT ( 'NONE',  ( -29.50000000000000711, 0.000000000000000000, -5.000000000000000888 ) ) ;
#3436 = EDGE_CURVE ( 'NONE', #3391, #10, #1638, .T. ) ;
#3437 = CARTESIAN_POINT ( 'NONE',  ( 125.0000000000000000, 0.000000000000000000, 0.000000000000000000 ) ) ;
#3438 = CARTESIAN_POINT ( 'NONE',  ( 28.36426582276046204, -23.00000000000019895, 15.78925529906422298 ) ) ;
#3439 = PERSON_AND_ORGANIZATION ( #3212, #1667 ) ;
#3440 = CARTESIAN_POINT ( 'NONE',  ( 50.00000000000008527, -25.00000000000034817, -36.00000000000000711 ) ) ;
#3441 = DIRECTION ( 'NONE',  ( 0.000000000000000000, 0.000000000000000000, 1.000000000000000000 ) ) ;
#3442 = AXIS2_PLACEMENT_3D ( 'NONE', #287, #1645, #3412 ) ;
#3443 = CARTESIAN_POINT ( 'NONE',  ( 16.29385685393197036, -23.00000000000011724, 2.000000000000000000 ) ) ;
#3444 = AXIS2_PLACEMENT_3D ( 'NONE', #730, #2079, #1029 ) ;
#3445 = CARTESIAN_POINT ( 'NONE',  ( 31.66242335546356301, 7.335473658345962100, -1.029041724192160778 ) ) ;
#3446 = ORIENTED_EDGE ( 'NONE', *, *, #1009, .F. ) ;
#3447 = CARTESIAN_POINT ( 'NONE',  ( 114.0919945485238287, -23.00000000000079581, 1.449979851337039660 ) ) ;
#3448 = CIRCLE ( 'NONE', #193, 4.199999999999995737 ) ;
#3449 = VECTOR ( 'NONE', #2365, 1000.000000000000000 ) ;
#3450 = ORIENTED_EDGE ( 'NONE', *, *, #20, .F. ) ;
#3451 = LINE ( 'NONE', #81, #2071 ) ;
#3452 = CARTESIAN_POINT ( 'NONE',  ( 5.299125472777298285, -32.50000000000000000, -71.09357709653069435 ) ) ;
#3453 = DIRECTION ( 'NONE',  ( 0.000000000000000000, 0.000000000000000000, 1.000000000000000000 ) ) ;
#3454 = DIRECTION ( 'NONE',  ( 0.000000000000000000, -0.000000000000000000, 1.000000000000000000 ) ) ;
#3455 = CARTESIAN_POINT ( 'NONE',  ( 127.0000000000000000, -30.50000000000000355, 0.000000000000000000 ) ) ;
#3456 = DESIGN_CONTEXT ( 'detailed design', #1206, 'design' ) ;
#3457 = EDGE_CURVE ( 'NONE', #148, #1786, #1038, .T. ) ;
#3458 = CONICAL_SURFACE ( 'NONE', #270, 4.999999999999988454, 1.029744258676650315 ) ;
#3459 = DIRECTION ( 'NONE',  ( 0.000000000000000000, 0.000000000000000000, 1.000000000000000000 ) ) ;
#3460 = CARTESIAN_POINT ( 'NONE',  ( -32.50000000000000000, 3.000000000000001776, -8.000000000000001776 ) ) ;
#3461 = DIRECTION ( 'NONE',  ( 1.000000000000000000, -6.938893903907226800E-15, 0.000000000000000000 ) ) ;
#3462 = CARTESIAN_POINT ( 'NONE',  ( 34.27894728938436231, 3.234644215196489814, -0.5620415302157767412 ) ) ;
#3463 = ORIENTED_EDGE ( 'NONE', *, *, #1808, .F. ) ;
#3464 = CARTESIAN_POINT ( 'NONE',  ( 20.41995021576113345, -23.00000000000014566, 2.106832693524995470 ) ) ;
#3465 = EDGE_LOOP ( 'NONE', ( #814, #2685, #181 ) ) ;
#3466 = ORIENTED_EDGE ( 'NONE', *, *, #1924, .F. ) ;
#3467 = CARTESIAN_POINT ( 'NONE',  ( -14.00000000000000178, 0.000000000000000000, 1.999999999999998224 ) ) ;
#3468 = DIRECTION ( 'NONE',  ( 0.000000000000000000, 0.000000000000000000, 1.000000000000000000 ) ) ;
#3469 = FACE_OUTER_BOUND ( 'NONE', #126, .T. ) ;
#3470 = CARTESIAN_POINT ( 'NONE',  ( 109.0000000000000000, -16.50000000000000000, 0.000000000000000000 ) ) ;
#3471 = DIRECTION ( 'NONE',  ( -0.000000000000000000, 1.000000000000000000, -0.000000000000000000 ) ) ;
#3472 = EDGE_CURVE ( 'NONE', #230, #2250, #3227, .T. ) ;
#3473 = CARTESIAN_POINT ( 'NONE',  ( 50.00000000000000000, 0.000000000000000000, -19.00000000000000000 ) ) ;
#3474 = CIRCLE ( 'NONE', #2104, 2.000000000000000000 ) ;
#3475 = DIRECTION ( 'NONE',  ( -0.000000000000000000, 1.000000000000000000, -0.000000000000000000 ) ) ;
#3476 = DIRECTION ( 'NONE',  ( -6.982962677686267499E-15, -1.000000000000000000, 0.000000000000000000 ) ) ;
#3477 = CARTESIAN_POINT ( 'NONE',  ( 0.000000000000000000, 0.000000000000000000, -19.00000000000000000 ) ) ;
#3478 = ADVANCED_FACE ( 'NONE', ( #2960 ), #3263, .F. ) ;
#3479 = AXIS2_PLACEMENT_3D ( 'NONE', #744, #278, #469 ) ;
#3480 = ORIENTED_EDGE ( 'NONE', *, *, #18, .F. ) ;
#3481 = EDGE_CURVE ( 'NONE', #130, #1967, #3474, .T. ) ;
#3482 = CARTESIAN_POINT ( 'NONE',  ( -19.18658333464899002, -26.23213715926649670, -4.999999999999997335 ) ) ;
#3483 = ORIENTED_EDGE ( 'NONE', *, *, #1003, .T. ) ;
#3484 = EDGE_LOOP ( 'NONE', ( #850, #3517, #529, #446 ) ) ;
#3485 = DIRECTION ( 'NONE',  ( 0.000000000000000000, 0.000000000000000000, -1.000000000000000000 ) ) ;
#3486 = PLANE ( 'NONE',  #3125 ) ;
#3487 = CARTESIAN_POINT ( 'NONE',  ( 18.43025247884228079, -21.53631894038248262, 0.000000000000000000 ) ) ;
#3488 = CARTESIAN_POINT ( 'NONE',  ( 27.46536498627748557, -37.00000000000019185, 17.57586585712391880 ) ) ;
#3489 = CARTESIAN_POINT ( 'NONE',  ( 19.22499121006400458, -21.22857550703721330, 0.000000000000000000 ) ) ;
#3490 = CARTESIAN_POINT ( 'NONE',  ( 34.50000000000000000, 0.000000000000000000, -19.00000000000000000 ) ) ;
#3491 = CARTESIAN_POINT ( 'NONE',  ( -32.37518734050328817, -2.846569034063449077, -7.032685866505473449 ) ) ;
#3492 = CARTESIAN_POINT ( 'NONE',  ( 42.00000000000009237, -25.00000000000029132, -19.00000000000000000 ) ) ;
#3493 = EDGE_LOOP ( 'NONE', ( #3358, #3611, #3480, #1112 ) ) ;
#3494 = CIRCLE ( 'NONE', #2490, 9.500000000000000000 ) ;
#3495 = DIRECTION ( 'NONE',  ( 1.000000000000000000, -6.938893903907222067E-15, 0.000000000000000000 ) ) ;
#3496 = EDGE_CURVE ( 'NONE', #1528, #2173, #1465, .T. ) ;
#3497 = VERTEX_POINT ( 'NONE', #3502 ) ;
#3498 = ORIENTED_EDGE ( 'NONE', *, *, #1924, .T. ) ;
#3499 = TOROIDAL_SURFACE ( 'NONE', #2190, 4.000000000000000000, 2.000000000000000000 ) ;
#3500 = FACE_BOUND ( 'NONE', #536, .T. ) ;
#3501 = VECTOR ( 'NONE', #153, 1000.000000000000114 ) ;
#3502 = CARTESIAN_POINT ( 'NONE',  ( 27.46536498627748557, -37.00000000000019185, 17.57586585712391880 ) ) ;
#3503 = CARTESIAN_POINT ( 'NONE',  ( 99.88004853125626425, -37.00000000000069633, 18.64281306682542549 ) ) ;
#3504 = FACE_OUTER_BOUND ( 'NONE', #746, .T. ) ;
#3505 = VECTOR ( 'NONE', #1350, 1000.000000000000000 ) ;
#3506 = CARTESIAN_POINT ( 'NONE',  ( 0.000000000000000000, 0.000000000000000000, 18.00000000000000000 ) ) ;
#3507 = AXIS2_PLACEMENT_3D ( 'NONE', #569, #3370, #3150 ) ;
#3508 = CARTESIAN_POINT ( 'NONE',  ( -32.36124225056881443, 3.000000000000001776, -8.000000000000001776 ) ) ;
#3509 = CARTESIAN_POINT ( 'NONE',  ( -12.00000000000000178, 0.000000000000000000, 18.00000000000000000 ) ) ;
#3510 = VECTOR ( 'NONE', #842, 1000.000000000000114 ) ;
#3511 = ORIENTED_EDGE ( 'NONE', *, *, #3275, .F. ) ;
#3512 = VERTEX_POINT ( 'NONE', #1258 ) ;
#3513 = CARTESIAN_POINT ( 'NONE',  ( 50.00000000000009948, -23.00000000000035172, -34.29999999999999716 ) ) ;
#3514 = VERTEX_POINT ( 'NONE', #1606 ) ;
#3515 = ADVANCED_FACE ( 'NONE', ( #3000 ), #1275, .F. ) ;
#3516 = ADVANCED_FACE ( 'NONE', ( #699 ), #757, .F. ) ;
#3517 = ORIENTED_EDGE ( 'NONE', *, *, #189, .F. ) ;
#3518 = LINE ( 'NONE', #2632, #1601 ) ;
#3519 = CARTESIAN_POINT ( 'NONE',  ( 8.000000000000000000, 9.797174393178825657E-16, 18.00000000000000000 ) ) ;
#3520 = EDGE_CURVE ( 'NONE', #753, #2971, #75, .T. ) ;
#3521 = CARTESIAN_POINT ( 'NONE',  ( 18.15577487598955742, -25.00000000000013145, 2.730247409538102854 ) ) ;
#3522 = DIRECTION ( 'NONE',  ( 0.000000000000000000, 0.000000000000000000, 1.000000000000000000 ) ) ;
#3523 = EDGE_CURVE ( 'NONE', #1650, #1600, #2783, .T. ) ;
#3524 = PERSON_AND_ORGANIZATION ( #3212, #1667 ) ;
#3525 = CARTESIAN_POINT ( 'NONE',  ( 116.4143301357058249, -32.35144395393826500, -1.167101235031174689 ) ) ;
#3526 = CARTESIAN_POINT ( 'NONE',  ( -32.36124225056881443, 3.000000000000002665, -7.801713099747835223 ) ) ;
#3527 = CARTESIAN_POINT ( 'NONE',  ( 0.000000000000000000, 0.000000000000000000, 18.00000000000000000 ) ) ;
#3528 = CARTESIAN_POINT ( 'NONE',  ( 40.00000000000008527, -25.00000000000028066, -36.00000000000000000 ) ) ;
#3529 = ORIENTED_EDGE ( 'NONE', *, *, #1391, .T. ) ;
#3530 = CARTESIAN_POINT ( 'NONE',  ( 31.92144135842703179, 6.105045585456679191, 0.000000000000000000 ) ) ;
#3531 = AXIS2_PLACEMENT_3D ( 'NONE', #1027, #763, #2451 ) ;
#3532 = ORIENTED_EDGE ( 'NONE', *, *, #2890, .F. ) ;
#3533 = VERTEX_POINT ( 'NONE', #2981 ) ;
#3534 = VERTEX_POINT ( 'NONE', #684 ) ;
#3535 = CARTESIAN_POINT ( 'NONE',  ( 125.0000000000000000, -30.50000000000000355, -2.000000000000000000 ) ) ;
#3536 =( BOUNDED_CURVE ( )  B_SPLINE_CURVE ( 3, ( #2134, #1851, #1582, #3548 ),
 .UNSPECIFIED., .F., .T. ) 
 B_SPLINE_CURVE_WITH_KNOTS ( ( 4, 4 ),
 ( 1.570796326794898556, 3.141592653589793116 ),
 .UNSPECIFIED. ) 
 CURVE ( )  GEOMETRIC_REPRESENTATION_ITEM ( )  RATIONAL_B_SPLINE_CURVE ( ( 1.000000000000000000, 0.8047378541243654926, 0.8047378541243654926, 1.000000000000000000 ) ) 
 REPRESENTATION_ITEM ( '' )  );
#3537 = DIRECTION ( 'NONE',  ( 6.982962677686266711E-15, 1.000000000000000000, -0.000000000000000000 ) ) ;
#3538 = CARTESIAN_POINT ( 'NONE',  ( 0.000000000000000000, 0.000000000000000000, 1.999999999999998224 ) ) ;
#3539 = LINE ( 'NONE', #1531, #2374 ) ;
#3540 = VECTOR ( 'NONE', #1430, 1000.000000000000000 ) ;
#3541 = LINE ( 'NONE', #3488, #1249 ) ;
#3542 = ADVANCED_FACE ( 'NONE', ( #1841 ), #1778, .F. ) ;
#3543 = ADVANCED_FACE ( 'NONE', ( #135 ), #2943, .F. ) ;
#3544 = DIRECTION ( 'NONE',  ( -6.982962677686267499E-15, -1.000000000000000000, 0.000000000000000000 ) ) ;
#3545 = CARTESIAN_POINT ( 'NONE',  ( -32.42165249495641177, -2.259569744484829279, -6.016923770206502375 ) ) ;
#3546 = CARTESIAN_POINT ( 'NONE',  ( 99.88004853125636373, -23.00000000000069633, 16.64281306682542549 ) ) ;
#3547 = ORIENTED_EDGE ( 'NONE', *, *, #895, .F. ) ;
#3548 = CARTESIAN_POINT ( 'NONE',  ( 102.8326074728981609, -25.00000000000072120, -19.23410481428213359 ) ) ;
#3549 = ORIENTED_EDGE ( 'NONE', *, *, #2619, .F. ) ;
#3550 = ORIENTED_EDGE ( 'NONE', *, *, #443, .F. ) ;
#3551 = ORIENTED_EDGE ( 'NONE', *, *, #1409, .F. ) ;
#3552 = CARTESIAN_POINT ( 'NONE',  ( 40.00000000000009948, -23.00000000000027711, -36.00000000000000000 ) ) ;
#3553 = CARTESIAN_POINT ( 'NONE',  ( 103.7715505984698865, -31.49511865229908381, -18.73485989862192014 ) ) ;
#3554 = AXIS2_PLACEMENT_3D ( 'NONE', #1020, #2138, #1916 ) ;
#3555 = VECTOR ( 'NONE', #492, 1000.000000000000000 ) ;
#3556 = CARTESIAN_POINT ( 'NONE',  ( 107.0343475234762138, -32.50000000000000000, -17.00000000000000711 ) ) ;
#3557 = CARTESIAN_POINT ( 'NONE',  ( 19.26411312192348291, -24.48872409198127897, -4.561543729963171243E-14 ) ) ;
#3558 = CARTESIAN_POINT ( 'NONE',  ( 18.15577487598955742, -25.00000000000013145, 2.730247409538103298 ) ) ;
#3559 = APPROVAL_PERSON_ORGANIZATION ( #3439, #704, #2984 ) ;
#3560 = VECTOR ( 'NONE', #1975, 1000.000000000000000 ) ;
#3561 = CARTESIAN_POINT ( 'NONE',  ( -12.00000000000000178, -30.20347662107791464, 1.999999999999998224 ) ) ;
#3562 = EDGE_CURVE ( 'NONE', #2777, #3288, #661, .T. ) ;
#3563 = CARTESIAN_POINT ( 'NONE',  ( 116.7622256330053574, -32.50000000000000000, -1.992750776090337572 ) ) ;
#3564 = EDGE_CURVE ( 'NONE', #2778, #1063, #3093, .T. ) ;
#3565 = CARTESIAN_POINT ( 'NONE',  ( -29.34706118165838262, 3.000000000000001776, -8.000000000000001776 ) ) ;
#3566 = CARTESIAN_POINT ( 'NONE',  ( 20.10856170900902740, -23.03881863380330230, 2.212598025051159212 ) ) ;
#3567 = ORIENTED_EDGE ( 'NONE', *, *, #3118, .F. ) ;
#3568 = CARTESIAN_POINT ( 'NONE',  ( -32.50200000000000244, -32.50000000000000000, -19.00000000000000000 ) ) ;
#3569 = CARTESIAN_POINT ( 'NONE',  ( 32.00991994805492169, 5.630897379314924400, -19.33176323017340792 ) ) ;
#3570 = ORIENTED_EDGE ( 'NONE', *, *, #3138, .T. ) ;
#3571 = ORIENTED_EDGE ( 'NONE', *, *, #401, .F. ) ;
#3572 = ORIENTED_EDGE ( 'NONE', *, *, #2472, .F. ) ;
#3573 = DIRECTION ( 'NONE',  ( -0.8829475928589298750, 0.000000000000000000, -0.4694715627858854767 ) ) ;
#3574 = DIRECTION ( 'NONE',  ( 0.8933052790298479096, 0.000000000000000000, 0.4494504182414400528 ) ) ;
#3575 = CARTESIAN_POINT ( 'NONE',  ( 104.4586083927543712, -32.13199801542981504, -18.36954478930433510 ) ) ;
#3576 = CARTESIAN_POINT ( 'NONE',  ( 99.88004853125636373, -23.00000000000069633, 16.64281306682542549 ) ) ;
#3577 = CARTESIAN_POINT ( 'NONE',  ( 19.81338772673506909, -23.11428775351867415, 2.312855977470766433 ) ) ;
#3578 = ORIENTED_EDGE ( 'NONE', *, *, #1813, .T. ) ;
#3579 = CARTESIAN_POINT ( 'NONE',  ( 50.00000000000000000, -37.00000000000034817, -36.00000000000000711 ) ) ;
#3580 = DIRECTION ( 'NONE',  ( 1.000000000000000000, -6.982962677686266711E-15, 0.000000000000000000 ) ) ;
#3581 = ADVANCED_FACE ( 'NONE', ( #169 ), #2140, .T. ) ;
#3582 = CARTESIAN_POINT ( 'NONE',  ( 99.88004853125634952, -25.00000000000069633, 16.64281306682542549 ) ) ;
#3583 = LINE ( 'NONE', #2790, #3555 ) ;
#3584 = CARTESIAN_POINT ( 'NONE',  ( -29.40366292824531058, 2.384634805153110548, -6.169251619410845322 ) ) ;
#3585 = EDGE_CURVE ( 'NONE', #3374, #1767, #229, .T. ) ;
#3586 = CARTESIAN_POINT ( 'NONE',  ( 33.48060813298878458, 6.880704585753869118, -16.05779476643386161 ) ) ;
#3587 = ADVANCED_FACE ( 'NONE', ( #1897 ), #3594, .T. ) ;
#3588 = VERTEX_POINT ( 'NONE', #1626 ) ;
#3589 = EDGE_LOOP ( 'NONE', ( #3174, #3188, #1639, #428 ) ) ;
#3590 = ORIENTED_EDGE ( 'NONE', *, *, #3457, .T. ) ;
#3591 = PLANE ( 'NONE',  #2906 ) ;
#3592 = AXIS2_PLACEMENT_3D ( 'NONE', #3527, #418, #940 ) ;
#3593 = FACE_OUTER_BOUND ( 'NONE', #1921, .T. ) ;
#3594 = PLANE ( 'NONE',  #959 ) ;
#3595 = AXIS2_PLACEMENT_3D ( 'NONE', #3492, #109, #2922 ) ;
#3596 = CARTESIAN_POINT ( 'NONE',  ( 32.63191787099838592, 9.251224381802664709, -7.317389338881464589 ) ) ;
#3597 = DIRECTION ( 'NONE',  ( -0.000000000000000000, 0.000000000000000000, 1.000000000000000000 ) ) ;
#3598 = CARTESIAN_POINT ( 'NONE',  ( 125.0000000000000000, -30.50000000000000355, -17.00000000000000000 ) ) ;
#3599 = CARTESIAN_POINT ( 'NONE',  ( 107.3915935358304239, -37.00000000000074607, -5.484348418917430301 ) ) ;
#3600 = CARTESIAN_POINT ( 'NONE',  ( 19.70878127798938095, -21.07761907596053419, 1.734723475976807094E-15 ) ) ;
#3601 = DIRECTION ( 'NONE',  ( 0.000000000000000000, 0.000000000000000000, 1.000000000000000000 ) ) ;
#3602 = AXIS2_PLACEMENT_3D ( 'NONE', #2208, #3617, #3345 ) ;
#3603 = CYLINDRICAL_SURFACE ( 'NONE', #2081, 2.000000000000001776 ) ;
#3604 = CARTESIAN_POINT ( 'NONE',  ( 31.12819704614107508, 9.344374974188704996, -15.33090826805326756 ) ) ;
#3605 = EDGE_LOOP ( 'NONE', ( #461, #3648, #2589, #1523 ) ) ;
#3606 = ORIENTED_EDGE ( 'NONE', *, *, #2062, .T. ) ;
#3607 = EDGE_LOOP ( 'NONE', ( #2940, #40 ) ) ;
#3608 = EDGE_CURVE ( 'NONE', #2522, #2992, #3169, .T. ) ;
#3609 = PLANE ( 'NONE',  #2846 ) ;
#3610 = LINE ( 'NONE', #1314, #2621 ) ;
#3611 = ORIENTED_EDGE ( 'NONE', *, *, #2775, .F. ) ;
#3612 = CARTESIAN_POINT ( 'NONE',  ( 33.27362393870581059, 7.539828855263650098, -3.687591633176383166 ) ) ;
#3613 = VECTOR ( 'NONE', #2704, 1000.000000000000000 ) ;
#3614 = AXIS2_PLACEMENT_3D ( 'NONE', #2491, #1962, #2752 ) ;
#3615 = CARTESIAN_POINT ( 'NONE',  ( -13.12440550815790807, -29.73213715926647538, -5.000000000000000000 ) ) ;
#3616 = ORIENTED_EDGE ( 'NONE', *, *, #1481, .F. ) ;
#3617 = DIRECTION ( 'NONE',  ( 1.000000000000000000, -0.000000000000000000, -0.000000000000000000 ) ) ;
#3618 = FACE_OUTER_BOUND ( 'NONE', #2923, .T. ) ;
#3619 = CIRCLE ( 'NONE', #1722, 1.700000000000006173 ) ;
#3620 = DIRECTION ( 'NONE',  ( 0.000000000000000000, 0.000000000000000000, 1.000000000000000000 ) ) ;
#3621 = VECTOR ( 'NONE', #2924, 1000.000000000000000 ) ;
#3622 = CIRCLE ( 'NONE', #1725, 2.000000000000001776 ) ;
#3623 = CARTESIAN_POINT ( 'NONE',  ( 99.88004853125636373, -23.00000000000069633, 8.642813066825432600 ) ) ;
#3624 = VERTEX_POINT ( 'NONE', #1727 ) ;
#3625 = LINE ( 'NONE', #299, #2920 ) ;
#3626 = CARTESIAN_POINT ( 'NONE',  ( 31.38520058805928414, 8.548876770011414550, -13.66112905692104995 ) ) ;
#3627 = AXIS2_PLACEMENT_3D ( 'NONE', #3178, #637, #1757 ) ;
#3628 = VERTEX_POINT ( 'NONE', #2882 ) ;
#3629 = ORIENTED_EDGE ( 'NONE', *, *, #854, .T. ) ;
#3630 = VERTEX_POINT ( 'NONE', #3180 ) ;
#3631 = DIRECTION ( 'NONE',  ( 1.000000000000000000, 0.000000000000000000, -0.000000000000000000 ) ) ;
#3632 = AXIS2_PLACEMENT_3D ( 'NONE', #1162, #1359, #847 ) ;
#3633 = CARTESIAN_POINT ( 'NONE',  ( 54.69471562785894747, -23.00000000000038014, -44.82947592858929653 ) ) ;
#3634 = EDGE_CURVE ( 'NONE', #1439, #752, #2051, .T. ) ;
#3635 = VERTEX_POINT ( 'NONE', #2304 ) ;
#3636 = AXIS2_PLACEMENT_3D ( 'NONE', #2566, #69, #17 ) ;
#3637 = EDGE_CURVE ( 'NONE', #2765, #2739, #654, .T. ) ;
#3638 = CARTESIAN_POINT ( 'NONE',  ( 32.52665982557925162, 9.500589059726248564, -10.11776900344822927 ) ) ;
#3639 = CARTESIAN_POINT ( 'NONE',  ( 27.46536498627757794, -37.00000000000122924, 8.081484457228622631 ) ) ;
#3640 = EDGE_CURVE ( 'NONE', #1695, #1072, #1491, .T. ) ;
#3641 = VERTEX_POINT ( 'NONE', #2604 ) ;
#3642 = CARTESIAN_POINT ( 'NONE',  ( 125.0000000000000000, 0.000000000000000000, -2.000000000000000000 ) ) ;
#3643 = CARTESIAN_POINT ( 'NONE',  ( 34.49779476750737928, 0.4511008248424320799, -18.99456404230387818 ) ) ;
#3644 = CARTESIAN_POINT ( 'NONE',  ( 74.00000000000001421, 0.000000000000000000, -14.49999999999998934 ) ) ;
#3645 = VERTEX_POINT ( 'NONE', #1745 ) ;
#3646 = LINE ( 'NONE', #2493, #1147 ) ;
#3647 = CARTESIAN_POINT ( 'NONE',  ( 31.18344039648303578, 9.158938295056431755, -15.65335196493215086 ) ) ;
#3648 = ORIENTED_EDGE ( 'NONE', *, *, #2422, .F. ) ;
#3649 = ORIENTED_EDGE ( 'NONE', *, *, #151, .T. ) ;
#3650 = ORIENTED_EDGE ( 'NONE', *, *, #486, .T. ) ;
#3651 = CARTESIAN_POINT ( 'NONE',  ( 27.46536498627757794, -25.30000000000018900, 4.681484457228613394 ) ) ;
#3652 = CARTESIAN_POINT ( 'NONE',  ( 98.08638202511629345, -21.22619168920630983, -18.99999999999999645 ) ) ;
#3653 = VERTEX_POINT ( 'NONE', #402 ) ;
#3654 = VECTOR ( 'NONE', #3254, 1000.000000000000000 ) ;
#3655 = CARTESIAN_POINT ( 'NONE',  ( 34.30097938993112194, 3.071553298654718933, -0.5048223788829181435 ) ) ;
#3656 = EDGE_CURVE ( 'NONE', #864, #374, #353, .T. ) ;
#3657 = CARTESIAN_POINT ( 'NONE',  ( -32.50200000000000244, -32.50000000000000000, 0.000000000000000000 ) ) ;
#3658 = AXIS2_PLACEMENT_3D ( 'NONE', #1393, #3049, #2527 ) ;
#3659 = FACE_OUTER_BOUND ( 'NONE', #426, .T. ) ;
ENDSEC;
END-ISO-10303-21;
