ISO-10303-21;
HEADER;
FILE_DESCRIPTION (( 'STEP AP203' ),
    '1' );
FILE_NAME ('CSWP_18_17C.STEP',
    '2026-07-26T13:39:40',
    ( '' ),
    ( '' ),
    'SwSTEP 2.0',
    'SolidWorks 2026',
    '' );
FILE_SCHEMA (( 'CONFIG_CONTROL_DESIGN' ));
ENDSEC;

DATA;
#1 = ORIENTED_EDGE ( 'NONE', *, *, #374, .T. ) ;
#2 = DIRECTION ( 'NONE',  ( 0.000000000000000000, 0.000000000000000000, 1.000000000000000000 ) ) ;
#3 = EDGE_LOOP ( 'NONE', ( #208, #591, #722, #836 ) ) ;
#4 = DIRECTION ( 'NONE',  ( 0.000000000000000000, 0.000000000000000000, 1.000000000000000000 ) ) ;
#5 = ORIENTED_EDGE ( 'NONE', *, *, #693, .F. ) ;
#6 = EDGE_CURVE ( 'NONE', #1090, #418, #441, .T. ) ;
#7 = DIRECTION ( 'NONE',  ( -1.000000000000000000, 0.000000000000000000, -1.334402673828312107E-16 ) ) ;
#8 = DIRECTION ( 'NONE',  ( 0.000000000000000000, 0.000000000000000000, -1.000000000000000000 ) ) ;
#9 = ORIENTED_EDGE ( 'NONE', *, *, #1150, .F. ) ;
#10 = ORIENTED_EDGE ( 'NONE', *, *, #472, .F. ) ;
#11 = LINE ( 'NONE', #147, #1460 ) ;
#12 = EDGE_LOOP ( 'NONE', ( #1282, #159, #128, #833 ) ) ;
#13 = EDGE_CURVE ( 'NONE', #1235, #78, #1530, .T. ) ;
#14 = CYLINDRICAL_SURFACE ( 'NONE', #213, 20.00000000000000355 ) ;
#15 = DIRECTION ( 'NONE',  ( -0.000000000000000000, -0.000000000000000000, -1.000000000000000000 ) ) ;
#16 = AXIS2_PLACEMENT_3D ( 'NONE', #733, #752, #140 ) ;
#17 = LINE ( 'NONE', #1154, #1099 ) ;
#18 = EDGE_CURVE ( 'NONE', #736, #366, #882, .T. ) ;
#19 = VECTOR ( 'NONE', #620, 1000.000000000000000 ) ;
#20 = AXIS2_PLACEMENT_3D ( 'NONE', #365, #759, #1124 ) ;
#21 = ORIENTED_EDGE ( 'NONE', *, *, #1266, .T. ) ;
#22 = VECTOR ( 'NONE', #373, 1000.000000000000000 ) ;
#23 = DIRECTION ( 'NONE',  ( 0.000000000000000000, 0.000000000000000000, -1.000000000000000000 ) ) ;
#24 = ORIENTED_EDGE ( 'NONE', *, *, #343, .F. ) ;
#25 = DIRECTION ( 'NONE',  ( -1.000000000000000000, 0.000000000000000000, 0.000000000000000000 ) ) ;
#26 = PLANE ( 'NONE',  #90 ) ;
#27 = LINE ( 'NONE', #1377, #43 ) ;
#28 = CARTESIAN_POINT ( 'NONE',  ( 0.000000000000000000, 0.000000000000000000, -18.00000000000000000 ) ) ;
#29 = EDGE_CURVE ( 'NONE', #342, #1116, #27, .T. ) ;
#30 = ORIENTED_EDGE ( 'NONE', *, *, #1085, .T. ) ;
#31 = DIRECTION ( 'NONE',  ( 0.000000000000000000, 0.000000000000000000, -1.000000000000000000 ) ) ;
#32 = ORIENTED_EDGE ( 'NONE', *, *, #1146, .T. ) ;
#33 = CARTESIAN_POINT ( 'NONE',  ( -90.00000000000000000, -0.001000000000001000089, -6.000000000000000000 ) ) ;
#34 = CARTESIAN_POINT ( 'NONE',  ( -46.99999999999999289, 215.0000000000000000, -18.00000000000000000 ) ) ;
#35 = DIRECTION ( 'NONE',  ( -0.000000000000000000, -0.000000000000000000, -1.000000000000000000 ) ) ;
#36 = DIRECTION ( 'NONE',  ( -0.000000000000000000, 1.000000000000000000, -0.000000000000000000 ) ) ;
#37 = ORIENTED_EDGE ( 'NONE', *, *, #1536, .F. ) ;
#38 = DIRECTION ( 'NONE',  ( 0.000000000000000000, 0.000000000000000000, -1.000000000000000000 ) ) ;
#39 = ORIENTED_EDGE ( 'NONE', *, *, #1453, .T. ) ;
#40 = CARTESIAN_POINT ( 'NONE',  ( -40.00000000000002132, 175.0000000000000000, -18.00000000000000000 ) ) ;
#41 = CIRCLE ( 'NONE', #835, 2.749999999999999112 ) ;
#42 = DIRECTION ( 'NONE',  ( -0.7071067811865475727, -9.282641225326372394E-17, 0.7071067811865475727 ) ) ;
#43 = VECTOR ( 'NONE', #1286, 1000.000000000000114 ) ;
#44 = ADVANCED_FACE ( 'NONE', ( #268 ), #776, .T. ) ;
#45 = EDGE_LOOP ( 'NONE', ( #60, #1131, #1143 ) ) ;
#46 = AXIS2_PLACEMENT_3D ( 'NONE', #448, #1404, #1431 ) ;
#47 = EDGE_LOOP ( 'NONE', ( #1121, #1539 ) ) ;
#48 = CIRCLE ( 'NONE', #944, 6.119999999999995666 ) ;
#49 = CARTESIAN_POINT ( 'NONE',  ( -69.99999999999998579, 190.0000000000000000, 11.99999999999999822 ) ) ;
#50 = APPROVAL_PERSON_ORGANIZATION ( #1166, #783, #558 ) ;
#51 = EDGE_CURVE ( 'NONE', #496, #515, #85, .T. ) ;
#52 = ORIENTED_EDGE ( 'NONE', *, *, #1354, .T. ) ;
#53 = DIRECTION ( 'NONE',  ( -0.5150380749100536004, 0.000000000000000000, 0.8571673007021125557 ) ) ;
#54 = VERTEX_POINT ( 'NONE', #1272 ) ;
#55 = CARTESIAN_POINT ( 'NONE',  ( -2.449293598294707302E-15, 245.0000000000000000, -18.00000000000000000 ) ) ;
#56 = EDGE_CURVE ( 'NONE', #606, #1072, #539, .T. ) ;
#57 = LINE ( 'NONE', #1063, #499 ) ;
#58 = DIRECTION ( 'NONE',  ( 0.000000000000000000, 0.000000000000000000, 1.000000000000000000 ) ) ;
#59 = LINE ( 'NONE', #189, #1392 ) ;
#60 = ORIENTED_EDGE ( 'NONE', *, *, #1308, .F. ) ;
#61 = CARTESIAN_POINT ( 'NONE',  ( -80.00000000000000000, 215.0000000000000000, -50.56854249492378983 ) ) ;
#62 = ADVANCED_FACE ( 'NONE', ( #645, #1395 ), #416, .F. ) ;
#63 = DIRECTION ( 'NONE',  ( -1.000000000000000000, -0.000000000000000000, -0.000000000000000000 ) ) ;
#64 = EDGE_CURVE ( 'NONE', #1403, #1509, #17, .T. ) ;
#65 = AXIS2_PLACEMENT_3D ( 'NONE', #685, #1067, #1296 ) ;
#66 = CARTESIAN_POINT ( 'NONE',  ( -90.00000000000000000, 185.0000000000000000, 18.00000000000000000 ) ) ;
#67 = AXIS2_PLACEMENT_3D ( 'NONE', #991, #1355, #1449 ) ;
#68 = VECTOR ( 'NONE', #1277, 1000.000000000000000 ) ;
#69 = LINE ( 'NONE', #1549, #144 ) ;
#70 = CIRCLE ( 'NONE', #969, 6.119999999999995666 ) ;
#71 = LINE ( 'NONE', #1419, #1225 ) ;
#72 = APPROVAL_DATE_TIME ( #1420, #783 ) ;
#73 = EDGE_CURVE ( 'NONE', #119, #428, #1147, .T. ) ;
#74 = LINE ( 'NONE', #1051, #770 ) ;
#75 = CARTESIAN_POINT ( 'NONE',  ( -69.99999999999998579, 240.0000000000000000, -12.00000000000000000 ) ) ;
#76 = DIRECTION ( 'NONE',  ( 0.000000000000000000, 0.000000000000000000, 1.000000000000000000 ) ) ;
#77 = APPLICATION_PROTOCOL_DEFINITION ( 'international standard', 'config_control_design', 1994, #642 ) ;
#78 = VERTEX_POINT ( 'NONE', #381 ) ;
#79 = DIRECTION ( 'NONE',  ( 0.000000000000000000, -0.7071067811865475727, 0.7071067811865475727 ) ) ;
#80 = ORIENTED_EDGE ( 'NONE', *, *, #1531, .T. ) ;
#81 = DIRECTION ( 'NONE',  ( 1.000000000000000000, 0.000000000000000000, 0.000000000000000000 ) ) ;
#82 = DIRECTION ( 'NONE',  ( 0.000000000000000000, 0.000000000000000000, 1.000000000000000000 ) ) ;
#83 = VERTEX_POINT ( 'NONE', #1033 ) ;
#84 = CARTESIAN_POINT ( 'NONE',  ( -90.00000000000000000, 190.0000000000000000, 11.99999999999999822 ) ) ;
#85 = CIRCLE ( 'NONE', #993, 1.500000000000001332 ) ;
#86 = LINE ( 'NONE', #1096, #1489 ) ;
#87 = AXIS2_PLACEMENT_3D ( 'NONE', #353, #1347, #201 ) ;
#88 = CC_DESIGN_DATE_AND_TIME_ASSIGNMENT ( #1035, #288, ( #184 ) ) ;
#89 = VERTEX_POINT ( 'NONE', #410 ) ;
#90 = AXIS2_PLACEMENT_3D ( 'NONE', #602, #150, #1111 ) ;
#91 = EDGE_CURVE ( 'NONE', #866, #634, #908, .T. ) ;
#92 = CARTESIAN_POINT ( 'NONE',  ( -40.00000000000002132, 185.0000000000000000, 18.00000000000000000 ) ) ;
#93 = AXIS2_PLACEMENT_3D ( 'NONE', #1506, #1369, #514 ) ;
#94 = ORIENTED_EDGE ( 'NONE', *, *, #564, .F. ) ;
#95 = CARTESIAN_POINT ( 'NONE',  ( 0.000000000000000000, 0.000000000000000000, 18.00000000000000000 ) ) ;
#96 = CARTESIAN_POINT ( 'NONE',  ( -28.00000000000004974, 175.0000000000000000, -18.00000000000000000 ) ) ;
#97 = ORIENTED_EDGE ( 'NONE', *, *, #936, .T. ) ;
#98 = FACE_OUTER_BOUND ( 'NONE', #1101, .T. ) ;
#99 = ADVANCED_FACE ( 'NONE', ( #522 ), #400, .F. ) ;
#100 = DIRECTION ( 'NONE',  ( 0.000000000000000000, 0.000000000000000000, 1.000000000000000000 ) ) ;
#101 = ORIENTED_EDGE ( 'NONE', *, *, #1160, .T. ) ;
#102 = CARTESIAN_POINT ( 'NONE',  ( -90.00000000000000000, 245.0000000000000000, 16.00000000000002487 ) ) ;
#103 = ORIENTED_EDGE ( 'NONE', *, *, #6, .T. ) ;
#104 = EDGE_CURVE ( 'NONE', #272, #959, #41, .T. ) ;
#105 = DIRECTION ( 'NONE',  ( -1.000000000000000000, -0.000000000000000000, -0.000000000000000000 ) ) ;
#106 = CARTESIAN_POINT ( 'NONE',  ( -90.00000000000000000, 190.0000000000000000, -11.99999999999999822 ) ) ;
#107 = ORIENTED_EDGE ( 'NONE', *, *, #295, .F. ) ;
#108 = EDGE_CURVE ( 'NONE', #1204, #1314, #1327, .T. ) ;
#109 = VERTEX_POINT ( 'NONE', #1188 ) ;
#110 = DIRECTION ( 'NONE',  ( -0.7071067811865426878, 0.000000000000000000, 0.7071067811865524577 ) ) ;
#111 = ORIENTED_EDGE ( 'NONE', *, *, #452, .T. ) ;
#112 = VECTOR ( 'NONE', #1165, 1000.000000000000000 ) ;
#113 = DIRECTION ( 'NONE',  ( -1.000000000000000000, -0.000000000000000000, -0.000000000000000000 ) ) ;
#114 = DIRECTION ( 'NONE',  ( -1.000000000000000000, -0.000000000000000000, -0.000000000000000000 ) ) ;
#115 = CARTESIAN_POINT ( 'NONE',  ( -69.99999999999998579, 190.0000000000000000, 11.99999999999999822 ) ) ;
#116 = ORIENTED_EDGE ( 'NONE', *, *, #1471, .T. ) ;
#117 = AXIS2_PLACEMENT_3D ( 'NONE', #1247, #23, #772 ) ;
#118 = CARTESIAN_POINT ( 'NONE',  ( -69.09870907145865715, 190.0000000000000000, 11.99999999999999822 ) ) ;
#119 = VERTEX_POINT ( 'NONE', #1535 ) ;
#120 = EDGE_CURVE ( 'NONE', #1364, #1318, #862, .T. ) ;
#121 = CARTESIAN_POINT ( 'NONE',  ( -90.00000000000000000, 245.0000000000000000, -15.99999999999999645 ) ) ;
#122 = ORIENTED_EDGE ( 'NONE', *, *, #276, .T. ) ;
#123 = DIRECTION ( 'NONE',  ( 1.000000000000000000, -0.000000000000000000, -0.000000000000000000 ) ) ;
#124 = CARTESIAN_POINT ( 'NONE',  ( 0.000000000000000000, 0.000000000000000000, -18.00000000000000000 ) ) ;
#125 = VERTEX_POINT ( 'NONE', #420 ) ;
#126 = DIRECTION ( 'NONE',  ( -1.000000000000000000, -0.000000000000000000, -0.000000000000000000 ) ) ;
#127 = EDGE_CURVE ( 'NONE', #1403, #599, #1157, .T. ) ;
#128 = ORIENTED_EDGE ( 'NONE', *, *, #1302, .T. ) ;
#129 = CARTESIAN_POINT ( 'NONE',  ( 9.561413512059540947E-16, 10.00000000000000000, 0.000000000000000000 ) ) ;
#130 = EDGE_LOOP ( 'NONE', ( #979, #950 ) ) ;
#131 = DIRECTION ( 'NONE',  ( -1.000000000000000000, 0.000000000000000000, 0.000000000000000000 ) ) ;
#132 = PLANE ( 'NONE',  #1283 ) ;
#133 = DIRECTION ( 'NONE',  ( -1.000000000000000000, -0.000000000000000000, -0.000000000000000000 ) ) ;
#134 = EDGE_LOOP ( 'NONE', ( #999, #918, #648, #364 ) ) ;
#135 = LINE ( 'NONE', #402, #195 ) ;
#136 = ORIENTED_EDGE ( 'NONE', *, *, #1435, .F. ) ;
#137 = LINE ( 'NONE', #867, #632 ) ;
#138 = ORIENTED_EDGE ( 'NONE', *, *, #1371, .F. ) ;
#139 = CARTESIAN_POINT ( 'NONE',  ( -40.00000000000002132, 185.0000000000000000, -15.99999999999999645 ) ) ;
#140 = DIRECTION ( 'NONE',  ( 0.000000000000000000, 0.000000000000000000, 1.000000000000000000 ) ) ;
#141 = EDGE_CURVE ( 'NONE', #1314, #251, #627, .T. ) ;
#142 = AXIS2_PLACEMENT_3D ( 'NONE', #504, #1004, #754 ) ;
#143 = CARTESIAN_POINT ( 'NONE',  ( -69.99999999999998579, 240.0000000000000000, -13.50000000000000178 ) ) ;
#144 = VECTOR ( 'NONE', #1324, 1000.000000000000114 ) ;
#145 = ORIENTED_EDGE ( 'NONE', *, *, #254, .T. ) ;
#146 = LOCAL_TIME ( 19, 9, 40.00000000000000000, #686 ) ;
#147 = CARTESIAN_POINT ( 'NONE',  ( -27.99999999999996803, -3.411387655132052584E-15, 18.00000000000000000 ) ) ;
#148 = ORIENTED_EDGE ( 'NONE', *, *, #687, .F. ) ;
#149 = DIRECTION ( 'NONE',  ( 1.000000000000000000, 0.000000000000000000, 0.000000000000000000 ) ) ;
#150 = DIRECTION ( 'NONE',  ( -0.000000000000000000, 0.7071067811865425767, 0.7071067811865524577 ) ) ;
#151 = DIRECTION ( 'NONE',  ( 1.000000000000000000, 0.000000000000000000, 0.000000000000000000 ) ) ;
#152 = VERTEX_POINT ( 'NONE', #799 ) ;
#153 = DIRECTION ( 'NONE',  ( 0.000000000000000000, 0.000000000000000000, 1.000000000000000000 ) ) ;
#154 = ORIENTED_EDGE ( 'NONE', *, *, #507, .F. ) ;
#155 = CARTESIAN_POINT ( 'NONE',  ( -60.00000000000000000, 215.0000000000000000, 18.00100000000000122 ) ) ;
#156 = CARTESIAN_POINT ( 'NONE',  ( 0.000000000000000000, 243.0000000000000284, -18.00000000000000000 ) ) ;
#157 = CC_DESIGN_PERSON_AND_ORGANIZATION_ASSIGNMENT ( #673, #436, ( #1002 ) ) ;
#158 =( NAMED_UNIT ( * ) SI_UNIT ( $, .STERADIAN. ) SOLID_ANGLE_UNIT ( ) );
#159 = ORIENTED_EDGE ( 'NONE', *, *, #415, .T. ) ;
#160 = ADVANCED_FACE ( 'NONE', ( #1312 ), #677, .F. ) ;
#161 = CARTESIAN_POINT ( 'NONE',  ( -90.00000000000000000, 190.0000000000000000, -10.49999999999999645 ) ) ;
#162 = ORIENTED_EDGE ( 'NONE', *, *, #785, .F. ) ;
#163 = DIRECTION ( 'NONE',  ( 0.000000000000000000, -0.7071067811865524577, 0.7071067811865425767 ) ) ;
#164 = AXIS2_PLACEMENT_3D ( 'NONE', #196, #63, #1427 ) ;
#165 = CARTESIAN_POINT ( 'NONE',  ( -73.00000000000001421, 215.0000000000000000, 18.00100000000000122 ) ) ;
#166 = AXIS2_PLACEMENT_3D ( 'NONE', #734, #8, #352 ) ;
#167 = VECTOR ( 'NONE', #1080, 1000.000000000000000 ) ;
#168 = DIRECTION ( 'NONE',  ( 0.000000000000000000, 0.7071067811865524577, -0.7071067811865426878 ) ) ;
#169 = AXIS2_PLACEMENT_3D ( 'NONE', #198, #689, #940 ) ;
#170 = ORIENTED_EDGE ( 'NONE', *, *, #1250, .F. ) ;
#171 = ADVANCED_FACE ( 'NONE', ( #827 ), #397, .F. ) ;
#172 = DIRECTION ( 'NONE',  ( 1.000000000000000000, 9.997116727733499279E-18, -0.000000000000000000 ) ) ;
#173 = DIRECTION ( 'NONE',  ( -1.349229370204183433E-16, -0.000000000000000000, -1.000000000000000000 ) ) ;
#174 = PRODUCT ( 'CSWP_18_17C', 'CSWP_18_17C', '', ( #1057 ) ) ;
#175 = DIRECTION ( 'NONE',  ( 0.000000000000000000, 0.000000000000000000, 1.000000000000000000 ) ) ;
#176 = EDGE_CURVE ( 'NONE', #125, #1524, #921, .T. ) ;
#177 = ORIENTED_EDGE ( 'NONE', *, *, #804, .T. ) ;
#178 = CARTESIAN_POINT ( 'NONE',  ( -90.00000000000000000, 240.0000000000000000, 10.49999999999999822 ) ) ;
#179 = EDGE_CURVE ( 'NONE', #717, #1582, #57, .T. ) ;
#180 = DIRECTION ( 'NONE',  ( 1.000000000000000000, 0.000000000000000000, -1.301042606982605074E-16 ) ) ;
#181 = PERSON_AND_ORGANIZATION_ROLE ( 'creator' ) ;
#182 = LINE ( 'NONE', #433, #1543 ) ;
#183 = DIRECTION ( 'NONE',  ( -1.000000000000000000, 0.000000000000000000, 0.000000000000000000 ) ) ;
#184 = PRODUCT_DEFINITION ( 'UNKNOWN', '', #1002, #305 ) ;
#185 = FACE_OUTER_BOUND ( 'NONE', #261, .T. ) ;
#186 = ADVANCED_FACE ( 'NONE', ( #200 ), #330, .F. ) ;
#187 = COORDINATED_UNIVERSAL_TIME_OFFSET ( 5, 30, .AHEAD. ) ;
#188 = PERSON_AND_ORGANIZATION ( #808, #1110 ) ;
#189 = CARTESIAN_POINT ( 'NONE',  ( -2.199365680101369484E-15, 220.0000000000000000, -18.00000000000000000 ) ) ;
#190 = DIRECTION ( 'NONE',  ( -0.7071067811865524577, -8.659560562354994488E-17, 0.7071067811865426878 ) ) ;
#191 = AXIS2_PLACEMENT_3D ( 'NONE', #442, #468, #325 ) ;
#192 = CIRCLE ( 'NONE', #868, 1.500000000000001332 ) ;
#193 = FACE_OUTER_BOUND ( 'NONE', #587, .T. ) ;
#194 = AXIS2_PLACEMENT_3D ( 'NONE', #779, #498, #741 ) ;
#195 = VECTOR ( 'NONE', #1267, 1000.000000000000114 ) ;
#196 = CARTESIAN_POINT ( 'NONE',  ( -90.00000000000000000, 240.0000000000000000, 12.00000000000000000 ) ) ;
#197 = DIRECTION ( 'NONE',  ( 1.000000000000000000, -0.000000000000000000, -1.349229370204183433E-16 ) ) ;
#198 = CARTESIAN_POINT ( 'NONE',  ( -69.99999999999998579, 240.0000000000000000, -12.00000000000000000 ) ) ;
#199 = ORIENTED_EDGE ( 'NONE', *, *, #458, .F. ) ;
#200 = FACE_OUTER_BOUND ( 'NONE', #1270, .T. ) ;
#201 = DIRECTION ( 'NONE',  ( 0.000000000000000000, 0.000000000000000000, 1.000000000000000000 ) ) ;
#202 = VERTEX_POINT ( 'NONE', #1544 ) ;
#203 = CARTESIAN_POINT ( 'NONE',  ( -2.000000000000001776, -2.449293598294708880E-16, 18.00000000000000000 ) ) ;
#204 = ADVANCED_FACE ( 'NONE', ( #432 ), #1305, .F. ) ;
#205 = DIRECTION ( 'NONE',  ( 1.000000000000000000, 0.000000000000000000, 0.000000000000000000 ) ) ;
#206 = ORIENTED_EDGE ( 'NONE', *, *, #1406, .F. ) ;
#207 = DIRECTION ( 'NONE',  ( -0.000000000000000000, -1.000000000000000000, -0.000000000000000000 ) ) ;
#208 = ORIENTED_EDGE ( 'NONE', *, *, #176, .F. ) ;
#209 = EDGE_LOOP ( 'NONE', ( #170, #461 ) ) ;
#210 = DIRECTION ( 'NONE',  ( 0.000000000000000000, 0.000000000000000000, 1.000000000000000000 ) ) ;
#211 = EDGE_CURVE ( 'NONE', #83, #639, #71, .T. ) ;
#212 = ORIENTED_EDGE ( 'NONE', *, *, #516, .F. ) ;
#213 = AXIS2_PLACEMENT_3D ( 'NONE', #502, #1494, #378 ) ;
#214 = AXIS2_PLACEMENT_3D ( 'NONE', #1108, #1351, #1447 ) ;
#215 = PLANE ( 'NONE',  #598 ) ;
#216 = CC_DESIGN_APPROVAL ( #783, ( #184 ) ) ;
#217 = ORIENTED_EDGE ( 'NONE', *, *, #374, .F. ) ;
#218 = EDGE_CURVE ( 'NONE', #349, #342, #440, .T. ) ;
#219 = CARTESIAN_POINT ( 'NONE',  ( -69.99999999999998579, 240.0000000000000000, 12.00000000000000000 ) ) ;
#220 = ORIENTED_EDGE ( 'NONE', *, *, #516, .T. ) ;
#221 = FACE_OUTER_BOUND ( 'NONE', #1123, .T. ) ;
#222 = EDGE_CURVE ( 'NONE', #1097, #606, #1434, .T. ) ;
#223 = CARTESIAN_POINT ( 'NONE',  ( 9.561413512059544891E-16, 10.00000000000000000, 6.119999999999995666 ) ) ;
#224 = VERTEX_POINT ( 'NONE', #324 ) ;
#225 = CARTESIAN_POINT ( 'NONE',  ( -30.00000000000002487, 185.0000000000000000, -15.99999999999999645 ) ) ;
#226 = VERTEX_POINT ( 'NONE', #311 ) ;
#227 = DIRECTION ( 'NONE',  ( -1.000000000000000000, -0.000000000000000000, -0.000000000000000000 ) ) ;
#228 = ORIENTED_EDGE ( 'NONE', *, *, #51, .F. ) ;
#229 = CARTESIAN_POINT ( 'NONE',  ( -90.00000000000000000, 240.0000000000000000, -10.49999999999999822 ) ) ;
#230 = CARTESIAN_POINT ( 'NONE',  ( -40.00000000000002132, 175.0000000000000000, 18.00000000000000000 ) ) ;
#231 = ORIENTED_EDGE ( 'NONE', *, *, #665, .T. ) ;
#232 = ADVANCED_FACE ( 'NONE', ( #185 ), #265, .T. ) ;
#233 = CARTESIAN_POINT ( 'NONE',  ( -90.00000000000000000, 190.0000000000000000, -11.99999999999999822 ) ) ;
#234 = ORIENTED_EDGE ( 'NONE', *, *, #507, .T. ) ;
#235 = DIRECTION ( 'NONE',  ( 1.000000000000000000, -0.000000000000000000, -0.000000000000000000 ) ) ;
#236 = VECTOR ( 'NONE', #1414, 1000.000000000000000 ) ;
#237 = ORIENTED_EDGE ( 'NONE', *, *, #439, .T. ) ;
#238 = AXIS2_PLACEMENT_3D ( 'NONE', #755, #881, #1264 ) ;
#239 = CARTESIAN_POINT ( 'NONE',  ( -90.00000000000000000, 185.0000000000000000, 6.000000000000001776 ) ) ;
#240 = VECTOR ( 'NONE', #15, 1000.000000000000000 ) ;
#241 = CARTESIAN_POINT ( 'NONE',  ( -69.99999999999998579, 190.0000000000000000, 10.49999999999999645 ) ) ;
#242 = AXIS2_PLACEMENT_3D ( 'NONE', #313, #809, #434 ) ;
#243 = ORIENTED_EDGE ( 'NONE', *, *, #909, .F. ) ;
#244 = CARTESIAN_POINT ( 'NONE',  ( -69.99999999999998579, 190.0000000000000000, 13.50000000000000000 ) ) ;
#245 = ORIENTED_EDGE ( 'NONE', *, *, #452, .F. ) ;
#246 = LINE ( 'NONE', #1518, #321 ) ;
#247 = EDGE_LOOP ( 'NONE', ( #1361, #1568, #1356 ) ) ;
#248 = CARTESIAN_POINT ( 'NONE',  ( -90.00000000000000000, 231.9999999999996021, 29.00000000000024514 ) ) ;
#249 = DIRECTION ( 'NONE',  ( -0.000000000000000000, -0.000000000000000000, -1.000000000000000000 ) ) ;
#250 = ORIENTED_EDGE ( 'NONE', *, *, #804, .F. ) ;
#251 = VERTEX_POINT ( 'NONE', #566 ) ;
#252 = DIRECTION ( 'NONE',  ( 1.000000000000000000, 0.000000000000000000, 0.000000000000000000 ) ) ;
#253 = EDGE_LOOP ( 'NONE', ( #1505, #1105, #1490 ) ) ;
#254 = EDGE_CURVE ( 'NONE', #534, #711, #529, .T. ) ;
#255 = CARTESIAN_POINT ( 'NONE',  ( -3.579999999999999183, 10.00000000000000000, -6.119999999999995666 ) ) ;
#256 = FACE_OUTER_BOUND ( 'NONE', #596, .T. ) ;
#257 = ORIENTED_EDGE ( 'NONE', *, *, #1486, .F. ) ;
#258 = DIRECTION ( 'NONE',  ( 0.000000000000000000, 0.000000000000000000, 1.000000000000000000 ) ) ;
#259 = EDGE_LOOP ( 'NONE', ( #1578, #162, #389, #234 ) ) ;
#260 = CARTESIAN_POINT ( 'NONE',  ( -30.00000000000000000, 10.00000000000000000, 0.000000000000000000 ) ) ;
#261 = EDGE_LOOP ( 'NONE', ( #1156, #690, #971, #1350 ) ) ;
#262 = DIRECTION ( 'NONE',  ( -0.000000000000000000, -0.000000000000000000, -1.000000000000000000 ) ) ;
#263 = ADVANCED_FACE ( 'NONE', ( #577 ), #1084, .F. ) ;
#264 = CARTESIAN_POINT ( 'NONE',  ( -40.00000000000002132, 175.0000000000000000, 15.99999999999996980 ) ) ;
#265 = CONICAL_SURFACE ( 'NONE', #595, 23.00000000000002132, 0.7853981633974430610 ) ;
#266 = CIRCLE ( 'NONE', #1130, 2.749999999999996447 ) ;
#267 = LINE ( 'NONE', #521, #865 ) ;
#268 = FACE_OUTER_BOUND ( 'NONE', #858, .T. ) ;
#269 = VECTOR ( 'NONE', #113, 1000.000000000000000 ) ;
#270 = LINE ( 'NONE', #244, #1584 ) ;
#271 = CIRCLE ( 'NONE', #426, 13.00000000000001066 ) ;
#272 = VERTEX_POINT ( 'NONE', #834 ) ;
#273 = VECTOR ( 'NONE', #168, 1000.000000000000000 ) ;
#274 = FACE_BOUND ( 'NONE', #130, .T. ) ;
#275 = ORIENTED_EDGE ( 'NONE', *, *, #1308, .T. ) ;
#276 = EDGE_CURVE ( 'NONE', #856, #717, #712, .T. ) ;
#277 = LINE ( 'NONE', #751, #898 ) ;
#278 = CARTESIAN_POINT ( 'NONE',  ( -69.99999999999998579, 190.0000000000000000, -13.50000000000000000 ) ) ;
#279 = DIRECTION ( 'NONE',  ( 0.7071067811865426878, 8.659560562354874926E-17, 0.7071067811865524577 ) ) ;
#280 = CARTESIAN_POINT ( 'NONE',  ( -60.00000000000000000, 215.0000000000000000, 18.00000000000000000 ) ) ;
#281 = EDGE_CURVE ( 'NONE', #639, #54, #1573, .T. ) ;
#282 = DIRECTION ( 'NONE',  ( 0.000000000000000000, 1.000000000000000000, 0.000000000000000000 ) ) ;
#283 = EDGE_LOOP ( 'NONE', ( #1323, #1438 ) ) ;
#284 = PLANE ( 'NONE',  #117 ) ;
#285 = ORIENTED_EDGE ( 'NONE', *, *, #1030, .T. ) ;
#286 = LINE ( 'NONE', #33, #68 ) ;
#287 = ORIENTED_EDGE ( 'NONE', *, *, #73, .F. ) ;
#288 = DATE_TIME_ROLE ( 'creation_date' ) ;
#289 = ADVANCED_FACE ( 'NONE', ( #98 ), #585, .T. ) ;
#290 = CARTESIAN_POINT ( 'NONE',  ( -45.00000000000000000, 245.0000000000000000, 5.999999999999993783 ) ) ;
#291 = ORIENTED_EDGE ( 'NONE', *, *, #1554, .T. ) ;
#292 = FACE_OUTER_BOUND ( 'NONE', #582, .T. ) ;
#293 = AXIS2_PLACEMENT_3D ( 'NONE', #1561, #173, #180 ) ;
#294 = ORIENTED_EDGE ( 'NONE', *, *, #543, .T. ) ;
#295 = EDGE_CURVE ( 'NONE', #669, #1403, #1567, .T. ) ;
#296 = CONICAL_SURFACE ( 'NONE', #166, 22.99999999999999645, 0.7853981633974570498 ) ;
#297 = AXIS2_PLACEMENT_3D ( 'NONE', #879, #163, #1374 ) ;
#298 = EDGE_CURVE ( 'NONE', #606, #428, #1339, .T. ) ;
#299 = LINE ( 'NONE', #674, #1365 ) ;
#300 = AXIS2_PLACEMENT_3D ( 'NONE', #728, #1231, #597 ) ;
#301 = ORIENTED_EDGE ( 'NONE', *, *, #211, .T. ) ;
#302 = CC_DESIGN_SECURITY_CLASSIFICATION ( #405, ( #1002 ) ) ;
#303 = EDGE_CURVE ( 'NONE', #1097, #988, #1120, .T. ) ;
#304 = CARTESIAN_POINT ( 'NONE',  ( -27.99999999999996803, -3.429011037612585332E-15, 18.00000000000000000 ) ) ;
#305 = DESIGN_CONTEXT ( 'detailed design', #1393, 'design' ) ;
#306 = DIRECTION ( 'NONE',  ( 1.000000000000000000, -0.000000000000000000, -0.000000000000000000 ) ) ;
#307 = CALENDAR_DATE ( 2026, 26, 7 ) ;
#308 = CARTESIAN_POINT ( 'NONE',  ( -60.00000000000000000, 215.0000000000000000, 5.999999999999991118 ) ) ;
#309 = DIRECTION ( 'NONE',  ( 0.000000000000000000, 0.000000000000000000, 1.000000000000000000 ) ) ;
#310 = ADVANCED_FACE ( 'NONE', ( #335 ), #360, .T. ) ;
#311 = CARTESIAN_POINT ( 'NONE',  ( -40.00000000000002132, 187.0000000000000284, 18.00000000000000000 ) ) ;
#312 = CARTESIAN_POINT ( 'NONE',  ( -28.00000000000002487, -3.675738392340048138E-15, -18.00000000000000000 ) ) ;
#313 = CARTESIAN_POINT ( 'NONE',  ( 9.561413512059544891E-16, 10.00000000000000000, 0.000000000000000000 ) ) ;
#314 = PRODUCT_DEFINITION_SHAPE ( 'NONE', 'NONE',  #184 ) ;
#315 = DIRECTION ( 'NONE',  ( 0.000000000000000000, 0.000000000000000000, 1.000000000000000000 ) ) ;
#316 = PERSON_AND_ORGANIZATION_ROLE ( 'classification_officer' ) ;
#317 = DIRECTION ( 'NONE',  ( 1.000000000000000000, 0.000000000000000000, 0.000000000000000000 ) ) ;
#318 = VECTOR ( 'NONE', #114, 1000.000000000000000 ) ;
#319 = AXIS2_PLACEMENT_3D ( 'NONE', #40, #1039, #131 ) ;
#320 = CARTESIAN_POINT ( 'NONE',  ( -69.99999999999998579, 190.0000000000000000, 11.99999999999999822 ) ) ;
#321 = VECTOR ( 'NONE', #877, 1000.000000000000000 ) ;
#322 = ADVANCED_FACE ( 'NONE', ( #720 ), #296, .T. ) ;
#323 = APPROVAL_PERSON_ORGANIZATION ( #188, #644, #1532 ) ;
#324 = CARTESIAN_POINT ( 'NONE',  ( -90.00000000000000000, 190.0000000000000000, 10.49999999999999645 ) ) ;
#325 = DIRECTION ( 'NONE',  ( 0.000000000000000000, 0.000000000000000000, 1.000000000000000000 ) ) ;
#326 = ORIENTED_EDGE ( 'NONE', *, *, #1443, .T. ) ;
#327 = EDGE_CURVE ( 'NONE', #366, #496, #592, .T. ) ;
#328 = FACE_OUTER_BOUND ( 'NONE', #1014, .T. ) ;
#329 = ORIENTED_EDGE ( 'NONE', *, *, #1315, .T. ) ;
#330 = CYLINDRICAL_SURFACE ( 'NONE', #699, 1.500000000000001332 ) ;
#331 = ORIENTED_EDGE ( 'NONE', *, *, #557, .F. ) ;
#332 = EDGE_CURVE ( 'NONE', #727, #1558, #698, .T. ) ;
#333 = LINE ( 'NONE', #1336, #477 ) ;
#334 = VERTEX_POINT ( 'NONE', #859 ) ;
#335 = FACE_OUTER_BOUND ( 'NONE', #45, .T. ) ;
#336 = ORIENTED_EDGE ( 'NONE', *, *, #957, .T. ) ;
#337 = ADVANCED_FACE ( 'NONE', ( #1091, #1234 ), #215, .T. ) ;
#338 = AXIS2_PLACEMENT_3D ( 'NONE', #1555, #1175, #548 ) ;
#339 = ORIENTED_EDGE ( 'NONE', *, *, #298, .T. ) ;
#340 = CARTESIAN_POINT ( 'NONE',  ( -27.99999999999999289, 175.0000000000000000, 18.00000000000000000 ) ) ;
#341 = CONICAL_SURFACE ( 'NONE', #1281, 12.00000000000003908, 0.7853981633974504994 ) ;
#342 = VERTEX_POINT ( 'NONE', #955 ) ;
#343 = EDGE_CURVE ( 'NONE', #873, #840, #266, .T. ) ;
#344 = CONICAL_SURFACE ( 'NONE', #967, 1.500000000000001332, 1.029744258676655200 ) ;
#345 = CARTESIAN_POINT ( 'NONE',  ( -45.00000000000000000, -0.001000000000001000089, 5.999999999999993783 ) ) ;
#346 = LOCAL_TIME ( 19, 9, 40.00000000000000000, #1069 ) ;
#347 = ORIENTED_EDGE ( 'NONE', *, *, #1241, .T. ) ;
#348 = DIRECTION ( 'NONE',  ( 0.000000000000000000, 0.000000000000000000, 1.000000000000000000 ) ) ;
#349 = VERTEX_POINT ( 'NONE', #982 ) ;
#350 = ADVANCED_FACE ( 'NONE', ( #1202 ), #341, .F. ) ;
#351 = LINE ( 'NONE', #512, #729 ) ;
#352 = DIRECTION ( 'NONE',  ( -1.000000000000000000, 0.000000000000000000, 0.000000000000000000 ) ) ;
#353 = CARTESIAN_POINT ( 'NONE',  ( -69.99999999999998579, 190.0000000000000000, -11.99999999999999822 ) ) ;
#354 = ORIENTED_EDGE ( 'NONE', *, *, #460, .F. ) ;
#355 = DIRECTION ( 'NONE',  ( -1.000000000000000000, -0.000000000000000000, -0.000000000000000000 ) ) ;
#356 = EDGE_LOOP ( 'NONE', ( #245, #771, #903, #692 ) ) ;
#357 = CARTESIAN_POINT ( 'NONE',  ( -3.579999999999999183, 10.00000000000000000, 0.000000000000000000 ) ) ;
#358 = ORIENTED_EDGE ( 'NONE', *, *, #1008, .F. ) ;
#359 = CARTESIAN_POINT ( 'NONE',  ( -90.00000000000000000, 243.0000000000000284, -18.00000000000000000 ) ) ;
#360 = PLANE ( 'NONE',  #1456 ) ;
#361 = ORIENTED_EDGE ( 'NONE', *, *, #1170, .T. ) ;
#362 = DIRECTION ( 'NONE',  ( 0.000000000000000000, 0.7071067811865474617, 0.7071067811865474617 ) ) ;
#363 = DIRECTION ( 'NONE',  ( 1.000000000000000000, 0.000000000000000000, 0.000000000000000000 ) ) ;
#364 = ORIENTED_EDGE ( 'NONE', *, *, #559, .T. ) ;
#365 = CARTESIAN_POINT ( 'NONE',  ( -90.00000000000000000, 240.0000000000000000, -12.00000000000000000 ) ) ;
#366 = VERTEX_POINT ( 'NONE', #467 ) ;
#367 = VECTOR ( 'NONE', #852, 1000.000000000000114 ) ;
#368 = LINE ( 'NONE', #613, #1102 ) ;
#369 = CIRCLE ( 'NONE', #1203, 24.99999999999999645 ) ;
#370 = DIRECTION ( 'NONE',  ( -1.000000000000000000, -0.000000000000000000, -0.000000000000000000 ) ) ;
#371 = CIRCLE ( 'NONE', #1134, 20.00000000000000355 ) ;
#372 = EDGE_LOOP ( 'NONE', ( #617, #847, #1452 ) ) ;
#373 = DIRECTION ( 'NONE',  ( 0.000000000000000000, 0.000000000000000000, 1.000000000000000000 ) ) ;
#374 = EDGE_CURVE ( 'NONE', #251, #89, #1457, .T. ) ;
#375 = EDGE_LOOP ( 'NONE', ( #1342, #826, #103, #889, #1444 ) ) ;
#376 = DIRECTION ( 'NONE',  ( 1.312763711550015960E-16, -1.000000000000000000, 0.000000000000000000 ) ) ;
#377 = ORIENTED_EDGE ( 'NONE', *, *, #327, .F. ) ;
#378 = DIRECTION ( 'NONE',  ( 1.000000000000000000, 0.000000000000000000, 0.000000000000000000 ) ) ;
#379 = LINE ( 'NONE', #229, #269 ) ;
#380 = DIRECTION ( 'NONE',  ( 0.000000000000000000, 0.000000000000000000, 1.000000000000000000 ) ) ;
#381 = CARTESIAN_POINT ( 'NONE',  ( -1.999999999999974465, -2.449293598294674860E-16, -18.00000000000000000 ) ) ;
#382 = ORIENTED_EDGE ( 'NONE', *, *, #1106, .T. ) ;
#383 = ADVANCED_FACE ( 'NONE', ( #221 ), #775, .F. ) ;
#384 = CARTESIAN_POINT ( 'NONE',  ( -90.00000000000000000, 240.0000000000000000, 13.50000000000000178 ) ) ;
#385 = ORIENTED_EDGE ( 'NONE', *, *, #588, .T. ) ;
#386 = LINE ( 'NONE', #1522, #1357 ) ;
#387 = DIRECTION ( 'NONE',  ( 9.997116727733499279E-18, -1.000000000000000000, 0.000000000000000000 ) ) ;
#388 = DIRECTION ( 'NONE',  ( -1.000000000000000000, -0.000000000000000000, -0.000000000000000000 ) ) ;
#389 = ORIENTED_EDGE ( 'NONE', *, *, #906, .T. ) ;
#390 = CARTESIAN_POINT ( 'NONE',  ( -90.00000000000000000, 240.0000000000000000, -12.00000000000000000 ) ) ;
#391 = ADVANCED_FACE ( 'NONE', ( #1252 ), #1068, .F. ) ;
#392 = ORIENTED_EDGE ( 'NONE', *, *, #1496, .F. ) ;
#393 = DIRECTION ( 'NONE',  ( 0.000000000000000000, 0.000000000000000000, 1.000000000000000000 ) ) ;
#394 = ORIENTED_EDGE ( 'NONE', *, *, #218, .T. ) ;
#395 = CARTESIAN_POINT ( 'NONE',  ( -31.99999999999997868, -3.918869757271528685E-15, 13.99999999999998046 ) ) ;
#396 = ADVANCED_FACE ( 'NONE', ( #568 ), #579, .F. ) ;
#397 = CONICAL_SURFACE ( 'NONE', #567, 1.500000000000001332, 1.029744258676655200 ) ;
#398 = AXIS2_PLACEMENT_3D ( 'NONE', #1003, #1137, #493 ) ;
#399 = CARTESIAN_POINT ( 'NONE',  ( -90.00000000000000000, 240.0000000000000000, -10.49999999999999822 ) ) ;
#400 = PLANE ( 'NONE',  #1180 ) ;
#401 = VECTOR ( 'NONE', #1512, 1000.000000000000000 ) ;
#402 = CARTESIAN_POINT ( 'NONE',  ( -69.99999999999998579, 240.0000000000000000, -10.49999999999999822 ) ) ;
#403 = AXIS2_PLACEMENT_3D ( 'NONE', #1363, #749, #31 ) ;
#404 = ORIENTED_EDGE ( 'NONE', *, *, #1510, .T. ) ;
#405 = SECURITY_CLASSIFICATION ( '', '', #938 ) ;
#406 = FACE_OUTER_BOUND ( 'NONE', #1159, .T. ) ;
#407 = EDGE_LOOP ( 'NONE', ( #820, #301, #237 ) ) ;
#408 = DIRECTION ( 'NONE',  ( 0.000000000000000000, 0.000000000000000000, 1.000000000000000000 ) ) ;
#409 = ADVANCED_FACE ( 'NONE', ( #1092 ), #1574, .F. ) ;
#410 = CARTESIAN_POINT ( 'NONE',  ( -45.00000000000000000, 245.0000000000000000, 5.999999999999991118 ) ) ;
#411 = DATE_TIME_ROLE ( 'classification_date' ) ;
#412 = FACE_OUTER_BOUND ( 'NONE', #1337, .T. ) ;
#413 = EDGE_LOOP ( 'NONE', ( #1141, #24 ) ) ;
#414 = CARTESIAN_POINT ( 'NONE',  ( -73.00000000000001421, 215.0000000000000000, -6.000000000000000000 ) ) ;
#415 = EDGE_CURVE ( 'NONE', #984, #745, #963, .T. ) ;
#416 = PLANE ( 'NONE',  #1384 ) ;
#417 = DATE_AND_TIME ( #1043, #346 ) ;
#418 = VERTEX_POINT ( 'NONE', #1216 ) ;
#419 = DIRECTION ( 'NONE',  ( -1.000000000000000000, 0.000000000000000000, 0.000000000000000000 ) ) ;
#420 = CARTESIAN_POINT ( 'NONE',  ( -30.00000000000000000, -3.673940397442059178E-15, -15.99999999999999645 ) ) ;
#421 = AXIS2_PLACEMENT_3D ( 'NONE', #480, #974, #1313 ) ;
#422 = PERSON_AND_ORGANIZATION_ROLE ( 'design_owner' ) ;
#423 = AXIS2_PLACEMENT_3D ( 'NONE', #976, #363, #1564 ) ;
#424 = ADVANCED_FACE ( 'NONE', ( #822 ), #837, .F. ) ;
#425 = DIRECTION ( 'NONE',  ( 1.000000000000000000, 0.000000000000000000, -1.301042606982605074E-16 ) ) ;
#426 = AXIS2_PLACEMENT_3D ( 'NONE', #696, #574, #1117 ) ;
#427 = DIRECTION ( 'NONE',  ( -0.000000000000000000, -0.000000000000000000, -1.000000000000000000 ) ) ;
#428 = VERTEX_POINT ( 'NONE', #1467 ) ;
#429 = VECTOR ( 'NONE', #36, 1000.000000000000000 ) ;
#430 = LINE ( 'NONE', #819, #1433 ) ;
#431 = UNCERTAINTY_MEASURE_WITH_UNIT (LENGTH_MEASURE( 1.000000000000000082E-05 ), #874, 'distance_accuracy_value', 'NONE');
#432 = FACE_OUTER_BOUND ( 'NONE', #3, .T. ) ;
#433 = CARTESIAN_POINT ( 'NONE',  ( -30.00000000000000000, -3.673940397442059178E-15, -18.00000000000000000 ) ) ;
#434 = DIRECTION ( 'NONE',  ( 0.000000000000000000, 0.000000000000000000, -1.000000000000000000 ) ) ;
#435 = DIRECTION ( 'NONE',  ( -0.5150380749100536004, 1.049727191138618942E-16, -0.8571673007021125557 ) ) ;
#436 = PERSON_AND_ORGANIZATION_ROLE ( 'design_supplier' ) ;
#437 = LINE ( 'NONE', #801, #1461 ) ;
#438 = FACE_OUTER_BOUND ( 'NONE', #954, .T. ) ;
#439 = EDGE_CURVE ( 'NONE', #639, #961, #1181, .T. ) ;
#440 = LINE ( 'NONE', #666, #1301 ) ;
#441 = CIRCLE ( 'NONE', #893, 20.00000000000000355 ) ;
#442 = CARTESIAN_POINT ( 'NONE',  ( -90.00000000000000000, 190.0000000000000000, 11.99999999999999822 ) ) ;
#443 = AXIS2_PLACEMENT_3D ( 'NONE', #764, #123, #641 ) ;
#444 = DIRECTION ( 'NONE',  ( -0.000000000000000000, 1.000000000000000000, -0.000000000000000000 ) ) ;
#445 = VECTOR ( 'NONE', #896, 1000.000000000000000 ) ;
#446 = ORIENTED_EDGE ( 'NONE', *, *, #1496, .T. ) ;
#447 = AXIS2_PLACEMENT_3D ( 'NONE', #958, #715, #702 ) ;
#448 = CARTESIAN_POINT ( 'NONE',  ( -90.00000000000000000, 240.0000000000000000, 12.00000000000000000 ) ) ;
#449 = ORIENTED_EDGE ( 'NONE', *, *, #332, .T. ) ;
#450 = VECTOR ( 'NONE', #1527, 1000.000000000000000 ) ;
#451 = DIRECTION ( 'NONE',  ( 1.000000000000000000, -0.000000000000000000, -0.000000000000000000 ) ) ;
#452 = EDGE_CURVE ( 'NONE', #1558, #224, #453, .T. ) ;
#453 = LINE ( 'NONE', #949, #762 ) ;
#454 = ORIENTED_EDGE ( 'NONE', *, *, #802, .T. ) ;
#455 = CARTESIAN_POINT ( 'NONE',  ( -40.00000000000002132, 185.0000000000000000, 15.99999999999996980 ) ) ;
#456 = DIRECTION ( 'NONE',  ( 1.312763711550015960E-16, -1.000000000000000000, 0.000000000000000000 ) ) ;
#457 = ORIENTED_EDGE ( 'NONE', *, *, #141, .F. ) ;
#458 = EDGE_CURVE ( 'NONE', #119, #856, #1367, .T. ) ;
#459 = DIRECTION ( 'NONE',  ( 1.349229370204183433E-16, 0.000000000000000000, 1.000000000000000000 ) ) ;
#460 = EDGE_CURVE ( 'NONE', #54, #1370, #570, .T. ) ;
#461 = ORIENTED_EDGE ( 'NONE', *, *, #1302, .F. ) ;
#462 = EDGE_CURVE ( 'NONE', #866, #660, #941, .T. ) ;
#463 = CARTESIAN_POINT ( 'NONE',  ( 9.561413512059540947E-16, 10.00000000000000000, 6.119999999999995666 ) ) ;
#464 = ORIENTED_EDGE ( 'NONE', *, *, #671, .F. ) ;
#465 = FACE_BOUND ( 'NONE', #413, .T. ) ;
#466 = EDGE_LOOP ( 'NONE', ( #347, #869, #1, #1572, #996, #824 ) ) ;
#467 = CARTESIAN_POINT ( 'NONE',  ( -69.99999999999998579, 240.0000000000000000, -13.50000000000000178 ) ) ;
#468 = DIRECTION ( 'NONE',  ( -1.000000000000000000, -0.000000000000000000, -0.000000000000000000 ) ) ;
#469 = VERTEX_POINT ( 'NONE', #633 ) ;
#470 = PLANE ( 'NONE',  #552 ) ;
#471 = AXIS2_PLACEMENT_3D ( 'NONE', #1183, #451, #672 ) ;
#472 = EDGE_CURVE ( 'NONE', #78, #469, #267, .T. ) ;
#473 = DIRECTION ( 'NONE',  ( -1.000000000000000000, -0.000000000000000000, -0.000000000000000000 ) ) ;
#474 = AXIS2_PLACEMENT_3D ( 'NONE', #1113, #388, #380 ) ;
#475 = ORIENTED_EDGE ( 'NONE', *, *, #439, .F. ) ;
#476 = CIRCLE ( 'NONE', #571, 1.500000000000001332 ) ;
#477 = VECTOR ( 'NONE', #1207, 1000.000000000000000 ) ;
#478 = DIRECTION ( 'NONE',  ( 1.000000000000000000, 0.000000000000000000, -1.349229370204183433E-16 ) ) ;
#479 = VECTOR ( 'NONE', #1178, 1000.000000000000000 ) ;
#480 = CARTESIAN_POINT ( 'NONE',  ( -40.00000000000002132, 175.0000000000000000, -18.00000000000000000 ) ) ;
#481 = VERTEX_POINT ( 'NONE', #1376 ) ;
#482 = CYLINDRICAL_SURFACE ( 'NONE', #1257, 1.500000000000001332 ) ;
#483 = ORIENTED_EDGE ( 'NONE', *, *, #303, .T. ) ;
#484 = DIRECTION ( 'NONE',  ( -1.000000000000000000, -0.000000000000000000, -0.000000000000000000 ) ) ;
#485 = ORIENTED_EDGE ( 'NONE', *, *, #850, .F. ) ;
#486 = DIRECTION ( 'NONE',  ( -1.000000000000000000, 0.000000000000000000, 0.000000000000000000 ) ) ;
#487 = DIRECTION ( 'NONE',  ( 0.000000000000000000, 0.000000000000000000, 1.000000000000000000 ) ) ;
#488 = CARTESIAN_POINT ( 'NONE',  ( -40.00000000000002132, 186.9999999999999716, -18.00000000000000000 ) ) ;
#489 = ORIENTED_EDGE ( 'NONE', *, *, #607, .F. ) ;
#490 = PLANE ( 'NONE',  #423 ) ;
#491 = CYLINDRICAL_SURFACE ( 'NONE', #20, 1.500000000000001332 ) ;
#492 = ORIENTED_EDGE ( 'NONE', *, *, #51, .T. ) ;
#493 = DIRECTION ( 'NONE',  ( 0.000000000000000000, 0.000000000000000000, -1.000000000000000000 ) ) ;
#494 = CARTESIAN_POINT ( 'NONE',  ( -2.000000000000003997, 220.0000000000000000, 18.00000000000000000 ) ) ;
#495 = EDGE_CURVE ( 'NONE', #1558, #1118, #1075, .T. ) ;
#496 = VERTEX_POINT ( 'NONE', #643 ) ;
#497 = EDGE_LOOP ( 'NONE', ( #464, #1448, #1455, #107 ) ) ;
#498 = DIRECTION ( 'NONE',  ( -1.349229370204183433E-16, -0.000000000000000000, -1.000000000000000000 ) ) ;
#499 = VECTOR ( 'NONE', #1441, 1000.000000000000000 ) ;
#500 = ORIENTED_EDGE ( 'NONE', *, *, #120, .T. ) ;
#501 = AXIS2_PLACEMENT_3D ( 'NONE', #1504, #249, #486 ) ;
#502 = CARTESIAN_POINT ( 'NONE',  ( -60.00000000000000000, 215.0000000000000000, -50.56854249492378983 ) ) ;
#503 = VECTOR ( 'NONE', #930, 1000.000000000000000 ) ;
#504 = CARTESIAN_POINT ( 'NONE',  ( 9.561413512059544891E-16, 10.00000000000000000, 0.000000000000000000 ) ) ;
#505 = AXIS2_PLACEMENT_3D ( 'NONE', #583, #1565, #456 ) ;
#506 = DIRECTION ( 'NONE',  ( -1.000000000000000000, 0.000000000000000000, 0.000000000000000000 ) ) ;
#507 = EDGE_CURVE ( 'NONE', #1370, #54, #995, .T. ) ;
#508 = LINE ( 'NONE', #777, #429 ) ;
#509 = DIRECTION ( 'NONE',  ( 1.000000000000000000, -0.000000000000000000, -0.000000000000000000 ) ) ;
#510 = EDGE_LOOP ( 'NONE', ( #1009, #228 ) ) ;
#511 = DIRECTION ( 'NONE',  ( -1.000000000000000000, -0.000000000000000000, -0.000000000000000000 ) ) ;
#512 = CARTESIAN_POINT ( 'NONE',  ( -2.199365680101369484E-15, 220.0000000000000000, -15.99999999999999645 ) ) ;
#513 = ORIENTED_EDGE ( 'NONE', *, *, #303, .F. ) ;
#514 = DIRECTION ( 'NONE',  ( -1.000000000000000000, 0.000000000000000000, 0.000000000000000000 ) ) ;
#515 = VERTEX_POINT ( 'NONE', #399 ) ;
#516 = EDGE_CURVE ( 'NONE', #660, #526, #605, .T. ) ;
#517 = CARTESIAN_POINT ( 'NONE',  ( -69.09870907145865715, 240.0000000000000000, 12.00000000000000000 ) ) ;
#518 = ORIENTED_EDGE ( 'NONE', *, *, #936, .F. ) ;
#519 = LINE ( 'NONE', #395, #1304 ) ;
#520 = LINE ( 'NONE', #880, #1579 ) ;
#521 = CARTESIAN_POINT ( 'NONE',  ( -1.000000000000000888, -1.224646799147354193E-16, -17.00000000000001066 ) ) ;
#522 = FACE_OUTER_BOUND ( 'NONE', #1248, .T. ) ;
#523 = ORIENTED_EDGE ( 'NONE', *, *, #850, .T. ) ;
#524 = PRODUCT_RELATED_PRODUCT_CATEGORY ( 'detail', '', ( #174 ) ) ;
#525 = DIRECTION ( 'NONE',  ( -0.000000000000000000, -0.000000000000000000, 1.000000000000000000 ) ) ;
#526 = VERTEX_POINT ( 'NONE', #34 ) ;
#527 = EDGE_CURVE ( 'NONE', #891, #1437, #520, .T. ) ;
#528 = CARTESIAN_POINT ( 'NONE',  ( -30.00000000000000000, 10.00000000000000000, 2.749999999999996447 ) ) ;
#529 = CIRCLE ( 'NONE', #676, 1.500000000000001332 ) ;
#530 = VECTOR ( 'NONE', #713, 1000.000000000000000 ) ;
#531 = CARTESIAN_POINT ( 'NONE',  ( 0.000000000000000000, 186.9999999999999716, -18.00000000000000000 ) ) ;
#532 = AXIS2_PLACEMENT_3D ( 'NONE', #55, #172, #1169 ) ;
#533 = CONICAL_SURFACE ( 'NONE', #841, 1.500000000000001332, 1.029744258676655200 ) ;
#534 = VERTEX_POINT ( 'NONE', #1020 ) ;
#535 = DIRECTION ( 'NONE',  ( 1.000000000000000000, -0.000000000000000000, -0.000000000000000000 ) ) ;
#536 = ORIENTED_EDGE ( 'NONE', *, *, #415, .F. ) ;
#537 = DIRECTION ( 'NONE',  ( 0.000000000000000000, -0.000000000000000000, 1.000000000000000000 ) ) ;
#538 = LINE ( 'NONE', #312, #401 ) ;
#539 = LINE ( 'NONE', #156, #657 ) ;
#540 = ORIENTED_EDGE ( 'NONE', *, *, #1046, .T. ) ;
#541 = LINE ( 'NONE', #178, #662 ) ;
#542 = DIRECTION ( 'NONE',  ( 1.000000000000000000, 0.000000000000000000, 0.000000000000000000 ) ) ;
#543 = EDGE_CURVE ( 'NONE', #1211, #856, #368, .T. ) ;
#544 = APPROVAL_STATUS ( 'not_yet_approved' ) ;
#545 = LINE ( 'NONE', #795, #1307 ) ;
#546 = ORIENTED_EDGE ( 'NONE', *, *, #1290, .T. ) ;
#547 = CARTESIAN_POINT ( 'NONE',  ( -2.199365680101369484E-15, 220.0000000000000000, -15.99999999999999645 ) ) ;
#548 = DIRECTION ( 'NONE',  ( 1.000000000000000000, 0.000000000000000000, -1.301042606982605074E-16 ) ) ;
#549 = AXIS2_PLACEMENT_3D ( 'NONE', #721, #1100, #100 ) ;
#550 = DIRECTION ( 'NONE',  ( 1.000000000000000000, 0.000000000000000000, 0.000000000000000000 ) ) ;
#551 = EDGE_CURVE ( 'NONE', #660, #866, #1028, .T. ) ;
#552 = AXIS2_PLACEMENT_3D ( 'NONE', #1341, #966, #864 ) ;
#553 = LINE ( 'NONE', #66, #450 ) ;
#554 = LOCAL_TIME ( 19, 9, 40.00000000000000000, #924 ) ;
#555 = DIRECTION ( 'NONE',  ( 0.000000000000000000, 0.000000000000000000, 1.000000000000000000 ) ) ;
#556 = CARTESIAN_POINT ( 'NONE',  ( -3.579999999999999183, 10.00000000000000000, 0.000000000000000000 ) ) ;
#557 = EDGE_CURVE ( 'NONE', #856, #569, #1328, .T. ) ;
#558 = APPROVAL_ROLE ( '' ) ;
#559 = EDGE_CURVE ( 'NONE', #959, #272, #629, .T. ) ;
#560 = LINE ( 'NONE', #1310, #1079 ) ;
#561 = DIRECTION ( 'NONE',  ( -1.000000000000000000, -0.000000000000000000, -0.000000000000000000 ) ) ;
#562 = ORIENTED_EDGE ( 'NONE', *, *, #740, .F. ) ;
#563 = DIRECTION ( 'NONE',  ( 0.000000000000000000, 0.000000000000000000, -1.000000000000000000 ) ) ;
#564 = EDGE_CURVE ( 'NONE', #342, #717, #1303, .T. ) ;
#565 = VERTEX_POINT ( 'NONE', #239 ) ;
#566 = CARTESIAN_POINT ( 'NONE',  ( -45.00000000000000711, 228.2287565553229456, 5.999999999999989342 ) ) ;
#567 = AXIS2_PLACEMENT_3D ( 'NONE', #811, #948, #76 ) ;
#568 = FACE_OUTER_BOUND ( 'NONE', #1276, .T. ) ;
#569 = VERTEX_POINT ( 'NONE', #1353 ) ;
#570 = CIRCLE ( 'NONE', #474, 1.500000000000001332 ) ;
#571 = AXIS2_PLACEMENT_3D ( 'NONE', #1219, #1237, #838 ) ;
#572 = CIRCLE ( 'NONE', #300, 13.00000000000001066 ) ;
#573 = EDGE_CURVE ( 'NONE', #1038, #1235, #351, .T. ) ;
#574 = DIRECTION ( 'NONE',  ( 0.000000000000000000, 0.000000000000000000, -1.000000000000000000 ) ) ;
#575 = EDGE_LOOP ( 'NONE', ( #177, #637, #483, #1368, #206, #1052, #875, #546 ) ) ;
#576 = ADVANCED_FACE ( 'NONE', ( #1233 ), #701, .F. ) ;
#577 = FACE_OUTER_BOUND ( 'NONE', #986, .T. ) ;
#578 = ADVANCED_FACE ( 'NONE', ( #744 ), #1013, .F. ) ;
#579 = CYLINDRICAL_SURFACE ( 'NONE', #1484, 1.500000000000001332 ) ;
#580 = ORIENTED_EDGE ( 'NONE', *, *, #1127, .F. ) ;
#581 = LINE ( 'NONE', #1087, #1161 ) ;
#582 = EDGE_LOOP ( 'NONE', ( #392, #742, #1380, #688 ) ) ;
#583 = CARTESIAN_POINT ( 'NONE',  ( -30.00000000000002487, 185.0000000000000000, -18.00000000000000000 ) ) ;
#584 = EDGE_LOOP ( 'NONE', ( #739, #1517, #695, #927 ) ) ;
#585 = PLANE ( 'NONE',  #67 ) ;
#586 = DIRECTION ( 'NONE',  ( -1.000000000000000000, -0.000000000000000000, -0.000000000000000000 ) ) ;
#587 = EDGE_LOOP ( 'NONE', ( #750, #1024, #39, #385 ) ) ;
#588 = EDGE_CURVE ( 'NONE', #1509, #202, #1495, .T. ) ;
#589 = ORIENTED_EDGE ( 'NONE', *, *, #1106, .F. ) ;
#590 = CARTESIAN_POINT ( 'NONE',  ( -69.99999999999998579, 190.0000000000000000, 13.50000000000000000 ) ) ;
#591 = ORIENTED_EDGE ( 'NONE', *, *, #802, .F. ) ;
#592 = LINE ( 'NONE', #1466, #895 ) ;
#593 = ORIENTED_EDGE ( 'NONE', *, *, #29, .T. ) ;
#594 = FACE_OUTER_BOUND ( 'NONE', #259, .T. ) ;
#595 = AXIS2_PLACEMENT_3D ( 'NONE', #821, #691, #81 ) ;
#596 = EDGE_LOOP ( 'NONE', ( #964, #1229, #518, #358 ) ) ;
#597 = DIRECTION ( 'NONE',  ( -1.000000000000000000, 0.000000000000000000, 0.000000000000000000 ) ) ;
#598 = AXIS2_PLACEMENT_3D ( 'NONE', #124, #1098, #1224 ) ;
#599 = VERTEX_POINT ( 'NONE', #990 ) ;
#600 = AXIS2_PLACEMENT_3D ( 'NONE', #49, #511, #763 ) ;
#601 = VECTOR ( 'NONE', #649, 1000.000000000000000 ) ;
#602 = CARTESIAN_POINT ( 'NONE',  ( 0.000000000000000000, 243.0000000000000000, 18.00000000000000000 ) ) ;
#603 = CARTESIAN_POINT ( 'NONE',  ( -90.00000000000000000, 245.0000000000000000, -18.00000000000000000 ) ) ;
#604 = AXIS2_PLACEMENT_3D ( 'NONE', #308, #1537, #425 ) ;
#605 = LINE ( 'NONE', #983, #240 ) ;
#606 = VERTEX_POINT ( 'NONE', #359 ) ;
#607 = EDGE_CURVE ( 'NONE', #947, #515, #379, .T. ) ;
#608 = LINE ( 'NONE', #1451, #167 ) ;
#609 = ORIENTED_EDGE ( 'NONE', *, *, #1321, .T. ) ;
#610 = FACE_BOUND ( 'NONE', #510, .T. ) ;
#611 = EDGE_LOOP ( 'NONE', ( #894, #331, #199, #485 ) ) ;
#612 = ADVANCED_FACE ( 'NONE', ( #718 ), #132, .F. ) ;
#613 = CARTESIAN_POINT ( 'NONE',  ( -30.00000000000002487, 185.0000000000000000, -15.99999999999999645 ) ) ;
#614 = DIRECTION ( 'NONE',  ( -1.000000000000000000, -1.312763711550015960E-16, 0.000000000000000000 ) ) ;
#615 = ORIENTED_EDGE ( 'NONE', *, *, #887, .T. ) ;
#616 = DIRECTION ( 'NONE',  ( -1.000000000000000000, 0.000000000000000000, -1.349229370204183433E-16 ) ) ;
#617 = ORIENTED_EDGE ( 'NONE', *, *, #18, .F. ) ;
#618 = FACE_OUTER_BOUND ( 'NONE', #914, .T. ) ;
#619 = ORIENTED_EDGE ( 'NONE', *, *, #707, .T. ) ;
#620 = DIRECTION ( 'NONE',  ( -0.000000000000000000, 1.000000000000000000, -0.000000000000000000 ) ) ;
#621 = ADVANCED_FACE ( 'NONE', ( #256 ), #26, .T. ) ;
#622 = CARTESIAN_POINT ( 'NONE',  ( -90.00000000000000000, 190.0000000000000000, -11.99999999999999822 ) ) ;
#623 = ORIENTED_EDGE ( 'NONE', *, *, #1338, .F. ) ;
#624 = FACE_OUTER_BOUND ( 'NONE', #497, .T. ) ;
#625 = ORIENTED_EDGE ( 'NONE', *, *, #671, .T. ) ;
#626 = DIRECTION ( 'NONE',  ( -1.000000000000000000, 0.000000000000000000, 0.000000000000000000 ) ) ;
#627 = CIRCLE ( 'NONE', #338, 20.00000000000000355 ) ;
#628 = ORIENTED_EDGE ( 'NONE', *, *, #551, .T. ) ;
#629 = CIRCLE ( 'NONE', #398, 2.749999999999999112 ) ;
#630 = CARTESIAN_POINT ( 'NONE',  ( -25.00000000000000711, 245.0000000000000000, 16.00000000000002487 ) ) ;
#631 = DIRECTION ( 'NONE',  ( -0.7071067811865524577, -7.069029030493875504E-18, 0.7071067811865425767 ) ) ;
#632 = VECTOR ( 'NONE', #1132, 1000.000000000000000 ) ;
#633 = CARTESIAN_POINT ( 'NONE',  ( 0.000000000000000000, 0.000000000000000000, -15.99999999999999645 ) ) ;
#634 = VERTEX_POINT ( 'NONE', #1590 ) ;
#635 = VECTOR ( 'NONE', #197, 1000.000000000000000 ) ;
#636 = EDGE_CURVE ( 'NONE', #1204, #251, #981, .T. ) ;
#637 = ORIENTED_EDGE ( 'NONE', *, *, #805, .T. ) ;
#638 = CARTESIAN_POINT ( 'NONE',  ( -90.00000000000000000, 190.0000000000000000, 13.50000000000000000 ) ) ;
#639 = VERTEX_POINT ( 'NONE', #278 ) ;
#640 = FACE_OUTER_BOUND ( 'NONE', #1450, .T. ) ;
#641 = DIRECTION ( 'NONE',  ( 0.000000000000000000, 0.000000000000000000, -1.000000000000000000 ) ) ;
#642 = APPLICATION_CONTEXT ( 'configuration controlled 3d designs of mechanical parts and assemblies' ) ;
#643 = CARTESIAN_POINT ( 'NONE',  ( -90.00000000000000000, 240.0000000000000000, -13.50000000000000178 ) ) ;
#644 = APPROVAL ( #1177, 'UNSPECIFIED' ) ;
#645 = FACE_BOUND ( 'NONE', #1311, .T. ) ;
#646 = LINE ( 'NONE', #1385, #22 ) ;
#647 = EDGE_CURVE ( 'NONE', #1524, #1086, #538, .T. ) ;
#648 = ORIENTED_EDGE ( 'NONE', *, *, #1423, .T. ) ;
#649 = DIRECTION ( 'NONE',  ( -1.000000000000000000, 0.000000000000000000, -1.349229370204183433E-16 ) ) ;
#650 = ORIENTED_EDGE ( 'NONE', *, *, #179, .F. ) ;
#651 = DIRECTION ( 'NONE',  ( -0.7071067811865474617, -8.659560562354932858E-17, -0.7071067811865474617 ) ) ;
#652 = CARTESIAN_POINT ( 'NONE',  ( -1.999999999999974465, -1.999423345546673971E-17, -18.00000000000000000 ) ) ;
#653 = VERTEX_POINT ( 'NONE', #1316 ) ;
#654 = FACE_OUTER_BOUND ( 'NONE', #714, .T. ) ;
#655 = ORIENTED_EDGE ( 'NONE', *, *, #724, .T. ) ;
#656 = CARTESIAN_POINT ( 'NONE',  ( -69.99999999999998579, 240.0000000000000000, -10.49999999999999822 ) ) ;
#657 = VECTOR ( 'NONE', #151, 1000.000000000000000 ) ;
#658 = VECTOR ( 'NONE', #1243, 1000.000000000000000 ) ;
#659 = VECTOR ( 'NONE', #1547, 1000.000000000000000 ) ;
#660 = VERTEX_POINT ( 'NONE', #1299 ) ;
#661 = AXIS2_PLACEMENT_3D ( 'NONE', #1179, #79, #419 ) ;
#662 = VECTOR ( 'NONE', #1534, 1000.000000000000000 ) ;
#663 = ORIENTED_EDGE ( 'NONE', *, *, #460, .T. ) ;
#664 = PLANE ( 'NONE',  #532 ) ;
#665 = EDGE_CURVE ( 'NONE', #1524, #78, #1552, .T. ) ;
#666 = CARTESIAN_POINT ( 'NONE',  ( -30.00000000000002487, 175.0000000000000000, 15.99999999999996980 ) ) ;
#667 = PERSON_AND_ORGANIZATION ( #808, #1110 ) ;
#668 = CARTESIAN_POINT ( 'NONE',  ( 9.561413512059540947E-16, 10.00000000000000000, -6.119999999999995666 ) ) ;
#669 = VERTEX_POINT ( 'NONE', #203 ) ;
#670 = FACE_OUTER_BOUND ( 'NONE', #778, .T. ) ;
#671 = EDGE_CURVE ( 'NONE', #202, #669, #933, .T. ) ;
#672 = DIRECTION ( 'NONE',  ( 0.000000000000000000, 0.000000000000000000, -1.000000000000000000 ) ) ;
#673 = PERSON_AND_ORGANIZATION ( #808, #1110 ) ;
#674 = CARTESIAN_POINT ( 'NONE',  ( -25.00000000000000711, 245.0000000000000000, -15.99999999999999645 ) ) ;
#675 = DIRECTION ( 'NONE',  ( 1.349229370204183433E-16, 0.000000000000000000, -1.000000000000000000 ) ) ;
#676 = AXIS2_PLACEMENT_3D ( 'NONE', #1076, #845, #1319 ) ;
#677 = CYLINDRICAL_SURFACE ( 'NONE', #471, 6.119999999999995666 ) ;
#678 = AXIS2_PLACEMENT_3D ( 'NONE', #622, #1021, #1513 ) ;
#679 = DATE_AND_TIME ( #800, #146 ) ;
#680 = ADVANCED_FACE ( 'NONE', ( #694 ), #682, .F. ) ;
#681 = VECTOR ( 'NONE', #110, 1000.000000000000000 ) ;
#682 = CYLINDRICAL_SURFACE ( 'NONE', #765, 1.500000000000001332 ) ;
#683 = AXIS2_PLACEMENT_3D ( 'NONE', #1155, #902, #1488 ) ;
#684 = DIRECTION ( 'NONE',  ( -1.000000000000000000, 0.000000000000000000, 0.000000000000000000 ) ) ;
#685 = CARTESIAN_POINT ( 'NONE',  ( -25.00000000000000355, 220.0000000000000000, 18.00000000000000000 ) ) ;
#686 = COORDINATED_UNIVERSAL_TIME_OFFSET ( 5, 30, .AHEAD. ) ;
#687 = EDGE_CURVE ( 'NONE', #1011, #669, #897, .T. ) ;
#688 = ORIENTED_EDGE ( 'NONE', *, *, #557, .T. ) ;
#689 = DIRECTION ( 'NONE',  ( -1.000000000000000000, -0.000000000000000000, -0.000000000000000000 ) ) ;
#690 = ORIENTED_EDGE ( 'NONE', *, *, #1545, .F. ) ;
#691 = DIRECTION ( 'NONE',  ( 0.000000000000000000, 0.000000000000000000, 1.000000000000000000 ) ) ;
#692 = ORIENTED_EDGE ( 'NONE', *, *, #1338, .T. ) ;
#693 = EDGE_CURVE ( 'NONE', #947, #366, #192, .T. ) ;
#694 = FACE_OUTER_BOUND ( 'NONE', #356, .T. ) ;
#695 = ORIENTED_EDGE ( 'NONE', *, *, #222, .F. ) ;
#696 = CARTESIAN_POINT ( 'NONE',  ( -60.00000000000000000, 215.0000000000000000, -18.00000000000000000 ) ) ;
#697 = ORIENTED_EDGE ( 'NONE', *, *, #1445, .F. ) ;
#698 = LINE ( 'NONE', #241, #367 ) ;
#699 = AXIS2_PLACEMENT_3D ( 'NONE', #1292, #561, #315 ) ;
#700 = ORIENTED_EDGE ( 'NONE', *, *, #1371, .T. ) ;
#701 = CONICAL_SURFACE ( 'NONE', #16, 1.500000000000001332, 1.029744258676655200 ) ;
#702 = DIRECTION ( 'NONE',  ( -1.000000000000000000, 0.000000000000000000, 0.000000000000000000 ) ) ;
#703 = AXIS2_PLACEMENT_3D ( 'NONE', #1334, #1469, #1115 ) ;
#704 = CARTESIAN_POINT ( 'NONE',  ( -28.00000000000004974, 175.0000000000000000, -18.00000000000000000 ) ) ;
#705 = ORIENTED_EDGE ( 'NONE', *, *, #1023, .T. ) ;
#706 = VECTOR ( 'NONE', #258, 1000.000000000000000 ) ;
#707 = EDGE_CURVE ( 'NONE', #1038, #334, #1182, .T. ) ;
#708 = DIRECTION ( 'NONE',  ( 1.000000000000000000, 0.000000000000000000, 0.000000000000000000 ) ) ;
#709 = EDGE_LOOP ( 'NONE', ( #10, #1526, #1244, #9 ) ) ;
#710 = DIRECTION ( 'NONE',  ( -1.000000000000000000, 0.000000000000000000, 0.000000000000000000 ) ) ;
#711 = VERTEX_POINT ( 'NONE', #1227 ) ;
#712 = LINE ( 'NONE', #92, #1279 ) ;
#713 = DIRECTION ( 'NONE',  ( 1.000000000000000000, -0.000000000000000000, -0.000000000000000000 ) ) ;
#714 = EDGE_LOOP ( 'NONE', ( #1232, #220, #361, #1563 ) ) ;
#715 = DIRECTION ( 'NONE',  ( 0.000000000000000000, 0.000000000000000000, 1.000000000000000000 ) ) ;
#716 = CARTESIAN_POINT ( 'NONE',  ( -90.00000000000000000, 185.0000000000000000, -6.000000000000000000 ) ) ;
#717 = VERTEX_POINT ( 'NONE', #455 ) ;
#718 = FACE_OUTER_BOUND ( 'NONE', #709, .T. ) ;
#719 = ADVANCED_FACE ( 'NONE', ( #594 ), #482, .F. ) ;
#720 = FACE_OUTER_BOUND ( 'NONE', #1320, .T. ) ;
#721 = CARTESIAN_POINT ( 'NONE',  ( -90.00000000000000000, 240.0000000000000000, 12.00000000000000000 ) ) ;
#722 = ORIENTED_EDGE ( 'NONE', *, *, #1167, .F. ) ;
#723 = AXIS2_PLACEMENT_3D ( 'NONE', #782, #42, #1278 ) ;
#724 = EDGE_CURVE ( 'NONE', #224, #1220, #476, .T. ) ;
#725 = DIRECTION ( 'NONE',  ( 1.000000000000000000, -0.000000000000000000, -0.000000000000000000 ) ) ;
#726 = VECTOR ( 'NONE', #1383, 1000.000000000000114 ) ;
#727 = VERTEX_POINT ( 'NONE', #118 ) ;
#728 = CARTESIAN_POINT ( 'NONE',  ( -60.00000000000000000, 215.0000000000000000, -18.00000000000000000 ) ) ;
#729 = VECTOR ( 'NONE', #851, 1000.000000000000000 ) ;
#730 = EDGE_LOOP ( 'NONE', ( #1348, #1138, #500, #1128 ) ) ;
#731 = CIRCLE ( 'NONE', #46, 1.500000000000001332 ) ;
#732 = VECTOR ( 'NONE', #1239, 1000.000000000000000 ) ;
#733 = CARTESIAN_POINT ( 'NONE',  ( -69.99999999999998579, 240.0000000000000000, -12.00000000000000000 ) ) ;
#734 = CARTESIAN_POINT ( 'NONE',  ( -25.00000000000000355, 220.0000000000000000, 18.00000000000000000 ) ) ;
#735 = AXIS2_PLACEMENT_3D ( 'NONE', #390, #994, #890 ) ;
#736 = VERTEX_POINT ( 'NONE', #829 ) ;
#737 = FACE_OUTER_BOUND ( 'NONE', #575, .T. ) ;
#738 = CARTESIAN_POINT ( 'NONE',  ( -69.99999999999998579, 240.0000000000000000, -12.00000000000000000 ) ) ;
#739 = ORIENTED_EDGE ( 'NONE', *, *, #1417, .T. ) ;
#740 = EDGE_CURVE ( 'NONE', #1118, #1220, #581, .T. ) ;
#741 = DIRECTION ( 'NONE',  ( 1.000000000000000000, 1.387778780781445478E-15, -1.301042606982605074E-16 ) ) ;
#742 = ORIENTED_EDGE ( 'NONE', *, *, #564, .T. ) ;
#743 = DIRECTION ( 'NONE',  ( 0.000000000000000000, 0.000000000000000000, -1.000000000000000000 ) ) ;
#744 = FACE_OUTER_BOUND ( 'NONE', #134, .T. ) ;
#745 = VERTEX_POINT ( 'NONE', #463 ) ;
#746 = PLANE ( 'NONE',  #683 ) ;
#747 = ADVANCED_FACE ( 'NONE', ( #1103 ), #490, .F. ) ;
#748 = EDGE_LOOP ( 'NONE', ( #1194, #30, #1387 ) ) ;
#749 = DIRECTION ( 'NONE',  ( 1.000000000000000000, -0.000000000000000000, -0.000000000000000000 ) ) ;
#750 = ORIENTED_EDGE ( 'NONE', *, *, #1500, .F. ) ;
#751 = CARTESIAN_POINT ( 'NONE',  ( -90.00000000000000000, 190.0000000000000000, -10.49999999999999645 ) ) ;
#752 = DIRECTION ( 'NONE',  ( -1.000000000000000000, -0.000000000000000000, -0.000000000000000000 ) ) ;
#753 = EDGE_CURVE ( 'NONE', #109, #418, #608, .T. ) ;
#754 = DIRECTION ( 'NONE',  ( 0.000000000000000000, 0.000000000000000000, -1.000000000000000000 ) ) ;
#755 = CARTESIAN_POINT ( 'NONE',  ( -60.00000000000000000, 215.0000000000000000, -5.999999999999998224 ) ) ;
#756 = ORIENTED_EDGE ( 'NONE', *, *, #1426, .T. ) ;
#757 =( NAMED_UNIT ( * ) PLANE_ANGLE_UNIT ( ) SI_UNIT ( $, .RADIAN. ) );
#758 = ORIENTED_EDGE ( 'NONE', *, *, #458, .T. ) ;
#759 = DIRECTION ( 'NONE',  ( -1.000000000000000000, -0.000000000000000000, -0.000000000000000000 ) ) ;
#760 = AXIS2_PLACEMENT_3D ( 'NONE', #1550, #942, #931 ) ;
#761 = ORIENTED_EDGE ( 'NONE', *, *, #1266, .F. ) ;
#762 = VECTOR ( 'NONE', #1442, 1000.000000000000000 ) ;
#763 = DIRECTION ( 'NONE',  ( 0.000000000000000000, 0.000000000000000000, 1.000000000000000000 ) ) ;
#764 = CARTESIAN_POINT ( 'NONE',  ( 9.561413512059544891E-16, 10.00000000000000000, 0.000000000000000000 ) ) ;
#765 = AXIS2_PLACEMENT_3D ( 'NONE', #84, #1186, #1065 ) ;
#766 = EDGE_CURVE ( 'NONE', #873, #272, #1585, .T. ) ;
#767 = AXIS2_PLACEMENT_3D ( 'NONE', #1388, #1025, #626 ) ;
#768 = DIRECTION ( 'NONE',  ( 0.000000000000000000, 0.000000000000000000, 1.000000000000000000 ) ) ;
#769 = CARTESIAN_POINT ( 'NONE',  ( -90.00000000000000000, 240.0000000000000000, -12.00000000000000000 ) ) ;
#770 = VECTOR ( 'NONE', #427, 1000.000000000000000 ) ;
#771 = ORIENTED_EDGE ( 'NONE', *, *, #929, .F. ) ;
#772 = DIRECTION ( 'NONE',  ( -1.000000000000000000, 0.000000000000000000, -0.000000000000000000 ) ) ;
#773 = ORIENTED_EDGE ( 'NONE', *, *, #281, .T. ) ;
#774 = DIRECTION ( 'NONE',  ( -1.000000000000000000, -0.000000000000000000, -0.000000000000000000 ) ) ;
#775 = CYLINDRICAL_SURFACE ( 'NONE', #142, 2.749999999999996447 ) ;
#776 = PLANE ( 'NONE',  #723 ) ;
#777 = CARTESIAN_POINT ( 'NONE',  ( -45.00000000000000000, -0.001000000000001000089, -5.999999999999993783 ) ) ;
#778 = EDGE_LOOP ( 'NONE', ( #1325, #846, #912, #968 ) ) ;
#779 = CARTESIAN_POINT ( 'NONE',  ( -60.00000000000000000, 215.0000000000000000, 5.999999999999991118 ) ) ;
#780 = ORIENTED_EDGE ( 'NONE', *, *, #1008, .T. ) ;
#781 = CARTESIAN_POINT ( 'NONE',  ( -69.99999999999998579, 240.0000000000000000, 12.00000000000000000 ) ) ;
#782 = CARTESIAN_POINT ( 'NONE',  ( -27.99999999999996803, -3.675738392340041039E-15, 18.00000000000000000 ) ) ;
#783 = APPROVAL ( #544, 'UNSPECIFIED' ) ;
#784 = APPROVAL_ROLE ( '' ) ;
#785 = EDGE_CURVE ( 'NONE', #961, #639, #791, .T. ) ;
#786 = LINE ( 'NONE', #1280, #273 ) ;
#787 = ORIENTED_EDGE ( 'NONE', *, *, #91, .T. ) ;
#788 = DIRECTION ( 'NONE',  ( 0.000000000000000000, 0.000000000000000000, -1.000000000000000000 ) ) ;
#789 = CLOSED_SHELL ( 'NONE', ( #391, #831, #396, #1094, #1218, #1049, #409, #989, #160, #383, #1260, #1210, #797, #1189, #289, #1005, #1199, #1192, #1382, #1589, #337, #1273, #1074, #747, #951, #1070, #861, #310, #915, #44, #350, #1059, #204, #424, #99, #612, #232, #876, #1559, #322, #621, #578, #62, #980, #1176, #680, #576, #263, #171, #719, #1206, #186 ) ) ;
#790 = VECTOR ( 'NONE', #1580, 1000.000000000000000 ) ;
#791 = CIRCLE ( 'NONE', #703, 1.500000000000001332 ) ;
#792 = DIRECTION ( 'NONE',  ( 0.000000000000000000, 0.000000000000000000, 1.000000000000000000 ) ) ;
#793 = CIRCLE ( 'NONE', #214, 12.00000000000003908 ) ;
#794 = LOCAL_TIME ( 19, 9, 40.00000000000000000, #187 ) ;
#795 = CARTESIAN_POINT ( 'NONE',  ( -40.00000000000002132, 185.0000000000000000, 15.99999999999996980 ) ) ;
#796 = VERTEX_POINT ( 'NONE', #1095 ) ;
#797 = ADVANCED_FACE ( 'NONE', ( #1322 ), #470, .F. ) ;
#798 = CARTESIAN_POINT ( 'NONE',  ( -25.00000000000000711, 243.0000000000000284, -18.00000000000000000 ) ) ;
#799 = CARTESIAN_POINT ( 'NONE',  ( -45.00000000000000000, 185.0000000000000000, -5.999999999999993783 ) ) ;
#800 = CALENDAR_DATE ( 2026, 26, 7 ) ;
#801 = CARTESIAN_POINT ( 'NONE',  ( 9.561413512059544891E-16, 10.00000000000000000, -2.749999999999996447 ) ) ;
#802 = EDGE_CURVE ( 'NONE', #569, #125, #1462, .T. ) ;
#803 = FACE_OUTER_BOUND ( 'NONE', #1335, .T. ) ;
#804 = EDGE_CURVE ( 'NONE', #860, #334, #1446, .T. ) ;
#805 = EDGE_CURVE ( 'NONE', #334, #1097, #1478, .T. ) ;
#806 = DIRECTION ( 'NONE',  ( 0.000000000000000000, 0.000000000000000000, -1.000000000000000000 ) ) ;
#807 = APPLICATION_PROTOCOL_DEFINITION ( 'international standard', 'config_control_design', 1994, #1393 ) ;
#808 = PERSON ( 'UNSPECIFIED', 'UNSPECIFIED', 'UNSPECIFIED', ('UNSPECIFIED'), ('UNSPECIFIED'), ('UNSPECIFIED') ) ;
#809 = DIRECTION ( 'NONE',  ( 1.000000000000000000, -0.000000000000000000, -0.000000000000000000 ) ) ;
#810 = CC_DESIGN_DATE_AND_TIME_ASSIGNMENT ( #1525, #411, ( #405 ) ) ;
#811 = CARTESIAN_POINT ( 'NONE',  ( -69.99999999999998579, 190.0000000000000000, -11.99999999999999822 ) ) ;
#812 = EDGE_CURVE ( 'NONE', #565, #1477, #1126, .T. ) ;
#813 = VECTOR ( 'NONE', #207, 1000.000000000000000 ) ;
#814 = COORDINATED_UNIVERSAL_TIME_OFFSET ( 5, 30, .AHEAD. ) ;
#815 = CONICAL_SURFACE ( 'NONE', #920, 1.500000000000001332, 1.029744258676655200 ) ;
#816 = DIRECTION ( 'NONE',  ( 0.000000000000000000, 0.000000000000000000, 1.000000000000000000 ) ) ;
#817 = VECTOR ( 'NONE', #153, 1000.000000000000000 ) ;
#818 = LOCAL_TIME ( 19, 9, 40.00000000000000000, #814 ) ;
#819 = CARTESIAN_POINT ( 'NONE',  ( -90.00000000000000000, 243.0000000000000000, 18.00000000000000000 ) ) ;
#820 = ORIENTED_EDGE ( 'NONE', *, *, #1085, .F. ) ;
#821 = CARTESIAN_POINT ( 'NONE',  ( -25.00000000000000355, 220.0000000000000000, -18.00000000000000000 ) ) ;
#822 = FACE_OUTER_BOUND ( 'NONE', #611, .T. ) ;
#823 = EDGE_LOOP ( 'NONE', ( #523, #1016, #992, #1196, #1473, #1109, #830, #1470 ) ) ;
#824 = ORIENTED_EDGE ( 'NONE', *, *, #1046, .F. ) ;
#825 = PLANE ( 'NONE',  #505 ) ;
#826 = ORIENTED_EDGE ( 'NONE', *, *, #972, .T. ) ;
#827 = FACE_OUTER_BOUND ( 'NONE', #748, .T. ) ;
#828 = EDGE_LOOP ( 'NONE', ( #1352, #884, #275, #1173, #1078 ) ) ;
#829 = CARTESIAN_POINT ( 'NONE',  ( -69.09870907145865715, 240.0000000000000000, -12.00000000000000000 ) ) ;
#830 = ORIENTED_EDGE ( 'NONE', *, *, #665, .F. ) ;
#831 = ADVANCED_FACE ( 'NONE', ( #640 ), #815, .F. ) ;
#832 = CARTESIAN_POINT ( 'NONE',  ( -69.99999999999998579, 190.0000000000000000, -11.99999999999999822 ) ) ;
#833 = ORIENTED_EDGE ( 'NONE', *, *, #527, .F. ) ;
#834 = CARTESIAN_POINT ( 'NONE',  ( -3.579999999999999183, 10.00000000000000000, 2.749999999999999112 ) ) ;
#835 = AXIS2_PLACEMENT_3D ( 'NONE', #556, #306, #806 ) ;
#836 = ORIENTED_EDGE ( 'NONE', *, *, #647, .F. ) ;
#837 = CONICAL_SURFACE ( 'NONE', #421, 11.99999999999998224, 0.7853981633974435050 ) ;
#838 = DIRECTION ( 'NONE',  ( 0.000000000000000000, 0.000000000000000000, 1.000000000000000000 ) ) ;
#839 = AXIS2_PLACEMENT_3D ( 'NONE', #1399, #537, #149 ) ;
#840 = VERTEX_POINT ( 'NONE', #888 ) ;
#841 = AXIS2_PLACEMENT_3D ( 'NONE', #978, #473, #4 ) ;
#842 = FACE_OUTER_BOUND ( 'NONE', #253, .T. ) ;
#843 = EDGE_CURVE ( 'NONE', #1191, #988, #286, .T. ) ;
#844 = EDGE_LOOP ( 'NONE', ( #148, #1378, #257, #945, #231, #1396, #1133, #625 ) ) ;
#845 = DIRECTION ( 'NONE',  ( -1.000000000000000000, -0.000000000000000000, -0.000000000000000000 ) ) ;
#846 = ORIENTED_EDGE ( 'NONE', *, *, #1548, .T. ) ;
#847 = ORIENTED_EDGE ( 'NONE', *, *, #1536, .T. ) ;
#848 = CARTESIAN_POINT ( 'NONE',  ( -45.00000000000000000, 201.7712434446770260, 5.999999999999989342 ) ) ;
#849 = ORIENTED_EDGE ( 'NONE', *, *, #18, .T. ) ;
#850 = EDGE_CURVE ( 'NONE', #1086, #119, #1581, .T. ) ;
#851 = DIRECTION ( 'NONE',  ( -0.7071067811865426878, 0.000000000000000000, -0.7071067811865523467 ) ) ;
#852 = DIRECTION ( 'NONE',  ( -0.5150380749100536004, 1.049727191138618942E-16, -0.8571673007021125557 ) ) ;
#853 = EDGE_CURVE ( 'NONE', #565, #1027, #1503, .T. ) ;
#854 = EDGE_LOOP ( 'NONE', ( #1499, #1149 ) ) ;
#855 = DIRECTION ( 'NONE',  ( 1.312763711550015960E-16, -1.000000000000000000, 0.000000000000000000 ) ) ;
#856 = VERTEX_POINT ( 'NONE', #139 ) ;
#857 = LINE ( 'NONE', #96, #681 ) ;
#858 = EDGE_LOOP ( 'NONE', ( #1528, #761, #1507, #1493 ) ) ;
#859 = CARTESIAN_POINT ( 'NONE',  ( -25.00000000000000711, 245.0000000000000000, -15.99999999999999645 ) ) ;
#860 = VERTEX_POINT ( 'NONE', #630 ) ;
#861 = ADVANCED_FACE ( 'NONE', ( #1511 ), #14, .F. ) ;
#862 = CIRCLE ( 'NONE', #164, 1.500000000000001332 ) ;
#863 = LINE ( 'NONE', #1015, #1333 ) ;
#864 = DIRECTION ( 'NONE',  ( 1.000000000000000000, 0.000000000000000000, -1.349229370204183433E-16 ) ) ;
#865 = VECTOR ( 'NONE', #279, 1000.000000000000000 ) ;
#866 = VERTEX_POINT ( 'NONE', #414 ) ;
#867 = CARTESIAN_POINT ( 'NONE',  ( -45.00000000000000000, -0.001000000000001000089, 5.999999999999993783 ) ) ;
#868 = AXIS2_PLACEMENT_3D ( 'NONE', #738, #952, #1576 ) ;
#869 = ORIENTED_EDGE ( 'NONE', *, *, #636, .T. ) ;
#870 = CONICAL_SURFACE ( 'NONE', #169, 1.500000000000001332, 1.029744258676655200 ) ;
#871 = VECTOR ( 'NONE', #362, 1000.000000000000114 ) ;
#872 = DIRECTION ( 'NONE',  ( 1.000000000000000000, -0.000000000000000000, -0.000000000000000000 ) ) ;
#873 = VERTEX_POINT ( 'NONE', #528 ) ;
#874 =( LENGTH_UNIT ( ) NAMED_UNIT ( * ) SI_UNIT ( .MILLI., .METRE. ) );
#875 = ORIENTED_EDGE ( 'NONE', *, *, #1326, .T. ) ;
#876 = ADVANCED_FACE ( 'NONE', ( #1144 ), #1135, .F. ) ;
#877 = DIRECTION ( 'NONE',  ( 1.000000000000000000, 0.000000000000000000, 0.000000000000000000 ) ) ;
#878 = ORIENTED_EDGE ( 'NONE', *, *, #127, .T. ) ;
#879 = CARTESIAN_POINT ( 'NONE',  ( -90.00000000000000000, 245.0000000000000000, -15.99999999999999645 ) ) ;
#880 = CARTESIAN_POINT ( 'NONE',  ( 9.561413512059544891E-16, 10.00000000000000000, -6.119999999999995666 ) ) ;
#881 = DIRECTION ( 'NONE',  ( -1.349229370204183433E-16, -0.000000000000000000, 1.000000000000000000 ) ) ;
#882 = LINE ( 'NONE', #143, #726 ) ;
#883 = CARTESIAN_POINT ( 'NONE',  ( -90.00000000000000000, 168.0000000000000000, -1.000000000000014655 ) ) ;
#884 = ORIENTED_EDGE ( 'NONE', *, *, #141, .T. ) ;
#885 = LINE ( 'NONE', #1017, #817 ) ;
#886 = ORIENTED_EDGE ( 'NONE', *, *, #1127, .T. ) ;
#887 = EDGE_CURVE ( 'NONE', #1253, #534, #386, .T. ) ;
#888 = CARTESIAN_POINT ( 'NONE',  ( -30.00000000000000000, 10.00000000000000000, -2.749999999999996447 ) ) ;
#889 = ORIENTED_EDGE ( 'NONE', *, *, #753, .F. ) ;
#890 = DIRECTION ( 'NONE',  ( 0.000000000000000000, 0.000000000000000000, 1.000000000000000000 ) ) ;
#891 = VERTEX_POINT ( 'NONE', #255 ) ;
#892 = CARTESIAN_POINT ( 'NONE',  ( -90.00000000000000000, 240.0000000000000000, 13.50000000000000178 ) ) ;
#893 = AXIS2_PLACEMENT_3D ( 'NONE', #280, #1022, #1400 ) ;
#894 = ORIENTED_EDGE ( 'NONE', *, *, #1167, .T. ) ;
#895 = VECTOR ( 'NONE', #370, 1000.000000000000000 ) ;
#896 = DIRECTION ( 'NONE',  ( 1.000000000000000000, 0.000000000000000000, -1.349229370204183433E-16 ) ) ;
#897 = LINE ( 'NONE', #95, #1519 ) ;
#898 = VECTOR ( 'NONE', #774, 1000.000000000000000 ) ;
#899 = AXIS2_PLACEMENT_3D ( 'NONE', #1071, #788, #1284 ) ;
#900 = CARTESIAN_POINT ( 'NONE',  ( -30.00000000000002487, 185.0000000000000000, -15.99999999999999645 ) ) ;
#901 =( GEOMETRIC_REPRESENTATION_CONTEXT ( 3 ) GLOBAL_UNCERTAINTY_ASSIGNED_CONTEXT ( ( #431 ) ) GLOBAL_UNIT_ASSIGNED_CONTEXT ( ( #874, #757, #158 ) ) REPRESENTATION_CONTEXT ( 'NONE', 'WORKASPACE' ) );
#902 = DIRECTION ( 'NONE',  ( 0.7071067811865425767, 7.069029030493775356E-18, 0.7071067811865524577 ) ) ;
#903 = ORIENTED_EDGE ( 'NONE', *, *, #740, .T. ) ;
#904 = CARTESIAN_POINT ( 'NONE',  ( -90.00000000000000000, 240.0000000000000000, 10.49999999999999822 ) ) ;
#905 = ORIENTED_EDGE ( 'NONE', *, *, #559, .F. ) ;
#906 = EDGE_CURVE ( 'NONE', #961, #1370, #277, .T. ) ;
#907 = LINE ( 'NONE', #248, #1228 ) ;
#908 = LINE ( 'NONE', #165, #1556 ) ;
#909 = EDGE_CURVE ( 'NONE', #711, #534, #1031, .T. ) ;
#910 = CARTESIAN_POINT ( 'NONE',  ( 0.000000000000000000, 0.000000000000000000, 0.000000000000000000 ) ) ;
#911 = CARTESIAN_POINT ( 'NONE',  ( -2.000000000000003997, 220.0000000000000000, 18.00000000000000000 ) ) ;
#912 = ORIENTED_EDGE ( 'NONE', *, *, #843, .F. ) ;
#913 = FACE_OUTER_BOUND ( 'NONE', #1217, .T. ) ;
#914 = EDGE_LOOP ( 'NONE', ( #1255, #1344, #492, #489 ) ) ;
#915 = ADVANCED_FACE ( 'NONE', ( #913 ), #1242, .F. ) ;
#916 = APPROVAL_DATE_TIME ( #417, #644 ) ;
#917 = FACE_BOUND ( 'NONE', #47, .T. ) ;
#918 = ORIENTED_EDGE ( 'NONE', *, *, #343, .T. ) ;
#919 = CYLINDRICAL_SURFACE ( 'NONE', #899, 10.00000000000000178 ) ;
#920 = AXIS2_PLACEMENT_3D ( 'NONE', #781, #1271, #1162 ) ;
#921 = LINE ( 'NONE', #1054, #236 ) ;
#922 = AXIS2_PLACEMENT_3D ( 'NONE', #946, #710, #348 ) ;
#923 = EDGE_CURVE ( 'NONE', #1011, #349, #519, .T. ) ;
#924 = COORDINATED_UNIVERSAL_TIME_OFFSET ( 5, 30, .AHEAD. ) ;
#925 = AXIS2_PLACEMENT_3D ( 'NONE', #1122, #282, #1236 ) ;
#926 = CARTESIAN_POINT ( 'NONE',  ( -90.00000000000000000, 245.0000000000000000, 6.000000000000000000 ) ) ;
#927 = ORIENTED_EDGE ( 'NONE', *, *, #805, .F. ) ;
#928 = ADVANCED_BREP_SHAPE_REPRESENTATION ( 'CSWP_18_17C', ( #1291, #1523 ), #901 ) ;
#929 = EDGE_CURVE ( 'NONE', #1118, #1558, #1410, .T. ) ;
#930 = DIRECTION ( 'NONE',  ( -0.000000000000000000, -0.000000000000000000, 1.000000000000000000 ) ) ;
#931 = DIRECTION ( 'NONE',  ( 1.312763711550015960E-16, -1.000000000000000000, 0.000000000000000000 ) ) ;
#932 = CARTESIAN_POINT ( 'NONE',  ( -90.00000000000000000, 185.0000000000000000, -18.00000000000000000 ) ) ;
#933 = LINE ( 'NONE', #1424, #1540 ) ;
#934 = CC_DESIGN_PERSON_AND_ORGANIZATION_ASSIGNMENT ( #1428, #316, ( #405 ) ) ;
#935 = DIRECTION ( 'NONE',  ( -1.000000000000000000, -0.000000000000000000, -0.000000000000000000 ) ) ;
#936 = EDGE_CURVE ( 'NONE', #481, #1208, #907, .T. ) ;
#937 = DIRECTION ( 'NONE',  ( -1.312763711550015960E-16, 1.000000000000000000, 0.000000000000000000 ) ) ;
#938 = SECURITY_CLASSIFICATION_LEVEL ( 'unclassified' ) ;
#939 = CARTESIAN_POINT ( 'NONE',  ( -90.00000000000000000, 186.0000000000000000, -17.00000000000001066 ) ) ;
#940 = DIRECTION ( 'NONE',  ( 0.000000000000000000, 0.000000000000000000, 1.000000000000000000 ) ) ;
#941 = CIRCLE ( 'NONE', #238, 13.00000000000001066 ) ;
#942 = DIRECTION ( 'NONE',  ( 0.7071067811865524577, 9.282641225326436489E-17, 0.7071067811865425767 ) ) ;
#943 = CIRCLE ( 'NONE', #1000, 1.500000000000001332 ) ;
#944 = AXIS2_PLACEMENT_3D ( 'NONE', #1256, #1151, #38 ) ;
#945 = ORIENTED_EDGE ( 'NONE', *, *, #176, .T. ) ;
#946 = CARTESIAN_POINT ( 'NONE',  ( -90.00000000000000000, 185.0000000000000000, -18.00000000000000000 ) ) ;
#947 = VERTEX_POINT ( 'NONE', #656 ) ;
#948 = DIRECTION ( 'NONE',  ( -1.000000000000000000, -0.000000000000000000, -0.000000000000000000 ) ) ;
#949 = CARTESIAN_POINT ( 'NONE',  ( -90.00000000000000000, 190.0000000000000000, 10.49999999999999645 ) ) ;
#950 = ORIENTED_EDGE ( 'NONE', *, *, #6, .F. ) ;
#951 = ADVANCED_FACE ( 'NONE', ( #1249 ), #1153, .T. ) ;
#952 = DIRECTION ( 'NONE',  ( -1.000000000000000000, -0.000000000000000000, -0.000000000000000000 ) ) ;
#953 = FACE_OUTER_BOUND ( 'NONE', #844, .T. ) ;
#954 = EDGE_LOOP ( 'NONE', ( #37, #849, #285 ) ) ;
#955 = CARTESIAN_POINT ( 'NONE',  ( -30.00000000000002487, 175.0000000000000000, 15.99999999999996980 ) ) ;
#956 = ORIENTED_EDGE ( 'NONE', *, *, #64, .T. ) ;
#957 = EDGE_CURVE ( 'NONE', #860, #1509, #369, .T. ) ;
#958 = CARTESIAN_POINT ( 'NONE',  ( -25.00000000000000355, 220.0000000000000000, -15.99999999999999645 ) ) ;
#959 = VERTEX_POINT ( 'NONE', #1557 ) ;
#960 = DIRECTION ( 'NONE',  ( 1.000000000000000000, 1.224646799147353207E-16, 0.000000000000000000 ) ) ;
#961 = VERTEX_POINT ( 'NONE', #1187 ) ;
#962 = DIRECTION ( 'NONE',  ( 0.000000000000000000, -1.000000000000000000, 0.000000000000000000 ) ) ;
#963 = LINE ( 'NONE', #223, #530 ) ;
#964 = ORIENTED_EDGE ( 'NONE', *, *, #1445, .T. ) ;
#965 = VECTOR ( 'NONE', #1482, 1000.000000000000000 ) ;
#966 = DIRECTION ( 'NONE',  ( 1.349229370204183433E-16, 0.000000000000000000, 1.000000000000000000 ) ) ;
#967 = AXIS2_PLACEMENT_3D ( 'NONE', #320, #1541, #555 ) ;
#968 = ORIENTED_EDGE ( 'NONE', *, *, #1315, .F. ) ;
#969 = AXIS2_PLACEMENT_3D ( 'NONE', #129, #509, #997 ) ;
#970 = DIRECTION ( 'NONE',  ( 1.224646799147353207E-16, -1.000000000000000000, 0.000000000000000000 ) ) ;
#971 = ORIENTED_EDGE ( 'NONE', *, *, #1417, .F. ) ;
#972 = EDGE_CURVE ( 'NONE', #1314, #1090, #1411, .T. ) ;
#973 = CARTESIAN_POINT ( 'NONE',  ( -90.00000000000000000, 240.0000000000000000, -12.00000000000000000 ) ) ;
#974 = DIRECTION ( 'NONE',  ( -0.000000000000000000, -0.000000000000000000, -1.000000000000000000 ) ) ;
#975 = EDGE_LOOP ( 'NONE', ( #154, #354 ) ) ;
#976 = CARTESIAN_POINT ( 'NONE',  ( -45.00000000000000000, -0.001000000000001000089, 5.999999999999993783 ) ) ;
#977 = ORIENTED_EDGE ( 'NONE', *, *, #1453, .F. ) ;
#978 = CARTESIAN_POINT ( 'NONE',  ( -69.99999999999998579, 190.0000000000000000, 11.99999999999999822 ) ) ;
#979 = ORIENTED_EDGE ( 'NONE', *, *, #1139, .F. ) ;
#980 = ADVANCED_FACE ( 'NONE', ( #1053 ), #1174, .F. ) ;
#981 = LINE ( 'NONE', #1430, #1163 ) ;
#982 = CARTESIAN_POINT ( 'NONE',  ( -30.00000000000000000, -3.673940397442059178E-15, 15.99999999999996980 ) ) ;
#983 = CARTESIAN_POINT ( 'NONE',  ( -46.99999999999999289, 215.0000000000000000, 18.00100000000000122 ) ) ;
#984 = VERTEX_POINT ( 'NONE', #1300 ) ;
#985 = DIRECTION ( 'NONE',  ( -0.000000000000000000, 0.000000000000000000, -1.000000000000000000 ) ) ;
#986 = EDGE_LOOP ( 'NONE', ( #377, #5, #1041, #291 ) ) ;
#987 = CARTESIAN_POINT ( 'NONE',  ( -60.00000000000000000, 215.0000000000000000, -50.56854249492378983 ) ) ;
#988 = VERTEX_POINT ( 'NONE', #1425 ) ;
#989 = ADVANCED_FACE ( 'NONE', ( #1553 ), #344, .F. ) ;
#990 = CARTESIAN_POINT ( 'NONE',  ( -25.00000000000000711, 243.0000000000000000, 18.00000000000000000 ) ) ;
#991 = CARTESIAN_POINT ( 'NONE',  ( -30.00000000000002487, 185.0000000000000000, -18.00000000000000000 ) ) ;
#992 = ORIENTED_EDGE ( 'NONE', *, *, #298, .F. ) ;
#993 = AXIS2_PLACEMENT_3D ( 'NONE', #769, #1265, #792 ) ;
#994 = DIRECTION ( 'NONE',  ( -1.000000000000000000, -0.000000000000000000, -0.000000000000000000 ) ) ;
#995 = CIRCLE ( 'NONE', #678, 1.500000000000001332 ) ;
#996 = ORIENTED_EDGE ( 'NONE', *, *, #1583, .F. ) ;
#997 = DIRECTION ( 'NONE',  ( 0.000000000000000000, 0.000000000000000000, -1.000000000000000000 ) ) ;
#998 = VECTOR ( 'NONE', #1001, 1000.000000000000000 ) ;
#999 = ORIENTED_EDGE ( 'NONE', *, *, #766, .F. ) ;
#1000 = AXIS2_PLACEMENT_3D ( 'NONE', #75, #935, #309 ) ;
#1001 = DIRECTION ( 'NONE',  ( -1.000000000000000000, 0.000000000000000000, 0.000000000000000000 ) ) ;
#1002 = PRODUCT_DEFINITION_FORMATION_WITH_SPECIFIED_SOURCE ( 'ANY', '', #174, .NOT_KNOWN. ) ;
#1003 = CARTESIAN_POINT ( 'NONE',  ( -3.579999999999999183, 10.00000000000000000, 0.000000000000000000 ) ) ;
#1004 = DIRECTION ( 'NONE',  ( 1.000000000000000000, -0.000000000000000000, -0.000000000000000000 ) ) ;
#1005 = ADVANCED_FACE ( 'NONE', ( #1045, #193 ), #664, .T. ) ;
#1006 = DIRECTION ( 'NONE',  ( -1.000000000000000000, 0.000000000000000000, 0.000000000000000000 ) ) ;
#1007 = PLANE ( 'NONE',  #925 ) ;
#1008 = EDGE_CURVE ( 'NONE', #599, #481, #430, .T. ) ;
#1009 = ORIENTED_EDGE ( 'NONE', *, *, #1554, .F. ) ;
#1010 = CARTESIAN_POINT ( 'NONE',  ( -80.00000000000000000, 215.0000000000000000, 5.999999999999993783 ) ) ;
#1011 = VERTEX_POINT ( 'NONE', #304 ) ;
#1012 = CARTESIAN_POINT ( 'NONE',  ( -90.00000000000000000, -0.001000000000001000089, 6.000000000000000000 ) ) ;
#1013 = CYLINDRICAL_SURFACE ( 'NONE', #443, 2.749999999999996447 ) ;
#1014 = EDGE_LOOP ( 'NONE', ( #1533, #394, #446, #454 ) ) ;
#1015 = CARTESIAN_POINT ( 'NONE',  ( -45.00000000000000000, 245.0000000000000000, -5.999999999999993783 ) ) ;
#1016 = ORIENTED_EDGE ( 'NONE', *, *, #73, .T. ) ;
#1017 = CARTESIAN_POINT ( 'NONE',  ( -90.00000000000000000, 245.0000000000000000, -18.00000000000000000 ) ) ;
#1018 = ORIENTED_EDGE ( 'NONE', *, *, #1394, .F. ) ;
#1019 = DIRECTION ( 'NONE',  ( -1.000000000000000000, -0.000000000000000000, -0.000000000000000000 ) ) ;
#1020 = CARTESIAN_POINT ( 'NONE',  ( -69.99999999999998579, 240.0000000000000000, 10.49999999999999822 ) ) ;
#1021 = DIRECTION ( 'NONE',  ( -1.000000000000000000, -0.000000000000000000, -0.000000000000000000 ) ) ;
#1022 = DIRECTION ( 'NONE',  ( 0.000000000000000000, 0.000000000000000000, 1.000000000000000000 ) ) ;
#1023 = EDGE_CURVE ( 'NONE', #1318, #1364, #731, .T. ) ;
#1024 = ORIENTED_EDGE ( 'NONE', *, *, #1150, .T. ) ;
#1025 = DIRECTION ( 'NONE',  ( -0.000000000000000000, -0.000000000000000000, -1.000000000000000000 ) ) ;
#1026 = CC_DESIGN_PERSON_AND_ORGANIZATION_ASSIGNMENT ( #1297, #1415, ( #184 ) ) ;
#1027 = VERTEX_POINT ( 'NONE', #1066 ) ;
#1028 = CIRCLE ( 'NONE', #1201, 13.00000000000001066 ) ;
#1029 = CARTESIAN_POINT ( 'NONE',  ( -45.00000000000000000, 185.0000000000000000, 5.999999999999993783 ) ) ;
#1030 = EDGE_CURVE ( 'NONE', #366, #947, #943, .T. ) ;
#1031 = CIRCLE ( 'NONE', #1458, 1.500000000000001332 ) ;
#1032 = CIRCLE ( 'NONE', #1164, 1.500000000000001332 ) ;
#1033 = CARTESIAN_POINT ( 'NONE',  ( -69.09870907145865715, 190.0000000000000000, -11.99999999999999822 ) ) ;
#1034 = CIRCLE ( 'NONE', #735, 1.500000000000001332 ) ;
#1035 = DATE_AND_TIME ( #307, #794 ) ;
#1036 = ORIENTED_EDGE ( 'NONE', *, *, #1423, .F. ) ;
#1037 = DIRECTION ( 'NONE',  ( 0.000000000000000000, 0.7071067811865474617, 0.7071067811865474617 ) ) ;
#1038 = VERTEX_POINT ( 'NONE', #547 ) ;
#1039 = DIRECTION ( 'NONE',  ( -0.000000000000000000, 0.000000000000000000, 1.000000000000000000 ) ) ;
#1040 = EDGE_CURVE ( 'NONE', #534, #1364, #541, .T. ) ;
#1041 = ORIENTED_EDGE ( 'NONE', *, *, #607, .T. ) ;
#1042 = CALENDAR_DATE ( 2026, 26, 7 ) ;
#1043 = CALENDAR_DATE ( 2026, 26, 7 ) ;
#1044 = ORIENTED_EDGE ( 'NONE', *, *, #495, .T. ) ;
#1045 = FACE_BOUND ( 'NONE', #209, .T. ) ;
#1046 = EDGE_CURVE ( 'NONE', #1027, #152, #560, .T. ) ;
#1047 = DIRECTION ( 'NONE',  ( -0.000000000000000000, 0.7071067811865524577, 0.7071067811865425767 ) ) ;
#1048 = PERSON_AND_ORGANIZATION ( #808, #1110 ) ;
#1049 = ADVANCED_FACE ( 'NONE', ( #438 ), #870, .F. ) ;
#1050 = CARTESIAN_POINT ( 'NONE',  ( -45.00000000000000000, 245.0000000000000000, 5.999999999999993783 ) ) ;
#1051 = CARTESIAN_POINT ( 'NONE',  ( -30.00000000000002487, 175.0000000000000000, -18.00000000000000000 ) ) ;
#1052 = ORIENTED_EDGE ( 'NONE', *, *, #1471, .F. ) ;
#1053 = FACE_OUTER_BOUND ( 'NONE', #1588, .T. ) ;
#1054 = CARTESIAN_POINT ( 'NONE',  ( -14.00000000000020428, -1.714505518806319487E-15, -32.00000000000001421 ) ) ;
#1055 = CONICAL_SURFACE ( 'NONE', #1184, 1.500000000000001332, 1.029744258676655200 ) ;
#1056 = CC_DESIGN_PERSON_AND_ORGANIZATION_ASSIGNMENT ( #667, #422, ( #174 ) ) ;
#1057 = MECHANICAL_CONTEXT ( 'NONE', #642, 'mechanical' ) ;
#1058 = CC_DESIGN_APPROVAL ( #1474, ( #1002 ) ) ;
#1059 = ADVANCED_FACE ( 'NONE', ( #803 ), #1193, .T. ) ;
#1060 = CARTESIAN_POINT ( 'NONE',  ( -69.99999999999998579, 240.0000000000000000, 13.50000000000000178 ) ) ;
#1061 = CARTESIAN_POINT ( 'NONE',  ( 0.000000000000000000, 0.000000000000000000, -18.00000000000000000 ) ) ;
#1062 = DIRECTION ( 'NONE',  ( -1.000000000000000000, 0.000000000000000000, -1.349229370204183433E-16 ) ) ;
#1063 = CARTESIAN_POINT ( 'NONE',  ( -90.00000000000000000, 185.0000000000000000, 15.99999999999996980 ) ) ;
#1064 = DIRECTION ( 'NONE',  ( -1.000000000000000000, 0.000000000000000000, 0.000000000000000000 ) ) ;
#1065 = DIRECTION ( 'NONE',  ( 0.000000000000000000, 0.000000000000000000, 1.000000000000000000 ) ) ;
#1066 = CARTESIAN_POINT ( 'NONE',  ( -45.00000000000000000, 185.0000000000000000, 5.999999999999993783 ) ) ;
#1067 = DIRECTION ( 'NONE',  ( -0.000000000000000000, 0.000000000000000000, 1.000000000000000000 ) ) ;
#1068 = CYLINDRICAL_SURFACE ( 'NONE', #549, 1.500000000000001332 ) ;
#1069 = COORDINATED_UNIVERSAL_TIME_OFFSET ( 5, 30, .AHEAD. ) ;
#1070 = ADVANCED_FACE ( 'NONE', ( #292 ), #919, .F. ) ;
#1071 = CARTESIAN_POINT ( 'NONE',  ( -40.00000000000002132, 175.0000000000000000, -18.00000000000000000 ) ) ;
#1072 = VERTEX_POINT ( 'NONE', #798 ) ;
#1073 = VECTOR ( 'NONE', #1171, 1000.000000000000000 ) ;
#1074 = ADVANCED_FACE ( 'NONE', ( #1289, #670 ), #1418, .F. ) ;
#1075 = CIRCLE ( 'NONE', #1386, 1.500000000000001332 ) ;
#1076 = CARTESIAN_POINT ( 'NONE',  ( -69.99999999999998579, 240.0000000000000000, 12.00000000000000000 ) ) ;
#1077 = AXIS2_PLACEMENT_3D ( 'NONE', #155, #262, #25 ) ;
#1078 = ORIENTED_EDGE ( 'NONE', *, *, #1139, .T. ) ;
#1079 = VECTOR ( 'NONE', #563, 1000.000000000000000 ) ;
#1080 = DIRECTION ( 'NONE',  ( -0.000000000000000000, -0.000000000000000000, 1.000000000000000000 ) ) ;
#1081 = ORIENTED_EDGE ( 'NONE', *, *, #1443, .F. ) ;
#1082 = PLANE ( 'NONE',  #922 ) ;
#1083 = ORIENTED_EDGE ( 'NONE', *, *, #495, .F. ) ;
#1084 = CYLINDRICAL_SURFACE ( 'NONE', #1483, 1.500000000000001332 ) ;
#1085 = EDGE_CURVE ( 'NONE', #83, #961, #69, .T. ) ;
#1086 = VERTEX_POINT ( 'NONE', #704 ) ;
#1087 = CARTESIAN_POINT ( 'NONE',  ( -90.00000000000000000, 190.0000000000000000, 13.50000000000000000 ) ) ;
#1088 = ORIENTED_EDGE ( 'NONE', *, *, #1531, .F. ) ;
#1089 = PLANE ( 'NONE',  #1412 ) ;
#1090 = VERTEX_POINT ( 'NONE', #1472 ) ;
#1091 = FACE_BOUND ( 'NONE', #283, .T. ) ;
#1092 = FACE_OUTER_BOUND ( 'NONE', #1502, .T. ) ;
#1093 = ORIENTED_EDGE ( 'NONE', *, *, #1040, .F. ) ;
#1094 = ADVANCED_FACE ( 'NONE', ( #1439 ), #1055, .F. ) ;
#1095 = CARTESIAN_POINT ( 'NONE',  ( -45.00000000000000000, 245.0000000000000000, -5.999999999999993783 ) ) ;
#1096 = CARTESIAN_POINT ( 'NONE',  ( -2.449293598294707302E-15, 245.0000000000000000, -15.99999999999999645 ) ) ;
#1097 = VERTEX_POINT ( 'NONE', #121 ) ;
#1098 = DIRECTION ( 'NONE',  ( 0.000000000000000000, 0.000000000000000000, -1.000000000000000000 ) ) ;
#1099 = VECTOR ( 'NONE', #1405, 1000.000000000000000 ) ;
#1100 = DIRECTION ( 'NONE',  ( -1.000000000000000000, -0.000000000000000000, -0.000000000000000000 ) ) ;
#1101 = EDGE_LOOP ( 'NONE', ( #122, #1246, #589, #1440, #540, #329, #1520, #294 ) ) ;
#1102 = VECTOR ( 'NONE', #1366, 1000.000000000000000 ) ;
#1103 = FACE_OUTER_BOUND ( 'NONE', #466, .T. ) ;
#1104 = VECTOR ( 'NONE', #985, 1000.000000000000000 ) ;
#1105 = ORIENTED_EDGE ( 'NONE', *, *, #1394, .T. ) ;
#1106 = EDGE_CURVE ( 'NONE', #565, #1582, #333, .T. ) ;
#1107 = CONICAL_SURFACE ( 'NONE', #1332, 1.500000000000001332, 1.029744258676655200 ) ;
#1108 = CARTESIAN_POINT ( 'NONE',  ( -40.00000000000002132, 175.0000000000000000, 18.00000000000000000 ) ) ;
#1109 = ORIENTED_EDGE ( 'NONE', *, *, #13, .T. ) ;
#1110 = ORGANIZATION ( 'UNSPECIFIED', 'UNSPECIFIED', '' ) ;
#1111 = DIRECTION ( 'NONE',  ( 1.000000000000000000, 0.000000000000000000, 0.000000000000000000 ) ) ;
#1112 = CARTESIAN_POINT ( 'NONE',  ( -90.00000000000000000, 185.0000000000000000, -18.00000000000000000 ) ) ;
#1113 = CARTESIAN_POINT ( 'NONE',  ( -90.00000000000000000, 190.0000000000000000, -11.99999999999999822 ) ) ;
#1114 = ORIENTED_EDGE ( 'NONE', *, *, #766, .T. ) ;
#1115 = DIRECTION ( 'NONE',  ( 0.000000000000000000, 0.000000000000000000, 1.000000000000000000 ) ) ;
#1116 = VERTEX_POINT ( 'NONE', #340 ) ;
#1117 = DIRECTION ( 'NONE',  ( -1.000000000000000000, 0.000000000000000000, 0.000000000000000000 ) ) ;
#1118 = VERTEX_POINT ( 'NONE', #590 ) ;
#1119 = DIRECTION ( 'NONE',  ( -1.349229370204183433E-16, -0.000000000000000000, 1.000000000000000000 ) ) ;
#1120 = LINE ( 'NONE', #603, #1516 ) ;
#1121 = ORIENTED_EDGE ( 'NONE', *, *, #1023, .F. ) ;
#1122 = CARTESIAN_POINT ( 'NONE',  ( -90.00000000000000000, 245.0000000000000000, -18.00000000000000000 ) ) ;
#1123 = EDGE_LOOP ( 'NONE', ( #609, #1114, #1389, #1036 ) ) ;
#1124 = DIRECTION ( 'NONE',  ( 0.000000000000000000, 0.000000000000000000, 1.000000000000000000 ) ) ;
#1125 = ORIENTED_EDGE ( 'NONE', *, *, #127, .F. ) ;
#1126 = LINE ( 'NONE', #1012, #19 ) ;
#1127 = EDGE_CURVE ( 'NONE', #226, #1116, #793, .T. ) ;
#1128 = ORIENTED_EDGE ( 'NONE', *, *, #1354, .F. ) ;
#1129 = CARTESIAN_POINT ( 'NONE',  ( -90.00000000000000000, 185.0000000000000000, 15.99999999999996980 ) ) ;
#1130 = AXIS2_PLACEMENT_3D ( 'NONE', #1591, #614, #962 ) ;
#1131 = ORIENTED_EDGE ( 'NONE', *, *, #636, .F. ) ;
#1132 = DIRECTION ( 'NONE',  ( -0.000000000000000000, 1.000000000000000000, -0.000000000000000000 ) ) ;
#1133 = ORIENTED_EDGE ( 'NONE', *, *, #1500, .T. ) ;
#1134 = AXIS2_PLACEMENT_3D ( 'NONE', #1198, #1317, #205 ) ;
#1135 = PLANE ( 'NONE',  #297 ) ;
#1136 = APPROVAL_PERSON_ORGANIZATION ( #1048, #1474, #784 ) ;
#1137 = DIRECTION ( 'NONE',  ( 1.000000000000000000, -0.000000000000000000, -0.000000000000000000 ) ) ;
#1138 = ORIENTED_EDGE ( 'NONE', *, *, #1040, .T. ) ;
#1139 = EDGE_CURVE ( 'NONE', #418, #1090, #371, .T. ) ;
#1140 = CARTESIAN_POINT ( 'NONE',  ( -28.00000000000002487, -3.429011037612592037E-15, -18.00000000000000000 ) ) ;
#1141 = ORIENTED_EDGE ( 'NONE', *, *, #1321, .F. ) ;
#1142 = CARTESIAN_POINT ( 'NONE',  ( -1.999999999999976685, 220.0000000000000000, -18.00000000000000000 ) ) ;
#1143 = ORIENTED_EDGE ( 'NONE', *, *, #1476, .F. ) ;
#1144 = FACE_OUTER_BOUND ( 'NONE', #584, .T. ) ;
#1145 = DIRECTION ( 'NONE',  ( -9.997116727733499279E-18, 1.000000000000000000, 0.000000000000000000 ) ) ;
#1146 = EDGE_CURVE ( 'NONE', #984, #891, #1560, .T. ) ;
#1147 = LINE ( 'NONE', #531, #1432 ) ;
#1148 = DIRECTION ( 'NONE',  ( -0.5150380749100536004, 0.000000000000000000, 0.8571673007021125557 ) ) ;
#1149 = ORIENTED_EDGE ( 'NONE', *, *, #551, .F. ) ;
#1150 = EDGE_CURVE ( 'NONE', #469, #1038, #86, .T. ) ;
#1151 = DIRECTION ( 'NONE',  ( 1.000000000000000000, -0.000000000000000000, -0.000000000000000000 ) ) ;
#1152 = ORIENTED_EDGE ( 'NONE', *, *, #1358, .T. ) ;
#1153 = CYLINDRICAL_SURFACE ( 'NONE', #839, 25.00000000000000000 ) ;
#1154 = CARTESIAN_POINT ( 'NONE',  ( -2.000000000000003997, 220.0000000000000000, 18.00000000000000000 ) ) ;
#1155 = CARTESIAN_POINT ( 'NONE',  ( -2.000000000000001776, -1.999423345546701397E-17, 18.00000000000000000 ) ) ;
#1156 = ORIENTED_EDGE ( 'NONE', *, *, #573, .T. ) ;
#1157 = CIRCLE ( 'NONE', #65, 22.99999999999999645 ) ;
#1158 = DIRECTION ( 'NONE',  ( -1.000000000000000000, -0.000000000000000000, -0.000000000000000000 ) ) ;
#1159 = EDGE_LOOP ( 'NONE', ( #700, #326, #886, #21, #1258, #1575, #878, #780 ) ) ;
#1160 = EDGE_CURVE ( 'NONE', #634, #526, #271, .T. ) ;
#1161 = VECTOR ( 'NONE', #126, 1000.000000000000000 ) ;
#1162 = DIRECTION ( 'NONE',  ( 0.000000000000000000, 0.000000000000000000, 1.000000000000000000 ) ) ;
#1163 = VECTOR ( 'NONE', #444, 1000.000000000000000 ) ;
#1164 = AXIS2_PLACEMENT_3D ( 'NONE', #1508, #1158, #393 ) ;
#1165 = DIRECTION ( 'NONE',  ( 9.997116727733499279E-18, -1.000000000000000000, 0.000000000000000000 ) ) ;
#1166 = PERSON_AND_ORGANIZATION ( #808, #1110 ) ;
#1167 = EDGE_CURVE ( 'NONE', #1086, #569, #857, .T. ) ;
#1168 = ORIENTED_EDGE ( 'NONE', *, *, #1250, .T. ) ;
#1169 = DIRECTION ( 'NONE',  ( -9.997116727733499279E-18, 1.000000000000000000, 0.000000000000000000 ) ) ;
#1170 = EDGE_CURVE ( 'NONE', #526, #634, #572, .T. ) ;
#1171 = DIRECTION ( 'NONE',  ( -0.000000000000000000, -0.7071067811865426878, -0.7071067811865524577 ) ) ;
#1172 = LINE ( 'NONE', #939, #1413 ) ;
#1173 = ORIENTED_EDGE ( 'NONE', *, *, #753, .T. ) ;
#1174 = CYLINDRICAL_SURFACE ( 'NONE', #242, 6.119999999999995666 ) ;
#1175 = DIRECTION ( 'NONE',  ( -1.349229370204183433E-16, -0.000000000000000000, -1.000000000000000000 ) ) ;
#1176 = ADVANCED_FACE ( 'NONE', ( #1587 ), #533, .F. ) ;
#1177 = APPROVAL_STATUS ( 'not_yet_approved' ) ;
#1178 = DIRECTION ( 'NONE',  ( 0.000000000000000000, 0.000000000000000000, -1.000000000000000000 ) ) ;
#1179 = CARTESIAN_POINT ( 'NONE',  ( 0.000000000000000000, 187.0000000000000284, 18.00000000000000000 ) ) ;
#1180 = AXIS2_PLACEMENT_3D ( 'NONE', #900, #1047, #542 ) ;
#1181 = CIRCLE ( 'NONE', #87, 1.500000000000001332 ) ;
#1182 = CIRCLE ( 'NONE', #447, 24.99999999999999645 ) ;
#1183 = CARTESIAN_POINT ( 'NONE',  ( 9.561413512059544891E-16, 10.00000000000000000, 0.000000000000000000 ) ) ;
#1184 = AXIS2_PLACEMENT_3D ( 'NONE', #832, #227, #210 ) ;
#1185 = VECTOR ( 'NONE', #317, 1000.000000000000000 ) ;
#1186 = DIRECTION ( 'NONE',  ( -1.000000000000000000, -0.000000000000000000, -0.000000000000000000 ) ) ;
#1187 = CARTESIAN_POINT ( 'NONE',  ( -69.99999999999998579, 190.0000000000000000, -10.49999999999999645 ) ) ;
#1188 = CARTESIAN_POINT ( 'NONE',  ( -39.99999999999999289, 215.0000000000000000, 5.999999999999988454 ) ) ;
#1189 = ADVANCED_FACE ( 'NONE', ( #1464, #610, #1454 ), #1082, .T. ) ;
#1190 = CALENDAR_DATE ( 2026, 26, 7 ) ;
#1191 = VERTEX_POINT ( 'NONE', #716 ) ;
#1192 = ADVANCED_FACE ( 'NONE', ( #465, #328 ), #825, .T. ) ;
#1193 = PLANE ( 'NONE',  #661 ) ;
#1194 = ORIENTED_EDGE ( 'NONE', *, *, #211, .F. ) ;
#1195 = CARTESIAN_POINT ( 'NONE',  ( -90.00000000000000000, 214.0000000000003979, -47.00000000000001421 ) ) ;
#1196 = ORIENTED_EDGE ( 'NONE', *, *, #56, .T. ) ;
#1197 = ORIENTED_EDGE ( 'NONE', *, *, #906, .F. ) ;
#1198 = CARTESIAN_POINT ( 'NONE',  ( -60.00000000000000000, 215.0000000000000000, 18.00000000000000000 ) ) ;
#1199 = ADVANCED_FACE ( 'NONE', ( #953 ), #1089, .T. ) ;
#1200 = ORIENTED_EDGE ( 'NONE', *, *, #1358, .F. ) ;
#1201 = AXIS2_PLACEMENT_3D ( 'NONE', #1223, #1119, #7 ) ;
#1202 = FACE_OUTER_BOUND ( 'NONE', #1409, .T. ) ;
#1203 = AXIS2_PLACEMENT_3D ( 'NONE', #1529, #743, #684 ) ;
#1204 = VERTEX_POINT ( 'NONE', #848 ) ;
#1205 = ORIENTED_EDGE ( 'NONE', *, *, #1569, .F. ) ;
#1206 = ADVANCED_FACE ( 'NONE', ( #842 ), #1107, .F. ) ;
#1207 = DIRECTION ( 'NONE',  ( 0.000000000000000000, 0.000000000000000000, 1.000000000000000000 ) ) ;
#1208 = VERTEX_POINT ( 'NONE', #102 ) ;
#1209 = DIRECTION ( 'NONE',  ( -0.000000000000000000, -0.000000000000000000, 1.000000000000000000 ) ) ;
#1210 = ADVANCED_FACE ( 'NONE', ( #1343 ), #1397, .F. ) ;
#1211 = VERTEX_POINT ( 'NONE', #1480 ) ;
#1212 = CARTESIAN_POINT ( 'NONE',  ( 9.561413512059544891E-16, 10.00000000000000000, 2.749999999999996447 ) ) ;
#1213 = DIRECTION ( 'NONE',  ( 0.000000000000000000, 0.000000000000000000, 1.000000000000000000 ) ) ;
#1214 = ORIENTED_EDGE ( 'NONE', *, *, #1326, .F. ) ;
#1215 = DIRECTION ( 'NONE',  ( 0.000000000000000000, 0.000000000000000000, 1.000000000000000000 ) ) ;
#1216 = CARTESIAN_POINT ( 'NONE',  ( -39.99999999999999289, 215.0000000000000000, 18.00000000000000000 ) ) ;
#1217 = EDGE_LOOP ( 'NONE', ( #212, #628, #787, #101 ) ) ;
#1218 = ADVANCED_FACE ( 'NONE', ( #618 ), #491, .F. ) ;
#1219 = CARTESIAN_POINT ( 'NONE',  ( -90.00000000000000000, 190.0000000000000000, 11.99999999999999822 ) ) ;
#1220 = VERTEX_POINT ( 'NONE', #638 ) ;
#1221 = DIRECTION ( 'NONE',  ( 0.000000000000000000, 0.000000000000000000, -1.000000000000000000 ) ) ;
#1222 = EDGE_LOOP ( 'NONE', ( #1205, #449, #1044 ) ) ;
#1223 = CARTESIAN_POINT ( 'NONE',  ( -60.00000000000000000, 215.0000000000000000, -5.999999999999998224 ) ) ;
#1224 = DIRECTION ( 'NONE',  ( -1.000000000000000000, 0.000000000000000000, -0.000000000000000000 ) ) ;
#1225 = VECTOR ( 'NONE', #435, 1000.000000000000114 ) ;
#1226 = ORIENTED_EDGE ( 'NONE', *, *, #724, .F. ) ;
#1227 = CARTESIAN_POINT ( 'NONE',  ( -69.99999999999998579, 240.0000000000000000, 13.50000000000000178 ) ) ;
#1228 = VECTOR ( 'NONE', #1261, 1000.000000000000000 ) ;
#1229 = ORIENTED_EDGE ( 'NONE', *, *, #1290, .F. ) ;
#1230 = CIRCLE ( 'NONE', #1521, 2.749999999999996447 ) ;
#1231 = DIRECTION ( 'NONE',  ( 0.000000000000000000, 0.000000000000000000, -1.000000000000000000 ) ) ;
#1232 = ORIENTED_EDGE ( 'NONE', *, *, #462, .T. ) ;
#1233 = FACE_OUTER_BOUND ( 'NONE', #372, .T. ) ;
#1234 = FACE_OUTER_BOUND ( 'NONE', #823, .T. ) ;
#1235 = VERTEX_POINT ( 'NONE', #1142 ) ;
#1236 = DIRECTION ( 'NONE',  ( 0.000000000000000000, -0.000000000000000000, 1.000000000000000000 ) ) ;
#1237 = DIRECTION ( 'NONE',  ( -1.000000000000000000, -0.000000000000000000, -0.000000000000000000 ) ) ;
#1238 = ORIENTED_EDGE ( 'NONE', *, *, #853, .F. ) ;
#1239 = DIRECTION ( 'NONE',  ( -1.000000000000000000, -0.000000000000000000, -0.000000000000000000 ) ) ;
#1240 = ORIENTED_EDGE ( 'NONE', *, *, #1241, .F. ) ;
#1241 = EDGE_CURVE ( 'NONE', #1027, #1204, #137, .T. ) ;
#1242 = CYLINDRICAL_SURFACE ( 'NONE', #1077, 13.00000000000001066 ) ;
#1243 = DIRECTION ( 'NONE',  ( 0.000000000000000000, -0.7071067811865426878, 0.7071067811865524577 ) ) ;
#1244 = ORIENTED_EDGE ( 'NONE', *, *, #573, .F. ) ;
#1245 = LINE ( 'NONE', #883, #871 ) ;
#1246 = ORIENTED_EDGE ( 'NONE', *, *, #179, .T. ) ;
#1247 = CARTESIAN_POINT ( 'NONE',  ( 0.000000000000000000, 0.000000000000000000, 18.00000000000000000 ) ) ;
#1248 = EDGE_LOOP ( 'NONE', ( #136, #287, #758, #1398 ) ) ;
#1249 = FACE_OUTER_BOUND ( 'NONE', #1268, .T. ) ;
#1250 = EDGE_CURVE ( 'NONE', #1437, #745, #1542, .T. ) ;
#1251 = CARTESIAN_POINT ( 'NONE',  ( -2.449293598294707302E-15, 245.0000000000000000, -15.99999999999999645 ) ) ;
#1252 = FACE_OUTER_BOUND ( 'NONE', #730, .T. ) ;
#1253 = VERTEX_POINT ( 'NONE', #517 ) ;
#1254 = LINE ( 'NONE', #28, #706 ) ;
#1255 = ORIENTED_EDGE ( 'NONE', *, *, #1030, .F. ) ;
#1256 = CARTESIAN_POINT ( 'NONE',  ( -3.579999999999999183, 10.00000000000000000, 0.000000000000000000 ) ) ;
#1257 = AXIS2_PLACEMENT_3D ( 'NONE', #233, #355, #2 ) ;
#1258 = ORIENTED_EDGE ( 'NONE', *, *, #687, .T. ) ;
#1259 = AXIS2_PLACEMENT_3D ( 'NONE', #1295, #675, #1062 ) ;
#1260 = ADVANCED_FACE ( 'NONE', ( #654 ), #1269, .F. ) ;
#1261 = DIRECTION ( 'NONE',  ( 0.000000000000000000, 0.7071067811865524577, -0.7071067811865426878 ) ) ;
#1262 = CC_DESIGN_APPROVAL ( #644, ( #405 ) ) ;
#1263 = DIRECTION ( 'NONE',  ( -1.000000000000000000, 0.000000000000000000, 0.000000000000000000 ) ) ;
#1264 = DIRECTION ( 'NONE',  ( -1.000000000000000000, 0.000000000000000000, -1.334402673828312107E-16 ) ) ;
#1265 = DIRECTION ( 'NONE',  ( -1.000000000000000000, -0.000000000000000000, -0.000000000000000000 ) ) ;
#1266 = EDGE_CURVE ( 'NONE', #1116, #1011, #11, .T. ) ;
#1267 = DIRECTION ( 'NONE',  ( -0.5150380749100536004, 0.000000000000000000, 0.8571673007021125557 ) ) ;
#1268 = EDGE_LOOP ( 'NONE', ( #977, #619, #250, #336 ) ) ;
#1269 = CYLINDRICAL_SURFACE ( 'NONE', #767, 13.00000000000001066 ) ;
#1270 = EDGE_LOOP ( 'NONE', ( #1093, #243, #52, #705 ) ) ;
#1271 = DIRECTION ( 'NONE',  ( -1.000000000000000000, -0.000000000000000000, -0.000000000000000000 ) ) ;
#1272 = CARTESIAN_POINT ( 'NONE',  ( -90.00000000000000000, 190.0000000000000000, -13.50000000000000000 ) ) ;
#1273 = ADVANCED_FACE ( 'NONE', ( #274, #406 ), #284, .F. ) ;
#1274 = EDGE_LOOP ( 'NONE', ( #1373, #1240, #1238, #1465, #116, #217, #457 ) ) ;
#1275 = CARTESIAN_POINT ( 'NONE',  ( -45.00000000000000000, 185.0000000000000000, -5.999999999999993783 ) ) ;
#1276 = EDGE_LOOP ( 'NONE', ( #475, #773, #663, #1197 ) ) ;
#1277 = DIRECTION ( 'NONE',  ( -0.000000000000000000, 1.000000000000000000, -0.000000000000000000 ) ) ;
#1278 = DIRECTION ( 'NONE',  ( -1.312763711550015960E-16, 1.000000000000000000, 0.000000000000000000 ) ) ;
#1279 = VECTOR ( 'NONE', #1215, 1000.000000000000000 ) ;
#1280 = CARTESIAN_POINT ( 'NONE',  ( -25.00000000000000711, 243.0000000000000000, 18.00000000000000000 ) ) ;
#1281 = AXIS2_PLACEMENT_3D ( 'NONE', #230, #1209, #708 ) ;
#1282 = ORIENTED_EDGE ( 'NONE', *, *, #1146, .F. ) ;
#1283 = AXIS2_PLACEMENT_3D ( 'NONE', #1251, #631, #1145 ) ;
#1284 = DIRECTION ( 'NONE',  ( -1.000000000000000000, 0.000000000000000000, 0.000000000000000000 ) ) ;
#1285 = AXIS2_PLACEMENT_3D ( 'NONE', #357, #235, #1221 ) ;
#1286 = DIRECTION ( 'NONE',  ( 0.7071067811865474617, 0.000000000000000000, 0.7071067811865474617 ) ) ;
#1287 = DIRECTION ( 'NONE',  ( -0.000000000000000000, -0.7071067811865426878, 0.7071067811865524577 ) ) ;
#1288 = ORIENTED_EDGE ( 'NONE', *, *, #1435, .T. ) ;
#1289 = FACE_BOUND ( 'NONE', #854, .T. ) ;
#1290 = EDGE_CURVE ( 'NONE', #1208, #860, #246, .T. ) ;
#1291 = MANIFOLD_SOLID_BREP ( '\X2\00d8\X0\3.0mm Dowel Hole1', #789 ) ;
#1292 = CARTESIAN_POINT ( 'NONE',  ( -90.00000000000000000, 240.0000000000000000, 12.00000000000000000 ) ) ;
#1293 = PERSON_AND_ORGANIZATION ( #808, #1110 ) ;
#1294 = LINE ( 'NONE', #1060, #1360 ) ;
#1295 = CARTESIAN_POINT ( 'NONE',  ( -45.00000000000000000, -0.001000000000001000089, -5.999999999999993783 ) ) ;
#1296 = DIRECTION ( 'NONE',  ( -1.000000000000000000, 0.000000000000000000, 0.000000000000000000 ) ) ;
#1297 = PERSON_AND_ORGANIZATION ( #808, #1110 ) ;
#1298 = PLANE ( 'NONE',  #1362 ) ;
#1299 = CARTESIAN_POINT ( 'NONE',  ( -46.99999999999999289, 215.0000000000000000, -5.999999999999996447 ) ) ;
#1300 = CARTESIAN_POINT ( 'NONE',  ( -3.579999999999999183, 10.00000000000000000, 6.119999999999995666 ) ) ;
#1301 = VECTOR ( 'NONE', #937, 1000.000000000000000 ) ;
#1302 = EDGE_CURVE ( 'NONE', #745, #1437, #70, .T. ) ;
#1303 = CIRCLE ( 'NONE', #1408, 10.00000000000000178 ) ;
#1304 = VECTOR ( 'NONE', #651, 1000.000000000000114 ) ;
#1305 = PLANE ( 'NONE',  #760 ) ;
#1306 = CC_DESIGN_PERSON_AND_ORGANIZATION_ASSIGNMENT ( #1293, #181, ( #1002 ) ) ;
#1307 = VECTOR ( 'NONE', #1037, 1000.000000000000114 ) ;
#1308 = EDGE_CURVE ( 'NONE', #251, #109, #1436, .T. ) ;
#1309 = LINE ( 'NONE', #1050, #635 ) ;
#1310 = CARTESIAN_POINT ( 'NONE',  ( -45.00000000000000000, 185.0000000000000000, 5.999999999999993783 ) ) ;
#1311 = EDGE_LOOP ( 'NONE', ( #905, #1586 ) ) ;
#1312 = FACE_OUTER_BOUND ( 'NONE', #12, .T. ) ;
#1313 = DIRECTION ( 'NONE',  ( -1.000000000000000000, 0.000000000000000000, 0.000000000000000000 ) ) ;
#1314 = VERTEX_POINT ( 'NONE', #1010 ) ;
#1315 = EDGE_CURVE ( 'NONE', #152, #1191, #1501, .T. ) ;
#1316 = CARTESIAN_POINT ( 'NONE',  ( -90.00000000000000000, 187.0000000000000284, 18.00000000000000000 ) ) ;
#1317 = DIRECTION ( 'NONE',  ( 0.000000000000000000, 0.000000000000000000, 1.000000000000000000 ) ) ;
#1318 = VERTEX_POINT ( 'NONE', #384 ) ;
#1319 = DIRECTION ( 'NONE',  ( 0.000000000000000000, 0.000000000000000000, 1.000000000000000000 ) ) ;
#1320 = EDGE_LOOP ( 'NONE', ( #956, #1340, #697, #1125 ) ) ;
#1321 = EDGE_CURVE ( 'NONE', #840, #873, #1230, .T. ) ;
#1322 = FACE_OUTER_BOUND ( 'NONE', #1274, .T. ) ;
#1323 = ORIENTED_EDGE ( 'NONE', *, *, #1160, .F. ) ;
#1324 = DIRECTION ( 'NONE',  ( -0.5150380749100536004, 0.000000000000000000, 0.8571673007021125557 ) ) ;
#1325 = ORIENTED_EDGE ( 'NONE', *, *, #1583, .T. ) ;
#1326 = EDGE_CURVE ( 'NONE', #1477, #1208, #885, .T. ) ;
#1327 = CIRCLE ( 'NONE', #293, 20.00000000000000355 ) ;
#1328 = CIRCLE ( 'NONE', #501, 10.00000000000000178 ) ;
#1329 = DIRECTION ( 'NONE',  ( 0.000000000000000000, 0.000000000000000000, 1.000000000000000000 ) ) ;
#1330 = VECTOR ( 'NONE', #725, 1000.000000000000000 ) ;
#1331 = ORIENTED_EDGE ( 'NONE', *, *, #222, .T. ) ;
#1332 = AXIS2_PLACEMENT_3D ( 'NONE', #219, #484, #1213 ) ;
#1333 = VECTOR ( 'NONE', #616, 1000.000000000000000 ) ;
#1334 = CARTESIAN_POINT ( 'NONE',  ( -69.99999999999998579, 190.0000000000000000, -11.99999999999999822 ) ) ;
#1335 = EDGE_LOOP ( 'NONE', ( #1088, #650, #756, #1081 ) ) ;
#1336 = CARTESIAN_POINT ( 'NONE',  ( -90.00000000000000000, 185.0000000000000000, -18.00000000000000000 ) ) ;
#1337 = EDGE_LOOP ( 'NONE', ( #382, #80, #138, #97, #1214, #1485 ) ) ;
#1338 = EDGE_CURVE ( 'NONE', #1220, #224, #1032, .T. ) ;
#1339 = LINE ( 'NONE', #1112, #813 ) ;
#1340 = ORIENTED_EDGE ( 'NONE', *, *, #957, .F. ) ;
#1341 = CARTESIAN_POINT ( 'NONE',  ( -45.00000000000000000, -0.001000000000001000089, 5.999999999999993783 ) ) ;
#1342 = ORIENTED_EDGE ( 'NONE', *, *, #108, .T. ) ;
#1343 = FACE_OUTER_BOUND ( 'NONE', #375, .T. ) ;
#1344 = ORIENTED_EDGE ( 'NONE', *, *, #327, .T. ) ;
#1345 = CARTESIAN_POINT ( 'NONE',  ( -3.851859888774471706E-31, -3.009265538105060126E-33, 16.00000000000002487 ) ) ;
#1346 = CARTESIAN_POINT ( 'NONE',  ( -45.00000000000000000, -0.001000000000001000089, 5.999999999999993783 ) ) ;
#1347 = DIRECTION ( 'NONE',  ( -1.000000000000000000, -0.000000000000000000, -0.000000000000000000 ) ) ;
#1348 = ORIENTED_EDGE ( 'NONE', *, *, #254, .F. ) ;
#1349 = CARTESIAN_POINT ( 'NONE',  ( -25.00000000000000711, 245.0000000000000000, -18.00000000000000000 ) ) ;
#1350 = ORIENTED_EDGE ( 'NONE', *, *, #707, .F. ) ;
#1351 = DIRECTION ( 'NONE',  ( 0.000000000000000000, -0.000000000000000000, -1.000000000000000000 ) ) ;
#1352 = ORIENTED_EDGE ( 'NONE', *, *, #972, .F. ) ;
#1353 = CARTESIAN_POINT ( 'NONE',  ( -30.00000000000002487, 175.0000000000000000, -15.99999999999999645 ) ) ;
#1354 = EDGE_CURVE ( 'NONE', #711, #1318, #1379, .T. ) ;
#1355 = DIRECTION ( 'NONE',  ( 0.000000000000000000, -1.000000000000000000, 0.000000000000000000 ) ) ;
#1356 = ORIENTED_EDGE ( 'NONE', *, *, #929, .T. ) ;
#1357 = VECTOR ( 'NONE', #1391, 1000.000000000000114 ) ;
#1358 = EDGE_CURVE ( 'NONE', #891, #984, #48, .T. ) ;
#1359 = CARTESIAN_POINT ( 'NONE',  ( -90.00000000000000000, 245.0000000000000000, -15.99999999999999645 ) ) ;
#1360 = VECTOR ( 'NONE', #53, 1000.000000000000114 ) ;
#1361 = ORIENTED_EDGE ( 'NONE', *, *, #332, .F. ) ;
#1362 = AXIS2_PLACEMENT_3D ( 'NONE', #932, #1064, #175 ) ;
#1363 = CARTESIAN_POINT ( 'NONE',  ( 9.561413512059540947E-16, 10.00000000000000000, 0.000000000000000000 ) ) ;
#1364 = VERTEX_POINT ( 'NONE', #904 ) ;
#1365 = VECTOR ( 'NONE', #1546, 1000.000000000000000 ) ;
#1366 = DIRECTION ( 'NONE',  ( 1.000000000000000000, 0.000000000000000000, 0.000000000000000000 ) ) ;
#1367 = LINE ( 'NONE', #488, #658 ) ;
#1368 = ORIENTED_EDGE ( 'NONE', *, *, #1548, .F. ) ;
#1369 = DIRECTION ( 'NONE',  ( 0.000000000000000000, -0.000000000000000000, -1.000000000000000000 ) ) ;
#1370 = VERTEX_POINT ( 'NONE', #161 ) ;
#1371 = EDGE_CURVE ( 'NONE', #481, #653, #553, .T. ) ;
#1372 = DIRECTION ( 'NONE',  ( 0.000000000000000000, -1.000000000000000000, 0.000000000000000000 ) ) ;
#1373 = ORIENTED_EDGE ( 'NONE', *, *, #108, .F. ) ;
#1374 = DIRECTION ( 'NONE',  ( -1.000000000000000000, 0.000000000000000000, 0.000000000000000000 ) ) ;
#1375 = DIRECTION ( 'NONE',  ( -0.000000000000000000, -0.000000000000000000, 1.000000000000000000 ) ) ;
#1376 = CARTESIAN_POINT ( 'NONE',  ( -90.00000000000000000, 243.0000000000000000, 18.00000000000000000 ) ) ;
#1377 = CARTESIAN_POINT ( 'NONE',  ( -30.00000000000002487, 175.0000000000000000, 15.99999999999996980 ) ) ;
#1378 = ORIENTED_EDGE ( 'NONE', *, *, #923, .T. ) ;
#1379 = LINE ( 'NONE', #892, #732 ) ;
#1380 = ORIENTED_EDGE ( 'NONE', *, *, #276, .F. ) ;
#1381 = CARTESIAN_POINT ( 'NONE',  ( -69.99999999999998579, 240.0000000000000000, 12.00000000000000000 ) ) ;
#1382 = ADVANCED_FACE ( 'NONE', ( #917, #1407, #412 ), #1298, .T. ) ;
#1383 = DIRECTION ( 'NONE',  ( -0.5150380749100536004, 1.049727191138618942E-16, -0.8571673007021125557 ) ) ;
#1384 = AXIS2_PLACEMENT_3D ( 'NONE', #1497, #1006, #1514 ) ;
#1385 = CARTESIAN_POINT ( 'NONE',  ( -90.00000000000000000, 185.0000000000000000, -18.00000000000000000 ) ) ;
#1386 = AXIS2_PLACEMENT_3D ( 'NONE', #115, #133, #768 ) ;
#1387 = ORIENTED_EDGE ( 'NONE', *, *, #785, .T. ) ;
#1388 = CARTESIAN_POINT ( 'NONE',  ( -60.00000000000000000, 215.0000000000000000, 18.00100000000000122 ) ) ;
#1389 = ORIENTED_EDGE ( 'NONE', *, *, #104, .T. ) ;
#1390 = AXIS2_PLACEMENT_3D ( 'NONE', #987, #525, #252 ) ;
#1391 = DIRECTION ( 'NONE',  ( -0.5150380749100536004, 1.049727191138618942E-16, -0.8571673007021125557 ) ) ;
#1392 = VECTOR ( 'NONE', #816, 1000.000000000000000 ) ;
#1393 = APPLICATION_CONTEXT ( 'configuration controlled 3d designs of mechanical parts and assemblies' ) ;
#1394 = EDGE_CURVE ( 'NONE', #1253, #711, #1294, .T. ) ;
#1395 = FACE_OUTER_BOUND ( 'NONE', #1459, .T. ) ;
#1396 = ORIENTED_EDGE ( 'NONE', *, *, #472, .T. ) ;
#1397 = CYLINDRICAL_SURFACE ( 'NONE', #1390, 20.00000000000000355 ) ;
#1398 = ORIENTED_EDGE ( 'NONE', *, *, #543, .F. ) ;
#1399 = CARTESIAN_POINT ( 'NONE',  ( -25.00000000000000355, 220.0000000000000000, -18.00000000000000000 ) ) ;
#1400 = DIRECTION ( 'NONE',  ( 1.000000000000000000, 0.000000000000000000, 0.000000000000000000 ) ) ;
#1401 = APPROVAL_STATUS ( 'not_yet_approved' ) ;
#1402 = LINE ( 'NONE', #290, #479 ) ;
#1403 = VERTEX_POINT ( 'NONE', #911 ) ;
#1404 = DIRECTION ( 'NONE',  ( -1.000000000000000000, -0.000000000000000000, -0.000000000000000000 ) ) ;
#1405 = DIRECTION ( 'NONE',  ( 0.7071067811865524577, 0.000000000000000000, -0.7071067811865426878 ) ) ;
#1406 = EDGE_CURVE ( 'NONE', #89, #796, #1402, .T. ) ;
#1407 = FACE_BOUND ( 'NONE', #1463, .T. ) ;
#1408 = AXIS2_PLACEMENT_3D ( 'NONE', #264, #1375, #1263 ) ;
#1409 = EDGE_LOOP ( 'NONE', ( #593, #580, #1566, #94 ) ) ;
#1410 = CIRCLE ( 'NONE', #600, 1.500000000000001332 ) ;
#1411 = LINE ( 'NONE', #61, #503 ) ;
#1412 = AXIS2_PLACEMENT_3D ( 'NONE', #1571, #970, #960 ) ;
#1413 = VECTOR ( 'NONE', #1287, 1000.000000000000000 ) ;
#1414 = DIRECTION ( 'NONE',  ( 0.7071067811865426878, 8.659560562354874926E-17, -0.7071067811865524577 ) ) ;
#1415 = PERSON_AND_ORGANIZATION_ROLE ( 'creator' ) ;
#1416 = CARTESIAN_POINT ( 'NONE',  ( -40.00000000000002132, 187.0000000000000284, 18.00000000000000000 ) ) ;
#1417 = EDGE_CURVE ( 'NONE', #334, #1072, #299, .T. ) ;
#1418 = PLANE ( 'NONE',  #1259 ) ;
#1419 = CARTESIAN_POINT ( 'NONE',  ( -69.99999999999998579, 190.0000000000000000, -13.50000000000000000 ) ) ;
#1420 = DATE_AND_TIME ( #1042, #554 ) ;
#1421 = SHAPE_DEFINITION_REPRESENTATION ( #314, #928 ) ;
#1422 = DIRECTION ( 'NONE',  ( 0.000000000000000000, 0.000000000000000000, 1.000000000000000000 ) ) ;
#1423 = EDGE_CURVE ( 'NONE', #840, #959, #437, .T. ) ;
#1424 = CARTESIAN_POINT ( 'NONE',  ( 17.00000000000001066, 2.081899558550501463E-15, -0.9999999999997545297 ) ) ;
#1425 = CARTESIAN_POINT ( 'NONE',  ( -90.00000000000000000, 245.0000000000000000, -6.000000000000000000 ) ) ;
#1426 = EDGE_CURVE ( 'NONE', #717, #226, #545, .T. ) ;
#1427 = DIRECTION ( 'NONE',  ( 0.000000000000000000, 0.000000000000000000, 1.000000000000000000 ) ) ;
#1428 = PERSON_AND_ORGANIZATION ( #808, #1110 ) ;
#1429 = LINE ( 'NONE', #1416, #1185 ) ;
#1430 = CARTESIAN_POINT ( 'NONE',  ( -45.00000000000000000, -0.001000000000001000089, 5.999999999999993783 ) ) ;
#1431 = DIRECTION ( 'NONE',  ( 0.000000000000000000, 0.000000000000000000, 1.000000000000000000 ) ) ;
#1432 = VECTOR ( 'NONE', #506, 1000.000000000000000 ) ;
#1433 = VECTOR ( 'NONE', #183, 1000.000000000000000 ) ;
#1434 = LINE ( 'NONE', #1195, #1073 ) ;
#1435 = EDGE_CURVE ( 'NONE', #428, #1211, #1172, .T. ) ;
#1436 = CIRCLE ( 'NONE', #194, 20.00000000000000355 ) ;
#1437 = VERTEX_POINT ( 'NONE', #668 ) ;
#1438 = ORIENTED_EDGE ( 'NONE', *, *, #1170, .F. ) ;
#1439 = FACE_OUTER_BOUND ( 'NONE', #407, .T. ) ;
#1440 = ORIENTED_EDGE ( 'NONE', *, *, #853, .T. ) ;
#1441 = DIRECTION ( 'NONE',  ( -1.000000000000000000, 0.000000000000000000, 0.000000000000000000 ) ) ;
#1442 = DIRECTION ( 'NONE',  ( -1.000000000000000000, -0.000000000000000000, -0.000000000000000000 ) ) ;
#1443 = EDGE_CURVE ( 'NONE', #653, #226, #1429, .T. ) ;
#1444 = ORIENTED_EDGE ( 'NONE', *, *, #1476, .T. ) ;
#1445 = EDGE_CURVE ( 'NONE', #599, #860, #786, .T. ) ;
#1446 = LINE ( 'NONE', #1349, #1104 ) ;
#1447 = DIRECTION ( 'NONE',  ( -1.000000000000000000, 0.000000000000000000, 0.000000000000000000 ) ) ;
#1448 = ORIENTED_EDGE ( 'NONE', *, *, #588, .F. ) ;
#1449 = DIRECTION ( 'NONE',  ( 0.000000000000000000, -0.000000000000000000, -1.000000000000000000 ) ) ;
#1450 = EDGE_LOOP ( 'NONE', ( #1018, #615, #145 ) ) ;
#1451 = CARTESIAN_POINT ( 'NONE',  ( -39.99999999999999289, 215.0000000000000000, -50.56854249492378983 ) ) ;
#1452 = ORIENTED_EDGE ( 'NONE', *, *, #693, .T. ) ;
#1453 = EDGE_CURVE ( 'NONE', #1038, #1509, #59, .T. ) ;
#1454 = FACE_OUTER_BOUND ( 'NONE', #1479, .T. ) ;
#1455 = ORIENTED_EDGE ( 'NONE', *, *, #64, .F. ) ;
#1456 = AXIS2_PLACEMENT_3D ( 'NONE', #1346, #459, #478 ) ;
#1457 = LINE ( 'NONE', #345, #790 ) ;
#1458 = AXIS2_PLACEMENT_3D ( 'NONE', #1381, #1019, #408 ) ;
#1459 = EDGE_LOOP ( 'NONE', ( #1152, #32 ) ) ;
#1460 = VECTOR ( 'NONE', #376, 1000.000000000000000 ) ;
#1461 = VECTOR ( 'NONE', #535, 1000.000000000000000 ) ;
#1462 = LINE ( 'NONE', #225, #1487 ) ;
#1463 = EDGE_LOOP ( 'NONE', ( #623, #1226 ) ) ;
#1464 = FACE_BOUND ( 'NONE', #975, .T. ) ;
#1465 = ORIENTED_EDGE ( 'NONE', *, *, #812, .T. ) ;
#1466 = CARTESIAN_POINT ( 'NONE',  ( -90.00000000000000000, 240.0000000000000000, -13.50000000000000178 ) ) ;
#1467 = CARTESIAN_POINT ( 'NONE',  ( -90.00000000000000000, 186.9999999999999716, -18.00000000000000000 ) ) ;
#1468 = ORIENTED_EDGE ( 'NONE', *, *, #527, .T. ) ;
#1469 = DIRECTION ( 'NONE',  ( -1.000000000000000000, -0.000000000000000000, -0.000000000000000000 ) ) ;
#1470 = ORIENTED_EDGE ( 'NONE', *, *, #647, .T. ) ;
#1471 = EDGE_CURVE ( 'NONE', #1477, #89, #1309, .T. ) ;
#1472 = CARTESIAN_POINT ( 'NONE',  ( -80.00000000000000000, 215.0000000000000000, 18.00000000000000000 ) ) ;
#1473 = ORIENTED_EDGE ( 'NONE', *, *, #1545, .T. ) ;
#1474 = APPROVAL ( #1401, 'UNSPECIFIED' ) ;
#1475 = CARTESIAN_POINT ( 'NONE',  ( -90.00000000000000000, 190.0000000000000000, -13.50000000000000000 ) ) ;
#1476 = EDGE_CURVE ( 'NONE', #109, #1204, #1562, .T. ) ;
#1477 = VERTEX_POINT ( 'NONE', #926 ) ;
#1478 = LINE ( 'NONE', #1359, #998 ) ;
#1479 = EDGE_LOOP ( 'NONE', ( #339, #1288, #404, #1481, #513, #1331 ) ) ;
#1480 = CARTESIAN_POINT ( 'NONE',  ( -90.00000000000000000, 185.0000000000000000, -15.99999999999999645 ) ) ;
#1481 = ORIENTED_EDGE ( 'NONE', *, *, #843, .T. ) ;
#1482 = DIRECTION ( 'NONE',  ( -9.997116727733499279E-18, 1.000000000000000000, 0.000000000000000000 ) ) ;
#1483 = AXIS2_PLACEMENT_3D ( 'NONE', #973, #105, #487 ) ;
#1484 = AXIS2_PLACEMENT_3D ( 'NONE', #106, #586, #82 ) ;
#1485 = ORIENTED_EDGE ( 'NONE', *, *, #812, .F. ) ;
#1486 = EDGE_CURVE ( 'NONE', #125, #349, #182, .T. ) ;
#1487 = VECTOR ( 'NONE', #855, 1000.000000000000000 ) ;
#1488 = DIRECTION ( 'NONE',  ( 9.997116727733499279E-18, -1.000000000000000000, 0.000000000000000000 ) ) ;
#1489 = VECTOR ( 'NONE', #1577, 1000.000000000000000 ) ;
#1490 = ORIENTED_EDGE ( 'NONE', *, *, #909, .T. ) ;
#1491 = CIRCLE ( 'NONE', #93, 23.00000000000002487 ) ;
#1492 = DIRECTION ( 'NONE',  ( -1.000000000000000000, -1.312763711550015960E-16, 0.000000000000000000 ) ) ;
#1493 = ORIENTED_EDGE ( 'NONE', *, *, #218, .F. ) ;
#1494 = DIRECTION ( 'NONE',  ( -0.000000000000000000, -0.000000000000000000, 1.000000000000000000 ) ) ;
#1495 = LINE ( 'NONE', #1345, #1538 ) ;
#1496 = EDGE_CURVE ( 'NONE', #342, #569, #74, .T. ) ;
#1497 = CARTESIAN_POINT ( 'NONE',  ( -3.579999999999999183, 12.75000000000000000, 0.000000000000000000 ) ) ;
#1498 = CARTESIAN_POINT ( 'NONE',  ( -2.199365680101369484E-15, 220.0000000000000000, 16.00000000000002487 ) ) ;
#1499 = ORIENTED_EDGE ( 'NONE', *, *, #462, .F. ) ;
#1500 = EDGE_CURVE ( 'NONE', #469, #202, #1254, .T. ) ;
#1501 = LINE ( 'NONE', #1275, #601 ) ;
#1502 = EDGE_LOOP ( 'NONE', ( #1083, #111, #655, #562 ) ) ;
#1503 = LINE ( 'NONE', #1029, #445 ) ;
#1504 = CARTESIAN_POINT ( 'NONE',  ( -40.00000000000002132, 175.0000000000000000, -15.99999999999999645 ) ) ;
#1505 = ORIENTED_EDGE ( 'NONE', *, *, #887, .F. ) ;
#1506 = CARTESIAN_POINT ( 'NONE',  ( -25.00000000000000355, 220.0000000000000000, -18.00000000000000000 ) ) ;
#1507 = ORIENTED_EDGE ( 'NONE', *, *, #29, .F. ) ;
#1508 = CARTESIAN_POINT ( 'NONE',  ( -90.00000000000000000, 190.0000000000000000, 11.99999999999999822 ) ) ;
#1509 = VERTEX_POINT ( 'NONE', #1498 ) ;
#1510 = EDGE_CURVE ( 'NONE', #1211, #1191, #646, .T. ) ;
#1511 = FACE_OUTER_BOUND ( 'NONE', #828, .T. ) ;
#1512 = DIRECTION ( 'NONE',  ( -1.312763711550015960E-16, 1.000000000000000000, 0.000000000000000000 ) ) ;
#1513 = DIRECTION ( 'NONE',  ( 0.000000000000000000, 0.000000000000000000, 1.000000000000000000 ) ) ;
#1514 = DIRECTION ( 'NONE',  ( 0.000000000000000000, 0.000000000000000000, 1.000000000000000000 ) ) ;
#1515 = CARTESIAN_POINT ( 'NONE',  ( -69.99999999999998579, 190.0000000000000000, 10.49999999999999645 ) ) ;
#1516 = VECTOR ( 'NONE', #1329, 1000.000000000000000 ) ;
#1517 = ORIENTED_EDGE ( 'NONE', *, *, #56, .F. ) ;
#1518 = CARTESIAN_POINT ( 'NONE',  ( -25.00000000000003553, 245.0000000000000000, 16.00000000000002487 ) ) ;
#1519 = VECTOR ( 'NONE', #1570, 1000.000000000000000 ) ;
#1520 = ORIENTED_EDGE ( 'NONE', *, *, #1510, .F. ) ;
#1521 = AXIS2_PLACEMENT_3D ( 'NONE', #260, #1492, #1372 ) ;
#1522 = CARTESIAN_POINT ( 'NONE',  ( -69.99999999999998579, 240.0000000000000000, 10.49999999999999822 ) ) ;
#1523 = AXIS2_PLACEMENT_3D ( 'NONE', #910, #58, #550 ) ;
#1524 = VERTEX_POINT ( 'NONE', #1140 ) ;
#1525 = DATE_AND_TIME ( #1190, #818 ) ;
#1526 = ORIENTED_EDGE ( 'NONE', *, *, #13, .F. ) ;
#1527 = DIRECTION ( 'NONE',  ( -0.000000000000000000, -1.000000000000000000, -0.000000000000000000 ) ) ;
#1528 = ORIENTED_EDGE ( 'NONE', *, *, #923, .F. ) ;
#1529 = CARTESIAN_POINT ( 'NONE',  ( -25.00000000000000355, 220.0000000000000000, 16.00000000000002487 ) ) ;
#1530 = LINE ( 'NONE', #652, #112 ) ;
#1531 = EDGE_CURVE ( 'NONE', #1582, #653, #1245, .T. ) ;
#1532 = APPROVAL_ROLE ( '' ) ;
#1533 = ORIENTED_EDGE ( 'NONE', *, *, #1486, .T. ) ;
#1534 = DIRECTION ( 'NONE',  ( -1.000000000000000000, -0.000000000000000000, -0.000000000000000000 ) ) ;
#1535 = CARTESIAN_POINT ( 'NONE',  ( -40.00000000000002132, 186.9999999999999716, -18.00000000000000000 ) ) ;
#1536 = EDGE_CURVE ( 'NONE', #736, #947, #135, .T. ) ;
#1537 = DIRECTION ( 'NONE',  ( -1.349229370204183433E-16, -0.000000000000000000, -1.000000000000000000 ) ) ;
#1538 = VECTOR ( 'NONE', #387, 1000.000000000000000 ) ;
#1539 = ORIENTED_EDGE ( 'NONE', *, *, #120, .F. ) ;
#1540 = VECTOR ( 'NONE', #190, 1000.000000000000000 ) ;
#1541 = DIRECTION ( 'NONE',  ( -1.000000000000000000, -0.000000000000000000, -0.000000000000000000 ) ) ;
#1542 = CIRCLE ( 'NONE', #403, 6.119999999999995666 ) ;
#1543 = VECTOR ( 'NONE', #1422, 1000.000000000000000 ) ;
#1544 = CARTESIAN_POINT ( 'NONE',  ( 0.000000000000000000, 0.000000000000000000, 16.00000000000002487 ) ) ;
#1545 = EDGE_CURVE ( 'NONE', #1072, #1235, #1491, .T. ) ;
#1546 = DIRECTION ( 'NONE',  ( 0.000000000000000000, -0.7071067811865426878, -0.7071067811865524577 ) ) ;
#1547 = DIRECTION ( 'NONE',  ( 1.000000000000000000, 1.224646799147353207E-16, -0.000000000000000000 ) ) ;
#1548 = EDGE_CURVE ( 'NONE', #796, #988, #863, .T. ) ;
#1549 = CARTESIAN_POINT ( 'NONE',  ( -69.99999999999998579, 190.0000000000000000, -10.49999999999999645 ) ) ;
#1550 = CARTESIAN_POINT ( 'NONE',  ( -30.00000000000002487, 185.0000000000000000, -15.99999999999999645 ) ) ;
#1551 = APPROVAL_DATE_TIME ( #679, #1474 ) ;
#1552 = LINE ( 'NONE', #1061, #659 ) ;
#1553 = FACE_OUTER_BOUND ( 'NONE', #1222, .T. ) ;
#1554 = EDGE_CURVE ( 'NONE', #515, #496, #1034, .T. ) ;
#1555 = CARTESIAN_POINT ( 'NONE',  ( -60.00000000000000000, 215.0000000000000000, 5.999999999999991118 ) ) ;
#1556 = VECTOR ( 'NONE', #35, 1000.000000000000000 ) ;
#1557 = CARTESIAN_POINT ( 'NONE',  ( -3.579999999999999183, 10.00000000000000000, -2.749999999999999112 ) ) ;
#1558 = VERTEX_POINT ( 'NONE', #1515 ) ;
#1559 = ADVANCED_FACE ( 'NONE', ( #624 ), #746, .T. ) ;
#1560 = CIRCLE ( 'NONE', #1285, 6.119999999999995666 ) ;
#1561 = CARTESIAN_POINT ( 'NONE',  ( -60.00000000000000000, 215.0000000000000000, 5.999999999999991118 ) ) ;
#1562 = CIRCLE ( 'NONE', #604, 20.00000000000000355 ) ;
#1563 = ORIENTED_EDGE ( 'NONE', *, *, #91, .F. ) ;
#1564 = DIRECTION ( 'NONE',  ( 0.000000000000000000, 0.000000000000000000, -1.000000000000000000 ) ) ;
#1565 = DIRECTION ( 'NONE',  ( -1.000000000000000000, -1.312763711550015960E-16, 0.000000000000000000 ) ) ;
#1566 = ORIENTED_EDGE ( 'NONE', *, *, #1426, .F. ) ;
#1567 = LINE ( 'NONE', #494, #965 ) ;
#1568 = ORIENTED_EDGE ( 'NONE', *, *, #1569, .T. ) ;
#1569 = EDGE_CURVE ( 'NONE', #727, #1118, #270, .T. ) ;
#1570 = DIRECTION ( 'NONE',  ( 1.000000000000000000, 1.224646799147353207E-16, -0.000000000000000000 ) ) ;
#1571 = CARTESIAN_POINT ( 'NONE',  ( 0.000000000000000000, 0.000000000000000000, -18.00000000000000000 ) ) ;
#1572 = ORIENTED_EDGE ( 'NONE', *, *, #1406, .T. ) ;
#1573 = LINE ( 'NONE', #1475, #318 ) ;
#1574 = CYLINDRICAL_SURFACE ( 'NONE', #191, 1.500000000000001332 ) ;
#1575 = ORIENTED_EDGE ( 'NONE', *, *, #295, .T. ) ;
#1576 = DIRECTION ( 'NONE',  ( 0.000000000000000000, 0.000000000000000000, 1.000000000000000000 ) ) ;
#1577 = DIRECTION ( 'NONE',  ( -9.997116727733499279E-18, 1.000000000000000000, 0.000000000000000000 ) ) ;
#1578 = ORIENTED_EDGE ( 'NONE', *, *, #281, .F. ) ;
#1579 = VECTOR ( 'NONE', #872, 1000.000000000000000 ) ;
#1580 = DIRECTION ( 'NONE',  ( -0.000000000000000000, 1.000000000000000000, -0.000000000000000000 ) ) ;
#1581 = CIRCLE ( 'NONE', #319, 11.99999999999998224 ) ;
#1582 = VERTEX_POINT ( 'NONE', #1129 ) ;
#1583 = EDGE_CURVE ( 'NONE', #152, #796, #508, .T. ) ;
#1584 = VECTOR ( 'NONE', #1148, 1000.000000000000114 ) ;
#1585 = LINE ( 'NONE', #1212, #1330 ) ;
#1586 = ORIENTED_EDGE ( 'NONE', *, *, #104, .F. ) ;
#1587 = FACE_OUTER_BOUND ( 'NONE', #247, .T. ) ;
#1588 = EDGE_LOOP ( 'NONE', ( #536, #1200, #1468, #1168 ) ) ;
#1589 = ADVANCED_FACE ( 'NONE', ( #737 ), #1007, .T. ) ;
#1590 = CARTESIAN_POINT ( 'NONE',  ( -73.00000000000001421, 215.0000000000000000, -18.00000000000000000 ) ) ;
#1591 = CARTESIAN_POINT ( 'NONE',  ( -30.00000000000000000, 10.00000000000000000, 0.000000000000000000 ) ) ;
ENDSEC;
END-ISO-10303-21;
